Year,Series,Waste treatment operation,Province,Units,Value
2017,Urban waste collected per capita,,,Kg per capita,520.5
2012,Urban waste collected per capita,,,Kg per capita,501.2
2015,Urban waste collected per capita,,,Kg per capita,501.5
2014,Urban waste collected per capita,,,Kg per capita,510.8
2020,Urban waste collected per capita,,,Kg per capita,492.5
2018,Urban waste collected per capita,,,Kg per capita,535.5
2016,Urban waste collected per capita,,,Kg per capita,514.3
2013,Urban waste collected per capita,,,Kg per capita,498.0
2019,Urban waste collected per capita,,,Kg per capita,513.4
2011,Urban waste collected per capita,,,Kg per capita,463.2
2021,Urban waste collected per capita,,,Kg per capita,515.6
2022,Urban waste collected per capita,,,Kg per capita,503.5
2010,Urban waste collected per capita,,,Kg per capita,491.5
2017,Urban waste collected per capita,,Araba/Álava,Kg per capita,433.4
2018,Urban waste collected per capita,,Araba/Álava,Kg per capita,469.2
2011,Urban waste collected per capita,,Araba/Álava,Kg per capita,441.5
2016,Urban waste collected per capita,,Araba/Álava,Kg per capita,419.3
2013,Urban waste collected per capita,,Araba/Álava,Kg per capita,399.0
2021,Urban waste collected per capita,,Araba/Álava,Kg per capita,420.5
2015,Urban waste collected per capita,,Araba/Álava,Kg per capita,422.5
2020,Urban waste collected per capita,,Araba/Álava,Kg per capita,424.7
2019,Urban waste collected per capita,,Araba/Álava,Kg per capita,428.5
2022,Urban waste collected per capita,,Araba/Álava,Kg per capita,412.5
2010,Urban waste collected per capita,,Araba/Álava,Kg per capita,463.9
2014,Urban waste collected per capita,,Araba/Álava,Kg per capita,408.8
2012,Urban waste collected per capita,,Araba/Álava,Kg per capita,423.5
2021,Urban waste collected per capita,,Bizkaia,Kg per capita,566.1
2012,Urban waste collected per capita,,Bizkaia,Kg per capita,535.2
2017,Urban waste collected per capita,,Bizkaia,Kg per capita,558.2
2018,Urban waste collected per capita,,Bizkaia,Kg per capita,562.7
2019,Urban waste collected per capita,,Bizkaia,Kg per capita,566.5
2010,Urban waste collected per capita,,Bizkaia,Kg per capita,504.0
2014,Urban waste collected per capita,,Bizkaia,Kg per capita,521.5
2020,Urban waste collected per capita,,Bizkaia,Kg per capita,544.0
2022,Urban waste collected per capita,,Bizkaia,Kg per capita,560.6
2013,Urban waste collected per capita,,Bizkaia,Kg per capita,524.0
2011,Urban waste collected per capita,,Bizkaia,Kg per capita,470.9
2015,Urban waste collected per capita,,Bizkaia,Kg per capita,504.4
2016,Urban waste collected per capita,,Bizkaia,Kg per capita,527.7
2022,Urban waste collected per capita,,Gipuzkoa,Kg per capita,454.8
2017,Urban waste collected per capita,,Gipuzkoa,Kg per capita,500.5
2015,Urban waste collected per capita,,Gipuzkoa,Kg per capita,532.7
2016,Urban waste collected per capita,,Gipuzkoa,Kg per capita,535.5
2019,Urban waste collected per capita,,Gipuzkoa,Kg per capita,468.7
2013,Urban waste collected per capita,,Gipuzkoa,Kg per capita,499.0
2012,Urban waste collected per capita,,Gipuzkoa,Kg per capita,481.0
2018,Urban waste collected per capita,,Gipuzkoa,Kg per capita,522.7
2011,Urban waste collected per capita,,Gipuzkoa,Kg per capita,460.4
2014,Urban waste collected per capita,,Gipuzkoa,Kg per capita,539.1
2020,Urban waste collected per capita,,Gipuzkoa,Kg per capita,443.2
2010,Urban waste collected per capita,,Gipuzkoa,Kg per capita,483.5
2021,Urban waste collected per capita,,Gipuzkoa,Kg per capita,479.3
2015,Proportion of municipal waste collected and managed in controlled facilities,,,%,100.0
2018,Proportion of municipal waste collected and managed in controlled facilities,,,%,100.0
2014,Proportion of municipal waste collected and managed in controlled facilities,,,%,100.0
2019,Proportion of municipal waste collected and managed in controlled facilities,,,%,100.0
2017,Proportion of municipal waste collected and managed in controlled facilities,,,%,100.0
2011,Proportion of municipal waste collected and managed in controlled facilities,,,%,100.0
2016,Proportion of municipal waste collected and managed in controlled facilities,,,%,100.0
2020,Proportion of municipal waste collected and managed in controlled facilities,,,%,100.0
2012,Proportion of municipal waste collected and managed in controlled facilities,,,%,100.0
2010,Proportion of municipal waste collected and managed in controlled facilities,,,%,100.0
2021,Proportion of municipal waste collected and managed in controlled facilities,,,%,100.0
2022,Proportion of municipal waste collected and managed in controlled facilities,,,%,100.0
2013,Proportion of municipal waste collected and managed in controlled facilities,,,%,100.0
2021,Proportion of municipal waste collected and managed in controlled facilities,,Araba/Álava,%,100.0
2017,Proportion of municipal waste collected and managed in controlled facilities,,Araba/Álava,%,100.0
2013,Proportion of municipal waste collected and managed in controlled facilities,,Araba/Álava,%,100.0
2020,Proportion of municipal waste collected and managed in controlled facilities,,Araba/Álava,%,100.0
2012,Proportion of municipal waste collected and managed in controlled facilities,,Araba/Álava,%,100.0
2016,Proportion of municipal waste collected and managed in controlled facilities,,Araba/Álava,%,100.0
2019,Proportion of municipal waste collected and managed in controlled facilities,,Araba/Álava,%,100.0
2014,Proportion of municipal waste collected and managed in controlled facilities,,Araba/Álava,%,100.0
2010,Proportion of municipal waste collected and managed in controlled facilities,,Araba/Álava,%,100.0
2022,Proportion of municipal waste collected and managed in controlled facilities,,Araba/Álava,%,100.0
2018,Proportion of municipal waste collected and managed in controlled facilities,,Araba/Álava,%,100.0
2011,Proportion of municipal waste collected and managed in controlled facilities,,Araba/Álava,%,100.0
2015,Proportion of municipal waste collected and managed in controlled facilities,,Araba/Álava,%,100.0
2015,Proportion of municipal waste collected and managed in controlled facilities,,Bizkaia,%,100.0
2016,Proportion of municipal waste collected and managed in controlled facilities,,Bizkaia,%,100.0
2012,Proportion of municipal waste collected and managed in controlled facilities,,Bizkaia,%,100.0
2019,Proportion of municipal waste collected and managed in controlled facilities,,Bizkaia,%,100.0
2013,Proportion of municipal waste collected and managed in controlled facilities,,Bizkaia,%,100.0
2022,Proportion of municipal waste collected and managed in controlled facilities,,Bizkaia,%,100.0
2010,Proportion of municipal waste collected and managed in controlled facilities,,Bizkaia,%,100.0
2017,Proportion of municipal waste collected and managed in controlled facilities,,Bizkaia,%,100.0
2014,Proportion of municipal waste collected and managed in controlled facilities,,Bizkaia,%,100.0
2020,Proportion of municipal waste collected and managed in controlled facilities,,Bizkaia,%,100.0
2018,Proportion of municipal waste collected and managed in controlled facilities,,Bizkaia,%,100.0
2011,Proportion of municipal waste collected and managed in controlled facilities,,Bizkaia,%,100.0
2021,Proportion of municipal waste collected and managed in controlled facilities,,Bizkaia,%,100.0
2012,Proportion of municipal waste collected and managed in controlled facilities,,Gipuzkoa,%,100.0
2020,Proportion of municipal waste collected and managed in controlled facilities,,Gipuzkoa,%,100.0
2022,Proportion of municipal waste collected and managed in controlled facilities,,Gipuzkoa,%,100.0
2013,Proportion of municipal waste collected and managed in controlled facilities,,Gipuzkoa,%,100.0
2019,Proportion of municipal waste collected and managed in controlled facilities,,Gipuzkoa,%,100.0
2014,Proportion of municipal waste collected and managed in controlled facilities,,Gipuzkoa,%,100.0
2015,Proportion of municipal waste collected and managed in controlled facilities,,Gipuzkoa,%,100.0
2011,Proportion of municipal waste collected and managed in controlled facilities,,Gipuzkoa,%,100.0
2010,Proportion of municipal waste collected and managed in controlled facilities,,Gipuzkoa,%,100.0
2017,Proportion of municipal waste collected and managed in controlled facilities,,Gipuzkoa,%,100.0
2016,Proportion of municipal waste collected and managed in controlled facilities,,Gipuzkoa,%,100.0
2021,Proportion of municipal waste collected and managed in controlled facilities,,Gipuzkoa,%,100.0
2018,Proportion of municipal waste collected and managed in controlled facilities,,Gipuzkoa,%,100.0
2016,"Proportion of municipal waste treated, broken down by treatment type",Recycling,,Kg per capita,173.7
2010,"Proportion of municipal waste treated, broken down by treatment type",Recycling,,%,29.5
2016,"Proportion of municipal waste treated, broken down by treatment type",Recycling,,%,33.8
2011,"Proportion of municipal waste treated, broken down by treatment type",Recycling,,%,29.7
2022,"Proportion of municipal waste treated, broken down by treatment type",Recycling,,%,37.9
2020,"Proportion of municipal waste treated, broken down by treatment type",Recycling,,%,38.3
2014,"Proportion of municipal waste treated, broken down by treatment type",Recycling,,%,32.0
2012,"Proportion of municipal waste treated, broken down by treatment type",Recycling,,%,31.6
2012,"Proportion of municipal waste treated, broken down by treatment type",Recycling,,Kg per capita,158.6
2017,"Proportion of municipal waste treated, broken down by treatment type",Recycling,,Kg per capita,179.3
2010,"Proportion of municipal waste treated, broken down by treatment type",Recycling,,Kg per capita,145.0
2021,"Proportion of municipal waste treated, broken down by treatment type",Recycling,,%,36.9
2021,"Proportion of municipal waste treated, broken down by treatment type",Recycling,,Kg per capita,190.0
2015,"Proportion of municipal waste treated, broken down by treatment type",Recycling,,Kg per capita,163.0
2015,"Proportion of municipal waste treated, broken down by treatment type",Recycling,,%,32.5
2011,"Proportion of municipal waste treated, broken down by treatment type",Recycling,,Kg per capita,137.4
2013,"Proportion of municipal waste treated, broken down by treatment type",Recycling,,Kg per capita,191.0
2019,"Proportion of municipal waste treated, broken down by treatment type",Recycling,,%,38.2
2017,"Proportion of municipal waste treated, broken down by treatment type",Recycling,,%,34.5
2019,"Proportion of municipal waste treated, broken down by treatment type",Recycling,,Kg per capita,195.9
2020,"Proportion of municipal waste treated, broken down by treatment type",Recycling,,Kg per capita,188.6
2022,"Proportion of municipal waste treated, broken down by treatment type",Recycling,,Kg per capita,190.7
2018,"Proportion of municipal waste treated, broken down by treatment type",Recycling,,%,35.9
2013,"Proportion of municipal waste treated, broken down by treatment type",Recycling,,%,38.4
2018,"Proportion of municipal waste treated, broken down by treatment type",Recycling,,Kg per capita,192.0
2014,"Proportion of municipal waste treated, broken down by treatment type",Recycling,,Kg per capita,163.4
2018,"Proportion of municipal waste treated, broken down by treatment type",Recycling,Araba/Álava,Kg per capita,130.4
2012,"Proportion of municipal waste treated, broken down by treatment type",Recycling,Araba/Álava,%,20.4
2015,"Proportion of municipal waste treated, broken down by treatment type",Recycling,Araba/Álava,Kg per capita,100.9
2011,"Proportion of municipal waste treated, broken down by treatment type",Recycling,Araba/Álava,%,20.8
2010,"Proportion of municipal waste treated, broken down by treatment type",Recycling,Araba/Álava,%,20.8
2014,"Proportion of municipal waste treated, broken down by treatment type",Recycling,Araba/Álava,Kg per capita,96.0
2022,"Proportion of municipal waste treated, broken down by treatment type",Recycling,Araba/Álava,%,31.4
2020,"Proportion of municipal waste treated, broken down by treatment type",Recycling,Araba/Álava,Kg per capita,127.2
2020,"Proportion of municipal waste treated, broken down by treatment type",Recycling,Araba/Álava,%,30.0
2017,"Proportion of municipal waste treated, broken down by treatment type",Recycling,Araba/Álava,%,25.1
2018,"Proportion of municipal waste treated, broken down by treatment type",Recycling,Araba/Álava,%,27.8
2021,"Proportion of municipal waste treated, broken down by treatment type",Recycling,Araba/Álava,%,31.2
2017,"Proportion of municipal waste treated, broken down by treatment type",Recycling,Araba/Álava,Kg per capita,108.8
2013,"Proportion of municipal waste treated, broken down by treatment type",Recycling,Araba/Álava,Kg per capita,117.0
2016,"Proportion of municipal waste treated, broken down by treatment type",Recycling,Araba/Álava,Kg per capita,110.5
2021,"Proportion of municipal waste treated, broken down by treatment type",Recycling,Araba/Álava,Kg per capita,131.1
2019,"Proportion of municipal waste treated, broken down by treatment type",Recycling,Araba/Álava,Kg per capita,115.9
2010,"Proportion of municipal waste treated, broken down by treatment type",Recycling,Araba/Álava,Kg per capita,96.7
2012,"Proportion of municipal waste treated, broken down by treatment type",Recycling,Araba/Álava,Kg per capita,86.4
2019,"Proportion of municipal waste treated, broken down by treatment type",Recycling,Araba/Álava,%,27.0
2013,"Proportion of municipal waste treated, broken down by treatment type",Recycling,Araba/Álava,%,29.3
2022,"Proportion of municipal waste treated, broken down by treatment type",Recycling,Araba/Álava,Kg per capita,129.5
2016,"Proportion of municipal waste treated, broken down by treatment type",Recycling,Araba/Álava,%,26.3
2015,"Proportion of municipal waste treated, broken down by treatment type",Recycling,Araba/Álava,%,23.9
2014,"Proportion of municipal waste treated, broken down by treatment type",Recycling,Araba/Álava,%,23.5
2011,"Proportion of municipal waste treated, broken down by treatment type",Recycling,Araba/Álava,Kg per capita,92.0
2013,"Proportion of municipal waste treated, broken down by treatment type",Recycling,Bizkaia,%,38.4
2019,"Proportion of municipal waste treated, broken down by treatment type",Recycling,Bizkaia,%,40.4
2021,"Proportion of municipal waste treated, broken down by treatment type",Recycling,Bizkaia,Kg per capita,211.4
2022,"Proportion of municipal waste treated, broken down by treatment type",Recycling,Bizkaia,%,39.0
2015,"Proportion of municipal waste treated, broken down by treatment type",Recycling,Bizkaia,%,33.1
2011,"Proportion of municipal waste treated, broken down by treatment type",Recycling,Bizkaia,%,30.1
2010,"Proportion of municipal waste treated, broken down by treatment type",Recycling,Bizkaia,Kg per capita,151.8
2021,"Proportion of municipal waste treated, broken down by treatment type",Recycling,Bizkaia,%,37.3
2019,"Proportion of municipal waste treated, broken down by treatment type",Recycling,Bizkaia,Kg per capita,228.9
2017,"Proportion of municipal waste treated, broken down by treatment type",Recycling,Bizkaia,%,38.3
2018,"Proportion of municipal waste treated, broken down by treatment type",Recycling,Bizkaia,%,38.6
2022,"Proportion of municipal waste treated, broken down by treatment type",Recycling,Bizkaia,Kg per capita,218.7
2014,"Proportion of municipal waste treated, broken down by treatment type",Recycling,Bizkaia,%,34.5
2020,"Proportion of municipal waste treated, broken down by treatment type",Recycling,Bizkaia,Kg per capita,216.5
2018,"Proportion of municipal waste treated, broken down by treatment type",Recycling,Bizkaia,Kg per capita,217.0
2010,"Proportion of municipal waste treated, broken down by treatment type",Recycling,Bizkaia,%,30.1
2020,"Proportion of municipal waste treated, broken down by treatment type",Recycling,Bizkaia,%,39.8
2012,"Proportion of municipal waste treated, broken down by treatment type",Recycling,Bizkaia,Kg per capita,203.0
2011,"Proportion of municipal waste treated, broken down by treatment type",Recycling,Bizkaia,Kg per capita,141.9
2017,"Proportion of municipal waste treated, broken down by treatment type",Recycling,Bizkaia,Kg per capita,214.0
2015,"Proportion of municipal waste treated, broken down by treatment type",Recycling,Bizkaia,Kg per capita,167.2
2012,"Proportion of municipal waste treated, broken down by treatment type",Recycling,Bizkaia,%,37.9
2014,"Proportion of municipal waste treated, broken down by treatment type",Recycling,Bizkaia,Kg per capita,180.1
2016,"Proportion of municipal waste treated, broken down by treatment type",Recycling,Bizkaia,Kg per capita,187.3
2013,"Proportion of municipal waste treated, broken down by treatment type",Recycling,Bizkaia,Kg per capita,201.0
2016,"Proportion of municipal waste treated, broken down by treatment type",Recycling,Bizkaia,%,35.5
2017,"Proportion of municipal waste treated, broken down by treatment type",Recycling,Gipuzkoa,Kg per capita,158.8
2022,"Proportion of municipal waste treated, broken down by treatment type",Recycling,Gipuzkoa,%,38.4
2019,"Proportion of municipal waste treated, broken down by treatment type",Recycling,Gipuzkoa,%,38.5
2010,"Proportion of municipal waste treated, broken down by treatment type",Recycling,Gipuzkoa,Kg per capita,154.6
2018,"Proportion of municipal waste treated, broken down by treatment type",Recycling,Gipuzkoa,%,34.6
2016,"Proportion of municipal waste treated, broken down by treatment type",Recycling,Gipuzkoa,%,33.7
2021,"Proportion of municipal waste treated, broken down by treatment type",Recycling,Gipuzkoa,%,38.2
2021,"Proportion of municipal waste treated, broken down by treatment type",Recycling,Gipuzkoa,Kg per capita,183.3
2012,"Proportion of municipal waste treated, broken down by treatment type",Recycling,Gipuzkoa,%,24.8
2011,"Proportion of municipal waste treated, broken down by treatment type",Recycling,Gipuzkoa,%,32.6
2020,"Proportion of municipal waste treated, broken down by treatment type",Recycling,Gipuzkoa,%,39.0
2010,"Proportion of municipal waste treated, broken down by treatment type",Recycling,Gipuzkoa,%,32.0
2017,"Proportion of municipal waste treated, broken down by treatment type",Recycling,Gipuzkoa,%,31.7
2015,"Proportion of municipal waste treated, broken down by treatment type",Recycling,Gipuzkoa,%,34.6
2013,"Proportion of municipal waste treated, broken down by treatment type",Recycling,Gipuzkoa,%,41.9
2022,"Proportion of municipal waste treated, broken down by treatment type",Recycling,Gipuzkoa,Kg per capita,174.6
2020,"Proportion of municipal waste treated, broken down by treatment type",Recycling,Gipuzkoa,Kg per capita,172.7
2018,"Proportion of municipal waste treated, broken down by treatment type",Recycling,Gipuzkoa,Kg per capita,180.6
2016,"Proportion of municipal waste treated, broken down by treatment type",Recycling,Gipuzkoa,Kg per capita,180.3
2014,"Proportion of municipal waste treated, broken down by treatment type",Recycling,Gipuzkoa,Kg per capita,166.3
2012,"Proportion of municipal waste treated, broken down by treatment type",Recycling,Gipuzkoa,Kg per capita,119.4
2014,"Proportion of municipal waste treated, broken down by treatment type",Recycling,Gipuzkoa,%,30.8
2013,"Proportion of municipal waste treated, broken down by treatment type",Recycling,Gipuzkoa,Kg per capita,209.0
2019,"Proportion of municipal waste treated, broken down by treatment type",Recycling,Gipuzkoa,Kg per capita,180.3
2011,"Proportion of municipal waste treated, broken down by treatment type",Recycling,Gipuzkoa,Kg per capita,149.9
2015,"Proportion of municipal waste treated, broken down by treatment type",Recycling,Gipuzkoa,Kg per capita,184.4
2020,"Proportion of municipal waste treated, broken down by treatment type",Energy recovery and incineration,,Kg per capita,122.9
2017,"Proportion of municipal waste treated, broken down by treatment type",Energy recovery and incineration,,Kg per capita,107.8
2015,"Proportion of municipal waste treated, broken down by treatment type",Energy recovery and incineration,,Kg per capita,120.5
2021,"Proportion of municipal waste treated, broken down by treatment type",Energy recovery and incineration,,Kg per capita,135.9
2010,"Proportion of municipal waste treated, broken down by treatment type",Energy recovery and incineration,,Kg per capita,94.8
2011,"Proportion of municipal waste treated, broken down by treatment type",Energy recovery and incineration,,Kg per capita,98.7
2018,"Proportion of municipal waste treated, broken down by treatment type",Energy recovery and incineration,,%,19.5
2014,"Proportion of municipal waste treated, broken down by treatment type",Energy recovery and incineration,,%,22.2
2018,"Proportion of municipal waste treated, broken down by treatment type",Energy recovery and incineration,,Kg per capita,104.7
2016,"Proportion of municipal waste treated, broken down by treatment type",Energy recovery and incineration,,Kg per capita,110.3
2013,"Proportion of municipal waste treated, broken down by treatment type",Energy recovery and incineration,,Kg per capita,93.0
2013,"Proportion of municipal waste treated, broken down by treatment type",Energy recovery and incineration,,%,18.7
2020,"Proportion of municipal waste treated, broken down by treatment type",Energy recovery and incineration,,%,25.0
2021,"Proportion of municipal waste treated, broken down by treatment type",Energy recovery and incineration,,%,26.4
2010,"Proportion of municipal waste treated, broken down by treatment type",Energy recovery and incineration,,%,19.3
2015,"Proportion of municipal waste treated, broken down by treatment type",Energy recovery and incineration,,%,24.0
2012,"Proportion of municipal waste treated, broken down by treatment type",Energy recovery and incineration,,%,18.6
2022,"Proportion of municipal waste treated, broken down by treatment type",Energy recovery and incineration,,Kg per capita,136.8
2017,"Proportion of municipal waste treated, broken down by treatment type",Energy recovery and incineration,,%,20.7
2014,"Proportion of municipal waste treated, broken down by treatment type",Energy recovery and incineration,,Kg per capita,113.2
2019,"Proportion of municipal waste treated, broken down by treatment type",Energy recovery and incineration,,%,19.9
2022,"Proportion of municipal waste treated, broken down by treatment type",Energy recovery and incineration,,%,27.2
2012,"Proportion of municipal waste treated, broken down by treatment type",Energy recovery and incineration,,Kg per capita,93.5
2019,"Proportion of municipal waste treated, broken down by treatment type",Energy recovery and incineration,,Kg per capita,102.0
2011,"Proportion of municipal waste treated, broken down by treatment type",Energy recovery and incineration,,%,21.3
2016,"Proportion of municipal waste treated, broken down by treatment type",Energy recovery and incineration,,%,21.4
2018,"Proportion of municipal waste treated, broken down by treatment type",Energy recovery and incineration,Araba/Álava,Kg per capita,23.4
2020,"Proportion of municipal waste treated, broken down by treatment type",Energy recovery and incineration,Araba/Álava,Kg per capita,9.7
2017,"Proportion of municipal waste treated, broken down by treatment type",Energy recovery and incineration,Araba/Álava,Kg per capita,17.1
2014,"Proportion of municipal waste treated, broken down by treatment type",Energy recovery and incineration,Araba/Álava,%,3.0
2012,"Proportion of municipal waste treated, broken down by treatment type",Energy recovery and incineration,Araba/Álava,%,0.0
2021,"Proportion of municipal waste treated, broken down by treatment type",Energy recovery and incineration,Araba/Álava,%,1.4
2015,"Proportion of municipal waste treated, broken down by treatment type",Energy recovery and incineration,Araba/Álava,Kg per capita,14.5
2014,"Proportion of municipal waste treated, broken down by treatment type",Energy recovery and incineration,Araba/Álava,Kg per capita,12.4
2016,"Proportion of municipal waste treated, broken down by treatment type",Energy recovery and incineration,Araba/Álava,Kg per capita,15.2
2022,"Proportion of municipal waste treated, broken down by treatment type",Energy recovery and incineration,Araba/Álava,Kg per capita,4.6
2010,"Proportion of municipal waste treated, broken down by treatment type",Energy recovery and incineration,Araba/Álava,Kg per capita,0.0
2019,"Proportion of municipal waste treated, broken down by treatment type",Energy recovery and incineration,Araba/Álava,%,2.7
2018,"Proportion of municipal waste treated, broken down by treatment type",Energy recovery and incineration,Araba/Álava,%,5.0
2022,"Proportion of municipal waste treated, broken down by treatment type",Energy recovery and incineration,Araba/Álava,%,1.1
2020,"Proportion of municipal waste treated, broken down by treatment type",Energy recovery and incineration,Araba/Álava,%,2.3
2013,"Proportion of municipal waste treated, broken down by treatment type",Energy recovery and incineration,Araba/Álava,%,0.0
2011,"Proportion of municipal waste treated, broken down by treatment type",Energy recovery and incineration,Araba/Álava,%,0.0
2015,"Proportion of municipal waste treated, broken down by treatment type",Energy recovery and incineration,Araba/Álava,%,3.4
2010,"Proportion of municipal waste treated, broken down by treatment type",Energy recovery and incineration,Araba/Álava,%,0.0
2016,"Proportion of municipal waste treated, broken down by treatment type",Energy recovery and incineration,Araba/Álava,%,3.6
2012,"Proportion of municipal waste treated, broken down by treatment type",Energy recovery and incineration,Araba/Álava,Kg per capita,0.0
2011,"Proportion of municipal waste treated, broken down by treatment type",Energy recovery and incineration,Araba/Álava,Kg per capita,0.0
2017,"Proportion of municipal waste treated, broken down by treatment type",Energy recovery and incineration,Araba/Álava,%,4.0
2021,"Proportion of municipal waste treated, broken down by treatment type",Energy recovery and incineration,Araba/Álava,Kg per capita,5.7
2019,"Proportion of municipal waste treated, broken down by treatment type",Energy recovery and incineration,Araba/Álava,Kg per capita,11.4
2013,"Proportion of municipal waste treated, broken down by treatment type",Energy recovery and incineration,Araba/Álava,Kg per capita,0.0
2018,"Proportion of municipal waste treated, broken down by treatment type",Energy recovery and incineration,Bizkaia,%,31.5
2014,"Proportion of municipal waste treated, broken down by treatment type",Energy recovery and incineration,Bizkaia,%,35.8
2022,"Proportion of municipal waste treated, broken down by treatment type",Energy recovery and incineration,Bizkaia,Kg per capita,189.9
2020,"Proportion of municipal waste treated, broken down by treatment type",Energy recovery and incineration,Bizkaia,Kg per capita,186.9
2018,"Proportion of municipal waste treated, broken down by treatment type",Energy recovery and incineration,Bizkaia,Kg per capita,177.3
2012,"Proportion of municipal waste treated, broken down by treatment type",Energy recovery and incineration,Bizkaia,%,33.0
2014,"Proportion of municipal waste treated, broken down by treatment type",Energy recovery and incineration,Bizkaia,Kg per capita,186.9
2012,"Proportion of municipal waste treated, broken down by treatment type",Energy recovery and incineration,Bizkaia,Kg per capita,176.8
2015,"Proportion of municipal waste treated, broken down by treatment type",Energy recovery and incineration,Bizkaia,Kg per capita,203.8
2017,"Proportion of municipal waste treated, broken down by treatment type",Energy recovery and incineration,Bizkaia,Kg per capita,187.5
2011,"Proportion of municipal waste treated, broken down by treatment type",Energy recovery and incineration,Bizkaia,Kg per capita,184.0
2016,"Proportion of municipal waste treated, broken down by treatment type",Energy recovery and incineration,Bizkaia,%,35.1
2021,"Proportion of municipal waste treated, broken down by treatment type",Energy recovery and incineration,Bizkaia,Kg per capita,184.5
2010,"Proportion of municipal waste treated, broken down by treatment type",Energy recovery and incineration,Bizkaia,Kg per capita,179.4
2011,"Proportion of municipal waste treated, broken down by treatment type",Energy recovery and incineration,Bizkaia,%,39.1
2019,"Proportion of municipal waste treated, broken down by treatment type",Energy recovery and incineration,Bizkaia,%,76.8
2016,"Proportion of municipal waste treated, broken down by treatment type",Energy recovery and incineration,Bizkaia,Kg per capita,185.2
2013,"Proportion of municipal waste treated, broken down by treatment type",Energy recovery and incineration,Bizkaia,Kg per capita,178.0
2019,"Proportion of municipal waste treated, broken down by treatment type",Energy recovery and incineration,Bizkaia,Kg per capita,435.2
2020,"Proportion of municipal waste treated, broken down by treatment type",Energy recovery and incineration,Bizkaia,%,34.4
2013,"Proportion of municipal waste treated, broken down by treatment type",Energy recovery and incineration,Bizkaia,%,34.0
2015,"Proportion of municipal waste treated, broken down by treatment type",Energy recovery and incineration,Bizkaia,%,40.4
2010,"Proportion of municipal waste treated, broken down by treatment type",Energy recovery and incineration,Bizkaia,%,35.6
2021,"Proportion of municipal waste treated, broken down by treatment type",Energy recovery and incineration,Bizkaia,%,32.6
2022,"Proportion of municipal waste treated, broken down by treatment type",Energy recovery and incineration,Bizkaia,%,33.9
2017,"Proportion of municipal waste treated, broken down by treatment type",Energy recovery and incineration,Bizkaia,%,33.6
2022,"Proportion of municipal waste treated, broken down by treatment type",Energy recovery and incineration,Gipuzkoa,Kg per capita,32.0
2013,"Proportion of municipal waste treated, broken down by treatment type",Energy recovery and incineration,Gipuzkoa,%,0.0
2021,"Proportion of municipal waste treated, broken down by treatment type",Energy recovery and incineration,Gipuzkoa,%,7.1
2019,"Proportion of municipal waste treated, broken down by treatment type",Energy recovery and incineration,Gipuzkoa,%,0.9
2017,"Proportion of municipal waste treated, broken down by treatment type",Energy recovery and incineration,Gipuzkoa,%,5.1
2020,"Proportion of municipal waste treated, broken down by treatment type",Energy recovery and incineration,Gipuzkoa,%,9.1
2015,"Proportion of municipal waste treated, broken down by treatment type",Energy recovery and incineration,Gipuzkoa,%,6.6
2022,"Proportion of municipal waste treated, broken down by treatment type",Energy recovery and incineration,Gipuzkoa,%,7.0
2016,"Proportion of municipal waste treated, broken down by treatment type",Energy recovery and incineration,Gipuzkoa,%,6.6
2011,"Proportion of municipal waste treated, broken down by treatment type",Energy recovery and incineration,Gipuzkoa,%,0.0
2012,"Proportion of municipal waste treated, broken down by treatment type",Energy recovery and incineration,Gipuzkoa,%,0.0
2020,"Proportion of municipal waste treated, broken down by treatment type",Energy recovery and incineration,Gipuzkoa,Kg per capita,40.4
2018,"Proportion of municipal waste treated, broken down by treatment type",Energy recovery and incineration,Gipuzkoa,Kg per capita,27.7
2014,"Proportion of municipal waste treated, broken down by treatment type",Energy recovery and incineration,Gipuzkoa,%,7.1
2021,"Proportion of municipal waste treated, broken down by treatment type",Energy recovery and incineration,Gipuzkoa,Kg per capita,34.1
2016,"Proportion of municipal waste treated, broken down by treatment type",Energy recovery and incineration,Gipuzkoa,Kg per capita,35.3
2017,"Proportion of municipal waste treated, broken down by treatment type",Energy recovery and incineration,Gipuzkoa,Kg per capita,25.5
2018,"Proportion of municipal waste treated, broken down by treatment type",Energy recovery and incineration,Gipuzkoa,%,5.3
2012,"Proportion of municipal waste treated, broken down by treatment type",Energy recovery and incineration,Gipuzkoa,Kg per capita,0.0
2014,"Proportion of municipal waste treated, broken down by treatment type",Energy recovery and incineration,Gipuzkoa,Kg per capita,38.3
2010,"Proportion of municipal waste treated, broken down by treatment type",Energy recovery and incineration,Gipuzkoa,Kg per capita,0.0
2019,"Proportion of municipal waste treated, broken down by treatment type",Energy recovery and incineration,Gipuzkoa,Kg per capita,4.4
2013,"Proportion of municipal waste treated, broken down by treatment type",Energy recovery and incineration,Gipuzkoa,Kg per capita,0.0
2011,"Proportion of municipal waste treated, broken down by treatment type",Energy recovery and incineration,Gipuzkoa,Kg per capita,0.0
2015,"Proportion of municipal waste treated, broken down by treatment type",Energy recovery and incineration,Gipuzkoa,Kg per capita,34.9
2010,"Proportion of municipal waste treated, broken down by treatment type",Energy recovery and incineration,Gipuzkoa,%,0.0
2021,"Proportion of municipal waste treated, broken down by treatment type",Composting,,Kg per capita,36.8
2015,"Proportion of municipal waste treated, broken down by treatment type",Composting,,%,4.3
2013,"Proportion of municipal waste treated, broken down by treatment type",Composting,,%,2.2
2011,"Proportion of municipal waste treated, broken down by treatment type",Composting,,%,2.0
2017,"Proportion of municipal waste treated, broken down by treatment type",Composting,,%,5.1
2020,"Proportion of municipal waste treated, broken down by treatment type",Composting,,%,7.2
2015,"Proportion of municipal waste treated, broken down by treatment type",Composting,,Kg per capita,21.3
2011,"Proportion of municipal waste treated, broken down by treatment type",Composting,,Kg per capita,9.2
2018,"Proportion of municipal waste treated, broken down by treatment type",Composting,,Kg per capita,31.3
2012,"Proportion of municipal waste treated, broken down by treatment type",Composting,,%,1.8
2016,"Proportion of municipal waste treated, broken down by treatment type",Composting,,%,4.7
2014,"Proportion of municipal waste treated, broken down by treatment type",Composting,,Kg per capita,18.2
2020,"Proportion of municipal waste treated, broken down by treatment type",Composting,,Kg per capita,35.4
2010,"Proportion of municipal waste treated, broken down by treatment type",Composting,,Kg per capita,8.4
2012,"Proportion of municipal waste treated, broken down by treatment type",Composting,,Kg per capita,9.0
2013,"Proportion of municipal waste treated, broken down by treatment type",Composting,,Kg per capita,11.0
2018,"Proportion of municipal waste treated, broken down by treatment type",Composting,,%,5.8
2010,"Proportion of municipal waste treated, broken down by treatment type",Composting,,%,1.7
2017,"Proportion of municipal waste treated, broken down by treatment type",Composting,,Kg per capita,26.4
2019,"Proportion of municipal waste treated, broken down by treatment type",Composting,,Kg per capita,34.4
2022,"Proportion of municipal waste treated, broken down by treatment type",Composting,,Kg per capita,38.1
2016,"Proportion of municipal waste treated, broken down by treatment type",Composting,,Kg per capita,24.3
2022,"Proportion of municipal waste treated, broken down by treatment type",Composting,,%,7.6
2019,"Proportion of municipal waste treated, broken down by treatment type",Composting,,%,6.7
2014,"Proportion of municipal waste treated, broken down by treatment type",Composting,,%,3.6
2021,"Proportion of municipal waste treated, broken down by treatment type",Composting,,%,7.1
2016,"Proportion of municipal waste treated, broken down by treatment type",Composting,Araba/Álava,%,2.9
2022,"Proportion of municipal waste treated, broken down by treatment type",Composting,Araba/Álava,%,8.0
2022,"Proportion of municipal waste treated, broken down by treatment type",Composting,Araba/Álava,Kg per capita,32.8
2012,"Proportion of municipal waste treated, broken down by treatment type",Composting,Araba/Álava,%,2.9
2018,"Proportion of municipal waste treated, broken down by treatment type",Composting,Araba/Álava,Kg per capita,16.7
2020,"Proportion of municipal waste treated, broken down by treatment type",Composting,Araba/Álava,%,5.3
2018,"Proportion of municipal waste treated, broken down by treatment type",Composting,Araba/Álava,%,3.6
2011,"Proportion of municipal waste treated, broken down by treatment type",Composting,Araba/Álava,%,2.9
2017,"Proportion of municipal waste treated, broken down by treatment type",Composting,Araba/Álava,%,2.3
2015,"Proportion of municipal waste treated, broken down by treatment type",Composting,Araba/Álava,%,2.2
2019,"Proportion of municipal waste treated, broken down by treatment type",Composting,Araba/Álava,Kg per capita,25.4
2020,"Proportion of municipal waste treated, broken down by treatment type",Composting,Araba/Álava,Kg per capita,22.6
2014,"Proportion of municipal waste treated, broken down by treatment type",Composting,Araba/Álava,Kg per capita,8.0
2021,"Proportion of municipal waste treated, broken down by treatment type",Composting,Araba/Álava,Kg per capita,19.9
2017,"Proportion of municipal waste treated, broken down by treatment type",Composting,Araba/Álava,Kg per capita,10.1
2019,"Proportion of municipal waste treated, broken down by treatment type",Composting,Araba/Álava,%,5.9
2010,"Proportion of municipal waste treated, broken down by treatment type",Composting,Araba/Álava,%,3.0
2010,"Proportion of municipal waste treated, broken down by treatment type",Composting,Araba/Álava,Kg per capita,14.0
2015,"Proportion of municipal waste treated, broken down by treatment type",Composting,Araba/Álava,Kg per capita,9.5
2021,"Proportion of municipal waste treated, broken down by treatment type",Composting,Araba/Álava,%,4.7
2014,"Proportion of municipal waste treated, broken down by treatment type",Composting,Araba/Álava,%,2.0
2016,"Proportion of municipal waste treated, broken down by treatment type",Composting,Araba/Álava,Kg per capita,12.0
2011,"Proportion of municipal waste treated, broken down by treatment type",Composting,Araba/Álava,Kg per capita,13.0
2013,"Proportion of municipal waste treated, broken down by treatment type",Composting,Araba/Álava,Kg per capita,0.0
2012,"Proportion of municipal waste treated, broken down by treatment type",Composting,Araba/Álava,Kg per capita,12.1
2013,"Proportion of municipal waste treated, broken down by treatment type",Composting,Araba/Álava,%,0.0
2015,"Proportion of municipal waste treated, broken down by treatment type",Composting,Bizkaia,%,0.9
2013,"Proportion of municipal waste treated, broken down by treatment type",Composting,Bizkaia,Kg per capita,4.0
2017,"Proportion of municipal waste treated, broken down by treatment type",Composting,Bizkaia,Kg per capita,6.7
2021,"Proportion of municipal waste treated, broken down by treatment type",Composting,Bizkaia,%,2.6
2011,"Proportion of municipal waste treated, broken down by treatment type",Composting,Bizkaia,Kg per capita,4.3
2022,"Proportion of municipal waste treated, broken down by treatment type",Composting,Bizkaia,%,3.0
2013,"Proportion of municipal waste treated, broken down by treatment type",Composting,Bizkaia,%,0.8
2019,"Proportion of municipal waste treated, broken down by treatment type",Composting,Bizkaia,%,1.9
2017,"Proportion of municipal waste treated, broken down by treatment type",Composting,Bizkaia,%,1.2
2010,"Proportion of municipal waste treated, broken down by treatment type",Composting,Bizkaia,Kg per capita,2.3
2012,"Proportion of municipal waste treated, broken down by treatment type",Composting,Bizkaia,Kg per capita,1.9
2018,"Proportion of municipal waste treated, broken down by treatment type",Composting,Bizkaia,%,1.6
2020,"Proportion of municipal waste treated, broken down by treatment type",Composting,Bizkaia,%,2.1
2022,"Proportion of municipal waste treated, broken down by treatment type",Composting,Bizkaia,Kg per capita,16.7
2014,"Proportion of municipal waste treated, broken down by treatment type",Composting,Bizkaia,%,0.9
2015,"Proportion of municipal waste treated, broken down by treatment type",Composting,Bizkaia,Kg per capita,4.6
2011,"Proportion of municipal waste treated, broken down by treatment type",Composting,Bizkaia,%,0.9
2020,"Proportion of municipal waste treated, broken down by treatment type",Composting,Bizkaia,Kg per capita,11.7
2021,"Proportion of municipal waste treated, broken down by treatment type",Composting,Bizkaia,Kg per capita,14.9
2010,"Proportion of municipal waste treated, broken down by treatment type",Composting,Bizkaia,%,0.5
2019,"Proportion of municipal waste treated, broken down by treatment type",Composting,Bizkaia,Kg per capita,10.9
2016,"Proportion of municipal waste treated, broken down by treatment type",Composting,Bizkaia,Kg per capita,5.6
2018,"Proportion of municipal waste treated, broken down by treatment type",Composting,Bizkaia,Kg per capita,9.0
2016,"Proportion of municipal waste treated, broken down by treatment type",Composting,Bizkaia,%,1.1
2012,"Proportion of municipal waste treated, broken down by treatment type",Composting,Bizkaia,%,0.4
2014,"Proportion of municipal waste treated, broken down by treatment type",Composting,Bizkaia,Kg per capita,4.8
2020,"Proportion of municipal waste treated, broken down by treatment type",Composting,Gipuzkoa,%,17.4
2019,"Proportion of municipal waste treated, broken down by treatment type",Composting,Gipuzkoa,%,16.0
2017,"Proportion of municipal waste treated, broken down by treatment type",Composting,Gipuzkoa,%,12.9
2016,"Proportion of municipal waste treated, broken down by treatment type",Composting,Gipuzkoa,%,11.0
2013,"Proportion of municipal waste treated, broken down by treatment type",Composting,Gipuzkoa,%,5.6
2018,"Proportion of municipal waste treated, broken down by treatment type",Composting,Gipuzkoa,Kg per capita,72.4
2014,"Proportion of municipal waste treated, broken down by treatment type",Composting,Gipuzkoa,%,8.3
2012,"Proportion of municipal waste treated, broken down by treatment type",Composting,Gipuzkoa,%,4.0
2022,"Proportion of municipal waste treated, broken down by treatment type",Composting,Gipuzkoa,%,16.4
2011,"Proportion of municipal waste treated, broken down by treatment type",Composting,Gipuzkoa,%,3.3
2015,"Proportion of municipal waste treated, broken down by treatment type",Composting,Gipuzkoa,%,10.0
2010,"Proportion of municipal waste treated, broken down by treatment type",Composting,Gipuzkoa,Kg per capita,16.2
2018,"Proportion of municipal waste treated, broken down by treatment type",Composting,Gipuzkoa,%,13.8
2021,"Proportion of municipal waste treated, broken down by treatment type",Composting,Gipuzkoa,Kg per capita,79.3
2020,"Proportion of municipal waste treated, broken down by treatment type",Composting,Gipuzkoa,Kg per capita,77.3
2022,"Proportion of municipal waste treated, broken down by treatment type",Composting,Gipuzkoa,Kg per capita,74.5
2021,"Proportion of municipal waste treated, broken down by treatment type",Composting,Gipuzkoa,%,16.6
2010,"Proportion of municipal waste treated, broken down by treatment type",Composting,Gipuzkoa,%,3.4
2015,"Proportion of municipal waste treated, broken down by treatment type",Composting,Gipuzkoa,Kg per capita,53.5
2012,"Proportion of municipal waste treated, broken down by treatment type",Composting,Gipuzkoa,Kg per capita,19.0
2019,"Proportion of municipal waste treated, broken down by treatment type",Composting,Gipuzkoa,Kg per capita,75.0
2014,"Proportion of municipal waste treated, broken down by treatment type",Composting,Gipuzkoa,Kg per capita,44.6
2017,"Proportion of municipal waste treated, broken down by treatment type",Composting,Gipuzkoa,Kg per capita,64.4
2016,"Proportion of municipal waste treated, broken down by treatment type",Composting,Gipuzkoa,Kg per capita,59.0
2013,"Proportion of municipal waste treated, broken down by treatment type",Composting,Gipuzkoa,Kg per capita,28.0
2011,"Proportion of municipal waste treated, broken down by treatment type",Composting,Gipuzkoa,Kg per capita,15.4
2013,"Proportion of municipal waste treated, broken down by treatment type",Landfill,,Kg per capita,202.0
2010,"Proportion of municipal waste treated, broken down by treatment type",Landfill,,%,49.5
2013,"Proportion of municipal waste treated, broken down by treatment type",Landfill,,%,40.6
2016,"Proportion of municipal waste treated, broken down by treatment type",Landfill,,Kg per capita,170.5
2012,"Proportion of municipal waste treated, broken down by treatment type",Landfill,,%,47.9
2020,"Proportion of municipal waste treated, broken down by treatment type",Landfill,,Kg per capita,93.2
2012,"Proportion of municipal waste treated, broken down by treatment type",Landfill,,Kg per capita,240.1
2014,"Proportion of municipal waste treated, broken down by treatment type",Landfill,,Kg per capita,188.9
2020,"Proportion of municipal waste treated, broken down by treatment type",Landfill,,%,18.9
2018,"Proportion of municipal waste treated, broken down by treatment type",Landfill,,Kg per capita,168.1
2019,"Proportion of municipal waste treated, broken down by treatment type",Landfill,,Kg per capita,142.2
2021,"Proportion of municipal waste treated, broken down by treatment type",Landfill,,%,20.3
2015,"Proportion of municipal waste treated, broken down by treatment type",Landfill,,Kg per capita,160.7
2022,"Proportion of municipal waste treated, broken down by treatment type",Landfill,,%,17.7
2022,"Proportion of municipal waste treated, broken down by treatment type",Landfill,,Kg per capita,89.3
2017,"Proportion of municipal waste treated, broken down by treatment type",Landfill,,%,31.7
2014,"Proportion of municipal waste treated, broken down by treatment type",Landfill,,%,37.0
2015,"Proportion of municipal waste treated, broken down by treatment type",Landfill,,%,32.0
2011,"Proportion of municipal waste treated, broken down by treatment type",Landfill,,%,48.9
2010,"Proportion of municipal waste treated, broken down by treatment type",Landfill,,Kg per capita,243.3
2011,"Proportion of municipal waste treated, broken down by treatment type",Landfill,,Kg per capita,226.4
2018,"Proportion of municipal waste treated, broken down by treatment type",Landfill,,%,31.4
2016,"Proportion of municipal waste treated, broken down by treatment type",Landfill,,%,33.2
2017,"Proportion of municipal waste treated, broken down by treatment type",Landfill,,Kg per capita,165.2
2019,"Proportion of municipal waste treated, broken down by treatment type",Landfill,,%,27.7
2021,"Proportion of municipal waste treated, broken down by treatment type",Landfill,,Kg per capita,104.8
2017,"Proportion of municipal waste treated, broken down by treatment type",Landfill,Araba/Álava,Kg per capita,187.2
2010,"Proportion of municipal waste treated, broken down by treatment type",Landfill,Araba/Álava,Kg per capita,353.2
2011,"Proportion of municipal waste treated, broken down by treatment type",Landfill,Araba/Álava,Kg per capita,337.8
2012,"Proportion of municipal waste treated, broken down by treatment type",Landfill,Araba/Álava,Kg per capita,325.1
2019,"Proportion of municipal waste treated, broken down by treatment type",Landfill,Araba/Álava,Kg per capita,217.4
2010,"Proportion of municipal waste treated, broken down by treatment type",Landfill,Araba/Álava,%,76.1
2017,"Proportion of municipal waste treated, broken down by treatment type",Landfill,Araba/Álava,%,43.2
2020,"Proportion of municipal waste treated, broken down by treatment type",Landfill,Araba/Álava,%,51.2
2011,"Proportion of municipal waste treated, broken down by treatment type",Landfill,Araba/Álava,%,76.5
2018,"Proportion of municipal waste treated, broken down by treatment type",Landfill,Araba/Álava,Kg per capita,212.7
2013,"Proportion of municipal waste treated, broken down by treatment type",Landfill,Araba/Álava,%,70.9
2022,"Proportion of municipal waste treated, broken down by treatment type",Landfill,Araba/Álava,%,48.1
2018,"Proportion of municipal waste treated, broken down by treatment type",Landfill,Araba/Álava,%,45.3
2014,"Proportion of municipal waste treated, broken down by treatment type",Landfill,Araba/Álava,%,52.9
2021,"Proportion of municipal waste treated, broken down by treatment type",Landfill,Araba/Álava,%,52.7
2015,"Proportion of municipal waste treated, broken down by treatment type",Landfill,Araba/Álava,%,43.9
2015,"Proportion of municipal waste treated, broken down by treatment type",Landfill,Araba/Álava,Kg per capita,185.6
2022,"Proportion of municipal waste treated, broken down by treatment type",Landfill,Araba/Álava,Kg per capita,198.6
2020,"Proportion of municipal waste treated, broken down by treatment type",Landfill,Araba/Álava,Kg per capita,217.4
2013,"Proportion of municipal waste treated, broken down by treatment type",Landfill,Araba/Álava,Kg per capita,283.0
2016,"Proportion of municipal waste treated, broken down by treatment type",Landfill,Araba/Álava,Kg per capita,161.4
2016,"Proportion of municipal waste treated, broken down by treatment type",Landfill,Araba/Álava,%,38.5
2014,"Proportion of municipal waste treated, broken down by treatment type",Landfill,Araba/Álava,Kg per capita,216.1
2021,"Proportion of municipal waste treated, broken down by treatment type",Landfill,Araba/Álava,Kg per capita,221.6
2019,"Proportion of municipal waste treated, broken down by treatment type",Landfill,Araba/Álava,%,50.7
2012,"Proportion of municipal waste treated, broken down by treatment type",Landfill,Araba/Álava,%,76.8
2019,"Proportion of municipal waste treated, broken down by treatment type",Landfill,Bizkaia,Kg per capita,100.6
2012,"Proportion of municipal waste treated, broken down by treatment type",Landfill,Bizkaia,Kg per capita,153.4
2010,"Proportion of municipal waste treated, broken down by treatment type",Landfill,Bizkaia,Kg per capita,170.5
2015,"Proportion of municipal waste treated, broken down by treatment type",Landfill,Bizkaia,Kg per capita,96.0
2012,"Proportion of municipal waste treated, broken down by treatment type",Landfill,Bizkaia,%,28.7
2011,"Proportion of municipal waste treated, broken down by treatment type",Landfill,Bizkaia,Kg per capita,147.9
2017,"Proportion of municipal waste treated, broken down by treatment type",Landfill,Bizkaia,Kg per capita,109.2
2016,"Proportion of municipal waste treated, broken down by treatment type",Landfill,Bizkaia,%,22.7
2013,"Proportion of municipal waste treated, broken down by treatment type",Landfill,Bizkaia,Kg per capita,141.0
2021,"Proportion of municipal waste treated, broken down by treatment type",Landfill,Bizkaia,Kg per capita,115.4
2021,"Proportion of municipal waste treated, broken down by treatment type",Landfill,Bizkaia,%,20.4
2019,"Proportion of municipal waste treated, broken down by treatment type",Landfill,Bizkaia,%,17.8
2017,"Proportion of municipal waste treated, broken down by treatment type",Landfill,Bizkaia,%,19.6
2022,"Proportion of municipal waste treated, broken down by treatment type",Landfill,Bizkaia,%,16.7
2015,"Proportion of municipal waste treated, broken down by treatment type",Landfill,Bizkaia,%,19.0
2013,"Proportion of municipal waste treated, broken down by treatment type",Landfill,Bizkaia,%,26.9
2018,"Proportion of municipal waste treated, broken down by treatment type",Landfill,Bizkaia,%,20.1
2011,"Proportion of municipal waste treated, broken down by treatment type",Landfill,Bizkaia,%,31.4
2022,"Proportion of municipal waste treated, broken down by treatment type",Landfill,Bizkaia,Kg per capita,93.6
2014,"Proportion of municipal waste treated, broken down by treatment type",Landfill,Bizkaia,%,23.7
2020,"Proportion of municipal waste treated, broken down by treatment type",Landfill,Bizkaia,Kg per capita,91.8
2018,"Proportion of municipal waste treated, broken down by treatment type",Landfill,Bizkaia,Kg per capita,113.2
2010,"Proportion of municipal waste treated, broken down by treatment type",Landfill,Bizkaia,%,33.8
2016,"Proportion of municipal waste treated, broken down by treatment type",Landfill,Bizkaia,Kg per capita,119.7
2020,"Proportion of municipal waste treated, broken down by treatment type",Landfill,Bizkaia,%,16.9
2014,"Proportion of municipal waste treated, broken down by treatment type",Landfill,Bizkaia,Kg per capita,123.7
2021,"Proportion of municipal waste treated, broken down by treatment type",Landfill,Gipuzkoa,%,7.1
2019,"Proportion of municipal waste treated, broken down by treatment type",Landfill,Gipuzkoa,%,37.0
2016,"Proportion of municipal waste treated, broken down by treatment type",Landfill,Gipuzkoa,%,47.4
2020,"Proportion of municipal waste treated, broken down by treatment type",Landfill,Gipuzkoa,%,9.1
2015,"Proportion of municipal waste treated, broken down by treatment type",Landfill,Gipuzkoa,%,47.5
2020,"Proportion of municipal waste treated, broken down by treatment type",Landfill,Gipuzkoa,Kg per capita,40.4
2011,"Proportion of municipal waste treated, broken down by treatment type",Landfill,Gipuzkoa,%,66.1
2018,"Proportion of municipal waste treated, broken down by treatment type",Landfill,Gipuzkoa,Kg per capita,233.9
2022,"Proportion of municipal waste treated, broken down by treatment type",Landfill,Gipuzkoa,%,7.0
2021,"Proportion of municipal waste treated, broken down by treatment type",Landfill,Gipuzkoa,Kg per capita,34.1
2016,"Proportion of municipal waste treated, broken down by treatment type",Landfill,Gipuzkoa,Kg per capita,254.0
2014,"Proportion of municipal waste treated, broken down by treatment type",Landfill,Gipuzkoa,Kg per capita,283.1
2012,"Proportion of municipal waste treated, broken down by treatment type",Landfill,Gipuzkoa,Kg per capita,342.6
2014,"Proportion of municipal waste treated, broken down by treatment type",Landfill,Gipuzkoa,%,52.5
2017,"Proportion of municipal waste treated, broken down by treatment type",Landfill,Gipuzkoa,Kg per capita,244.5
2017,"Proportion of municipal waste treated, broken down by treatment type",Landfill,Gipuzkoa,%,48.8
2022,"Proportion of municipal waste treated, broken down by treatment type",Landfill,Gipuzkoa,Kg per capita,32.0
2010,"Proportion of municipal waste treated, broken down by treatment type",Landfill,Gipuzkoa,Kg per capita,312.7
2013,"Proportion of municipal waste treated, broken down by treatment type",Landfill,Gipuzkoa,Kg per capita,263.0
2019,"Proportion of municipal waste treated, broken down by treatment type",Landfill,Gipuzkoa,Kg per capita,173.4
2012,"Proportion of municipal waste treated, broken down by treatment type",Landfill,Gipuzkoa,%,71.2
2011,"Proportion of municipal waste treated, broken down by treatment type",Landfill,Gipuzkoa,Kg per capita,304.5
2010,"Proportion of municipal waste treated, broken down by treatment type",Landfill,Gipuzkoa,%,64.7
2018,"Proportion of municipal waste treated, broken down by treatment type",Landfill,Gipuzkoa,%,44.8
2013,"Proportion of municipal waste treated, broken down by treatment type",Landfill,Gipuzkoa,%,52.7
2015,"Proportion of municipal waste treated, broken down by treatment type",Landfill,Gipuzkoa,Kg per capita,253.2
