Year,Public services,Sex,Province,Units,Value
2018,,,,PT,57.4
2017,,,,PT,57.4
2019,,,,PT,57.3
2013,,,,PT,40.2
2020,,,,PT,54.1
2023,,,,PT,56.8
2022,,,,PT,51.0
2015,,,,PT,46.3
2014,,,,PT,41.2
2016,,,,PT,50.4
2011,,,,PT,47.7
2012,,,,PT,50.3
2021,,,,PT,55.1
2022,,,Araba/Álava,PT,42.7
2017,,,Araba/Álava,PT,60.5
2019,,,Araba/Álava,PT,54.8
2016,,,Araba/Álava,PT,49.6
2021,,,Araba/Álava,PT,48.2
2023,,,Araba/Álava,PT,55.7
2020,,,Araba/Álava,PT,47.3
2018,,,Araba/Álava,PT,56.0
2022,,,Bizkaia,PT,54.9
2018,,,Bizkaia,PT,55.7
2017,,,Bizkaia,PT,50.4
2020,,,Bizkaia,PT,56.9
2016,,,Bizkaia,PT,45.0
2021,,,Bizkaia,PT,57.9
2019,,,Bizkaia,PT,51.2
2023,,,Bizkaia,PT,53.1
2017,,,Gipuzkoa,PT,62.1
2019,,,Gipuzkoa,PT,61.6
2022,,,Gipuzkoa,PT,51.0
2018,,,Gipuzkoa,PT,59.8
2023,,,Gipuzkoa,PT,59.4
2021,,,Gipuzkoa,PT,54.8
2016,,,Gipuzkoa,PT,55.9
2020,,,Gipuzkoa,PT,54.9
2022,,F,,PT,49.1
2017,,F,,PT,57.0
2016,,F,,PT,46.6
2021,,F,,PT,53.1
2023,,F,,PT,54.8
2019,,F,,PT,54.6
2018,,F,,PT,54.5
2020,,F,,PT,50.2
2017,,F,Araba/Álava,PT,56.2
2020,,F,Araba/Álava,PT,44.6
2021,,F,Araba/Álava,PT,32.2
2018,,F,Araba/Álava,PT,58.0
2023,,F,Araba/Álava,PT,56.8
2022,,F,Araba/Álava,PT,41.2
2019,,F,Araba/Álava,PT,52.2
2016,,F,Araba/Álava,PT,48.0
2022,,F,Bizkaia,PT,54.7
2019,,F,Bizkaia,PT,45.0
2017,,F,Bizkaia,PT,47.6
2021,,F,Bizkaia,PT,55.5
2018,,F,Bizkaia,PT,49.1
2016,,F,Bizkaia,PT,36.8
2023,,F,Bizkaia,PT,48.4
2020,,F,Bizkaia,PT,52.2
2020,,F,Gipuzkoa,PT,51.6
2023,,F,Gipuzkoa,PT,58.6
2017,,F,Gipuzkoa,PT,67.3
2022,,F,Gipuzkoa,PT,47.6
2018,,F,Gipuzkoa,PT,58.5
2021,,F,Gipuzkoa,PT,54.0
2019,,F,Gipuzkoa,PT,61.4
2016,,F,Gipuzkoa,PT,55.2
2022,,M,,PT,52.8
2017,,M,,PT,57.8
2023,,M,,PT,59.0
2021,,M,,PT,57.5
2016,,M,,PT,54.6
2018,,M,,PT,59.9
2020,,M,,PT,58.3
2019,,M,,PT,60.3
2021,,M,Araba/Álava,PT,57.9
2016,,M,Araba/Álava,PT,51.1
2023,,M,Araba/Álava,PT,55.0
2022,,M,Araba/Álava,PT,44.4
2019,,M,Araba/Álava,PT,56.8
2017,,M,Araba/Álava,PT,63.9
2018,,M,Araba/Álava,PT,53.8
2020,,M,Araba/Álava,PT,51.1
2016,,M,Bizkaia,PT,53.7
2022,,M,Bizkaia,PT,55.8
2017,,M,Bizkaia,PT,54.0
2020,,M,Bizkaia,PT,61.0
2018,,M,Bizkaia,PT,60.8
2023,,M,Bizkaia,PT,60.0
2019,,M,Bizkaia,PT,59.0
2021,,M,Bizkaia,PT,61.3
2020,,M,Gipuzkoa,PT,58.6
2021,,M,Gipuzkoa,PT,55.6
2017,,M,Gipuzkoa,PT,57.4
2022,,M,Gipuzkoa,PT,53.7
2018,,M,Gipuzkoa,PT,61.1
2023,,M,Gipuzkoa,PT,60.5
2019,,M,Gipuzkoa,PT,62.0
2016,,M,Gipuzkoa,PT,56.9
2018,Teaching,,,PT,70.9
2013,Teaching,,,PT,45.5
2016,Teaching,,,PT,60.0
2023,Teaching,,,PT,65.3
2022,Teaching,,,PT,60.9
2020,Teaching,,,PT,56.5
2015,Teaching,,,PT,59.4
2014,Teaching,,,PT,54.0
2012,Teaching,,,PT,66.0
2019,Teaching,,,PT,72.2
2011,Teaching,,,PT,66.7
2021,Teaching,,,PT,54.4
2017,Teaching,,,PT,69.5
2020,Teaching,,Araba/Álava,PT,33.3
2017,Teaching,,Araba/Álava,PT,60.0
2018,Teaching,,Araba/Álava,PT,76.5
2021,Teaching,,Araba/Álava,PT,61.2
2016,Teaching,,Araba/Álava,PT,77.8
2023,Teaching,,Araba/Álava,PT,57.0
2019,Teaching,,Araba/Álava,PT,41.7
2022,Teaching,,Araba/Álava,PT,42.0
2019,Teaching,,Bizkaia,PT,69.0
2023,Teaching,,Bizkaia,PT,66.2
2017,Teaching,,Bizkaia,PT,72.2
2021,Teaching,,Bizkaia,PT,53.2
2018,Teaching,,Bizkaia,PT,58.3
2016,Teaching,,Bizkaia,PT,48.8
2022,Teaching,,Bizkaia,PT,63.9
2020,Teaching,,Bizkaia,PT,58.8
2017,Teaching,,Gipuzkoa,PT,72.7
2018,Teaching,,Gipuzkoa,PT,82.2
2016,Teaching,,Gipuzkoa,PT,63.6
2022,Teaching,,Gipuzkoa,PT,64.4
2019,Teaching,,Gipuzkoa,PT,80.3
2023,Teaching,,Gipuzkoa,PT,67.7
2020,Teaching,,Gipuzkoa,PT,66.0
2021,Teaching,,Gipuzkoa,PT,53.9
2022,Teaching,F,,PT,63.0
2019,Teaching,F,,PT,68.9
2021,Teaching,F,,PT,59.6
2023,Teaching,F,,PT,67.2
2018,Teaching,F,,PT,70.4
2017,Teaching,F,,PT,70.6
2016,Teaching,F,,PT,51.9
2020,Teaching,F,,PT,50.7
2021,Teaching,F,Araba/Álava,PT,52.7
2023,Teaching,F,Araba/Álava,PT,53.7
2018,Teaching,F,Araba/Álava,PT,80.0
2017,Teaching,F,Araba/Álava,PT,63.6
2019,Teaching,F,Araba/Álava,PT,20.0
2016,Teaching,F,Araba/Álava,PT,77.8
2020,Teaching,F,Araba/Álava,PT,20.0
2022,Teaching,F,Araba/Álava,PT,38.6
2016,Teaching,F,Bizkaia,PT,42.9
2021,Teaching,F,Bizkaia,PT,55.1
2019,Teaching,F,Bizkaia,PT,60.9
2022,Teaching,F,Bizkaia,PT,74.0
2023,Teaching,F,Bizkaia,PT,70.0
2018,Teaching,F,Bizkaia,PT,57.1
2017,Teaching,F,Bizkaia,PT,72.2
2020,Teaching,F,Bizkaia,PT,50.0
2018,Teaching,F,Gipuzkoa,PT,78.3
2023,Teaching,F,Gipuzkoa,PT,69.1
2016,Teaching,F,Gipuzkoa,PT,50.0
2021,Teaching,F,Gipuzkoa,PT,63.0
2019,Teaching,F,Gipuzkoa,PT,81.8
2020,Teaching,F,Gipuzkoa,PT,66.7
2017,Teaching,F,Gipuzkoa,PT,72.7
2022,Teaching,F,Gipuzkoa,PT,62.9
2023,Teaching,M,,PT,63.0
2019,Teaching,M,,PT,75.9
2016,Teaching,M,,PT,68.6
2017,Teaching,M,,PT,68.5
2022,Teaching,M,,PT,58.9
2020,Teaching,M,,PT,62.9
2021,Teaching,M,,PT,47.9
2018,Teaching,M,,PT,71.4
2017,Teaching,M,Araba/Álava,PT,57.1
2019,Teaching,M,Araba/Álava,PT,57.1
2020,Teaching,M,Araba/Álava,PT,50.0
2016,Teaching,M,Araba/Álava,PT,77.8
2021,Teaching,M,Araba/Álava,PT,66.9
2018,Teaching,M,Araba/Álava,PT,71.4
2023,Teaching,M,Araba/Álava,PT,59.1
2022,Teaching,M,Araba/Álava,PT,45.6
2020,Teaching,M,Bizkaia,PT,66.7
2021,Teaching,M,Bizkaia,PT,50.6
2019,Teaching,M,Bizkaia,PT,78.9
2022,Teaching,M,Bizkaia,PT,51.2
2023,Teaching,M,Bizkaia,PT,60.8
2016,Teaching,M,Bizkaia,PT,54.5
2018,Teaching,M,Bizkaia,PT,59.3
2017,Teaching,M,Bizkaia,PT,72.2
2021,Teaching,M,Gipuzkoa,PT,42.1
2017,Teaching,M,Gipuzkoa,PT,72.7
2020,Teaching,M,Gipuzkoa,PT,65.2
2022,Teaching,M,Gipuzkoa,PT,65.7
2019,Teaching,M,Gipuzkoa,PT,78.6
2023,Teaching,M,Gipuzkoa,PT,66.1
2018,Teaching,M,Gipuzkoa,PT,86.4
2016,Teaching,M,Gipuzkoa,PT,80.0
2017,Healthcare,,,PT,79.0
2013,Healthcare,,,PT,50.9
2018,Healthcare,,,PT,84.3
2011,Healthcare,,,PT,73.1
2014,Healthcare,,,PT,69.5
2019,Healthcare,,,PT,81.5
2022,Healthcare,,,PT,59.5
2021,Healthcare,,,PT,75.0
2023,Healthcare,,,PT,62.7
2020,Healthcare,,,PT,77.2
2012,Healthcare,,,PT,70.1
2016,Healthcare,,,PT,67.2
2015,Healthcare,,,PT,67.5
2017,Healthcare,,Araba/Álava,PT,73.1
2023,Healthcare,,Araba/Álava,PT,63.2
2019,Healthcare,,Araba/Álava,PT,71.4
2021,Healthcare,,Araba/Álava,PT,79.5
2016,Healthcare,,Araba/Álava,PT,84.2
2020,Healthcare,,Araba/Álava,PT,63.0
2018,Healthcare,,Araba/Álava,PT,95.0
2022,Healthcare,,Araba/Álava,PT,61.6
2021,Healthcare,,Bizkaia,PT,74.7
2019,Healthcare,,Bizkaia,PT,73.9
2022,Healthcare,,Bizkaia,PT,58.8
2017,Healthcare,,Bizkaia,PT,66.7
2016,Healthcare,,Bizkaia,PT,54.7
2023,Healthcare,,Bizkaia,PT,49.7
2020,Healthcare,,Bizkaia,PT,80.8
2018,Healthcare,,Bizkaia,PT,76.4
2018,Healthcare,,Gipuzkoa,PT,89.1
2016,Healthcare,,Gipuzkoa,PT,74.5
2020,Healthcare,,Gipuzkoa,PT,80.7
2019,Healthcare,,Gipuzkoa,PT,89.1
2021,Healthcare,,Gipuzkoa,PT,74.5
2022,Healthcare,,Gipuzkoa,PT,59.4
2023,Healthcare,,Gipuzkoa,PT,70.6
2017,Healthcare,,Gipuzkoa,PT,93.8
2016,Healthcare,F,,PT,61.3
2017,Healthcare,F,,PT,76.7
2021,Healthcare,F,,PT,66.3
2019,Healthcare,F,,PT,80.0
2023,Healthcare,F,,PT,55.3
2020,Healthcare,F,,PT,74.6
2022,Healthcare,F,,PT,63.5
2018,Healthcare,F,,PT,84.7
2022,Healthcare,F,Araba/Álava,PT,77.3
2021,Healthcare,F,Araba/Álava,PT,44.3
2020,Healthcare,F,Araba/Álava,PT,62.5
2023,Healthcare,F,Araba/Álava,PT,46.7
2017,Healthcare,F,Araba/Álava,PT,75.0
2018,Healthcare,F,Araba/Álava,PT,100.0
2016,Healthcare,F,Araba/Álava,PT,77.8
2019,Healthcare,F,Araba/Álava,PT,66.7
2020,Healthcare,F,Bizkaia,PT,80.0
2023,Healthcare,F,Bizkaia,PT,39.9
2017,Healthcare,F,Bizkaia,PT,60.0
2021,Healthcare,F,Bizkaia,PT,63.4
2018,Healthcare,F,Bizkaia,PT,68.0
2022,Healthcare,F,Bizkaia,PT,70.2
2019,Healthcare,F,Bizkaia,PT,72.0
2016,Healthcare,F,Bizkaia,PT,48.1
2016,Healthcare,F,Gipuzkoa,PT,69.2
2017,Healthcare,F,Gipuzkoa,PT,95.7
2018,Healthcare,F,Gipuzkoa,PT,95.8
2022,Healthcare,F,Gipuzkoa,PT,54.7
2020,Healthcare,F,Gipuzkoa,PT,76.7
2023,Healthcare,F,Gipuzkoa,PT,67.8
2021,Healthcare,F,Gipuzkoa,PT,70.3
2019,Healthcare,F,Gipuzkoa,PT,88.2
2018,Healthcare,M,,PT,83.9
2023,Healthcare,M,,PT,70.8
2019,Healthcare,M,,PT,83.1
2017,Healthcare,M,,PT,81.4
2021,Healthcare,M,,PT,85.3
2020,Healthcare,M,,PT,80.0
2016,Healthcare,M,,PT,73.7
2022,Healthcare,M,,PT,55.6
2017,Healthcare,M,Araba/Álava,PT,71.4
2022,Healthcare,M,Araba/Álava,PT,44.8
2021,Healthcare,M,Araba/Álava,PT,100.0
2016,Healthcare,M,Araba/Álava,PT,90.0
2023,Healthcare,M,Araba/Álava,PT,73.3
2019,Healthcare,M,Araba/Álava,PT,75.0
2020,Healthcare,M,Araba/Álava,PT,63.6
2018,Healthcare,M,Araba/Álava,PT,90.0
2023,Healthcare,M,Bizkaia,PT,63.1
2018,Healthcare,M,Bizkaia,PT,83.3
2016,Healthcare,M,Bizkaia,PT,61.5
2017,Healthcare,M,Bizkaia,PT,75.0
2019,Healthcare,M,Bizkaia,PT,76.2
2020,Healthcare,M,Bizkaia,PT,81.5
2021,Healthcare,M,Bizkaia,PT,89.8
2022,Healthcare,M,Bizkaia,PT,44.3
2021,Healthcare,M,Gipuzkoa,PT,79.6
2023,Healthcare,M,Gipuzkoa,PT,74.0
2019,Healthcare,M,Gipuzkoa,PT,90.0
2016,Healthcare,M,Gipuzkoa,PT,81.0
2017,Healthcare,M,Gipuzkoa,PT,92.0
2022,Healthcare,M,Gipuzkoa,PT,63.4
2020,Healthcare,M,Gipuzkoa,PT,85.2
2018,Healthcare,M,Gipuzkoa,PT,81.8
2016,Pension management,,,PT,23.5
2017,Pension management,,,PT,40.2
2019,Pension management,,,PT,30.9
2012,Pension management,,,PT,36.0
2015,Pension management,,,PT,21.5
2021,Pension management,,,PT,39.2
2011,Pension management,,,PT,32.0
2013,Pension management,,,PT,21.2
2023,Pension management,,,PT,52.4
2020,Pension management,,,PT,42.2
2018,Pension management,,,PT,19.1
2022,Pension management,,,PT,37.0
2014,Pension management,,,PT,21.3
2017,Pension management,,Araba/Álava,PT,65.2
2016,Pension management,,Araba/Álava,PT,21.4
2020,Pension management,,Araba/Álava,PT,37.0
2022,Pension management,,Araba/Álava,PT,28.9
2018,Pension management,,Araba/Álava,PT,11.1
2021,Pension management,,Araba/Álava,PT,27.6
2023,Pension management,,Araba/Álava,PT,58.7
2019,Pension management,,Araba/Álava,PT,0.0
2016,Pension management,,Bizkaia,PT,20.5
2018,Pension management,,Bizkaia,PT,25.0
2022,Pension management,,Bizkaia,PT,42.4
2021,Pension management,,Bizkaia,PT,56.1
2017,Pension management,,Bizkaia,PT,22.2
2023,Pension management,,Bizkaia,PT,42.7
2019,Pension management,,Bizkaia,PT,25.6
2020,Pension management,,Bizkaia,PT,43.5
2022,Pension management,,Gipuzkoa,PT,36.3
2019,Pension management,,Gipuzkoa,PT,39.3
2018,Pension management,,Gipuzkoa,PT,15.6
2016,Pension management,,Gipuzkoa,PT,27.3
2020,Pension management,,Gipuzkoa,PT,43.6
2021,Pension management,,Gipuzkoa,PT,32.3
2017,Pension management,,Gipuzkoa,PT,41.9
2023,Pension management,,Gipuzkoa,PT,56.0
2020,Pension management,F,,PT,36.4
2023,Pension management,F,,PT,48.5
2022,Pension management,F,,PT,34.3
2018,Pension management,F,,PT,19.3
2021,Pension management,F,,PT,34.1
2017,Pension management,F,,PT,45.1
2019,Pension management,F,,PT,24.2
2016,Pension management,F,,PT,20.0
2017,Pension management,F,Araba/Álava,PT,63.6
2020,Pension management,F,Araba/Álava,PT,33.3
2018,Pension management,F,Araba/Álava,PT,20.0
2019,Pension management,F,Araba/Álava,PT,0.0
2022,Pension management,F,Araba/Álava,PT,38.6
2023,Pension management,F,Araba/Álava,PT,70.7
2021,Pension management,F,Araba/Álava,PT,0.0
2016,Pension management,F,Araba/Álava,PT,28.6
2018,Pension management,F,Bizkaia,PT,30.4
2019,Pension management,F,Bizkaia,PT,20.8
2020,Pension management,F,Bizkaia,PT,31.8
2021,Pension management,F,Bizkaia,PT,44.5
2022,Pension management,F,Bizkaia,PT,33.4
2023,Pension management,F,Bizkaia,PT,34.0
2017,Pension management,F,Bizkaia,PT,20.0
2016,Pension management,F,Bizkaia,PT,16.7
2018,Pension management,F,Gipuzkoa,PT,8.3
2019,Pension management,F,Gipuzkoa,PT,29.4
2023,Pension management,F,Gipuzkoa,PT,52.2
2022,Pension management,F,Gipuzkoa,PT,33.2
2017,Pension management,F,Gipuzkoa,PT,60.0
2020,Pension management,F,Gipuzkoa,PT,41.4
2021,Pension management,F,Gipuzkoa,PT,31.8
2016,Pension management,F,Gipuzkoa,PT,20.8
2023,Pension management,M,,PT,57.1
2019,Pension management,M,,PT,39.6
2016,Pension management,M,,PT,27.7
2021,Pension management,M,,PT,45.7
2022,Pension management,M,,PT,39.5
2020,Pension management,M,,PT,48.4
2018,Pension management,M,,PT,19.0
2017,Pension management,M,,PT,35.3
2016,Pension management,M,Araba/Álava,PT,14.3
2020,Pension management,M,Araba/Álava,PT,41.7
2019,Pension management,M,Araba/Álava,PT,0.0
2022,Pension management,M,Araba/Álava,PT,18.5
2018,Pension management,M,Araba/Álava,PT,0.0
2023,Pension management,M,Araba/Álava,PT,51.0
2017,Pension management,M,Araba/Álava,PT,66.7
2021,Pension management,M,Araba/Álava,PT,43.2
2021,Pension management,M,Bizkaia,PT,74.0
2023,Pension management,M,Bizkaia,PT,56.4
2018,Pension management,M,Bizkaia,PT,20.7
2016,Pension management,M,Bizkaia,PT,25.0
2017,Pension management,M,Bizkaia,PT,25.0
2020,Pension management,M,Bizkaia,PT,54.2
2022,Pension management,M,Bizkaia,PT,55.2
2019,Pension management,M,Bizkaia,PT,33.3
2019,Pension management,M,Gipuzkoa,PT,51.9
2020,Pension management,M,Gipuzkoa,PT,46.2
2023,Pension management,M,Gipuzkoa,PT,60.9
2022,Pension management,M,Gipuzkoa,PT,38.1
2016,Pension management,M,Gipuzkoa,PT,35.0
2017,Pension management,M,Gipuzkoa,PT,26.1
2018,Pension management,M,Gipuzkoa,PT,23.8
2021,Pension management,M,Gipuzkoa,PT,32.9
2021,Administration of justice,,,PT,16.9
2016,Administration of justice,,,PT,11.4
2015,Administration of justice,,,PT,11.2
2019,Administration of justice,,,PT,19.4
2022,Administration of justice,,,PT,20.6
2013,Administration of justice,,,PT,13.5
2012,Administration of justice,,,PT,9.5
2017,Administration of justice,,,PT,19.4
2018,Administration of justice,,,PT,19.4
2011,Administration of justice,,,PT,15.0
2014,Administration of justice,,,PT,12.0
2020,Administration of justice,,,PT,17.5
2023,Administration of justice,,,PT,22.4
2019,Administration of justice,,Araba/Álava,PT,0.0
2020,Administration of justice,,Araba/Álava,PT,22.2
2016,Administration of justice,,Araba/Álava,PT,10.5
2021,Administration of justice,,Araba/Álava,PT,8.9
2023,Administration of justice,,Araba/Álava,PT,14.5
2022,Administration of justice,,Araba/Álava,PT,15.0
2018,Administration of justice,,Araba/Álava,PT,12.5
2017,Administration of justice,,Araba/Álava,PT,23.1
2022,Administration of justice,,Bizkaia,PT,30.0
2017,Administration of justice,,Bizkaia,PT,18.9
2023,Administration of justice,,Bizkaia,PT,33.1
2020,Administration of justice,,Bizkaia,PT,16.3
2016,Administration of justice,,Bizkaia,PT,10.4
2018,Administration of justice,,Bizkaia,PT,26.5
2019,Administration of justice,,Bizkaia,PT,12.5
2021,Administration of justice,,Bizkaia,PT,21.2
2017,Administration of justice,,Gipuzkoa,PT,17.8
2021,Administration of justice,,Gipuzkoa,PT,16.0
2019,Administration of justice,,Gipuzkoa,PT,27.1
2023,Administration of justice,,Gipuzkoa,PT,18.6
2018,Administration of justice,,Gipuzkoa,PT,14.0
2022,Administration of justice,,Gipuzkoa,PT,16.7
2020,Administration of justice,,Gipuzkoa,PT,16.0
2016,Administration of justice,,Gipuzkoa,PT,13.2
2016,Administration of justice,F,,PT,13.5
2023,Administration of justice,F,,PT,27.0
2019,Administration of justice,F,,PT,17.9
2018,Administration of justice,F,,PT,16.7
2022,Administration of justice,F,,PT,17.5
2020,Administration of justice,F,,PT,17.7
2017,Administration of justice,F,,PT,25.5
2021,Administration of justice,F,,PT,10.6
2018,Administration of justice,F,Araba/Álava,PT,14.3
2020,Administration of justice,F,Araba/Álava,PT,26.7
2017,Administration of justice,F,Araba/Álava,PT,16.7
2016,Administration of justice,F,Araba/Álava,PT,11.1
2019,Administration of justice,F,Araba/Álava,PT,0.0
2023,Administration of justice,F,Araba/Álava,PT,29.1
2022,Administration of justice,F,Araba/Álava,PT,11.0
2021,Administration of justice,F,Araba/Álava,PT,0.0
2017,Administration of justice,F,Bizkaia,PT,27.8
2019,Administration of justice,F,Bizkaia,PT,9.1
2021,Administration of justice,F,Bizkaia,PT,22.8
2022,Administration of justice,F,Bizkaia,PT,28.4
2018,Administration of justice,F,Bizkaia,PT,20.0
2016,Administration of justice,F,Bizkaia,PT,8.3
2020,Administration of justice,F,Bizkaia,PT,18.2
2023,Administration of justice,F,Bizkaia,PT,35.9
2018,Administration of justice,F,Gipuzkoa,PT,14.3
2016,Administration of justice,F,Gipuzkoa,PT,21.1
2017,Administration of justice,F,Gipuzkoa,PT,28.6
2019,Administration of justice,F,Gipuzkoa,PT,25.8
2020,Administration of justice,F,Gipuzkoa,PT,12.0
2021,Administration of justice,F,Gipuzkoa,PT,5.0
2022,Administration of justice,F,Gipuzkoa,PT,11.9
2023,Administration of justice,F,Gipuzkoa,PT,20.3
2016,Administration of justice,M,,PT,9.4
2018,Administration of justice,M,,PT,21.7
2023,Administration of justice,M,,PT,17.1
2022,Administration of justice,M,,PT,23.6
2019,Administration of justice,M,,PT,21.2
2021,Administration of justice,M,,PT,24.3
2017,Administration of justice,M,,PT,14.0
2020,Administration of justice,M,,PT,17.2
2020,Administration of justice,M,Araba/Álava,PT,16.7
2023,Administration of justice,M,Araba/Álava,PT,5.2
2016,Administration of justice,M,Araba/Álava,PT,10.0
2017,Administration of justice,M,Araba/Álava,PT,28.6
2019,Administration of justice,M,Araba/Álava,PT,0.0
2022,Administration of justice,M,Araba/Álava,PT,19.7
2021,Administration of justice,M,Araba/Álava,PT,14.5
2018,Administration of justice,M,Araba/Álava,PT,11.1
2020,Administration of justice,M,Bizkaia,PT,14.8
2017,Administration of justice,M,Bizkaia,PT,10.5
2018,Administration of justice,M,Bizkaia,PT,31.0
2021,Administration of justice,M,Bizkaia,PT,18.8
2022,Administration of justice,M,Bizkaia,PT,32.0
2023,Administration of justice,M,Bizkaia,PT,28.9
2016,Administration of justice,M,Bizkaia,PT,12.5
2019,Administration of justice,M,Bizkaia,PT,16.7
2016,Administration of justice,M,Gipuzkoa,PT,5.3
2018,Administration of justice,M,Gipuzkoa,PT,13.6
2019,Administration of justice,M,Gipuzkoa,PT,28.6
2020,Administration of justice,M,Gipuzkoa,PT,20.0
2021,Administration of justice,M,Gipuzkoa,PT,28.9
2022,Administration of justice,M,Gipuzkoa,PT,20.7
2023,Administration of justice,M,Gipuzkoa,PT,16.6
2017,Administration of justice,M,Gipuzkoa,PT,8.3
2012,Citizen safety,,,PT,59.3
2015,Citizen safety,,,PT,60.2
2011,Citizen safety,,,PT,32.2
2023,Citizen safety,,,PT,59.5
2013,Citizen safety,,,PT,53.6
2021,Citizen safety,,,PT,61.5
2014,Citizen safety,,,PT,46.1
2017,Citizen safety,,,PT,66.9
2018,Citizen safety,,,PT,72.6
2020,Citizen safety,,,PT,55.3
2022,Citizen safety,,,PT,56.2
2016,Citizen safety,,,PT,61.7
2019,Citizen safety,,,PT,60.2
2016,Citizen safety,,Araba/Álava,PT,57.9
2018,Citizen safety,,Araba/Álava,PT,73.7
2019,Citizen safety,,Araba/Álava,PT,92.3
2017,Citizen safety,,Araba/Álava,PT,80.8
2021,Citizen safety,,Araba/Álava,PT,53.1
2023,Citizen safety,,Araba/Álava,PT,65.7
2020,Citizen safety,,Araba/Álava,PT,56.0
2022,Citizen safety,,Araba/Álava,PT,37.0
2019,Citizen safety,,Bizkaia,PT,50.0
2022,Citizen safety,,Bizkaia,PT,69.7
2016,Citizen safety,,Bizkaia,PT,60.0
2017,Citizen safety,,Bizkaia,PT,51.1
2020,Citizen safety,,Bizkaia,PT,56.9
2021,Citizen safety,,Bizkaia,PT,72.2
2023,Citizen safety,,Bizkaia,PT,61.4
2018,Citizen safety,,Bizkaia,PT,67.9
2016,Citizen safety,,Gipuzkoa,PT,65.2
2017,Citizen safety,,Gipuzkoa,PT,74.5
2022,Citizen safety,,Gipuzkoa,PT,53.8
2023,Citizen safety,,Gipuzkoa,PT,56.0
2019,Citizen safety,,Gipuzkoa,PT,60.7
2021,Citizen safety,,Gipuzkoa,PT,57.2
2018,Citizen safety,,Gipuzkoa,PT,77.8
2020,Citizen safety,,Gipuzkoa,PT,53.6
2021,Citizen safety,F,,PT,58.0
2022,Citizen safety,F,,PT,51.7
2017,Citizen safety,F,,PT,62.7
2018,Citizen safety,F,,PT,62.5
2019,Citizen safety,F,,PT,58.3
2020,Citizen safety,F,,PT,50.0
2016,Citizen safety,F,,PT,56.9
2023,Citizen safety,F,,PT,56.4
2018,Citizen safety,F,Araba/Álava,PT,70.0
2016,Citizen safety,F,Araba/Álava,PT,44.4
2017,Citizen safety,F,Araba/Álava,PT,75.0
2019,Citizen safety,F,Araba/Álava,PT,83.3
2020,Citizen safety,F,Araba/Álava,PT,57.1
2021,Citizen safety,F,Araba/Álava,PT,33.4
2022,Citizen safety,F,Araba/Álava,PT,25.8
2023,Citizen safety,F,Araba/Álava,PT,70.7
2016,Citizen safety,F,Bizkaia,PT,50.0
2017,Citizen safety,F,Bizkaia,PT,44.0
2020,Citizen safety,F,Bizkaia,PT,50.0
2021,Citizen safety,F,Bizkaia,PT,66.4
2023,Citizen safety,F,Bizkaia,PT,51.2
2022,Citizen safety,F,Bizkaia,PT,62.8
2018,Citizen safety,F,Bizkaia,PT,47.8
2019,Citizen safety,F,Bizkaia,PT,43.5
2016,Citizen safety,F,Gipuzkoa,PT,68.0
2017,Citizen safety,F,Gipuzkoa,PT,77.3
2019,Citizen safety,F,Gipuzkoa,PT,64.5
2021,Citizen safety,F,Gipuzkoa,PT,56.2
2023,Citizen safety,F,Gipuzkoa,PT,56.1
2022,Citizen safety,F,Gipuzkoa,PT,52.0
2020,Citizen safety,F,Gipuzkoa,PT,46.7
2018,Citizen safety,F,Gipuzkoa,PT,73.9
2020,Citizen safety,M,,PT,60.9
2019,Citizen safety,M,,PT,62.1
2017,Citizen safety,M,,PT,71.2
2022,Citizen safety,M,,PT,60.6
2023,Citizen safety,M,,PT,62.9
2018,Citizen safety,M,,PT,82.0
2021,Citizen safety,M,,PT,65.6
2016,Citizen safety,M,,PT,66.7
2019,Citizen safety,M,Araba/Álava,PT,100.0
2016,Citizen safety,M,Araba/Álava,PT,70.0
2018,Citizen safety,M,Araba/Álava,PT,77.8
2021,Citizen safety,M,Araba/Álava,PT,65.6
2023,Citizen safety,M,Araba/Álava,PT,62.6
2017,Citizen safety,M,Araba/Álava,PT,85.7
2020,Citizen safety,M,Araba/Álava,PT,54.5
2022,Citizen safety,M,Araba/Álava,PT,49.0
2020,Citizen safety,M,Bizkaia,PT,63.0
2022,Citizen safety,M,Bizkaia,PT,78.5
2017,Citizen safety,M,Bizkaia,PT,60.0
2018,Citizen safety,M,Bizkaia,PT,83.3
2019,Citizen safety,M,Bizkaia,PT,57.1
2021,Citizen safety,M,Bizkaia,PT,80.0
2016,Citizen safety,M,Bizkaia,PT,69.2
2023,Citizen safety,M,Bizkaia,PT,76.3
2016,Citizen safety,M,Gipuzkoa,PT,61.9
2017,Citizen safety,M,Gipuzkoa,PT,72.0
2018,Citizen safety,M,Gipuzkoa,PT,81.8
2019,Citizen safety,M,Gipuzkoa,PT,56.7
2020,Citizen safety,M,Gipuzkoa,PT,61.5
2021,Citizen safety,M,Gipuzkoa,PT,58.4
2022,Citizen safety,M,Gipuzkoa,PT,55.2
2023,Citizen safety,M,Gipuzkoa,PT,55.8
2016,Social services,,,PT,60.2
2013,Social services,,,PT,32.7
2023,Social services,,,PT,62.2
2019,Social services,,,PT,57.5
2014,Social services,,,PT,30.3
2022,Social services,,,PT,51.6
2017,Social services,,,PT,57.1
2011,Social services,,,PT,35.2
2020,Social services,,,PT,58.3
2015,Social services,,,PT,36.4
2018,Social services,,,PT,60.5
2012,Social services,,,PT,47.6
2021,Social services,,,PT,59.6
2023,Social services,,Araba/Álava,PT,62.9
2022,Social services,,Araba/Álava,PT,53.5
2019,Social services,,Araba/Álava,PT,78.6
2020,Social services,,Araba/Álava,PT,44.0
2018,Social services,,Araba/Álava,PT,73.7
2021,Social services,,Araba/Álava,PT,50.4
2017,Social services,,Araba/Álava,PT,69.2
2016,Social services,,Araba/Álava,PT,66.7
2023,Social services,,Bizkaia,PT,53.9
2022,Social services,,Bizkaia,PT,60.1
2021,Social services,,Bizkaia,PT,57.2
2017,Social services,,Bizkaia,PT,34.1
2019,Social services,,Bizkaia,PT,48.7
2018,Social services,,Bizkaia,PT,48.1
2020,Social services,,Bizkaia,PT,65.3
2016,Social services,,Bizkaia,PT,42.9
2022,Social services,,Gipuzkoa,PT,46.0
2023,Social services,,Gipuzkoa,PT,67.1
2019,Social services,,Gipuzkoa,PT,58.3
2021,Social services,,Gipuzkoa,PT,62.5
2017,Social services,,Gipuzkoa,PT,71.1
2016,Social services,,Gipuzkoa,PT,74.4
2020,Social services,,Gipuzkoa,PT,58.5
2018,Social services,,Gipuzkoa,PT,69.8
2019,Social services,F,,PT,54.2
2017,Social services,F,,PT,52.6
2022,Social services,F,,PT,48.1
2020,Social services,F,,PT,54.7
2016,Social services,F,,PT,50.0
2018,Social services,F,,PT,51.9
2023,Social services,F,,PT,54.9
2021,Social services,F,,PT,58.5
2016,Social services,F,Araba/Álava,PT,55.6
2023,Social services,F,Araba/Álava,PT,73.0
2022,Social services,F,Araba/Álava,PT,38.6
2017,Social services,F,Araba/Álava,PT,75.0
2018,Social services,F,Araba/Álava,PT,66.7
2019,Social services,F,Araba/Álava,PT,100.0
2020,Social services,F,Araba/Álava,PT,40.0
2021,Social services,F,Araba/Álava,PT,28.9
2021,Social services,F,Bizkaia,PT,50.4
2019,Social services,F,Bizkaia,PT,36.4
2016,Social services,F,Bizkaia,PT,22.7
2017,Social services,F,Bizkaia,PT,29.2
2018,Social services,F,Bizkaia,PT,36.4
2020,Social services,F,Bizkaia,PT,63.6
2022,Social services,F,Bizkaia,PT,59.8
2023,Social services,F,Bizkaia,PT,39.4
2023,Social services,F,Gipuzkoa,PT,60.3
2016,Social services,F,Gipuzkoa,PT,72.0
2020,Social services,F,Gipuzkoa,PT,55.6
2017,Social services,F,Gipuzkoa,PT,66.7
2018,Social services,F,Gipuzkoa,PT,61.9
2019,Social services,F,Gipuzkoa,PT,58.1
2021,Social services,F,Gipuzkoa,PT,66.5
2022,Social services,F,Gipuzkoa,PT,42.4
2019,Social services,M,,PT,61.1
2018,Social services,M,,PT,67.7
2022,Social services,M,,PT,54.8
2017,Social services,M,,PT,61.8
2020,Social services,M,,PT,61.9
2023,Social services,M,,PT,70.6
2021,Social services,M,,PT,60.9
2016,Social services,M,,PT,72.3
2022,Social services,M,Araba/Álava,PT,69.4
2016,Social services,M,Araba/Álava,PT,77.8
2018,Social services,M,Araba/Álava,PT,80.0
2019,Social services,M,Araba/Álava,PT,62.5
2020,Social services,M,Araba/Álava,PT,50.0
2023,Social services,M,Araba/Álava,PT,56.8
2021,Social services,M,Araba/Álava,PT,62.9
2017,Social services,M,Araba/Álava,PT,64.3
2019,Social services,M,Bizkaia,PT,64.7
2017,Social services,M,Bizkaia,PT,41.2
2018,Social services,M,Bizkaia,PT,56.7
2020,Social services,M,Bizkaia,PT,66.7
2021,Social services,M,Bizkaia,PT,67.0
2023,Social services,M,Bizkaia,PT,75.9
2016,Social services,M,Bizkaia,PT,65.0
2022,Social services,M,Bizkaia,PT,60.4
2016,Social services,M,Gipuzkoa,PT,77.8
2017,Social services,M,Gipuzkoa,PT,75.0
2018,Social services,M,Gipuzkoa,PT,77.3
2019,Social services,M,Gipuzkoa,PT,58.6
2021,Social services,M,Gipuzkoa,PT,57.1
2022,Social services,M,Gipuzkoa,PT,48.5
2023,Social services,M,Gipuzkoa,PT,75.2
2020,Social services,M,Gipuzkoa,PT,61.5
2014,Public transportation,,,PT,72.6
2019,Public transportation,,,PT,86.3
2016,Public transportation,,,PT,83.9
2022,Public transportation,,,PT,81.0
2017,Public transportation,,,PT,87.9
2012,Public transportation,,,PT,78.0
2018,Public transportation,,,PT,83.1
2015,Public transportation,,,PT,83.2
2021,Public transportation,,,PT,85.2
2013,Public transportation,,,PT,70.2
2011,Public transportation,,,PT,78.1
2020,Public transportation,,,PT,82.9
2023,Public transportation,,,PT,81.2
2022,Public transportation,,Araba/Álava,PT,63.6
2017,Public transportation,,Araba/Álava,PT,88.0
2016,Public transportation,,Araba/Álava,PT,68.4
2021,Public transportation,,Araba/Álava,PT,83.4
2019,Public transportation,,Araba/Álava,PT,78.6
2023,Public transportation,,Araba/Álava,PT,82.9
2020,Public transportation,,Araba/Álava,PT,72.0
2018,Public transportation,,Araba/Álava,PT,76.5
2017,Public transportation,,Bizkaia,PT,86.0
2021,Public transportation,,Bizkaia,PT,72.7
2020,Public transportation,,Bizkaia,PT,88.0
2019,Public transportation,,Bizkaia,PT,86.0
2016,Public transportation,,Bizkaia,PT,90.0
2023,Public transportation,,Bizkaia,PT,74.2
2018,Public transportation,,Bizkaia,PT,80.0
2022,Public transportation,,Bizkaia,PT,77.5
2023,Public transportation,,Gipuzkoa,PT,84.6
2020,Public transportation,,Gipuzkoa,PT,83.3
2017,Public transportation,,Gipuzkoa,PT,89.6
2018,Public transportation,,Gipuzkoa,PT,89.1
2021,Public transportation,,Gipuzkoa,PT,91.8
2016,Public transportation,,Gipuzkoa,PT,83.7
2019,Public transportation,,Gipuzkoa,PT,88.3
2022,Public transportation,,Gipuzkoa,PT,87.9
2019,Public transportation,F,,PT,87.1
2023,Public transportation,F,,PT,80.8
2021,Public transportation,F,,PT,83.7
2022,Public transportation,F,,PT,78.0
2020,Public transportation,F,,PT,83.3
2016,Public transportation,F,,PT,86.9
2018,Public transportation,F,,PT,86.0
2017,Public transportation,F,,PT,86.2
2020,Public transportation,F,Araba/Álava,PT,76.9
2022,Public transportation,F,Araba/Álava,PT,58.8
2023,Public transportation,F,Araba/Álava,PT,72.3
2018,Public transportation,F,Araba/Álava,PT,87.5
2019,Public transportation,F,Araba/Álava,PT,66.7
2021,Public transportation,F,Araba/Álava,PT,70.9
2016,Public transportation,F,Araba/Álava,PT,66.7
2017,Public transportation,F,Araba/Álava,PT,81.8
2017,Public transportation,F,Bizkaia,PT,78.3
2016,Public transportation,F,Bizkaia,PT,91.7
2019,Public transportation,F,Bizkaia,PT,82.6
2020,Public transportation,F,Bizkaia,PT,87.5
2022,Public transportation,F,Bizkaia,PT,74.6
2018,Public transportation,F,Bizkaia,PT,76.0
2023,Public transportation,F,Bizkaia,PT,73.9
2021,Public transportation,F,Bizkaia,PT,68.4
2023,Public transportation,F,Gipuzkoa,PT,87.4
2017,Public transportation,F,Gipuzkoa,PT,95.8
2021,Public transportation,F,Gipuzkoa,PT,92.6
2016,Public transportation,F,Gipuzkoa,PT,89.3
2018,Public transportation,F,Gipuzkoa,PT,95.8
2019,Public transportation,F,Gipuzkoa,PT,93.9
2020,Public transportation,F,Gipuzkoa,PT,82.8
2022,Public transportation,F,Gipuzkoa,PT,86.0
2022,Public transportation,M,,PT,84.2
2020,Public transportation,M,,PT,82.5
2018,Public transportation,M,,PT,80.3
2016,Public transportation,M,,PT,80.7
2019,Public transportation,M,,PT,85.5
2021,Public transportation,M,,PT,86.9
2017,Public transportation,M,,PT,89.7
2023,Public transportation,M,,PT,81.8
2019,Public transportation,M,Araba/Álava,PT,87.5
2021,Public transportation,M,Araba/Álava,PT,91.4
2018,Public transportation,M,Araba/Álava,PT,66.7
2022,Public transportation,M,Araba/Álava,PT,68.6
2016,Public transportation,M,Araba/Álava,PT,70.0
2020,Public transportation,M,Araba/Álava,PT,66.7
2023,Public transportation,M,Araba/Álava,PT,89.8
2017,Public transportation,M,Araba/Álava,PT,92.9
2016,Public transportation,M,Bizkaia,PT,88.5
2018,Public transportation,M,Bizkaia,PT,83.3
2019,Public transportation,M,Bizkaia,PT,90.0
2020,Public transportation,M,Bizkaia,PT,88.5
2022,Public transportation,M,Bizkaia,PT,81.1
2023,Public transportation,M,Bizkaia,PT,74.8
2021,Public transportation,M,Bizkaia,PT,77.6
2017,Public transportation,M,Bizkaia,PT,95.0
2019,Public transportation,M,Gipuzkoa,PT,81.5
2016,Public transportation,M,Gipuzkoa,PT,76.2
2017,Public transportation,M,Gipuzkoa,PT,83.3
2018,Public transportation,M,Gipuzkoa,PT,81.8
2020,Public transportation,M,Gipuzkoa,PT,84.0
2022,Public transportation,M,Gipuzkoa,PT,89.6
2023,Public transportation,M,Gipuzkoa,PT,81.4
2021,Public transportation,M,Gipuzkoa,PT,90.8
2019,Public works,,,PT,65.2
2022,Public works,,,PT,51.2
2013,Public works,,,PT,50.0
2012,Public works,,,PT,57.3
2017,Public works,,,PT,66.4
2014,Public works,,,PT,52.3
2018,Public works,,,PT,62.8
2016,Public works,,,PT,58.2
2011,Public works,,,PT,59.8
2023,Public works,,,PT,66.5
2020,Public works,,,PT,56.9
2021,Public works,,,PT,63.4
2015,Public works,,,PT,55.0
2021,Public works,,Araba/Álava,PT,29.2
2020,Public works,,Araba/Álava,PT,51.9
2018,Public works,,Araba/Álava,PT,47.4
2019,Public works,,Araba/Álava,PT,64.3
2022,Public works,,Araba/Álava,PT,33.5
2016,Public works,,Araba/Álava,PT,52.6
2023,Public works,,Araba/Álava,PT,59.5
2017,Public works,,Araba/Álava,PT,72.0
2017,Public works,,Bizkaia,PT,76.2
2019,Public works,,Bizkaia,PT,64.3
2023,Public works,,Bizkaia,PT,52.7
2021,Public works,,Bizkaia,PT,65.8
2018,Public works,,Bizkaia,PT,72.5
2022,Public works,,Bizkaia,PT,51.0
2016,Public works,,Bizkaia,PT,54.3
2020,Public works,,Bizkaia,PT,68.1
2021,Public works,,Gipuzkoa,PT,68.3
2017,Public works,,Gipuzkoa,PT,54.3
2018,Public works,,Gipuzkoa,PT,58.1
2019,Public works,,Gipuzkoa,PT,66.1
2022,Public works,,Gipuzkoa,PT,56.4
2016,Public works,,Gipuzkoa,PT,64.4
2023,Public works,,Gipuzkoa,PT,77.7
2020,Public works,,Gipuzkoa,PT,50.0
2020,Public works,F,,PT,52.3
2019,Public works,F,,PT,62.5
2022,Public works,F,,PT,51.1
2023,Public works,F,,PT,64.1
2017,Public works,F,,PT,66.1
2021,Public works,F,,PT,64.0
2018,Public works,F,,PT,56.6
2016,Public works,F,,PT,56.4
2017,Public works,F,Araba/Álava,PT,45.5
2016,Public works,F,Araba/Álava,PT,55.6
2018,Public works,F,Araba/Álava,PT,50.0
2019,Public works,F,Araba/Álava,PT,66.7
2020,Public works,F,Araba/Álava,PT,53.3
2022,Public works,F,Araba/Álava,PT,30.4
2023,Public works,F,Araba/Álava,PT,61.4
2021,Public works,F,Araba/Álava,PT,15.4
2022,Public works,F,Bizkaia,PT,52.5
2019,Public works,F,Bizkaia,PT,52.2
2021,Public works,F,Bizkaia,PT,72.9
2020,Public works,F,Bizkaia,PT,60.0
2016,Public works,F,Bizkaia,PT,38.1
2018,Public works,F,Bizkaia,PT,63.6
2023,Public works,F,Bizkaia,PT,46.1
2017,Public works,F,Bizkaia,PT,78.3
2017,Public works,F,Gipuzkoa,PT,63.6
2016,Public works,F,Gipuzkoa,PT,72.0
2018,Public works,F,Gipuzkoa,PT,52.4
2019,Public works,F,Gipuzkoa,PT,70.4
2020,Public works,F,Gipuzkoa,PT,46.7
2022,Public works,F,Gipuzkoa,PT,56.9
2023,Public works,F,Gipuzkoa,PT,77.3
2021,Public works,F,Gipuzkoa,PT,65.0
2019,Public works,M,,PT,67.9
2021,Public works,M,,PT,62.8
2016,Public works,M,,PT,60.0
2022,Public works,M,,PT,51.3
2020,Public works,M,,PT,61.5
2017,Public works,M,,PT,66.7
2023,Public works,M,,PT,69.1
2018,Public works,M,,PT,68.3
2019,Public works,M,Araba/Álava,PT,62.5
2021,Public works,M,Araba/Álava,PT,37.3
2023,Public works,M,Araba/Álava,PT,58.4
2020,Public works,M,Araba/Álava,PT,50.0
2016,Public works,M,Araba/Álava,PT,50.0
2018,Public works,M,Araba/Álava,PT,44.4
2022,Public works,M,Araba/Álava,PT,36.6
2017,Public works,M,Araba/Álava,PT,92.9
2016,Public works,M,Bizkaia,PT,68.0
2017,Public works,M,Bizkaia,PT,73.7
2018,Public works,M,Bizkaia,PT,79.3
2019,Public works,M,Bizkaia,PT,78.9
2020,Public works,M,Bizkaia,PT,74.1
2021,Public works,M,Bizkaia,PT,56.9
2022,Public works,M,Bizkaia,PT,49.1
2023,Public works,M,Bizkaia,PT,62.8
2017,Public works,M,Gipuzkoa,PT,45.8
2016,Public works,M,Gipuzkoa,PT,55.0
2018,Public works,M,Gipuzkoa,PT,63.6
2020,Public works,M,Gipuzkoa,PT,53.8
2022,Public works,M,Gipuzkoa,PT,56.0
2023,Public works,M,Gipuzkoa,PT,78.1
2021,Public works,M,Gipuzkoa,PT,72.2
2019,Public works,M,Gipuzkoa,PT,62.1
2023,Help for dependent persons,,,PT,38.7
2020,Help for dependent persons,,,PT,40.5
2019,Help for dependent persons,,,PT,42.2
2021,Help for dependent persons,,,PT,40.5
2011,Help for dependent persons,,,PT,37.3
2014,Help for dependent persons,,,PT,12.6
2016,Help for dependent persons,,,PT,27.0
2013,Help for dependent persons,,,PT,24.8
2022,Help for dependent persons,,,PT,40.8
2018,Help for dependent persons,,,PT,43.6
2012,Help for dependent persons,,,PT,28.7
2015,Help for dependent persons,,,PT,22.3
2017,Help for dependent persons,,,PT,29.8
2023,Help for dependent persons,,Araba/Álava,PT,36.6
2021,Help for dependent persons,,Araba/Álava,PT,41.0
2019,Help for dependent persons,,Araba/Álava,PT,66.7
2022,Help for dependent persons,,Araba/Álava,PT,49.4
2016,Help for dependent persons,,Araba/Álava,PT,6.7
2018,Help for dependent persons,,Araba/Álava,PT,37.5
2020,Help for dependent persons,,Araba/Álava,PT,46.4
2017,Help for dependent persons,,Araba/Álava,PT,13.0
2020,Help for dependent persons,,Bizkaia,PT,34.8
2016,Help for dependent persons,,Bizkaia,PT,23.8
2019,Help for dependent persons,,Bizkaia,PT,30.8
2022,Help for dependent persons,,Bizkaia,PT,41.1
2018,Help for dependent persons,,Bizkaia,PT,46.5
2021,Help for dependent persons,,Bizkaia,PT,47.9
2017,Help for dependent persons,,Bizkaia,PT,25.6
2023,Help for dependent persons,,Bizkaia,PT,43.5
2022,Help for dependent persons,,Gipuzkoa,PT,38.0
2017,Help for dependent persons,,Gipuzkoa,PT,42.9
2019,Help for dependent persons,,Gipuzkoa,PT,44.8
2018,Help for dependent persons,,Gipuzkoa,PT,42.9
2016,Help for dependent persons,,Gipuzkoa,PT,37.2
2021,Help for dependent persons,,Gipuzkoa,PT,36.8
2023,Help for dependent persons,,Gipuzkoa,PT,36.7
2020,Help for dependent persons,,Gipuzkoa,PT,42.3
2017,Help for dependent persons,F,,PT,27.5
2022,Help for dependent persons,F,,PT,35.0
2018,Help for dependent persons,F,,PT,42.0
2016,Help for dependent persons,F,,PT,22.2
2021,Help for dependent persons,F,,PT,42.8
2023,Help for dependent persons,F,,PT,39.3
2019,Help for dependent persons,F,,PT,38.3
2020,Help for dependent persons,F,,PT,32.3
2016,Help for dependent persons,F,Araba/Álava,PT,14.3
2018,Help for dependent persons,F,Araba/Álava,PT,33.3
2017,Help for dependent persons,F,Araba/Álava,PT,10.0
2019,Help for dependent persons,F,Araba/Álava,PT,66.7
2020,Help for dependent persons,F,Araba/Álava,PT,31.3
2022,Help for dependent persons,F,Araba/Álava,PT,51.5
2023,Help for dependent persons,F,Araba/Álava,PT,33.7
2021,Help for dependent persons,F,Araba/Álava,PT,44.3
2016,Help for dependent persons,F,Bizkaia,PT,12.5
2023,Help for dependent persons,F,Bizkaia,PT,45.1
2018,Help for dependent persons,F,Bizkaia,PT,42.1
2019,Help for dependent persons,F,Bizkaia,PT,27.3
2017,Help for dependent persons,F,Bizkaia,PT,19.0
2021,Help for dependent persons,F,Bizkaia,PT,55.6
2022,Help for dependent persons,F,Bizkaia,PT,36.2
2020,Help for dependent persons,F,Bizkaia,PT,28.6
2022,Help for dependent persons,F,Gipuzkoa,PT,28.7
2023,Help for dependent persons,F,Gipuzkoa,PT,37.0
2020,Help for dependent persons,F,Gipuzkoa,PT,35.7
2019,Help for dependent persons,F,Gipuzkoa,PT,40.6
2018,Help for dependent persons,F,Gipuzkoa,PT,45.5
2021,Help for dependent persons,F,Gipuzkoa,PT,35.8
2016,Help for dependent persons,F,Gipuzkoa,PT,34.8
2017,Help for dependent persons,F,Gipuzkoa,PT,45.0
2016,Help for dependent persons,M,,PT,32.6
2021,Help for dependent persons,M,,PT,37.9
2023,Help for dependent persons,M,,PT,38.1
2022,Help for dependent persons,M,,PT,47.2
2018,Help for dependent persons,M,,PT,45.1
2019,Help for dependent persons,M,,PT,46.9
2017,Help for dependent persons,M,,PT,32.1
2020,Help for dependent persons,M,,PT,49.2
2023,Help for dependent persons,M,Araba/Álava,PT,38.6
2020,Help for dependent persons,M,Araba/Álava,PT,66.7
2022,Help for dependent persons,M,Araba/Álava,PT,47.2
2021,Help for dependent persons,M,Araba/Álava,PT,39.0
2019,Help for dependent persons,M,Araba/Álava,PT,66.7
2017,Help for dependent persons,M,Araba/Álava,PT,15.4
2018,Help for dependent persons,M,Araba/Álava,PT,42.9
2018,Help for dependent persons,M,Bizkaia,PT,50.0
2020,Help for dependent persons,M,Bizkaia,PT,40.0
2016,Help for dependent persons,M,Bizkaia,PT,38.9
2022,Help for dependent persons,M,Bizkaia,PT,50.0
2017,Help for dependent persons,M,Bizkaia,PT,33.3
2019,Help for dependent persons,M,Bizkaia,PT,35.3
2021,Help for dependent persons,M,Bizkaia,PT,36.8
2023,Help for dependent persons,M,Bizkaia,PT,41.1
2020,Help for dependent persons,M,Gipuzkoa,PT,50.0
2017,Help for dependent persons,M,Gipuzkoa,PT,40.9
2023,Help for dependent persons,M,Gipuzkoa,PT,36.2
2022,Help for dependent persons,M,Gipuzkoa,PT,46.2
2021,Help for dependent persons,M,Gipuzkoa,PT,38.1
2018,Help for dependent persons,M,Gipuzkoa,PT,40.0
2016,Help for dependent persons,M,Gipuzkoa,PT,40.0
2019,Help for dependent persons,M,Gipuzkoa,PT,50.0
