Year,Access technology,Province,Units,Value
2018,,,Per 100 people,35.4
2013,,,Per 100 people,29.0
2022,,,Per 100 people,39.3
2010,,,Per 100 people,24.6
2021,,,Per 100 people,38.8
2014,,,Per 100 people,30.6
2012,,,Per 100 people,26.9
2016,,,Per 100 people,33.4
2020,,,Per 100 people,37.3
2017,,,Per 100 people,33.9
2015,,,Per 100 people,32.0
2019,,,Per 100 people,36.5
2011,,,Per 100 people,26.0
2019,,Araba/Álava,Per 100 people,35.9
2010,,Araba/Álava,Per 100 people,24.9
2015,,Araba/Álava,Per 100 people,31.9
2011,,Araba/Álava,Per 100 people,26.1
2017,,Araba/Álava,Per 100 people,34.7
2021,,Araba/Álava,Per 100 people,39.1
2014,,Araba/Álava,Per 100 people,30.6
2018,,Araba/Álava,Per 100 people,35.9
2016,,Araba/Álava,Per 100 people,34.3
2012,,Araba/Álava,Per 100 people,26.6
2020,,Araba/Álava,Per 100 people,36.2
2022,,Araba/Álava,Per 100 people,39.1
2013,,Araba/Álava,Per 100 people,29.0
2015,,Bizkaia,Per 100 people,31.6
2020,,Bizkaia,Per 100 people,37.4
2018,,Bizkaia,Per 100 people,35.0
2012,,Bizkaia,Per 100 people,26.5
2011,,Bizkaia,Per 100 people,25.7
2019,,Bizkaia,Per 100 people,36.5
2017,,Bizkaia,Per 100 people,32.8
2016,,Bizkaia,Per 100 people,32.8
2014,,Bizkaia,Per 100 people,30.1
2010,,Bizkaia,Per 100 people,24.2
2021,,Bizkaia,Per 100 people,38.5
2022,,Bizkaia,Per 100 people,39.0
2013,,Bizkaia,Per 100 people,28.7
2022,,Gipuzkoa,Per 100 people,39.9
2014,,Gipuzkoa,Per 100 people,31.4
2018,,Gipuzkoa,Per 100 people,35.6
2012,,Gipuzkoa,Per 100 people,27.6
2021,,Gipuzkoa,Per 100 people,39.2
2019,,Gipuzkoa,Per 100 people,36.7
2015,,Gipuzkoa,Per 100 people,32.7
2017,,Gipuzkoa,Per 100 people,35.2
2013,,Gipuzkoa,Per 100 people,29.5
2020,,Gipuzkoa,Per 100 people,37.5
2010,,Gipuzkoa,Per 100 people,25.2
2016,,Gipuzkoa,Per 100 people,33.9
2011,,Gipuzkoa,Per 100 people,26.4
2018,DSL,,Per 100 people,5.8
2020,DSL,,Per 100 people,2.5
2014,DSL,,Per 100 people,16.6
2013,DSL,,Per 100 people,16.6
2017,DSL,,Per 100 people,8.3
2015,DSL,,Per 100 people,15.4
2012,DSL,,Per 100 people,15.3
2022,DSL,,Per 100 people,1.3
2021,DSL,,Per 100 people,1.9
2011,DSL,,Per 100 people,14.5
2016,DSL,,Per 100 people,11.3
2010,DSL,,Per 100 people,14.1
2019,DSL,,Per 100 people,3.8
2012,DSL,Araba/Álava,Per 100 people,17.5
2020,DSL,Araba/Álava,Per 100 people,2.3
2019,DSL,Araba/Álava,Per 100 people,4.6
2016,DSL,Araba/Álava,Per 100 people,13.2
2011,DSL,Araba/Álava,Per 100 people,17.2
2010,DSL,Araba/Álava,Per 100 people,17.4
2021,DSL,Araba/Álava,Per 100 people,1.5
2013,DSL,Araba/Álava,Per 100 people,18.9
2014,DSL,Araba/Álava,Per 100 people,18.8
2017,DSL,Araba/Álava,Per 100 people,9.6
2015,DSL,Araba/Álava,Per 100 people,17.2
2022,DSL,Araba/Álava,Per 100 people,1.0
2018,DSL,Araba/Álava,Per 100 people,7.5
2021,DSL,Bizkaia,Per 100 people,1.7
2022,DSL,Bizkaia,Per 100 people,1.2
2018,DSL,Bizkaia,Per 100 people,4.8
2014,DSL,Bizkaia,Per 100 people,15.4
2017,DSL,Bizkaia,Per 100 people,7.2
2015,DSL,Bizkaia,Per 100 people,14.3
2011,DSL,Bizkaia,Per 100 people,13.3
2010,DSL,Bizkaia,Per 100 people,12.7
2020,DSL,Bizkaia,Per 100 people,2.2
2016,DSL,Bizkaia,Per 100 people,10.1
2019,DSL,Bizkaia,Per 100 people,3.2
2013,DSL,Bizkaia,Per 100 people,15.6
2012,DSL,Bizkaia,Per 100 people,14.1
2020,DSL,Gipuzkoa,Per 100 people,3.2
2021,DSL,Gipuzkoa,Per 100 people,2.3
2010,DSL,Gipuzkoa,Per 100 people,14.9
2019,DSL,Gipuzkoa,Per 100 people,4.4
2018,DSL,Gipuzkoa,Per 100 people,6.5
2017,DSL,Gipuzkoa,Per 100 people,9.4
2016,DSL,Gipuzkoa,Per 100 people,12.2
2014,DSL,Gipuzkoa,Per 100 people,17.4
2013,DSL,Gipuzkoa,Per 100 people,17.3
2012,DSL,Gipuzkoa,Per 100 people,16.3
2011,DSL,Gipuzkoa,Per 100 people,15.3
2015,DSL,Gipuzkoa,Per 100 people,16.5
2022,DSL,Gipuzkoa,Per 100 people,1.6
2012,Fiber optic cable (FTTH),,Per 100 people,0.2
2020,Fiber optic cable (FTTH),,Per 100 people,22.5
2015,Fiber optic cable (FTTH),,Per 100 people,4.1
2014,Fiber optic cable (FTTH),,Per 100 people,1.9
2022,Fiber optic cable (FTTH),,Per 100 people,30.2
2019,Fiber optic cable (FTTH),,Per 100 people,19.9
2011,Fiber optic cable (FTTH),,Per 100 people,0.2
2016,Fiber optic cable (FTTH),,Per 100 people,9.4
2010,Fiber optic cable (FTTH),,Per 100 people,0.1
2018,Fiber optic cable (FTTH),,Per 100 people,16.8
2021,Fiber optic cable (FTTH),,Per 100 people,26.5
2013,Fiber optic cable (FTTH),,Per 100 people,0.5
2017,Fiber optic cable (FTTH),,Per 100 people,12.7
2021,Fiber optic cable (FTTH),Araba/Álava,Per 100 people,29.9
2018,Fiber optic cable (FTTH),Araba/Álava,Per 100 people,19.4
2013,Fiber optic cable (FTTH),Araba/Álava,Per 100 people,0.9
2010,Fiber optic cable (FTTH),Araba/Álava,Per 100 people,0.3
2011,Fiber optic cable (FTTH),Araba/Álava,Per 100 people,0.4
2012,Fiber optic cable (FTTH),Araba/Álava,Per 100 people,0.5
2020,Fiber optic cable (FTTH),Araba/Álava,Per 100 people,26.4
2019,Fiber optic cable (FTTH),Araba/Álava,Per 100 people,22.4
2022,Fiber optic cable (FTTH),Araba/Álava,Per 100 people,33.0
2017,Fiber optic cable (FTTH),Araba/Álava,Per 100 people,16.1
2016,Fiber optic cable (FTTH),Araba/Álava,Per 100 people,11.5
2015,Fiber optic cable (FTTH),Araba/Álava,Per 100 people,5.3
2014,Fiber optic cable (FTTH),Araba/Álava,Per 100 people,2.3
2015,Fiber optic cable (FTTH),Bizkaia,Per 100 people,3.7
2012,Fiber optic cable (FTTH),Bizkaia,Per 100 people,0.1
2011,Fiber optic cable (FTTH),Bizkaia,Per 100 people,0.1
2013,Fiber optic cable (FTTH),Bizkaia,Per 100 people,0.3
2016,Fiber optic cable (FTTH),Bizkaia,Per 100 people,8.8
2014,Fiber optic cable (FTTH),Bizkaia,Per 100 people,1.7
2010,Fiber optic cable (FTTH),Bizkaia,Per 100 people,0.0
2018,Fiber optic cable (FTTH),Bizkaia,Per 100 people,16.1
2019,Fiber optic cable (FTTH),Bizkaia,Per 100 people,19.2
2022,Fiber optic cable (FTTH),Bizkaia,Per 100 people,29.6
2017,Fiber optic cable (FTTH),Bizkaia,Per 100 people,11.3
2021,Fiber optic cable (FTTH),Bizkaia,Per 100 people,25.5
2020,Fiber optic cable (FTTH),Bizkaia,Per 100 people,21.4
2021,Fiber optic cable (FTTH),Gipuzkoa,Per 100 people,26.6
2018,Fiber optic cable (FTTH),Gipuzkoa,Per 100 people,16.7
2022,Fiber optic cable (FTTH),Gipuzkoa,Per 100 people,29.8
2020,Fiber optic cable (FTTH),Gipuzkoa,Per 100 people,22.3
2019,Fiber optic cable (FTTH),Gipuzkoa,Per 100 people,20.0
2017,Fiber optic cable (FTTH),Gipuzkoa,Per 100 people,13.4
2016,Fiber optic cable (FTTH),Gipuzkoa,Per 100 people,9.3
2014,Fiber optic cable (FTTH),Gipuzkoa,Per 100 people,2.2
2013,Fiber optic cable (FTTH),Gipuzkoa,Per 100 people,0.7
2012,Fiber optic cable (FTTH),Gipuzkoa,Per 100 people,0.2
2011,Fiber optic cable (FTTH),Gipuzkoa,Per 100 people,0.1
2010,Fiber optic cable (FTTH),Gipuzkoa,Per 100 people,0.0
2015,Fiber optic cable (FTTH),Gipuzkoa,Per 100 people,4.0
2019,Hybrid fiber-coaxial cable (HFC),,Per 100 people,12.5
2021,Hybrid fiber-coaxial cable (HFC),,Per 100 people,10.1
2011,Hybrid fiber-coaxial cable (HFC),,Per 100 people,11.1
2015,Hybrid fiber-coaxial cable (HFC),,Per 100 people,12.2
2013,Hybrid fiber-coaxial cable (HFC),,Per 100 people,11.7
2014,Hybrid fiber-coaxial cable (HFC),,Per 100 people,11.9
2020,Hybrid fiber-coaxial cable (HFC),,Per 100 people,11.9
2022,Hybrid fiber-coaxial cable (HFC),,Per 100 people,7.5
2017,Hybrid fiber-coaxial cable (HFC),,Per 100 people,12.6
2018,Hybrid fiber-coaxial cable (HFC),,Per 100 people,12.5
2016,Hybrid fiber-coaxial cable (HFC),,Per 100 people,12.5
2012,Hybrid fiber-coaxial cable (HFC),,Per 100 people,11.2
2010,Hybrid fiber-coaxial cable (HFC),,Per 100 people,10.2
2018,Hybrid fiber-coaxial cable (HFC),Araba/Álava,Per 100 people,8.6
2016,Hybrid fiber-coaxial cable (HFC),Araba/Álava,Per 100 people,9.2
2014,Hybrid fiber-coaxial cable (HFC),Araba/Álava,Per 100 people,9.2
2020,Hybrid fiber-coaxial cable (HFC),Araba/Álava,Per 100 people,7.2
2022,Hybrid fiber-coaxial cable (HFC),Araba/Álava,Per 100 people,4.8
2021,Hybrid fiber-coaxial cable (HFC),Araba/Álava,Per 100 people,7.3
2019,Hybrid fiber-coaxial cable (HFC),Araba/Álava,Per 100 people,8.5
2017,Hybrid fiber-coaxial cable (HFC),Araba/Álava,Per 100 people,8.7
2015,Hybrid fiber-coaxial cable (HFC),Araba/Álava,Per 100 people,9.1
2013,Hybrid fiber-coaxial cable (HFC),Araba/Álava,Per 100 people,8.9
2012,Hybrid fiber-coaxial cable (HFC),Araba/Álava,Per 100 people,8.2
2010,Hybrid fiber-coaxial cable (HFC),Araba/Álava,Per 100 people,6.7
2011,Hybrid fiber-coaxial cable (HFC),Araba/Álava,Per 100 people,8.0
2021,Hybrid fiber-coaxial cable (HFC),Bizkaia,Per 100 people,11.0
2020,Hybrid fiber-coaxial cable (HFC),Bizkaia,Per 100 people,13.4
2019,Hybrid fiber-coaxial cable (HFC),Bizkaia,Per 100 people,13.8
2018,Hybrid fiber-coaxial cable (HFC),Bizkaia,Per 100 people,13.9
2017,Hybrid fiber-coaxial cable (HFC),Bizkaia,Per 100 people,14.0
2016,Hybrid fiber-coaxial cable (HFC),Bizkaia,Per 100 people,13.7
2015,Hybrid fiber-coaxial cable (HFC),Bizkaia,Per 100 people,13.3
2014,Hybrid fiber-coaxial cable (HFC),Bizkaia,Per 100 people,12.9
2013,Hybrid fiber-coaxial cable (HFC),Bizkaia,Per 100 people,12.7
2012,Hybrid fiber-coaxial cable (HFC),Bizkaia,Per 100 people,12.1
2011,Hybrid fiber-coaxial cable (HFC),Bizkaia,Per 100 people,12.1
2010,Hybrid fiber-coaxial cable (HFC),Bizkaia,Per 100 people,11.3
2022,Hybrid fiber-coaxial cable (HFC),Bizkaia,Per 100 people,7.9
2019,Hybrid fiber-coaxial cable (HFC),Gipuzkoa,Per 100 people,12.1
2018,Hybrid fiber-coaxial cable (HFC),Gipuzkoa,Per 100 people,12.1
2017,Hybrid fiber-coaxial cable (HFC),Gipuzkoa,Per 100 people,12.2
2016,Hybrid fiber-coaxial cable (HFC),Gipuzkoa,Per 100 people,12.1
2015,Hybrid fiber-coaxial cable (HFC),Gipuzkoa,Per 100 people,11.9
2014,Hybrid fiber-coaxial cable (HFC),Gipuzkoa,Per 100 people,11.6
2013,Hybrid fiber-coaxial cable (HFC),Gipuzkoa,Per 100 people,11.3
2012,Hybrid fiber-coaxial cable (HFC),Gipuzkoa,Per 100 people,10.9
2011,Hybrid fiber-coaxial cable (HFC),Gipuzkoa,Per 100 people,10.7
2010,Hybrid fiber-coaxial cable (HFC),Gipuzkoa,Per 100 people,10.0
2022,Hybrid fiber-coaxial cable (HFC),Gipuzkoa,Per 100 people,8.1
2021,Hybrid fiber-coaxial cable (HFC),Gipuzkoa,Per 100 people,10.0
2020,Hybrid fiber-coaxial cable (HFC),Gipuzkoa,Per 100 people,11.7
2010,Other technology,,Per 100 people,0.2
2018,Other technology,,Per 100 people,0.3
2020,Other technology,,Per 100 people,0.3
2019,Other technology,,Per 100 people,0.3
2014,Other technology,,Per 100 people,0.2
2012,Other technology,,Per 100 people,0.2
2011,Other technology,,Per 100 people,0.2
2017,Other technology,,Per 100 people,0.3
2013,Other technology,,Per 100 people,0.2
2022,Other technology,,Per 100 people,0.3
2021,Other technology,,Per 100 people,0.3
2016,Other technology,,Per 100 people,0.3
2015,Other technology,,Per 100 people,0.2
2012,Other technology,Araba/Álava,Per 100 people,0.4
2010,Other technology,Araba/Álava,Per 100 people,0.5
2011,Other technology,Araba/Álava,Per 100 people,0.4
2015,Other technology,Araba/Álava,Per 100 people,0.4
2016,Other technology,Araba/Álava,Per 100 people,0.4
2017,Other technology,Araba/Álava,Per 100 people,0.4
2020,Other technology,Araba/Álava,Per 100 people,0.3
2019,Other technology,Araba/Álava,Per 100 people,0.4
2022,Other technology,Araba/Álava,Per 100 people,0.3
2021,Other technology,Araba/Álava,Per 100 people,0.3
2018,Other technology,Araba/Álava,Per 100 people,0.5
2014,Other technology,Araba/Álava,Per 100 people,0.4
2013,Other technology,Araba/Álava,Per 100 people,0.4
2013,Other technology,Bizkaia,Per 100 people,0.1
2022,Other technology,Bizkaia,Per 100 people,0.3
2021,Other technology,Bizkaia,Per 100 people,0.3
2020,Other technology,Bizkaia,Per 100 people,0.4
2019,Other technology,Bizkaia,Per 100 people,0.3
2018,Other technology,Bizkaia,Per 100 people,0.3
2017,Other technology,Bizkaia,Per 100 people,0.3
2016,Other technology,Bizkaia,Per 100 people,0.2
2015,Other technology,Bizkaia,Per 100 people,0.2
2014,Other technology,Bizkaia,Per 100 people,0.2
2012,Other technology,Bizkaia,Per 100 people,0.1
2011,Other technology,Bizkaia,Per 100 people,0.2
2010,Other technology,Bizkaia,Per 100 people,0.2
2014,Other technology,Gipuzkoa,Per 100 people,0.2
2010,Other technology,Gipuzkoa,Per 100 people,0.3
2018,Other technology,Gipuzkoa,Per 100 people,0.3
2022,Other technology,Gipuzkoa,Per 100 people,0.4
2021,Other technology,Gipuzkoa,Per 100 people,0.3
2020,Other technology,Gipuzkoa,Per 100 people,0.3
2019,Other technology,Gipuzkoa,Per 100 people,0.3
2017,Other technology,Gipuzkoa,Per 100 people,0.3
2016,Other technology,Gipuzkoa,Per 100 people,0.2
2015,Other technology,Gipuzkoa,Per 100 people,0.2
2013,Other technology,Gipuzkoa,Per 100 people,0.2
2012,Other technology,Gipuzkoa,Per 100 people,0.2
2011,Other technology,Gipuzkoa,Per 100 people,0.2
