Year,Sex,Province,Units,Value
2008,,,PT,55.4
2014,,,PT,76.4
2020,,,PT,91.7
2009,,,PT,57.7
2022,,,PT,94.3
2010,,,PT,58.4
2021,,,PT,94.0
2015,,,PT,80.2
2011,,,PT,63.5
2012,,,PT,64.3
2016,,,PT,83.7
2019,,,PT,89.1
2013,,,PT,73.8
2017,,,PT,84.3
2018,,,PT,87.9
2023,,,PT,96.3
2016,,Araba/Álava,PT,83.9
2019,,Araba/Álava,PT,89.2
2009,,Araba/Álava,PT,56.2
2017,,Araba/Álava,PT,86.4
2014,,Araba/Álava,PT,76.4
2015,,Araba/Álava,PT,80.9
2023,,Araba/Álava,PT,96.6
2008,,Araba/Álava,PT,55.3
2013,,Araba/Álava,PT,75.4
2020,,Araba/Álava,PT,91.1
2010,,Araba/Álava,PT,61.8
2022,,Araba/Álava,PT,93.7
2018,,Araba/Álava,PT,90.5
2012,,Araba/Álava,PT,64.5
2011,,Araba/Álava,PT,61.2
2021,,Araba/Álava,PT,94.2
2011,,Bizkaia,PT,62.6
2010,,Bizkaia,PT,55.2
2019,,Bizkaia,PT,89.7
2021,,Bizkaia,PT,94.0
2017,,Bizkaia,PT,83.5
2015,,Bizkaia,PT,80.2
2018,,Bizkaia,PT,87.5
2013,,Bizkaia,PT,74.0
2012,,Bizkaia,PT,62.1
2009,,Bizkaia,PT,57.8
2008,,Bizkaia,PT,55.2
2014,,Bizkaia,PT,77.2
2022,,Bizkaia,PT,94.5
2023,,Bizkaia,PT,96.5
2020,,Bizkaia,PT,91.4
2016,,Bizkaia,PT,84.0
2014,,Gipuzkoa,PT,75.1
2010,,Gipuzkoa,PT,62.3
2012,,Gipuzkoa,PT,67.7
2015,,Gipuzkoa,PT,79.8
2011,,Gipuzkoa,PT,66.0
2023,,Gipuzkoa,PT,96.0
2009,,Gipuzkoa,PT,58.2
2018,,Gipuzkoa,PT,87.4
2022,,Gipuzkoa,PT,94.4
2019,,Gipuzkoa,PT,88.2
2017,,Gipuzkoa,PT,84.5
2008,,Gipuzkoa,PT,55.7
2013,,Gipuzkoa,PT,72.8
2020,,Gipuzkoa,PT,92.5
2021,,Gipuzkoa,PT,93.8
2016,,Gipuzkoa,PT,83.0
2009,F,,PT,54.9
2010,F,,PT,55.7
2013,F,,PT,70.2
2016,F,,PT,82.7
2017,F,,PT,84.0
2015,F,,PT,77.3
2021,F,,PT,94.6
2008,F,,PT,52.4
2023,F,,PT,97.0
2011,F,,PT,60.5
2018,F,,PT,86.6
2012,F,,PT,61.1
2022,F,,PT,94.8
2014,F,,PT,74.4
2020,F,,PT,92.1
2019,F,,PT,88.6
2021,F,Araba/Álava,PT,95.3
2020,F,Araba/Álava,PT,92.4
2023,F,Araba/Álava,PT,97.6
2018,F,Araba/Álava,PT,88.9
2009,F,Araba/Álava,PT,54.0
2010,F,Araba/Álava,PT,60.8
2013,F,Araba/Álava,PT,72.9
2015,F,Araba/Álava,PT,77.6
2017,F,Araba/Álava,PT,86.9
2014,F,Araba/Álava,PT,75.0
2011,F,Araba/Álava,PT,60.2
2008,F,Araba/Álava,PT,53.1
2016,F,Araba/Álava,PT,81.8
2012,F,Araba/Álava,PT,62.5
2022,F,Araba/Álava,PT,92.5
2019,F,Araba/Álava,PT,89.2
2020,F,Bizkaia,PT,91.6
2023,F,Bizkaia,PT,96.7
2021,F,Bizkaia,PT,94.5
2019,F,Bizkaia,PT,88.2
2015,F,Bizkaia,PT,76.7
2010,F,Bizkaia,PT,52.4
2013,F,Bizkaia,PT,69.6
2012,F,Bizkaia,PT,59.1
2011,F,Bizkaia,PT,57.9
2009,F,Bizkaia,PT,54.4
2008,F,Bizkaia,PT,51.7
2017,F,Bizkaia,PT,83.1
2016,F,Bizkaia,PT,83.1
2014,F,Bizkaia,PT,75.3
2018,F,Bizkaia,PT,85.5
2022,F,Bizkaia,PT,94.9
2023,F,Gipuzkoa,PT,97.2
2020,F,Gipuzkoa,PT,92.7
2019,F,Gipuzkoa,PT,89.1
2017,F,Gipuzkoa,PT,84.3
2016,F,Gipuzkoa,PT,82.5
2015,F,Gipuzkoa,PT,78.1
2014,F,Gipuzkoa,PT,72.7
2013,F,Gipuzkoa,PT,70.1
2012,F,Gipuzkoa,PT,63.8
2011,F,Gipuzkoa,PT,64.9
2010,F,Gipuzkoa,PT,59.0
2009,F,Gipuzkoa,PT,56.2
2008,F,Gipuzkoa,PT,53.4
2022,F,Gipuzkoa,PT,95.9
2018,F,Gipuzkoa,PT,87.5
2021,F,Gipuzkoa,PT,94.4
2019,M,,PT,89.6
2012,M,,PT,67.5
2023,M,,PT,95.7
2020,M,,PT,91.3
2018,M,,PT,89.2
2010,M,,PT,61.2
2017,M,,PT,84.5
2008,M,,PT,58.3
2016,M,,PT,84.6
2009,M,,PT,60.5
2014,M,,PT,78.4
2015,M,,PT,83.1
2011,M,,PT,66.5
2022,M,,PT,93.8
2013,M,,PT,77.4
2021,M,,PT,93.4
2022,M,Araba/Álava,PT,95.0
2014,M,Araba/Álava,PT,77.8
2021,M,Araba/Álava,PT,93.0
2023,M,Araba/Álava,PT,95.5
2010,M,Araba/Álava,PT,62.9
2013,M,Araba/Álava,PT,77.9
2009,M,Araba/Álava,PT,58.4
2017,M,Araba/Álava,PT,85.9
2012,M,Araba/Álava,PT,66.5
2016,M,Araba/Álava,PT,86.0
2008,M,Araba/Álava,PT,57.5
2018,M,Araba/Álava,PT,92.2
2011,M,Araba/Álava,PT,62.1
2019,M,Araba/Álava,PT,89.2
2015,M,Araba/Álava,PT,84.2
2020,M,Araba/Álava,PT,89.8
2023,M,Bizkaia,PT,96.3
2022,M,Bizkaia,PT,94.1
2021,M,Bizkaia,PT,93.6
2020,M,Bizkaia,PT,91.2
2019,M,Bizkaia,PT,91.3
2018,M,Bizkaia,PT,89.6
2014,M,Bizkaia,PT,79.1
2017,M,Bizkaia,PT,83.9
2016,M,Bizkaia,PT,85.0
2015,M,Bizkaia,PT,83.8
2013,M,Bizkaia,PT,78.5
2012,M,Bizkaia,PT,65.3
2011,M,Bizkaia,PT,67.3
2010,M,Bizkaia,PT,58.1
2009,M,Bizkaia,PT,61.2
2008,M,Bizkaia,PT,58.8
2014,M,Gipuzkoa,PT,77.5
2009,M,Gipuzkoa,PT,60.1
2013,M,Gipuzkoa,PT,75.4
2012,M,Gipuzkoa,PT,71.6
2011,M,Gipuzkoa,PT,67.2
2010,M,Gipuzkoa,PT,65.4
2023,M,Gipuzkoa,PT,94.8
2022,M,Gipuzkoa,PT,92.9
2021,M,Gipuzkoa,PT,93.2
2020,M,Gipuzkoa,PT,92.3
2019,M,Gipuzkoa,PT,87.2
2018,M,Gipuzkoa,PT,87.3
2008,M,Gipuzkoa,PT,57.9
2017,M,Gipuzkoa,PT,84.8
2016,M,Gipuzkoa,PT,83.4
2015,M,Gipuzkoa,PT,81.5
