Year,Series,Economic activity,Units,Value
2016,Ammonia emissions from agriculture and livestock per hectare,,Kg per hectare,19.2
2019,Ammonia emissions from agriculture and livestock per hectare,,Kg per hectare,18.4
2020,Ammonia emissions from agriculture and livestock per hectare,,Kg per hectare,18.5
2013,Ammonia emissions from agriculture and livestock per hectare,,Kg per hectare,18.6
2021,Ammonia emissions from agriculture and livestock per hectare,,Kg per hectare,18.1
2015,Ammonia emissions from agriculture and livestock per hectare,,Kg per hectare,19.1
2018,Ammonia emissions from agriculture and livestock per hectare,,Kg per hectare,18.2
2017,Ammonia emissions from agriculture and livestock per hectare,,Kg per hectare,19.2
2011,Ammonia emissions from agriculture and livestock per hectare,,Kg per hectare,18.6
2012,Ammonia emissions from agriculture and livestock per hectare,,Kg per hectare,19.2
2010,Ammonia emissions from agriculture and livestock per hectare,,Kg per hectare,19.6
2014,Ammonia emissions from agriculture and livestock per hectare,,Kg per hectare,19.3
2022,Ammonia emissions from agriculture and livestock per hectare,,Kg per hectare,18.0
2010,Ammonia emissions from agriculture and livestock per hectare,Agriculture,Kg per hectare,38.1
2015,Ammonia emissions from agriculture and livestock per hectare,Agriculture,Kg per hectare,38.7
2021,Ammonia emissions from agriculture and livestock per hectare,Agriculture,Kg per hectare,35.2
2011,Ammonia emissions from agriculture and livestock per hectare,Agriculture,Kg per hectare,36.3
2013,Ammonia emissions from agriculture and livestock per hectare,Agriculture,Kg per hectare,39.1
2017,Ammonia emissions from agriculture and livestock per hectare,Agriculture,Kg per hectare,40.2
2012,Ammonia emissions from agriculture and livestock per hectare,Agriculture,Kg per hectare,38.3
2022,Ammonia emissions from agriculture and livestock per hectare,Agriculture,Kg per hectare,35.0
2019,Ammonia emissions from agriculture and livestock per hectare,Agriculture,Kg per hectare,37.0
2020,Ammonia emissions from agriculture and livestock per hectare,Agriculture,Kg per hectare,36.1
2014,Ammonia emissions from agriculture and livestock per hectare,Agriculture,Kg per hectare,38.9
2018,Ammonia emissions from agriculture and livestock per hectare,Agriculture,Kg per hectare,37.0
2016,Ammonia emissions from agriculture and livestock per hectare,Agriculture,Kg per hectare,39.4
2013,Ammonia emissions from agriculture and livestock per hectare,Livestock,Kg per hectare,6.6
2016,Ammonia emissions from agriculture and livestock per hectare,Livestock,Kg per hectare,7.1
2019,Ammonia emissions from agriculture and livestock per hectare,Livestock,Kg per hectare,6.9
2012,Ammonia emissions from agriculture and livestock per hectare,Livestock,Kg per hectare,8.0
2010,Ammonia emissions from agriculture and livestock per hectare,Livestock,Kg per hectare,8.6
2017,Ammonia emissions from agriculture and livestock per hectare,Livestock,Kg per hectare,6.9
2021,Ammonia emissions from agriculture and livestock per hectare,Livestock,Kg per hectare,7.3
2018,Ammonia emissions from agriculture and livestock per hectare,Livestock,Kg per hectare,7.1
2022,Ammonia emissions from agriculture and livestock per hectare,Livestock,Kg per hectare,7.3
2020,Ammonia emissions from agriculture and livestock per hectare,Livestock,Kg per hectare,7.5
2011,Ammonia emissions from agriculture and livestock per hectare,Livestock,Kg per hectare,8.3
2014,Ammonia emissions from agriculture and livestock per hectare,Livestock,Kg per hectare,7.7
2015,Ammonia emissions from agriculture and livestock per hectare,Livestock,Kg per hectare,7.5
2016,Ammonia emissions from agriculture and livestock,,Kilotons,4.2
2013,Ammonia emissions from agriculture and livestock,,Kilotons,4.1
2022,Ammonia emissions from agriculture and livestock,,Kilotons,4.0
2017,Ammonia emissions from agriculture and livestock,,Kilotons,4.3
2019,Ammonia emissions from agriculture and livestock,,Kilotons,4.1
2014,Ammonia emissions from agriculture and livestock,,Kilotons,4.3
2020,Ammonia emissions from agriculture and livestock,,Kilotons,4.1
2012,Ammonia emissions from agriculture and livestock,,Kilotons,4.2
2011,Ammonia emissions from agriculture and livestock,,Kilotons,4.1
2021,Ammonia emissions from agriculture and livestock,,Kilotons,4.0
2010,Ammonia emissions from agriculture and livestock,,Kilotons,4.3
2018,Ammonia emissions from agriculture and livestock,,Kilotons,4.0
2015,Ammonia emissions from agriculture and livestock,,Kilotons,4.2
2013,Ammonia emissions from agriculture and livestock,Agriculture,Kilotons,3.2
2011,Ammonia emissions from agriculture and livestock,Agriculture,Kilotons,3.0
2010,Ammonia emissions from agriculture and livestock,Agriculture,Kilotons,3.1
2012,Ammonia emissions from agriculture and livestock,Agriculture,Kilotons,3.1
2016,Ammonia emissions from agriculture and livestock,Agriculture,Kilotons,3.3
2020,Ammonia emissions from agriculture and livestock,Agriculture,Kilotons,3.1
2014,Ammonia emissions from agriculture and livestock,Agriculture,Kilotons,3.2
2022,Ammonia emissions from agriculture and livestock,Agriculture,Kilotons,3.0
2021,Ammonia emissions from agriculture and livestock,Agriculture,Kilotons,3.0
2019,Ammonia emissions from agriculture and livestock,Agriculture,Kilotons,3.1
2018,Ammonia emissions from agriculture and livestock,Agriculture,Kilotons,3.0
2017,Ammonia emissions from agriculture and livestock,Agriculture,Kilotons,3.3
2015,Ammonia emissions from agriculture and livestock,Agriculture,Kilotons,3.2
2016,Ammonia emissions from agriculture and livestock,Livestock,Kilotons,1.0
2014,Ammonia emissions from agriculture and livestock,Livestock,Kilotons,1.1
2013,Ammonia emissions from agriculture and livestock,Livestock,Kilotons,0.9
2011,Ammonia emissions from agriculture and livestock,Livestock,Kilotons,1.2
2012,Ammonia emissions from agriculture and livestock,Livestock,Kilotons,1.1
2019,Ammonia emissions from agriculture and livestock,Livestock,Kilotons,0.9
2010,Ammonia emissions from agriculture and livestock,Livestock,Kilotons,1.2
2022,Ammonia emissions from agriculture and livestock,Livestock,Kilotons,1.0
2021,Ammonia emissions from agriculture and livestock,Livestock,Kilotons,1.0
2015,Ammonia emissions from agriculture and livestock,Livestock,Kilotons,1.0
2020,Ammonia emissions from agriculture and livestock,Livestock,Kilotons,1.0
2018,Ammonia emissions from agriculture and livestock,Livestock,Kilotons,1.0
2017,Ammonia emissions from agriculture and livestock,Livestock,Kilotons,1.0
