Year,Series,Units,Value
2014,AG_LND_FOVH,Porcentaje,27.73
2015,AG_LND_FOVH,Porcentaje,30.21
2016,AG_LND_FOVH,Porcentaje,20.46
2017,AG_LND_FOVH,Porcentaje,24.62
2018,AG_LND_FOVH,Porcentaje,23.52
2019,AG_LND_FOVH,Porcentaje,28.37
2020,AG_LND_FOVH,Porcentaje,18.38
2021,AG_LND_FOVH,Porcentaje,16.8
2022,AG_LND_FOVH,Porcentaje,16.86
2016,AG_LND_NFI,Porcentaje,98.77
2017,AG_LND_NFI,Porcentaje,97.65
2018,AG_LND_NFI,Porcentaje,99.13
2019,AG_LND_NFI,Porcentaje,99.91
2020,AG_LND_NFI,Porcentaje,99.83
2021,AG_LND_NFI,Porcentaje,99.39
2022,AG_LND_NFI,Porcentaje,97.79
2022,EU_AG_LND_AGRWAG,Índice,100.0
2023,EU_AG_LND_AGRWAG,Índice,100.15
