Year,Province,County,Municipality,Units,GeoCode,Value
2010,Araba/Álava,,,Percentage,Araba/Álava,1.1
2011,Araba/Álava,,,Percentage,Araba/Álava,1.0
2012,Araba/Álava,,,Percentage,Araba/Álava,1.1
2013,Araba/Álava,,,Percentage,Araba/Álava,1.0
2014,Araba/Álava,,,Percentage,Araba/Álava,1.4
2015,Araba/Álava,,,Percentage,Araba/Álava,1.5
2016,Araba/Álava,,,Percentage,Araba/Álava,1.5
2017,Araba/Álava,,,Percentage,Araba/Álava,1.5
2018,Araba/Álava,,,Percentage,Araba/Álava,1.6
2019,Araba/Álava,,,Percentage,Araba/Álava,1.4
2020,Araba/Álava,,,Percentage,Araba/Álava,1.2
2021,Araba/Álava,,,Percentage,Araba/Álava,1.4
2022,Araba/Álava,,,Percentage,Araba/Álava,1.4
2014,,,Alegría-Dulantzi,Percentage,Alegría-Dulantzi,2.5
2015,,,Alegría-Dulantzi,Percentage,Alegría-Dulantzi,3.6
2016,,,Alegría-Dulantzi,Percentage,Alegría-Dulantzi,3.4
2017,,,Alegría-Dulantzi,Percentage,Alegría-Dulantzi,4.1
2018,,,Alegría-Dulantzi,Percentage,Alegría-Dulantzi,4.0
2019,,,Alegría-Dulantzi,Percentage,Alegría-Dulantzi,3.5
2020,,,Alegría-Dulantzi,Percentage,Alegría-Dulantzi,3.2
2014,,,Amurrio,Percentage,Amurrio,1.5
2015,,,Amurrio,Percentage,Amurrio,1.3
2016,,,Amurrio,Percentage,Amurrio,1.2
2017,,,Amurrio,Percentage,Amurrio,1.3
2018,,,Amurrio,Percentage,Amurrio,1.2
2019,,,Amurrio,Percentage,Amurrio,0.9
2020,,,Amurrio,Percentage,Amurrio,1.0
2014,,,Aramaio,Percentage,Aramaio,17.4
2015,,,Aramaio,Percentage,Aramaio,15.9
2016,,,Aramaio,Percentage,Aramaio,14.4
2017,,,Aramaio,Percentage,Aramaio,16.4
2018,,,Aramaio,Percentage,Aramaio,16.5
2019,,,Aramaio,Percentage,Aramaio,13.8
2020,,,Aramaio,Percentage,Aramaio,12.5
2014,,,Artziniega,Percentage,Artziniega,2.9
2015,,,Artziniega,Percentage,Artziniega,2.2
2016,,,Artziniega,Percentage,Artziniega,2.1
2017,,,Artziniega,Percentage,Artziniega,2.4
2018,,,Artziniega,Percentage,Artziniega,2.7
2019,,,Artziniega,Percentage,Artziniega,2.0
2020,,,Artziniega,Percentage,Artziniega,1.7
2014,,,Armiñón,Percentage,Armiñón,6.6
2015,,,Armiñón,Percentage,Armiñón,7.3
2016,,,Armiñón,Percentage,Armiñón,9.2
2017,,,Armiñón,Percentage,Armiñón,7.4
2018,,,Armiñón,Percentage,Armiñón,7.2
2019,,,Armiñón,Percentage,Armiñón,8.1
2020,,,Armiñón,Percentage,Armiñón,9.6
2014,,,Arratzua-Ubarrundia,Percentage,Arratzua-Ubarrundia,10.7
2015,,,Arratzua-Ubarrundia,Percentage,Arratzua-Ubarrundia,9.3
2016,,,Arratzua-Ubarrundia,Percentage,Arratzua-Ubarrundia,9.0
2017,,,Arratzua-Ubarrundia,Percentage,Arratzua-Ubarrundia,8.8
2018,,,Arratzua-Ubarrundia,Percentage,Arratzua-Ubarrundia,7.5
2019,,,Arratzua-Ubarrundia,Percentage,Arratzua-Ubarrundia,6.8
2020,,,Arratzua-Ubarrundia,Percentage,Arratzua-Ubarrundia,6.4
2014,,,Asparrena,Percentage,Asparrena,3.5
2015,,,Asparrena,Percentage,Asparrena,3.1
2016,,,Asparrena,Percentage,Asparrena,2.4
2017,,,Asparrena,Percentage,Asparrena,1.7
2018,,,Asparrena,Percentage,Asparrena,1.5
2019,,,Asparrena,Percentage,Asparrena,1.3
2020,,,Asparrena,Percentage,Asparrena,1.7
2014,,Añana (county),,Percentage,Añana (county),8.1
2015,,Añana (county),,Percentage,Añana (county),7.4
2016,,Añana (county),,Percentage,Añana (county),7.1
2017,,Añana (county),,Percentage,Añana (county),6.7
2018,,Añana (county),,Percentage,Añana (county),7.0
2019,,Añana (county),,Percentage,Añana (county),6.5
2020,,Añana (county),,Percentage,Añana (county),6.3
2014,,,Ayala/Aiara,Percentage,Ayala/Aiara,11.9
2015,,,Ayala/Aiara,Percentage,Ayala/Aiara,9.2
2016,,,Ayala/Aiara,Percentage,Ayala/Aiara,7.9
2017,,,Ayala/Aiara,Percentage,Ayala/Aiara,8.4
2018,,,Ayala/Aiara,Percentage,Ayala/Aiara,7.8
2019,,,Ayala/Aiara,Percentage,Ayala/Aiara,6.1
2020,,,Ayala/Aiara,Percentage,Ayala/Aiara,6.0
2014,,,Baños de Ebro/Mañueta,Percentage,Baños de Ebro/Mañueta,26.6
2015,,,Baños de Ebro/Mañueta,Percentage,Baños de Ebro/Mañueta,32.6
2016,,,Baños de Ebro/Mañueta,Percentage,Baños de Ebro/Mañueta,34.2
2017,,,Baños de Ebro/Mañueta,Percentage,Baños de Ebro/Mañueta,34.5
2018,,,Baños de Ebro/Mañueta,Percentage,Baños de Ebro/Mañueta,37.1
2019,,,Baños de Ebro/Mañueta,Percentage,Baños de Ebro/Mañueta,35.7
2020,,,Baños de Ebro/Mañueta,Percentage,Baños de Ebro/Mañueta,39.7
2014,,,Barrundia,Percentage,Barrundia,30.9
2015,,,Barrundia,Percentage,Barrundia,25.8
2016,,,Barrundia,Percentage,Barrundia,27.3
2017,,,Barrundia,Percentage,Barrundia,28.2
2018,,,Barrundia,Percentage,Barrundia,27.5
2019,,,Barrundia,Percentage,Barrundia,26.6
2020,,,Barrundia,Percentage,Barrundia,26.7
2014,,,Berantevilla,Percentage,Berantevilla,4.1
2015,,,Berantevilla,Percentage,Berantevilla,6.0
2016,,,Berantevilla,Percentage,Berantevilla,4.9
2017,,,Berantevilla,Percentage,Berantevilla,4.0
2018,,,Berantevilla,Percentage,Berantevilla,4.4
2019,,,Berantevilla,Percentage,Berantevilla,3.9
2020,,,Berantevilla,Percentage,Berantevilla,4.4
2014,,,Bernedo,Percentage,Bernedo,7.5
2015,,,Bernedo,Percentage,Bernedo,7.8
2016,,,Bernedo,Percentage,Bernedo,7.6
2017,,,Bernedo,Percentage,Bernedo,7.5
2018,,,Bernedo,Percentage,Bernedo,7.4
2019,,,Bernedo,Percentage,Bernedo,7.0
2020,,,Bernedo,Percentage,Bernedo,5.6
2014,,,Campezo/Kanpezu,Percentage,Campezo/Kanpezu,11.5
2015,,,Campezo/Kanpezu,Percentage,Campezo/Kanpezu,12.9
2016,,,Campezo/Kanpezu,Percentage,Campezo/Kanpezu,13.1
2017,,,Campezo/Kanpezu,Percentage,Campezo/Kanpezu,11.3
2018,,,Campezo/Kanpezu,Percentage,Campezo/Kanpezu,12.6
2019,,,Campezo/Kanpezu,Percentage,Campezo/Kanpezu,11.3
2020,,,Campezo/Kanpezu,Percentage,Campezo/Kanpezu,9.7
2014,,,Zigoitia,Percentage,Zigoitia,4.4
2015,,,Zigoitia,Percentage,Zigoitia,2.7
2016,,,Zigoitia,Percentage,Zigoitia,2.9
2017,,,Zigoitia,Percentage,Zigoitia,3.4
2018,,,Zigoitia,Percentage,Zigoitia,3.5
2019,,,Zigoitia,Percentage,Zigoitia,2.8
2020,,,Zigoitia,Percentage,Zigoitia,3.2
2014,,,Kripan,Percentage,Kripan,45.8
2015,,,Kripan,Percentage,Kripan,59.0
2016,,,Kripan,Percentage,Kripan,60.7
2017,,,Kripan,Percentage,Kripan,59.9
2018,,,Kripan,Percentage,Kripan,63.8
2019,,,Kripan,Percentage,Kripan,60.2
2020,,,Kripan,Percentage,Kripan,58.9
2014,,Arabako Lautada / Llanada Alavesa,,Percentage,Arabako Lautada / Llanada Alavesa,0.5
2015,,Arabako Lautada / Llanada Alavesa,,Percentage,Arabako Lautada / Llanada Alavesa,0.6
2016,,Arabako Lautada / Llanada Alavesa,,Percentage,Arabako Lautada / Llanada Alavesa,0.5
2017,,Arabako Lautada / Llanada Alavesa,,Percentage,Arabako Lautada / Llanada Alavesa,0.5
2018,,Arabako Lautada / Llanada Alavesa,,Percentage,Arabako Lautada / Llanada Alavesa,0.5
2019,,Arabako Lautada / Llanada Alavesa,,Percentage,Arabako Lautada / Llanada Alavesa,0.4
2020,,Arabako Lautada / Llanada Alavesa,,Percentage,Arabako Lautada / Llanada Alavesa,0.4
2014,,,Kuartango,Percentage,Kuartango,41.3
2015,,,Kuartango,Percentage,Kuartango,29.5
2016,,,Kuartango,Percentage,Kuartango,32.8
2017,,,Kuartango,Percentage,Kuartango,33.0
2018,,,Kuartango,Percentage,Kuartango,37.3
2019,,,Kuartango,Percentage,Kuartango,35.4
2020,,,Kuartango,Percentage,Kuartango,33.3
2014,,,Elburgo/Burgelu,Percentage,Elburgo/Burgelu,17.0
2015,,,Elburgo/Burgelu,Percentage,Elburgo/Burgelu,25.6
2016,,,Elburgo/Burgelu,Percentage,Elburgo/Burgelu,20.2
2017,,,Elburgo/Burgelu,Percentage,Elburgo/Burgelu,17.3
2018,,,Elburgo/Burgelu,Percentage,Elburgo/Burgelu,17.3
2019,,,Elburgo/Burgelu,Percentage,Elburgo/Burgelu,18.1
2020,,,Elburgo/Burgelu,Percentage,Elburgo/Burgelu,18.9
2014,,,Elciego,Percentage,Elciego,9.8
2015,,,Elciego,Percentage,Elciego,13.3
2016,,,Elciego,Percentage,Elciego,13.8
2017,,,Elciego,Percentage,Elciego,12.6
2018,,,Elciego,Percentage,Elciego,14.1
2019,,,Elciego,Percentage,Elciego,12.5
2020,,,Elciego,Percentage,Elciego,12.3
2014,,,Elvillar/Bilar,Percentage,Elvillar/Bilar,25.5
2015,,,Elvillar/Bilar,Percentage,Elvillar/Bilar,33.6
2016,,,Elvillar/Bilar,Percentage,Elvillar/Bilar,39.7
2017,,,Elvillar/Bilar,Percentage,Elvillar/Bilar,43.1
2018,,,Elvillar/Bilar,Percentage,Elvillar/Bilar,50.6
2019,,,Elvillar/Bilar,Percentage,Elvillar/Bilar,48.9
2020,,,Elvillar/Bilar,Percentage,Elvillar/Bilar,53.4
2014,,,Iruraiz-Gauna,Percentage,Iruraiz-Gauna,35.9
2015,,,Iruraiz-Gauna,Percentage,Iruraiz-Gauna,44.1
2016,,,Iruraiz-Gauna,Percentage,Iruraiz-Gauna,37.2
2017,,,Iruraiz-Gauna,Percentage,Iruraiz-Gauna,34.5
2018,,,Iruraiz-Gauna,Percentage,Iruraiz-Gauna,33.5
2019,,,Iruraiz-Gauna,Percentage,Iruraiz-Gauna,36.5
2020,,,Iruraiz-Gauna,Percentage,Iruraiz-Gauna,35.3
2014,,,Labastida/Bastida,Percentage,Labastida/Bastida,8.2
2015,,,Labastida/Bastida,Percentage,Labastida/Bastida,10.8
2016,,,Labastida/Bastida,Percentage,Labastida/Bastida,8.9
2017,,,Labastida/Bastida,Percentage,Labastida/Bastida,8.6
2018,,,Labastida/Bastida,Percentage,Labastida/Bastida,9.8
2019,,,Labastida/Bastida,Percentage,Labastida/Bastida,8.2
2020,,,Labastida/Bastida,Percentage,Labastida/Bastida,6.8
2014,,Arabako Mendialdea / Montaña Alavesa,,Percentage,Arabako Mendialdea / Montaña Alavesa,12.0
2015,,Arabako Mendialdea / Montaña Alavesa,,Percentage,Arabako Mendialdea / Montaña Alavesa,12.2
2016,,Arabako Mendialdea / Montaña Alavesa,,Percentage,Arabako Mendialdea / Montaña Alavesa,12.6
2017,,Arabako Mendialdea / Montaña Alavesa,,Percentage,Arabako Mendialdea / Montaña Alavesa,12.0
2018,,Arabako Mendialdea / Montaña Alavesa,,Percentage,Arabako Mendialdea / Montaña Alavesa,12.4
2019,,Arabako Mendialdea / Montaña Alavesa,,Percentage,Arabako Mendialdea / Montaña Alavesa,11.4
2020,,Arabako Mendialdea / Montaña Alavesa,,Percentage,Arabako Mendialdea / Montaña Alavesa,10.0
2014,,,Lagrán,Percentage,Lagrán,18.9
2015,,,Lagrán,Percentage,Lagrán,24.0
2016,,,Lagrán,Percentage,Lagrán,21.5
2017,,,Lagrán,Percentage,Lagrán,17.9
2018,,,Lagrán,Percentage,Lagrán,22.0
2019,,,Lagrán,Percentage,Lagrán,18.9
2020,,,Lagrán,Percentage,Lagrán,22.1
2014,,,Laguardia,Percentage,Laguardia,8.3
2015,,,Laguardia,Percentage,Laguardia,9.3
2016,,,Laguardia,Percentage,Laguardia,10.4
2017,,,Laguardia,Percentage,Laguardia,9.8
2018,,,Laguardia,Percentage,Laguardia,11.2
2019,,,Laguardia,Percentage,Laguardia,9.0
2020,,,Laguardia,Percentage,Laguardia,8.6
2014,,,Lanciego/Lantziego,Percentage,Lanciego/Lantziego,13.0
2015,,,Lanciego/Lantziego,Percentage,Lanciego/Lantziego,17.7
2016,,,Lanciego/Lantziego,Percentage,Lanciego/Lantziego,17.3
2017,,,Lanciego/Lantziego,Percentage,Lanciego/Lantziego,17.4
2018,,,Lanciego/Lantziego,Percentage,Lanciego/Lantziego,18.9
2019,,,Lanciego/Lantziego,Percentage,Lanciego/Lantziego,16.3
2020,,,Lanciego/Lantziego,Percentage,Lanciego/Lantziego,12.9
2014,,,Lapuebla de Labarca,Percentage,Lapuebla de Labarca,1.8
2015,,,Lapuebla de Labarca,Percentage,Lapuebla de Labarca,2.5
2016,,,Lapuebla de Labarca,Percentage,Lapuebla de Labarca,3.0
2017,,,Lapuebla de Labarca,Percentage,Lapuebla de Labarca,3.7
2018,,,Lapuebla de Labarca,Percentage,Lapuebla de Labarca,4.8
2019,,,Lapuebla de Labarca,Percentage,Lapuebla de Labarca,5.6
2020,,,Lapuebla de Labarca,Percentage,Lapuebla de Labarca,5.8
2014,,,Leza,Percentage,Leza,23.4
2015,,,Leza,Percentage,Leza,29.8
2016,,,Leza,Percentage,Leza,32.1
2017,,,Leza,Percentage,Leza,29.1
2018,,,Leza,Percentage,Leza,48.6
2019,,,Leza,Percentage,Leza,44.3
2020,,,Leza,Percentage,Leza,37.5
2014,,,Laudio/Llodio,Percentage,Laudio/Llodio,0.3
2015,,,Laudio/Llodio,Percentage,Laudio/Llodio,0.3
2016,,,Laudio/Llodio,Percentage,Laudio/Llodio,0.3
2017,,,Laudio/Llodio,Percentage,Laudio/Llodio,0.3
2018,,,Laudio/Llodio,Percentage,Laudio/Llodio,0.3
2019,,,Laudio/Llodio,Percentage,Laudio/Llodio,0.2
2020,,,Laudio/Llodio,Percentage,Laudio/Llodio,0.2
2014,,,Arraia-Maeztu,Percentage,Arraia-Maeztu,12.6
2015,,,Arraia-Maeztu,Percentage,Arraia-Maeztu,11.0
2016,,,Arraia-Maeztu,Percentage,Arraia-Maeztu,12.7
2017,,,Arraia-Maeztu,Percentage,Arraia-Maeztu,13.4
2018,,,Arraia-Maeztu,Percentage,Arraia-Maeztu,13.4
2019,,,Arraia-Maeztu,Percentage,Arraia-Maeztu,12.2
2020,,,Arraia-Maeztu,Percentage,Arraia-Maeztu,12.0
2014,,,Moreda de Álava/Moreda Araba,Percentage,Moreda de Álava/Moreda Araba,34.0
2015,,,Moreda de Álava/Moreda Araba,Percentage,Moreda de Álava/Moreda Araba,31.2
2016,,,Moreda de Álava/Moreda Araba,Percentage,Moreda de Álava/Moreda Araba,38.6
2017,,,Moreda de Álava/Moreda Araba,Percentage,Moreda de Álava/Moreda Araba,36.7
2018,,,Moreda de Álava/Moreda Araba,Percentage,Moreda de Álava/Moreda Araba,39.4
2019,,,Moreda de Álava/Moreda Araba,Percentage,Moreda de Álava/Moreda Araba,34.7
2020,,,Moreda de Álava/Moreda Araba,Percentage,Moreda de Álava/Moreda Araba,26.0
2014,,Arabako Errioxa / Rioja Alavesa,,Percentage,Arabako Errioxa / Rioja Alavesa,8.9
2015,,Arabako Errioxa / Rioja Alavesa,,Percentage,Arabako Errioxa / Rioja Alavesa,11.4
2016,,Arabako Errioxa / Rioja Alavesa,,Percentage,Arabako Errioxa / Rioja Alavesa,12.6
2017,,Arabako Errioxa / Rioja Alavesa,,Percentage,Arabako Errioxa / Rioja Alavesa,12.6
2018,,Arabako Errioxa / Rioja Alavesa,,Percentage,Arabako Errioxa / Rioja Alavesa,14.8
2019,,Arabako Errioxa / Rioja Alavesa,,Percentage,Arabako Errioxa / Rioja Alavesa,12.7
2020,,Arabako Errioxa / Rioja Alavesa,,Percentage,Arabako Errioxa / Rioja Alavesa,11.2
2014,,,Navaridas,Percentage,Navaridas,27.9
2015,,,Navaridas,Percentage,Navaridas,36.1
2016,,,Navaridas,Percentage,Navaridas,40.4
2017,,,Navaridas,Percentage,Navaridas,38.1
2018,,,Navaridas,Percentage,Navaridas,43.2
2019,,,Navaridas,Percentage,Navaridas,39.5
2020,,,Navaridas,Percentage,Navaridas,37.6
2014,,,Okondo,Percentage,Okondo,5.7
2015,,,Okondo,Percentage,Okondo,4.8
2016,,,Okondo,Percentage,Okondo,5.5
2017,,,Okondo,Percentage,Okondo,5.7
2018,,,Okondo,Percentage,Okondo,5.2
2019,,,Okondo,Percentage,Okondo,4.1
2020,,,Okondo,Percentage,Okondo,4.4
2014,,,Oyón-Oion,Percentage,Oyón-Oion,3.6
2015,,,Oyón-Oion,Percentage,Oyón-Oion,4.9
2016,,,Oyón-Oion,Percentage,Oyón-Oion,5.9
2017,,,Oyón-Oion,Percentage,Oyón-Oion,7.0
2018,,,Oyón-Oion,Percentage,Oyón-Oion,9.0
2019,,,Oyón-Oion,Percentage,Oyón-Oion,8.6
2020,,,Oyón-Oion,Percentage,Oyón-Oion,6.7
2014,,,Peñacerrada-Urizaharra,Percentage,Peñacerrada-Urizaharra,29.7
2015,,,Peñacerrada-Urizaharra,Percentage,Peñacerrada-Urizaharra,28.7
2016,,,Peñacerrada-Urizaharra,Percentage,Peñacerrada-Urizaharra,31.5
2017,,,Peñacerrada-Urizaharra,Percentage,Peñacerrada-Urizaharra,30.2
2018,,,Peñacerrada-Urizaharra,Percentage,Peñacerrada-Urizaharra,31.7
2019,,,Peñacerrada-Urizaharra,Percentage,Peñacerrada-Urizaharra,33.2
2020,,,Peñacerrada-Urizaharra,Percentage,Peñacerrada-Urizaharra,34.2
2014,,,Erriberagoitia/Ribera Alta,Percentage,Erriberagoitia/Ribera Alta,28.5
2015,,,Erriberagoitia/Ribera Alta,Percentage,Erriberagoitia/Ribera Alta,22.5
2016,,,Erriberagoitia/Ribera Alta,Percentage,Erriberagoitia/Ribera Alta,25.1
2017,,,Erriberagoitia/Ribera Alta,Percentage,Erriberagoitia/Ribera Alta,23.0
2018,,,Erriberagoitia/Ribera Alta,Percentage,Erriberagoitia/Ribera Alta,25.8
2019,,,Erriberagoitia/Ribera Alta,Percentage,Erriberagoitia/Ribera Alta,26.9
2020,,,Erriberagoitia/Ribera Alta,Percentage,Erriberagoitia/Ribera Alta,27.1
2014,,,Ribera Baja/Erribera Beitia,Percentage,Ribera Baja/Erribera Beitia,1.3
2015,,,Ribera Baja/Erribera Beitia,Percentage,Ribera Baja/Erribera Beitia,1.3
2016,,,Ribera Baja/Erribera Beitia,Percentage,Ribera Baja/Erribera Beitia,1.5
2017,,,Ribera Baja/Erribera Beitia,Percentage,Ribera Baja/Erribera Beitia,1.7
2018,,,Ribera Baja/Erribera Beitia,Percentage,Ribera Baja/Erribera Beitia,1.8
2019,,,Ribera Baja/Erribera Beitia,Percentage,Ribera Baja/Erribera Beitia,1.6
2020,,,Ribera Baja/Erribera Beitia,Percentage,Ribera Baja/Erribera Beitia,1.5
2014,,,Añana,Percentage,Añana,13.6
2015,,,Añana,Percentage,Añana,16.8
2016,,,Añana,Percentage,Añana,15.8
2017,,,Añana,Percentage,Añana,14.3
2018,,,Añana,Percentage,Añana,11.8
2019,,,Añana,Percentage,Añana,14.7
2020,,,Añana,Percentage,Añana,13.6
2014,,Gorbeialdea / Estribaciones del Gorbea,,Percentage,Gorbeialdea / Estribaciones del Gorbea,4.3
2015,,Gorbeialdea / Estribaciones del Gorbea,,Percentage,Gorbeialdea / Estribaciones del Gorbea,3.1
2016,,Gorbeialdea / Estribaciones del Gorbea,,Percentage,Gorbeialdea / Estribaciones del Gorbea,2.8
2017,,Gorbeialdea / Estribaciones del Gorbea,,Percentage,Gorbeialdea / Estribaciones del Gorbea,2.7
2018,,Gorbeialdea / Estribaciones del Gorbea,,Percentage,Gorbeialdea / Estribaciones del Gorbea,2.6
2019,,Gorbeialdea / Estribaciones del Gorbea,,Percentage,Gorbeialdea / Estribaciones del Gorbea,2.0
2020,,Gorbeialdea / Estribaciones del Gorbea,,Percentage,Gorbeialdea / Estribaciones del Gorbea,2.1
2014,,,Agurain/Salvatierra,Percentage,Agurain/Salvatierra,2.8
2015,,,Agurain/Salvatierra,Percentage,Agurain/Salvatierra,2.7
2016,,,Agurain/Salvatierra,Percentage,Agurain/Salvatierra,2.2
2017,,,Agurain/Salvatierra,Percentage,Agurain/Salvatierra,1.7
2018,,,Agurain/Salvatierra,Percentage,Agurain/Salvatierra,1.6
2019,,,Agurain/Salvatierra,Percentage,Agurain/Salvatierra,1.5
2020,,,Agurain/Salvatierra,Percentage,Agurain/Salvatierra,1.5
2014,,,Samaniego,Percentage,Samaniego,13.9
2015,,,Samaniego,Percentage,Samaniego,19.5
2016,,,Samaniego,Percentage,Samaniego,23.0
2017,,,Samaniego,Percentage,Samaniego,21.1
2018,,,Samaniego,Percentage,Samaniego,23.3
2019,,,Samaniego,Percentage,Samaniego,19.6
2020,,,Samaniego,Percentage,Samaniego,14.2
2014,,,San Millán/Donemiliaga,Percentage,San Millán/Donemiliaga,22.3
2015,,,San Millán/Donemiliaga,Percentage,San Millán/Donemiliaga,23.0
2016,,,San Millán/Donemiliaga,Percentage,San Millán/Donemiliaga,23.9
2017,,,San Millán/Donemiliaga,Percentage,San Millán/Donemiliaga,22.8
2018,,,San Millán/Donemiliaga,Percentage,San Millán/Donemiliaga,23.9
2019,,,San Millán/Donemiliaga,Percentage,San Millán/Donemiliaga,20.4
2020,,,San Millán/Donemiliaga,Percentage,San Millán/Donemiliaga,19.9
2014,,,Urkabustaiz,Percentage,Urkabustaiz,9.6
2015,,,Urkabustaiz,Percentage,Urkabustaiz,6.9
2016,,,Urkabustaiz,Percentage,Urkabustaiz,6.0
2017,,,Urkabustaiz,Percentage,Urkabustaiz,6.3
2018,,,Urkabustaiz,Percentage,Urkabustaiz,6.9
2019,,,Urkabustaiz,Percentage,Urkabustaiz,4.6
2020,,,Urkabustaiz,Percentage,Urkabustaiz,4.2
2014,,,Valdegovía/Gaubea,Percentage,Valdegovía/Gaubea,22.8
2015,,,Valdegovía/Gaubea,Percentage,Valdegovía/Gaubea,19.8
2016,,,Valdegovía/Gaubea,Percentage,Valdegovía/Gaubea,19.2
2017,,,Valdegovía/Gaubea,Percentage,Valdegovía/Gaubea,18.9
2018,,,Valdegovía/Gaubea,Percentage,Valdegovía/Gaubea,19.8
2019,,,Valdegovía/Gaubea,Percentage,Valdegovía/Gaubea,20.5
2020,,,Valdegovía/Gaubea,Percentage,Valdegovía/Gaubea,19.3
2014,,,Harana/Valle de Arana,Percentage,Harana/Valle de Arana,34.9
2015,,,Harana/Valle de Arana,Percentage,Harana/Valle de Arana,32.3
2016,,,Harana/Valle de Arana,Percentage,Harana/Valle de Arana,30.9
2017,,,Harana/Valle de Arana,Percentage,Harana/Valle de Arana,29.5
2018,,,Harana/Valle de Arana,Percentage,Harana/Valle de Arana,30.6
2019,,,Harana/Valle de Arana,Percentage,Harana/Valle de Arana,23.9
2020,,,Harana/Valle de Arana,Percentage,Harana/Valle de Arana,24.6
2014,,,Villabuena de Álava/Eskuernaga,Percentage,Villabuena de Álava/Eskuernaga,11.3
2015,,,Villabuena de Álava/Eskuernaga,Percentage,Villabuena de Álava/Eskuernaga,15.4
2016,,,Villabuena de Álava/Eskuernaga,Percentage,Villabuena de Álava/Eskuernaga,15.5
2017,,,Villabuena de Álava/Eskuernaga,Percentage,Villabuena de Álava/Eskuernaga,13.8
2018,,,Villabuena de Álava/Eskuernaga,Percentage,Villabuena de Álava/Eskuernaga,16.2
2019,,,Villabuena de Álava/Eskuernaga,Percentage,Villabuena de Álava/Eskuernaga,13.8
2020,,,Villabuena de Álava/Eskuernaga,Percentage,Villabuena de Álava/Eskuernaga,14.7
2014,,,Legutio,Percentage,Legutio,1.6
2015,,,Legutio,Percentage,Legutio,1.2
2016,,,Legutio,Percentage,Legutio,0.9
2017,,,Legutio,Percentage,Legutio,0.6
2018,,,Legutio,Percentage,Legutio,0.6
2019,,,Legutio,Percentage,Legutio,0.4
2020,,,Legutio,Percentage,Legutio,0.5
2014,,,Vitoria-Gasteiz,Percentage,Vitoria-Gasteiz,0.2
2015,,,Vitoria-Gasteiz,Percentage,Vitoria-Gasteiz,0.2
2016,,,Vitoria-Gasteiz,Percentage,Vitoria-Gasteiz,0.2
2017,,,Vitoria-Gasteiz,Percentage,Vitoria-Gasteiz,0.2
2018,,,Vitoria-Gasteiz,Percentage,Vitoria-Gasteiz,0.2
2019,,,Vitoria-Gasteiz,Percentage,Vitoria-Gasteiz,0.2
2020,,,Vitoria-Gasteiz,Percentage,Vitoria-Gasteiz,0.2
2014,,Arabako Kantaurialdea / Cantábrica Alavesa,,Percentage,Arabako Kantaurialdea / Cantábrica Alavesa,1.7
2015,,Arabako Kantaurialdea / Cantábrica Alavesa,,Percentage,Arabako Kantaurialdea / Cantábrica Alavesa,1.3
2016,,Arabako Kantaurialdea / Cantábrica Alavesa,,Percentage,Arabako Kantaurialdea / Cantábrica Alavesa,1.3
2017,,Arabako Kantaurialdea / Cantábrica Alavesa,,Percentage,Arabako Kantaurialdea / Cantábrica Alavesa,1.3
2018,,Arabako Kantaurialdea / Cantábrica Alavesa,,Percentage,Arabako Kantaurialdea / Cantábrica Alavesa,1.2
2019,,Arabako Kantaurialdea / Cantábrica Alavesa,,Percentage,Arabako Kantaurialdea / Cantábrica Alavesa,0.9
2020,,Arabako Kantaurialdea / Cantábrica Alavesa,,Percentage,Arabako Kantaurialdea / Cantábrica Alavesa,0.9
2014,,,Yécora/Iekora,Percentage,Yécora/Iekora,41.0
2015,,,Yécora/Iekora,Percentage,Yécora/Iekora,46.7
2016,,,Yécora/Iekora,Percentage,Yécora/Iekora,53.0
2017,,,Yécora/Iekora,Percentage,Yécora/Iekora,58.5
2018,,,Yécora/Iekora,Percentage,Yécora/Iekora,66.1
2019,,,Yécora/Iekora,Percentage,Yécora/Iekora,63.4
2020,,,Yécora/Iekora,Percentage,Yécora/Iekora,60.3
2014,,,Zalduondo,Percentage,Zalduondo,32.1
2015,,,Zalduondo,Percentage,Zalduondo,29.5
2016,,,Zalduondo,Percentage,Zalduondo,27.3
2017,,,Zalduondo,Percentage,Zalduondo,23.9
2018,,,Zalduondo,Percentage,Zalduondo,27.1
2019,,,Zalduondo,Percentage,Zalduondo,25.8
2020,,,Zalduondo,Percentage,Zalduondo,23.8
2014,,,Zambrana,Percentage,Zambrana,30.2
2015,,,Zambrana,Percentage,Zambrana,33.3
2016,,,Zambrana,Percentage,Zambrana,28.7
2017,,,Zambrana,Percentage,Zambrana,24.3
2018,,,Zambrana,Percentage,Zambrana,22.8
2019,,,Zambrana,Percentage,Zambrana,20.9
2020,,,Zambrana,Percentage,Zambrana,16.1
2014,,,Zuia,Percentage,Zuia,5.8
2015,,,Zuia,Percentage,Zuia,3.9
2016,,,Zuia,Percentage,Zuia,3.9
2017,,,Zuia,Percentage,Zuia,4.1
2018,,,Zuia,Percentage,Zuia,4.7
2019,,,Zuia,Percentage,Zuia,3.2
2020,,,Zuia,Percentage,Zuia,3.3
2014,,,Iruña Oka/Iruña de Oca,Percentage,Iruña Oka/Iruña de Oca,1.4
2015,,,Iruña Oka/Iruña de Oca,Percentage,Iruña Oka/Iruña de Oca,1.2
2016,,,Iruña Oka/Iruña de Oca,Percentage,Iruña Oka/Iruña de Oca,1.0
2017,,,Iruña Oka/Iruña de Oca,Percentage,Iruña Oka/Iruña de Oca,0.9
2018,,,Iruña Oka/Iruña de Oca,Percentage,Iruña Oka/Iruña de Oca,0.9
2019,,,Iruña Oka/Iruña de Oca,Percentage,Iruña Oka/Iruña de Oca,0.9
2020,,,Iruña Oka/Iruña de Oca,Percentage,Iruña Oka/Iruña de Oca,0.7
2014,,,Lantarón,Percentage,Lantarón,5.7
2015,,,Lantarón,Percentage,Lantarón,4.5
2016,,,Lantarón,Percentage,Lantarón,3.8
2017,,,Lantarón,Percentage,Lantarón,3.4
2018,,,Lantarón,Percentage,Lantarón,3.0
2019,,,Lantarón,Percentage,Lantarón,3.1
2020,,,Lantarón,Percentage,Lantarón,2.8
2010,Gipuzkoa,,,Percentage,Gipuzkoa,0.5
2011,Gipuzkoa,,,Percentage,Gipuzkoa,0.5
2012,Gipuzkoa,,,Percentage,Gipuzkoa,0.6
2013,Gipuzkoa,,,Percentage,Gipuzkoa,0.5
2014,Gipuzkoa,,,Percentage,Gipuzkoa,0.5
2015,Gipuzkoa,,,Percentage,Gipuzkoa,0.5
2016,Gipuzkoa,,,Percentage,Gipuzkoa,0.5
2017,Gipuzkoa,,,Percentage,Gipuzkoa,0.6
2018,Gipuzkoa,,,Percentage,Gipuzkoa,0.5
2019,Gipuzkoa,,,Percentage,Gipuzkoa,0.6
2020,Gipuzkoa,,,Percentage,Gipuzkoa,0.5
2021,Gipuzkoa,,,Percentage,Gipuzkoa,0.6
2022,Gipuzkoa,,,Percentage,Gipuzkoa,0.7
2014,,,Abaltzisketa,Percentage,Abaltzisketa,6.7
2015,,,Abaltzisketa,Percentage,Abaltzisketa,9.7
2016,,,Abaltzisketa,Percentage,Abaltzisketa,7.7
2017,,,Abaltzisketa,Percentage,Abaltzisketa,7.0
2018,,,Abaltzisketa,Percentage,Abaltzisketa,5.6
2019,,,Abaltzisketa,Percentage,Abaltzisketa,6.5
2020,,,Abaltzisketa,Percentage,Abaltzisketa,6.5
2014,,,Aduna,Percentage,Aduna,0.6
2015,,,Aduna,Percentage,Aduna,0.7
2016,,,Aduna,Percentage,Aduna,0.6
2017,,,Aduna,Percentage,Aduna,0.7
2018,,,Aduna,Percentage,Aduna,0.5
2019,,,Aduna,Percentage,Aduna,0.5
2020,,,Aduna,Percentage,Aduna,0.4
2014,,,Aizarnazabal,Percentage,Aizarnazabal,0.8
2015,,,Aizarnazabal,Percentage,Aizarnazabal,1.1
2016,,,Aizarnazabal,Percentage,Aizarnazabal,1.0
2017,,,Aizarnazabal,Percentage,Aizarnazabal,1.0
2018,,,Aizarnazabal,Percentage,Aizarnazabal,1.0
2019,,,Aizarnazabal,Percentage,Aizarnazabal,1.0
2020,,,Aizarnazabal,Percentage,Aizarnazabal,1.2
2014,,,Albiztur,Percentage,Albiztur,4.9
2015,,,Albiztur,Percentage,Albiztur,4.0
2016,,,Albiztur,Percentage,Albiztur,4.2
2017,,,Albiztur,Percentage,Albiztur,4.7
2018,,,Albiztur,Percentage,Albiztur,3.2
2019,,,Albiztur,Percentage,Albiztur,4.1
2020,,,Albiztur,Percentage,Albiztur,3.5
2014,,,Alegia,Percentage,Alegia,0.8
2015,,,Alegia,Percentage,Alegia,0.7
2016,,,Alegia,Percentage,Alegia,0.8
2017,,,Alegia,Percentage,Alegia,0.9
2018,,,Alegia,Percentage,Alegia,0.6
2019,,,Alegia,Percentage,Alegia,0.8
2020,,,Alegia,Percentage,Alegia,0.6
2014,,,Alkiza,Percentage,Alkiza,8.8
2015,,,Alkiza,Percentage,Alkiza,10.6
2016,,,Alkiza,Percentage,Alkiza,9.4
2017,,,Alkiza,Percentage,Alkiza,11.3
2018,,,Alkiza,Percentage,Alkiza,9.5
2019,,,Alkiza,Percentage,Alkiza,11.3
2020,,,Alkiza,Percentage,Alkiza,11.5
2014,,,Altzo,Percentage,Altzo,1.3
2015,,,Altzo,Percentage,Altzo,1.2
2016,,,Altzo,Percentage,Altzo,1.2
2017,,,Altzo,Percentage,Altzo,1.8
2018,,,Altzo,Percentage,Altzo,1.2
2019,,,Altzo,Percentage,Altzo,1.3
2020,,,Altzo,Percentage,Altzo,1.0
2014,,,Amezketa,Percentage,Amezketa,1.9
2015,,,Amezketa,Percentage,Amezketa,1.7
2016,,,Amezketa,Percentage,Amezketa,1.8
2017,,,Amezketa,Percentage,Amezketa,2.1
2018,,,Amezketa,Percentage,Amezketa,1.6
2019,,,Amezketa,Percentage,Amezketa,1.5
2020,,,Amezketa,Percentage,Amezketa,1.5
2014,,,Andoain,Percentage,Andoain,0.2
2015,,,Andoain,Percentage,Andoain,0.3
2016,,,Andoain,Percentage,Andoain,0.2
2017,,,Andoain,Percentage,Andoain,0.2
2018,,,Andoain,Percentage,Andoain,0.2
2019,,,Andoain,Percentage,Andoain,0.2
2020,,,Andoain,Percentage,Andoain,0.2
2014,,Bidasoa Beherea / Bajo Bidasoa,,Percentage,Bidasoa Beherea / Bajo Bidasoa,1.0
2015,,Bidasoa Beherea / Bajo Bidasoa,,Percentage,Bidasoa Beherea / Bajo Bidasoa,1.1
2016,,Bidasoa Beherea / Bajo Bidasoa,,Percentage,Bidasoa Beherea / Bajo Bidasoa,1.0
2017,,Bidasoa Beherea / Bajo Bidasoa,,Percentage,Bidasoa Beherea / Bajo Bidasoa,1.3
2018,,Bidasoa Beherea / Bajo Bidasoa,,Percentage,Bidasoa Beherea / Bajo Bidasoa,1.3
2019,,Bidasoa Beherea / Bajo Bidasoa,,Percentage,Bidasoa Beherea / Bajo Bidasoa,1.3
2020,,Bidasoa Beherea / Bajo Bidasoa,,Percentage,Bidasoa Beherea / Bajo Bidasoa,1.0
2014,,,Anoeta,Percentage,Anoeta,0.3
2015,,,Anoeta,Percentage,Anoeta,0.4
2016,,,Anoeta,Percentage,Anoeta,0.4
2017,,,Anoeta,Percentage,Anoeta,0.5
2018,,,Anoeta,Percentage,Anoeta,0.4
2019,,,Anoeta,Percentage,Anoeta,0.5
2020,,,Anoeta,Percentage,Anoeta,0.5
2014,,,Antzuola,Percentage,Antzuola,1.1
2015,,,Antzuola,Percentage,Antzuola,1.3
2016,,,Antzuola,Percentage,Antzuola,1.2
2017,,,Antzuola,Percentage,Antzuola,1.5
2018,,,Antzuola,Percentage,Antzuola,1.2
2019,,,Antzuola,Percentage,Antzuola,1.6
2020,,,Antzuola,Percentage,Antzuola,1.4
2014,,,Arama,Percentage,Arama,1.5
2015,,,Arama,Percentage,Arama,1.5
2016,,,Arama,Percentage,Arama,0.4
2017,,,Arama,Percentage,Arama,0.5
2018,,,Arama,Percentage,Arama,0.4
2019,,,Arama,Percentage,Arama,0.3
2020,,,Arama,Percentage,Arama,0.4
2014,,,Aretxabaleta,Percentage,Aretxabaleta,0.3
2015,,,Aretxabaleta,Percentage,Aretxabaleta,0.4
2016,,,Aretxabaleta,Percentage,Aretxabaleta,0.4
2017,,,Aretxabaleta,Percentage,Aretxabaleta,0.5
2018,,,Aretxabaleta,Percentage,Aretxabaleta,0.4
2019,,,Aretxabaleta,Percentage,Aretxabaleta,0.5
2020,,,Aretxabaleta,Percentage,Aretxabaleta,0.4
2014,,,Asteasu,Percentage,Asteasu,2.2
2015,,,Asteasu,Percentage,Asteasu,2.1
2016,,,Asteasu,Percentage,Asteasu,1.6
2017,,,Asteasu,Percentage,Asteasu,1.6
2018,,,Asteasu,Percentage,Asteasu,1.4
2019,,,Asteasu,Percentage,Asteasu,1.5
2020,,,Asteasu,Percentage,Asteasu,1.5
2014,,,Ataun,Percentage,Ataun,8.4
2015,,,Ataun,Percentage,Ataun,7.5
2016,,,Ataun,Percentage,Ataun,7.2
2017,,,Ataun,Percentage,Ataun,7.9
2018,,,Ataun,Percentage,Ataun,6.1
2019,,,Ataun,Percentage,Ataun,7.7
2020,,,Ataun,Percentage,Ataun,7.2
2014,,,Aia,Percentage,Aia,5.3
2015,,,Aia,Percentage,Aia,5.2
2016,,,Aia,Percentage,Aia,4.7
2017,,,Aia,Percentage,Aia,5.2
2018,,,Aia,Percentage,Aia,4.2
2019,,,Aia,Percentage,Aia,5.0
2020,,,Aia,Percentage,Aia,4.9
2014,,,Azkoitia,Percentage,Azkoitia,0.5
2015,,,Azkoitia,Percentage,Azkoitia,0.6
2016,,,Azkoitia,Percentage,Azkoitia,0.7
2017,,,Azkoitia,Percentage,Azkoitia,0.9
2018,,,Azkoitia,Percentage,Azkoitia,0.7
2019,,,Azkoitia,Percentage,Azkoitia,0.9
2020,,,Azkoitia,Percentage,Azkoitia,0.8
2014,,,Azpeitia,Percentage,Azpeitia,0.6
2015,,,Azpeitia,Percentage,Azpeitia,0.7
2016,,,Azpeitia,Percentage,Azpeitia,0.7
2017,,,Azpeitia,Percentage,Azpeitia,0.9
2018,,,Azpeitia,Percentage,Azpeitia,0.7
2019,,,Azpeitia,Percentage,Azpeitia,0.9
2020,,,Azpeitia,Percentage,Azpeitia,0.9
2014,,,Beasain,Percentage,Beasain,0.2
2015,,,Beasain,Percentage,Beasain,0.2
2016,,,Beasain,Percentage,Beasain,0.2
2017,,,Beasain,Percentage,Beasain,0.2
2018,,,Beasain,Percentage,Beasain,0.1
2019,,,Beasain,Percentage,Beasain,0.2
2020,,,Beasain,Percentage,Beasain,0.1
2014,,Debabarrena / Bajo Deba,,Percentage,Debabarrena / Bajo Deba,0.4
2015,,Debabarrena / Bajo Deba,,Percentage,Debabarrena / Bajo Deba,0.4
2016,,Debabarrena / Bajo Deba,,Percentage,Debabarrena / Bajo Deba,0.5
2017,,Debabarrena / Bajo Deba,,Percentage,Debabarrena / Bajo Deba,0.6
2018,,Debabarrena / Bajo Deba,,Percentage,Debabarrena / Bajo Deba,0.5
2019,,Debabarrena / Bajo Deba,,Percentage,Debabarrena / Bajo Deba,0.6
2020,,Debabarrena / Bajo Deba,,Percentage,Debabarrena / Bajo Deba,0.6
2014,,,Beizama,Percentage,Beizama,15.6
2015,,,Beizama,Percentage,Beizama,16.5
2016,,,Beizama,Percentage,Beizama,19.2
2017,,,Beizama,Percentage,Beizama,19.9
2018,,,Beizama,Percentage,Beizama,18.5
2019,,,Beizama,Percentage,Beizama,23.8
2020,,,Beizama,Percentage,Beizama,20.4
2014,,,Belauntza,Percentage,Belauntza,1.7
2015,,,Belauntza,Percentage,Belauntza,1.4
2016,,,Belauntza,Percentage,Belauntza,1.3
2017,,,Belauntza,Percentage,Belauntza,1.2
2018,,,Belauntza,Percentage,Belauntza,0.9
2019,,,Belauntza,Percentage,Belauntza,1.1
2020,,,Belauntza,Percentage,Belauntza,1.0
2014,,,Berastegi,Percentage,Berastegi,2.7
2015,,,Berastegi,Percentage,Berastegi,2.7
2016,,,Berastegi,Percentage,Berastegi,2.9
2017,,,Berastegi,Percentage,Berastegi,3.7
2018,,,Berastegi,Percentage,Berastegi,2.7
2019,,,Berastegi,Percentage,Berastegi,3.7
2020,,,Berastegi,Percentage,Berastegi,3.1
2014,,,Berrobi,Percentage,Berrobi,3.2
2015,,,Berrobi,Percentage,Berrobi,3.6
2016,,,Berrobi,Percentage,Berrobi,3.3
2017,,,Berrobi,Percentage,Berrobi,3.4
2018,,,Berrobi,Percentage,Berrobi,2.6
2019,,,Berrobi,Percentage,Berrobi,3.2
2020,,,Berrobi,Percentage,Berrobi,3.4
2014,,,Bidania-Goiatz,Percentage,Bidania-Goiatz,5.5
2015,,,Bidania-Goiatz,Percentage,Bidania-Goiatz,6.8
2016,,,Bidania-Goiatz,Percentage,Bidania-Goiatz,6.4
2017,,,Bidania-Goiatz,Percentage,Bidania-Goiatz,6.4
2018,,,Bidania-Goiatz,Percentage,Bidania-Goiatz,5.8
2019,,,Bidania-Goiatz,Percentage,Bidania-Goiatz,6.5
2020,,,Bidania-Goiatz,Percentage,Bidania-Goiatz,5.9
2014,,,Zegama,Percentage,Zegama,3.6
2015,,,Zegama,Percentage,Zegama,4.1
2016,,,Zegama,Percentage,Zegama,3.3
2017,,,Zegama,Percentage,Zegama,4.0
2018,,,Zegama,Percentage,Zegama,2.6
2019,,,Zegama,Percentage,Zegama,3.8
2020,,,Zegama,Percentage,Zegama,3.4
2014,,,Zerain,Percentage,Zerain,12.0
2015,,,Zerain,Percentage,Zerain,10.9
2016,,,Zerain,Percentage,Zerain,9.4
2017,,,Zerain,Percentage,Zerain,9.9
2018,,,Zerain,Percentage,Zerain,9.0
2019,,,Zerain,Percentage,Zerain,8.2
2020,,,Zerain,Percentage,Zerain,7.8
2014,,,Zestoa,Percentage,Zestoa,1.6
2015,,,Zestoa,Percentage,Zestoa,1.6
2016,,,Zestoa,Percentage,Zestoa,1.7
2017,,,Zestoa,Percentage,Zestoa,2.0
2018,,,Zestoa,Percentage,Zestoa,1.7
2019,,,Zestoa,Percentage,Zestoa,1.9
2020,,,Zestoa,Percentage,Zestoa,1.6
2014,,,Zizurkil,Percentage,Zizurkil,1.2
2015,,,Zizurkil,Percentage,Zizurkil,1.2
2016,,,Zizurkil,Percentage,Zizurkil,1.1
2017,,,Zizurkil,Percentage,Zizurkil,1.2
2018,,,Zizurkil,Percentage,Zizurkil,0.9
2019,,,Zizurkil,Percentage,Zizurkil,1.1
2020,,,Zizurkil,Percentage,Zizurkil,1.0
2014,,,Deba,Percentage,Deba,1.1
2015,,,Deba,Percentage,Deba,1.1
2016,,,Deba,Percentage,Deba,1.1
2017,,,Deba,Percentage,Deba,1.3
2018,,,Deba,Percentage,Deba,0.9
2019,,,Deba,Percentage,Deba,1.2
2020,,,Deba,Percentage,Deba,1.2
2014,,Debagoiena / Alto Deba,,Percentage,Debagoiena / Alto Deba,0.5
2015,,Debagoiena / Alto Deba,,Percentage,Debagoiena / Alto Deba,0.5
2016,,Debagoiena / Alto Deba,,Percentage,Debagoiena / Alto Deba,0.5
2017,,Debagoiena / Alto Deba,,Percentage,Debagoiena / Alto Deba,0.7
2018,,Debagoiena / Alto Deba,,Percentage,Debagoiena / Alto Deba,0.4
2019,,Debagoiena / Alto Deba,,Percentage,Debagoiena / Alto Deba,0.6
2020,,Debagoiena / Alto Deba,,Percentage,Debagoiena / Alto Deba,0.5
2014,,,Eibar,Percentage,Eibar,0.1
2015,,,Eibar,Percentage,Eibar,0.1
2016,,,Eibar,Percentage,Eibar,0.2
2017,,,Eibar,Percentage,Eibar,0.2
2018,,,Eibar,Percentage,Eibar,0.2
2019,,,Eibar,Percentage,Eibar,0.2
2020,,,Eibar,Percentage,Eibar,0.2
2014,,,Elduain,Percentage,Elduain,7.9
2015,,,Elduain,Percentage,Elduain,7.0
2016,,,Elduain,Percentage,Elduain,5.8
2017,,,Elduain,Percentage,Elduain,7.2
2018,,,Elduain,Percentage,Elduain,6.5
2019,,,Elduain,Percentage,Elduain,7.8
2020,,,Elduain,Percentage,Elduain,7.2
2014,,,Elgoibar,Percentage,Elgoibar,0.3
2015,,,Elgoibar,Percentage,Elgoibar,0.3
2016,,,Elgoibar,Percentage,Elgoibar,0.3
2017,,,Elgoibar,Percentage,Elgoibar,0.4
2018,,,Elgoibar,Percentage,Elgoibar,0.3
2019,,,Elgoibar,Percentage,Elgoibar,0.5
2020,,,Elgoibar,Percentage,Elgoibar,0.4
2014,,,Elgeta,Percentage,Elgeta,0.9
2015,,,Elgeta,Percentage,Elgeta,1.0
2016,,,Elgeta,Percentage,Elgeta,1.2
2017,,,Elgeta,Percentage,Elgeta,1.5
2018,,,Elgeta,Percentage,Elgeta,0.9
2019,,,Elgeta,Percentage,Elgeta,1.3
2020,,,Elgeta,Percentage,Elgeta,1.3
2014,,,Eskoriatza,Percentage,Eskoriatza,0.7
2015,,,Eskoriatza,Percentage,Eskoriatza,0.7
2016,,,Eskoriatza,Percentage,Eskoriatza,0.8
2017,,,Eskoriatza,Percentage,Eskoriatza,1.0
2018,,,Eskoriatza,Percentage,Eskoriatza,0.9
2019,,,Eskoriatza,Percentage,Eskoriatza,1.0
2020,,,Eskoriatza,Percentage,Eskoriatza,1.0
2014,,,Ezkio-Itsaso,Percentage,Ezkio-Itsaso,1.7
2015,,,Ezkio-Itsaso,Percentage,Ezkio-Itsaso,1.7
2016,,,Ezkio-Itsaso,Percentage,Ezkio-Itsaso,1.9
2017,,,Ezkio-Itsaso,Percentage,Ezkio-Itsaso,2.5
2018,,,Ezkio-Itsaso,Percentage,Ezkio-Itsaso,1.6
2019,,,Ezkio-Itsaso,Percentage,Ezkio-Itsaso,2.1
2020,,,Ezkio-Itsaso,Percentage,Ezkio-Itsaso,1.9
2014,,,Hondarribia,Percentage,Hondarribia,4.5
2015,,,Hondarribia,Percentage,Hondarribia,5.2
2016,,,Hondarribia,Percentage,Hondarribia,4.8
2017,,,Hondarribia,Percentage,Hondarribia,6.6
2018,,,Hondarribia,Percentage,Hondarribia,6.0
2019,,,Hondarribia,Percentage,Hondarribia,5.8
2020,,,Hondarribia,Percentage,Hondarribia,4.7
2014,,,Gaintza,Percentage,Gaintza,13.7
2015,,,Gaintza,Percentage,Gaintza,13.9
2016,,,Gaintza,Percentage,Gaintza,13.8
2017,,,Gaintza,Percentage,Gaintza,16.5
2018,,,Gaintza,Percentage,Gaintza,12.3
2019,,,Gaintza,Percentage,Gaintza,15.7
2020,,,Gaintza,Percentage,Gaintza,14.6
2014,,,Gabiria,Percentage,Gabiria,5.7
2015,,,Gabiria,Percentage,Gabiria,6.6
2016,,,Gabiria,Percentage,Gabiria,6.3
2017,,,Gabiria,Percentage,Gabiria,6.6
2018,,,Gabiria,Percentage,Gabiria,4.9
2019,,,Gabiria,Percentage,Gabiria,5.8
2020,,,Gabiria,Percentage,Gabiria,6.2
2014,,,Getaria,Percentage,Getaria,18.1
2015,,,Getaria,Percentage,Getaria,20.7
2016,,,Getaria,Percentage,Getaria,19.2
2017,,,Getaria,Percentage,Getaria,24.7
2018,,,Getaria,Percentage,Getaria,23.0
2019,,,Getaria,Percentage,Getaria,20.8
2020,,,Getaria,Percentage,Getaria,17.6
2014,,Donostialdea,,Percentage,Donostialdea,0.2
2015,,Donostialdea,,Percentage,Donostialdea,0.2
2016,,Donostialdea,,Percentage,Donostialdea,0.2
2017,,Donostialdea,,Percentage,Donostialdea,0.2
2018,,Donostialdea,,Percentage,Donostialdea,0.2
2019,,Donostialdea,,Percentage,Donostialdea,0.2
2020,,Donostialdea,,Percentage,Donostialdea,0.2
2014,,,Hernani,Percentage,Hernani,0.5
2015,,,Hernani,Percentage,Hernani,0.5
2016,,,Hernani,Percentage,Hernani,0.4
2017,,,Hernani,Percentage,Hernani,0.3
2018,,,Hernani,Percentage,Hernani,0.3
2019,,,Hernani,Percentage,Hernani,0.3
2020,,,Hernani,Percentage,Hernani,0.3
2014,,,Hernialde,Percentage,Hernialde,4.9
2015,,,Hernialde,Percentage,Hernialde,7.3
2016,,,Hernialde,Percentage,Hernialde,5.8
2017,,,Hernialde,Percentage,Hernialde,7.0
2018,,,Hernialde,Percentage,Hernialde,5.4
2019,,,Hernialde,Percentage,Hernialde,5.5
2020,,,Hernialde,Percentage,Hernialde,5.5
2014,,,Ibarra,Percentage,Ibarra,0.6
2015,,,Ibarra,Percentage,Ibarra,0.6
2016,,,Ibarra,Percentage,Ibarra,0.5
2017,,,Ibarra,Percentage,Ibarra,0.6
2018,,,Ibarra,Percentage,Ibarra,0.5
2019,,,Ibarra,Percentage,Ibarra,0.5
2020,,,Ibarra,Percentage,Ibarra,0.5
2014,,,Idiazabal,Percentage,Idiazabal,1.6
2015,,,Idiazabal,Percentage,Idiazabal,2.5
2016,,,Idiazabal,Percentage,Idiazabal,1.6
2017,,,Idiazabal,Percentage,Idiazabal,1.9
2018,,,Idiazabal,Percentage,Idiazabal,1.3
2019,,,Idiazabal,Percentage,Idiazabal,1.2
2020,,,Idiazabal,Percentage,Idiazabal,1.0
2014,,,Ikaztegieta,Percentage,Ikaztegieta,0.6
2015,,,Ikaztegieta,Percentage,Ikaztegieta,0.8
2016,,,Ikaztegieta,Percentage,Ikaztegieta,0.5
2017,,,Ikaztegieta,Percentage,Ikaztegieta,0.5
2018,,,Ikaztegieta,Percentage,Ikaztegieta,0.4
2019,,,Ikaztegieta,Percentage,Ikaztegieta,0.4
2020,,,Ikaztegieta,Percentage,Ikaztegieta,0.5
2014,,,Irun,Percentage,Irun,0.1
2015,,,Irun,Percentage,Irun,0.2
2016,,,Irun,Percentage,Irun,0.1
2017,,,Irun,Percentage,Irun,0.1
2018,,,Irun,Percentage,Irun,0.1
2019,,,Irun,Percentage,Irun,0.1
2020,,,Irun,Percentage,Irun,0.1
2014,,,Irura,Percentage,Irura,0.1
2015,,,Irura,Percentage,Irura,0.1
2016,,,Irura,Percentage,Irura,0.1
2017,,,Irura,Percentage,Irura,0.1
2018,,,Irura,Percentage,Irura,0.1
2019,,,Irura,Percentage,Irura,0.1
2020,,,Irura,Percentage,Irura,0.1
2014,,,Itsasondo,Percentage,Itsasondo,1.0
2015,,,Itsasondo,Percentage,Itsasondo,1.2
2016,,,Itsasondo,Percentage,Itsasondo,1.4
2017,,,Itsasondo,Percentage,Itsasondo,1.7
2018,,,Itsasondo,Percentage,Itsasondo,1.6
2019,,,Itsasondo,Percentage,Itsasondo,1.8
2020,,,Itsasondo,Percentage,Itsasondo,1.3
2014,,,Larraul,Percentage,Larraul,6.8
2015,,,Larraul,Percentage,Larraul,7.5
2016,,,Larraul,Percentage,Larraul,4.8
2017,,,Larraul,Percentage,Larraul,4.5
2018,,,Larraul,Percentage,Larraul,4.3
2019,,,Larraul,Percentage,Larraul,4.3
2020,,,Larraul,Percentage,Larraul,5.1
2014,,,Lazkao,Percentage,Lazkao,0.8
2015,,,Lazkao,Percentage,Lazkao,0.8
2016,,,Lazkao,Percentage,Lazkao,0.8
2017,,,Lazkao,Percentage,Lazkao,0.9
2018,,,Lazkao,Percentage,Lazkao,0.6
2019,,,Lazkao,Percentage,Lazkao,0.7
2020,,,Lazkao,Percentage,Lazkao,0.7
2014,,Goierri,,Percentage,Goierri,0.6
2015,,Goierri,,Percentage,Goierri,0.7
2016,,Goierri,,Percentage,Goierri,0.6
2017,,Goierri,,Percentage,Goierri,0.7
2018,,Goierri,,Percentage,Goierri,0.5
2019,,Goierri,,Percentage,Goierri,0.6
2020,,Goierri,,Percentage,Goierri,0.6
2014,,,Leaburu,Percentage,Leaburu,2.0
2015,,,Leaburu,Percentage,Leaburu,1.9
2016,,,Leaburu,Percentage,Leaburu,1.8
2017,,,Leaburu,Percentage,Leaburu,2.1
2018,,,Leaburu,Percentage,Leaburu,1.7
2019,,,Leaburu,Percentage,Leaburu,2.1
2020,,,Leaburu,Percentage,Leaburu,2.0
2014,,,Legazpi,Percentage,Legazpi,0.4
2015,,,Legazpi,Percentage,Legazpi,0.3
2016,,,Legazpi,Percentage,Legazpi,0.4
2017,,,Legazpi,Percentage,Legazpi,0.5
2018,,,Legazpi,Percentage,Legazpi,0.3
2019,,,Legazpi,Percentage,Legazpi,0.5
2020,,,Legazpi,Percentage,Legazpi,0.4
2014,,,Legorreta,Percentage,Legorreta,2.1
2015,,,Legorreta,Percentage,Legorreta,2.3
2016,,,Legorreta,Percentage,Legorreta,1.6
2017,,,Legorreta,Percentage,Legorreta,1.5
2018,,,Legorreta,Percentage,Legorreta,1.2
2019,,,Legorreta,Percentage,Legorreta,1.2
2020,,,Legorreta,Percentage,Legorreta,1.0
2014,,,Lezo,Percentage,Lezo,0.1
2015,,,Lezo,Percentage,Lezo,0.2
2016,,,Lezo,Percentage,Lezo,0.1
2017,,,Lezo,Percentage,Lezo,0.2
2018,,,Lezo,Percentage,Lezo,0.1
2019,,,Lezo,Percentage,Lezo,0.1
2020,,,Lezo,Percentage,Lezo,0.1
2014,,,Lizartza,Percentage,Lizartza,1.6
2015,,,Lizartza,Percentage,Lizartza,1.7
2016,,,Lizartza,Percentage,Lizartza,1.6
2017,,,Lizartza,Percentage,Lizartza,1.8
2018,,,Lizartza,Percentage,Lizartza,1.3
2019,,,Lizartza,Percentage,Lizartza,1.6
2020,,,Lizartza,Percentage,Lizartza,1.4
2014,,,Arrasate/Mondragón,Percentage,Arrasate/Mondragón,0.1
2015,,,Arrasate/Mondragón,Percentage,Arrasate/Mondragón,0.1
2016,,,Arrasate/Mondragón,Percentage,Arrasate/Mondragón,0.2
2017,,,Arrasate/Mondragón,Percentage,Arrasate/Mondragón,0.2
2018,,,Arrasate/Mondragón,Percentage,Arrasate/Mondragón,0.1
2019,,,Arrasate/Mondragón,Percentage,Arrasate/Mondragón,0.2
2020,,,Arrasate/Mondragón,Percentage,Arrasate/Mondragón,0.2
2014,,,Mutriku,Percentage,Mutriku,2.1
2015,,,Mutriku,Percentage,Mutriku,2.1
2016,,,Mutriku,Percentage,Mutriku,2.3
2017,,,Mutriku,Percentage,Mutriku,2.5
2018,,,Mutriku,Percentage,Mutriku,2.4
2019,,,Mutriku,Percentage,Mutriku,2.5
2020,,,Mutriku,Percentage,Mutriku,2.6
2014,,,Mutiloa,Percentage,Mutiloa,10.1
2015,,,Mutiloa,Percentage,Mutiloa,10.2
2016,,,Mutiloa,Percentage,Mutiloa,11.8
2017,,,Mutiloa,Percentage,Mutiloa,14.0
2018,,,Mutiloa,Percentage,Mutiloa,7.0
2019,,,Mutiloa,Percentage,Mutiloa,7.7
2020,,,Mutiloa,Percentage,Mutiloa,8.0
2014,,,Olaberria,Percentage,Olaberria,0.2
2015,,,Olaberria,Percentage,Olaberria,0.2
2016,,,Olaberria,Percentage,Olaberria,0.2
2017,,,Olaberria,Percentage,Olaberria,0.3
2018,,,Olaberria,Percentage,Olaberria,0.2
2019,,,Olaberria,Percentage,Olaberria,0.2
2020,,,Olaberria,Percentage,Olaberria,0.2
2014,,,Oñati,Percentage,Oñati,0.7
2015,,,Oñati,Percentage,Oñati,0.7
2016,,,Oñati,Percentage,Oñati,0.7
2017,,,Oñati,Percentage,Oñati,0.8
2018,,,Oñati,Percentage,Oñati,0.6
2019,,,Oñati,Percentage,Oñati,0.7
2020,,,Oñati,Percentage,Oñati,0.7
2014,,Tolosaldea,,Percentage,Tolosaldea,1.1
2015,,Tolosaldea,,Percentage,Tolosaldea,1.1
2016,,Tolosaldea,,Percentage,Tolosaldea,1.0
2017,,Tolosaldea,,Percentage,Tolosaldea,1.1
2018,,Tolosaldea,,Percentage,Tolosaldea,0.9
2019,,Tolosaldea,,Percentage,Tolosaldea,1.0
2020,,Tolosaldea,,Percentage,Tolosaldea,0.9
2014,,,Orexa,Percentage,Orexa,8.1
2015,,,Orexa,Percentage,Orexa,11.2
2016,,,Orexa,Percentage,Orexa,14.0
2017,,,Orexa,Percentage,Orexa,16.5
2018,,,Orexa,Percentage,Orexa,14.2
2019,,,Orexa,Percentage,Orexa,10.5
2020,,,Orexa,Percentage,Orexa,10.8
2014,,,Orio,Percentage,Orio,4.7
2015,,,Orio,Percentage,Orio,5.1
2016,,,Orio,Percentage,Orio,5.7
2017,,,Orio,Percentage,Orio,7.7
2018,,,Orio,Percentage,Orio,7.7
2019,,,Orio,Percentage,Orio,6.3
2020,,,Orio,Percentage,Orio,3.6
2014,,,Ormaiztegi,Percentage,Ormaiztegi,0.4
2015,,,Ormaiztegi,Percentage,Ormaiztegi,0.3
2016,,,Ormaiztegi,Percentage,Ormaiztegi,0.3
2017,,,Ormaiztegi,Percentage,Ormaiztegi,0.3
2018,,,Ormaiztegi,Percentage,Ormaiztegi,0.2
2019,,,Ormaiztegi,Percentage,Ormaiztegi,0.3
2020,,,Ormaiztegi,Percentage,Ormaiztegi,0.4
2014,,,Oiartzun,Percentage,Oiartzun,0.5
2015,,,Oiartzun,Percentage,Oiartzun,0.5
2016,,,Oiartzun,Percentage,Oiartzun,0.4
2017,,,Oiartzun,Percentage,Oiartzun,0.4
2018,,,Oiartzun,Percentage,Oiartzun,0.3
2019,,,Oiartzun,Percentage,Oiartzun,0.3
2020,,,Oiartzun,Percentage,Oiartzun,0.3
2014,,,Pasaia,Percentage,Pasaia,2.3
2015,,,Pasaia,Percentage,Pasaia,2.4
2016,,,Pasaia,Percentage,Pasaia,2.4
2017,,,Pasaia,Percentage,Pasaia,2.1
2018,,,Pasaia,Percentage,Pasaia,2.6
2019,,,Pasaia,Percentage,Pasaia,3.8
2020,,,Pasaia,Percentage,Pasaia,3.5
2014,,,Soraluze/Placencia de las Armas,Percentage,Soraluze/Placencia de las Armas,0.5
2015,,,Soraluze/Placencia de las Armas,Percentage,Soraluze/Placencia de las Armas,0.5
2016,,,Soraluze/Placencia de las Armas,Percentage,Soraluze/Placencia de las Armas,0.6
2017,,,Soraluze/Placencia de las Armas,Percentage,Soraluze/Placencia de las Armas,0.8
2018,,,Soraluze/Placencia de las Armas,Percentage,Soraluze/Placencia de las Armas,0.6
2019,,,Soraluze/Placencia de las Armas,Percentage,Soraluze/Placencia de las Armas,0.8
2020,,,Soraluze/Placencia de las Armas,Percentage,Soraluze/Placencia de las Armas,0.8
2014,,,Errezil,Percentage,Errezil,5.1
2015,,,Errezil,Percentage,Errezil,5.1
2016,,,Errezil,Percentage,Errezil,6.4
2017,,,Errezil,Percentage,Errezil,7.4
2018,,,Errezil,Percentage,Errezil,6.0
2019,,,Errezil,Percentage,Errezil,7.3
2020,,,Errezil,Percentage,Errezil,5.9
2014,,,Errenteria,Percentage,Errenteria,0.1
2015,,,Errenteria,Percentage,Errenteria,0.1
2016,,,Errenteria,Percentage,Errenteria,0.1
2017,,,Errenteria,Percentage,Errenteria,0.2
2018,,,Errenteria,Percentage,Errenteria,0.1
2019,,,Errenteria,Percentage,Errenteria,0.1
2020,,,Errenteria,Percentage,Errenteria,0.1
2014,,,Leintz-Gatzaga,Percentage,Leintz-Gatzaga,4.5
2015,,,Leintz-Gatzaga,Percentage,Leintz-Gatzaga,5.8
2016,,,Leintz-Gatzaga,Percentage,Leintz-Gatzaga,6.3
2017,,,Leintz-Gatzaga,Percentage,Leintz-Gatzaga,7.2
2018,,,Leintz-Gatzaga,Percentage,Leintz-Gatzaga,5.0
2019,,,Leintz-Gatzaga,Percentage,Leintz-Gatzaga,6.7
2020,,,Leintz-Gatzaga,Percentage,Leintz-Gatzaga,8.3
2014,,,Donostia / San Sebastián,Percentage,Donostia / San Sebastián,0.1
2015,,,Donostia / San Sebastián,Percentage,Donostia / San Sebastián,0.1
2016,,,Donostia / San Sebastián,Percentage,Donostia / San Sebastián,0.0
2017,,,Donostia / San Sebastián,Percentage,Donostia / San Sebastián,0.0
2018,,,Donostia / San Sebastián,Percentage,Donostia / San Sebastián,0.0
2019,,,Donostia / San Sebastián,Percentage,Donostia / San Sebastián,0.0
2020,,,Donostia / San Sebastián,Percentage,Donostia / San Sebastián,0.0
2014,,Urola Kosta,,Percentage,Urola Kosta,1.7
2015,,Urola Kosta,,Percentage,Urola Kosta,1.9
2016,,Urola Kosta,,Percentage,Urola Kosta,1.9
2017,,Urola Kosta,,Percentage,Urola Kosta,2.5
2018,,Urola Kosta,,Percentage,Urola Kosta,2.1
2019,,Urola Kosta,,Percentage,Urola Kosta,2.2
2020,,Urola Kosta,,Percentage,Urola Kosta,1.9
2014,,,Segura,Percentage,Segura,2.6
2015,,,Segura,Percentage,Segura,2.7
2016,,,Segura,Percentage,Segura,2.4
2017,,,Segura,Percentage,Segura,2.9
2018,,,Segura,Percentage,Segura,2.4
2019,,,Segura,Percentage,Segura,2.9
2020,,,Segura,Percentage,Segura,2.8
2014,,,Tolosa,Percentage,Tolosa,0.5
2015,,,Tolosa,Percentage,Tolosa,0.4
2016,,,Tolosa,Percentage,Tolosa,0.4
2017,,,Tolosa,Percentage,Tolosa,0.4
2018,,,Tolosa,Percentage,Tolosa,0.3
2019,,,Tolosa,Percentage,Tolosa,0.3
2020,,,Tolosa,Percentage,Tolosa,0.3
2014,,,Urnieta,Percentage,Urnieta,0.6
2015,,,Urnieta,Percentage,Urnieta,0.6
2016,,,Urnieta,Percentage,Urnieta,0.6
2017,,,Urnieta,Percentage,Urnieta,0.6
2018,,,Urnieta,Percentage,Urnieta,0.5
2019,,,Urnieta,Percentage,Urnieta,0.6
2020,,,Urnieta,Percentage,Urnieta,0.6
2014,,,Usurbil,Percentage,Usurbil,0.5
2015,,,Usurbil,Percentage,Usurbil,0.6
2016,,,Usurbil,Percentage,Usurbil,0.6
2017,,,Usurbil,Percentage,Usurbil,0.7
2018,,,Usurbil,Percentage,Usurbil,0.5
2019,,,Usurbil,Percentage,Usurbil,0.6
2020,,,Usurbil,Percentage,Usurbil,0.6
2014,,,Bergara,Percentage,Bergara,0.7
2015,,,Bergara,Percentage,Bergara,0.8
2016,,,Bergara,Percentage,Bergara,0.8
2017,,,Bergara,Percentage,Bergara,0.9
2018,,,Bergara,Percentage,Bergara,0.6
2019,,,Bergara,Percentage,Bergara,0.8
2020,,,Bergara,Percentage,Bergara,0.7
2014,,,Villabona,Percentage,Villabona,0.6
2015,,,Villabona,Percentage,Villabona,0.6
2016,,,Villabona,Percentage,Villabona,0.5
2017,,,Villabona,Percentage,Villabona,0.6
2018,,,Villabona,Percentage,Villabona,0.5
2019,,,Villabona,Percentage,Villabona,0.6
2020,,,Villabona,Percentage,Villabona,0.5
2014,,,Ordizia,Percentage,Ordizia,0.1
2015,,,Ordizia,Percentage,Ordizia,0.1
2016,,,Ordizia,Percentage,Ordizia,0.1
2017,,,Ordizia,Percentage,Ordizia,0.2
2018,,,Ordizia,Percentage,Ordizia,0.1
2019,,,Ordizia,Percentage,Ordizia,0.2
2020,,,Ordizia,Percentage,Ordizia,0.2
2014,,,Urretxu,Percentage,Urretxu,0.3
2015,,,Urretxu,Percentage,Urretxu,0.3
2016,,,Urretxu,Percentage,Urretxu,0.3
2017,,,Urretxu,Percentage,Urretxu,0.3
2018,,,Urretxu,Percentage,Urretxu,0.3
2019,,,Urretxu,Percentage,Urretxu,0.3
2020,,,Urretxu,Percentage,Urretxu,0.3
2014,,,Zaldibia,Percentage,Zaldibia,2.4
2015,,,Zaldibia,Percentage,Zaldibia,2.7
2016,,,Zaldibia,Percentage,Zaldibia,2.8
2017,,,Zaldibia,Percentage,Zaldibia,3.5
2018,,,Zaldibia,Percentage,Zaldibia,2.8
2019,,,Zaldibia,Percentage,Zaldibia,3.2
2020,,,Zaldibia,Percentage,Zaldibia,3.1
2014,,,Zarautz,Percentage,Zarautz,0.4
2015,,,Zarautz,Percentage,Zarautz,0.5
2016,,,Zarautz,Percentage,Zarautz,0.4
2017,,,Zarautz,Percentage,Zarautz,0.5
2018,,,Zarautz,Percentage,Zarautz,0.4
2019,,,Zarautz,Percentage,Zarautz,0.5
2020,,,Zarautz,Percentage,Zarautz,0.5
2014,,,Zumarraga,Percentage,Zumarraga,0.3
2015,,,Zumarraga,Percentage,Zumarraga,0.3
2016,,,Zumarraga,Percentage,Zumarraga,0.4
2017,,,Zumarraga,Percentage,Zumarraga,0.4
2018,,,Zumarraga,Percentage,Zumarraga,0.3
2019,,,Zumarraga,Percentage,Zumarraga,0.4
2020,,,Zumarraga,Percentage,Zumarraga,0.3
2014,,,Zumaia,Percentage,Zumaia,0.3
2015,,,Zumaia,Percentage,Zumaia,0.3
2016,,,Zumaia,Percentage,Zumaia,0.3
2017,,,Zumaia,Percentage,Zumaia,0.4
2018,,,Zumaia,Percentage,Zumaia,0.3
2019,,,Zumaia,Percentage,Zumaia,0.3
2020,,,Zumaia,Percentage,Zumaia,0.4
2014,,,Mendaro,Percentage,Mendaro,0.5
2015,,,Mendaro,Percentage,Mendaro,0.6
2016,,,Mendaro,Percentage,Mendaro,0.7
2017,,,Mendaro,Percentage,Mendaro,0.8
2018,,,Mendaro,Percentage,Mendaro,0.5
2019,,,Mendaro,Percentage,Mendaro,0.7
2020,,,Mendaro,Percentage,Mendaro,0.6
2014,,,Lasarte-Oria,Percentage,Lasarte-Oria,0.1
2015,,,Lasarte-Oria,Percentage,Lasarte-Oria,0.1
2016,,,Lasarte-Oria,Percentage,Lasarte-Oria,0.1
2017,,,Lasarte-Oria,Percentage,Lasarte-Oria,0.1
2018,,,Lasarte-Oria,Percentage,Lasarte-Oria,0.1
2019,,,Lasarte-Oria,Percentage,Lasarte-Oria,0.1
2020,,,Lasarte-Oria,Percentage,Lasarte-Oria,0.1
2014,,,Astigarraga,Percentage,Astigarraga,0.1
2015,,,Astigarraga,Percentage,Astigarraga,0.1
2016,,,Astigarraga,Percentage,Astigarraga,0.1
2017,,,Astigarraga,Percentage,Astigarraga,0.2
2018,,,Astigarraga,Percentage,Astigarraga,0.2
2019,,,Astigarraga,Percentage,Astigarraga,0.2
2020,,,Astigarraga,Percentage,Astigarraga,0.3
2014,,,Baliarrain,Percentage,Baliarrain,9.5
2015,,,Baliarrain,Percentage,Baliarrain,8.2
2016,,,Baliarrain,Percentage,Baliarrain,7.2
2017,,,Baliarrain,Percentage,Baliarrain,7.1
2018,,,Baliarrain,Percentage,Baliarrain,6.2
2019,,,Baliarrain,Percentage,Baliarrain,6.8
2020,,,Baliarrain,Percentage,Baliarrain,6.1
2014,,,Orendain,Percentage,Orendain,19.7
2015,,,Orendain,Percentage,Orendain,16.8
2016,,,Orendain,Percentage,Orendain,18.6
2017,,,Orendain,Percentage,Orendain,18.0
2018,,,Orendain,Percentage,Orendain,14.2
2019,,,Orendain,Percentage,Orendain,15.1
2020,,,Orendain,Percentage,Orendain,16.1
2014,,,Altzaga,Percentage,Altzaga,4.7
2015,,,Altzaga,Percentage,Altzaga,5.5
2016,,,Altzaga,Percentage,Altzaga,5.4
2017,,,Altzaga,Percentage,Altzaga,6.0
2018,,,Altzaga,Percentage,Altzaga,4.7
2019,,,Altzaga,Percentage,Altzaga,4.9
2020,,,Altzaga,Percentage,Altzaga,4.8
2014,,,Gaztelu,Percentage,Gaztelu,12.1
2015,,,Gaztelu,Percentage,Gaztelu,13.8
2016,,,Gaztelu,Percentage,Gaztelu,16.4
2017,,,Gaztelu,Percentage,Gaztelu,18.0
2018,,,Gaztelu,Percentage,Gaztelu,15.6
2019,,,Gaztelu,Percentage,Gaztelu,19.9
2020,,,Gaztelu,Percentage,Gaztelu,20.0
2010,Bizkaia,,,Percentage,Bizkaia,0.6
2011,Bizkaia,,,Percentage,Bizkaia,0.7
2012,Bizkaia,,,Percentage,Bizkaia,0.8
2013,Bizkaia,,,Percentage,Bizkaia,0.9
2014,Bizkaia,,,Percentage,Bizkaia,0.6
2015,Bizkaia,,,Percentage,Bizkaia,0.6
2016,Bizkaia,,,Percentage,Bizkaia,0.6
2017,Bizkaia,,,Percentage,Bizkaia,0.8
2018,Bizkaia,,,Percentage,Bizkaia,0.7
2019,Bizkaia,,,Percentage,Bizkaia,0.7
2020,Bizkaia,,,Percentage,Bizkaia,0.7
2021,Bizkaia,,,Percentage,Bizkaia,0.7
2022,Bizkaia,,,Percentage,Bizkaia,0.9
2014,,,Abadiño,Percentage,Abadiño,0.2
2015,,,Abadiño,Percentage,Abadiño,0.2
2016,,,Abadiño,Percentage,Abadiño,0.2
2017,,,Abadiño,Percentage,Abadiño,0.2
2018,,,Abadiño,Percentage,Abadiño,0.2
2019,,,Abadiño,Percentage,Abadiño,0.2
2020,,,Abadiño,Percentage,Abadiño,0.3
2014,,,Abanto y Ciérvana-Abanto Zierbena,Percentage,Abanto y Ciérvana-Abanto Zierbena,0.5
2015,,,Abanto y Ciérvana-Abanto Zierbena,Percentage,Abanto y Ciérvana-Abanto Zierbena,0.3
2016,,,Abanto y Ciérvana-Abanto Zierbena,Percentage,Abanto y Ciérvana-Abanto Zierbena,0.3
2017,,,Abanto y Ciérvana-Abanto Zierbena,Percentage,Abanto y Ciérvana-Abanto Zierbena,0.3
2018,,,Abanto y Ciérvana-Abanto Zierbena,Percentage,Abanto y Ciérvana-Abanto Zierbena,0.2
2019,,,Abanto y Ciérvana-Abanto Zierbena,Percentage,Abanto y Ciérvana-Abanto Zierbena,0.2
2020,,,Abanto y Ciérvana-Abanto Zierbena,Percentage,Abanto y Ciérvana-Abanto Zierbena,0.2
2014,,,Amorebieta-Etxano,Percentage,Amorebieta-Etxano,0.4
2015,,,Amorebieta-Etxano,Percentage,Amorebieta-Etxano,0.4
2016,,,Amorebieta-Etxano,Percentage,Amorebieta-Etxano,0.4
2017,,,Amorebieta-Etxano,Percentage,Amorebieta-Etxano,0.3
2018,,,Amorebieta-Etxano,Percentage,Amorebieta-Etxano,0.3
2019,,,Amorebieta-Etxano,Percentage,Amorebieta-Etxano,0.3
2020,,,Amorebieta-Etxano,Percentage,Amorebieta-Etxano,0.3
2014,,,Amoroto,Percentage,Amoroto,4.7
2015,,,Amoroto,Percentage,Amoroto,5.7
2016,,,Amoroto,Percentage,Amoroto,5.6
2017,,,Amoroto,Percentage,Amoroto,4.8
2018,,,Amoroto,Percentage,Amoroto,4.0
2019,,,Amoroto,Percentage,Amoroto,4.0
2020,,,Amoroto,Percentage,Amoroto,4.0
2014,,,Arakaldo,Percentage,Arakaldo,2.5
2015,,,Arakaldo,Percentage,Arakaldo,4.6
2016,,,Arakaldo,Percentage,Arakaldo,4.7
2017,,,Arakaldo,Percentage,Arakaldo,4.4
2018,,,Arakaldo,Percentage,Arakaldo,3.8
2019,,,Arakaldo,Percentage,Arakaldo,4.0
2020,,,Arakaldo,Percentage,Arakaldo,5.2
2014,,,Arantzazu,Percentage,Arantzazu,3.7
2015,,,Arantzazu,Percentage,Arantzazu,3.4
2016,,,Arantzazu,Percentage,Arantzazu,4.2
2017,,,Arantzazu,Percentage,Arantzazu,4.2
2018,,,Arantzazu,Percentage,Arantzazu,4.9
2019,,,Arantzazu,Percentage,Arantzazu,5.8
2020,,,Arantzazu,Percentage,Arantzazu,6.6
2014,,,Munitibar-Arbatzegi Gerrikaitz,Percentage,Munitibar-Arbatzegi Gerrikaitz,10.1
2015,,,Munitibar-Arbatzegi Gerrikaitz,Percentage,Munitibar-Arbatzegi Gerrikaitz,10.5
2016,,,Munitibar-Arbatzegi Gerrikaitz,Percentage,Munitibar-Arbatzegi Gerrikaitz,12.2
2017,,,Munitibar-Arbatzegi Gerrikaitz,Percentage,Munitibar-Arbatzegi Gerrikaitz,11.4
2018,,,Munitibar-Arbatzegi Gerrikaitz,Percentage,Munitibar-Arbatzegi Gerrikaitz,11.1
2019,,,Munitibar-Arbatzegi Gerrikaitz,Percentage,Munitibar-Arbatzegi Gerrikaitz,13.6
2020,,,Munitibar-Arbatzegi Gerrikaitz,Percentage,Munitibar-Arbatzegi Gerrikaitz,12.3
2014,,,Artzentales,Percentage,Artzentales,12.3
2015,,,Artzentales,Percentage,Artzentales,10.1
2016,,,Artzentales,Percentage,Artzentales,12.1
2017,,,Artzentales,Percentage,Artzentales,12.5
2018,,,Artzentales,Percentage,Artzentales,13.6
2019,,,Artzentales,Percentage,Artzentales,13.6
2020,,,Artzentales,Percentage,Artzentales,15.0
2014,,,Arrankudiaga-Zollo,Percentage,Arrankudiaga-Zollo,2.2
2015,,,Arrankudiaga-Zollo,Percentage,Arrankudiaga-Zollo,2.0
2016,,,Arrankudiaga-Zollo,Percentage,Arrankudiaga-Zollo,2.1
2017,,,Arrankudiaga-Zollo,Percentage,Arrankudiaga-Zollo,1.7
2018,,,Arrankudiaga-Zollo,Percentage,Arrankudiaga-Zollo,1.5
2019,,,Arrankudiaga-Zollo,Percentage,Arrankudiaga-Zollo,1.9
2020,,,Arrankudiaga-Zollo,Percentage,Arrankudiaga-Zollo,1.7
2014,,Arratia Nerbioi / Arratia-Nervión,,Percentage,Arratia Nerbioi / Arratia-Nervión,2.1
2015,,Arratia Nerbioi / Arratia-Nervión,,Percentage,Arratia Nerbioi / Arratia-Nervión,2.2
2016,,Arratia Nerbioi / Arratia-Nervión,,Percentage,Arratia Nerbioi / Arratia-Nervión,2.4
2017,,Arratia Nerbioi / Arratia-Nervión,,Percentage,Arratia Nerbioi / Arratia-Nervión,2.2
2018,,Arratia Nerbioi / Arratia-Nervión,,Percentage,Arratia Nerbioi / Arratia-Nervión,2.0
2019,,Arratia Nerbioi / Arratia-Nervión,,Percentage,Arratia Nerbioi / Arratia-Nervión,2.2
2020,,Arratia Nerbioi / Arratia-Nervión,,Percentage,Arratia Nerbioi / Arratia-Nervión,2.4
2014,,,Arrieta,Percentage,Arrieta,14.1
2015,,,Arrieta,Percentage,Arrieta,15.7
2016,,,Arrieta,Percentage,Arrieta,15.6
2017,,,Arrieta,Percentage,Arrieta,15.1
2018,,,Arrieta,Percentage,Arrieta,13.6
2019,,,Arrieta,Percentage,Arrieta,12.2
2020,,,Arrieta,Percentage,Arrieta,13.7
2014,,,Arrigorriaga,Percentage,Arrigorriaga,0.2
2015,,,Arrigorriaga,Percentage,Arrigorriaga,0.2
2016,,,Arrigorriaga,Percentage,Arrigorriaga,0.2
2017,,,Arrigorriaga,Percentage,Arrigorriaga,0.2
2018,,,Arrigorriaga,Percentage,Arrigorriaga,0.2
2019,,,Arrigorriaga,Percentage,Arrigorriaga,0.3
2020,,,Arrigorriaga,Percentage,Arrigorriaga,0.4
2014,,,Bakio,Percentage,Bakio,5.0
2015,,,Bakio,Percentage,Bakio,4.9
2016,,,Bakio,Percentage,Bakio,4.0
2017,,,Bakio,Percentage,Bakio,3.3
2018,,,Bakio,Percentage,Bakio,2.7
2019,,,Bakio,Percentage,Bakio,2.8
2020,,,Bakio,Percentage,Bakio,3.1
2014,,,Barakaldo,Percentage,Barakaldo,0.0
2015,,,Barakaldo,Percentage,Barakaldo,0.0
2016,,,Barakaldo,Percentage,Barakaldo,0.0
2017,,,Barakaldo,Percentage,Barakaldo,0.0
2018,,,Barakaldo,Percentage,Barakaldo,0.0
2019,,,Barakaldo,Percentage,Barakaldo,0.0
2020,,,Barakaldo,Percentage,Barakaldo,0.0
2014,,,Barrika,Percentage,Barrika,1.1
2015,,,Barrika,Percentage,Barrika,1.3
2016,,,Barrika,Percentage,Barrika,1.6
2017,,,Barrika,Percentage,Barrika,1.8
2018,,,Barrika,Percentage,Barrika,1.7
2019,,,Barrika,Percentage,Barrika,1.8
2020,,,Barrika,Percentage,Barrika,1.9
2014,,,Basauri,Percentage,Basauri,0.1
2015,,,Basauri,Percentage,Basauri,0.1
2016,,,Basauri,Percentage,Basauri,0.1
2017,,,Basauri,Percentage,Basauri,0.1
2018,,,Basauri,Percentage,Basauri,0.0
2019,,,Basauri,Percentage,Basauri,0.0
2020,,,Basauri,Percentage,Basauri,0.1
2014,,,Berango,Percentage,Berango,1.1
2015,,,Berango,Percentage,Berango,0.9
2016,,,Berango,Percentage,Berango,0.7
2017,,,Berango,Percentage,Berango,0.7
2018,,,Berango,Percentage,Berango,0.5
2019,,,Berango,Percentage,Berango,0.5
2020,,,Berango,Percentage,Berango,0.4
2014,,,Bermeo,Percentage,Bermeo,16.6
2015,,,Bermeo,Percentage,Bermeo,13.0
2016,,,Bermeo,Percentage,Bermeo,14.3
2017,,,Bermeo,Percentage,Bermeo,33.4
2018,,,Bermeo,Percentage,Bermeo,30.8
2019,,,Bermeo,Percentage,Bermeo,32.5
2020,,,Bermeo,Percentage,Bermeo,29.4
2014,,,Berriatua,Percentage,Berriatua,1.5
2015,,,Berriatua,Percentage,Berriatua,1.5
2016,,,Berriatua,Percentage,Berriatua,1.4
2017,,,Berriatua,Percentage,Berriatua,1.2
2018,,,Berriatua,Percentage,Berriatua,1.2
2019,,,Berriatua,Percentage,Berriatua,1.4
2020,,,Berriatua,Percentage,Berriatua,1.6
2014,,,Berriz,Percentage,Berriz,0.7
2015,,,Berriz,Percentage,Berriz,0.7
2016,,,Berriz,Percentage,Berriz,0.9
2017,,,Berriz,Percentage,Berriz,0.9
2018,,,Berriz,Percentage,Berriz,0.8
2019,,,Berriz,Percentage,Berriz,0.9
2020,,,Berriz,Percentage,Berriz,1.1
2014,,Bilbo Handia / Gran Bilbao,,Percentage,Bilbo Handia / Gran Bilbao,0.1
2015,,Bilbo Handia / Gran Bilbao,,Percentage,Bilbo Handia / Gran Bilbao,0.1
2016,,Bilbo Handia / Gran Bilbao,,Percentage,Bilbo Handia / Gran Bilbao,0.1
2017,,Bilbo Handia / Gran Bilbao,,Percentage,Bilbo Handia / Gran Bilbao,0.1
2018,,Bilbo Handia / Gran Bilbao,,Percentage,Bilbo Handia / Gran Bilbao,0.1
2019,,Bilbo Handia / Gran Bilbao,,Percentage,Bilbo Handia / Gran Bilbao,0.1
2020,,Bilbo Handia / Gran Bilbao,,Percentage,Bilbo Handia / Gran Bilbao,0.1
2014,,,Bilbao,Percentage,Bilbao,0.0
2015,,,Bilbao,Percentage,Bilbao,0.0
2016,,,Bilbao,Percentage,Bilbao,0.0
2017,,,Bilbao,Percentage,Bilbao,0.1
2018,,,Bilbao,Percentage,Bilbao,0.1
2019,,,Bilbao,Percentage,Bilbao,0.1
2020,,,Bilbao,Percentage,Bilbao,0.0
2014,,,Busturia,Percentage,Busturia,6.5
2015,,,Busturia,Percentage,Busturia,5.8
2016,,,Busturia,Percentage,Busturia,5.0
2017,,,Busturia,Percentage,Busturia,5.0
2018,,,Busturia,Percentage,Busturia,4.3
2019,,,Busturia,Percentage,Busturia,4.8
2020,,,Busturia,Percentage,Busturia,4.7
2014,,,Karrantza Harana/Valle de Carranza,Percentage,Karrantza Harana/Valle de Carranza,22.2
2015,,,Karrantza Harana/Valle de Carranza,Percentage,Karrantza Harana/Valle de Carranza,17.0
2016,,,Karrantza Harana/Valle de Carranza,Percentage,Karrantza Harana/Valle de Carranza,18.6
2017,,,Karrantza Harana/Valle de Carranza,Percentage,Karrantza Harana/Valle de Carranza,19.6
2018,,,Karrantza Harana/Valle de Carranza,Percentage,Karrantza Harana/Valle de Carranza,15.7
2019,,,Karrantza Harana/Valle de Carranza,Percentage,Karrantza Harana/Valle de Carranza,15.0
2020,,,Karrantza Harana/Valle de Carranza,Percentage,Karrantza Harana/Valle de Carranza,16.7
2014,,,Artea,Percentage,Artea,1.7
2015,,,Artea,Percentage,Artea,2.1
2016,,,Artea,Percentage,Artea,2.1
2017,,,Artea,Percentage,Artea,2.0
2018,,,Artea,Percentage,Artea,1.7
2019,,,Artea,Percentage,Artea,1.9
2020,,,Artea,Percentage,Artea,2.1
2014,,,Zeanuri,Percentage,Zeanuri,6.8
2015,,,Zeanuri,Percentage,Zeanuri,10.0
2016,,,Zeanuri,Percentage,Zeanuri,10.0
2017,,,Zeanuri,Percentage,Zeanuri,8.1
2018,,,Zeanuri,Percentage,Zeanuri,7.2
2019,,,Zeanuri,Percentage,Zeanuri,8.1
2020,,,Zeanuri,Percentage,Zeanuri,8.7
2014,,,Zeberio,Percentage,Zeberio,12.7
2015,,,Zeberio,Percentage,Zeberio,11.8
2016,,,Zeberio,Percentage,Zeberio,13.2
2017,,,Zeberio,Percentage,Zeberio,11.1
2018,,,Zeberio,Percentage,Zeberio,11.0
2019,,,Zeberio,Percentage,Zeberio,12.8
2020,,,Zeberio,Percentage,Zeberio,12.5
2014,,,Dima,Percentage,Dima,5.9
2015,,,Dima,Percentage,Dima,6.3
2016,,,Dima,Percentage,Dima,7.8
2017,,,Dima,Percentage,Dima,7.7
2018,,,Dima,Percentage,Dima,7.1
2019,,,Dima,Percentage,Dima,8.6
2020,,,Dima,Percentage,Dima,8.2
2014,,,Durango,Percentage,Durango,0.1
2015,,,Durango,Percentage,Durango,0.1
2016,,,Durango,Percentage,Durango,0.1
2017,,,Durango,Percentage,Durango,0.1
2018,,,Durango,Percentage,Durango,0.1
2019,,,Durango,Percentage,Durango,0.1
2020,,,Durango,Percentage,Durango,0.1
2014,,,Ea,Percentage,Ea,5.6
2015,,,Ea,Percentage,Ea,5.2
2016,,,Ea,Percentage,Ea,4.7
2017,,,Ea,Percentage,Ea,4.9
2018,,,Ea,Percentage,Ea,4.3
2019,,,Ea,Percentage,Ea,4.9
2020,,,Ea,Percentage,Ea,4.7
2014,,,Etxebarri,Percentage,Etxebarri,0.0
2015,,,Etxebarri,Percentage,Etxebarri,0.0
2016,,,Etxebarri,Percentage,Etxebarri,0.0
2017,,,Etxebarri,Percentage,Etxebarri,0.0
2018,,,Etxebarri,Percentage,Etxebarri,0.0
2019,,,Etxebarri,Percentage,Etxebarri,0.0
2020,,,Etxebarri,Percentage,Etxebarri,0.0
2014,,Durangaldea / Duranguesado,,Percentage,Durangaldea / Duranguesado,0.4
2015,,Durangaldea / Duranguesado,,Percentage,Durangaldea / Duranguesado,0.4
2016,,Durangaldea / Duranguesado,,Percentage,Durangaldea / Duranguesado,0.4
2017,,Durangaldea / Duranguesado,,Percentage,Durangaldea / Duranguesado,0.4
2018,,Durangaldea / Duranguesado,,Percentage,Durangaldea / Duranguesado,0.4
2019,,Durangaldea / Duranguesado,,Percentage,Durangaldea / Duranguesado,0.4
2020,,Durangaldea / Duranguesado,,Percentage,Durangaldea / Duranguesado,0.4
2014,,,Etxebarria,Percentage,Etxebarria,0.9
2015,,,Etxebarria,Percentage,Etxebarria,0.9
2016,,,Etxebarria,Percentage,Etxebarria,0.9
2017,,,Etxebarria,Percentage,Etxebarria,0.8
2018,,,Etxebarria,Percentage,Etxebarria,0.9
2019,,,Etxebarria,Percentage,Etxebarria,1.1
2020,,,Etxebarria,Percentage,Etxebarria,1.1
2014,,,Elantxobe,Percentage,Elantxobe,1.8
2015,,,Elantxobe,Percentage,Elantxobe,1.6
2016,,,Elantxobe,Percentage,Elantxobe,1.4
2017,,,Elantxobe,Percentage,Elantxobe,1.2
2018,,,Elantxobe,Percentage,Elantxobe,1.0
2019,,,Elantxobe,Percentage,Elantxobe,1.1
2020,,,Elantxobe,Percentage,Elantxobe,1.0
2014,,,Elorrio,Percentage,Elorrio,0.6
2015,,,Elorrio,Percentage,Elorrio,0.5
2016,,,Elorrio,Percentage,Elorrio,0.8
2017,,,Elorrio,Percentage,Elorrio,0.7
2018,,,Elorrio,Percentage,Elorrio,0.7
2019,,,Elorrio,Percentage,Elorrio,0.8
2020,,,Elorrio,Percentage,Elorrio,0.8
2014,,,Ereño,Percentage,Ereño,13.6
2015,,,Ereño,Percentage,Ereño,10.6
2016,,,Ereño,Percentage,Ereño,8.7
2017,,,Ereño,Percentage,Ereño,8.5
2018,,,Ereño,Percentage,Ereño,11.9
2019,,,Ereño,Percentage,Ereño,14.9
2020,,,Ereño,Percentage,Ereño,16.4
2014,,,Ermua,Percentage,Ermua,0.1
2015,,,Ermua,Percentage,Ermua,0.1
2016,,,Ermua,Percentage,Ermua,0.1
2017,,,Ermua,Percentage,Ermua,0.1
2018,,,Ermua,Percentage,Ermua,0.0
2019,,,Ermua,Percentage,Ermua,0.1
2020,,,Ermua,Percentage,Ermua,0.1
2014,,,Fruiz,Percentage,Fruiz,8.3
2015,,,Fruiz,Percentage,Fruiz,7.1
2016,,,Fruiz,Percentage,Fruiz,6.2
2017,,,Fruiz,Percentage,Fruiz,5.3
2018,,,Fruiz,Percentage,Fruiz,4.8
2019,,,Fruiz,Percentage,Fruiz,5.1
2020,,,Fruiz,Percentage,Fruiz,4.5
2014,,,Galdakao,Percentage,Galdakao,0.2
2015,,,Galdakao,Percentage,Galdakao,0.2
2016,,,Galdakao,Percentage,Galdakao,0.2
2017,,,Galdakao,Percentage,Galdakao,0.1
2018,,,Galdakao,Percentage,Galdakao,0.1
2019,,,Galdakao,Percentage,Galdakao,0.1
2020,,,Galdakao,Percentage,Galdakao,0.1
2014,,,Galdames,Percentage,Galdames,6.2
2015,,,Galdames,Percentage,Galdames,7.0
2016,,,Galdames,Percentage,Galdames,9.0
2017,,,Galdames,Percentage,Galdames,8.4
2018,,,Galdames,Percentage,Galdames,7.4
2019,,,Galdames,Percentage,Galdames,7.8
2020,,,Galdames,Percentage,Galdames,8.0
2014,,,Gamiz-Fika,Percentage,Gamiz-Fika,18.3
2015,,,Gamiz-Fika,Percentage,Gamiz-Fika,18.9
2016,,,Gamiz-Fika,Percentage,Gamiz-Fika,14.5
2017,,,Gamiz-Fika,Percentage,Gamiz-Fika,12.9
2018,,,Gamiz-Fika,Percentage,Gamiz-Fika,11.4
2019,,,Gamiz-Fika,Percentage,Gamiz-Fika,11.4
2020,,,Gamiz-Fika,Percentage,Gamiz-Fika,12.3
2014,,,Garai,Percentage,Garai,6.1
2015,,,Garai,Percentage,Garai,6.0
2016,,,Garai,Percentage,Garai,7.0
2017,,,Garai,Percentage,Garai,6.4
2018,,,Garai,Percentage,Garai,6.1
2019,,,Garai,Percentage,Garai,6.4
2020,,,Garai,Percentage,Garai,8.4
2014,,Enkartazioak / Encartaciones,,Percentage,Enkartazioak / Encartaciones,4.2
2015,,Enkartazioak / Encartaciones,,Percentage,Enkartazioak / Encartaciones,3.4
2016,,Enkartazioak / Encartaciones,,Percentage,Enkartazioak / Encartaciones,3.8
2017,,Enkartazioak / Encartaciones,,Percentage,Enkartazioak / Encartaciones,3.8
2018,,Enkartazioak / Encartaciones,,Percentage,Enkartazioak / Encartaciones,3.5
2019,,Enkartazioak / Encartaciones,,Percentage,Enkartazioak / Encartaciones,3.3
2020,,Enkartazioak / Encartaciones,,Percentage,Enkartazioak / Encartaciones,3.5
2014,,,Gatika,Percentage,Gatika,2.9
2015,,,Gatika,Percentage,Gatika,3.6
2016,,,Gatika,Percentage,Gatika,2.7
2017,,,Gatika,Percentage,Gatika,2.7
2018,,,Gatika,Percentage,Gatika,2.3
2019,,,Gatika,Percentage,Gatika,2.6
2020,,,Gatika,Percentage,Gatika,3.0
2014,,,Gautegiz Arteaga,Percentage,Gautegiz Arteaga,4.5
2015,,,Gautegiz Arteaga,Percentage,Gautegiz Arteaga,4.0
2016,,,Gautegiz Arteaga,Percentage,Gautegiz Arteaga,3.5
2017,,,Gautegiz Arteaga,Percentage,Gautegiz Arteaga,2.9
2018,,,Gautegiz Arteaga,Percentage,Gautegiz Arteaga,2.6
2019,,,Gautegiz Arteaga,Percentage,Gautegiz Arteaga,2.8
2020,,,Gautegiz Arteaga,Percentage,Gautegiz Arteaga,3.1
2014,,,Gordexola,Percentage,Gordexola,5.5
2015,,,Gordexola,Percentage,Gordexola,5.1
2016,,,Gordexola,Percentage,Gordexola,5.1
2017,,,Gordexola,Percentage,Gordexola,4.3
2018,,,Gordexola,Percentage,Gordexola,4.0
2019,,,Gordexola,Percentage,Gordexola,4.5
2020,,,Gordexola,Percentage,Gordexola,4.3
2014,,,Gorliz,Percentage,Gorliz,1.6
2015,,,Gorliz,Percentage,Gorliz,1.5
2016,,,Gorliz,Percentage,Gorliz,1.2
2017,,,Gorliz,Percentage,Gorliz,0.9
2018,,,Gorliz,Percentage,Gorliz,0.8
2019,,,Gorliz,Percentage,Gorliz,0.6
2020,,,Gorliz,Percentage,Gorliz,0.5
2014,,,Getxo,Percentage,Getxo,0.1
2015,,,Getxo,Percentage,Getxo,0.1
2016,,,Getxo,Percentage,Getxo,0.1
2017,,,Getxo,Percentage,Getxo,0.1
2018,,,Getxo,Percentage,Getxo,0.1
2019,,,Getxo,Percentage,Getxo,0.0
2020,,,Getxo,Percentage,Getxo,0.0
2014,,,Güeñes,Percentage,Güeñes,1.4
2015,,,Güeñes,Percentage,Güeñes,1.3
2016,,,Güeñes,Percentage,Güeñes,1.4
2017,,,Güeñes,Percentage,Güeñes,1.2
2018,,,Güeñes,Percentage,Güeñes,1.2
2019,,,Güeñes,Percentage,Güeñes,1.0
2020,,,Güeñes,Percentage,Güeñes,1.2
2014,,,Gernika-Lumo,Percentage,Gernika-Lumo,0.2
2015,,,Gernika-Lumo,Percentage,Gernika-Lumo,0.2
2016,,,Gernika-Lumo,Percentage,Gernika-Lumo,0.2
2017,,,Gernika-Lumo,Percentage,Gernika-Lumo,0.3
2018,,,Gernika-Lumo,Percentage,Gernika-Lumo,0.3
2019,,,Gernika-Lumo,Percentage,Gernika-Lumo,0.3
2020,,,Gernika-Lumo,Percentage,Gernika-Lumo,0.4
2014,,,Gizaburuaga,Percentage,Gizaburuaga,2.2
2015,,,Gizaburuaga,Percentage,Gizaburuaga,1.9
2016,,,Gizaburuaga,Percentage,Gizaburuaga,2.1
2017,,,Gizaburuaga,Percentage,Gizaburuaga,1.6
2018,,,Gizaburuaga,Percentage,Gizaburuaga,1.7
2019,,,Gizaburuaga,Percentage,Gizaburuaga,2.1
2020,,,Gizaburuaga,Percentage,Gizaburuaga,2.1
2014,,,Ibarrangelu,Percentage,Ibarrangelu,4.2
2015,,,Ibarrangelu,Percentage,Ibarrangelu,4.4
2016,,,Ibarrangelu,Percentage,Ibarrangelu,4.2
2017,,,Ibarrangelu,Percentage,Ibarrangelu,4.3
2018,,,Ibarrangelu,Percentage,Ibarrangelu,3.5
2019,,,Ibarrangelu,Percentage,Ibarrangelu,3.9
2020,,,Ibarrangelu,Percentage,Ibarrangelu,4.3
2014,,,Ispaster,Percentage,Ispaster,7.6
2015,,,Ispaster,Percentage,Ispaster,8.7
2016,,,Ispaster,Percentage,Ispaster,9.4
2017,,,Ispaster,Percentage,Ispaster,8.8
2018,,,Ispaster,Percentage,Ispaster,11.5
2019,,,Ispaster,Percentage,Ispaster,12.6
2020,,,Ispaster,Percentage,Ispaster,12.2
2014,,Gernika-Bermeo,,Percentage,Gernika-Bermeo,7.8
2015,,Gernika-Bermeo,,Percentage,Gernika-Bermeo,6.5
2016,,Gernika-Bermeo,,Percentage,Gernika-Bermeo,6.9
2017,,Gernika-Bermeo,,Percentage,Gernika-Bermeo,14.9
2018,,Gernika-Bermeo,,Percentage,Gernika-Bermeo,13.2
2019,,Gernika-Bermeo,,Percentage,Gernika-Bermeo,14.1
2020,,Gernika-Bermeo,,Percentage,Gernika-Bermeo,12.7
2014,,,Izurtza,Percentage,Izurtza,0.4
2015,,,Izurtza,Percentage,Izurtza,0.4
2016,,,Izurtza,Percentage,Izurtza,0.6
2017,,,Izurtza,Percentage,Izurtza,0.6
2018,,,Izurtza,Percentage,Izurtza,0.6
2019,,,Izurtza,Percentage,Izurtza,0.8
2020,,,Izurtza,Percentage,Izurtza,0.9
2014,,,Lanestosa,Percentage,Lanestosa,5.4
2015,,,Lanestosa,Percentage,Lanestosa,4.5
2016,,,Lanestosa,Percentage,Lanestosa,5.1
2017,,,Lanestosa,Percentage,Lanestosa,5.5
2018,,,Lanestosa,Percentage,Lanestosa,5.7
2019,,,Lanestosa,Percentage,Lanestosa,5.6
2020,,,Lanestosa,Percentage,Lanestosa,6.3
2014,,,Larrabetzu,Percentage,Larrabetzu,2.9
2015,,,Larrabetzu,Percentage,Larrabetzu,2.6
2016,,,Larrabetzu,Percentage,Larrabetzu,2.0
2017,,,Larrabetzu,Percentage,Larrabetzu,1.4
2018,,,Larrabetzu,Percentage,Larrabetzu,1.1
2019,,,Larrabetzu,Percentage,Larrabetzu,1.2
2020,,,Larrabetzu,Percentage,Larrabetzu,1.3
2014,,,Laukiz,Percentage,Laukiz,4.3
2015,,,Laukiz,Percentage,Laukiz,4.3
2016,,,Laukiz,Percentage,Laukiz,4.2
2017,,,Laukiz,Percentage,Laukiz,4.0
2018,,,Laukiz,Percentage,Laukiz,3.8
2019,,,Laukiz,Percentage,Laukiz,3.2
2020,,,Laukiz,Percentage,Laukiz,3.5
2014,,,Leioa,Percentage,Leioa,0.0
2015,,,Leioa,Percentage,Leioa,0.0
2016,,,Leioa,Percentage,Leioa,0.0
2017,,,Leioa,Percentage,Leioa,0.0
2018,,,Leioa,Percentage,Leioa,0.0
2019,,,Leioa,Percentage,Leioa,0.0
2020,,,Leioa,Percentage,Leioa,0.0
2014,,,Lemoa,Percentage,Lemoa,0.5
2015,,,Lemoa,Percentage,Lemoa,0.5
2016,,,Lemoa,Percentage,Lemoa,0.6
2017,,,Lemoa,Percentage,Lemoa,0.5
2018,,,Lemoa,Percentage,Lemoa,0.5
2019,,,Lemoa,Percentage,Lemoa,0.6
2020,,,Lemoa,Percentage,Lemoa,0.6
2014,,,Lemoiz,Percentage,Lemoiz,7.7
2015,,,Lemoiz,Percentage,Lemoiz,5.9
2016,,,Lemoiz,Percentage,Lemoiz,6.2
2017,,,Lemoiz,Percentage,Lemoiz,7.8
2018,,,Lemoiz,Percentage,Lemoiz,6.4
2019,,,Lemoiz,Percentage,Lemoiz,9.9
2020,,,Lemoiz,Percentage,Lemoiz,12.2
2014,,,Lekeitio,Percentage,Lekeitio,1.8
2015,,,Lekeitio,Percentage,Lekeitio,2.0
2016,,,Lekeitio,Percentage,Lekeitio,2.8
2017,,,Lekeitio,Percentage,Lekeitio,3.5
2018,,,Lekeitio,Percentage,Lekeitio,3.5
2019,,,Lekeitio,Percentage,Lekeitio,3.1
2020,,,Lekeitio,Percentage,Lekeitio,2.5
2014,,,Mallabia,Percentage,Mallabia,1.0
2015,,,Mallabia,Percentage,Mallabia,1.0
2016,,,Mallabia,Percentage,Mallabia,1.1
2017,,,Mallabia,Percentage,Mallabia,0.9
2018,,,Mallabia,Percentage,Mallabia,0.8
2019,,,Mallabia,Percentage,Mallabia,0.8
2020,,,Mallabia,Percentage,Mallabia,0.8
2014,,,Mañaria,Percentage,Mañaria,1.8
2015,,,Mañaria,Percentage,Mañaria,1.8
2016,,,Mañaria,Percentage,Mañaria,2.7
2017,,,Mañaria,Percentage,Mañaria,2.9
2018,,,Mañaria,Percentage,Mañaria,2.4
2019,,,Mañaria,Percentage,Mañaria,2.6
2020,,,Mañaria,Percentage,Mañaria,2.8
2014,,Markina-Ondarroa,,Percentage,Markina-Ondarroa,5.6
2015,,Markina-Ondarroa,,Percentage,Markina-Ondarroa,6.3
2016,,Markina-Ondarroa,,Percentage,Markina-Ondarroa,6.7
2017,,Markina-Ondarroa,,Percentage,Markina-Ondarroa,6.4
2018,,Markina-Ondarroa,,Percentage,Markina-Ondarroa,5.8
2019,,Markina-Ondarroa,,Percentage,Markina-Ondarroa,6.7
2020,,Markina-Ondarroa,,Percentage,Markina-Ondarroa,5.4
2014,,,Markina-Xemein,Percentage,Markina-Xemein,1.9
2015,,,Markina-Xemein,Percentage,Markina-Xemein,2.2
2016,,,Markina-Xemein,Percentage,Markina-Xemein,2.5
2017,,,Markina-Xemein,Percentage,Markina-Xemein,2.4
2018,,,Markina-Xemein,Percentage,Markina-Xemein,2.3
2019,,,Markina-Xemein,Percentage,Markina-Xemein,2.7
2020,,,Markina-Xemein,Percentage,Markina-Xemein,3.0
2014,,,Maruri-Jatabe,Percentage,Maruri-Jatabe,6.9
2015,,,Maruri-Jatabe,Percentage,Maruri-Jatabe,5.3
2016,,,Maruri-Jatabe,Percentage,Maruri-Jatabe,7.4
2017,,,Maruri-Jatabe,Percentage,Maruri-Jatabe,6.3
2018,,,Maruri-Jatabe,Percentage,Maruri-Jatabe,5.7
2019,,,Maruri-Jatabe,Percentage,Maruri-Jatabe,6.7
2020,,,Maruri-Jatabe,Percentage,Maruri-Jatabe,8.0
2014,,,Mendata,Percentage,Mendata,22.4
2015,,,Mendata,Percentage,Mendata,25.0
2016,,,Mendata,Percentage,Mendata,29.4
2017,,,Mendata,Percentage,Mendata,32.0
2018,,,Mendata,Percentage,Mendata,28.6
2019,,,Mendata,Percentage,Mendata,31.1
2020,,,Mendata,Percentage,Mendata,27.4
2014,,,Mendexa,Percentage,Mendexa,9.4
2015,,,Mendexa,Percentage,Mendexa,9.4
2016,,,Mendexa,Percentage,Mendexa,7.8
2017,,,Mendexa,Percentage,Mendexa,7.8
2018,,,Mendexa,Percentage,Mendexa,6.6
2019,,,Mendexa,Percentage,Mendexa,8.7
2020,,,Mendexa,Percentage,Mendexa,10.6
2014,,,Meñaka,Percentage,Meñaka,5.6
2015,,,Meñaka,Percentage,Meñaka,5.4
2016,,,Meñaka,Percentage,Meñaka,7.2
2017,,,Meñaka,Percentage,Meñaka,7.2
2018,,,Meñaka,Percentage,Meñaka,6.9
2019,,,Meñaka,Percentage,Meñaka,6.7
2020,,,Meñaka,Percentage,Meñaka,7.2
2014,,,Ugao-Miraballes,Percentage,Ugao-Miraballes,0.3
2015,,,Ugao-Miraballes,Percentage,Ugao-Miraballes,0.3
2016,,,Ugao-Miraballes,Percentage,Ugao-Miraballes,0.3
2017,,,Ugao-Miraballes,Percentage,Ugao-Miraballes,0.3
2018,,,Ugao-Miraballes,Percentage,Ugao-Miraballes,0.3
2019,,,Ugao-Miraballes,Percentage,Ugao-Miraballes,0.3
2020,,,Ugao-Miraballes,Percentage,Ugao-Miraballes,0.3
2014,,,Morga,Percentage,Morga,15.8
2015,,,Morga,Percentage,Morga,17.5
2016,,,Morga,Percentage,Morga,19.7
2017,,,Morga,Percentage,Morga,18.8
2018,,,Morga,Percentage,Morga,15.1
2019,,,Morga,Percentage,Morga,13.5
2020,,,Morga,Percentage,Morga,20.1
2014,,,Muxika,Percentage,Muxika,7.1
2015,,,Muxika,Percentage,Muxika,8.1
2016,,,Muxika,Percentage,Muxika,8.4
2017,,,Muxika,Percentage,Muxika,8.1
2018,,,Muxika,Percentage,Muxika,7.4
2019,,,Muxika,Percentage,Muxika,8.7
2020,,,Muxika,Percentage,Muxika,8.5
2014,,,Mundaka,Percentage,Mundaka,1.3
2015,,,Mundaka,Percentage,Mundaka,1.2
2016,,,Mundaka,Percentage,Mundaka,1.3
2017,,,Mundaka,Percentage,Mundaka,0.6
2018,,,Mundaka,Percentage,Mundaka,0.7
2019,,,Mundaka,Percentage,Mundaka,0.5
2020,,,Mundaka,Percentage,Mundaka,0.6
2014,,,Mungia,Percentage,Mungia,0.6
2015,,,Mungia,Percentage,Mungia,0.7
2016,,,Mungia,Percentage,Mungia,0.6
2017,,,Mungia,Percentage,Mungia,0.5
2018,,,Mungia,Percentage,Mungia,0.4
2019,,,Mungia,Percentage,Mungia,0.4
2020,,,Mungia,Percentage,Mungia,0.5
2014,,Plentzia-Mungia,,Percentage,Plentzia-Mungia,1.6
2015,,Plentzia-Mungia,,Percentage,Plentzia-Mungia,1.7
2016,,Plentzia-Mungia,,Percentage,Plentzia-Mungia,1.4
2017,,Plentzia-Mungia,,Percentage,Plentzia-Mungia,1.3
2018,,Plentzia-Mungia,,Percentage,Plentzia-Mungia,1.1
2019,,Plentzia-Mungia,,Percentage,Plentzia-Mungia,1.1
2020,,Plentzia-Mungia,,Percentage,Plentzia-Mungia,1.2
2014,,,Aulesti,Percentage,Aulesti,5.9
2015,,,Aulesti,Percentage,Aulesti,6.2
2016,,,Aulesti,Percentage,Aulesti,8.3
2017,,,Aulesti,Percentage,Aulesti,8.2
2018,,,Aulesti,Percentage,Aulesti,7.9
2019,,,Aulesti,Percentage,Aulesti,8.8
2020,,,Aulesti,Percentage,Aulesti,7.1
2014,,,Muskiz,Percentage,Muskiz,0.7
2015,,,Muskiz,Percentage,Muskiz,0.2
2016,,,Muskiz,Percentage,Muskiz,0.2
2017,,,Muskiz,Percentage,Muskiz,0.2
2018,,,Muskiz,Percentage,Muskiz,0.2
2019,,,Muskiz,Percentage,Muskiz,0.2
2020,,,Muskiz,Percentage,Muskiz,0.4
2014,,,Otxandio,Percentage,Otxandio,1.0
2015,,,Otxandio,Percentage,Otxandio,1.0
2016,,,Otxandio,Percentage,Otxandio,0.9
2017,,,Otxandio,Percentage,Otxandio,0.8
2018,,,Otxandio,Percentage,Otxandio,0.7
2019,,,Otxandio,Percentage,Otxandio,0.7
2020,,,Otxandio,Percentage,Otxandio,0.9
2014,,,Ondarroa,Percentage,Ondarroa,13.7
2015,,,Ondarroa,Percentage,Ondarroa,17.5
2016,,,Ondarroa,Percentage,Ondarroa,17.7
2017,,,Ondarroa,Percentage,Ondarroa,17.2
2018,,,Ondarroa,Percentage,Ondarroa,14.8
2019,,,Ondarroa,Percentage,Ondarroa,17.1
2020,,,Ondarroa,Percentage,Ondarroa,12.4
2014,,,Urduña/Orduña,Percentage,Urduña/Orduña,4.0
2015,,,Urduña/Orduña,Percentage,Urduña/Orduña,3.5
2016,,,Urduña/Orduña,Percentage,Urduña/Orduña,3.8
2017,,,Urduña/Orduña,Percentage,Urduña/Orduña,4.3
2018,,,Urduña/Orduña,Percentage,Urduña/Orduña,3.9
2019,,,Urduña/Orduña,Percentage,Urduña/Orduña,4.4
2020,,,Urduña/Orduña,Percentage,Urduña/Orduña,5.0
2014,,,Orozko,Percentage,Orozko,2.5
2015,,,Orozko,Percentage,Orozko,2.6
2016,,,Orozko,Percentage,Orozko,2.5
2017,,,Orozko,Percentage,Orozko,2.2
2018,,,Orozko,Percentage,Orozko,1.6
2019,,,Orozko,Percentage,Orozko,1.8
2020,,,Orozko,Percentage,Orozko,2.3
2014,,,Sukarrieta,Percentage,Sukarrieta,0.5
2015,,,Sukarrieta,Percentage,Sukarrieta,0.4
2016,,,Sukarrieta,Percentage,Sukarrieta,0.6
2017,,,Sukarrieta,Percentage,Sukarrieta,1.0
2018,,,Sukarrieta,Percentage,Sukarrieta,0.9
2019,,,Sukarrieta,Percentage,Sukarrieta,1.1
2020,,,Sukarrieta,Percentage,Sukarrieta,1.1
2014,,,Plentzia,Percentage,Plentzia,2.5
2015,,,Plentzia,Percentage,Plentzia,2.6
2016,,,Plentzia,Percentage,Plentzia,2.1
2017,,,Plentzia,Percentage,Plentzia,1.4
2018,,,Plentzia,Percentage,Plentzia,1.4
2019,,,Plentzia,Percentage,Plentzia,1.3
2020,,,Plentzia,Percentage,Plentzia,1.6
2014,,,Portugalete,Percentage,Portugalete,0.0
2015,,,Portugalete,Percentage,Portugalete,0.0
2016,,,Portugalete,Percentage,Portugalete,0.0
2017,,,Portugalete,Percentage,Portugalete,0.0
2018,,,Portugalete,Percentage,Portugalete,0.0
2019,,,Portugalete,Percentage,Portugalete,0.0
2020,,,Portugalete,Percentage,Portugalete,0.0
2014,,,Errigoiti,Percentage,Errigoiti,14.9
2015,,,Errigoiti,Percentage,Errigoiti,12.7
2016,,,Errigoiti,Percentage,Errigoiti,14.3
2017,,,Errigoiti,Percentage,Errigoiti,15.5
2018,,,Errigoiti,Percentage,Errigoiti,13.4
2019,,,Errigoiti,Percentage,Errigoiti,14.7
2020,,,Errigoiti,Percentage,Errigoiti,15.8
2014,,,Valle de Trápaga-Trapagaran,Percentage,Valle de Trápaga-Trapagaran,0.1
2015,,,Valle de Trápaga-Trapagaran,Percentage,Valle de Trápaga-Trapagaran,0.0
2016,,,Valle de Trápaga-Trapagaran,Percentage,Valle de Trápaga-Trapagaran,0.1
2017,,,Valle de Trápaga-Trapagaran,Percentage,Valle de Trápaga-Trapagaran,0.1
2018,,,Valle de Trápaga-Trapagaran,Percentage,Valle de Trápaga-Trapagaran,0.1
2019,,,Valle de Trápaga-Trapagaran,Percentage,Valle de Trápaga-Trapagaran,0.0
2020,,,Valle de Trápaga-Trapagaran,Percentage,Valle de Trápaga-Trapagaran,0.1
2014,,,Lezama,Percentage,Lezama,1.0
2015,,,Lezama,Percentage,Lezama,1.1
2016,,,Lezama,Percentage,Lezama,1.1
2017,,,Lezama,Percentage,Lezama,1.2
2018,,,Lezama,Percentage,Lezama,1.2
2019,,,Lezama,Percentage,Lezama,1.1
2020,,,Lezama,Percentage,Lezama,1.0
2014,,,Santurtzi,Percentage,Santurtzi,0.2
2015,,,Santurtzi,Percentage,Santurtzi,0.2
2016,,,Santurtzi,Percentage,Santurtzi,0.2
2017,,,Santurtzi,Percentage,Santurtzi,0.2
2018,,,Santurtzi,Percentage,Santurtzi,0.2
2019,,,Santurtzi,Percentage,Santurtzi,0.3
2020,,,Santurtzi,Percentage,Santurtzi,0.3
2014,,,Ortuella,Percentage,Ortuella,0.1
2015,,,Ortuella,Percentage,Ortuella,0.1
2016,,,Ortuella,Percentage,Ortuella,0.1
2017,,,Ortuella,Percentage,Ortuella,0.1
2018,,,Ortuella,Percentage,Ortuella,0.1
2019,,,Ortuella,Percentage,Ortuella,0.1
2020,,,Ortuella,Percentage,Ortuella,0.1
2014,,,Sestao,Percentage,Sestao,0.0
2015,,,Sestao,Percentage,Sestao,0.0
2016,,,Sestao,Percentage,Sestao,0.0
2017,,,Sestao,Percentage,Sestao,0.0
2018,,,Sestao,Percentage,Sestao,0.0
2019,,,Sestao,Percentage,Sestao,0.0
2020,,,Sestao,Percentage,Sestao,0.0
2014,,,Sopela,Percentage,Sopela,0.8
2015,,,Sopela,Percentage,Sopela,0.8
2016,,,Sopela,Percentage,Sopela,0.5
2017,,,Sopela,Percentage,Sopela,0.5
2018,,,Sopela,Percentage,Sopela,0.3
2019,,,Sopela,Percentage,Sopela,0.3
2020,,,Sopela,Percentage,Sopela,0.2
2014,,,Sopuerta,Percentage,Sopuerta,4.8
2015,,,Sopuerta,Percentage,Sopuerta,3.5
2016,,,Sopuerta,Percentage,Sopuerta,3.8
2017,,,Sopuerta,Percentage,Sopuerta,4.1
2018,,,Sopuerta,Percentage,Sopuerta,4.0
2019,,,Sopuerta,Percentage,Sopuerta,4.3
2020,,,Sopuerta,Percentage,Sopuerta,4.0
2014,,,Trucios-Turtzioz,Percentage,Trucios-Turtzioz,10.3
2015,,,Trucios-Turtzioz,Percentage,Trucios-Turtzioz,8.6
2016,,,Trucios-Turtzioz,Percentage,Trucios-Turtzioz,10.2
2017,,,Trucios-Turtzioz,Percentage,Trucios-Turtzioz,11.3
2018,,,Trucios-Turtzioz,Percentage,Trucios-Turtzioz,12.1
2019,,,Trucios-Turtzioz,Percentage,Trucios-Turtzioz,13.6
2020,,,Trucios-Turtzioz,Percentage,Trucios-Turtzioz,13.7
2014,,,Ubide,Percentage,Ubide,3.9
2015,,,Ubide,Percentage,Ubide,3.3
2016,,,Ubide,Percentage,Ubide,3.8
2017,,,Ubide,Percentage,Ubide,3.6
2018,,,Ubide,Percentage,Ubide,3.6
2019,,,Ubide,Percentage,Ubide,4.3
2020,,,Ubide,Percentage,Ubide,4.7
2014,,,Urduliz,Percentage,Urduliz,0.4
2015,,,Urduliz,Percentage,Urduliz,0.4
2016,,,Urduliz,Percentage,Urduliz,0.5
2017,,,Urduliz,Percentage,Urduliz,0.4
2018,,,Urduliz,Percentage,Urduliz,0.2
2019,,,Urduliz,Percentage,Urduliz,0.2
2020,,,Urduliz,Percentage,Urduliz,0.2
2014,,,Balmaseda,Percentage,Balmaseda,0.7
2015,,,Balmaseda,Percentage,Balmaseda,0.7
2016,,,Balmaseda,Percentage,Balmaseda,0.9
2017,,,Balmaseda,Percentage,Balmaseda,0.9
2018,,,Balmaseda,Percentage,Balmaseda,0.9
2019,,,Balmaseda,Percentage,Balmaseda,0.9
2020,,,Balmaseda,Percentage,Balmaseda,1.0
2014,,,Atxondo,Percentage,Atxondo,0.7
2015,,,Atxondo,Percentage,Atxondo,0.7
2016,,,Atxondo,Percentage,Atxondo,0.9
2017,,,Atxondo,Percentage,Atxondo,0.9
2018,,,Atxondo,Percentage,Atxondo,1.0
2019,,,Atxondo,Percentage,Atxondo,1.1
2020,,,Atxondo,Percentage,Atxondo,1.0
2014,,,Bedia,Percentage,Bedia,2.2
2015,,,Bedia,Percentage,Bedia,2.1
2016,,,Bedia,Percentage,Bedia,2.3
2017,,,Bedia,Percentage,Bedia,2.5
2018,,,Bedia,Percentage,Bedia,2.5
2019,,,Bedia,Percentage,Bedia,2.6
2020,,,Bedia,Percentage,Bedia,3.0
2014,,,Areatza,Percentage,Areatza,1.9
2015,,,Areatza,Percentage,Areatza,1.9
2016,,,Areatza,Percentage,Areatza,2.5
2017,,,Areatza,Percentage,Areatza,2.3
2018,,,Areatza,Percentage,Areatza,2.2
2019,,,Areatza,Percentage,Areatza,2.4
2020,,,Areatza,Percentage,Areatza,3.0
2014,,,Igorre,Percentage,Igorre,0.4
2015,,,Igorre,Percentage,Igorre,0.4
2016,,,Igorre,Percentage,Igorre,0.5
2017,,,Igorre,Percentage,Igorre,0.5
2018,,,Igorre,Percentage,Igorre,0.5
2019,,,Igorre,Percentage,Igorre,0.6
2020,,,Igorre,Percentage,Igorre,0.6
2014,,,Zaldibar,Percentage,Zaldibar,0.5
2015,,,Zaldibar,Percentage,Zaldibar,0.5
2016,,,Zaldibar,Percentage,Zaldibar,0.5
2017,,,Zaldibar,Percentage,Zaldibar,0.4
2018,,,Zaldibar,Percentage,Zaldibar,0.4
2019,,,Zaldibar,Percentage,Zaldibar,0.5
2020,,,Zaldibar,Percentage,Zaldibar,0.5
2014,,,Zalla,Percentage,Zalla,1.1
2015,,,Zalla,Percentage,Zalla,1.3
2016,,,Zalla,Percentage,Zalla,1.2
2017,,,Zalla,Percentage,Zalla,1.1
2018,,,Zalla,Percentage,Zalla,1.0
2019,,,Zalla,Percentage,Zalla,1.0
2020,,,Zalla,Percentage,Zalla,1.0
2014,,,Zaratamo,Percentage,Zaratamo,1.3
2015,,,Zaratamo,Percentage,Zaratamo,1.2
2016,,,Zaratamo,Percentage,Zaratamo,1.4
2017,,,Zaratamo,Percentage,Zaratamo,1.4
2018,,,Zaratamo,Percentage,Zaratamo,1.1
2019,,,Zaratamo,Percentage,Zaratamo,1.2
2020,,,Zaratamo,Percentage,Zaratamo,1.3
2014,,,Derio,Percentage,Derio,0.2
2015,,,Derio,Percentage,Derio,0.2
2016,,,Derio,Percentage,Derio,0.2
2017,,,Derio,Percentage,Derio,0.2
2018,,,Derio,Percentage,Derio,0.2
2019,,,Derio,Percentage,Derio,0.2
2020,,,Derio,Percentage,Derio,0.1
2014,,,Erandio,Percentage,Erandio,0.2
2015,,,Erandio,Percentage,Erandio,0.1
2016,,,Erandio,Percentage,Erandio,0.1
2017,,,Erandio,Percentage,Erandio,0.1
2018,,,Erandio,Percentage,Erandio,0.1
2019,,,Erandio,Percentage,Erandio,0.1
2020,,,Erandio,Percentage,Erandio,0.1
2014,,,Loiu,Percentage,Loiu,0.2
2015,,,Loiu,Percentage,Loiu,0.2
2016,,,Loiu,Percentage,Loiu,0.2
2017,,,Loiu,Percentage,Loiu,0.2
2018,,,Loiu,Percentage,Loiu,0.1
2019,,,Loiu,Percentage,Loiu,0.2
2020,,,Loiu,Percentage,Loiu,0.2
2014,,,Sondika,Percentage,Sondika,0.1
2015,,,Sondika,Percentage,Sondika,0.1
2016,,,Sondika,Percentage,Sondika,0.1
2017,,,Sondika,Percentage,Sondika,0.1
2018,,,Sondika,Percentage,Sondika,0.1
2019,,,Sondika,Percentage,Sondika,0.1
2020,,,Sondika,Percentage,Sondika,0.1
2014,,,Zamudio,Percentage,Zamudio,0.1
2015,,,Zamudio,Percentage,Zamudio,0.1
2016,,,Zamudio,Percentage,Zamudio,0.1
2017,,,Zamudio,Percentage,Zamudio,0.1
2018,,,Zamudio,Percentage,Zamudio,0.1
2019,,,Zamudio,Percentage,Zamudio,0.1
2020,,,Zamudio,Percentage,Zamudio,0.1
2014,,,Forua,Percentage,Forua,5.1
2015,,,Forua,Percentage,Forua,5.2
2016,,,Forua,Percentage,Forua,5.2
2017,,,Forua,Percentage,Forua,4.9
2018,,,Forua,Percentage,Forua,4.5
2019,,,Forua,Percentage,Forua,4.9
2020,,,Forua,Percentage,Forua,6.0
2014,,,Kortezubi,Percentage,Kortezubi,24.4
2015,,,Kortezubi,Percentage,Kortezubi,29.7
2016,,,Kortezubi,Percentage,Kortezubi,23.3
2017,,,Kortezubi,Percentage,Kortezubi,21.2
2018,,,Kortezubi,Percentage,Kortezubi,17.5
2019,,,Kortezubi,Percentage,Kortezubi,19.1
2020,,,Kortezubi,Percentage,Kortezubi,21.8
2014,,,Murueta,Percentage,Murueta,4.0
2015,,,Murueta,Percentage,Murueta,4.3
2016,,,Murueta,Percentage,Murueta,5.3
2017,,,Murueta,Percentage,Murueta,5.7
2018,,,Murueta,Percentage,Murueta,4.6
2019,,,Murueta,Percentage,Murueta,4.4
2020,,,Murueta,Percentage,Murueta,10.2
2014,,,Nabarniz,Percentage,Nabarniz,10.8
2015,,,Nabarniz,Percentage,Nabarniz,11.8
2016,,,Nabarniz,Percentage,Nabarniz,13.3
2017,,,Nabarniz,Percentage,Nabarniz,12.9
2018,,,Nabarniz,Percentage,Nabarniz,12.5
2019,,,Nabarniz,Percentage,Nabarniz,13.7
2020,,,Nabarniz,Percentage,Nabarniz,14.4
2014,,,Iurreta,Percentage,Iurreta,0.2
2015,,,Iurreta,Percentage,Iurreta,0.2
2016,,,Iurreta,Percentage,Iurreta,0.2
2017,,,Iurreta,Percentage,Iurreta,0.2
2018,,,Iurreta,Percentage,Iurreta,0.2
2019,,,Iurreta,Percentage,Iurreta,0.2
2020,,,Iurreta,Percentage,Iurreta,0.2
2014,,,Ajangiz,Percentage,Ajangiz,0.8
2015,,,Ajangiz,Percentage,Ajangiz,0.9
2016,,,Ajangiz,Percentage,Ajangiz,1.0
2017,,,Ajangiz,Percentage,Ajangiz,0.9
2018,,,Ajangiz,Percentage,Ajangiz,0.8
2019,,,Ajangiz,Percentage,Ajangiz,0.9
2020,,,Ajangiz,Percentage,Ajangiz,1.0
2014,,,Alonsotegi,Percentage,Alonsotegi,0.7
2015,,,Alonsotegi,Percentage,Alonsotegi,0.6
2016,,,Alonsotegi,Percentage,Alonsotegi,0.8
2017,,,Alonsotegi,Percentage,Alonsotegi,0.8
2018,,,Alonsotegi,Percentage,Alonsotegi,0.7
2019,,,Alonsotegi,Percentage,Alonsotegi,0.7
2020,,,Alonsotegi,Percentage,Alonsotegi,0.7
2014,,,Zierbena,Percentage,Zierbena,0.6
2015,,,Zierbena,Percentage,Zierbena,0.6
2016,,,Zierbena,Percentage,Zierbena,0.7
2017,,,Zierbena,Percentage,Zierbena,0.6
2018,,,Zierbena,Percentage,Zierbena,0.4
2019,,,Zierbena,Percentage,Zierbena,0.9
2020,,,Zierbena,Percentage,Zierbena,0.8
2014,,,Arratzu,Percentage,Arratzu,11.3
2015,,,Arratzu,Percentage,Arratzu,13.4
2016,,,Arratzu,Percentage,Arratzu,13.1
2017,,,Arratzu,Percentage,Arratzu,12.8
2018,,,Arratzu,Percentage,Arratzu,11.3
2019,,,Arratzu,Percentage,Arratzu,12.9
2020,,,Arratzu,Percentage,Arratzu,11.8
2014,,,Ziortza-Bolibar,Percentage,Ziortza-Bolibar,7.3
2015,,,Ziortza-Bolibar,Percentage,Ziortza-Bolibar,7.0
2016,,,Ziortza-Bolibar,Percentage,Ziortza-Bolibar,7.2
2017,,,Ziortza-Bolibar,Percentage,Ziortza-Bolibar,7.8
2018,,,Ziortza-Bolibar,Percentage,Ziortza-Bolibar,7.9
2019,,,Ziortza-Bolibar,Percentage,Ziortza-Bolibar,9.2
2020,,,Ziortza-Bolibar,Percentage,Ziortza-Bolibar,11.4
2010,,,,Percentage,,0.6
2011,,,,Percentage,,0.7
2012,,,,Percentage,,0.8
2013,,,,Percentage,,0.8
2014,,,,Percentage,,0.7
2015,,,,Percentage,,0.7
2016,,,,Percentage,,0.7
2017,,,,Percentage,,0.9
2018,,,,Percentage,,0.8
2019,,,,Percentage,,0.8
2020,,,,Percentage,,0.7
2021,,,,Percentage,,0.8
2022,,,,Percentage,,0.9
