Year,Series,Alimento,Territorio,Units,Value
2003,AG_FPA_CFPI,ECOICOP011,1.0,Índice,0.41556539
2003,AG_FPA_CFPI,ECOICOP011,20.0,Índice,0.389246223
2003,AG_FPA_CFPI,ECOICOP011,48.0,Índice,0.313031
2003,AG_FPA_CFPI,ECOICOP011,,Índice,0.356289071
2003,AG_FPA_CFPI,ECOICOP01111,,Índice,0.771709077
2003,AG_FPA_CFPI,ECOICOP11112,,Índice,-0.423118314
2003,AG_FPA_CFPI,ECOICOP112,,Índice,0.739567843
2003,AG_FPA_CFPI,ECOICOP113,,Índice,0.334890331
2003,AG_FPA_CFPI,ECOICOP1141,,Índice,0.132515957
2003,AG_FPA_CFPI,ECOICOP1142,,Índice,0.601988933
2003,AG_FPA_CFPI,ECOICOP115,,Índice,-0.167748551
2004,AG_FPA_CFPI,ECOICOP011,1.0,Índice,0.477189505
2004,AG_FPA_CFPI,ECOICOP011,20.0,Índice,0.253414735
2004,AG_FPA_CFPI,ECOICOP011,48.0,Índice,0.255984787
2004,AG_FPA_CFPI,ECOICOP011,,Índice,0.284566756
2004,AG_FPA_CFPI,ECOICOP01111,,Índice,1.020720487
2004,AG_FPA_CFPI,ECOICOP11112,,Índice,-0.225808799
2004,AG_FPA_CFPI,ECOICOP112,,Índice,0.659800518
2004,AG_FPA_CFPI,ECOICOP113,,Índice,0.008995504
2004,AG_FPA_CFPI,ECOICOP1141,,Índice,0.162415332
2004,AG_FPA_CFPI,ECOICOP1142,,Índice,0.609331593
2004,AG_FPA_CFPI,ECOICOP115,,Índice,0.412896124
2005,AG_FPA_CFPI,ECOICOP011,1.0,Índice,0.288429555
2005,AG_FPA_CFPI,ECOICOP011,20.0,Índice,0.110626707
2005,AG_FPA_CFPI,ECOICOP011,48.0,Índice,0.133035803
2005,AG_FPA_CFPI,ECOICOP011,,Índice,0.147142643
2005,AG_FPA_CFPI,ECOICOP01111,,Índice,0.59827734
2005,AG_FPA_CFPI,ECOICOP11112,,Índice,-0.164724202
2005,AG_FPA_CFPI,ECOICOP112,,Índice,0.052149331
2005,AG_FPA_CFPI,ECOICOP113,,Índice,0.25445959
2005,AG_FPA_CFPI,ECOICOP1141,,Índice,0.000609278
2005,AG_FPA_CFPI,ECOICOP1142,,Índice,-0.790964917
2005,AG_FPA_CFPI,ECOICOP115,,Índice,0.230363662
2006,AG_FPA_CFPI,ECOICOP011,1.0,Índice,0.54036686
2006,AG_FPA_CFPI,ECOICOP011,20.0,Índice,0.204462157
2006,AG_FPA_CFPI,ECOICOP011,48.0,Índice,0.16891232
2006,AG_FPA_CFPI,ECOICOP011,,Índice,0.228067937
2006,AG_FPA_CFPI,ECOICOP01111,,Índice,0.280568778
2006,AG_FPA_CFPI,ECOICOP11112,,Índice,-0.097050109
2006,AG_FPA_CFPI,ECOICOP112,,Índice,-0.75800389
2006,AG_FPA_CFPI,ECOICOP113,,Índice,-0.342478409
2006,AG_FPA_CFPI,ECOICOP1141,,Índice,0.145676965
2006,AG_FPA_CFPI,ECOICOP1142,,Índice,-0.353334833
2006,AG_FPA_CFPI,ECOICOP115,,Índice,0.669056472
2007,AG_FPA_CFPI,ECOICOP011,1.0,Índice,0.766591461
2007,AG_FPA_CFPI,ECOICOP011,20.0,Índice,0.50209686
2007,AG_FPA_CFPI,ECOICOP011,48.0,Índice,0.325023402
2007,AG_FPA_CFPI,ECOICOP011,,Índice,0.463554453
2007,AG_FPA_CFPI,ECOICOP01111,,Índice,1.332297246
2007,AG_FPA_CFPI,ECOICOP11112,,Índice,0.059321776
2007,AG_FPA_CFPI,ECOICOP112,,Índice,-0.247511053
2007,AG_FPA_CFPI,ECOICOP113,,Índice,0.167553314
2007,AG_FPA_CFPI,ECOICOP1141,,Índice,1.126139197
2007,AG_FPA_CFPI,ECOICOP1142,,Índice,0.62190824
2007,AG_FPA_CFPI,ECOICOP115,,Índice,-1.111615245
2008,AG_FPA_CFPI,ECOICOP011,1.0,Índice,0.788221325
2008,AG_FPA_CFPI,ECOICOP011,20.0,Índice,0.687153307
2008,AG_FPA_CFPI,ECOICOP011,48.0,Índice,0.453994656
2008,AG_FPA_CFPI,ECOICOP011,,Índice,0.594441925
2008,AG_FPA_CFPI,ECOICOP01111,,Índice,0.943005022
2008,AG_FPA_CFPI,ECOICOP11112,,Índice,1.249846722
2008,AG_FPA_CFPI,ECOICOP112,,Índice,0.640473094
2008,AG_FPA_CFPI,ECOICOP113,,Índice,-0.032627504
2008,AG_FPA_CFPI,ECOICOP1141,,Índice,0.813011871
2008,AG_FPA_CFPI,ECOICOP1142,,Índice,0.63339947
2008,AG_FPA_CFPI,ECOICOP115,,Índice,-0.191889272
2009,AG_FPA_CFPI,ECOICOP011,1.0,Índice,-1.049092854
2009,AG_FPA_CFPI,ECOICOP011,20.0,Índice,-0.985759292
2009,AG_FPA_CFPI,ECOICOP011,48.0,Índice,-0.99841917
2009,AG_FPA_CFPI,ECOICOP011,,Índice,-1.010706571
2009,AG_FPA_CFPI,ECOICOP01111,,Índice,-0.621145779
2009,AG_FPA_CFPI,ECOICOP11112,,Índice,-0.352206319
2009,AG_FPA_CFPI,ECOICOP112,,Índice,-0.362114527
2009,AG_FPA_CFPI,ECOICOP113,,Índice,-0.061881493
2009,AG_FPA_CFPI,ECOICOP1141,,Índice,-0.870321939
2009,AG_FPA_CFPI,ECOICOP1142,,Índice,-0.521298004
2009,AG_FPA_CFPI,ECOICOP115,,Índice,-0.826299799
2010,AG_FPA_CFPI,ECOICOP011,1.0,Índice,-0.810447263
2010,AG_FPA_CFPI,ECOICOP011,20.0,Índice,-0.998851642
2010,AG_FPA_CFPI,ECOICOP011,48.0,Índice,-0.922166451
2010,AG_FPA_CFPI,ECOICOP011,,Índice,-0.939463915
2010,AG_FPA_CFPI,ECOICOP01111,,Índice,-0.620653569
2010,AG_FPA_CFPI,ECOICOP11112,,Índice,-0.651004729
2010,AG_FPA_CFPI,ECOICOP112,,Índice,-0.69289448
2010,AG_FPA_CFPI,ECOICOP113,,Índice,-0.360888573
2010,AG_FPA_CFPI,ECOICOP1141,,Índice,-1.054407628
2010,AG_FPA_CFPI,ECOICOP1142,,Índice,-0.553582653
2010,AG_FPA_CFPI,ECOICOP115,,Índice,-0.592313324
2011,AG_FPA_CFPI,ECOICOP011,1.0,Índice,-0.287073843
2011,AG_FPA_CFPI,ECOICOP011,20.0,Índice,-0.373761664
2011,AG_FPA_CFPI,ECOICOP011,48.0,Índice,-0.179403817
2011,AG_FPA_CFPI,ECOICOP011,,Índice,-0.264666646
2011,AG_FPA_CFPI,ECOICOP01111,,Índice,-0.117221954
2011,AG_FPA_CFPI,ECOICOP11112,,Índice,0.277582276
2011,AG_FPA_CFPI,ECOICOP112,,Índice,-0.415804019
2011,AG_FPA_CFPI,ECOICOP113,,Índice,-0.678742244
2011,AG_FPA_CFPI,ECOICOP1141,,Índice,-0.306426344
2011,AG_FPA_CFPI,ECOICOP1142,,Índice,-0.273869051
2011,AG_FPA_CFPI,ECOICOP115,,Índice,-0.27810153
2012,AG_FPA_CFPI,ECOICOP011,1.0,Índice,-0.206210272
2012,AG_FPA_CFPI,ECOICOP011,20.0,Índice,-0.010249788
2012,AG_FPA_CFPI,ECOICOP011,48.0,Índice,-0.011428943
2012,AG_FPA_CFPI,ECOICOP011,,Índice,-0.039708758
2012,AG_FPA_CFPI,ECOICOP01111,,Índice,-0.324841542
2012,AG_FPA_CFPI,ECOICOP11112,,Índice,-0.096242201
2012,AG_FPA_CFPI,ECOICOP112,,Índice,-0.119157702
2012,AG_FPA_CFPI,ECOICOP113,,Índice,-0.181373417
2012,AG_FPA_CFPI,ECOICOP1141,,Índice,-0.006747018
2012,AG_FPA_CFPI,ECOICOP1142,,Índice,1.302590771
2012,AG_FPA_CFPI,ECOICOP115,,Índice,0.179853467
2013,AG_FPA_CFPI,ECOICOP011,1.0,Índice,-0.239745401
2013,AG_FPA_CFPI,ECOICOP011,20.0,Índice,-0.233328937
2013,AG_FPA_CFPI,ECOICOP011,48.0,Índice,-0.17802219
2013,AG_FPA_CFPI,ECOICOP011,,Índice,-0.209463742
2013,AG_FPA_CFPI,ECOICOP01111,,Índice,-0.636740739
2013,AG_FPA_CFPI,ECOICOP11112,,Índice,-0.08851429
2013,AG_FPA_CFPI,ECOICOP112,,Índice,0.554562399
2013,AG_FPA_CFPI,ECOICOP113,,Índice,-0.292501937
2013,AG_FPA_CFPI,ECOICOP1141,,Índice,-0.116148999
2013,AG_FPA_CFPI,ECOICOP1142,,Índice,0.078470022
2013,AG_FPA_CFPI,ECOICOP115,,Índice,0.368804243
2014,AG_FPA_CFPI,ECOICOP011,1.0,Índice,-0.968944847
2014,AG_FPA_CFPI,ECOICOP011,20.0,Índice,-0.908079635
2014,AG_FPA_CFPI,ECOICOP011,48.0,Índice,-0.940358947
2014,AG_FPA_CFPI,ECOICOP011,,Índice,-0.942220727
2014,AG_FPA_CFPI,ECOICOP01111,,Índice,-0.779274078
2014,AG_FPA_CFPI,ECOICOP11112,,Índice,-0.783352142
2014,AG_FPA_CFPI,ECOICOP112,,Índice,-0.779620016
2014,AG_FPA_CFPI,ECOICOP113,,Índice,-0.659831555
2014,AG_FPA_CFPI,ECOICOP1141,,Índice,-0.184307976
2014,AG_FPA_CFPI,ECOICOP1142,,Índice,-0.684857872
2014,AG_FPA_CFPI,ECOICOP115,,Índice,-0.780279241
2015,AG_FPA_CFPI,ECOICOP011,1.0,Índice,-0.379766366
2015,AG_FPA_CFPI,ECOICOP011,20.0,Índice,-0.2629796
2015,AG_FPA_CFPI,ECOICOP011,48.0,Índice,-0.448815811
2015,AG_FPA_CFPI,ECOICOP011,,Índice,-0.37885
2015,AG_FPA_CFPI,ECOICOP01111,,Índice,-0.684100905
2015,AG_FPA_CFPI,ECOICOP11112,,Índice,-0.519418907
2015,AG_FPA_CFPI,ECOICOP112,,Índice,-0.264239184
2015,AG_FPA_CFPI,ECOICOP113,,Índice,0.483390681
2015,AG_FPA_CFPI,ECOICOP1141,,Índice,-0.542581886
2015,AG_FPA_CFPI,ECOICOP1142,,Índice,-0.4649615
2015,AG_FPA_CFPI,ECOICOP115,,Índice,0.778637043
2016,AG_FPA_CFPI,ECOICOP011,1.0,Índice,-0.614284815
2016,AG_FPA_CFPI,ECOICOP011,20.0,Índice,-0.522639472
2016,AG_FPA_CFPI,ECOICOP011,48.0,Índice,-0.449287053
2016,AG_FPA_CFPI,ECOICOP011,,Índice,-0.504671574
2016,AG_FPA_CFPI,ECOICOP01111,,Índice,-0.871644941
2016,AG_FPA_CFPI,ECOICOP11112,,Índice,-0.21613887
2016,AG_FPA_CFPI,ECOICOP112,,Índice,-0.21099832
2016,AG_FPA_CFPI,ECOICOP113,,Índice,-0.39822572
2016,AG_FPA_CFPI,ECOICOP1141,,Índice,-0.7435862
2016,AG_FPA_CFPI,ECOICOP1142,,Índice,-0.561914803
2016,AG_FPA_CFPI,ECOICOP115,,Índice,0.012119859
2017,AG_FPA_CFPI,ECOICOP011,1.0,Índice,-0.467218374
2017,AG_FPA_CFPI,ECOICOP011,20.0,Índice,-0.481036422
2017,AG_FPA_CFPI,ECOICOP011,48.0,Índice,-0.369985992
2017,AG_FPA_CFPI,ECOICOP011,,Índice,-0.424271445
2017,AG_FPA_CFPI,ECOICOP01111,,Índice,-0.95406403
2017,AG_FPA_CFPI,ECOICOP11112,,Índice,-0.69616498
2017,AG_FPA_CFPI,ECOICOP112,,Índice,0.364228857
2017,AG_FPA_CFPI,ECOICOP113,,Índice,0.688964615
2017,AG_FPA_CFPI,ECOICOP1141,,Índice,-0.432809124
2017,AG_FPA_CFPI,ECOICOP1142,,Índice,-0.451838664
2017,AG_FPA_CFPI,ECOICOP115,,Índice,-0.160274735
2018,AG_FPA_CFPI,ECOICOP011,1.0,Índice,-0.531252879
2018,AG_FPA_CFPI,ECOICOP011,20.0,Índice,-0.389580217
2018,AG_FPA_CFPI,ECOICOP011,48.0,Índice,-0.577007707
2018,AG_FPA_CFPI,ECOICOP011,,Índice,-0.515113765
2018,AG_FPA_CFPI,ECOICOP01111,,Índice,-0.306869877
2018,AG_FPA_CFPI,ECOICOP11112,,Índice,-0.222879437
2018,AG_FPA_CFPI,ECOICOP112,,Índice,-0.002388484
2018,AG_FPA_CFPI,ECOICOP113,,Índice,-0.348033574
2018,AG_FPA_CFPI,ECOICOP1141,,Índice,-0.422619054
2018,AG_FPA_CFPI,ECOICOP1142,,Índice,0.176731512
2018,AG_FPA_CFPI,ECOICOP115,,Índice,-0.602759476
2019,AG_FPA_CFPI,ECOICOP011,1.0,Índice,-0.541764195
2019,AG_FPA_CFPI,ECOICOP011,20.0,Índice,-0.501379496
2019,AG_FPA_CFPI,ECOICOP011,48.0,Índice,-0.500534692
2019,AG_FPA_CFPI,ECOICOP011,,Índice,-0.51270712
2019,AG_FPA_CFPI,ECOICOP01111,,Índice,0.131575821
2019,AG_FPA_CFPI,ECOICOP11112,,Índice,-0.442704451
2019,AG_FPA_CFPI,ECOICOP112,,Índice,-0.540694281
2019,AG_FPA_CFPI,ECOICOP113,,Índice,0.067015159
2019,AG_FPA_CFPI,ECOICOP1141,,Índice,-0.215726962
2019,AG_FPA_CFPI,ECOICOP1142,,Índice,-0.422299084
2019,AG_FPA_CFPI,ECOICOP115,,Índice,-0.973954892
2020,AG_FPA_CFPI,ECOICOP011,1.0,Índice,-0.204218221
2020,AG_FPA_CFPI,ECOICOP011,20.0,Índice,-0.311668345
2020,AG_FPA_CFPI,ECOICOP011,48.0,Índice,-0.105269711
2020,AG_FPA_CFPI,ECOICOP011,,Índice,-0.193061679
2020,AG_FPA_CFPI,ECOICOP01111,,Índice,-0.293590953
2020,AG_FPA_CFPI,ECOICOP11112,,Índice,-0.298764268
2020,AG_FPA_CFPI,ECOICOP112,,Índice,0.692392382
2020,AG_FPA_CFPI,ECOICOP113,,Índice,0.087649057
2020,AG_FPA_CFPI,ECOICOP1141,,Índice,-0.160958501
2020,AG_FPA_CFPI,ECOICOP1142,,Índice,-0.39847773
2020,AG_FPA_CFPI,ECOICOP115,,Índice,-0.623061768
2021,AG_FPA_CFPI,ECOICOP011,1.0,Índice,-0.202479136
2021,AG_FPA_CFPI,ECOICOP011,20.0,Índice,-0.293724756
2021,AG_FPA_CFPI,ECOICOP011,48.0,Índice,-0.335053432
2021,AG_FPA_CFPI,ECOICOP011,,Índice,-0.302769317
2021,AG_FPA_CFPI,ECOICOP01111,,Índice,-0.873763218
2021,AG_FPA_CFPI,ECOICOP11112,,Índice,-0.114228009
2021,AG_FPA_CFPI,ECOICOP112,,Índice,0.09307454
2021,AG_FPA_CFPI,ECOICOP113,,Índice,-0.275778345
2021,AG_FPA_CFPI,ECOICOP1141,,Índice,-0.110997997
2021,AG_FPA_CFPI,ECOICOP1142,,Índice,-0.12970674
2021,AG_FPA_CFPI,ECOICOP115,,Índice,0.607769177
2022,AG_FPA_CFPI,ECOICOP011,1.0,Índice,2.273869289
2022,AG_FPA_CFPI,ECOICOP011,20.0,Índice,2.585216193
2022,AG_FPA_CFPI,ECOICOP011,48.0,Índice,2.582704025
2022,AG_FPA_CFPI,ECOICOP011,,Índice,2.570147181
2022,AG_FPA_CFPI,ECOICOP01111,,Índice,1.964416453
2022,AG_FPA_CFPI,ECOICOP11112,,Índice,2.603973614
2022,AG_FPA_CFPI,ECOICOP112,,Índice,0.748185559
2022,AG_FPA_CFPI,ECOICOP113,,Índice,1.370479477
2022,AG_FPA_CFPI,ECOICOP1141,,Índice,2.116228644
2022,AG_FPA_CFPI,ECOICOP1142,,Índice,1.913287175
2022,AG_FPA_CFPI,ECOICOP115,,Índice,1.360211669
2023,AG_FPA_CFPI,ECOICOP011,1.0,Índice,1.812549202
2023,AG_FPA_CFPI,ECOICOP011,20.0,Índice,1.921151534
2023,AG_FPA_CFPI,ECOICOP011,48.0,Índice,1.948504475
2023,AG_FPA_CFPI,ECOICOP011,,Índice,1.940649768
2023,AG_FPA_CFPI,ECOICOP01111,,Índice,0.550974707
2023,AG_FPA_CFPI,ECOICOP11112,,Índice,1.598935962
2023,AG_FPA_CFPI,ECOICOP112,,Índice,0.158901405
2023,AG_FPA_CFPI,ECOICOP113,,Índice,0.76240964
2023,AG_FPA_CFPI,ECOICOP1141,,Índice,1.284114303
2023,AG_FPA_CFPI,ECOICOP1142,,Índice,0.486864414
2023,AG_FPA_CFPI,ECOICOP115,,Índice,1.326008805
2024,AG_FPA_CFPI,ECOICOP011,1.0,Índice,-0.133143477
2024,AG_FPA_CFPI,ECOICOP011,20.0,Índice,0.107639227
2024,AG_FPA_CFPI,ECOICOP011,48.0,Índice,0.349507438
2024,AG_FPA_CFPI,ECOICOP011,,Índice,0.193433531
2024,AG_FPA_CFPI,ECOICOP01111,,Índice,-0.035765609
2024,AG_FPA_CFPI,ECOICOP11112,,Índice,0.041563801
2024,AG_FPA_CFPI,ECOICOP112,,Índice,0.116102914
2024,AG_FPA_CFPI,ECOICOP113,,Índice,-0.296732781
2024,AG_FPA_CFPI,ECOICOP1141,,Índice,-0.351463923
2024,AG_FPA_CFPI,ECOICOP1142,,Índice,-0.327141834
2024,AG_FPA_CFPI,ECOICOP115,,Índice,0.866150634
2025,AG_FPA_CFPI,ECOICOP011,1.0,Índice,-0.496514013
2025,AG_FPA_CFPI,ECOICOP011,20.0,Índice,0.094912324
2025,AG_FPA_CFPI,ECOICOP011,48.0,Índice,0.261862466
2025,AG_FPA_CFPI,ECOICOP011,,Índice,0.092858359
2025,AG_FPA_CFPI,ECOICOP01111,,Índice,0.403189395
2025,AG_FPA_CFPI,ECOICOP11112,,Índice,0.115494188
2025,AG_FPA_CFPI,ECOICOP112,,Índice,0.118253362
2025,AG_FPA_CFPI,ECOICOP113,,Índice,0.022555536
2025,AG_FPA_CFPI,ECOICOP1141,,Índice,0.168341686
2025,AG_FPA_CFPI,ECOICOP1142,,Índice,-0.110228887
2025,AG_FPA_CFPI,ECOICOP115,,Índice,-1.694312578
2002,EU_FPA_IPC,ECOICOP011,,Índice,64.94683333
2003,EU_FPA_IPC,ECOICOP011,,Índice,67.66316667
2004,EU_FPA_IPC,ECOICOP011,,Índice,70.63183333
2005,EU_FPA_IPC,ECOICOP011,,Índice,73.245
2006,EU_FPA_IPC,ECOICOP011,,Índice,76.20875
2007,EU_FPA_IPC,ECOICOP011,,Índice,79.13633333
2008,EU_FPA_IPC,ECOICOP011,,Índice,84.07733333
2009,EU_FPA_IPC,ECOICOP011,,Índice,83.89375
2010,EU_FPA_IPC,ECOICOP011,,Índice,83.31741667
2011,EU_FPA_IPC,ECOICOP011,,Índice,85.0335
2012,EU_FPA_IPC,ECOICOP011,,Índice,87.34116667
2013,EU_FPA_IPC,ECOICOP011,,Índice,89.9185
2014,EU_FPA_IPC,ECOICOP011,,Índice,89.34691667
2015,EU_FPA_IPC,ECOICOP011,,Índice,90.624
2016,EU_FPA_IPC,ECOICOP011,,Índice,92.07566667
2017,EU_FPA_IPC,ECOICOP011,,Índice,93.29675
2018,EU_FPA_IPC,ECOICOP011,,Índice,94.69833333
2019,EU_FPA_IPC,ECOICOP011,,Índice,95.55475
2020,EU_FPA_IPC,ECOICOP011,,Índice,98.21958333
2021,EU_FPA_IPC,ECOICOP011,,Índice,100.0
2022,EU_FPA_IPC,ECOICOP011,,Índice,111.3958333
2023,EU_FPA_IPC,ECOICOP011,,Índice,123.7241667
2024,EU_FPA_IPC,ECOICOP011,,Índice,129.1029167
2025,EU_FPA_IPC,ECOICOP011,,Índice,131.778
2002,EU_FPA_IPC,ECOICOP1111,,Índice,70.17756092
2003,EU_FPA_IPC,ECOICOP1111,,Índice,72.4117918
2004,EU_FPA_IPC,ECOICOP1111,,Índice,75.32878264
2005,EU_FPA_IPC,ECOICOP1111,,Índice,78.01635116
2006,EU_FPA_IPC,ECOICOP1111,,Índice,80.35438297
2007,EU_FPA_IPC,ECOICOP1111,,Índice,84.05802227
2008,EU_FPA_IPC,ECOICOP1111,,Índice,91.85494572
2009,EU_FPA_IPC,ECOICOP1111,,Índice,92.69503242
2010,EU_FPA_IPC,ECOICOP1111,,Índice,92.21091791
2011,EU_FPA_IPC,ECOICOP1111,,Índice,95.00130316
2012,EU_FPA_IPC,ECOICOP1111,,Índice,97.02985278
2013,EU_FPA_IPC,ECOICOP1111,,Índice,98.29036932
2014,EU_FPA_IPC,ECOICOP1111,,Índice,97.07941806
2015,EU_FPA_IPC,ECOICOP1111,,Índice,96.81067601
2016,EU_FPA_IPC,ECOICOP1111,,Índice,97.19653007
2017,EU_FPA_IPC,ECOICOP1111,,Índice,95.52099737
2018,EU_FPA_IPC,ECOICOP1111,,Índice,96.87547307
2019,EU_FPA_IPC,ECOICOP1111,,Índice,98.42268453
2020,EU_FPA_IPC,ECOICOP1111,,Índice,99.89567752
2021,EU_FPA_IPC,ECOICOP1111,,Índice,100.0
2022,EU_FPA_IPC,ECOICOP1111,,Índice,113.893919
2023,EU_FPA_IPC,ECOICOP1111,,Índice,126.3954958
2024,EU_FPA_IPC,ECOICOP1111,,Índice,129.4695229
