Year,Sex,Province,Units,Value
2019,,,"Per 1,000 live births",3.57
2021,,,"Per 1,000 live births",2.95
2023,,,"Per 1,000 live births",3.12
2020,,,"Per 1,000 live births",3.05
2022,,,"Per 1,000 live births",3.59
2010,,,"Per 1,000 live births",3.5
2016,,,"Per 1,000 live births",3.18
2013,,,"Per 1,000 live births",2.77
2014,,,"Per 1,000 live births",2.89
2017,,,"Per 1,000 live births",2.75
2015,,,"Per 1,000 live births",3.45
2011,,,"Per 1,000 live births",3.35
2012,,,"Per 1,000 live births",3.17
2018,,,"Per 1,000 live births",3.6
2010,,Araba/Álava,"Per 1,000 live births",2.99
2017,,Araba/Álava,"Per 1,000 live births",3.04
2019,,Araba/Álava,"Per 1,000 live births",2.34
2013,,Araba/Álava,"Per 1,000 live births",3.23
2012,,Araba/Álava,"Per 1,000 live births",3.34
2016,,Araba/Álava,"Per 1,000 live births",3.25
2023,,Araba/Álava,"Per 1,000 live births",4.96
2011,,Araba/Álava,"Per 1,000 live births",3.79
2018,,Araba/Álava,"Per 1,000 live births",4.47
2022,,Araba/Álava,"Per 1,000 live births",4.41
2014,,Araba/Álava,"Per 1,000 live births",3.05
2015,,Araba/Álava,"Per 1,000 live births",2.53
2020,,Araba/Álava,"Per 1,000 live births",3.34
2021,,Araba/Álava,"Per 1,000 live births",3.8
2011,,Bizkaia,"Per 1,000 live births",3.74
2012,,Bizkaia,"Per 1,000 live births",3.19
2013,,Bizkaia,"Per 1,000 live births",2.47
2016,,Bizkaia,"Per 1,000 live births",3.39
2022,,Bizkaia,"Per 1,000 live births",3.35
2019,,Bizkaia,"Per 1,000 live births",3.89
2014,,Bizkaia,"Per 1,000 live births",2.57
2023,,Bizkaia,"Per 1,000 live births",3.45
2020,,Bizkaia,"Per 1,000 live births",3.01
2018,,Bizkaia,"Per 1,000 live births",3.65
2010,,Bizkaia,"Per 1,000 live births",4.15
2015,,Bizkaia,"Per 1,000 live births",4.39
2021,,Bizkaia,"Per 1,000 live births",2.73
2017,,Bizkaia,"Per 1,000 live births",2.82
2017,,Gipuzkoa,"Per 1,000 live births",2.5
2018,,Gipuzkoa,"Per 1,000 live births",3.11
2022,,Gipuzkoa,"Per 1,000 live births",3.55
2013,,Gipuzkoa,"Per 1,000 live births",3.02
2021,,Gipuzkoa,"Per 1,000 live births",2.84
2010,,Gipuzkoa,"Per 1,000 live births",2.77
2019,,Gipuzkoa,"Per 1,000 live births",3.7
2015,,Gipuzkoa,"Per 1,000 live births",2.52
2016,,Gipuzkoa,"Per 1,000 live births",2.66
2011,,Gipuzkoa,"Per 1,000 live births",2.55
2012,,Gipuzkoa,"Per 1,000 live births",3.04
2020,,Gipuzkoa,"Per 1,000 live births",2.99
2023,,Gipuzkoa,"Per 1,000 live births",1.75
2014,,Gipuzkoa,"Per 1,000 live births",3.3
2016,Female,,"Per 1,000 live births",2.8
2015,Female,,"Per 1,000 live births",3.4
2013,Female,,"Per 1,000 live births",2.58
2012,Female,,"Per 1,000 live births",3.57
2014,Female,,"Per 1,000 live births",2.84
2022,Female,,"Per 1,000 live births",2.42
2021,Female,,"Per 1,000 live births",2.77
2019,Female,,"Per 1,000 live births",3.33
2017,Female,,"Per 1,000 live births",2.18
2010,Female,,"Per 1,000 live births",3.77
2020,Female,,"Per 1,000 live births",2.82
2018,Female,,"Per 1,000 live births",3.7
2023,Female,,"Per 1,000 live births",3.05
2011,Female,,"Per 1,000 live births",4.23
2022,Female,Araba/Álava,"Per 1,000 live births",1.83
2018,Female,Araba/Álava,"Per 1,000 live births",3.08
2020,Female,Araba/Álava,"Per 1,000 live births",1.72
2010,Female,Araba/Álava,"Per 1,000 live births",2.49
2021,Female,Araba/Álava,"Per 1,000 live births",3.53
2019,Female,Araba/Álava,"Per 1,000 live births",2.39
2017,Female,Araba/Álava,"Per 1,000 live births",2.73
2015,Female,Araba/Álava,"Per 1,000 live births",1.31
2016,Female,Araba/Álava,"Per 1,000 live births",2.62
2013,Female,Araba/Álava,"Per 1,000 live births",2.03
2012,Female,Araba/Álava,"Per 1,000 live births",4.5
2011,Female,Araba/Álava,"Per 1,000 live births",5.34
2014,Female,Araba/Álava,"Per 1,000 live births",2.5
2023,Female,Araba/Álava,"Per 1,000 live births",2.86
2022,Female,Bizkaia,"Per 1,000 live births",2.37
2023,Female,Bizkaia,"Per 1,000 live births",3.68
2019,Female,Bizkaia,"Per 1,000 live births",4.02
2018,Female,Bizkaia,"Per 1,000 live births",4.1
2016,Female,Bizkaia,"Per 1,000 live births",2.92
2017,Female,Bizkaia,"Per 1,000 live births",2.44
2014,Female,Bizkaia,"Per 1,000 live births",2.93
2021,Female,Bizkaia,"Per 1,000 live births",2.7
2013,Female,Bizkaia,"Per 1,000 live births",2.75
2012,Female,Bizkaia,"Per 1,000 live births",3.2
2015,Female,Bizkaia,"Per 1,000 live births",5.42
2011,Female,Bizkaia,"Per 1,000 live births",4.72
2010,Female,Bizkaia,"Per 1,000 live births",4.24
2020,Female,Bizkaia,"Per 1,000 live births",3.14
2022,Female,Gipuzkoa,"Per 1,000 live births",2.8
2021,Female,Gipuzkoa,"Per 1,000 live births",2.51
2020,Female,Gipuzkoa,"Per 1,000 live births",2.87
2019,Female,Gipuzkoa,"Per 1,000 live births",2.77
2018,Female,Gipuzkoa,"Per 1,000 live births",3.41
2017,Female,Gipuzkoa,"Per 1,000 live births",1.49
2023,Female,Gipuzkoa,"Per 1,000 live births",2.22
2016,Female,Gipuzkoa,"Per 1,000 live births",2.73
2015,Female,Gipuzkoa,"Per 1,000 live births",1.58
2014,Female,Gipuzkoa,"Per 1,000 live births",2.88
2013,Female,Gipuzkoa,"Per 1,000 live births",2.61
2012,Female,Gipuzkoa,"Per 1,000 live births",3.7
2011,Female,Gipuzkoa,"Per 1,000 live births",2.91
2010,Female,Gipuzkoa,"Per 1,000 live births",3.66
2021,Male,,"Per 1,000 live births",3.1
2023,Male,,"Per 1,000 live births",3.19
2019,Male,,"Per 1,000 live births",3.8
2013,Male,,"Per 1,000 live births",2.95
2020,Male,,"Per 1,000 live births",3.27
2016,Male,,"Per 1,000 live births",3.43
2015,Male,,"Per 1,000 live births",3.49
2010,Male,,"Per 1,000 live births",3.24
2018,Male,,"Per 1,000 live births",3.52
2017,Male,,"Per 1,000 live births",3.29
2012,Male,,"Per 1,000 live births",2.8
2022,Male,,"Per 1,000 live births",4.7
2014,Male,,"Per 1,000 live births",2.94
2011,Male,,"Per 1,000 live births",2.51
2021,Male,Araba/Álava,"Per 1,000 live births",4.05
2022,Male,Araba/Álava,"Per 1,000 live births",6.8
2012,Male,Araba/Álava,"Per 1,000 live births",2.3
2015,Male,Araba/Álava,"Per 1,000 live births",3.67
2013,Male,Araba/Álava,"Per 1,000 live births",4.33
2020,Male,Araba/Álava,"Per 1,000 live births",4.85
2011,Male,Araba/Álava,"Per 1,000 live births",2.29
2018,Male,Araba/Álava,"Per 1,000 live births",5.77
2016,Male,Araba/Álava,"Per 1,000 live births",3.88
2014,Male,Araba/Álava,"Per 1,000 live births",3.58
2010,Male,Araba/Álava,"Per 1,000 live births",3.45
2023,Male,Araba/Álava,"Per 1,000 live births",6.85
2017,Male,Araba/Álava,"Per 1,000 live births",3.34
2019,Male,Araba/Álava,"Per 1,000 live births",2.29
2023,Male,Bizkaia,"Per 1,000 live births",3.22
2022,Male,Bizkaia,"Per 1,000 live births",4.31
2021,Male,Bizkaia,"Per 1,000 live births",2.76
2020,Male,Bizkaia,"Per 1,000 live births",2.88
2019,Male,Bizkaia,"Per 1,000 live births",3.76
2018,Male,Bizkaia,"Per 1,000 live births",3.22
2016,Male,Bizkaia,"Per 1,000 live births",3.83
2017,Male,Bizkaia,"Per 1,000 live births",3.17
2015,Male,Bizkaia,"Per 1,000 live births",3.47
2014,Male,Bizkaia,"Per 1,000 live births",2.22
2013,Male,Bizkaia,"Per 1,000 live births",2.2
2012,Male,Bizkaia,"Per 1,000 live births",3.19
2011,Male,Bizkaia,"Per 1,000 live births",2.78
2010,Male,Bizkaia,"Per 1,000 live births",4.07
2020,Male,Gipuzkoa,"Per 1,000 live births",3.09
2019,Male,Gipuzkoa,"Per 1,000 live births",4.61
2018,Male,Gipuzkoa,"Per 1,000 live births",2.83
2017,Male,Gipuzkoa,"Per 1,000 live births",3.44
2016,Male,Gipuzkoa,"Per 1,000 live births",2.6
2015,Male,Gipuzkoa,"Per 1,000 live births",3.44
2011,Male,Gipuzkoa,"Per 1,000 live births",2.2
2014,Male,Gipuzkoa,"Per 1,000 live births",3.71
2012,Male,Gipuzkoa,"Per 1,000 live births",2.46
2013,Male,Gipuzkoa,"Per 1,000 live births",3.42
2010,Male,Gipuzkoa,"Per 1,000 live births",1.91
2023,Male,Gipuzkoa,"Per 1,000 live births",1.3
2022,Male,Gipuzkoa,"Per 1,000 live births",4.22
2021,Male,Gipuzkoa,"Per 1,000 live births",3.15
