Year,Series,Sexo,Territorio,Units,Value
2012,UE_LE_Y0,,,Años,82.67
2010,UE_LE_Y0,,,Años,82.36
2013,UE_LE_Y0,,,Años,83.09
2020,UE_LE_Y0,,,Años,83.09
2016,UE_LE_Y0,,,Años,83.35
2015,UE_LE_Y0,,,Años,82.97
2011,UE_LE_Y0,,,Años,82.39
2014,UE_LE_Y0,,,Años,83.26
2017,UE_LE_Y0,,,Años,83.48
2022,UE_LE_Y0,,,Años,83.36
2021,UE_LE_Y0,,,Años,83.69
2018,UE_LE_Y0,,,Años,83.59
2019,UE_LE_Y0,,,Años,83.9
2012,UE_LE_Y0,,Araba/Álava,Años,83.46
2010,UE_LE_Y0,,Araba/Álava,Años,83.16
2018,UE_LE_Y0,,Araba/Álava,Años,84.24
2016,UE_LE_Y0,,Araba/Álava,Años,84.04
2014,UE_LE_Y0,,Araba/Álava,Años,84.27
2019,UE_LE_Y0,,Araba/Álava,Años,84.66
2017,UE_LE_Y0,,Araba/Álava,Años,83.85
2011,UE_LE_Y0,,Araba/Álava,Años,82.97
2015,UE_LE_Y0,,Araba/Álava,Años,83.39
2013,UE_LE_Y0,,Araba/Álava,Años,83.37
2021,UE_LE_Y0,,Araba/Álava,Años,84.3
2020,UE_LE_Y0,,Araba/Álava,Años,83.42
2022,UE_LE_Y0,,Araba/Álava,Años,83.98
2013,UE_LE_Y0,,Bizkaia,Años,83.09
2016,UE_LE_Y0,,Bizkaia,Años,83.08
2017,UE_LE_Y0,,Bizkaia,Años,83.45
2019,UE_LE_Y0,,Bizkaia,Años,83.6
2014,UE_LE_Y0,,Bizkaia,Años,83.0
2022,UE_LE_Y0,,Bizkaia,Años,83.29
2018,UE_LE_Y0,,Bizkaia,Años,83.44
2020,UE_LE_Y0,,Bizkaia,Años,82.93
2011,UE_LE_Y0,,Bizkaia,Años,82.11
2021,UE_LE_Y0,,Bizkaia,Años,83.71
2012,UE_LE_Y0,,Bizkaia,Años,82.43
2010,UE_LE_Y0,,Bizkaia,Años,82.0
2015,UE_LE_Y0,,Bizkaia,Años,82.86
2010,UE_LE_Y0,,Gipuzkoa,Años,82.62
2021,UE_LE_Y0,,Gipuzkoa,Años,83.21
2016,UE_LE_Y0,,Gipuzkoa,Años,83.52
2018,UE_LE_Y0,,Gipuzkoa,Años,83.56
2015,UE_LE_Y0,,Gipuzkoa,Años,82.97
2011,UE_LE_Y0,,Gipuzkoa,Años,82.62
2017,UE_LE_Y0,,Gipuzkoa,Años,83.39
2022,UE_LE_Y0,,Gipuzkoa,Años,83.2
2014,UE_LE_Y0,,Gipuzkoa,Años,83.24
2019,UE_LE_Y0,,Gipuzkoa,Años,84.06
2020,UE_LE_Y0,,Gipuzkoa,Años,83.21
2013,UE_LE_Y0,,Gipuzkoa,Años,82.98
2012,UE_LE_Y0,,Gipuzkoa,Años,82.74
2021,UE_LE_Y0,Mujer,,Años,86.42
2012,UE_LE_Y0,Mujer,,Años,85.79
2013,UE_LE_Y0,Mujer,,Años,86.22
2019,UE_LE_Y0,Mujer,,Años,86.73
2015,UE_LE_Y0,Mujer,,Años,85.82
2017,UE_LE_Y0,Mujer,,Años,86.31
2016,UE_LE_Y0,Mujer,,Años,86.29
2022,UE_LE_Y0,Mujer,,Años,86.03
2011,UE_LE_Y0,Mujer,,Años,85.54
2010,UE_LE_Y0,Mujer,,Años,85.5
2020,UE_LE_Y0,Mujer,,Años,85.92
2014,UE_LE_Y0,Mujer,,Años,86.05
2018,UE_LE_Y0,Mujer,,Años,86.26
2012,UE_LE_Y0,Mujer,Araba/Álava,Años,86.32
2010,UE_LE_Y0,Mujer,Araba/Álava,Años,86.16
2022,UE_LE_Y0,Mujer,Araba/Álava,Años,86.41
2011,UE_LE_Y0,Mujer,Araba/Álava,Años,86.11
2015,UE_LE_Y0,Mujer,Araba/Álava,Años,86.12
2020,UE_LE_Y0,Mujer,Araba/Álava,Años,86.34
2013,UE_LE_Y0,Mujer,Araba/Álava,Años,86.62
2016,UE_LE_Y0,Mujer,Araba/Álava,Años,87.05
2018,UE_LE_Y0,Mujer,Araba/Álava,Años,87.03
2019,UE_LE_Y0,Mujer,Araba/Álava,Años,87.75
2021,UE_LE_Y0,Mujer,Araba/Álava,Años,86.97
2017,UE_LE_Y0,Mujer,Araba/Álava,Años,86.63
2014,UE_LE_Y0,Mujer,Araba/Álava,Años,86.8
2012,UE_LE_Y0,Mujer,Bizkaia,Años,85.55
2019,UE_LE_Y0,Mujer,Bizkaia,Años,86.53
2018,UE_LE_Y0,Mujer,Bizkaia,Años,86.11
2010,UE_LE_Y0,Mujer,Bizkaia,Años,85.3
2016,UE_LE_Y0,Mujer,Bizkaia,Años,86.01
2011,UE_LE_Y0,Mujer,Bizkaia,Años,85.23
2014,UE_LE_Y0,Mujer,Bizkaia,Años,85.78
2013,UE_LE_Y0,Mujer,Bizkaia,Años,86.13
2021,UE_LE_Y0,Mujer,Bizkaia,Años,86.45
2017,UE_LE_Y0,Mujer,Bizkaia,Años,86.25
2015,UE_LE_Y0,Mujer,Bizkaia,Años,85.76
2022,UE_LE_Y0,Mujer,Bizkaia,Años,85.87
2020,UE_LE_Y0,Mujer,Bizkaia,Años,85.79
2017,UE_LE_Y0,Mujer,Gipuzkoa,Años,86.3
2013,UE_LE_Y0,Mujer,Gipuzkoa,Años,86.23
2019,UE_LE_Y0,Mujer,Gipuzkoa,Años,86.61
2015,UE_LE_Y0,Mujer,Gipuzkoa,Años,85.79
2016,UE_LE_Y0,Mujer,Gipuzkoa,Años,86.45
2018,UE_LE_Y0,Mujer,Gipuzkoa,Años,86.21
2022,UE_LE_Y0,Mujer,Gipuzkoa,Años,86.14
2011,UE_LE_Y0,Mujer,Gipuzkoa,Años,85.84
2012,UE_LE_Y0,Mujer,Gipuzkoa,Años,85.99
2020,UE_LE_Y0,Mujer,Gipuzkoa,Años,85.97
2010,UE_LE_Y0,Mujer,Gipuzkoa,Años,85.56
2014,UE_LE_Y0,Mujer,Gipuzkoa,Años,86.19
2021,UE_LE_Y0,Mujer,Gipuzkoa,Años,86.17
2021,UE_LE_Y0,Hombre,,Años,80.81
2011,UE_LE_Y0,Hombre,,Años,79.11
2010,UE_LE_Y0,Hombre,,Años,79.08
2014,UE_LE_Y0,Hombre,,Años,80.27
2020,UE_LE_Y0,Hombre,,Años,80.15
2016,UE_LE_Y0,Hombre,,Años,80.26
2022,UE_LE_Y0,Hombre,,Años,80.55
2019,UE_LE_Y0,Hombre,,Años,80.91
2017,UE_LE_Y0,Hombre,,Años,80.49
2012,UE_LE_Y0,Hombre,,Años,79.43
2018,UE_LE_Y0,Hombre,,Años,80.73
2015,UE_LE_Y0,Hombre,,Años,79.97
2013,UE_LE_Y0,Hombre,,Años,79.8
2011,UE_LE_Y0,Hombre,Araba/Álava,Años,79.89
2018,UE_LE_Y0,Hombre,Araba/Álava,Años,81.4
2017,UE_LE_Y0,Hombre,Araba/Álava,Años,81.04
2013,UE_LE_Y0,Hombre,Araba/Álava,Años,80.16
2012,UE_LE_Y0,Hombre,Araba/Álava,Años,80.58
2010,UE_LE_Y0,Hombre,Araba/Álava,Años,80.18
2021,UE_LE_Y0,Hombre,Araba/Álava,Años,81.57
2022,UE_LE_Y0,Hombre,Araba/Álava,Años,81.47
2019,UE_LE_Y0,Hombre,Araba/Álava,Años,81.57
2015,UE_LE_Y0,Hombre,Araba/Álava,Años,80.62
2016,UE_LE_Y0,Hombre,Araba/Álava,Años,81.02
2020,UE_LE_Y0,Hombre,Araba/Álava,Años,80.54
2014,UE_LE_Y0,Hombre,Araba/Álava,Años,81.63
2017,UE_LE_Y0,Hombre,Bizkaia,Años,80.43
2019,UE_LE_Y0,Hombre,Bizkaia,Años,80.46
2016,UE_LE_Y0,Hombre,Bizkaia,Años,79.95
2014,UE_LE_Y0,Hombre,Bizkaia,Años,79.98
2015,UE_LE_Y0,Hombre,Bizkaia,Años,79.77
2012,UE_LE_Y0,Hombre,Bizkaia,Años,79.13
2010,UE_LE_Y0,Hombre,Bizkaia,Años,78.53
2011,UE_LE_Y0,Hombre,Bizkaia,Años,78.81
2022,UE_LE_Y0,Hombre,Bizkaia,Años,80.51
2021,UE_LE_Y0,Hombre,Bizkaia,Años,80.76
2013,UE_LE_Y0,Hombre,Bizkaia,Años,79.82
2020,UE_LE_Y0,Hombre,Bizkaia,Años,79.91
2018,UE_LE_Y0,Hombre,Bizkaia,Años,80.54
2019,UE_LE_Y0,Hombre,Gipuzkoa,Años,81.35
2015,UE_LE_Y0,Hombre,Gipuzkoa,Años,80.01
2013,UE_LE_Y0,Hombre,Gipuzkoa,Años,79.64
2012,UE_LE_Y0,Hombre,Gipuzkoa,Años,79.42
2011,UE_LE_Y0,Hombre,Gipuzkoa,Años,79.27
2022,UE_LE_Y0,Hombre,Gipuzkoa,Años,80.22
2010,UE_LE_Y0,Hombre,Gipuzkoa,Años,79.51
2018,UE_LE_Y0,Hombre,Gipuzkoa,Años,80.76
2014,UE_LE_Y0,Hombre,Gipuzkoa,Años,80.15
2016,UE_LE_Y0,Hombre,Gipuzkoa,Años,80.44
2021,UE_LE_Y0,Hombre,Gipuzkoa,Años,80.56
2020,UE_LE_Y0,Hombre,Gipuzkoa,Años,80.36
2017,UE_LE_Y0,Hombre,Gipuzkoa,Años,80.35
2019,Esperanza de vida en buena salud,Mujer,,Años,76.67
2021,Esperanza de vida en buena salud,Mujer,,Años,76.61
2018,Esperanza de vida en buena salud,Mujer,,Años,76.58
2013,Esperanza de vida en buena salud,Mujer,,Años,74.2
2018,Esperanza de vida en buena salud,Mujer,Araba/Álava,Años,76.99
2021,Esperanza de vida en buena salud,Mujer,Araba/Álava,Años,77.12
2019,Esperanza de vida en buena salud,Mujer,Araba/Álava,Años,77.37
2021,Esperanza de vida en buena salud,Mujer,Bizkaia,Años,76.57
2019,Esperanza de vida en buena salud,Mujer,Bizkaia,Años,76.46
2018,Esperanza de vida en buena salud,Mujer,Bizkaia,Años,76.45
2018,Esperanza de vida en buena salud,Mujer,Gipuzkoa,Años,76.65
2021,Esperanza de vida en buena salud,Mujer,Gipuzkoa,Años,76.47
2019,Esperanza de vida en buena salud,Mujer,Gipuzkoa,Años,76.71
2018,Esperanza de vida en buena salud,Hombre,,Años,74.31
2021,Esperanza de vida en buena salud,Hombre,,Años,74.54
2019,Esperanza de vida en buena salud,Hombre,,Años,74.67
2013,Esperanza de vida en buena salud,Hombre,,Años,71.82
2019,Esperanza de vida en buena salud,Hombre,Araba/Álava,Años,74.74
2021,Esperanza de vida en buena salud,Hombre,Araba/Álava,Años,75.03
2018,Esperanza de vida en buena salud,Hombre,Araba/Álava,Años,75.03
2018,Esperanza de vida en buena salud,Hombre,Bizkaia,Años,74.19
2021,Esperanza de vida en buena salud,Hombre,Bizkaia,Años,74.41
2019,Esperanza de vida en buena salud,Hombre,Bizkaia,Años,74.4
2019,Esperanza de vida en buena salud,Hombre,Gipuzkoa,Años,75.06
2021,Esperanza de vida en buena salud,Hombre,Gipuzkoa,Años,74.51
2018,Esperanza de vida en buena salud,Hombre,Gipuzkoa,Años,74.17
