Year,Series,Sexo,Territorio,Units,Value
2021,Tasa de mortalidad por suicidio,,,Por 100.000 habitantes,6.8
2020,Tasa de mortalidad por suicidio,,,Por 100.000 habitantes,8.4
2012,Tasa de mortalidad por suicidio,,,Por 100.000 habitantes,8.3
2014,Tasa de mortalidad por suicidio,,,Por 100.000 habitantes,8.6
2022,Tasa de mortalidad por suicidio,,,Por 100.000 habitantes,7.9
2019,Tasa de mortalidad por suicidio,,,Por 100.000 habitantes,6.6
2013,Tasa de mortalidad por suicidio,,,Por 100.000 habitantes,8.2
2010,Tasa de mortalidad por suicidio,,,Por 100.000 habitantes,6.0
2016,Tasa de mortalidad por suicidio,,,Por 100.000 habitantes,8.3
2017,Tasa de mortalidad por suicidio,,,Por 100.000 habitantes,8.3
2011,Tasa de mortalidad por suicidio,,,Por 100.000 habitantes,7.9
2015,Tasa de mortalidad por suicidio,,,Por 100.000 habitantes,7.7
2018,Tasa de mortalidad por suicidio,,,Por 100.000 habitantes,7.5
2017,Tasa de mortalidad por suicidio,,Araba/Álava,Por 100.000 habitantes,6.8
2020,Tasa de mortalidad por suicidio,,Araba/Álava,Por 100.000 habitantes,8.2
2012,Tasa de mortalidad por suicidio,,Araba/Álava,Por 100.000 habitantes,6.5
2010,Tasa de mortalidad por suicidio,,Araba/Álava,Por 100.000 habitantes,8.8
2022,Tasa de mortalidad por suicidio,,Araba/Álava,Por 100.000 habitantes,9.3
2013,Tasa de mortalidad por suicidio,,Araba/Álava,Por 100.000 habitantes,8.1
2015,Tasa de mortalidad por suicidio,,Araba/Álava,Por 100.000 habitantes,6.5
2011,Tasa de mortalidad por suicidio,,Araba/Álava,Por 100.000 habitantes,6.6
2014,Tasa de mortalidad por suicidio,,Araba/Álava,Por 100.000 habitantes,6.9
2018,Tasa de mortalidad por suicidio,,Araba/Álava,Por 100.000 habitantes,7.3
2019,Tasa de mortalidad por suicidio,,Araba/Álava,Por 100.000 habitantes,6.7
2016,Tasa de mortalidad por suicidio,,Araba/Álava,Por 100.000 habitantes,7.1
2021,Tasa de mortalidad por suicidio,,Araba/Álava,Por 100.000 habitantes,8.5
2012,Tasa de mortalidad por suicidio,,Bizkaia,Por 100.000 habitantes,8.2
2016,Tasa de mortalidad por suicidio,,Bizkaia,Por 100.000 habitantes,7.6
2018,Tasa de mortalidad por suicidio,,Bizkaia,Por 100.000 habitantes,7.7
2010,Tasa de mortalidad por suicidio,,Bizkaia,Por 100.000 habitantes,5.4
2017,Tasa de mortalidad por suicidio,,Bizkaia,Por 100.000 habitantes,8.6
2015,Tasa de mortalidad por suicidio,,Bizkaia,Por 100.000 habitantes,8.2
2021,Tasa de mortalidad por suicidio,,Bizkaia,Por 100.000 habitantes,6.2
2019,Tasa de mortalidad por suicidio,,Bizkaia,Por 100.000 habitantes,6.4
2011,Tasa de mortalidad por suicidio,,Bizkaia,Por 100.000 habitantes,7.8
2022,Tasa de mortalidad por suicidio,,Bizkaia,Por 100.000 habitantes,8.0
2020,Tasa de mortalidad por suicidio,,Bizkaia,Por 100.000 habitantes,8.7
2014,Tasa de mortalidad por suicidio,,Bizkaia,Por 100.000 habitantes,9.5
2013,Tasa de mortalidad por suicidio,,Bizkaia,Por 100.000 habitantes,7.8
2021,Tasa de mortalidad por suicidio,,Gipuzkoa,Por 100.000 habitantes,6.8
2011,Tasa de mortalidad por suicidio,,Gipuzkoa,Por 100.000 habitantes,8.7
2016,Tasa de mortalidad por suicidio,,Gipuzkoa,Por 100.000 habitantes,9.8
2014,Tasa de mortalidad por suicidio,,Gipuzkoa,Por 100.000 habitantes,7.8
2018,Tasa de mortalidad por suicidio,,Gipuzkoa,Por 100.000 habitantes,7.1
2019,Tasa de mortalidad por suicidio,,Gipuzkoa,Por 100.000 habitantes,7.0
2015,Tasa de mortalidad por suicidio,,Gipuzkoa,Por 100.000 habitantes,7.3
2022,Tasa de mortalidad por suicidio,,Gipuzkoa,Por 100.000 habitantes,7.2
2020,Tasa de mortalidad por suicidio,,Gipuzkoa,Por 100.000 habitantes,7.9
2010,Tasa de mortalidad por suicidio,,Gipuzkoa,Por 100.000 habitantes,5.8
2017,Tasa de mortalidad por suicidio,,Gipuzkoa,Por 100.000 habitantes,8.4
2012,Tasa de mortalidad por suicidio,,Gipuzkoa,Por 100.000 habitantes,9.1
2013,Tasa de mortalidad por suicidio,,Gipuzkoa,Por 100.000 habitantes,8.9
2012,Tasa de mortalidad por suicidio,Mujer,,Por 100.000 habitantes,4.2
2022,Tasa de mortalidad por suicidio,Mujer,,Por 100.000 habitantes,4.4
2018,Tasa de mortalidad por suicidio,Mujer,,Por 100.000 habitantes,4.3
2020,Tasa de mortalidad por suicidio,Mujer,,Por 100.000 habitantes,4.0
2014,Tasa de mortalidad por suicidio,Mujer,,Por 100.000 habitantes,5.6
2016,Tasa de mortalidad por suicidio,Mujer,,Por 100.000 habitantes,4.2
2013,Tasa de mortalidad por suicidio,Mujer,,Por 100.000 habitantes,4.5
2019,Tasa de mortalidad por suicidio,Mujer,,Por 100.000 habitantes,2.6
2017,Tasa de mortalidad por suicidio,Mujer,,Por 100.000 habitantes,4.1
2011,Tasa de mortalidad por suicidio,Mujer,,Por 100.000 habitantes,4.4
2010,Tasa de mortalidad por suicidio,Mujer,,Por 100.000 habitantes,2.3
2021,Tasa de mortalidad por suicidio,Mujer,,Por 100.000 habitantes,3.6
2015,Tasa de mortalidad por suicidio,Mujer,,Por 100.000 habitantes,3.6
2020,Tasa de mortalidad por suicidio,Mujer,Araba/Álava,Por 100.000 habitantes,4.2
2012,Tasa de mortalidad por suicidio,Mujer,Araba/Álava,Por 100.000 habitantes,2.5
2015,Tasa de mortalidad por suicidio,Mujer,Araba/Álava,Por 100.000 habitantes,4.3
2016,Tasa de mortalidad por suicidio,Mujer,Araba/Álava,Por 100.000 habitantes,2.4
2013,Tasa de mortalidad por suicidio,Mujer,Araba/Álava,Por 100.000 habitantes,5.0
2022,Tasa de mortalidad por suicidio,Mujer,Araba/Álava,Por 100.000 habitantes,4.7
2021,Tasa de mortalidad por suicidio,Mujer,Araba/Álava,Por 100.000 habitantes,5.4
2010,Tasa de mortalidad por suicidio,Mujer,Araba/Álava,Por 100.000 habitantes,2.5
2018,Tasa de mortalidad por suicidio,Mujer,Araba/Álava,Por 100.000 habitantes,4.2
2017,Tasa de mortalidad por suicidio,Mujer,Araba/Álava,Por 100.000 habitantes,5.5
2014,Tasa de mortalidad por suicidio,Mujer,Araba/Álava,Por 100.000 habitantes,3.7
2019,Tasa de mortalidad por suicidio,Mujer,Araba/Álava,Por 100.000 habitantes,1.2
2011,Tasa de mortalidad por suicidio,Mujer,Araba/Álava,Por 100.000 habitantes,3.7
2017,Tasa de mortalidad por suicidio,Mujer,Bizkaia,Por 100.000 habitantes,4.1
2019,Tasa de mortalidad por suicidio,Mujer,Bizkaia,Por 100.000 habitantes,3.0
2022,Tasa de mortalidad por suicidio,Mujer,Bizkaia,Por 100.000 habitantes,4.4
2020,Tasa de mortalidad por suicidio,Mujer,Bizkaia,Por 100.000 habitantes,3.7
2011,Tasa de mortalidad por suicidio,Mujer,Bizkaia,Por 100.000 habitantes,4.5
2018,Tasa de mortalidad por suicidio,Mujer,Bizkaia,Por 100.000 habitantes,4.1
2021,Tasa de mortalidad por suicidio,Mujer,Bizkaia,Por 100.000 habitantes,3.9
2012,Tasa de mortalidad por suicidio,Mujer,Bizkaia,Por 100.000 habitantes,5.4
2016,Tasa de mortalidad por suicidio,Mujer,Bizkaia,Por 100.000 habitantes,4.2
2010,Tasa de mortalidad por suicidio,Mujer,Bizkaia,Por 100.000 habitantes,2.5
2013,Tasa de mortalidad por suicidio,Mujer,Bizkaia,Por 100.000 habitantes,3.9
2014,Tasa de mortalidad por suicidio,Mujer,Bizkaia,Por 100.000 habitantes,6.4
2015,Tasa de mortalidad por suicidio,Mujer,Bizkaia,Por 100.000 habitantes,3.6
2014,Tasa de mortalidad por suicidio,Mujer,Gipuzkoa,Por 100.000 habitantes,5.3
2021,Tasa de mortalidad por suicidio,Mujer,Gipuzkoa,Por 100.000 habitantes,2.5
2022,Tasa de mortalidad por suicidio,Mujer,Gipuzkoa,Por 100.000 habitantes,4.4
2013,Tasa de mortalidad por suicidio,Mujer,Gipuzkoa,Por 100.000 habitantes,5.3
2019,Tasa de mortalidad por suicidio,Mujer,Gipuzkoa,Por 100.000 habitantes,2.4
2017,Tasa de mortalidad por suicidio,Mujer,Gipuzkoa,Por 100.000 habitantes,3.6
2018,Tasa de mortalidad por suicidio,Mujer,Gipuzkoa,Por 100.000 habitantes,4.6
2015,Tasa de mortalidad por suicidio,Mujer,Gipuzkoa,Por 100.000 habitantes,3.3
2020,Tasa de mortalidad por suicidio,Mujer,Gipuzkoa,Por 100.000 habitantes,4.3
2011,Tasa de mortalidad por suicidio,Mujer,Gipuzkoa,Por 100.000 habitantes,4.5
2010,Tasa de mortalidad por suicidio,Mujer,Gipuzkoa,Por 100.000 habitantes,1.7
2012,Tasa de mortalidad por suicidio,Mujer,Gipuzkoa,Por 100.000 habitantes,3.1
2016,Tasa de mortalidad por suicidio,Mujer,Gipuzkoa,Por 100.000 habitantes,5.0
2017,Tasa de mortalidad por suicidio,Hombre,,Por 100.000 habitantes,12.7
2015,Tasa de mortalidad por suicidio,Hombre,,Por 100.000 habitantes,12.0
2010,Tasa de mortalidad por suicidio,Hombre,,Por 100.000 habitantes,10.0
2014,Tasa de mortalidad por suicidio,Hombre,,Por 100.000 habitantes,11.6
2020,Tasa de mortalidad por suicidio,Hombre,,Por 100.000 habitantes,13.0
2022,Tasa de mortalidad por suicidio,Hombre,,Por 100.000 habitantes,11.7
2019,Tasa de mortalidad por suicidio,Hombre,,Por 100.000 habitantes,10.9
2016,Tasa de mortalidad por suicidio,Hombre,,Por 100.000 habitantes,12.6
2018,Tasa de mortalidad por suicidio,Hombre,,Por 100.000 habitantes,10.9
2011,Tasa de mortalidad por suicidio,Hombre,,Por 100.000 habitantes,11.6
2013,Tasa de mortalidad por suicidio,Hombre,,Por 100.000 habitantes,12.1
2012,Tasa de mortalidad por suicidio,Hombre,,Por 100.000 habitantes,12.5
2021,Tasa de mortalidad por suicidio,Hombre,,Por 100.000 habitantes,10.1
2018,Tasa de mortalidad por suicidio,Hombre,Araba/Álava,Por 100.000 habitantes,10.6
2010,Tasa de mortalidad por suicidio,Hombre,Araba/Álava,Por 100.000 habitantes,15.1
2016,Tasa de mortalidad por suicidio,Hombre,Araba/Álava,Por 100.000 habitantes,11.9
2022,Tasa de mortalidad por suicidio,Hombre,Araba/Álava,Por 100.000 habitantes,14.1
2012,Tasa de mortalidad por suicidio,Hombre,Araba/Álava,Por 100.000 habitantes,10.6
2015,Tasa de mortalidad por suicidio,Hombre,Araba/Álava,Por 100.000 habitantes,8.8
2020,Tasa de mortalidad por suicidio,Hombre,Araba/Álava,Por 100.000 habitantes,12.3
2017,Tasa de mortalidad por suicidio,Hombre,Araba/Álava,Por 100.000 habitantes,8.1
2011,Tasa de mortalidad por suicidio,Hombre,Araba/Álava,Por 100.000 habitantes,9.4
2019,Tasa de mortalidad por suicidio,Hombre,Araba/Álava,Por 100.000 habitantes,12.4
2014,Tasa de mortalidad por suicidio,Hombre,Araba/Álava,Por 100.000 habitantes,10.1
2013,Tasa de mortalidad por suicidio,Hombre,Araba/Álava,Por 100.000 habitantes,11.3
2021,Tasa de mortalidad por suicidio,Hombre,Araba/Álava,Por 100.000 habitantes,11.7
2019,Tasa de mortalidad por suicidio,Hombre,Bizkaia,Por 100.000 habitantes,10.0
2017,Tasa de mortalidad por suicidio,Hombre,Bizkaia,Por 100.000 habitantes,13.5
2014,Tasa de mortalidad por suicidio,Hombre,Bizkaia,Por 100.000 habitantes,12.9
2013,Tasa de mortalidad por suicidio,Hombre,Bizkaia,Por 100.000 habitantes,11.9
2012,Tasa de mortalidad por suicidio,Hombre,Bizkaia,Por 100.000 habitantes,11.3
2010,Tasa de mortalidad por suicidio,Hombre,Bizkaia,Por 100.000 habitantes,8.4
2011,Tasa de mortalidad por suicidio,Hombre,Bizkaia,Por 100.000 habitantes,11.3
2015,Tasa de mortalidad por suicidio,Hombre,Bizkaia,Por 100.000 habitantes,13.3
2022,Tasa de mortalidad por suicidio,Hombre,Bizkaia,Por 100.000 habitantes,11.8
2020,Tasa de mortalidad por suicidio,Hombre,Bizkaia,Por 100.000 habitantes,14.1
2021,Tasa de mortalidad por suicidio,Hombre,Bizkaia,Por 100.000 habitantes,8.7
2018,Tasa de mortalidad por suicidio,Hombre,Bizkaia,Por 100.000 habitantes,11.7
2016,Tasa de mortalidad por suicidio,Hombre,Bizkaia,Por 100.000 habitantes,11.3
2019,Tasa de mortalidad por suicidio,Hombre,Gipuzkoa,Por 100.000 habitantes,11.7
2014,Tasa de mortalidad por suicidio,Hombre,Gipuzkoa,Por 100.000 habitantes,10.4
2018,Tasa de mortalidad por suicidio,Hombre,Gipuzkoa,Por 100.000 habitantes,9.7
2012,Tasa de mortalidad por suicidio,Hombre,Gipuzkoa,Por 100.000 habitantes,15.3
2015,Tasa de mortalidad por suicidio,Hombre,Gipuzkoa,Por 100.000 habitantes,11.5
2017,Tasa de mortalidad por suicidio,Hombre,Gipuzkoa,Por 100.000 habitantes,13.5
2020,Tasa de mortalidad por suicidio,Hombre,Gipuzkoa,Por 100.000 habitantes,11.7
2013,Tasa de mortalidad por suicidio,Hombre,Gipuzkoa,Por 100.000 habitantes,12.7
2016,Tasa de mortalidad por suicidio,Hombre,Gipuzkoa,Por 100.000 habitantes,14.9
2011,Tasa de mortalidad por suicidio,Hombre,Gipuzkoa,Por 100.000 habitantes,13.0
2010,Tasa de mortalidad por suicidio,Hombre,Gipuzkoa,Por 100.000 habitantes,10.2
2022,Tasa de mortalidad por suicidio,Hombre,Gipuzkoa,Por 100.000 habitantes,10.3
2021,Tasa de mortalidad por suicidio,Hombre,Gipuzkoa,Por 100.000 habitantes,11.4
