Year,Series,Units,Value
2015,Alcohol consumption per capita (age 15 and older) during a calendar year.,Liters of pure alcohol,10.6
2016,Alcohol consumption per capita (age 15 and older) during a calendar year.,Liters of pure alcohol,11.0
2017,Alcohol consumption per capita (age 15 and older) during a calendar year.,Liters of pure alcohol,10.3
2018,Alcohol consumption per capita (age 15 and older) during a calendar year.,Liters of pure alcohol,9.8
2019,Alcohol consumption per capita (age 15 and older) during a calendar year.,Liters of pure alcohol,10.0
2020,Alcohol consumption per capita (age 15 and older) during a calendar year.,Liters of pure alcohol,9.3
2021,Alcohol consumption per capita (age 15 and older) during a calendar year.,Liters of pure alcohol,10.7
2022,Alcohol consumption per capita (age 15 and older) during a calendar year.,Liters of pure alcohol,11.3
2023,Alcohol consumption per capita (age 15 and older) during a calendar year.,Liters of pure alcohol,10.8
