Year,Series,Profession,Sex,Province,Units,Value
2023,Density and distribution of health care workers.,Physician,,,"Per 10,000 inhabitants",72.1
2020,Density and distribution of health care workers.,Physician,,,"Per 10,000 inhabitants",66.9
2015,Density and distribution of health care workers.,Physician,,,"Per 10,000 inhabitants",60.0
2014,Density and distribution of health care workers.,Physician,,,"Per 10,000 inhabitants",59.3
2012,Density and distribution of health care workers.,Physician,,,"Per 10,000 inhabitants",57.0
2016,Density and distribution of health care workers.,Physician,,,"Per 10,000 inhabitants",61.1
2011,Density and distribution of health care workers.,Physician,,,"Per 10,000 inhabitants",55.8
2019,Density and distribution of health care workers.,Physician,,,"Per 10,000 inhabitants",65.4
2013,Density and distribution of health care workers.,Physician,,,"Per 10,000 inhabitants",58.1
2010,Density and distribution of health care workers.,Physician,,,"Per 10,000 inhabitants",54.5
2021,Density and distribution of health care workers.,Physician,,,"Per 10,000 inhabitants",68.7
2022,Density and distribution of health care workers.,Physician,,,"Per 10,000 inhabitants",70.6
2018,Density and distribution of health care workers.,Physician,,,"Per 10,000 inhabitants",63.6
2017,Density and distribution of health care workers.,Physician,,,"Per 10,000 inhabitants",62.2
2022,Density and distribution of health care workers.,Physician,,Araba/Álava,"Per 10,000 inhabitants",63.9
2016,Density and distribution of health care workers.,Physician,,Araba/Álava,"Per 10,000 inhabitants",58.8
2019,Density and distribution of health care workers.,Physician,,Araba/Álava,"Per 10,000 inhabitants",60.7
2014,Density and distribution of health care workers.,Physician,,Araba/Álava,"Per 10,000 inhabitants",57.9
2015,Density and distribution of health care workers.,Physician,,Araba/Álava,"Per 10,000 inhabitants",58.0
2012,Density and distribution of health care workers.,Physician,,Araba/Álava,"Per 10,000 inhabitants",55.1
2018,Density and distribution of health care workers.,Physician,,Araba/Álava,"Per 10,000 inhabitants",59.7
2010,Density and distribution of health care workers.,Physician,,Araba/Álava,"Per 10,000 inhabitants",51.9
2011,Density and distribution of health care workers.,Physician,,Araba/Álava,"Per 10,000 inhabitants",54.0
2013,Density and distribution of health care workers.,Physician,,Araba/Álava,"Per 10,000 inhabitants",56.5
2017,Density and distribution of health care workers.,Physician,,Araba/Álava,"Per 10,000 inhabitants",59.4
2020,Density and distribution of health care workers.,Physician,,Araba/Álava,"Per 10,000 inhabitants",61.3
2021,Density and distribution of health care workers.,Physician,,Araba/Álava,"Per 10,000 inhabitants",62.7
2023,Density and distribution of health care workers.,Physician,,Araba/Álava,"Per 10,000 inhabitants",65.1
2013,Density and distribution of health care workers.,Physician,,Bizkaia,"Per 10,000 inhabitants",61.2
2019,Density and distribution of health care workers.,Physician,,Bizkaia,"Per 10,000 inhabitants",70.4
2016,Density and distribution of health care workers.,Physician,,Bizkaia,"Per 10,000 inhabitants",64.9
2010,Density and distribution of health care workers.,Physician,,Bizkaia,"Per 10,000 inhabitants",57.2
2011,Density and distribution of health care workers.,Physician,,Bizkaia,"Per 10,000 inhabitants",58.6
2015,Density and distribution of health care workers.,Physician,,Bizkaia,"Per 10,000 inhabitants",63.4
2018,Density and distribution of health care workers.,Physician,,Bizkaia,"Per 10,000 inhabitants",68.2
2023,Density and distribution of health care workers.,Physician,,Bizkaia,"Per 10,000 inhabitants",78.4
2022,Density and distribution of health care workers.,Physician,,Bizkaia,"Per 10,000 inhabitants",76.2
2012,Density and distribution of health care workers.,Physician,,Bizkaia,"Per 10,000 inhabitants",59.9
2017,Density and distribution of health care workers.,Physician,,Bizkaia,"Per 10,000 inhabitants",66.2
2021,Density and distribution of health care workers.,Physician,,Bizkaia,"Per 10,000 inhabitants",74.1
2014,Density and distribution of health care workers.,Physician,,Bizkaia,"Per 10,000 inhabitants",62.4
2020,Density and distribution of health care workers.,Physician,,Bizkaia,"Per 10,000 inhabitants",72.2
2010,Density and distribution of health care workers.,Physician,,Gipuzkoa,"Per 10,000 inhabitants",51.1
2012,Density and distribution of health care workers.,Physician,,Gipuzkoa,"Per 10,000 inhabitants",53.0
2018,Density and distribution of health care workers.,Physician,,Gipuzkoa,"Per 10,000 inhabitants",58.1
2017,Density and distribution of health care workers.,Physician,,Gipuzkoa,"Per 10,000 inhabitants",57.0
2016,Density and distribution of health care workers.,Physician,,Gipuzkoa,"Per 10,000 inhabitants",56.1
2011,Density and distribution of health care workers.,Physician,,Gipuzkoa,"Per 10,000 inhabitants",52.0
2021,Density and distribution of health care workers.,Physician,,Gipuzkoa,"Per 10,000 inhabitants",62.8
2019,Density and distribution of health care workers.,Physician,,Gipuzkoa,"Per 10,000 inhabitants",59.6
2015,Density and distribution of health care workers.,Physician,,Gipuzkoa,"Per 10,000 inhabitants",55.4
2013,Density and distribution of health care workers.,Physician,,Gipuzkoa,"Per 10,000 inhabitants",53.8
2022,Density and distribution of health care workers.,Physician,,Gipuzkoa,"Per 10,000 inhabitants",64.7
2023,Density and distribution of health care workers.,Physician,,Gipuzkoa,"Per 10,000 inhabitants",65.5
2020,Density and distribution of health care workers.,Physician,,Gipuzkoa,"Per 10,000 inhabitants",61.1
2014,Density and distribution of health care workers.,Physician,,Gipuzkoa,"Per 10,000 inhabitants",54.9
2023,Density and distribution of health care workers.,Physician,F,,"Per 10,000 inhabitants",80.7
2015,Density and distribution of health care workers.,Physician,F,,"Per 10,000 inhabitants",61.6
2019,Density and distribution of health care workers.,Physician,F,,"Per 10,000 inhabitants",69.8
2020,Density and distribution of health care workers.,Physician,F,,"Per 10,000 inhabitants",72.3
2012,Density and distribution of health care workers.,Physician,F,,"Per 10,000 inhabitants",56.8
2016,Density and distribution of health care workers.,Physician,F,,"Per 10,000 inhabitants",63.3
2011,Density and distribution of health care workers.,Physician,F,,"Per 10,000 inhabitants",54.6
2018,Density and distribution of health care workers.,Physician,F,,"Per 10,000 inhabitants",67.1
2022,Density and distribution of health care workers.,Physician,F,,"Per 10,000 inhabitants",78.1
2017,Density and distribution of health care workers.,Physician,F,,"Per 10,000 inhabitants",65.1
2013,Density and distribution of health care workers.,Physician,F,,"Per 10,000 inhabitants",58.5
2010,Density and distribution of health care workers.,Physician,F,,"Per 10,000 inhabitants",52.5
2021,Density and distribution of health care workers.,Physician,F,,"Per 10,000 inhabitants",75.2
2014,Density and distribution of health care workers.,Physician,F,,"Per 10,000 inhabitants",60.1
2019,Density and distribution of health care workers.,Physician,F,Araba/Álava,"Per 10,000 inhabitants",66.3
2020,Density and distribution of health care workers.,Physician,F,Araba/Álava,"Per 10,000 inhabitants",67.6
2022,Density and distribution of health care workers.,Physician,F,Araba/Álava,"Per 10,000 inhabitants",72.5
2018,Density and distribution of health care workers.,Physician,F,Araba/Álava,"Per 10,000 inhabitants",64.5
2011,Density and distribution of health care workers.,Physician,F,Araba/Álava,"Per 10,000 inhabitants",55.2
2014,Density and distribution of health care workers.,Physician,F,Araba/Álava,"Per 10,000 inhabitants",61.4
2012,Density and distribution of health care workers.,Physician,F,Araba/Álava,"Per 10,000 inhabitants",57.4
2013,Density and distribution of health care workers.,Physician,F,Araba/Álava,"Per 10,000 inhabitants",59.6
2015,Density and distribution of health care workers.,Physician,F,Araba/Álava,"Per 10,000 inhabitants",62.1
2017,Density and distribution of health care workers.,Physician,F,Araba/Álava,"Per 10,000 inhabitants",63.9
2010,Density and distribution of health care workers.,Physician,F,Araba/Álava,"Per 10,000 inhabitants",52.8
2023,Density and distribution of health care workers.,Physician,F,Araba/Álava,"Per 10,000 inhabitants",74.7
2021,Density and distribution of health care workers.,Physician,F,Araba/Álava,"Per 10,000 inhabitants",70.5
2016,Density and distribution of health care workers.,Physician,F,Araba/Álava,"Per 10,000 inhabitants",63.6
2020,Density and distribution of health care workers.,Physician,F,Bizkaia,"Per 10,000 inhabitants",76.8
2023,Density and distribution of health care workers.,Physician,F,Bizkaia,"Per 10,000 inhabitants",85.7
2015,Density and distribution of health care workers.,Physician,F,Bizkaia,"Per 10,000 inhabitants",64.2
2016,Density and distribution of health care workers.,Physician,F,Bizkaia,"Per 10,000 inhabitants",66.3
2018,Density and distribution of health care workers.,Physician,F,Bizkaia,"Per 10,000 inhabitants",70.8
2014,Density and distribution of health care workers.,Physician,F,Bizkaia,"Per 10,000 inhabitants",62.3
2021,Density and distribution of health care workers.,Physician,F,Bizkaia,"Per 10,000 inhabitants",79.4
2013,Density and distribution of health care workers.,Physician,F,Bizkaia,"Per 10,000 inhabitants",60.8
2010,Density and distribution of health care workers.,Physician,F,Bizkaia,"Per 10,000 inhabitants",54.5
2017,Density and distribution of health care workers.,Physician,F,Bizkaia,"Per 10,000 inhabitants",68.4
2011,Density and distribution of health care workers.,Physician,F,Bizkaia,"Per 10,000 inhabitants",56.5
2022,Density and distribution of health care workers.,Physician,F,Bizkaia,"Per 10,000 inhabitants",82.7
2019,Density and distribution of health care workers.,Physician,F,Bizkaia,"Per 10,000 inhabitants",74.1
2012,Density and distribution of health care workers.,Physician,F,Bizkaia,"Per 10,000 inhabitants",59.1
2016,Density and distribution of health care workers.,Physician,F,Gipuzkoa,"Per 10,000 inhabitants",58.4
2022,Density and distribution of health care workers.,Physician,F,Gipuzkoa,"Per 10,000 inhabitants",73.3
2018,Density and distribution of health care workers.,Physician,F,Gipuzkoa,"Per 10,000 inhabitants",62.3
2023,Density and distribution of health care workers.,Physician,F,Gipuzkoa,"Per 10,000 inhabitants",75.3
2019,Density and distribution of health care workers.,Physician,F,Gipuzkoa,"Per 10,000 inhabitants",64.5
2010,Density and distribution of health care workers.,Physician,F,Gipuzkoa,"Per 10,000 inhabitants",49.1
2012,Density and distribution of health care workers.,Physician,F,Gipuzkoa,"Per 10,000 inhabitants",52.6
2011,Density and distribution of health care workers.,Physician,F,Gipuzkoa,"Per 10,000 inhabitants",51.0
2014,Density and distribution of health care workers.,Physician,F,Gipuzkoa,"Per 10,000 inhabitants",55.9
2017,Density and distribution of health care workers.,Physician,F,Gipuzkoa,"Per 10,000 inhabitants",60.3
2015,Density and distribution of health care workers.,Physician,F,Gipuzkoa,"Per 10,000 inhabitants",57.2
2020,Density and distribution of health care workers.,Physician,F,Gipuzkoa,"Per 10,000 inhabitants",67.3
2013,Density and distribution of health care workers.,Physician,F,Gipuzkoa,"Per 10,000 inhabitants",54.2
2021,Density and distribution of health care workers.,Physician,F,Gipuzkoa,"Per 10,000 inhabitants",70.4
2012,Density and distribution of health care workers.,Physician,M,,"Per 10,000 inhabitants",57.2
2016,Density and distribution of health care workers.,Physician,M,,"Per 10,000 inhabitants",58.8
2022,Density and distribution of health care workers.,Physician,M,,"Per 10,000 inhabitants",62.6
2023,Density and distribution of health care workers.,Physician,M,,"Per 10,000 inhabitants",63.1
2020,Density and distribution of health care workers.,Physician,M,,"Per 10,000 inhabitants",61.2
2015,Density and distribution of health care workers.,Physician,M,,"Per 10,000 inhabitants",58.3
2010,Density and distribution of health care workers.,Physician,M,,"Per 10,000 inhabitants",56.5
2013,Density and distribution of health care workers.,Physician,M,,"Per 10,000 inhabitants",57.6
2018,Density and distribution of health care workers.,Physician,M,,"Per 10,000 inhabitants",59.9
2019,Density and distribution of health care workers.,Physician,M,,"Per 10,000 inhabitants",60.7
2021,Density and distribution of health care workers.,Physician,M,,"Per 10,000 inhabitants",61.8
2014,Density and distribution of health care workers.,Physician,M,,"Per 10,000 inhabitants",58.4
2017,Density and distribution of health care workers.,Physician,M,,"Per 10,000 inhabitants",59.1
2011,Density and distribution of health care workers.,Physician,M,,"Per 10,000 inhabitants",57.1
2021,Density and distribution of health care workers.,Physician,M,Araba/Álava,"Per 10,000 inhabitants",54.7
2018,Density and distribution of health care workers.,Physician,M,Araba/Álava,"Per 10,000 inhabitants",54.7
2011,Density and distribution of health care workers.,Physician,M,Araba/Álava,"Per 10,000 inhabitants",52.7
2012,Density and distribution of health care workers.,Physician,M,Araba/Álava,"Per 10,000 inhabitants",52.7
2013,Density and distribution of health care workers.,Physician,M,Araba/Álava,"Per 10,000 inhabitants",53.2
2015,Density and distribution of health care workers.,Physician,M,Araba/Álava,"Per 10,000 inhabitants",53.9
2022,Density and distribution of health care workers.,Physician,M,Araba/Álava,"Per 10,000 inhabitants",55.1
2014,Density and distribution of health care workers.,Physician,M,Araba/Álava,"Per 10,000 inhabitants",54.3
2019,Density and distribution of health care workers.,Physician,M,Araba/Álava,"Per 10,000 inhabitants",55.0
2017,Density and distribution of health care workers.,Physician,M,Araba/Álava,"Per 10,000 inhabitants",54.8
2023,Density and distribution of health care workers.,Physician,M,Araba/Álava,"Per 10,000 inhabitants",55.1
2010,Density and distribution of health care workers.,Physician,M,Araba/Álava,"Per 10,000 inhabitants",51.1
2016,Density and distribution of health care workers.,Physician,M,Araba/Álava,"Per 10,000 inhabitants",53.9
2020,Density and distribution of health care workers.,Physician,M,Araba/Álava,"Per 10,000 inhabitants",54.8
2023,Density and distribution of health care workers.,Physician,M,Bizkaia,"Per 10,000 inhabitants",70.5
2013,Density and distribution of health care workers.,Physician,M,Bizkaia,"Per 10,000 inhabitants",61.5
2010,Density and distribution of health care workers.,Physician,M,Bizkaia,"Per 10,000 inhabitants",60.2
2012,Density and distribution of health care workers.,Physician,M,Bizkaia,"Per 10,000 inhabitants",60.8
2022,Density and distribution of health care workers.,Physician,M,Bizkaia,"Per 10,000 inhabitants",69.3
2011,Density and distribution of health care workers.,Physician,M,Bizkaia,"Per 10,000 inhabitants",60.7
2020,Density and distribution of health care workers.,Physician,M,Bizkaia,"Per 10,000 inhabitants",67.3
2016,Density and distribution of health care workers.,Physician,M,Bizkaia,"Per 10,000 inhabitants",63.3
2018,Density and distribution of health care workers.,Physician,M,Bizkaia,"Per 10,000 inhabitants",65.4
2017,Density and distribution of health care workers.,Physician,M,Bizkaia,"Per 10,000 inhabitants",63.9
2015,Density and distribution of health care workers.,Physician,M,Bizkaia,"Per 10,000 inhabitants",62.6
2014,Density and distribution of health care workers.,Physician,M,Bizkaia,"Per 10,000 inhabitants",62.5
2019,Density and distribution of health care workers.,Physician,M,Bizkaia,"Per 10,000 inhabitants",66.4
2021,Density and distribution of health care workers.,Physician,M,Bizkaia,"Per 10,000 inhabitants",68.3
2019,Density and distribution of health care workers.,Physician,M,Gipuzkoa,"Per 10,000 inhabitants",54.4
2016,Density and distribution of health care workers.,Physician,M,Gipuzkoa,"Per 10,000 inhabitants",53.7
2018,Density and distribution of health care workers.,Physician,M,Gipuzkoa,"Per 10,000 inhabitants",53.7
2020,Density and distribution of health care workers.,Physician,M,Gipuzkoa,"Per 10,000 inhabitants",54.6
2011,Density and distribution of health care workers.,Physician,M,Gipuzkoa,"Per 10,000 inhabitants",53.1
2014,Density and distribution of health care workers.,Physician,M,Gipuzkoa,"Per 10,000 inhabitants",53.9
2023,Density and distribution of health care workers.,Physician,M,Gipuzkoa,"Per 10,000 inhabitants",55.2
2010,Density and distribution of health care workers.,Physician,M,Gipuzkoa,"Per 10,000 inhabitants",53.1
2012,Density and distribution of health care workers.,Physician,M,Gipuzkoa,"Per 10,000 inhabitants",53.5
2022,Density and distribution of health care workers.,Physician,M,Gipuzkoa,"Per 10,000 inhabitants",55.6
2021,Density and distribution of health care workers.,Physician,M,Gipuzkoa,"Per 10,000 inhabitants",54.9
2013,Density and distribution of health care workers.,Physician,M,Gipuzkoa,"Per 10,000 inhabitants",53.4
2015,Density and distribution of health care workers.,Physician,M,Gipuzkoa,"Per 10,000 inhabitants",53.5
2017,Density and distribution of health care workers.,Physician,M,Gipuzkoa,"Per 10,000 inhabitants",53.6
2013,Density and distribution of health care workers.,Nursing and midwifery professionals,,,"Per 10,000 inhabitants",70.5
2019,Density and distribution of health care workers.,Nursing and midwifery professionals,,,"Per 10,000 inhabitants",76.9
2018,Density and distribution of health care workers.,Nursing and midwifery professionals,,,"Per 10,000 inhabitants",76.1
2016,Density and distribution of health care workers.,Nursing and midwifery professionals,,,"Per 10,000 inhabitants",74.7
2015,Density and distribution of health care workers.,Nursing and midwifery professionals,,,"Per 10,000 inhabitants",73.5
2020,Density and distribution of health care workers.,Nursing and midwifery professionals,,,"Per 10,000 inhabitants",78.4
2022,Density and distribution of health care workers.,Nursing and midwifery professionals,,,"Per 10,000 inhabitants",80.0
2021,Density and distribution of health care workers.,Nursing and midwifery professionals,,,"Per 10,000 inhabitants",79.1
2010,Density and distribution of health care workers.,Nursing and midwifery professionals,,,"Per 10,000 inhabitants",68.1
2014,Density and distribution of health care workers.,Nursing and midwifery professionals,,,"Per 10,000 inhabitants",72.1
2017,Density and distribution of health care workers.,Nursing and midwifery professionals,,,"Per 10,000 inhabitants",75.3
2023,Density and distribution of health care workers.,Nursing and midwifery professionals,,,"Per 10,000 inhabitants",89.6
2012,Density and distribution of health care workers.,Nursing and midwifery professionals,,,"Per 10,000 inhabitants",70.3
2011,Density and distribution of health care workers.,Nursing and midwifery professionals,,,"Per 10,000 inhabitants",70.2
2022,Density and distribution of health care workers.,Nursing and midwifery professionals,,Araba/Álava,"Per 10,000 inhabitants",89.0
2023,Density and distribution of health care workers.,Nursing and midwifery professionals,,Araba/Álava,"Per 10,000 inhabitants",89.5
2016,Density and distribution of health care workers.,Nursing and midwifery professionals,,Araba/Álava,"Per 10,000 inhabitants",84.2
2012,Density and distribution of health care workers.,Nursing and midwifery professionals,,Araba/Álava,"Per 10,000 inhabitants",77.6
2010,Density and distribution of health care workers.,Nursing and midwifery professionals,,Araba/Álava,"Per 10,000 inhabitants",75.4
2019,Density and distribution of health care workers.,Nursing and midwifery professionals,,Araba/Álava,"Per 10,000 inhabitants",86.4
2018,Density and distribution of health care workers.,Nursing and midwifery professionals,,Araba/Álava,"Per 10,000 inhabitants",87.4
2014,Density and distribution of health care workers.,Nursing and midwifery professionals,,Araba/Álava,"Per 10,000 inhabitants",81.1
2020,Density and distribution of health care workers.,Nursing and midwifery professionals,,Araba/Álava,"Per 10,000 inhabitants",87.5
2011,Density and distribution of health care workers.,Nursing and midwifery professionals,,Araba/Álava,"Per 10,000 inhabitants",77.2
2021,Density and distribution of health care workers.,Nursing and midwifery professionals,,Araba/Álava,"Per 10,000 inhabitants",88.6
2013,Density and distribution of health care workers.,Nursing and midwifery professionals,,Araba/Álava,"Per 10,000 inhabitants",78.4
2015,Density and distribution of health care workers.,Nursing and midwifery professionals,,Araba/Álava,"Per 10,000 inhabitants",82.7
2017,Density and distribution of health care workers.,Nursing and midwifery professionals,,Araba/Álava,"Per 10,000 inhabitants",86.0
2017,Density and distribution of health care workers.,Nursing and midwifery professionals,,Bizkaia,"Per 10,000 inhabitants",74.2
2021,Density and distribution of health care workers.,Nursing and midwifery professionals,,Bizkaia,"Per 10,000 inhabitants",78.7
2010,Density and distribution of health care workers.,Nursing and midwifery professionals,,Bizkaia,"Per 10,000 inhabitants",65.4
2015,Density and distribution of health care workers.,Nursing and midwifery professionals,,Bizkaia,"Per 10,000 inhabitants",71.9
2022,Density and distribution of health care workers.,Nursing and midwifery professionals,,Bizkaia,"Per 10,000 inhabitants",79.6
2019,Density and distribution of health care workers.,Nursing and midwifery professionals,,Bizkaia,"Per 10,000 inhabitants",76.2
2013,Density and distribution of health care workers.,Nursing and midwifery professionals,,Bizkaia,"Per 10,000 inhabitants",68.6
2014,Density and distribution of health care workers.,Nursing and midwifery professionals,,Bizkaia,"Per 10,000 inhabitants",70.1
2020,Density and distribution of health care workers.,Nursing and midwifery professionals,,Bizkaia,"Per 10,000 inhabitants",77.9
2016,Density and distribution of health care workers.,Nursing and midwifery professionals,,Bizkaia,"Per 10,000 inhabitants",73.3
2011,Density and distribution of health care workers.,Nursing and midwifery professionals,,Bizkaia,"Per 10,000 inhabitants",67.9
2012,Density and distribution of health care workers.,Nursing and midwifery professionals,,Bizkaia,"Per 10,000 inhabitants",68.4
2018,Density and distribution of health care workers.,Nursing and midwifery professionals,,Bizkaia,"Per 10,000 inhabitants",75.3
2023,Density and distribution of health care workers.,Nursing and midwifery professionals,,Bizkaia,"Per 10,000 inhabitants",81.2
2016,Density and distribution of health care workers.,Nursing and midwifery professionals,,Gipuzkoa,"Per 10,000 inhabitants",72.6
2014,Density and distribution of health care workers.,Nursing and midwifery professionals,,Gipuzkoa,"Per 10,000 inhabitants",71.3
2010,Density and distribution of health care workers.,Nursing and midwifery professionals,,Gipuzkoa,"Per 10,000 inhabitants",69.3
2019,Density and distribution of health care workers.,Nursing and midwifery professionals,,Gipuzkoa,"Per 10,000 inhabitants",73.7
2011,Density and distribution of health care workers.,Nursing and midwifery professionals,,Gipuzkoa,"Per 10,000 inhabitants",70.8
2023,Density and distribution of health care workers.,Nursing and midwifery professionals,,Gipuzkoa,"Per 10,000 inhabitants",103.2
2018,Density and distribution of health care workers.,Nursing and midwifery professionals,,Gipuzkoa,"Per 10,000 inhabitants",72.3
2022,Density and distribution of health care workers.,Nursing and midwifery professionals,,Gipuzkoa,"Per 10,000 inhabitants",76.4
2012,Density and distribution of health care workers.,Nursing and midwifery professionals,,Gipuzkoa,"Per 10,000 inhabitants",70.1
2017,Density and distribution of health care workers.,Nursing and midwifery professionals,,Gipuzkoa,"Per 10,000 inhabitants",72.3
2013,Density and distribution of health care workers.,Nursing and midwifery professionals,,Gipuzkoa,"Per 10,000 inhabitants",70.0
2015,Density and distribution of health care workers.,Nursing and midwifery professionals,,Gipuzkoa,"Per 10,000 inhabitants",72.0
2020,Density and distribution of health care workers.,Nursing and midwifery professionals,,Gipuzkoa,"Per 10,000 inhabitants",75.0
2021,Density and distribution of health care workers.,Nursing and midwifery professionals,,Gipuzkoa,"Per 10,000 inhabitants",75.4
2015,Density and distribution of health care workers.,Nursing and midwifery professionals,F,,"Per 10,000 inhabitants",129.6
2018,Density and distribution of health care workers.,Nursing and midwifery professionals,F,,"Per 10,000 inhabitants",133.1
2016,Density and distribution of health care workers.,Nursing and midwifery professionals,F,,"Per 10,000 inhabitants",131.2
2019,Density and distribution of health care workers.,Nursing and midwifery professionals,F,,"Per 10,000 inhabitants",134.0
2017,Density and distribution of health care workers.,Nursing and midwifery professionals,F,,"Per 10,000 inhabitants",132.2
2020,Density and distribution of health care workers.,Nursing and midwifery professionals,F,,"Per 10,000 inhabitants",135.8
2013,Density and distribution of health care workers.,Nursing and midwifery professionals,F,,"Per 10,000 inhabitants",124.8
2012,Density and distribution of health care workers.,Nursing and midwifery professionals,F,,"Per 10,000 inhabitants",123.5
2023,Density and distribution of health care workers.,Nursing and midwifery professionals,F,,"Per 10,000 inhabitants",154.4
2010,Density and distribution of health care workers.,Nursing and midwifery professionals,F,,"Per 10,000 inhabitants",121.2
2014,Density and distribution of health care workers.,Nursing and midwifery professionals,F,,"Per 10,000 inhabitants",127.4
2021,Density and distribution of health care workers.,Nursing and midwifery professionals,F,,"Per 10,000 inhabitants",136.9
2022,Density and distribution of health care workers.,Nursing and midwifery professionals,F,,"Per 10,000 inhabitants",138.1
2011,Density and distribution of health care workers.,Nursing and midwifery professionals,F,,"Per 10,000 inhabitants",123.3
2016,Density and distribution of health care workers.,Nursing and midwifery professionals,F,Araba/Álava,"Per 10,000 inhabitants",151.9
2022,Density and distribution of health care workers.,Nursing and midwifery professionals,F,Araba/Álava,"Per 10,000 inhabitants",155.9
2023,Density and distribution of health care workers.,Nursing and midwifery professionals,F,Araba/Álava,"Per 10,000 inhabitants",156.3
2021,Density and distribution of health care workers.,Nursing and midwifery professionals,F,Araba/Álava,"Per 10,000 inhabitants",155.3
2013,Density and distribution of health care workers.,Nursing and midwifery professionals,F,Araba/Álava,"Per 10,000 inhabitants",143.3
2018,Density and distribution of health care workers.,Nursing and midwifery professionals,F,Araba/Álava,"Per 10,000 inhabitants",156.3
2020,Density and distribution of health care workers.,Nursing and midwifery professionals,F,Araba/Álava,"Per 10,000 inhabitants",154.7
2019,Density and distribution of health care workers.,Nursing and midwifery professionals,F,Araba/Álava,"Per 10,000 inhabitants",153.5
2011,Density and distribution of health care workers.,Nursing and midwifery professionals,F,Araba/Álava,"Per 10,000 inhabitants",141.7
2015,Density and distribution of health care workers.,Nursing and midwifery professionals,F,Araba/Álava,"Per 10,000 inhabitants",150.0
2010,Density and distribution of health care workers.,Nursing and midwifery professionals,F,Araba/Álava,"Per 10,000 inhabitants",138.2
2012,Density and distribution of health care workers.,Nursing and midwifery professionals,F,Araba/Álava,"Per 10,000 inhabitants",142.4
2017,Density and distribution of health care workers.,Nursing and midwifery professionals,F,Araba/Álava,"Per 10,000 inhabitants",154.5
2014,Density and distribution of health care workers.,Nursing and midwifery professionals,F,Araba/Álava,"Per 10,000 inhabitants",147.2
2021,Density and distribution of health care workers.,Nursing and midwifery professionals,F,Bizkaia,"Per 10,000 inhabitants",132.2
2023,Density and distribution of health care workers.,Nursing and midwifery professionals,F,Bizkaia,"Per 10,000 inhabitants",135.6
2020,Density and distribution of health care workers.,Nursing and midwifery professionals,F,Bizkaia,"Per 10,000 inhabitants",130.9
2011,Density and distribution of health care workers.,Nursing and midwifery professionals,F,Bizkaia,"Per 10,000 inhabitants",116.6
2022,Density and distribution of health care workers.,Nursing and midwifery professionals,F,Bizkaia,"Per 10,000 inhabitants",133.4
2019,Density and distribution of health care workers.,Nursing and midwifery professionals,F,Bizkaia,"Per 10,000 inhabitants",128.9
2013,Density and distribution of health care workers.,Nursing and midwifery professionals,F,Bizkaia,"Per 10,000 inhabitants",117.7
2017,Density and distribution of health care workers.,Nursing and midwifery professionals,F,Bizkaia,"Per 10,000 inhabitants",126.4
2012,Density and distribution of health care workers.,Nursing and midwifery professionals,F,Bizkaia,"Per 10,000 inhabitants",117.4
2010,Density and distribution of health care workers.,Nursing and midwifery professionals,F,Bizkaia,"Per 10,000 inhabitants",112.5
2016,Density and distribution of health care workers.,Nursing and midwifery professionals,F,Bizkaia,"Per 10,000 inhabitants",125.0
2015,Density and distribution of health care workers.,Nursing and midwifery professionals,F,Bizkaia,"Per 10,000 inhabitants",122.9
2018,Density and distribution of health care workers.,Nursing and midwifery professionals,F,Bizkaia,"Per 10,000 inhabitants",128.0
2014,Density and distribution of health care workers.,Nursing and midwifery professionals,F,Bizkaia,"Per 10,000 inhabitants",120.1
2022,Density and distribution of health care workers.,Nursing and midwifery professionals,F,Gipuzkoa,"Per 10,000 inhabitants",137.4
2010,Density and distribution of health care workers.,Nursing and midwifery professionals,F,Gipuzkoa,"Per 10,000 inhabitants",128.2
2015,Density and distribution of health care workers.,Nursing and midwifery professionals,F,Gipuzkoa,"Per 10,000 inhabitants",131.4
2011,Density and distribution of health care workers.,Nursing and midwifery professionals,F,Gipuzkoa,"Per 10,000 inhabitants",126.1
2013,Density and distribution of health care workers.,Nursing and midwifery professionals,F,Gipuzkoa,"Per 10,000 inhabitants",128.3
2019,Density and distribution of health care workers.,Nursing and midwifery professionals,F,Gipuzkoa,"Per 10,000 inhabitants",133.4
2023,Density and distribution of health care workers.,Nursing and midwifery professionals,F,Gipuzkoa,"Per 10,000 inhabitants",183.7
2020,Density and distribution of health care workers.,Nursing and midwifery professionals,F,Gipuzkoa,"Per 10,000 inhabitants",135.2
2016,Density and distribution of health care workers.,Nursing and midwifery professionals,F,Gipuzkoa,"Per 10,000 inhabitants",132.2
2017,Density and distribution of health care workers.,Nursing and midwifery professionals,F,Gipuzkoa,"Per 10,000 inhabitants",131.4
2012,Density and distribution of health care workers.,Nursing and midwifery professionals,F,Gipuzkoa,"Per 10,000 inhabitants",125.1
2018,Density and distribution of health care workers.,Nursing and midwifery professionals,F,Gipuzkoa,"Per 10,000 inhabitants",131.0
2021,Density and distribution of health care workers.,Nursing and midwifery professionals,F,Gipuzkoa,"Per 10,000 inhabitants",136.0
2014,Density and distribution of health care workers.,Nursing and midwifery professionals,F,Gipuzkoa,"Per 10,000 inhabitants",130.6
2017,Density and distribution of health care workers.,Nursing and midwifery professionals,M,,"Per 10,000 inhabitants",15.1
2011,Density and distribution of health care workers.,Nursing and midwifery professionals,M,,"Per 10,000 inhabitants",14.5
2012,Density and distribution of health care workers.,Nursing and midwifery professionals,M,,"Per 10,000 inhabitants",14.5
2016,Density and distribution of health care workers.,Nursing and midwifery professionals,M,,"Per 10,000 inhabitants",14.9
2010,Density and distribution of health care workers.,Nursing and midwifery professionals,M,,"Per 10,000 inhabitants",12.5
2014,Density and distribution of health care workers.,Nursing and midwifery professionals,M,,"Per 10,000 inhabitants",13.9
2015,Density and distribution of health care workers.,Nursing and midwifery professionals,M,,"Per 10,000 inhabitants",14.3
2019,Density and distribution of health care workers.,Nursing and midwifery professionals,M,,"Per 10,000 inhabitants",16.4
2023,Density and distribution of health care workers.,Nursing and midwifery professionals,M,,"Per 10,000 inhabitants",20.9
2018,Density and distribution of health care workers.,Nursing and midwifery professionals,M,,"Per 10,000 inhabitants",15.6
2022,Density and distribution of health care workers.,Nursing and midwifery professionals,M,,"Per 10,000 inhabitants",18.3
2020,Density and distribution of health care workers.,Nursing and midwifery professionals,M,,"Per 10,000 inhabitants",17.5
2013,Density and distribution of health care workers.,Nursing and midwifery professionals,M,,"Per 10,000 inhabitants",13.4
2021,Density and distribution of health care workers.,Nursing and midwifery professionals,M,,"Per 10,000 inhabitants",17.8
2016,Density and distribution of health care workers.,Nursing and midwifery professionals,M,Araba/Álava,"Per 10,000 inhabitants",14.8
2018,Density and distribution of health care workers.,Nursing and midwifery professionals,M,Araba/Álava,"Per 10,000 inhabitants",16.4
2019,Density and distribution of health care workers.,Nursing and midwifery professionals,M,Araba/Álava,"Per 10,000 inhabitants",17.1
2023,Density and distribution of health care workers.,Nursing and midwifery professionals,M,Araba/Álava,"Per 10,000 inhabitants",20.2
2015,Density and distribution of health care workers.,Nursing and midwifery professionals,M,Araba/Álava,"Per 10,000 inhabitants",13.9
2021,Density and distribution of health care workers.,Nursing and midwifery professionals,M,Araba/Álava,"Per 10,000 inhabitants",19.5
2013,Density and distribution of health care workers.,Nursing and midwifery professionals,M,Araba/Álava,"Per 10,000 inhabitants",12.6
2011,Density and distribution of health care workers.,Nursing and midwifery professionals,M,Araba/Álava,"Per 10,000 inhabitants",12.3
2017,Density and distribution of health care workers.,Nursing and midwifery professionals,M,Araba/Álava,"Per 10,000 inhabitants",15.5
2012,Density and distribution of health care workers.,Nursing and midwifery professionals,M,Araba/Álava,"Per 10,000 inhabitants",12.4
2020,Density and distribution of health care workers.,Nursing and midwifery professionals,M,Araba/Álava,"Per 10,000 inhabitants",18.0
2014,Density and distribution of health care workers.,Nursing and midwifery professionals,M,Araba/Álava,"Per 10,000 inhabitants",13.7
2022,Density and distribution of health care workers.,Nursing and midwifery professionals,M,Araba/Álava,"Per 10,000 inhabitants",19.6
2010,Density and distribution of health care workers.,Nursing and midwifery professionals,M,Araba/Álava,"Per 10,000 inhabitants",12.3
2022,Density and distribution of health care workers.,Nursing and midwifery professionals,M,Bizkaia,"Per 10,000 inhabitants",21.6
2020,Density and distribution of health care workers.,Nursing and midwifery professionals,M,Bizkaia,"Per 10,000 inhabitants",20.8
2023,Density and distribution of health care workers.,Nursing and midwifery professionals,M,Bizkaia,"Per 10,000 inhabitants",22.5
2017,Density and distribution of health care workers.,Nursing and midwifery professionals,M,Bizkaia,"Per 10,000 inhabitants",17.9
2015,Density and distribution of health care workers.,Nursing and midwifery professionals,M,Bizkaia,"Per 10,000 inhabitants",17.0
2018,Density and distribution of health care workers.,Nursing and midwifery professionals,M,Bizkaia,"Per 10,000 inhabitants",18.5
2019,Density and distribution of health care workers.,Nursing and midwifery professionals,M,Bizkaia,"Per 10,000 inhabitants",19.4
2011,Density and distribution of health care workers.,Nursing and midwifery professionals,M,Bizkaia,"Per 10,000 inhabitants",15.9
2016,Density and distribution of health care workers.,Nursing and midwifery professionals,M,Bizkaia,"Per 10,000 inhabitants",17.6
2010,Density and distribution of health care workers.,Nursing and midwifery professionals,M,Bizkaia,"Per 10,000 inhabitants",15.2
2014,Density and distribution of health care workers.,Nursing and midwifery professionals,M,Bizkaia,"Per 10,000 inhabitants",16.5
2012,Density and distribution of health care workers.,Nursing and midwifery professionals,M,Bizkaia,"Per 10,000 inhabitants",16.1
2021,Density and distribution of health care workers.,Nursing and midwifery professionals,M,Bizkaia,"Per 10,000 inhabitants",21.0
2013,Density and distribution of health care workers.,Nursing and midwifery professionals,M,Bizkaia,"Per 10,000 inhabitants",16.2
2019,Density and distribution of health care workers.,Nursing and midwifery professionals,M,Gipuzkoa,"Per 10,000 inhabitants",11.3
2014,Density and distribution of health care workers.,Nursing and midwifery professionals,M,Gipuzkoa,"Per 10,000 inhabitants",9.7
2020,Density and distribution of health care workers.,Nursing and midwifery professionals,M,Gipuzkoa,"Per 10,000 inhabitants",12.0
2022,Density and distribution of health care workers.,Nursing and midwifery professionals,M,Gipuzkoa,"Per 10,000 inhabitants",12.5
2010,Density and distribution of health care workers.,Nursing and midwifery professionals,M,Gipuzkoa,"Per 10,000 inhabitants",8.1
2016,Density and distribution of health care workers.,Nursing and midwifery professionals,M,Gipuzkoa,"Per 10,000 inhabitants",10.5
2012,Density and distribution of health care workers.,Nursing and midwifery professionals,M,Gipuzkoa,"Per 10,000 inhabitants",12.9
2018,Density and distribution of health care workers.,Nursing and midwifery professionals,M,Gipuzkoa,"Per 10,000 inhabitants",10.7
2021,Density and distribution of health care workers.,Nursing and midwifery professionals,M,Gipuzkoa,"Per 10,000 inhabitants",12.1
2013,Density and distribution of health care workers.,Nursing and midwifery professionals,M,Gipuzkoa,"Per 10,000 inhabitants",9.4
2017,Density and distribution of health care workers.,Nursing and midwifery professionals,M,Gipuzkoa,"Per 10,000 inhabitants",10.4
2015,Density and distribution of health care workers.,Nursing and midwifery professionals,M,Gipuzkoa,"Per 10,000 inhabitants",10.1
2011,Density and distribution of health care workers.,Nursing and midwifery professionals,M,Gipuzkoa,"Per 10,000 inhabitants",13.3
2023,Density and distribution of health care workers.,Nursing and midwifery professionals,M,Gipuzkoa,"Per 10,000 inhabitants",18.7
2012,Density and distribution of health care workers.,Dentist,,,"Per 10,000 inhabitants",7.6
2022,Density and distribution of health care workers.,Dentist,,,"Per 10,000 inhabitants",9.0
2010,Density and distribution of health care workers.,Dentist,,,"Per 10,000 inhabitants",7.3
2017,Density and distribution of health care workers.,Dentist,,,"Per 10,000 inhabitants",8.5
2014,Density and distribution of health care workers.,Dentist,,,"Per 10,000 inhabitants",7.9
2016,Density and distribution of health care workers.,Dentist,,,"Per 10,000 inhabitants",8.4
2011,Density and distribution of health care workers.,Dentist,,,"Per 10,000 inhabitants",7.4
2020,Density and distribution of health care workers.,Dentist,,,"Per 10,000 inhabitants",8.7
2021,Density and distribution of health care workers.,Dentist,,,"Per 10,000 inhabitants",9.0
2015,Density and distribution of health care workers.,Dentist,,,"Per 10,000 inhabitants",8.2
2019,Density and distribution of health care workers.,Dentist,,,"Per 10,000 inhabitants",8.7
2013,Density and distribution of health care workers.,Dentist,,,"Per 10,000 inhabitants",7.8
2023,Density and distribution of health care workers.,Dentist,,,"Per 10,000 inhabitants",9.1
2018,Density and distribution of health care workers.,Dentist,,,"Per 10,000 inhabitants",8.6
2022,Density and distribution of health care workers.,Dentist,,Araba/Álava,"Per 10,000 inhabitants",6.4
2013,Density and distribution of health care workers.,Dentist,,Araba/Álava,"Per 10,000 inhabitants",6.0
2023,Density and distribution of health care workers.,Dentist,,Araba/Álava,"Per 10,000 inhabitants",6.4
2017,Density and distribution of health care workers.,Dentist,,Araba/Álava,"Per 10,000 inhabitants",6.3
2011,Density and distribution of health care workers.,Dentist,,Araba/Álava,"Per 10,000 inhabitants",5.8
2021,Density and distribution of health care workers.,Dentist,,Araba/Álava,"Per 10,000 inhabitants",6.6
2015,Density and distribution of health care workers.,Dentist,,Araba/Álava,"Per 10,000 inhabitants",6.5
2014,Density and distribution of health care workers.,Dentist,,Araba/Álava,"Per 10,000 inhabitants",6.3
2020,Density and distribution of health care workers.,Dentist,,Araba/Álava,"Per 10,000 inhabitants",6.7
2010,Density and distribution of health care workers.,Dentist,,Araba/Álava,"Per 10,000 inhabitants",5.6
2016,Density and distribution of health care workers.,Dentist,,Araba/Álava,"Per 10,000 inhabitants",6.5
2012,Density and distribution of health care workers.,Dentist,,Araba/Álava,"Per 10,000 inhabitants",5.7
2018,Density and distribution of health care workers.,Dentist,,Araba/Álava,"Per 10,000 inhabitants",6.4
2019,Density and distribution of health care workers.,Dentist,,Araba/Álava,"Per 10,000 inhabitants",6.7
2023,Density and distribution of health care workers.,Dentist,,Bizkaia,"Per 10,000 inhabitants",9.3
2010,Density and distribution of health care workers.,Dentist,,Bizkaia,"Per 10,000 inhabitants",7.7
2016,Density and distribution of health care workers.,Dentist,,Bizkaia,"Per 10,000 inhabitants",8.7
2017,Density and distribution of health care workers.,Dentist,,Bizkaia,"Per 10,000 inhabitants",8.9
2022,Density and distribution of health care workers.,Dentist,,Bizkaia,"Per 10,000 inhabitants",9.3
2014,Density and distribution of health care workers.,Dentist,,Bizkaia,"Per 10,000 inhabitants",8.3
2020,Density and distribution of health care workers.,Dentist,,Bizkaia,"Per 10,000 inhabitants",9.1
2018,Density and distribution of health care workers.,Dentist,,Bizkaia,"Per 10,000 inhabitants",9.1
2012,Density and distribution of health care workers.,Dentist,,Bizkaia,"Per 10,000 inhabitants",7.9
2013,Density and distribution of health care workers.,Dentist,,Bizkaia,"Per 10,000 inhabitants",8.1
2019,Density and distribution of health care workers.,Dentist,,Bizkaia,"Per 10,000 inhabitants",9.1
2011,Density and distribution of health care workers.,Dentist,,Bizkaia,"Per 10,000 inhabitants",7.9
2015,Density and distribution of health care workers.,Dentist,,Bizkaia,"Per 10,000 inhabitants",8.5
2021,Density and distribution of health care workers.,Dentist,,Bizkaia,"Per 10,000 inhabitants",9.2
2020,Density and distribution of health care workers.,Dentist,,Gipuzkoa,"Per 10,000 inhabitants",9.1
2015,Density and distribution of health care workers.,Dentist,,Gipuzkoa,"Per 10,000 inhabitants",8.5
2012,Density and distribution of health care workers.,Dentist,,Gipuzkoa,"Per 10,000 inhabitants",8.0
2018,Density and distribution of health care workers.,Dentist,,Gipuzkoa,"Per 10,000 inhabitants",8.8
2014,Density and distribution of health care workers.,Dentist,,Gipuzkoa,"Per 10,000 inhabitants",8.0
2011,Density and distribution of health care workers.,Dentist,,Gipuzkoa,"Per 10,000 inhabitants",7.3
2016,Density and distribution of health care workers.,Dentist,,Gipuzkoa,"Per 10,000 inhabitants",8.7
2022,Density and distribution of health care workers.,Dentist,,Gipuzkoa,"Per 10,000 inhabitants",9.8
2019,Density and distribution of health care workers.,Dentist,,Gipuzkoa,"Per 10,000 inhabitants",8.9
2017,Density and distribution of health care workers.,Dentist,,Gipuzkoa,"Per 10,000 inhabitants",8.7
2021,Density and distribution of health care workers.,Dentist,,Gipuzkoa,"Per 10,000 inhabitants",9.7
2010,Density and distribution of health care workers.,Dentist,,Gipuzkoa,"Per 10,000 inhabitants",7.3
2013,Density and distribution of health care workers.,Dentist,,Gipuzkoa,"Per 10,000 inhabitants",8.1
2023,Density and distribution of health care workers.,Dentist,,Gipuzkoa,"Per 10,000 inhabitants",10.0
2020,Density and distribution of health care workers.,Dentist,F,,"Per 10,000 inhabitants",11.1
2022,Density and distribution of health care workers.,Dentist,F,,"Per 10,000 inhabitants",11.4
2013,Density and distribution of health care workers.,Dentist,F,,"Per 10,000 inhabitants",9.3
2014,Density and distribution of health care workers.,Dentist,F,,"Per 10,000 inhabitants",9.5
2016,Density and distribution of health care workers.,Dentist,F,,"Per 10,000 inhabitants",10.2
2011,Density and distribution of health care workers.,Dentist,F,,"Per 10,000 inhabitants",6.9
2015,Density and distribution of health care workers.,Dentist,F,,"Per 10,000 inhabitants",9.9
2021,Density and distribution of health care workers.,Dentist,F,,"Per 10,000 inhabitants",11.3
2012,Density and distribution of health care workers.,Dentist,F,,"Per 10,000 inhabitants",9.0
2018,Density and distribution of health care workers.,Dentist,F,,"Per 10,000 inhabitants",10.7
2019,Density and distribution of health care workers.,Dentist,F,,"Per 10,000 inhabitants",10.7
2017,Density and distribution of health care workers.,Dentist,F,,"Per 10,000 inhabitants",10.4
2010,Density and distribution of health care workers.,Dentist,F,,"Per 10,000 inhabitants",6.8
2023,Density and distribution of health care workers.,Dentist,F,,"Per 10,000 inhabitants",11.6
2016,Density and distribution of health care workers.,Dentist,F,Araba/Álava,"Per 10,000 inhabitants",8.3
2023,Density and distribution of health care workers.,Dentist,F,Araba/Álava,"Per 10,000 inhabitants",8.2
2011,Density and distribution of health care workers.,Dentist,F,Araba/Álava,"Per 10,000 inhabitants",5.6
2015,Density and distribution of health care workers.,Dentist,F,Araba/Álava,"Per 10,000 inhabitants",8.2
2019,Density and distribution of health care workers.,Dentist,F,Araba/Álava,"Per 10,000 inhabitants",8.5
2017,Density and distribution of health care workers.,Dentist,F,Araba/Álava,"Per 10,000 inhabitants",7.9
2010,Density and distribution of health care workers.,Dentist,F,Araba/Álava,"Per 10,000 inhabitants",5.4
2014,Density and distribution of health care workers.,Dentist,F,Araba/Álava,"Per 10,000 inhabitants",8.0
2012,Density and distribution of health care workers.,Dentist,F,Araba/Álava,"Per 10,000 inhabitants",7.2
2021,Density and distribution of health care workers.,Dentist,F,Araba/Álava,"Per 10,000 inhabitants",8.2
2013,Density and distribution of health care workers.,Dentist,F,Araba/Álava,"Per 10,000 inhabitants",7.7
2018,Density and distribution of health care workers.,Dentist,F,Araba/Álava,"Per 10,000 inhabitants",8.0
2022,Density and distribution of health care workers.,Dentist,F,Araba/Álava,"Per 10,000 inhabitants",8.1
2020,Density and distribution of health care workers.,Dentist,F,Araba/Álava,"Per 10,000 inhabitants",8.5
2010,Density and distribution of health care workers.,Dentist,F,Bizkaia,"Per 10,000 inhabitants",7.2
2020,Density and distribution of health care workers.,Dentist,F,Bizkaia,"Per 10,000 inhabitants",11.4
2023,Density and distribution of health care workers.,Dentist,F,Bizkaia,"Per 10,000 inhabitants",11.9
2018,Density and distribution of health care workers.,Dentist,F,Bizkaia,"Per 10,000 inhabitants",11.2
2022,Density and distribution of health care workers.,Dentist,F,Bizkaia,"Per 10,000 inhabitants",11.9
2021,Density and distribution of health care workers.,Dentist,F,Bizkaia,"Per 10,000 inhabitants",11.7
2013,Density and distribution of health care workers.,Dentist,F,Bizkaia,"Per 10,000 inhabitants",9.4
2011,Density and distribution of health care workers.,Dentist,F,Bizkaia,"Per 10,000 inhabitants",7.3
2014,Density and distribution of health care workers.,Dentist,F,Bizkaia,"Per 10,000 inhabitants",9.7
2015,Density and distribution of health care workers.,Dentist,F,Bizkaia,"Per 10,000 inhabitants",10.1
2016,Density and distribution of health care workers.,Dentist,F,Bizkaia,"Per 10,000 inhabitants",10.4
2012,Density and distribution of health care workers.,Dentist,F,Bizkaia,"Per 10,000 inhabitants",9.2
2019,Density and distribution of health care workers.,Dentist,F,Bizkaia,"Per 10,000 inhabitants",11.3
2017,Density and distribution of health care workers.,Dentist,F,Bizkaia,"Per 10,000 inhabitants",10.8
2023,Density and distribution of health care workers.,Dentist,F,Gipuzkoa,"Per 10,000 inhabitants",12.6
2017,Density and distribution of health care workers.,Dentist,F,Gipuzkoa,"Per 10,000 inhabitants",10.8
2013,Density and distribution of health care workers.,Dentist,F,Gipuzkoa,"Per 10,000 inhabitants",9.6
2014,Density and distribution of health care workers.,Dentist,F,Gipuzkoa,"Per 10,000 inhabitants",9.8
2010,Density and distribution of health care workers.,Dentist,F,Gipuzkoa,"Per 10,000 inhabitants",6.7
2022,Density and distribution of health care workers.,Dentist,F,Gipuzkoa,"Per 10,000 inhabitants",12.2
2019,Density and distribution of health care workers.,Dentist,F,Gipuzkoa,"Per 10,000 inhabitants",10.6
2011,Density and distribution of health care workers.,Dentist,F,Gipuzkoa,"Per 10,000 inhabitants",6.7
2015,Density and distribution of health care workers.,Dentist,F,Gipuzkoa,"Per 10,000 inhabitants",10.3
2016,Density and distribution of health care workers.,Dentist,F,Gipuzkoa,"Per 10,000 inhabitants",10.7
2021,Density and distribution of health care workers.,Dentist,F,Gipuzkoa,"Per 10,000 inhabitants",12.1
2018,Density and distribution of health care workers.,Dentist,F,Gipuzkoa,"Per 10,000 inhabitants",11.1
2020,Density and distribution of health care workers.,Dentist,F,Gipuzkoa,"Per 10,000 inhabitants",11.8
2012,Density and distribution of health care workers.,Dentist,F,Gipuzkoa,"Per 10,000 inhabitants",9.5
2011,Density and distribution of health care workers.,Dentist,M,,"Per 10,000 inhabitants",7.9
2018,Density and distribution of health care workers.,Dentist,M,,"Per 10,000 inhabitants",6.4
2010,Density and distribution of health care workers.,Dentist,M,,"Per 10,000 inhabitants",7.8
2023,Density and distribution of health care workers.,Dentist,M,,"Per 10,000 inhabitants",6.4
2015,Density and distribution of health care workers.,Dentist,M,,"Per 10,000 inhabitants",6.4
2014,Density and distribution of health care workers.,Dentist,M,,"Per 10,000 inhabitants",6.2
2019,Density and distribution of health care workers.,Dentist,M,,"Per 10,000 inhabitants",6.6
2016,Density and distribution of health care workers.,Dentist,M,,"Per 10,000 inhabitants",6.4
2021,Density and distribution of health care workers.,Dentist,M,,"Per 10,000 inhabitants",6.5
2012,Density and distribution of health care workers.,Dentist,M,,"Per 10,000 inhabitants",6.1
2022,Density and distribution of health care workers.,Dentist,M,,"Per 10,000 inhabitants",6.5
2020,Density and distribution of health care workers.,Dentist,M,,"Per 10,000 inhabitants",6.2
2013,Density and distribution of health care workers.,Dentist,M,,"Per 10,000 inhabitants",6.2
2017,Density and distribution of health care workers.,Dentist,M,,"Per 10,000 inhabitants",6.4
2014,Density and distribution of health care workers.,Dentist,M,Araba/Álava,"Per 10,000 inhabitants",4.5
2021,Density and distribution of health care workers.,Dentist,M,Araba/Álava,"Per 10,000 inhabitants",5.0
2018,Density and distribution of health care workers.,Dentist,M,Araba/Álava,"Per 10,000 inhabitants",4.7
2022,Density and distribution of health care workers.,Dentist,M,Araba/Álava,"Per 10,000 inhabitants",4.7
2016,Density and distribution of health care workers.,Dentist,M,Araba/Álava,"Per 10,000 inhabitants",4.7
2012,Density and distribution of health care workers.,Dentist,M,Araba/Álava,"Per 10,000 inhabitants",4.2
2015,Density and distribution of health care workers.,Dentist,M,Araba/Álava,"Per 10,000 inhabitants",4.7
2013,Density and distribution of health care workers.,Dentist,M,Araba/Álava,"Per 10,000 inhabitants",4.3
2017,Density and distribution of health care workers.,Dentist,M,Araba/Álava,"Per 10,000 inhabitants",4.6
2019,Density and distribution of health care workers.,Dentist,M,Araba/Álava,"Per 10,000 inhabitants",5.0
2011,Density and distribution of health care workers.,Dentist,M,Araba/Álava,"Per 10,000 inhabitants",6.0
2020,Density and distribution of health care workers.,Dentist,M,Araba/Álava,"Per 10,000 inhabitants",4.9
2010,Density and distribution of health care workers.,Dentist,M,Araba/Álava,"Per 10,000 inhabitants",5.9
2023,Density and distribution of health care workers.,Dentist,M,Araba/Álava,"Per 10,000 inhabitants",4.6
2011,Density and distribution of health care workers.,Dentist,M,Bizkaia,"Per 10,000 inhabitants",8.4
2013,Density and distribution of health care workers.,Dentist,M,Bizkaia,"Per 10,000 inhabitants",6.6
2021,Density and distribution of health care workers.,Dentist,M,Bizkaia,"Per 10,000 inhabitants",6.5
2018,Density and distribution of health care workers.,Dentist,M,Bizkaia,"Per 10,000 inhabitants",6.8
2022,Density and distribution of health care workers.,Dentist,M,Bizkaia,"Per 10,000 inhabitants",6.5
2020,Density and distribution of health care workers.,Dentist,M,Bizkaia,"Per 10,000 inhabitants",6.5
2015,Density and distribution of health care workers.,Dentist,M,Bizkaia,"Per 10,000 inhabitants",6.8
2023,Density and distribution of health care workers.,Dentist,M,Bizkaia,"Per 10,000 inhabitants",6.4
2014,Density and distribution of health care workers.,Dentist,M,Bizkaia,"Per 10,000 inhabitants",6.7
2010,Density and distribution of health care workers.,Dentist,M,Bizkaia,"Per 10,000 inhabitants",8.3
2012,Density and distribution of health care workers.,Dentist,M,Bizkaia,"Per 10,000 inhabitants",6.4
2016,Density and distribution of health care workers.,Dentist,M,Bizkaia,"Per 10,000 inhabitants",6.8
2019,Density and distribution of health care workers.,Dentist,M,Bizkaia,"Per 10,000 inhabitants",6.8
2017,Density and distribution of health care workers.,Dentist,M,Bizkaia,"Per 10,000 inhabitants",6.9
2020,Density and distribution of health care workers.,Dentist,M,Gipuzkoa,"Per 10,000 inhabitants",6.4
2014,Density and distribution of health care workers.,Dentist,M,Gipuzkoa,"Per 10,000 inhabitants",6.1
2021,Density and distribution of health care workers.,Dentist,M,Gipuzkoa,"Per 10,000 inhabitants",7.2
2017,Density and distribution of health care workers.,Dentist,M,Gipuzkoa,"Per 10,000 inhabitants",6.5
2019,Density and distribution of health care workers.,Dentist,M,Gipuzkoa,"Per 10,000 inhabitants",7.0
2015,Density and distribution of health care workers.,Dentist,M,Gipuzkoa,"Per 10,000 inhabitants",6.6
2013,Density and distribution of health care workers.,Dentist,M,Gipuzkoa,"Per 10,000 inhabitants",6.5
2023,Density and distribution of health care workers.,Dentist,M,Gipuzkoa,"Per 10,000 inhabitants",7.3
2011,Density and distribution of health care workers.,Dentist,M,Gipuzkoa,"Per 10,000 inhabitants",8.0
2022,Density and distribution of health care workers.,Dentist,M,Gipuzkoa,"Per 10,000 inhabitants",7.3
2018,Density and distribution of health care workers.,Dentist,M,Gipuzkoa,"Per 10,000 inhabitants",6.5
2012,Density and distribution of health care workers.,Dentist,M,Gipuzkoa,"Per 10,000 inhabitants",6.5
2016,Density and distribution of health care workers.,Dentist,M,Gipuzkoa,"Per 10,000 inhabitants",6.6
2010,Density and distribution of health care workers.,Dentist,M,Gipuzkoa,"Per 10,000 inhabitants",7.9
2019,Density and distribution of health care workers.,Pharmacist,,,"Per 10,000 inhabitants",16.0
2022,Density and distribution of health care workers.,Pharmacist,,,"Per 10,000 inhabitants",16.8
2015,Density and distribution of health care workers.,Pharmacist,,,"Per 10,000 inhabitants",14.9
2020,Density and distribution of health care workers.,Pharmacist,,,"Per 10,000 inhabitants",16.2
2021,Density and distribution of health care workers.,Pharmacist,,,"Per 10,000 inhabitants",16.4
2017,Density and distribution of health care workers.,Pharmacist,,,"Per 10,000 inhabitants",15.6
2013,Density and distribution of health care workers.,Pharmacist,,,"Per 10,000 inhabitants",14.4
2010,Density and distribution of health care workers.,Pharmacist,,,"Per 10,000 inhabitants",13.6
2014,Density and distribution of health care workers.,Pharmacist,,,"Per 10,000 inhabitants",14.7
2018,Density and distribution of health care workers.,Pharmacist,,,"Per 10,000 inhabitants",15.9
2011,Density and distribution of health care workers.,Pharmacist,,,"Per 10,000 inhabitants",13.8
2023,Density and distribution of health care workers.,Pharmacist,,,"Per 10,000 inhabitants",16.7
2012,Density and distribution of health care workers.,Pharmacist,,,"Per 10,000 inhabitants",14.1
2016,Density and distribution of health care workers.,Pharmacist,,,"Per 10,000 inhabitants",15.4
2012,Density and distribution of health care workers.,Pharmacist,,Araba/Álava,"Per 10,000 inhabitants",14.4
2022,Density and distribution of health care workers.,Pharmacist,,Araba/Álava,"Per 10,000 inhabitants",17.3
2023,Density and distribution of health care workers.,Pharmacist,,Araba/Álava,"Per 10,000 inhabitants",17.1
2018,Density and distribution of health care workers.,Pharmacist,,Araba/Álava,"Per 10,000 inhabitants",16.0
2016,Density and distribution of health care workers.,Pharmacist,,Araba/Álava,"Per 10,000 inhabitants",15.7
2013,Density and distribution of health care workers.,Pharmacist,,Araba/Álava,"Per 10,000 inhabitants",14.7
2017,Density and distribution of health care workers.,Pharmacist,,Araba/Álava,"Per 10,000 inhabitants",15.8
2020,Density and distribution of health care workers.,Pharmacist,,Araba/Álava,"Per 10,000 inhabitants",16.5
2021,Density and distribution of health care workers.,Pharmacist,,Araba/Álava,"Per 10,000 inhabitants",16.5
2010,Density and distribution of health care workers.,Pharmacist,,Araba/Álava,"Per 10,000 inhabitants",13.8
2015,Density and distribution of health care workers.,Pharmacist,,Araba/Álava,"Per 10,000 inhabitants",15.2
2014,Density and distribution of health care workers.,Pharmacist,,Araba/Álava,"Per 10,000 inhabitants",15.0
2011,Density and distribution of health care workers.,Pharmacist,,Araba/Álava,"Per 10,000 inhabitants",14.1
2019,Density and distribution of health care workers.,Pharmacist,,Araba/Álava,"Per 10,000 inhabitants",16.2
2021,Density and distribution of health care workers.,Pharmacist,,Bizkaia,"Per 10,000 inhabitants",16.4
2017,Density and distribution of health care workers.,Pharmacist,,Bizkaia,"Per 10,000 inhabitants",15.8
2013,Density and distribution of health care workers.,Pharmacist,,Bizkaia,"Per 10,000 inhabitants",14.5
2011,Density and distribution of health care workers.,Pharmacist,,Bizkaia,"Per 10,000 inhabitants",14.1
2012,Density and distribution of health care workers.,Pharmacist,,Bizkaia,"Per 10,000 inhabitants",14.2
2014,Density and distribution of health care workers.,Pharmacist,,Bizkaia,"Per 10,000 inhabitants",14.8
2020,Density and distribution of health care workers.,Pharmacist,,Bizkaia,"Per 10,000 inhabitants",16.1
2015,Density and distribution of health care workers.,Pharmacist,,Bizkaia,"Per 10,000 inhabitants",15.2
2016,Density and distribution of health care workers.,Pharmacist,,Bizkaia,"Per 10,000 inhabitants",15.6
2019,Density and distribution of health care workers.,Pharmacist,,Bizkaia,"Per 10,000 inhabitants",16.0
2010,Density and distribution of health care workers.,Pharmacist,,Bizkaia,"Per 10,000 inhabitants",14.0
2018,Density and distribution of health care workers.,Pharmacist,,Bizkaia,"Per 10,000 inhabitants",16.0
2022,Density and distribution of health care workers.,Pharmacist,,Bizkaia,"Per 10,000 inhabitants",16.6
2023,Density and distribution of health care workers.,Pharmacist,,Bizkaia,"Per 10,000 inhabitants",16.5
2019,Density and distribution of health care workers.,Pharmacist,,Gipuzkoa,"Per 10,000 inhabitants",15.9
2011,Density and distribution of health care workers.,Pharmacist,,Gipuzkoa,"Per 10,000 inhabitants",13.3
2023,Density and distribution of health care workers.,Pharmacist,,Gipuzkoa,"Per 10,000 inhabitants",16.8
2015,Density and distribution of health care workers.,Pharmacist,,Gipuzkoa,"Per 10,000 inhabitants",14.5
2014,Density and distribution of health care workers.,Pharmacist,,Gipuzkoa,"Per 10,000 inhabitants",14.5
2010,Density and distribution of health care workers.,Pharmacist,,Gipuzkoa,"Per 10,000 inhabitants",12.9
2021,Density and distribution of health care workers.,Pharmacist,,Gipuzkoa,"Per 10,000 inhabitants",16.3
2013,Density and distribution of health care workers.,Pharmacist,,Gipuzkoa,"Per 10,000 inhabitants",14.0
2018,Density and distribution of health care workers.,Pharmacist,,Gipuzkoa,"Per 10,000 inhabitants",15.7
2012,Density and distribution of health care workers.,Pharmacist,,Gipuzkoa,"Per 10,000 inhabitants",13.7
2020,Density and distribution of health care workers.,Pharmacist,,Gipuzkoa,"Per 10,000 inhabitants",16.3
2016,Density and distribution of health care workers.,Pharmacist,,Gipuzkoa,"Per 10,000 inhabitants",14.9
2017,Density and distribution of health care workers.,Pharmacist,,Gipuzkoa,"Per 10,000 inhabitants",15.2
2022,Density and distribution of health care workers.,Pharmacist,,Gipuzkoa,"Per 10,000 inhabitants",16.9
2018,Density and distribution of health care workers.,Pharmacist,F,,"Per 10,000 inhabitants",24.7
2016,Density and distribution of health care workers.,Pharmacist,F,,"Per 10,000 inhabitants",23.9
2020,Density and distribution of health care workers.,Pharmacist,F,,"Per 10,000 inhabitants",25.3
2013,Density and distribution of health care workers.,Pharmacist,F,,"Per 10,000 inhabitants",22.4
2015,Density and distribution of health care workers.,Pharmacist,F,,"Per 10,000 inhabitants",23.3
2012,Density and distribution of health care workers.,Pharmacist,F,,"Per 10,000 inhabitants",21.9
2014,Density and distribution of health care workers.,Pharmacist,F,,"Per 10,000 inhabitants",22.9
2010,Density and distribution of health care workers.,Pharmacist,F,,"Per 10,000 inhabitants",21.3
2019,Density and distribution of health care workers.,Pharmacist,F,,"Per 10,000 inhabitants",24.9
2017,Density and distribution of health care workers.,Pharmacist,F,,"Per 10,000 inhabitants",24.4
2011,Density and distribution of health care workers.,Pharmacist,F,,"Per 10,000 inhabitants",21.7
2021,Density and distribution of health care workers.,Pharmacist,F,,"Per 10,000 inhabitants",25.7
2023,Density and distribution of health care workers.,Pharmacist,F,,"Per 10,000 inhabitants",26.1
2022,Density and distribution of health care workers.,Pharmacist,F,,"Per 10,000 inhabitants",26.3
2011,Density and distribution of health care workers.,Pharmacist,F,Araba/Álava,"Per 10,000 inhabitants",22.1
2015,Density and distribution of health care workers.,Pharmacist,F,Araba/Álava,"Per 10,000 inhabitants",23.2
2021,Density and distribution of health care workers.,Pharmacist,F,Araba/Álava,"Per 10,000 inhabitants",25.4
2010,Density and distribution of health care workers.,Pharmacist,F,Araba/Álava,"Per 10,000 inhabitants",21.2
2013,Density and distribution of health care workers.,Pharmacist,F,Araba/Álava,"Per 10,000 inhabitants",22.8
2023,Density and distribution of health care workers.,Pharmacist,F,Araba/Álava,"Per 10,000 inhabitants",27.0
2020,Density and distribution of health care workers.,Pharmacist,F,Araba/Álava,"Per 10,000 inhabitants",25.4
2012,Density and distribution of health care workers.,Pharmacist,F,Araba/Álava,"Per 10,000 inhabitants",22.5
2017,Density and distribution of health care workers.,Pharmacist,F,Araba/Álava,"Per 10,000 inhabitants",24.1
2014,Density and distribution of health care workers.,Pharmacist,F,Araba/Álava,"Per 10,000 inhabitants",23.4
2016,Density and distribution of health care workers.,Pharmacist,F,Araba/Álava,"Per 10,000 inhabitants",23.8
2022,Density and distribution of health care workers.,Pharmacist,F,Araba/Álava,"Per 10,000 inhabitants",27.4
2019,Density and distribution of health care workers.,Pharmacist,F,Araba/Álava,"Per 10,000 inhabitants",24.7
2018,Density and distribution of health care workers.,Pharmacist,F,Araba/Álava,"Per 10,000 inhabitants",24.3
2013,Density and distribution of health care workers.,Pharmacist,F,Bizkaia,"Per 10,000 inhabitants",22.5
2019,Density and distribution of health care workers.,Pharmacist,F,Bizkaia,"Per 10,000 inhabitants",24.8
2014,Density and distribution of health care workers.,Pharmacist,F,Bizkaia,"Per 10,000 inhabitants",22.9
2016,Density and distribution of health care workers.,Pharmacist,F,Bizkaia,"Per 10,000 inhabitants",24.2
2023,Density and distribution of health care workers.,Pharmacist,F,Bizkaia,"Per 10,000 inhabitants",25.4
2020,Density and distribution of health care workers.,Pharmacist,F,Bizkaia,"Per 10,000 inhabitants",24.9
2022,Density and distribution of health care workers.,Pharmacist,F,Bizkaia,"Per 10,000 inhabitants",25.8
2018,Density and distribution of health care workers.,Pharmacist,F,Bizkaia,"Per 10,000 inhabitants",24.8
2015,Density and distribution of health care workers.,Pharmacist,F,Bizkaia,"Per 10,000 inhabitants",23.5
2017,Density and distribution of health care workers.,Pharmacist,F,Bizkaia,"Per 10,000 inhabitants",24.4
2010,Density and distribution of health care workers.,Pharmacist,F,Bizkaia,"Per 10,000 inhabitants",21.9
2011,Density and distribution of health care workers.,Pharmacist,F,Bizkaia,"Per 10,000 inhabitants",22.1
2012,Density and distribution of health care workers.,Pharmacist,F,Bizkaia,"Per 10,000 inhabitants",22.1
2021,Density and distribution of health care workers.,Pharmacist,F,Bizkaia,"Per 10,000 inhabitants",25.4
2011,Density and distribution of health care workers.,Pharmacist,F,Gipuzkoa,"Per 10,000 inhabitants",20.8
2012,Density and distribution of health care workers.,Pharmacist,F,Gipuzkoa,"Per 10,000 inhabitants",21.4
2020,Density and distribution of health care workers.,Pharmacist,F,Gipuzkoa,"Per 10,000 inhabitants",25.8
2014,Density and distribution of health care workers.,Pharmacist,F,Gipuzkoa,"Per 10,000 inhabitants",22.7
2021,Density and distribution of health care workers.,Pharmacist,F,Gipuzkoa,"Per 10,000 inhabitants",26.3
2018,Density and distribution of health care workers.,Pharmacist,F,Gipuzkoa,"Per 10,000 inhabitants",24.9
2022,Density and distribution of health care workers.,Pharmacist,F,Gipuzkoa,"Per 10,000 inhabitants",26.7
2013,Density and distribution of health care workers.,Pharmacist,F,Gipuzkoa,"Per 10,000 inhabitants",21.9
2023,Density and distribution of health care workers.,Pharmacist,F,Gipuzkoa,"Per 10,000 inhabitants",26.8
2017,Density and distribution of health care workers.,Pharmacist,F,Gipuzkoa,"Per 10,000 inhabitants",24.5
2010,Density and distribution of health care workers.,Pharmacist,F,Gipuzkoa,"Per 10,000 inhabitants",20.3
2016,Density and distribution of health care workers.,Pharmacist,F,Gipuzkoa,"Per 10,000 inhabitants",23.5
2015,Density and distribution of health care workers.,Pharmacist,F,Gipuzkoa,"Per 10,000 inhabitants",23.0
2019,Density and distribution of health care workers.,Pharmacist,F,Gipuzkoa,"Per 10,000 inhabitants",25.2
2018,Density and distribution of health care workers.,Pharmacist,M,,"Per 10,000 inhabitants",6.6
2016,Density and distribution of health care workers.,Pharmacist,M,,"Per 10,000 inhabitants",6.3
2013,Density and distribution of health care workers.,Pharmacist,M,,"Per 10,000 inhabitants",6.0
2017,Density and distribution of health care workers.,Pharmacist,M,,"Per 10,000 inhabitants",6.3
2022,Density and distribution of health care workers.,Pharmacist,M,,"Per 10,000 inhabitants",6.7
2020,Density and distribution of health care workers.,Pharmacist,M,,"Per 10,000 inhabitants",6.7
2021,Density and distribution of health care workers.,Pharmacist,M,,"Per 10,000 inhabitants",6.5
2019,Density and distribution of health care workers.,Pharmacist,M,,"Per 10,000 inhabitants",6.5
2015,Density and distribution of health care workers.,Pharmacist,M,,"Per 10,000 inhabitants",6.1
2014,Density and distribution of health care workers.,Pharmacist,M,,"Per 10,000 inhabitants",6.1
2010,Density and distribution of health care workers.,Pharmacist,M,,"Per 10,000 inhabitants",5.6
2011,Density and distribution of health care workers.,Pharmacist,M,,"Per 10,000 inhabitants",5.6
2012,Density and distribution of health care workers.,Pharmacist,M,,"Per 10,000 inhabitants",5.9
2023,Density and distribution of health care workers.,Pharmacist,M,,"Per 10,000 inhabitants",6.7
2022,Density and distribution of health care workers.,Pharmacist,M,Araba/Álava,"Per 10,000 inhabitants",6.8
2021,Density and distribution of health care workers.,Pharmacist,M,Araba/Álava,"Per 10,000 inhabitants",7.2
2013,Density and distribution of health care workers.,Pharmacist,M,Araba/Álava,"Per 10,000 inhabitants",6.5
2017,Density and distribution of health care workers.,Pharmacist,M,Araba/Álava,"Per 10,000 inhabitants",7.2
2019,Density and distribution of health care workers.,Pharmacist,M,Araba/Álava,"Per 10,000 inhabitants",7.4
2014,Density and distribution of health care workers.,Pharmacist,M,Araba/Álava,"Per 10,000 inhabitants",6.4
2018,Density and distribution of health care workers.,Pharmacist,M,Araba/Álava,"Per 10,000 inhabitants",7.4
2011,Density and distribution of health care workers.,Pharmacist,M,Araba/Álava,"Per 10,000 inhabitants",6.0
2010,Density and distribution of health care workers.,Pharmacist,M,Araba/Álava,"Per 10,000 inhabitants",6.3
2023,Density and distribution of health care workers.,Pharmacist,M,Araba/Álava,"Per 10,000 inhabitants",6.8
2016,Density and distribution of health care workers.,Pharmacist,M,Araba/Álava,"Per 10,000 inhabitants",7.4
2015,Density and distribution of health care workers.,Pharmacist,M,Araba/Álava,"Per 10,000 inhabitants",6.9
2020,Density and distribution of health care workers.,Pharmacist,M,Araba/Álava,"Per 10,000 inhabitants",7.4
2012,Density and distribution of health care workers.,Pharmacist,M,Araba/Álava,"Per 10,000 inhabitants",6.4
2017,Density and distribution of health care workers.,Pharmacist,M,Bizkaia,"Per 10,000 inhabitants",6.5
2021,Density and distribution of health care workers.,Pharmacist,M,Bizkaia,"Per 10,000 inhabitants",6.7
2013,Density and distribution of health care workers.,Pharmacist,M,Bizkaia,"Per 10,000 inhabitants",6.0
2018,Density and distribution of health care workers.,Pharmacist,M,Bizkaia,"Per 10,000 inhabitants",6.6
2012,Density and distribution of health care workers.,Pharmacist,M,Bizkaia,"Per 10,000 inhabitants",5.8
2016,Density and distribution of health care workers.,Pharmacist,M,Bizkaia,"Per 10,000 inhabitants",6.4
2020,Density and distribution of health care workers.,Pharmacist,M,Bizkaia,"Per 10,000 inhabitants",6.6
2014,Density and distribution of health care workers.,Pharmacist,M,Bizkaia,"Per 10,000 inhabitants",6.1
2010,Density and distribution of health care workers.,Pharmacist,M,Bizkaia,"Per 10,000 inhabitants",5.5
2019,Density and distribution of health care workers.,Pharmacist,M,Bizkaia,"Per 10,000 inhabitants",6.5
2023,Density and distribution of health care workers.,Pharmacist,M,Bizkaia,"Per 10,000 inhabitants",7.0
2022,Density and distribution of health care workers.,Pharmacist,M,Bizkaia,"Per 10,000 inhabitants",6.7
2011,Density and distribution of health care workers.,Pharmacist,M,Bizkaia,"Per 10,000 inhabitants",5.5
2015,Density and distribution of health care workers.,Pharmacist,M,Bizkaia,"Per 10,000 inhabitants",6.3
2017,Density and distribution of health care workers.,Pharmacist,M,Gipuzkoa,"Per 10,000 inhabitants",5.6
2012,Density and distribution of health care workers.,Pharmacist,M,Gipuzkoa,"Per 10,000 inhabitants",5.7
2010,Density and distribution of health care workers.,Pharmacist,M,Gipuzkoa,"Per 10,000 inhabitants",5.3
2013,Density and distribution of health care workers.,Pharmacist,M,Gipuzkoa,"Per 10,000 inhabitants",5.7
2019,Density and distribution of health care workers.,Pharmacist,M,Gipuzkoa,"Per 10,000 inhabitants",6.1
2011,Density and distribution of health care workers.,Pharmacist,M,Gipuzkoa,"Per 10,000 inhabitants",5.4
2015,Density and distribution of health care workers.,Pharmacist,M,Gipuzkoa,"Per 10,000 inhabitants",5.6
2023,Density and distribution of health care workers.,Pharmacist,M,Gipuzkoa,"Per 10,000 inhabitants",6.3
2014,Density and distribution of health care workers.,Pharmacist,M,Gipuzkoa,"Per 10,000 inhabitants",5.9
2018,Density and distribution of health care workers.,Pharmacist,M,Gipuzkoa,"Per 10,000 inhabitants",6.2
2022,Density and distribution of health care workers.,Pharmacist,M,Gipuzkoa,"Per 10,000 inhabitants",6.6
2021,Density and distribution of health care workers.,Pharmacist,M,Gipuzkoa,"Per 10,000 inhabitants",5.8
2020,Density and distribution of health care workers.,Pharmacist,M,Gipuzkoa,"Per 10,000 inhabitants",6.4
2016,Density and distribution of health care workers.,Pharmacist,M,Gipuzkoa,"Per 10,000 inhabitants",5.8
