Year,Sex,Province,County,Municipality,Units,GeoCode,Value
2022,,,,,%,,96.8
2021,,,,,%,,99.7
2023,,,,,%,,100.0
2021,,,,Abadiño,%,Abadiño,100.0
2022,,,,Abadiño,%,Abadiño,97.3
2023,,,,Abadiño,%,Abadiño,100.0
2023,,,,Abaltzisketa,%,Abaltzisketa,100.0
2022,,,,Abaltzisketa,%,Abaltzisketa,100.0
2023,,,,Abanto y Ciérvana-Abanto Zierbena,%,Abanto y Ciérvana-Abanto Zierbena,100.0
2021,,,,Abanto y Ciérvana-Abanto Zierbena,%,Abanto y Ciérvana-Abanto Zierbena,100.0
2022,,,,Abanto y Ciérvana-Abanto Zierbena,%,Abanto y Ciérvana-Abanto Zierbena,95.7
2021,,,,Aduna,%,Aduna,100.0
2022,,,,Aduna,%,Aduna,100.0
2023,,,,Aduna,%,Aduna,100.0
2023,,,,Agurain/Salvatierra,%,Agurain/Salvatierra,100.0
2021,,,,Agurain/Salvatierra,%,Agurain/Salvatierra,100.0
2022,,,,Agurain/Salvatierra,%,Agurain/Salvatierra,93.8
2021,,,,Aia,%,Aia,100.0
2023,,,,Aia,%,Aia,100.0
2022,,,,Aia,%,Aia,95.8
2023,,,,Aizarnazabal,%,Aizarnazabal,100.0
2021,,,,Aizarnazabal,%,Aizarnazabal,100.0
2022,,,,Aizarnazabal,%,Aizarnazabal,100.0
2021,,,,Ajangiz,%,Ajangiz,100.0
2023,,,,Ajangiz,%,Ajangiz,100.0
2022,,,,Ajangiz,%,Ajangiz,100.0
2021,,,,Albiztur,%,Albiztur,100.0
2023,,,,Albiztur,%,Albiztur,100.0
2022,,,,Albiztur,%,Albiztur,100.0
2021,,,,Alegia,%,Alegia,100.0
2022,,,,Alegia,%,Alegia,100.0
2023,,,,Alegia,%,Alegia,100.0
2021,,,,Alegría-Dulantzi,%,Alegría-Dulantzi,100.0
2023,,,,Alegría-Dulantzi,%,Alegría-Dulantzi,100.0
2022,,,,Alegría-Dulantzi,%,Alegría-Dulantzi,97.2
2021,,,,Alkiza,%,Alkiza,100.0
2023,,,,Alkiza,%,Alkiza,100.0
2022,,,,Alkiza,%,Alkiza,100.0
2021,,,,Alonsotegi,%,Alonsotegi,100.0
2022,,,,Alonsotegi,%,Alonsotegi,100.0
2023,,,,Alonsotegi,%,Alonsotegi,100.0
2023,,,,Altzaga,%,Altzaga,100.0
2022,,,,Altzaga,%,Altzaga,100.0
2021,,,,Altzaga,%,Altzaga,100.0
2022,,,,Altzo,%,Altzo,100.0
2021,,,,Altzo,%,Altzo,100.0
2023,,,,Altzo,%,Altzo,100.0
2022,,,,Amezketa,%,Amezketa,100.0
2021,,,,Amezketa,%,Amezketa,100.0
2023,,,,Amezketa,%,Amezketa,100.0
2021,,,,Amorebieta-Etxano,%,Amorebieta-Etxano,100.0
2022,,,,Amorebieta-Etxano,%,Amorebieta-Etxano,97.5
2023,,,,Amorebieta-Etxano,%,Amorebieta-Etxano,100.0
2023,,,,Amoroto,%,Amoroto,100.0
2022,,,,Amoroto,%,Amoroto,100.0
2023,,,,Amurrio,%,Amurrio,100.0
2022,,,,Amurrio,%,Amurrio,100.0
2021,,,,Amurrio,%,Amurrio,100.0
2022,,,,Andoain,%,Andoain,96.8
2023,,,,Andoain,%,Andoain,100.0
2021,,,,Andoain,%,Andoain,100.0
2022,,,,Anoeta,%,Anoeta,100.0
2023,,,,Anoeta,%,Anoeta,100.0
2021,,,,Anoeta,%,Anoeta,100.0
2021,,,,Antzuola,%,Antzuola,100.0
2022,,,,Antzuola,%,Antzuola,100.0
2023,,,,Antzuola,%,Antzuola,100.0
2022,,,,Añana,%,Añana,100.0
2022,,,,Arakaldo,%,Arakaldo,100.0
2023,,,,Arakaldo,%,Arakaldo,100.0
2021,,,,Arakaldo,%,Arakaldo,100.0
2021,,,,Arama,%,Arama,100.0
2023,,,,Arama,%,Arama,100.0
2022,,,,Arama,%,Arama,100.0
2023,,,,Aramaio,%,Aramaio,100.0
2022,,,,Aramaio,%,Aramaio,100.0
2021,,,,Aramaio,%,Aramaio,100.0
2023,,,,Arantzazu,%,Arantzazu,100.0
2022,,,,Arantzazu,%,Arantzazu,100.0
2021,,,,Arantzazu,%,Arantzazu,100.0
2023,,,,Areatza,%,Areatza,100.0
2021,,,,Areatza,%,Areatza,100.0
2022,,,,Areatza,%,Areatza,100.0
2023,,,,Aretxabaleta,%,Aretxabaleta,100.0
2022,,,,Aretxabaleta,%,Aretxabaleta,100.0
2021,,,,Aretxabaleta,%,Aretxabaleta,98.6
2023,,,,Armiñón,%,Armiñón,100.0
2021,,,,Armiñón,%,Armiñón,100.0
2022,,,,Armiñón,%,Armiñón,100.0
2023,,,,Arraia-Maeztu,%,Arraia-Maeztu,100.0
2022,,,,Arraia-Maeztu,%,Arraia-Maeztu,100.0
2021,,,,Arraia-Maeztu,%,Arraia-Maeztu,100.0
2022,,,,Arrankudiaga-Zollo,%,Arrankudiaga-Zollo,100.0
2023,,,,Arrankudiaga-Zollo,%,Arrankudiaga-Zollo,100.0
2021,,,,Arrankudiaga-Zollo,%,Arrankudiaga-Zollo,100.0
2021,,,,Arrasate/Mondragón,%,Arrasate/Mondragón,99.5
2023,,,,Arrasate/Mondragón,%,Arrasate/Mondragón,100.0
2022,,,,Arrasate/Mondragón,%,Arrasate/Mondragón,97.2
2021,,,,Arratzu,%,Arratzu,100.0
2023,,,,Arratzu,%,Arratzu,100.0
2022,,,,Arratzu,%,Arratzu,100.0
2023,,,,Arratzua-Ubarrundia,%,Arratzua-Ubarrundia,100.0
2022,,,,Arratzua-Ubarrundia,%,Arratzua-Ubarrundia,100.0
2021,,,,Arratzua-Ubarrundia,%,Arratzua-Ubarrundia,100.0
2021,,,,Arrieta,%,Arrieta,100.0
2023,,,,Arrieta,%,Arrieta,100.0
2022,,,,Arrieta,%,Arrieta,100.0
2022,,,,Arrigorriaga,%,Arrigorriaga,95.3
2023,,,,Arrigorriaga,%,Arrigorriaga,100.0
2021,,,,Arrigorriaga,%,Arrigorriaga,100.0
2021,,,,Artea,%,Artea,100.0
2023,,,,Artea,%,Artea,100.0
2022,,,,Artea,%,Artea,100.0
2023,,,,Artzentales,%,Artzentales,100.0
2021,,,,Artzentales,%,Artzentales,100.0
2022,,,,Artzentales,%,Artzentales,100.0
2023,,,,Artziniega,%,Artziniega,100.0
2022,,,,Artziniega,%,Artziniega,95.5
2021,,,,Artziniega,%,Artziniega,100.0
2021,,,,Asparrena,%,Asparrena,100.0
2023,,,,Asparrena,%,Asparrena,100.0
2022,,,,Asparrena,%,Asparrena,76.9
2021,,,,Asteasu,%,Asteasu,91.7
2023,,,,Asteasu,%,Asteasu,100.0
2022,,,,Asteasu,%,Asteasu,100.0
2023,,,,Astigarraga,%,Astigarraga,100.0
2022,,,,Astigarraga,%,Astigarraga,100.0
2021,,,,Astigarraga,%,Astigarraga,99.0
2022,,,,Ataun,%,Ataun,100.0
2021,,,,Ataun,%,Ataun,100.0
2023,,,,Ataun,%,Ataun,100.0
2022,,,,Atxondo,%,Atxondo,83.3
2023,,,,Atxondo,%,Atxondo,100.0
2021,,,,Atxondo,%,Atxondo,100.0
2021,,,,Aulesti,%,Aulesti,100.0
2022,,,,Aulesti,%,Aulesti,88.9
2023,,,,Aulesti,%,Aulesti,100.0
2022,,,,Ayala/Aiara,%,Ayala/Aiara,96.3
2023,,,,Ayala/Aiara,%,Ayala/Aiara,100.0
2021,,,,Ayala/Aiara,%,Ayala/Aiara,100.0
2022,,,,Azkoitia,%,Azkoitia,95.7
2021,,,,Azkoitia,%,Azkoitia,100.0
2023,,,,Azkoitia,%,Azkoitia,100.0
2023,,,,Azpeitia,%,Azpeitia,100.0
2021,,,,Azpeitia,%,Azpeitia,100.0
2022,,,,Azpeitia,%,Azpeitia,99.3
2023,,,,Bakio,%,Bakio,100.0
2021,,,,Bakio,%,Bakio,100.0
2022,,,,Bakio,%,Bakio,96.7
2021,,,,Baliarrain,%,Baliarrain,100.0
2022,,,,Baliarrain,%,Baliarrain,100.0
2023,,,,Balmaseda,%,Balmaseda,100.0
2021,,,,Balmaseda,%,Balmaseda,100.0
2022,,,,Balmaseda,%,Balmaseda,96.1
2021,,,,Baños de Ebro/Mañueta,%,Baños de Ebro/Mañueta,100.0
2022,,,,Baños de Ebro/Mañueta,%,Baños de Ebro/Mañueta,100.0
2023,,,,Barakaldo,%,Barakaldo,100.0
2022,,,,Barakaldo,%,Barakaldo,97.2
2021,,,,Barakaldo,%,Barakaldo,99.8
2023,,,,Barrika,%,Barrika,100.0
2021,,,,Barrika,%,Barrika,100.0
2022,,,,Barrika,%,Barrika,92.9
2021,,,,Barrundia,%,Barrundia,100.0
2023,,,,Barrundia,%,Barrundia,100.0
2022,,,,Barrundia,%,Barrundia,83.3
2021,,,,Basauri,%,Basauri,99.6
2023,,,,Basauri,%,Basauri,100.0
2022,,,,Basauri,%,Basauri,97.5
2023,,,,Beasain,%,Beasain,100.0
2022,,,,Beasain,%,Beasain,97.1
2021,,,,Beasain,%,Beasain,99.3
2022,,,,Bedia,%,Bedia,93.8
2023,,,,Bedia,%,Bedia,100.0
2021,,,,Bedia,%,Bedia,100.0
2021,,,,Beizama,%,Beizama,100.0
2022,,,,Beizama,%,Beizama,50.0
2021,,,,Belauntza,%,Belauntza,100.0
2022,,,,Belauntza,%,Belauntza,60.0
2023,,,,Belauntza,%,Belauntza,100.0
2021,,,,Berango,%,Berango,98.9
2022,,,,Berango,%,Berango,95.6
2023,,,,Berango,%,Berango,100.0
2021,,,,Berantevilla,%,Berantevilla,100.0
2023,,,,Berantevilla,%,Berantevilla,100.0
2022,,,,Berantevilla,%,Berantevilla,66.7
2022,,,,Berastegi,%,Berastegi,100.0
2021,,,,Berastegi,%,Berastegi,100.0
2023,,,,Berastegi,%,Berastegi,100.0
2023,,,,Bergara,%,Bergara,100.0
2021,,,,Bergara,%,Bergara,100.0
2022,,,,Bergara,%,Bergara,99.1
2023,,,,Bermeo,%,Bermeo,100.0
2022,,,,Bermeo,%,Bermeo,95.6
2021,,,,Bermeo,%,Bermeo,97.6
2021,,,,Bernedo,%,Bernedo,100.0
2023,,,,Bernedo,%,Bernedo,100.0
2022,,,,Bernedo,%,Bernedo,100.0
2023,,,,Berriatua,%,Berriatua,100.0
2022,,,,Berriatua,%,Berriatua,100.0
2021,,,,Berriatua,%,Berriatua,100.0
2021,,,,Berriz,%,Berriz,97.2
2023,,,,Berriz,%,Berriz,100.0
2022,,,,Berriz,%,Berriz,95.8
2023,,,,Berrobi,%,Berrobi,100.0
2021,,,,Berrobi,%,Berrobi,100.0
2022,,,,Berrobi,%,Berrobi,100.0
2021,,,,Bidania-Goiatz,%,Bidania-Goiatz,100.0
2023,,,,Bidania-Goiatz,%,Bidania-Goiatz,100.0
2022,,,,Bidania-Goiatz,%,Bidania-Goiatz,100.0
2023,,,,Bilbao,%,Bilbao,100.0
2022,,,,Bilbao,%,Bilbao,96.0
2021,,,,Bilbao,%,Bilbao,99.8
2023,,,,Busturia,%,Busturia,100.0
2022,,,,Busturia,%,Busturia,100.0
2021,,,,Busturia,%,Busturia,100.0
2021,,,,Campezo/Kanpezu,%,Campezo/Kanpezu,100.0
2022,,,,Campezo/Kanpezu,%,Campezo/Kanpezu,100.0
2023,,,,Campezo/Kanpezu,%,Campezo/Kanpezu,100.0
2023,,,,Deba,%,Deba,100.0
2022,,,,Deba,%,Deba,87.9
2021,,,,Deba,%,Deba,97.8
2023,,,,Derio,%,Derio,100.0
2021,,,,Derio,%,Derio,100.0
2022,,,,Derio,%,Derio,98.7
2023,,,,Dima,%,Dima,100.0
2022,,,,Dima,%,Dima,100.0
2021,,,,Dima,%,Dima,100.0
2022,,,,Donostia / San Sebastián,%,Donostia / San Sebastián,97.2
2023,,,,Donostia / San Sebastián,%,Donostia / San Sebastián,100.0
2021,,,,Donostia / San Sebastián,%,Donostia / San Sebastián,99.7
2023,,,,Durango,%,Durango,100.0
2022,,,,Durango,%,Durango,98.4
2021,,,,Durango,%,Durango,99.7
2023,,,,Ea,%,Ea,100.0
2021,,,,Ea,%,Ea,100.0
2022,,,,Ea,%,Ea,100.0
2021,,,,Eibar,%,Eibar,100.0
2023,,,,Eibar,%,Eibar,100.0
2022,,,,Eibar,%,Eibar,98.4
2021,,,,Elantxobe,%,Elantxobe,100.0
2022,,,,Elantxobe,%,Elantxobe,100.0
2023,,,,Elburgo/Burgelu,%,Elburgo/Burgelu,100.0
2022,,,,Elburgo/Burgelu,%,Elburgo/Burgelu,100.0
2021,,,,Elburgo/Burgelu,%,Elburgo/Burgelu,100.0
2021,,,,Elciego,%,Elciego,100.0
2022,,,,Elciego,%,Elciego,100.0
2023,,,,Elciego,%,Elciego,100.0
2022,,,,Elduain,%,Elduain,100.0
2023,,,,Elduain,%,Elduain,100.0
2021,,,,Elduain,%,Elduain,100.0
2023,,,,Elgeta,%,Elgeta,100.0
2021,,,,Elgeta,%,Elgeta,100.0
2022,,,,Elgeta,%,Elgeta,100.0
2023,,,,Elgoibar,%,Elgoibar,100.0
2021,,,,Elgoibar,%,Elgoibar,100.0
2022,,,,Elgoibar,%,Elgoibar,96.0
2021,,,,Elorrio,%,Elorrio,100.0
2022,,,,Elorrio,%,Elorrio,97.2
2023,,,,Elorrio,%,Elorrio,100.0
2022,,,,Elvillar/Bilar,%,Elvillar/Bilar,100.0
2021,,,,Elvillar/Bilar,%,Elvillar/Bilar,100.0
2023,,,,Elvillar/Bilar,%,Elvillar/Bilar,100.0
2021,,,,Erandio,%,Erandio,99.5
2022,,,,Erandio,%,Erandio,97.9
2023,,,,Erandio,%,Erandio,100.0
2022,,,,Ereño,%,Ereño,100.0
2021,,,,Ereño,%,Ereño,100.0
2023,,,,Ereño,%,Ereño,100.0
2021,,,,Ermua,%,Ermua,100.0
2022,,,,Ermua,%,Ermua,98.5
2023,,,,Ermua,%,Ermua,100.0
2023,,,,Errenteria,%,Errenteria,100.0
2021,,,,Errenteria,%,Errenteria,100.0
2022,,,,Errenteria,%,Errenteria,98.0
2021,,,,Errezil,%,Errezil,100.0
2022,,,,Errezil,%,Errezil,100.0
2023,,,,Errezil,%,Errezil,100.0
2022,,,,Erriberagoitia/Ribera Alta,%,Erriberagoitia/Ribera Alta,75.0
2021,,,,Erriberagoitia/Ribera Alta,%,Erriberagoitia/Ribera Alta,100.0
2023,,,,Erriberagoitia/Ribera Alta,%,Erriberagoitia/Ribera Alta,100.0
2021,,,,Errigoiti,%,Errigoiti,100.0
2023,,,,Errigoiti,%,Errigoiti,100.0
2022,,,,Errigoiti,%,Errigoiti,100.0
2022,,,,Eskoriatza,%,Eskoriatza,100.0
2023,,,,Eskoriatza,%,Eskoriatza,100.0
2021,,,,Eskoriatza,%,Eskoriatza,100.0
2023,,,,Etxebarri,%,Etxebarri,100.0
2022,,,,Etxebarri,%,Etxebarri,98.1
2021,,,,Etxebarri,%,Etxebarri,99.4
2023,,,,Etxebarria,%,Etxebarria,100.0
2021,,,,Etxebarria,%,Etxebarria,100.0
2022,,,,Etxebarria,%,Etxebarria,100.0
2021,,,,Ezkio-Itsaso,%,Ezkio-Itsaso,100.0
2022,,,,Ezkio-Itsaso,%,Ezkio-Itsaso,100.0
2023,,,,Ezkio-Itsaso,%,Ezkio-Itsaso,100.0
2021,,,,Forua,%,Forua,91.7
2023,,,,Forua,%,Forua,100.0
2022,,,,Forua,%,Forua,100.0
2022,,,,Fruiz,%,Fruiz,100.0
2023,,,,Fruiz,%,Fruiz,100.0
2021,,,,Fruiz,%,Fruiz,100.0
2021,,,,Gabiria,%,Gabiria,100.0
2023,,,,Gabiria,%,Gabiria,100.0
2022,,,,Gabiria,%,Gabiria,100.0
2023,,,,Gaintza,%,Gaintza,100.0
2021,,,,Gaintza,%,Gaintza,100.0
2023,,,,Galdakao,%,Galdakao,100.0
2021,,,,Galdakao,%,Galdakao,99.1
2022,,,,Galdakao,%,Galdakao,97.7
2022,,,,Galdames,%,Galdames,100.0
2021,,,,Galdames,%,Galdames,100.0
2023,,,,Galdames,%,Galdames,100.0
2023,,,,Gamiz-Fika,%,Gamiz-Fika,100.0
2022,,,,Gamiz-Fika,%,Gamiz-Fika,100.0
2021,,,,Gamiz-Fika,%,Gamiz-Fika,100.0
2023,,,,Garai,%,Garai,100.0
2021,,,,Garai,%,Garai,100.0
2022,,,,Garai,%,Garai,100.0
2023,,,,Gatika,%,Gatika,100.0
2021,,,,Gatika,%,Gatika,100.0
2022,,,,Gatika,%,Gatika,100.0
2021,,,,Gautegiz Arteaga,%,Gautegiz Arteaga,100.0
2023,,,,Gautegiz Arteaga,%,Gautegiz Arteaga,100.0
2022,,,,Gautegiz Arteaga,%,Gautegiz Arteaga,100.0
2022,,,,Gaztelu,%,Gaztelu,100.0
2023,,,,Gaztelu,%,Gaztelu,100.0
2021,,,,Gaztelu,%,Gaztelu,100.0
2023,,,,Gernika-Lumo,%,Gernika-Lumo,100.0
2021,,,,Gernika-Lumo,%,Gernika-Lumo,100.0
2022,,,,Gernika-Lumo,%,Gernika-Lumo,95.0
2023,,,,Getaria,%,Getaria,100.0
2021,,,,Getaria,%,Getaria,96.9
2022,,,,Getaria,%,Getaria,100.0
2022,,,,Getxo,%,Getxo,91.2
2023,,,,Getxo,%,Getxo,100.0
2021,,,,Getxo,%,Getxo,99.5
2022,,,,Gizaburuaga,%,Gizaburuaga,100.0
2021,,,,Gizaburuaga,%,Gizaburuaga,100.0
2023,,,,Gordexola,%,Gordexola,100.0
2022,,,,Gordexola,%,Gordexola,92.9
2021,,,,Gordexola,%,Gordexola,100.0
2021,,,,Gorliz,%,Gorliz,100.0
2022,,,,Gorliz,%,Gorliz,93.5
2023,,,,Gorliz,%,Gorliz,100.0
2022,,,,Güeñes,%,Güeñes,92.9
2021,,,,Güeñes,%,Güeñes,100.0
2023,,,,Güeñes,%,Güeñes,100.0
2022,,,,Harana/Valle de Arana,%,Harana/Valle de Arana,100.0
2023,,,,Hernani,%,Hernani,100.0
2021,,,,Hernani,%,Hernani,99.5
2022,,,,Hernani,%,Hernani,97.4
2023,,,,Hernialde,%,Hernialde,100.0
2021,,,,Hondarribia,%,Hondarribia,100.0
2023,,,,Hondarribia,%,Hondarribia,100.0
2022,,,,Hondarribia,%,Hondarribia,91.5
2021,,,,Ibarra,%,Ibarra,100.0
2022,,,,Ibarra,%,Ibarra,96.6
2023,,,,Ibarra,%,Ibarra,100.0
2023,,,,Ibarrangelu,%,Ibarrangelu,100.0
2022,,,,Ibarrangelu,%,Ibarrangelu,83.3
2021,,,,Ibarrangelu,%,Ibarrangelu,100.0
2023,,,,Idiazabal,%,Idiazabal,100.0
2022,,,,Idiazabal,%,Idiazabal,91.2
2021,,,,Idiazabal,%,Idiazabal,100.0
2021,,,,Igorre,%,Igorre,100.0
2023,,,,Igorre,%,Igorre,100.0
2022,,,,Igorre,%,Igorre,97.1
2023,,,,Ikaztegieta,%,Ikaztegieta,100.0
2021,,,,Ikaztegieta,%,Ikaztegieta,100.0
2022,,,,Ikaztegieta,%,Ikaztegieta,100.0
2023,,,,Irun,%,Irun,100.0
2022,,,,Irun,%,Irun,93.3
2021,,,,Irun,%,Irun,99.2
2023,,,,Iruña Oka/Iruña de Oca,%,Iruña Oka/Iruña de Oca,100.0
2022,,,,Iruña Oka/Iruña de Oca,%,Iruña Oka/Iruña de Oca,100.0
2021,,,,Iruña Oka/Iruña de Oca,%,Iruña Oka/Iruña de Oca,100.0
2021,,,,Irura,%,Irura,100.0
2023,,,,Irura,%,Irura,100.0
2022,,,,Irura,%,Irura,96.4
2021,,,,Iruraiz-Gauna,%,Iruraiz-Gauna,100.0
2023,,,,Iruraiz-Gauna,%,Iruraiz-Gauna,100.0
2022,,,,Iruraiz-Gauna,%,Iruraiz-Gauna,100.0
2022,,,,Ispaster,%,Ispaster,75.0
2021,,,,Ispaster,%,Ispaster,100.0
2023,,,,Ispaster,%,Ispaster,100.0
2022,,,,Itsasondo,%,Itsasondo,100.0
2021,,,,Itsasondo,%,Itsasondo,100.0
2023,,,,Itsasondo,%,Itsasondo,100.0
2022,,,,Iurreta,%,Iurreta,100.0
2021,,,,Iurreta,%,Iurreta,100.0
2023,,,,Iurreta,%,Iurreta,100.0
2021,,,,Izurtza,%,Izurtza,100.0
2022,,,,Karrantza Harana/Valle de Carranza,%,Karrantza Harana/Valle de Carranza,100.0
2023,,,,Karrantza Harana/Valle de Carranza,%,Karrantza Harana/Valle de Carranza,100.0
2021,,,,Karrantza Harana/Valle de Carranza,%,Karrantza Harana/Valle de Carranza,100.0
2022,,,,Kortezubi,%,Kortezubi,100.0
2023,,,,Kortezubi,%,Kortezubi,100.0
2021,,,,Kortezubi,%,Kortezubi,100.0
2021,,,,Kripan,%,Kripan,100.0
2023,,,,Kripan,%,Kripan,100.0
2023,,,,Kuartango,%,Kuartango,100.0
2021,,,,Kuartango,%,Kuartango,100.0
2022,,,,Kuartango,%,Kuartango,100.0
2021,,,,Labastida/Bastida,%,Labastida/Bastida,100.0
2022,,,,Labastida/Bastida,%,Labastida/Bastida,100.0
2023,,,,Labastida/Bastida,%,Labastida/Bastida,100.0
2021,,,,Lagrán,%,Lagrán,100.0
2022,,,,Lagrán,%,Lagrán,100.0
2021,,,,Laguardia,%,Laguardia,100.0
2023,,,,Laguardia,%,Laguardia,100.0
2022,,,,Laguardia,%,Laguardia,100.0
2021,,,,Lanciego/Lantziego,%,Lanciego/Lantziego,100.0
2023,,,,Lanciego/Lantziego,%,Lanciego/Lantziego,100.0
2022,,,,Lanciego/Lantziego,%,Lanciego/Lantziego,91.7
2023,,,,Lanestosa,%,Lanestosa,100.0
2021,,,,Lanestosa,%,Lanestosa,100.0
2022,,,,Lanestosa,%,Lanestosa,100.0
2022,,,,Lantarón,%,Lantarón,100.0
2021,,,,Lantarón,%,Lantarón,100.0
2023,,,,Lantarón,%,Lantarón,100.0
2022,,,,Lapuebla de Labarca,%,Lapuebla de Labarca,100.0
2023,,,,Lapuebla de Labarca,%,Lapuebla de Labarca,100.0
2021,,,,Lapuebla de Labarca,%,Lapuebla de Labarca,100.0
2023,,,,Larrabetzu,%,Larrabetzu,100.0
2021,,,,Larrabetzu,%,Larrabetzu,100.0
2022,,,,Larrabetzu,%,Larrabetzu,100.0
2023,,,,Larraul,%,Larraul,100.0
2022,,,,Larraul,%,Larraul,100.0
2021,,,,Lasarte-Oria,%,Lasarte-Oria,100.0
2023,,,,Lasarte-Oria,%,Lasarte-Oria,100.0
2022,,,,Lasarte-Oria,%,Lasarte-Oria,98.7
2021,,,,Laudio/Llodio,%,Laudio/Llodio,99.1
2022,,,,Laudio/Llodio,%,Laudio/Llodio,98.7
2023,,,,Laudio/Llodio,%,Laudio/Llodio,100.0
2021,,,,Laukiz,%,Laukiz,100.0
2023,,,,Laukiz,%,Laukiz,100.0
2022,,,,Laukiz,%,Laukiz,77.8
2023,,,,Lazkao,%,Lazkao,100.0
2021,,,,Lazkao,%,Lazkao,100.0
2022,,,,Lazkao,%,Lazkao,100.0
2022,,,,Leaburu,%,Leaburu,100.0
2023,,,,Leaburu,%,Leaburu,100.0
2021,,,,Leaburu,%,Leaburu,100.0
2022,,,,Legazpi,%,Legazpi,97.3
2023,,,,Legazpi,%,Legazpi,100.0
2021,,,,Legazpi,%,Legazpi,100.0
2023,,,,Legorreta,%,Legorreta,100.0
2022,,,,Legorreta,%,Legorreta,100.0
2021,,,,Legorreta,%,Legorreta,100.0
2022,,,,Legutio,%,Legutio,100.0
2023,,,,Legutio,%,Legutio,100.0
2021,,,,Legutio,%,Legutio,100.0
2023,,,,Leintz-Gatzaga,%,Leintz-Gatzaga,100.0
2021,,,,Leintz-Gatzaga,%,Leintz-Gatzaga,100.0
2023,,,,Leioa,%,Leioa,100.0
2022,,,,Leioa,%,Leioa,98.2
2021,,,,Leioa,%,Leioa,100.0
2022,,,,Lekeitio,%,Lekeitio,97.7
2023,,,,Lekeitio,%,Lekeitio,100.0
2021,,,,Lekeitio,%,Lekeitio,100.0
2022,,,,Lemoa,%,Lemoa,95.5
2021,,,,Lemoa,%,Lemoa,100.0
2023,,,,Lemoa,%,Lemoa,100.0
2021,,,,Lemoiz,%,Lemoiz,100.0
2023,,,,Lemoiz,%,Lemoiz,100.0
2022,,,,Lemoiz,%,Lemoiz,100.0
2021,,,,Leza,%,Leza,100.0
2023,,,,Leza,%,Leza,100.0
2022,,,,Lezama,%,Lezama,100.0
2023,,,,Lezama,%,Lezama,100.0
2021,,,,Lezama,%,Lezama,100.0
2021,,,,Lezo,%,Lezo,100.0
2022,,,,Lezo,%,Lezo,97.9
2023,,,,Lezo,%,Lezo,100.0
2021,,,,Lizartza,%,Lizartza,100.0
2022,,,,Lizartza,%,Lizartza,90.0
2023,,,,Lizartza,%,Lizartza,100.0
2023,,,,Loiu,%,Loiu,100.0
2021,,,,Loiu,%,Loiu,100.0
2022,,,,Loiu,%,Loiu,100.0
2023,,,,Mallabia,%,Mallabia,100.0
2021,,,,Mallabia,%,Mallabia,100.0
2022,,,,Mallabia,%,Mallabia,91.7
2021,,,,Mañaria,%,Mañaria,100.0
2023,,,,Mañaria,%,Mañaria,100.0
2022,,,,Mañaria,%,Mañaria,100.0
2023,,,,Markina-Xemein,%,Markina-Xemein,100.0
2022,,,,Markina-Xemein,%,Markina-Xemein,98.1
2021,,,,Markina-Xemein,%,Markina-Xemein,100.0
2021,,,,Maruri-Jatabe,%,Maruri-Jatabe,100.0
2022,,,,Maruri-Jatabe,%,Maruri-Jatabe,100.0
2023,,,,Maruri-Jatabe,%,Maruri-Jatabe,100.0
2022,,,,Mendaro,%,Mendaro,100.0
2021,,,,Mendaro,%,Mendaro,93.3
2023,,,,Mendaro,%,Mendaro,100.0
2023,,,,Mendata,%,Mendata,100.0
2022,,,,Mendata,%,Mendata,100.0
2021,,,,Mendata,%,Mendata,100.0
2021,,,,Mendexa,%,Mendexa,100.0
2022,,,,Mendexa,%,Mendexa,100.0
2023,,,,Mendexa,%,Mendexa,100.0
2021,,,,Meñaka,%,Meñaka,100.0
2022,,,,Meñaka,%,Meñaka,100.0
2023,,,,Meñaka,%,Meñaka,100.0
2022,,,,Moreda de Álava/Moreda Araba,%,Moreda de Álava/Moreda Araba,100.0
2023,,,,Moreda de Álava/Moreda Araba,%,Moreda de Álava/Moreda Araba,100.0
2021,,,,Morga,%,Morga,100.0
2022,,,,Morga,%,Morga,100.0
2023,,,,Morga,%,Morga,100.0
2022,,,,Mundaka,%,Mundaka,100.0
2023,,,,Mundaka,%,Mundaka,100.0
2021,,,,Mundaka,%,Mundaka,100.0
2022,,,,Mungia,%,Mungia,94.3
2023,,,,Mungia,%,Mungia,100.0
2021,,,,Mungia,%,Mungia,100.0
2023,,,,Munitibar-Arbatzegi Gerrikaitz,%,Munitibar-Arbatzegi Gerrikaitz,100.0
2022,,,,Munitibar-Arbatzegi Gerrikaitz,%,Munitibar-Arbatzegi Gerrikaitz,100.0
2021,,,,Munitibar-Arbatzegi Gerrikaitz,%,Munitibar-Arbatzegi Gerrikaitz,100.0
2023,,,,Murueta,%,Murueta,100.0
2022,,,,Murueta,%,Murueta,100.0
2021,,,,Murueta,%,Murueta,100.0
2021,,,,Muskiz,%,Muskiz,98.4
2023,,,,Muskiz,%,Muskiz,100.0
2022,,,,Muskiz,%,Muskiz,100.0
2022,,,,Mutiloa,%,Mutiloa,100.0
2023,,,,Mutiloa,%,Mutiloa,100.0
2022,,,,Mutriku,%,Mutriku,100.0
2021,,,,Mutriku,%,Mutriku,100.0
2023,,,,Mutriku,%,Mutriku,100.0
2021,,,,Muxika,%,Muxika,100.0
2023,,,,Muxika,%,Muxika,100.0
2022,,,,Muxika,%,Muxika,82.4
2021,,,,Nabarniz,%,Nabarniz,100.0
2022,,,,Nabarniz,%,Nabarniz,100.0
2023,,,,Nabarniz,%,Nabarniz,100.0
2021,,,,Navaridas,%,Navaridas,100.0
2022,,,,Oiartzun,%,Oiartzun,95.6
2023,,,,Oiartzun,%,Oiartzun,100.0
2021,,,,Oiartzun,%,Oiartzun,99.0
2022,,,,Okondo,%,Okondo,100.0
2023,,,,Okondo,%,Okondo,100.0
2021,,,,Okondo,%,Okondo,100.0
2021,,,,Olaberria,%,Olaberria,100.0
2022,,,,Olaberria,%,Olaberria,100.0
2023,,,,Olaberria,%,Olaberria,100.0
2023,,,,Ondarroa,%,Ondarroa,100.0
2022,,,,Ondarroa,%,Ondarroa,98.5
2021,,,,Ondarroa,%,Ondarroa,100.0
2022,,,,Oñati,%,Oñati,96.3
2021,,,,Oñati,%,Oñati,99.2
2023,,,,Oñati,%,Oñati,100.0
2023,,,,Ordizia,%,Ordizia,100.0
2022,,,,Ordizia,%,Ordizia,99.1
2021,,,,Ordizia,%,Ordizia,99.1
2021,,,,Orendain,%,Orendain,100.0
2022,,,,Orendain,%,Orendain,100.0
2023,,,,Orendain,%,Orendain,100.0
2021,,,,Orexa,%,Orexa,100.0
2023,,,,Orexa,%,Orexa,100.0
2023,,,,Orio,%,Orio,100.0
2021,,,,Orio,%,Orio,100.0
2022,,,,Orio,%,Orio,98.2
2023,,,,Ormaiztegi,%,Ormaiztegi,100.0
2021,,,,Ormaiztegi,%,Ormaiztegi,100.0
2022,,,,Ormaiztegi,%,Ormaiztegi,100.0
2022,,,,Orozko,%,Orozko,97.0
2021,,,,Orozko,%,Orozko,96.7
2023,,,,Orozko,%,Orozko,100.0
2022,,,,Ortuella,%,Ortuella,98.7
2023,,,,Ortuella,%,Ortuella,100.0
2021,,,,Ortuella,%,Ortuella,100.0
2022,,,,Otxandio,%,Otxandio,91.7
2021,,,,Otxandio,%,Otxandio,100.0
2023,,,,Otxandio,%,Otxandio,100.0
2021,,,,Oyón-Oion,%,Oyón-Oion,97.7
2023,,,,Oyón-Oion,%,Oyón-Oion,100.0
2022,,,,Oyón-Oion,%,Oyón-Oion,89.4
2022,,,,Pasaia,%,Pasaia,97.1
2021,,,,Pasaia,%,Pasaia,100.0
2023,,,,Pasaia,%,Pasaia,100.0
2021,,,,Peñacerrada-Urizaharra,%,Peñacerrada-Urizaharra,100.0
2023,,,,Peñacerrada-Urizaharra,%,Peñacerrada-Urizaharra,100.0
2022,,,,Plentzia,%,Plentzia,100.0
2023,,,,Plentzia,%,Plentzia,100.0
2021,,,,Plentzia,%,Plentzia,96.8
2022,,,,Portugalete,%,Portugalete,98.3
2023,,,,Portugalete,%,Portugalete,100.0
2021,,,,Portugalete,%,Portugalete,99.7
2021,,,,Ribera Baja/Erriberabeitia,%,Ribera Baja/Erriberabeitia,94.7
2022,,,,Ribera Baja/Erriberabeitia,%,Ribera Baja/Erriberabeitia,88.9
2023,,,,Ribera Baja/Erriberabeitia,%,Ribera Baja/Erriberabeitia,100.0
2021,,,,Samaniego,%,Samaniego,100.0
2022,,,,Samaniego,%,Samaniego,100.0
2023,,,,Samaniego,%,Samaniego,100.0
2023,,,,San Millán/Donemiliaga,%,San Millán/Donemiliaga,100.0
2021,,,,San Millán/Donemiliaga,%,San Millán/Donemiliaga,100.0
2022,,,,San Millán/Donemiliaga,%,San Millán/Donemiliaga,75.0
2023,,,,Santurtzi,%,Santurtzi,100.0
2022,,,,Santurtzi,%,Santurtzi,98.8
2021,,,,Santurtzi,%,Santurtzi,99.5
2021,,,,Segura,%,Segura,100.0
2022,,,,Segura,%,Segura,100.0
2023,,,,Segura,%,Segura,100.0
2023,,,,Sestao,%,Sestao,100.0
2021,,,,Sestao,%,Sestao,100.0
2022,,,,Sestao,%,Sestao,96.8
2022,,,,Sondika,%,Sondika,90.0
2021,,,,Sondika,%,Sondika,100.0
2023,,,,Sondika,%,Sondika,100.0
2023,,,,Sopela,%,Sopela,100.0
2022,,,,Sopela,%,Sopela,96.6
2021,,,,Sopela,%,Sopela,99.4
2021,,,,Sopuerta,%,Sopuerta,100.0
2023,,,,Sopuerta,%,Sopuerta,100.0
2022,,,,Sopuerta,%,Sopuerta,100.0
2021,,,,Soraluze-Placencia de las Armas,%,Soraluze-Placencia de las Armas,100.0
2022,,,,Soraluze-Placencia de las Armas,%,Soraluze-Placencia de las Armas,100.0
2023,,,,Soraluze-Placencia de las Armas,%,Soraluze-Placencia de las Armas,100.0
2021,,,,Sukarrieta,%,Sukarrieta,100.0
2023,,,,Sukarrieta,%,Sukarrieta,100.0
2022,,,,Sukarrieta,%,Sukarrieta,100.0
2022,,,,Tolosa,%,Tolosa,98.3
2021,,,,Tolosa,%,Tolosa,100.0
2023,,,,Tolosa,%,Tolosa,100.0
2022,,,,Trucios-Turtzioz,%,Trucios-Turtzioz,100.0
2021,,,,Trucios-Turtzioz,%,Trucios-Turtzioz,100.0
2023,,,,Trucios-Turtzioz,%,Trucios-Turtzioz,100.0
2021,,,,Ugao-Miraballes,%,Ugao-Miraballes,100.0
2022,,,,Ugao-Miraballes,%,Ugao-Miraballes,93.9
2023,,,,Ugao-Miraballes,%,Ugao-Miraballes,100.0
2023,,,,Urduliz,%,Urduliz,100.0
2022,,,,Urduliz,%,Urduliz,98.1
2021,,,,Urduliz,%,Urduliz,100.0
2023,,,,Urduña/Orduña,%,Urduña/Orduña,100.0
2021,,,,Urduña/Orduña,%,Urduña/Orduña,100.0
2022,,,,Urduña/Orduña,%,Urduña/Orduña,91.2
2022,,,,Urkabustaiz,%,Urkabustaiz,100.0
2023,,,,Urkabustaiz,%,Urkabustaiz,100.0
2021,,,,Urkabustaiz,%,Urkabustaiz,100.0
2023,,,,Urnieta,%,Urnieta,100.0
2022,,,,Urnieta,%,Urnieta,98.0
2021,,,,Urnieta,%,Urnieta,100.0
2022,,,,Urretxu,%,Urretxu,100.0
2023,,,,Urretxu,%,Urretxu,100.0
2021,,,,Urretxu,%,Urretxu,100.0
2023,,,,Usurbil,%,Usurbil,100.0
2021,,,,Usurbil,%,Usurbil,98.2
2022,,,,Usurbil,%,Usurbil,98.4
2021,,,,Valdegovía/Gaubea,%,Valdegovía/Gaubea,100.0
2022,,,,Valdegovía/Gaubea,%,Valdegovía/Gaubea,83.3
2023,,,,Valdegovía/Gaubea,%,Valdegovía/Gaubea,100.0
2023,,,,Valle de Trápaga-Trapagaran,%,Valle de Trápaga-Trapagaran,100.0
2022,,,,Valle de Trápaga-Trapagaran,%,Valle de Trápaga-Trapagaran,95.9
2021,,,,Valle de Trápaga-Trapagaran,%,Valle de Trápaga-Trapagaran,100.0
2022,,,,Villabona,%,Villabona,98.1
2023,,,,Villabona,%,Villabona,100.0
2021,,,,Villabona,%,Villabona,100.0
2022,,,,Villabuena de Álava/Eskuernaga,%,Villabuena de Álava/Eskuernaga,100.0
2021,,,,Villabuena de Álava/Eskuernaga,%,Villabuena de Álava/Eskuernaga,100.0
2023,,,,Villabuena de Álava/Eskuernaga,%,Villabuena de Álava/Eskuernaga,100.0
2021,,,,Vitoria-Gasteiz,%,Vitoria-Gasteiz,99.9
2022,,,,Vitoria-Gasteiz,%,Vitoria-Gasteiz,97.3
2023,,,,Vitoria-Gasteiz,%,Vitoria-Gasteiz,100.0
2021,,,,Yécora/Iekora,%,Yécora/Iekora,100.0
2023,,,,Yécora/Iekora,%,Yécora/Iekora,100.0
2021,,,,Zaldibar,%,Zaldibar,100.0
2022,,,,Zaldibar,%,Zaldibar,96.6
2023,,,,Zaldibar,%,Zaldibar,100.0
2023,,,,Zaldibia,%,Zaldibia,100.0
2021,,,,Zaldibia,%,Zaldibia,100.0
2022,,,,Zaldibia,%,Zaldibia,95.7
2023,,,,Zalduondo,%,Zalduondo,100.0
2021,,,,Zalduondo,%,Zalduondo,100.0
2022,,,,Zalduondo,%,Zalduondo,100.0
2021,,,,Zalla,%,Zalla,100.0
2023,,,,Zalla,%,Zalla,100.0
2022,,,,Zalla,%,Zalla,91.9
2022,,,,Zambrana,%,Zambrana,40.0
2023,,,,Zambrana,%,Zambrana,100.0
2021,,,,Zambrana,%,Zambrana,100.0
2023,,,,Zamudio,%,Zamudio,100.0
2021,,,,Zamudio,%,Zamudio,100.0
2022,,,,Zamudio,%,Zamudio,95.5
2022,,,,Zaratamo,%,Zaratamo,100.0
2021,,,,Zaratamo,%,Zaratamo,100.0
2023,,,,Zaratamo,%,Zaratamo,100.0
2022,,,,Zarautz,%,Zarautz,100.0
2021,,,,Zarautz,%,Zarautz,100.0
2023,,,,Zarautz,%,Zarautz,100.0
2021,,,,Zeanuri,%,Zeanuri,100.0
2023,,,,Zeanuri,%,Zeanuri,100.0
2022,,,,Zeanuri,%,Zeanuri,100.0
2022,,,,Zeberio,%,Zeberio,100.0
2023,,,,Zeberio,%,Zeberio,100.0
2021,,,,Zeberio,%,Zeberio,100.0
2022,,,,Zegama,%,Zegama,100.0
2023,,,,Zegama,%,Zegama,100.0
2021,,,,Zegama,%,Zegama,100.0
2021,,,,Zerain,%,Zerain,100.0
2022,,,,Zerain,%,Zerain,100.0
2023,,,,Zerain,%,Zerain,100.0
2022,,,,Zestoa,%,Zestoa,95.1
2023,,,,Zestoa,%,Zestoa,100.0
2021,,,,Zestoa,%,Zestoa,100.0
2021,,,,Zierbena,%,Zierbena,100.0
2023,,,,Zierbena,%,Zierbena,100.0
2022,,,,Zierbena,%,Zierbena,100.0
2022,,,,Zigoitia,%,Zigoitia,88.9
2021,,,,Zigoitia,%,Zigoitia,100.0
2023,,,,Zigoitia,%,Zigoitia,100.0
2021,,,,Ziortza-Bolibar,%,Ziortza-Bolibar,100.0
2023,,,,Ziortza-Bolibar,%,Ziortza-Bolibar,100.0
2022,,,,Ziortza-Bolibar,%,Ziortza-Bolibar,100.0
2021,,,,Zizurkil,%,Zizurkil,100.0
2023,,,,Zizurkil,%,Zizurkil,100.0
2022,,,,Zizurkil,%,Zizurkil,100.0
2022,,,,Zuia,%,Zuia,100.0
2021,,,,Zuia,%,Zuia,100.0
2023,,,,Zuia,%,Zuia,100.0
2022,,,,Zumaia,%,Zumaia,99.1
2021,,,,Zumaia,%,Zumaia,99.2
2023,,,,Zumaia,%,Zumaia,100.0
2022,,,,Zumarraga,%,Zumarraga,98.7
2021,,,,Zumarraga,%,Zumarraga,98.9
2023,,,,Zumarraga,%,Zumarraga,100.0
2023,,,Añana (county),,%,Añana (county),100.0
2022,,,Añana (county),,%,Añana (county),82.1
2021,,,Añana (county),,%,Añana (county),98.3
2023,,,Arabako Errioxa / Rioja Alavesa,,%,Arabako Errioxa / Rioja Alavesa,100.0
2022,,,Arabako Errioxa / Rioja Alavesa,,%,Arabako Errioxa / Rioja Alavesa,94.5
2021,,,Arabako Errioxa / Rioja Alavesa,,%,Arabako Errioxa / Rioja Alavesa,99.1
2021,,,Arabako Kantaurialdea / Cantábrica Alavesa,,%,Arabako Kantaurialdea / Cantábrica Alavesa,99.7
2023,,,Arabako Kantaurialdea / Cantábrica Alavesa,,%,Arabako Kantaurialdea / Cantábrica Alavesa,100.0
2022,,,Arabako Kantaurialdea / Cantábrica Alavesa,,%,Arabako Kantaurialdea / Cantábrica Alavesa,98.8
2021,,,Arabako Lautada / Llanada Alavesa,,%,Arabako Lautada / Llanada Alavesa,99.9
2022,,,Arabako Lautada / Llanada Alavesa,,%,Arabako Lautada / Llanada Alavesa,97.1
2023,,,Arabako Lautada / Llanada Alavesa,,%,Arabako Lautada / Llanada Alavesa,100.0
2022,,,Arabako Mendialdea / Montaña Alavesa,,%,Arabako Mendialdea / Montaña Alavesa,100.0
2023,,,Arabako Mendialdea / Montaña Alavesa,,%,Arabako Mendialdea / Montaña Alavesa,100.0
2021,,,Arabako Mendialdea / Montaña Alavesa,,%,Arabako Mendialdea / Montaña Alavesa,100.0
2021,,,Arratia Nerbioi / Arratia-Nervión,,%,Arratia Nerbioi / Arratia-Nervión,99.6
2023,,,Arratia Nerbioi / Arratia-Nervión,,%,Arratia Nerbioi / Arratia-Nervión,100.0
2022,,,Arratia Nerbioi / Arratia-Nervión,,%,Arratia Nerbioi / Arratia-Nervión,96.1
2022,,,Bidasoa Beherea / Bajo Bidasoa,,%,Bidasoa Beherea / Bajo Bidasoa,93.0
2021,,,Bidasoa Beherea / Bajo Bidasoa,,%,Bidasoa Beherea / Bajo Bidasoa,99.4
2023,,,Bidasoa Beherea / Bajo Bidasoa,,%,Bidasoa Beherea / Bajo Bidasoa,100.0
2022,,,Bilbo Handia / Gran Bilbao,,%,Bilbo Handia / Gran Bilbao,96.4
2023,,,Bilbo Handia / Gran Bilbao,,%,Bilbo Handia / Gran Bilbao,100.0
2021,,,Bilbo Handia / Gran Bilbao,,%,Bilbo Handia / Gran Bilbao,99.7
2022,,,Debabarrena / Bajo Deba,,%,Debabarrena / Bajo Deba,97.6
2023,,,Debabarrena / Bajo Deba,,%,Debabarrena / Bajo Deba,100.0
2021,,,Debabarrena / Bajo Deba,,%,Debabarrena / Bajo Deba,99.6
2022,,,Debagoiena / Alto Deba,,%,Debagoiena / Alto Deba,98.1
2023,,,Debagoiena / Alto Deba,,%,Debagoiena / Alto Deba,100.0
2021,,,Debagoiena / Alto Deba,,%,Debagoiena / Alto Deba,99.5
2021,,,Donostialdea,,%,Donostialdea,99.7
2022,,,Donostialdea,,%,Donostialdea,97.5
2023,,,Donostialdea,,%,Donostialdea,100.0
2022,,,Durangaldea / Duranguesado,,%,Durangaldea / Duranguesado,97.4
2021,,,Durangaldea / Duranguesado,,%,Durangaldea / Duranguesado,99.8
2023,,,Durangaldea / Duranguesado,,%,Durangaldea / Duranguesado,100.0
2023,,,Enkartazioak / Encartaciones,,%,Enkartazioak / Encartaciones,100.0
2021,,,Enkartazioak / Encartaciones,,%,Enkartazioak / Encartaciones,100.0
2022,,,Enkartazioak / Encartaciones,,%,Enkartazioak / Encartaciones,94.9
2021,,,Gernika-Bermeo,,%,Gernika-Bermeo,98.9
2023,,,Gernika-Bermeo,,%,Gernika-Bermeo,100.0
2022,,,Gernika-Bermeo,,%,Gernika-Bermeo,95.6
2021,,,Goierri,,%,Goierri,99.6
2022,,,Goierri,,%,Goierri,98.2
2023,,,Goierri,,%,Goierri,100.0
2023,,,Gorbeialdea / Estribaciones del Gorbea,,%,Gorbeialdea / Estribaciones del Gorbea,100.0
2021,,,Gorbeialdea / Estribaciones del Gorbea,,%,Gorbeialdea / Estribaciones del Gorbea,100.0
2022,,,Gorbeialdea / Estribaciones del Gorbea,,%,Gorbeialdea / Estribaciones del Gorbea,97.3
2021,,,Markina-Ondarroa,,%,Markina-Ondarroa,100.0
2023,,,Markina-Ondarroa,,%,Markina-Ondarroa,100.0
2022,,,Markina-Ondarroa,,%,Markina-Ondarroa,97.5
2021,,,Plentzia-Mungia,,%,Plentzia-Mungia,99.7
2023,,,Plentzia-Mungia,,%,Plentzia-Mungia,100.0
2022,,,Plentzia-Mungia,,%,Plentzia-Mungia,96.1
2022,,,Tolosaldea,,%,Tolosaldea,98.1
2023,,,Tolosaldea,,%,Tolosaldea,100.0
2021,,,Tolosaldea,,%,Tolosaldea,99.8
2022,,,Urola Kosta,,%,Urola Kosta,98.3
2021,,,Urola Kosta,,%,Urola Kosta,99.7
2023,,,Urola Kosta,,%,Urola Kosta,100.0
2021,,Araba/Álava,,,%,Araba/Álava,99.8
2022,,Araba/Álava,,,%,Araba/Álava,97.0
2023,,Araba/Álava,,,%,Araba/Álava,100.0
2021,,Bizkaia,,,%,Bizkaia,99.7
2023,,Bizkaia,,,%,Bizkaia,100.0
2022,,Bizkaia,,,%,Bizkaia,96.4
2023,,Gipuzkoa,,,%,Gipuzkoa,100.0
2022,,Gipuzkoa,,,%,Gipuzkoa,97.3
2021,,Gipuzkoa,,,%,Gipuzkoa,99.6
2023,Female,,,,%,,100.0
2021,Female,,,,%,,99.7
2022,Female,,,,%,,96.8
2022,Female,,,Abadiño,%,Abadiño,97.5
2021,Female,,,Abadiño,%,Abadiño,100.0
2023,Female,,,Abadiño,%,Abadiño,100.0
2022,Female,,,Abaltzisketa,%,Abaltzisketa,100.0
2023,Female,,,Abaltzisketa,%,Abaltzisketa,100.0
2021,Female,,,Abanto y Ciérvana-Abanto Zierbena,%,Abanto y Ciérvana-Abanto Zierbena,100.0
2023,Female,,,Abanto y Ciérvana-Abanto Zierbena,%,Abanto y Ciérvana-Abanto Zierbena,100.0
2022,Female,,,Abanto y Ciérvana-Abanto Zierbena,%,Abanto y Ciérvana-Abanto Zierbena,97.0
2021,Female,,,Aduna,%,Aduna,100.0
2023,Female,,,Aduna,%,Aduna,100.0
2022,Female,,,Aduna,%,Aduna,100.0
2021,Female,,,Agurain/Salvatierra,%,Agurain/Salvatierra,100.0
2022,Female,,,Agurain/Salvatierra,%,Agurain/Salvatierra,100.0
2023,Female,,,Agurain/Salvatierra,%,Agurain/Salvatierra,100.0
2022,Female,,,Aia,%,Aia,100.0
2023,Female,,,Aia,%,Aia,100.0
2021,Female,,,Aia,%,Aia,100.0
2021,Female,,,Aizarnazabal,%,Aizarnazabal,100.0
2023,Female,,,Aizarnazabal,%,Aizarnazabal,100.0
2022,Female,,,Aizarnazabal,%,Aizarnazabal,100.0
2023,Female,,,Ajangiz,%,Ajangiz,100.0
2021,Female,,,Ajangiz,%,Ajangiz,100.0
2022,Female,,,Ajangiz,%,Ajangiz,100.0
2022,Female,,,Albiztur,%,Albiztur,100.0
2021,Female,,,Alegia,%,Alegia,100.0
2022,Female,,,Alegia,%,Alegia,100.0
2023,Female,,,Alegia,%,Alegia,100.0
2021,Female,,,Alegría-Dulantzi,%,Alegría-Dulantzi,100.0
2023,Female,,,Alegría-Dulantzi,%,Alegría-Dulantzi,100.0
2022,Female,,,Alegría-Dulantzi,%,Alegría-Dulantzi,93.8
2021,Female,,,Alkiza,%,Alkiza,100.0
2022,Female,,,Alkiza,%,Alkiza,100.0
2023,Female,,,Alkiza,%,Alkiza,100.0
2022,Female,,,Alonsotegi,%,Alonsotegi,100.0
2023,Female,,,Alonsotegi,%,Alonsotegi,100.0
2021,Female,,,Alonsotegi,%,Alonsotegi,100.0
2023,Female,,,Altzaga,%,Altzaga,100.0
2022,Female,,,Altzaga,%,Altzaga,100.0
2021,Female,,,Altzaga,%,Altzaga,100.0
2023,Female,,,Altzo,%,Altzo,100.0
2021,Female,,,Altzo,%,Altzo,100.0
2022,Female,,,Altzo,%,Altzo,100.0
2021,Female,,,Amezketa,%,Amezketa,100.0
2022,Female,,,Amezketa,%,Amezketa,100.0
2023,Female,,,Amezketa,%,Amezketa,100.0
2023,Female,,,Amorebieta-Etxano,%,Amorebieta-Etxano,100.0
2022,Female,,,Amorebieta-Etxano,%,Amorebieta-Etxano,100.0
2021,Female,,,Amorebieta-Etxano,%,Amorebieta-Etxano,100.0
2023,Female,,,Amoroto,%,Amoroto,100.0
2022,Female,,,Amoroto,%,Amoroto,100.0
2022,Female,,,Amurrio,%,Amurrio,100.0
2023,Female,,,Amurrio,%,Amurrio,100.0
2021,Female,,,Amurrio,%,Amurrio,100.0
2022,Female,,,Andoain,%,Andoain,100.0
2021,Female,,,Andoain,%,Andoain,100.0
2023,Female,,,Andoain,%,Andoain,100.0
2023,Female,,,Anoeta,%,Anoeta,100.0
2021,Female,,,Anoeta,%,Anoeta,100.0
2022,Female,,,Anoeta,%,Anoeta,100.0
2023,Female,,,Antzuola,%,Antzuola,100.0
2022,Female,,,Antzuola,%,Antzuola,100.0
2021,Female,,,Antzuola,%,Antzuola,100.0
2023,Female,,,Arakaldo,%,Arakaldo,100.0
2022,Female,,,Arakaldo,%,Arakaldo,100.0
2021,Female,,,Arama,%,Arama,100.0
2023,Female,,,Arama,%,Arama,100.0
2021,Female,,,Aramaio,%,Aramaio,100.0
2022,Female,,,Aramaio,%,Aramaio,100.0
2023,Female,,,Aramaio,%,Aramaio,100.0
2022,Female,,,Arantzazu,%,Arantzazu,100.0
2021,Female,,,Arantzazu,%,Arantzazu,100.0
2022,Female,,,Areatza,%,Areatza,100.0
2023,Female,,,Areatza,%,Areatza,100.0
2021,Female,,,Areatza,%,Areatza,100.0
2021,Female,,,Aretxabaleta,%,Aretxabaleta,100.0
2022,Female,,,Aretxabaleta,%,Aretxabaleta,100.0
2023,Female,,,Aretxabaleta,%,Aretxabaleta,100.0
2023,Female,,,Armiñón,%,Armiñón,100.0
2021,Female,,,Armiñón,%,Armiñón,100.0
2021,Female,,,Arraia-Maeztu,%,Arraia-Maeztu,100.0
2022,Female,,,Arraia-Maeztu,%,Arraia-Maeztu,100.0
2023,Female,,,Arraia-Maeztu,%,Arraia-Maeztu,100.0
2023,Female,,,Arrankudiaga-Zollo,%,Arrankudiaga-Zollo,100.0
2022,Female,,,Arrankudiaga-Zollo,%,Arrankudiaga-Zollo,100.0
2021,Female,,,Arrankudiaga-Zollo,%,Arrankudiaga-Zollo,100.0
2021,Female,,,Arrasate/Mondragón,%,Arrasate/Mondragón,99.0
2022,Female,,,Arrasate/Mondragón,%,Arrasate/Mondragón,97.6
2023,Female,,,Arrasate/Mondragón,%,Arrasate/Mondragón,100.0
2021,Female,,,Arratzu,%,Arratzu,100.0
2022,Female,,,Arratzu,%,Arratzu,100.0
2023,Female,,,Arratzu,%,Arratzu,100.0
2023,Female,,,Arratzua-Ubarrundia,%,Arratzua-Ubarrundia,100.0
2022,Female,,,Arratzua-Ubarrundia,%,Arratzua-Ubarrundia,100.0
2021,Female,,,Arratzua-Ubarrundia,%,Arratzua-Ubarrundia,100.0
2023,Female,,,Arrieta,%,Arrieta,100.0
2021,Female,,,Arrieta,%,Arrieta,100.0
2022,Female,,,Arrigorriaga,%,Arrigorriaga,94.6
2023,Female,,,Arrigorriaga,%,Arrigorriaga,100.0
2021,Female,,,Arrigorriaga,%,Arrigorriaga,100.0
2023,Female,,,Artea,%,Artea,100.0
2022,Female,,,Artea,%,Artea,100.0
2021,Female,,,Artea,%,Artea,100.0
2022,Female,,,Artzentales,%,Artzentales,100.0
2023,Female,,,Artzentales,%,Artzentales,100.0
2021,Female,,,Artzentales,%,Artzentales,100.0
2021,Female,,,Artziniega,%,Artziniega,100.0
2023,Female,,,Artziniega,%,Artziniega,100.0
2022,Female,,,Artziniega,%,Artziniega,100.0
2023,Female,,,Asparrena,%,Asparrena,100.0
2022,Female,,,Asparrena,%,Asparrena,50.0
2021,Female,,,Asparrena,%,Asparrena,100.0
2021,Female,,,Asteasu,%,Asteasu,87.5
2023,Female,,,Asteasu,%,Asteasu,100.0
2022,Female,,,Asteasu,%,Asteasu,100.0
2021,Female,,,Astigarraga,%,Astigarraga,98.0
2022,Female,,,Astigarraga,%,Astigarraga,100.0
2023,Female,,,Astigarraga,%,Astigarraga,100.0
2021,Female,,,Ataun,%,Ataun,100.0
2023,Female,,,Ataun,%,Ataun,100.0
2022,Female,,,Ataun,%,Ataun,100.0
2021,Female,,,Atxondo,%,Atxondo,100.0
2023,Female,,,Atxondo,%,Atxondo,100.0
2022,Female,,,Atxondo,%,Atxondo,80.0
2022,Female,,,Aulesti,%,Aulesti,83.3
2021,Female,,,Aulesti,%,Aulesti,100.0
2021,Female,,,Ayala/Aiara,%,Ayala/Aiara,100.0
2022,Female,,,Ayala/Aiara,%,Ayala/Aiara,92.3
2023,Female,,,Ayala/Aiara,%,Ayala/Aiara,100.0
2023,Female,,,Azkoitia,%,Azkoitia,100.0
2021,Female,,,Azkoitia,%,Azkoitia,100.0
2022,Female,,,Azkoitia,%,Azkoitia,97.2
2023,Female,,,Azpeitia,%,Azpeitia,100.0
2022,Female,,,Azpeitia,%,Azpeitia,98.5
2021,Female,,,Azpeitia,%,Azpeitia,100.0
2023,Female,,,Bakio,%,Bakio,100.0
2021,Female,,,Bakio,%,Bakio,100.0
2022,Female,,,Bakio,%,Bakio,93.8
2022,Female,,,Baliarrain,%,Baliarrain,100.0
2023,Female,,,Balmaseda,%,Balmaseda,100.0
2022,Female,,,Balmaseda,%,Balmaseda,93.8
2021,Female,,,Balmaseda,%,Balmaseda,100.0
2021,Female,,,Baños de Ebro/Mañueta,%,Baños de Ebro/Mañueta,100.0
2022,Female,,,Baños de Ebro/Mañueta,%,Baños de Ebro/Mañueta,100.0
2022,Female,,,Barakaldo,%,Barakaldo,96.6
2021,Female,,,Barakaldo,%,Barakaldo,100.0
2023,Female,,,Barakaldo,%,Barakaldo,100.0
2023,Female,,,Barrika,%,Barrika,100.0
2021,Female,,,Barrika,%,Barrika,100.0
2022,Female,,,Barrika,%,Barrika,83.3
2022,Female,,,Barrundia,%,Barrundia,100.0
2023,Female,,,Barrundia,%,Barrundia,100.0
2021,Female,,,Barrundia,%,Barrundia,100.0
2022,Female,,,Basauri,%,Basauri,97.2
2023,Female,,,Basauri,%,Basauri,100.0
2021,Female,,,Basauri,%,Basauri,99.2
2021,Female,,,Beasain,%,Beasain,100.0
2022,Female,,,Beasain,%,Beasain,97.1
2023,Female,,,Beasain,%,Beasain,100.0
2022,Female,,,Bedia,%,Bedia,90.9
2023,Female,,,Bedia,%,Bedia,100.0
2021,Female,,,Bedia,%,Bedia,100.0
2021,Female,,,Beizama,%,Beizama,100.0
2022,Female,,,Belauntza,%,Belauntza,66.7
2021,Female,,,Belauntza,%,Belauntza,100.0
2023,Female,,,Belauntza,%,Belauntza,100.0
2023,Female,,,Berango,%,Berango,100.0
2021,Female,,,Berango,%,Berango,100.0
2022,Female,,,Berango,%,Berango,95.9
2023,Female,,,Berantevilla,%,Berantevilla,100.0
2021,Female,,,Berantevilla,%,Berantevilla,100.0
2022,Female,,,Berastegi,%,Berastegi,100.0
2021,Female,,,Berastegi,%,Berastegi,100.0
2023,Female,,,Berastegi,%,Berastegi,100.0
2021,Female,,,Bergara,%,Bergara,100.0
2023,Female,,,Bergara,%,Bergara,100.0
2022,Female,,,Bergara,%,Bergara,98.0
2021,Female,,,Bermeo,%,Bermeo,97.5
2023,Female,,,Bermeo,%,Bermeo,100.0
2022,Female,,,Bermeo,%,Bermeo,95.0
2022,Female,,,Bernedo,%,Bernedo,100.0
2021,Female,,,Bernedo,%,Bernedo,100.0
2023,Female,,,Berriatua,%,Berriatua,100.0
2021,Female,,,Berriatua,%,Berriatua,100.0
2022,Female,,,Berriatua,%,Berriatua,100.0
2023,Female,,,Berriz,%,Berriz,100.0
2022,Female,,,Berriz,%,Berriz,93.1
2021,Female,,,Berriz,%,Berriz,94.4
2021,Female,,,Berrobi,%,Berrobi,100.0
2022,Female,,,Berrobi,%,Berrobi,100.0
2023,Female,,,Berrobi,%,Berrobi,100.0
2021,Female,,,Bidania-Goiatz,%,Bidania-Goiatz,100.0
2022,Female,,,Bidania-Goiatz,%,Bidania-Goiatz,100.0
2023,Female,,,Bidania-Goiatz,%,Bidania-Goiatz,100.0
2022,Female,,,Bilbao,%,Bilbao,95.4
2021,Female,,,Bilbao,%,Bilbao,99.8
2023,Female,,,Bilbao,%,Bilbao,100.0
2023,Female,,,Busturia,%,Busturia,100.0
2021,Female,,,Busturia,%,Busturia,100.0
2022,Female,,,Busturia,%,Busturia,100.0
2022,Female,,,Campezo/Kanpezu,%,Campezo/Kanpezu,100.0
2023,Female,,,Campezo/Kanpezu,%,Campezo/Kanpezu,100.0
2021,Female,,,Campezo/Kanpezu,%,Campezo/Kanpezu,100.0
2022,Female,,,Deba,%,Deba,81.8
2023,Female,,,Deba,%,Deba,100.0
2021,Female,,,Deba,%,Deba,94.7
2023,Female,,,Derio,%,Derio,100.0
2022,Female,,,Derio,%,Derio,100.0
2021,Female,,,Derio,%,Derio,100.0
2022,Female,,,Dima,%,Dima,100.0
2021,Female,,,Dima,%,Dima,100.0
2023,Female,,,Dima,%,Dima,100.0
2021,Female,,,Donostia / San Sebastián,%,Donostia / San Sebastián,99.9
2022,Female,,,Donostia / San Sebastián,%,Donostia / San Sebastián,97.5
2023,Female,,,Donostia / San Sebastián,%,Donostia / San Sebastián,100.0
2023,Female,,,Durango,%,Durango,100.0
2021,Female,,,Durango,%,Durango,99.3
2022,Female,,,Durango,%,Durango,99.1
2023,Female,,,Ea,%,Ea,100.0
2021,Female,,,Ea,%,Ea,100.0
2022,Female,,,Ea,%,Ea,100.0
2021,Female,,,Eibar,%,Eibar,100.0
2022,Female,,,Eibar,%,Eibar,99.1
2023,Female,,,Eibar,%,Eibar,100.0
2021,Female,,,Elantxobe,%,Elantxobe,100.0
2022,Female,,,Elburgo/Burgelu,%,Elburgo/Burgelu,100.0
2023,Female,,,Elburgo/Burgelu,%,Elburgo/Burgelu,100.0
2021,Female,,,Elburgo/Burgelu,%,Elburgo/Burgelu,100.0
2023,Female,,,Elciego,%,Elciego,100.0
2022,Female,,,Elciego,%,Elciego,100.0
2021,Female,,,Elciego,%,Elciego,100.0
2021,Female,,,Elduain,%,Elduain,100.0
2022,Female,,,Elduain,%,Elduain,100.0
2021,Female,,,Elgeta,%,Elgeta,100.0
2023,Female,,,Elgeta,%,Elgeta,100.0
2022,Female,,,Elgeta,%,Elgeta,100.0
2023,Female,,,Elgoibar,%,Elgoibar,100.0
2022,Female,,,Elgoibar,%,Elgoibar,94.0
2021,Female,,,Elgoibar,%,Elgoibar,100.0
2022,Female,,,Elorrio,%,Elorrio,100.0
2023,Female,,,Elorrio,%,Elorrio,100.0
2021,Female,,,Elorrio,%,Elorrio,100.0
2023,Female,,,Elvillar/Bilar,%,Elvillar/Bilar,100.0
2022,Female,,,Elvillar/Bilar,%,Elvillar/Bilar,100.0
2021,Female,,,Elvillar/Bilar,%,Elvillar/Bilar,100.0
2021,Female,,,Erandio,%,Erandio,100.0
2022,Female,,,Erandio,%,Erandio,97.1
2023,Female,,,Erandio,%,Erandio,100.0
2022,Female,,,Ereño,%,Ereño,100.0
2023,Female,,,Ereño,%,Ereño,100.0
2021,Female,,,Ermua,%,Ermua,100.0
2023,Female,,,Ermua,%,Ermua,100.0
2022,Female,,,Ermua,%,Ermua,97.3
2021,Female,,,Errenteria,%,Errenteria,100.0
2023,Female,,,Errenteria,%,Errenteria,100.0
2022,Female,,,Errenteria,%,Errenteria,98.2
2021,Female,,,Errezil,%,Errezil,100.0
2022,Female,,,Errezil,%,Errezil,100.0
2023,Female,,,Errezil,%,Errezil,100.0
2022,Female,,,Erriberagoitia/Ribera Alta,%,Erriberagoitia/Ribera Alta,66.7
2021,Female,,,Erriberagoitia/Ribera Alta,%,Erriberagoitia/Ribera Alta,100.0
2023,Female,,,Erriberagoitia/Ribera Alta,%,Erriberagoitia/Ribera Alta,100.0
2022,Female,,,Errigoiti,%,Errigoiti,100.0
2021,Female,,,Errigoiti,%,Errigoiti,100.0
2022,Female,,,Eskoriatza,%,Eskoriatza,100.0
2023,Female,,,Eskoriatza,%,Eskoriatza,100.0
2021,Female,,,Eskoriatza,%,Eskoriatza,100.0
2022,Female,,,Etxebarri,%,Etxebarri,100.0
2023,Female,,,Etxebarri,%,Etxebarri,100.0
2021,Female,,,Etxebarri,%,Etxebarri,98.6
2022,Female,,,Etxebarria,%,Etxebarria,100.0
2023,Female,,,Etxebarria,%,Etxebarria,100.0
2021,Female,,,Etxebarria,%,Etxebarria,100.0
2022,Female,,,Ezkio-Itsaso,%,Ezkio-Itsaso,100.0
2021,Female,,,Ezkio-Itsaso,%,Ezkio-Itsaso,100.0
2023,Female,,,Ezkio-Itsaso,%,Ezkio-Itsaso,100.0
2023,Female,,,Forua,%,Forua,100.0
2021,Female,,,Forua,%,Forua,100.0
2022,Female,,,Forua,%,Forua,100.0
2023,Female,,,Fruiz,%,Fruiz,100.0
2021,Female,,,Fruiz,%,Fruiz,100.0
2022,Female,,,Fruiz,%,Fruiz,100.0
2021,Female,,,Gabiria,%,Gabiria,100.0
2022,Female,,,Gabiria,%,Gabiria,100.0
2023,Female,,,Gaintza,%,Gaintza,100.0
2022,Female,,,Galdakao,%,Galdakao,98.2
2023,Female,,,Galdakao,%,Galdakao,100.0
2021,Female,,,Galdakao,%,Galdakao,99.1
2023,Female,,,Galdames,%,Galdames,100.0
2021,Female,,,Galdames,%,Galdames,100.0
2022,Female,,,Galdames,%,Galdames,100.0
2023,Female,,,Gamiz-Fika,%,Gamiz-Fika,100.0
2022,Female,,,Gamiz-Fika,%,Gamiz-Fika,100.0
2021,Female,,,Gamiz-Fika,%,Gamiz-Fika,100.0
2021,Female,,,Garai,%,Garai,100.0
2023,Female,,,Garai,%,Garai,100.0
2022,Female,,,Garai,%,Garai,100.0
2022,Female,,,Gatika,%,Gatika,100.0
2023,Female,,,Gatika,%,Gatika,100.0
2021,Female,,,Gatika,%,Gatika,100.0
2023,Female,,,Gautegiz Arteaga,%,Gautegiz Arteaga,100.0
2022,Female,,,Gautegiz Arteaga,%,Gautegiz Arteaga,100.0
2021,Female,,,Gautegiz Arteaga,%,Gautegiz Arteaga,100.0
2022,Female,,,Gaztelu,%,Gaztelu,100.0
2023,Female,,,Gaztelu,%,Gaztelu,100.0
2021,Female,,,Gaztelu,%,Gaztelu,100.0
2021,Female,,,Gernika-Lumo,%,Gernika-Lumo,100.0
2022,Female,,,Gernika-Lumo,%,Gernika-Lumo,93.4
2023,Female,,,Gernika-Lumo,%,Gernika-Lumo,100.0
2022,Female,,,Getaria,%,Getaria,100.0
2021,Female,,,Getaria,%,Getaria,94.4
2023,Female,,,Getaria,%,Getaria,100.0
2023,Female,,,Getxo,%,Getxo,100.0
2022,Female,,,Getxo,%,Getxo,90.8
2021,Female,,,Getxo,%,Getxo,99.7
2022,Female,,,Gizaburuaga,%,Gizaburuaga,100.0
2021,Female,,,Gordexola,%,Gordexola,100.0
2023,Female,,,Gordexola,%,Gordexola,100.0
2022,Female,,,Gordexola,%,Gordexola,83.3
2021,Female,,,Gorliz,%,Gorliz,100.0
2022,Female,,,Gorliz,%,Gorliz,91.7
2023,Female,,,Gorliz,%,Gorliz,100.0
2023,Female,,,Güeñes,%,Güeñes,100.0
2021,Female,,,Güeñes,%,Güeñes,100.0
2022,Female,,,Güeñes,%,Güeñes,96.0
2022,Female,,,Harana/Valle de Arana,%,Harana/Valle de Arana,100.0
2022,Female,,,Hernani,%,Hernani,95.6
2021,Female,,,Hernani,%,Hernani,100.0
2023,Female,,,Hernani,%,Hernani,100.0
2022,Female,,,Hondarribia,%,Hondarribia,91.7
2023,Female,,,Hondarribia,%,Hondarribia,100.0
2021,Female,,,Hondarribia,%,Hondarribia,100.0
2022,Female,,,Ibarra,%,Ibarra,100.0
2021,Female,,,Ibarra,%,Ibarra,100.0
2023,Female,,,Ibarra,%,Ibarra,100.0
2021,Female,,,Ibarrangelu,%,Ibarrangelu,100.0
2023,Female,,,Ibarrangelu,%,Ibarrangelu,100.0
2022,Female,,,Idiazabal,%,Idiazabal,90.0
2021,Female,,,Idiazabal,%,Idiazabal,100.0
2023,Female,,,Idiazabal,%,Idiazabal,100.0
2023,Female,,,Igorre,%,Igorre,100.0
2022,Female,,,Igorre,%,Igorre,100.0
2021,Female,,,Igorre,%,Igorre,100.0
2023,Female,,,Ikaztegieta,%,Ikaztegieta,100.0
2021,Female,,,Ikaztegieta,%,Ikaztegieta,100.0
2022,Female,,,Ikaztegieta,%,Ikaztegieta,100.0
2021,Female,,,Irun,%,Irun,99.2
2023,Female,,,Irun,%,Irun,100.0
2022,Female,,,Irun,%,Irun,94.6
2021,Female,,,Iruña Oka/Iruña de Oca,%,Iruña Oka/Iruña de Oca,100.0
2023,Female,,,Iruña Oka/Iruña de Oca,%,Iruña Oka/Iruña de Oca,100.0
2022,Female,,,Iruña Oka/Iruña de Oca,%,Iruña Oka/Iruña de Oca,100.0
2022,Female,,,Irura,%,Irura,100.0
2021,Female,,,Irura,%,Irura,100.0
2023,Female,,,Irura,%,Irura,100.0
2023,Female,,,Iruraiz-Gauna,%,Iruraiz-Gauna,100.0
2021,Female,,,Iruraiz-Gauna,%,Iruraiz-Gauna,100.0
2022,Female,,,Iruraiz-Gauna,%,Iruraiz-Gauna,100.0
2022,Female,,,Ispaster,%,Ispaster,100.0
2023,Female,,,Ispaster,%,Ispaster,100.0
2021,Female,,,Ispaster,%,Ispaster,100.0
2022,Female,,,Itsasondo,%,Itsasondo,100.0
2023,Female,,,Itsasondo,%,Itsasondo,100.0
2021,Female,,,Iurreta,%,Iurreta,100.0
2023,Female,,,Iurreta,%,Iurreta,100.0
2022,Female,,,Iurreta,%,Iurreta,100.0
2021,Female,,,Izurtza,%,Izurtza,100.0
2022,Female,,,Karrantza Harana/Valle de Carranza,%,Karrantza Harana/Valle de Carranza,100.0
2021,Female,,,Karrantza Harana/Valle de Carranza,%,Karrantza Harana/Valle de Carranza,100.0
2023,Female,,,Karrantza Harana/Valle de Carranza,%,Karrantza Harana/Valle de Carranza,100.0
2022,Female,,,Kortezubi,%,Kortezubi,100.0
2021,Female,,,Kortezubi,%,Kortezubi,100.0
2023,Female,,,Kortezubi,%,Kortezubi,100.0
2021,Female,,,Kripan,%,Kripan,100.0
2022,Female,,,Kuartango,%,Kuartango,100.0
2023,Female,,,Kuartango,%,Kuartango,100.0
2021,Female,,,Kuartango,%,Kuartango,100.0
2022,Female,,,Labastida/Bastida,%,Labastida/Bastida,100.0
2023,Female,,,Labastida/Bastida,%,Labastida/Bastida,100.0
2021,Female,,,Labastida/Bastida,%,Labastida/Bastida,100.0
2021,Female,,,Lagrán,%,Lagrán,100.0
2021,Female,,,Laguardia,%,Laguardia,100.0
2023,Female,,,Laguardia,%,Laguardia,100.0
2022,Female,,,Laguardia,%,Laguardia,100.0
2021,Female,,,Lanciego/Lantziego,%,Lanciego/Lantziego,100.0
2023,Female,,,Lanciego/Lantziego,%,Lanciego/Lantziego,100.0
2022,Female,,,Lanciego/Lantziego,%,Lanciego/Lantziego,100.0
2022,Female,,,Lanestosa,%,Lanestosa,100.0
2021,Female,,,Lanestosa,%,Lanestosa,100.0
2023,Female,,,Lantarón,%,Lantarón,100.0
2021,Female,,,Lantarón,%,Lantarón,100.0
2022,Female,,,Lantarón,%,Lantarón,100.0
2023,Female,,,Lapuebla de Labarca,%,Lapuebla de Labarca,100.0
2022,Female,,,Lapuebla de Labarca,%,Lapuebla de Labarca,100.0
2021,Female,,,Lapuebla de Labarca,%,Lapuebla de Labarca,100.0
2021,Female,,,Larrabetzu,%,Larrabetzu,100.0
2022,Female,,,Larrabetzu,%,Larrabetzu,100.0
2023,Female,,,Larrabetzu,%,Larrabetzu,100.0
2023,Female,,,Larraul,%,Larraul,100.0
2022,Female,,,Lasarte-Oria,%,Lasarte-Oria,98.6
2023,Female,,,Lasarte-Oria,%,Lasarte-Oria,100.0
2021,Female,,,Lasarte-Oria,%,Lasarte-Oria,100.0
2022,Female,,,Laudio/Llodio,%,Laudio/Llodio,98.8
2023,Female,,,Laudio/Llodio,%,Laudio/Llodio,100.0
2021,Female,,,Laudio/Llodio,%,Laudio/Llodio,100.0
2022,Female,,,Laukiz,%,Laukiz,75.0
2021,Female,,,Laukiz,%,Laukiz,100.0
2023,Female,,,Laukiz,%,Laukiz,100.0
2021,Female,,,Lazkao,%,Lazkao,100.0
2023,Female,,,Lazkao,%,Lazkao,100.0
2022,Female,,,Lazkao,%,Lazkao,100.0
2022,Female,,,Leaburu,%,Leaburu,100.0
2023,Female,,,Leaburu,%,Leaburu,100.0
2021,Female,,,Leaburu,%,Leaburu,100.0
2022,Female,,,Legazpi,%,Legazpi,96.7
2023,Female,,,Legazpi,%,Legazpi,100.0
2021,Female,,,Legazpi,%,Legazpi,100.0
2023,Female,,,Legorreta,%,Legorreta,100.0
2022,Female,,,Legorreta,%,Legorreta,100.0
2021,Female,,,Legorreta,%,Legorreta,100.0
2023,Female,,,Legutio,%,Legutio,100.0
2021,Female,,,Legutio,%,Legutio,100.0
2022,Female,,,Legutio,%,Legutio,100.0
2021,Female,,,Leintz-Gatzaga,%,Leintz-Gatzaga,100.0
2023,Female,,,Leintz-Gatzaga,%,Leintz-Gatzaga,100.0
2023,Female,,,Leioa,%,Leioa,100.0
2021,Female,,,Leioa,%,Leioa,100.0
2022,Female,,,Leioa,%,Leioa,97.3
2022,Female,,,Lekeitio,%,Lekeitio,95.5
2023,Female,,,Lekeitio,%,Lekeitio,100.0
2021,Female,,,Lekeitio,%,Lekeitio,100.0
2021,Female,,,Lemoa,%,Lemoa,100.0
2023,Female,,,Lemoa,%,Lemoa,100.0
2022,Female,,,Lemoa,%,Lemoa,92.6
2022,Female,,,Lemoiz,%,Lemoiz,100.0
2021,Female,,,Lemoiz,%,Lemoiz,100.0
2023,Female,,,Lemoiz,%,Lemoiz,100.0
2021,Female,,,Leza,%,Leza,100.0
2023,Female,,,Leza,%,Leza,100.0
2023,Female,,,Lezama,%,Lezama,100.0
2021,Female,,,Lezama,%,Lezama,100.0
2022,Female,,,Lezama,%,Lezama,100.0
2023,Female,,,Lezo,%,Lezo,100.0
2022,Female,,,Lezo,%,Lezo,100.0
2021,Female,,,Lezo,%,Lezo,100.0
2022,Female,,,Lizartza,%,Lizartza,100.0
2021,Female,,,Lizartza,%,Lizartza,100.0
2023,Female,,,Lizartza,%,Lizartza,100.0
2023,Female,,,Loiu,%,Loiu,100.0
2021,Female,,,Loiu,%,Loiu,100.0
2022,Female,,,Loiu,%,Loiu,100.0
2023,Female,,,Mallabia,%,Mallabia,100.0
2021,Female,,,Mallabia,%,Mallabia,100.0
2022,Female,,,Mallabia,%,Mallabia,80.0
2021,Female,,,Mañaria,%,Mañaria,100.0
2022,Female,,,Mañaria,%,Mañaria,100.0
2023,Female,,,Mañaria,%,Mañaria,100.0
2022,Female,,,Markina-Xemein,%,Markina-Xemein,96.0
2023,Female,,,Markina-Xemein,%,Markina-Xemein,100.0
2021,Female,,,Markina-Xemein,%,Markina-Xemein,100.0
2023,Female,,,Maruri-Jatabe,%,Maruri-Jatabe,100.0
2022,Female,,,Maruri-Jatabe,%,Maruri-Jatabe,100.0
2021,Female,,,Maruri-Jatabe,%,Maruri-Jatabe,100.0
2023,Female,,,Mendaro,%,Mendaro,100.0
2022,Female,,,Mendaro,%,Mendaro,100.0
2021,Female,,,Mendaro,%,Mendaro,100.0
2023,Female,,,Mendata,%,Mendata,100.0
2021,Female,,,Mendata,%,Mendata,100.0
2022,Female,,,Mendexa,%,Mendexa,100.0
2021,Female,,,Mendexa,%,Mendexa,100.0
2021,Female,,,Meñaka,%,Meñaka,100.0
2023,Female,,,Meñaka,%,Meñaka,100.0
2022,Female,,,Meñaka,%,Meñaka,100.0
2022,Female,,,Moreda de Álava/Moreda Araba,%,Moreda de Álava/Moreda Araba,100.0
2023,Female,,,Moreda de Álava/Moreda Araba,%,Moreda de Álava/Moreda Araba,100.0
2022,Female,,,Morga,%,Morga,100.0
2022,Female,,,Mundaka,%,Mundaka,100.0
2023,Female,,,Mundaka,%,Mundaka,100.0
2021,Female,,,Mundaka,%,Mundaka,100.0
2021,Female,,,Mungia,%,Mungia,100.0
2023,Female,,,Mungia,%,Mungia,100.0
2022,Female,,,Mungia,%,Mungia,96.3
2021,Female,,,Munitibar-Arbatzegi Gerrikaitz,%,Munitibar-Arbatzegi Gerrikaitz,100.0
2023,Female,,,Munitibar-Arbatzegi Gerrikaitz,%,Munitibar-Arbatzegi Gerrikaitz,100.0
2022,Female,,,Munitibar-Arbatzegi Gerrikaitz,%,Munitibar-Arbatzegi Gerrikaitz,100.0
2022,Female,,,Murueta,%,Murueta,100.0
2023,Female,,,Murueta,%,Murueta,100.0
2021,Female,,,Murueta,%,Murueta,100.0
2023,Female,,,Muskiz,%,Muskiz,100.0
2021,Female,,,Muskiz,%,Muskiz,100.0
2022,Female,,,Muskiz,%,Muskiz,100.0
2023,Female,,,Mutiloa,%,Mutiloa,100.0
2022,Female,,,Mutiloa,%,Mutiloa,100.0
2021,Female,,,Mutriku,%,Mutriku,100.0
2023,Female,,,Mutriku,%,Mutriku,100.0
2022,Female,,,Mutriku,%,Mutriku,100.0
2021,Female,,,Muxika,%,Muxika,100.0
2022,Female,,,Muxika,%,Muxika,80.0
2023,Female,,,Muxika,%,Muxika,100.0
2023,Female,,,Nabarniz,%,Nabarniz,100.0
2022,Female,,,Nabarniz,%,Nabarniz,100.0
2021,Female,,,Nabarniz,%,Nabarniz,100.0
2021,Female,,,Navaridas,%,Navaridas,100.0
2021,Female,,,Oiartzun,%,Oiartzun,100.0
2022,Female,,,Oiartzun,%,Oiartzun,92.5
2023,Female,,,Oiartzun,%,Oiartzun,100.0
2021,Female,,,Okondo,%,Okondo,100.0
2023,Female,,,Okondo,%,Okondo,100.0
2022,Female,,,Okondo,%,Okondo,100.0
2022,Female,,,Olaberria,%,Olaberria,100.0
2021,Female,,,Olaberria,%,Olaberria,100.0
2023,Female,,,Olaberria,%,Olaberria,100.0
2021,Female,,,Ondarroa,%,Ondarroa,100.0
2022,Female,,,Ondarroa,%,Ondarroa,97.1
2023,Female,,,Ondarroa,%,Ondarroa,100.0
2021,Female,,,Oñati,%,Oñati,98.3
2022,Female,,,Oñati,%,Oñati,97.8
2023,Female,,,Oñati,%,Oñati,100.0
2021,Female,,,Ordizia,%,Ordizia,98.0
2023,Female,,,Ordizia,%,Ordizia,100.0
2022,Female,,,Ordizia,%,Ordizia,100.0
2022,Female,,,Orendain,%,Orendain,100.0
2021,Female,,,Orendain,%,Orendain,100.0
2021,Female,,,Orexa,%,Orexa,100.0
2021,Female,,,Orio,%,Orio,100.0
2023,Female,,,Orio,%,Orio,100.0
2022,Female,,,Orio,%,Orio,95.7
2023,Female,,,Ormaiztegi,%,Ormaiztegi,100.0
2021,Female,,,Ormaiztegi,%,Ormaiztegi,100.0
2022,Female,,,Ormaiztegi,%,Ormaiztegi,100.0
2021,Female,,,Orozko,%,Orozko,93.8
2022,Female,,,Orozko,%,Orozko,94.7
2023,Female,,,Orozko,%,Orozko,100.0
2022,Female,,,Ortuella,%,Ortuella,97.4
2023,Female,,,Ortuella,%,Ortuella,100.0
2021,Female,,,Ortuella,%,Ortuella,100.0
2021,Female,,,Otxandio,%,Otxandio,100.0
2023,Female,,,Otxandio,%,Otxandio,100.0
2022,Female,,,Otxandio,%,Otxandio,87.5
2023,Female,,,Oyón-Oion,%,Oyón-Oion,100.0
2022,Female,,,Oyón-Oion,%,Oyón-Oion,91.7
2021,Female,,,Oyón-Oion,%,Oyón-Oion,95.8
2023,Female,,,Pasaia,%,Pasaia,100.0
2022,Female,,,Pasaia,%,Pasaia,97.4
2021,Female,,,Pasaia,%,Pasaia,100.0
2023,Female,,,Peñacerrada-Urizaharra,%,Peñacerrada-Urizaharra,100.0
2021,Female,,,Plentzia,%,Plentzia,94.1
2023,Female,,,Plentzia,%,Plentzia,100.0
2022,Female,,,Plentzia,%,Plentzia,100.0
2022,Female,,,Portugalete,%,Portugalete,99.3
2023,Female,,,Portugalete,%,Portugalete,100.0
2021,Female,,,Portugalete,%,Portugalete,99.3
2021,Female,,,Ribera Baja/Erriberabeitia,%,Ribera Baja/Erriberabeitia,100.0
2022,Female,,,Ribera Baja/Erriberabeitia,%,Ribera Baja/Erriberabeitia,100.0
2023,Female,,,Ribera Baja/Erriberabeitia,%,Ribera Baja/Erriberabeitia,100.0
2023,Female,,,Samaniego,%,Samaniego,100.0
2022,Female,,,Samaniego,%,Samaniego,100.0
2021,Female,,,Samaniego,%,Samaniego,100.0
2022,Female,,,San Millán/Donemiliaga,%,San Millán/Donemiliaga,50.0
2023,Female,,,San Millán/Donemiliaga,%,San Millán/Donemiliaga,100.0
2023,Female,,,Santurtzi,%,Santurtzi,100.0
2021,Female,,,Santurtzi,%,Santurtzi,99.4
2022,Female,,,Santurtzi,%,Santurtzi,99.4
2023,Female,,,Segura,%,Segura,100.0
2021,Female,,,Segura,%,Segura,100.0
2022,Female,,,Segura,%,Segura,100.0
2021,Female,,,Sestao,%,Sestao,100.0
2022,Female,,,Sestao,%,Sestao,95.6
2023,Female,,,Sestao,%,Sestao,100.0
2021,Female,,,Sondika,%,Sondika,100.0
2022,Female,,,Sondika,%,Sondika,81.0
2023,Female,,,Sondika,%,Sondika,100.0
2023,Female,,,Sopela,%,Sopela,100.0
2022,Female,,,Sopela,%,Sopela,96.9
2021,Female,,,Sopela,%,Sopela,98.8
2023,Female,,,Sopuerta,%,Sopuerta,100.0
2022,Female,,,Sopuerta,%,Sopuerta,100.0
2021,Female,,,Sopuerta,%,Sopuerta,100.0
2023,Female,,,Soraluze-Placencia de las Armas,%,Soraluze-Placencia de las Armas,100.0
2022,Female,,,Soraluze-Placencia de las Armas,%,Soraluze-Placencia de las Armas,100.0
2021,Female,,,Soraluze-Placencia de las Armas,%,Soraluze-Placencia de las Armas,100.0
2021,Female,,,Sukarrieta,%,Sukarrieta,100.0
2022,Female,,,Sukarrieta,%,Sukarrieta,100.0
2023,Female,,,Sukarrieta,%,Sukarrieta,100.0
2022,Female,,,Tolosa,%,Tolosa,98.8
2021,Female,,,Tolosa,%,Tolosa,100.0
2023,Female,,,Tolosa,%,Tolosa,100.0
2021,Female,,,Trucios-Turtzioz,%,Trucios-Turtzioz,100.0
2022,Female,,,Trucios-Turtzioz,%,Trucios-Turtzioz,100.0
2023,Female,,,Trucios-Turtzioz,%,Trucios-Turtzioz,100.0
2021,Female,,,Ugao-Miraballes,%,Ugao-Miraballes,100.0
2022,Female,,,Ugao-Miraballes,%,Ugao-Miraballes,92.9
2023,Female,,,Ugao-Miraballes,%,Ugao-Miraballes,100.0
2021,Female,,,Urduliz,%,Urduliz,100.0
2022,Female,,,Urduliz,%,Urduliz,100.0
2023,Female,,,Urduliz,%,Urduliz,100.0
2023,Female,,,Urduña/Orduña,%,Urduña/Orduña,100.0
2022,Female,,,Urduña/Orduña,%,Urduña/Orduña,93.3
2021,Female,,,Urduña/Orduña,%,Urduña/Orduña,100.0
2021,Female,,,Urkabustaiz,%,Urkabustaiz,100.0
2023,Female,,,Urkabustaiz,%,Urkabustaiz,100.0
2022,Female,,,Urkabustaiz,%,Urkabustaiz,100.0
2021,Female,,,Urnieta,%,Urnieta,100.0
2023,Female,,,Urnieta,%,Urnieta,100.0
2022,Female,,,Urnieta,%,Urnieta,100.0
2022,Female,,,Urretxu,%,Urretxu,100.0
2021,Female,,,Urretxu,%,Urretxu,100.0
2023,Female,,,Urretxu,%,Urretxu,100.0
2022,Female,,,Usurbil,%,Usurbil,96.3
2021,Female,,,Usurbil,%,Usurbil,97.1
2023,Female,,,Usurbil,%,Usurbil,100.0
2021,Female,,,Valdegovía/Gaubea,%,Valdegovía/Gaubea,100.0
2023,Female,,,Valdegovía/Gaubea,%,Valdegovía/Gaubea,100.0
2022,Female,,,Valdegovía/Gaubea,%,Valdegovía/Gaubea,66.7
2022,Female,,,Valle de Trápaga-Trapagaran,%,Valle de Trápaga-Trapagaran,94.1
2023,Female,,,Valle de Trápaga-Trapagaran,%,Valle de Trápaga-Trapagaran,100.0
2021,Female,,,Valle de Trápaga-Trapagaran,%,Valle de Trápaga-Trapagaran,100.0
2023,Female,,,Villabona,%,Villabona,100.0
2022,Female,,,Villabona,%,Villabona,96.0
2021,Female,,,Villabona,%,Villabona,100.0
2023,Female,,,Villabuena de Álava/Eskuernaga,%,Villabuena de Álava/Eskuernaga,100.0
2022,Female,,,Villabuena de Álava/Eskuernaga,%,Villabuena de Álava/Eskuernaga,100.0
2021,Female,,,Villabuena de Álava/Eskuernaga,%,Villabuena de Álava/Eskuernaga,100.0
2021,Female,,,Vitoria-Gasteiz,%,Vitoria-Gasteiz,99.9
2022,Female,,,Vitoria-Gasteiz,%,Vitoria-Gasteiz,97.4
2023,Female,,,Vitoria-Gasteiz,%,Vitoria-Gasteiz,100.0
2021,Female,,,Yécora/Iekora,%,Yécora/Iekora,100.0
2023,Female,,,Yécora/Iekora,%,Yécora/Iekora,100.0
2023,Female,,,Zaldibar,%,Zaldibar,100.0
2021,Female,,,Zaldibar,%,Zaldibar,100.0
2022,Female,,,Zaldibar,%,Zaldibar,100.0
2023,Female,,,Zaldibia,%,Zaldibia,100.0
2022,Female,,,Zaldibia,%,Zaldibia,100.0
2021,Female,,,Zaldibia,%,Zaldibia,100.0
2022,Female,,,Zalduondo,%,Zalduondo,100.0
2021,Female,,,Zalduondo,%,Zalduondo,100.0
2023,Female,,,Zalduondo,%,Zalduondo,100.0
2021,Female,,,Zalla,%,Zalla,100.0
2022,Female,,,Zalla,%,Zalla,93.8
2023,Female,,,Zalla,%,Zalla,100.0
2021,Female,,,Zambrana,%,Zambrana,100.0
2022,Female,,,Zambrana,%,Zambrana,50.0
2023,Female,,,Zambrana,%,Zambrana,100.0
2023,Female,,,Zamudio,%,Zamudio,100.0
2022,Female,,,Zamudio,%,Zamudio,100.0
2021,Female,,,Zamudio,%,Zamudio,100.0
2022,Female,,,Zaratamo,%,Zaratamo,100.0
2021,Female,,,Zaratamo,%,Zaratamo,100.0
2023,Female,,,Zaratamo,%,Zaratamo,100.0
2022,Female,,,Zarautz,%,Zarautz,100.0
2021,Female,,,Zarautz,%,Zarautz,100.0
2023,Female,,,Zarautz,%,Zarautz,100.0
2022,Female,,,Zeanuri,%,Zeanuri,100.0
2021,Female,,,Zeanuri,%,Zeanuri,100.0
2023,Female,,,Zeanuri,%,Zeanuri,100.0
2023,Female,,,Zeberio,%,Zeberio,100.0
2021,Female,,,Zeberio,%,Zeberio,100.0
2022,Female,,,Zeberio,%,Zeberio,100.0
2023,Female,,,Zegama,%,Zegama,100.0
2022,Female,,,Zegama,%,Zegama,100.0
2021,Female,,,Zegama,%,Zegama,100.0
2021,Female,,,Zerain,%,Zerain,100.0
2022,Female,,,Zerain,%,Zerain,100.0
2021,Female,,,Zestoa,%,Zestoa,100.0
2022,Female,,,Zestoa,%,Zestoa,94.7
2023,Female,,,Zestoa,%,Zestoa,100.0
2022,Female,,,Zierbena,%,Zierbena,100.0
2023,Female,,,Zierbena,%,Zierbena,100.0
2021,Female,,,Zierbena,%,Zierbena,100.0
2023,Female,,,Zigoitia,%,Zigoitia,100.0
2022,Female,,,Zigoitia,%,Zigoitia,100.0
2021,Female,,,Zigoitia,%,Zigoitia,100.0
2021,Female,,,Ziortza-Bolibar,%,Ziortza-Bolibar,100.0
2023,Female,,,Ziortza-Bolibar,%,Ziortza-Bolibar,100.0
2022,Female,,,Ziortza-Bolibar,%,Ziortza-Bolibar,100.0
2021,Female,,,Zizurkil,%,Zizurkil,100.0
2023,Female,,,Zizurkil,%,Zizurkil,100.0
2022,Female,,,Zizurkil,%,Zizurkil,100.0
2022,Female,,,Zuia,%,Zuia,100.0
2023,Female,,,Zuia,%,Zuia,100.0
2021,Female,,,Zuia,%,Zuia,100.0
2022,Female,,,Zumaia,%,Zumaia,100.0
2021,Female,,,Zumaia,%,Zumaia,98.3
2023,Female,,,Zumaia,%,Zumaia,100.0
2021,Female,,,Zumarraga,%,Zumarraga,100.0
2022,Female,,,Zumarraga,%,Zumarraga,97.9
2023,Female,,,Zumarraga,%,Zumarraga,100.0
2023,Female,,Añana (county),,%,Añana (county),100.0
2022,Female,,Añana (county),,%,Añana (county),78.6
2021,Female,,Añana (county),,%,Añana (county),100.0
2022,Female,,Arabako Errioxa / Rioja Alavesa,,%,Arabako Errioxa / Rioja Alavesa,96.7
2021,Female,,Arabako Errioxa / Rioja Alavesa,,%,Arabako Errioxa / Rioja Alavesa,98.2
2023,Female,,Arabako Errioxa / Rioja Alavesa,,%,Arabako Errioxa / Rioja Alavesa,100.0
2022,Female,,Arabako Kantaurialdea / Cantábrica Alavesa,,%,Arabako Kantaurialdea / Cantábrica Alavesa,98.8
2021,Female,,Arabako Kantaurialdea / Cantábrica Alavesa,,%,Arabako Kantaurialdea / Cantábrica Alavesa,100.0
2023,Female,,Arabako Kantaurialdea / Cantábrica Alavesa,,%,Arabako Kantaurialdea / Cantábrica Alavesa,100.0
2021,Female,,Arabako Lautada / Llanada Alavesa,,%,Arabako Lautada / Llanada Alavesa,99.9
2023,Female,,Arabako Lautada / Llanada Alavesa,,%,Arabako Lautada / Llanada Alavesa,100.0
2022,Female,,Arabako Lautada / Llanada Alavesa,,%,Arabako Lautada / Llanada Alavesa,97.3
2021,Female,,Arabako Mendialdea / Montaña Alavesa,,%,Arabako Mendialdea / Montaña Alavesa,100.0
2022,Female,,Arabako Mendialdea / Montaña Alavesa,,%,Arabako Mendialdea / Montaña Alavesa,100.0
2023,Female,,Arabako Mendialdea / Montaña Alavesa,,%,Arabako Mendialdea / Montaña Alavesa,100.0
2022,Female,,Arratia Nerbioi / Arratia-Nervión,,%,Arratia Nerbioi / Arratia-Nervión,96.3
2021,Female,,Arratia Nerbioi / Arratia-Nervión,,%,Arratia Nerbioi / Arratia-Nervión,99.2
2023,Female,,Arratia Nerbioi / Arratia-Nervión,,%,Arratia Nerbioi / Arratia-Nervión,100.0
2023,Female,,Bidasoa Beherea / Bajo Bidasoa,,%,Bidasoa Beherea / Bajo Bidasoa,100.0
2022,Female,,Bidasoa Beherea / Bajo Bidasoa,,%,Bidasoa Beherea / Bajo Bidasoa,94.0
2021,Female,,Bidasoa Beherea / Bajo Bidasoa,,%,Bidasoa Beherea / Bajo Bidasoa,99.4
2023,Female,,Bilbo Handia / Gran Bilbao,,%,Bilbo Handia / Gran Bilbao,100.0
2021,Female,,Bilbo Handia / Gran Bilbao,,%,Bilbo Handia / Gran Bilbao,99.7
2022,Female,,Bilbo Handia / Gran Bilbao,,%,Bilbo Handia / Gran Bilbao,95.9
2021,Female,,Debabarrena / Bajo Deba,,%,Debabarrena / Bajo Deba,99.6
2022,Female,,Debabarrena / Bajo Deba,,%,Debabarrena / Bajo Deba,97.4
2023,Female,,Debabarrena / Bajo Deba,,%,Debabarrena / Bajo Deba,100.0
2022,Female,,Debagoiena / Alto Deba,,%,Debagoiena / Alto Deba,98.3
2023,Female,,Debagoiena / Alto Deba,,%,Debagoiena / Alto Deba,100.0
2021,Female,,Debagoiena / Alto Deba,,%,Debagoiena / Alto Deba,99.4
2023,Female,,Donostialdea,,%,Donostialdea,100.0
2021,Female,,Donostialdea,,%,Donostialdea,99.8
2022,Female,,Donostialdea,,%,Donostialdea,97.6
2021,Female,,Durangaldea / Duranguesado,,%,Durangaldea / Duranguesado,99.6
2023,Female,,Durangaldea / Duranguesado,,%,Durangaldea / Duranguesado,100.0
2022,Female,,Durangaldea / Duranguesado,,%,Durangaldea / Duranguesado,97.7
2023,Female,,Enkartazioak / Encartaciones,,%,Enkartazioak / Encartaciones,100.0
2022,Female,,Enkartazioak / Encartaciones,,%,Enkartazioak / Encartaciones,94.9
2021,Female,,Enkartazioak / Encartaciones,,%,Enkartazioak / Encartaciones,100.0
2023,Female,,Gernika-Bermeo,,%,Gernika-Bermeo,100.0
2021,Female,,Gernika-Bermeo,,%,Gernika-Bermeo,99.0
2022,Female,,Gernika-Bermeo,,%,Gernika-Bermeo,94.8
2023,Female,,Goierri,,%,Goierri,100.0
2022,Female,,Goierri,,%,Goierri,98.3
2021,Female,,Goierri,,%,Goierri,99.7
2023,Female,,Gorbeialdea / Estribaciones del Gorbea,,%,Gorbeialdea / Estribaciones del Gorbea,100.0
2021,Female,,Gorbeialdea / Estribaciones del Gorbea,,%,Gorbeialdea / Estribaciones del Gorbea,100.0
2022,Female,,Gorbeialdea / Estribaciones del Gorbea,,%,Gorbeialdea / Estribaciones del Gorbea,100.0
2021,Female,,Markina-Ondarroa,,%,Markina-Ondarroa,100.0
2023,Female,,Markina-Ondarroa,,%,Markina-Ondarroa,100.0
2022,Female,,Markina-Ondarroa,,%,Markina-Ondarroa,96.0
2022,Female,,Plentzia-Mungia,,%,Plentzia-Mungia,96.0
2023,Female,,Plentzia-Mungia,,%,Plentzia-Mungia,100.0
2021,Female,,Plentzia-Mungia,,%,Plentzia-Mungia,99.3
2023,Female,,Tolosaldea,,%,Tolosaldea,100.0
2021,Female,,Tolosaldea,,%,Tolosaldea,99.6
2022,Female,,Tolosaldea,,%,Tolosaldea,98.7
2021,Female,,Urola Kosta,,%,Urola Kosta,99.5
2023,Female,,Urola Kosta,,%,Urola Kosta,100.0
2022,Female,,Urola Kosta,,%,Urola Kosta,98.6
2023,Female,Araba/Álava,,,%,Araba/Álava,100.0
2022,Female,Araba/Álava,,,%,Araba/Álava,97.3
2021,Female,Araba/Álava,,,%,Araba/Álava,99.9
2021,Female,Bizkaia,,,%,Bizkaia,99.7
2022,Female,Bizkaia,,,%,Bizkaia,96.0
2023,Female,Bizkaia,,,%,Bizkaia,100.0
2023,Female,Gipuzkoa,,,%,Gipuzkoa,100.0
2022,Female,Gipuzkoa,,,%,Gipuzkoa,97.5
2021,Female,Gipuzkoa,,,%,Gipuzkoa,99.6
2022,Male,,,,%,,96.9
2023,Male,,,,%,,100.0
2021,Male,,,,%,,99.7
2022,Male,,,Abadiño,%,Abadiño,97.0
2021,Male,,,Abadiño,%,Abadiño,100.0
2023,Male,,,Abadiño,%,Abadiño,100.0
2022,Male,,,Abaltzisketa,%,Abaltzisketa,100.0
2023,Male,,,Abaltzisketa,%,Abaltzisketa,100.0
2021,Male,,,Abanto y Ciérvana-Abanto Zierbena,%,Abanto y Ciérvana-Abanto Zierbena,100.0
2023,Male,,,Abanto y Ciérvana-Abanto Zierbena,%,Abanto y Ciérvana-Abanto Zierbena,100.0
2022,Male,,,Abanto y Ciérvana-Abanto Zierbena,%,Abanto y Ciérvana-Abanto Zierbena,94.4
2022,Male,,,Aduna,%,Aduna,100.0
2021,Male,,,Aduna,%,Aduna,100.0
2023,Male,,,Aduna,%,Aduna,100.0
2021,Male,,,Agurain/Salvatierra,%,Agurain/Salvatierra,100.0
2022,Male,,,Agurain/Salvatierra,%,Agurain/Salvatierra,85.7
2023,Male,,,Agurain/Salvatierra,%,Agurain/Salvatierra,100.0
2023,Male,,,Aia,%,Aia,100.0
2021,Male,,,Aia,%,Aia,100.0
2022,Male,,,Aia,%,Aia,94.1
2023,Male,,,Aizarnazabal,%,Aizarnazabal,100.0
2022,Male,,,Aizarnazabal,%,Aizarnazabal,100.0
2021,Male,,,Aizarnazabal,%,Aizarnazabal,100.0
2022,Male,,,Ajangiz,%,Ajangiz,100.0
2023,Male,,,Ajangiz,%,Ajangiz,100.0
2021,Male,,,Ajangiz,%,Ajangiz,100.0
2023,Male,,,Albiztur,%,Albiztur,100.0
2022,Male,,,Albiztur,%,Albiztur,100.0
2021,Male,,,Albiztur,%,Albiztur,100.0
2022,Male,,,Alegia,%,Alegia,100.0
2021,Male,,,Alegia,%,Alegia,100.0
2023,Male,,,Alegia,%,Alegia,100.0
2022,Male,,,Alegría-Dulantzi,%,Alegría-Dulantzi,100.0
2021,Male,,,Alegría-Dulantzi,%,Alegría-Dulantzi,100.0
2023,Male,,,Alegría-Dulantzi,%,Alegría-Dulantzi,100.0
2023,Male,,,Alkiza,%,Alkiza,100.0
2022,Male,,,Alkiza,%,Alkiza,100.0
2021,Male,,,Alkiza,%,Alkiza,100.0
2021,Male,,,Alonsotegi,%,Alonsotegi,100.0
2023,Male,,,Alonsotegi,%,Alonsotegi,100.0
2022,Male,,,Alonsotegi,%,Alonsotegi,100.0
2022,Male,,,Altzaga,%,Altzaga,100.0
2021,Male,,,Altzo,%,Altzo,100.0
2023,Male,,,Altzo,%,Altzo,100.0
2022,Male,,,Altzo,%,Altzo,100.0
2022,Male,,,Amezketa,%,Amezketa,100.0
2021,Male,,,Amezketa,%,Amezketa,100.0
2023,Male,,,Amezketa,%,Amezketa,100.0
2023,Male,,,Amorebieta-Etxano,%,Amorebieta-Etxano,100.0
2021,Male,,,Amorebieta-Etxano,%,Amorebieta-Etxano,100.0
2022,Male,,,Amorebieta-Etxano,%,Amorebieta-Etxano,95.2
2023,Male,,,Amoroto,%,Amoroto,100.0
2021,Male,,,Amurrio,%,Amurrio,100.0
2023,Male,,,Amurrio,%,Amurrio,100.0
2022,Male,,,Amurrio,%,Amurrio,100.0
2023,Male,,,Andoain,%,Andoain,100.0
2021,Male,,,Andoain,%,Andoain,100.0
2022,Male,,,Andoain,%,Andoain,93.9
2021,Male,,,Anoeta,%,Anoeta,100.0
2022,Male,,,Anoeta,%,Anoeta,100.0
2023,Male,,,Anoeta,%,Anoeta,100.0
2022,Male,,,Antzuola,%,Antzuola,100.0
2023,Male,,,Antzuola,%,Antzuola,100.0
2021,Male,,,Antzuola,%,Antzuola,100.0
2022,Male,,,Añana,%,Añana,100.0
2021,Male,,,Arakaldo,%,Arakaldo,100.0
2022,Male,,,Arama,%,Arama,100.0
2021,Male,,,Arama,%,Arama,100.0
2022,Male,,,Aramaio,%,Aramaio,100.0
2021,Male,,,Aramaio,%,Aramaio,100.0
2023,Male,,,Aramaio,%,Aramaio,100.0
2023,Male,,,Arantzazu,%,Arantzazu,100.0
2022,Male,,,Arantzazu,%,Arantzazu,100.0
2021,Male,,,Arantzazu,%,Arantzazu,100.0
2023,Male,,,Areatza,%,Areatza,100.0
2021,Male,,,Areatza,%,Areatza,100.0
2022,Male,,,Areatza,%,Areatza,100.0
2022,Male,,,Aretxabaleta,%,Aretxabaleta,100.0
2021,Male,,,Aretxabaleta,%,Aretxabaleta,97.1
2023,Male,,,Aretxabaleta,%,Aretxabaleta,100.0
2021,Male,,,Armiñón,%,Armiñón,100.0
2022,Male,,,Armiñón,%,Armiñón,100.0
2021,Male,,,Arraia-Maeztu,%,Arraia-Maeztu,100.0
2023,Male,,,Arraia-Maeztu,%,Arraia-Maeztu,100.0
2022,Male,,,Arraia-Maeztu,%,Arraia-Maeztu,100.0
2023,Male,,,Arrankudiaga-Zollo,%,Arrankudiaga-Zollo,100.0
2021,Male,,,Arrankudiaga-Zollo,%,Arrankudiaga-Zollo,100.0
2022,Male,,,Arrasate/Mondragón,%,Arrasate/Mondragón,96.9
2023,Male,,,Arrasate/Mondragón,%,Arrasate/Mondragón,100.0
2021,Male,,,Arrasate/Mondragón,%,Arrasate/Mondragón,100.0
2022,Male,,,Arratzu,%,Arratzu,100.0
2021,Male,,,Arratzu,%,Arratzu,100.0
2023,Male,,,Arratzu,%,Arratzu,100.0
2022,Male,,,Arratzua-Ubarrundia,%,Arratzua-Ubarrundia,100.0
2023,Male,,,Arratzua-Ubarrundia,%,Arratzua-Ubarrundia,100.0
2021,Male,,,Arratzua-Ubarrundia,%,Arratzua-Ubarrundia,100.0
2022,Male,,,Arrieta,%,Arrieta,100.0
2023,Male,,,Arrieta,%,Arrieta,100.0
2021,Male,,,Arrigorriaga,%,Arrigorriaga,100.0
2022,Male,,,Arrigorriaga,%,Arrigorriaga,95.9
2023,Male,,,Arrigorriaga,%,Arrigorriaga,100.0
2022,Male,,,Artea,%,Artea,100.0
2023,Male,,,Artea,%,Artea,100.0
2021,Male,,,Artea,%,Artea,100.0
2022,Male,,,Artzentales,%,Artzentales,100.0
2023,Male,,,Artzentales,%,Artzentales,100.0
2021,Male,,,Artzentales,%,Artzentales,100.0
2023,Male,,,Artziniega,%,Artziniega,100.0
2021,Male,,,Artziniega,%,Artziniega,100.0
2022,Male,,,Artziniega,%,Artziniega,92.9
2021,Male,,,Asparrena,%,Asparrena,100.0
2023,Male,,,Asparrena,%,Asparrena,100.0
2022,Male,,,Asparrena,%,Asparrena,88.9
2021,Male,,,Asteasu,%,Asteasu,100.0
2022,Male,,,Asteasu,%,Asteasu,100.0
2023,Male,,,Asteasu,%,Asteasu,100.0
2021,Male,,,Astigarraga,%,Astigarraga,100.0
2022,Male,,,Astigarraga,%,Astigarraga,100.0
2023,Male,,,Astigarraga,%,Astigarraga,100.0
2022,Male,,,Ataun,%,Ataun,100.0
2023,Male,,,Ataun,%,Ataun,100.0
2021,Male,,,Ataun,%,Ataun,100.0
2022,Male,,,Atxondo,%,Atxondo,85.7
2021,Male,,,Atxondo,%,Atxondo,100.0
2023,Male,,,Atxondo,%,Atxondo,100.0
2021,Male,,,Aulesti,%,Aulesti,100.0
2023,Male,,,Aulesti,%,Aulesti,100.0
2022,Male,,,Aulesti,%,Aulesti,100.0
2023,Male,,,Ayala/Aiara,%,Ayala/Aiara,100.0
2021,Male,,,Ayala/Aiara,%,Ayala/Aiara,100.0
2022,Male,,,Ayala/Aiara,%,Ayala/Aiara,100.0
2023,Male,,,Azkoitia,%,Azkoitia,100.0
2022,Male,,,Azkoitia,%,Azkoitia,94.1
2021,Male,,,Azkoitia,%,Azkoitia,100.0
2021,Male,,,Azpeitia,%,Azpeitia,100.0
2022,Male,,,Azpeitia,%,Azpeitia,100.0
2023,Male,,,Azpeitia,%,Azpeitia,100.0
2021,Male,,,Bakio,%,Bakio,100.0
2022,Male,,,Bakio,%,Bakio,100.0
2023,Male,,,Bakio,%,Bakio,100.0
2021,Male,,,Baliarrain,%,Baliarrain,100.0
2022,Male,,,Baliarrain,%,Baliarrain,100.0
2022,Male,,,Balmaseda,%,Balmaseda,97.8
2023,Male,,,Balmaseda,%,Balmaseda,100.0
2021,Male,,,Balmaseda,%,Balmaseda,100.0
2021,Male,,,Barakaldo,%,Barakaldo,99.5
2023,Male,,,Barakaldo,%,Barakaldo,100.0
2022,Male,,,Barakaldo,%,Barakaldo,97.9
2021,Male,,,Barrika,%,Barrika,100.0
2023,Male,,,Barrika,%,Barrika,100.0
2022,Male,,,Barrika,%,Barrika,100.0
2021,Male,,,Barrundia,%,Barrundia,100.0
2022,Male,,,Barrundia,%,Barrundia,75.0
2023,Male,,,Barrundia,%,Barrundia,100.0
2022,Male,,,Basauri,%,Basauri,97.8
2021,Male,,,Basauri,%,Basauri,100.0
2023,Male,,,Basauri,%,Basauri,100.0
2023,Male,,,Beasain,%,Beasain,100.0
2022,Male,,,Beasain,%,Beasain,97.1
2021,Male,,,Beasain,%,Beasain,98.9
2023,Male,,,Bedia,%,Bedia,100.0
2021,Male,,,Bedia,%,Bedia,100.0
2022,Male,,,Bedia,%,Bedia,100.0
2022,Male,,,Beizama,%,Beizama,50.0
2021,Male,,,Belauntza,%,Belauntza,100.0
2023,Male,,,Belauntza,%,Belauntza,100.0
2022,Male,,,Belauntza,%,Belauntza,50.0
2021,Male,,,Berango,%,Berango,98.0
2023,Male,,,Berango,%,Berango,100.0
2022,Male,,,Berango,%,Berango,95.2
2022,Male,,,Berantevilla,%,Berantevilla,66.7
2023,Male,,,Berantevilla,%,Berantevilla,100.0
2021,Male,,,Berantevilla,%,Berantevilla,100.0
2021,Male,,,Berastegi,%,Berastegi,100.0
2023,Male,,,Berastegi,%,Berastegi,100.0
2022,Male,,,Berastegi,%,Berastegi,100.0
2023,Male,,,Bergara,%,Bergara,100.0
2021,Male,,,Bergara,%,Bergara,100.0
2022,Male,,,Bergara,%,Bergara,100.0
2021,Male,,,Bermeo,%,Bermeo,97.7
2023,Male,,,Bermeo,%,Bermeo,100.0
2022,Male,,,Bermeo,%,Bermeo,96.2
2022,Male,,,Bernedo,%,Bernedo,100.0
2023,Male,,,Bernedo,%,Bernedo,100.0
2021,Male,,,Berriatua,%,Berriatua,100.0
2023,Male,,,Berriatua,%,Berriatua,100.0
2022,Male,,,Berriatua,%,Berriatua,100.0
2023,Male,,,Berriz,%,Berriz,100.0
2022,Male,,,Berriz,%,Berriz,100.0
2021,Male,,,Berriz,%,Berriz,100.0
2021,Male,,,Berrobi,%,Berrobi,100.0
2023,Male,,,Berrobi,%,Berrobi,100.0
2022,Male,,,Berrobi,%,Berrobi,100.0
2021,Male,,,Bidania-Goiatz,%,Bidania-Goiatz,100.0
2022,Male,,,Bidania-Goiatz,%,Bidania-Goiatz,100.0
2021,Male,,,Bilbao,%,Bilbao,99.8
2023,Male,,,Bilbao,%,Bilbao,100.0
2022,Male,,,Bilbao,%,Bilbao,96.5
2023,Male,,,Busturia,%,Busturia,100.0
2021,Male,,,Busturia,%,Busturia,100.0
2022,Male,,,Busturia,%,Busturia,100.0
2023,Male,,,Campezo/Kanpezu,%,Campezo/Kanpezu,100.0
2021,Male,,,Campezo/Kanpezu,%,Campezo/Kanpezu,100.0
2023,Male,,,Deba,%,Deba,100.0
2022,Male,,,Deba,%,Deba,90.9
2021,Male,,,Deba,%,Deba,100.0
2021,Male,,,Derio,%,Derio,100.0
2023,Male,,,Derio,%,Derio,100.0
2022,Male,,,Derio,%,Derio,97.6
2021,Male,,,Dima,%,Dima,100.0
2022,Male,,,Dima,%,Dima,100.0
2021,Male,,,Donostia / San Sebastián,%,Donostia / San Sebastián,99.4
2023,Male,,,Donostia / San Sebastián,%,Donostia / San Sebastián,100.0
2022,Male,,,Donostia / San Sebastián,%,Donostia / San Sebastián,97.0
2022,Male,,,Durango,%,Durango,97.8
2023,Male,,,Durango,%,Durango,100.0
2021,Male,,,Durango,%,Durango,100.0
2022,Male,,,Ea,%,Ea,100.0
2021,Male,,,Ea,%,Ea,100.0
2023,Male,,,Ea,%,Ea,100.0
2022,Male,,,Eibar,%,Eibar,97.8
2023,Male,,,Eibar,%,Eibar,100.0
2021,Male,,,Eibar,%,Eibar,100.0
2022,Male,,,Elantxobe,%,Elantxobe,100.0
2021,Male,,,Elantxobe,%,Elantxobe,100.0
2023,Male,,,Elburgo/Burgelu,%,Elburgo/Burgelu,100.0
2021,Male,,,Elburgo/Burgelu,%,Elburgo/Burgelu,100.0
2022,Male,,,Elciego,%,Elciego,100.0
2023,Male,,,Elciego,%,Elciego,100.0
2021,Male,,,Elciego,%,Elciego,100.0
2023,Male,,,Elduain,%,Elduain,100.0
2023,Male,,,Elgeta,%,Elgeta,100.0
2021,Male,,,Elgeta,%,Elgeta,100.0
2022,Male,,,Elgeta,%,Elgeta,100.0
2023,Male,,,Elgoibar,%,Elgoibar,100.0
2021,Male,,,Elgoibar,%,Elgoibar,100.0
2022,Male,,,Elgoibar,%,Elgoibar,98.0
2023,Male,,,Elorrio,%,Elorrio,100.0
2022,Male,,,Elorrio,%,Elorrio,93.3
2021,Male,,,Elorrio,%,Elorrio,100.0
2022,Male,,,Elvillar/Bilar,%,Elvillar/Bilar,100.0
2021,Male,,,Elvillar/Bilar,%,Elvillar/Bilar,100.0
2023,Male,,,Elvillar/Bilar,%,Elvillar/Bilar,100.0
2021,Male,,,Erandio,%,Erandio,99.0
2023,Male,,,Erandio,%,Erandio,100.0
2022,Male,,,Erandio,%,Erandio,98.9
2023,Male,,,Ereño,%,Ereño,100.0
2021,Male,,,Ereño,%,Ereño,100.0
2023,Male,,,Ermua,%,Ermua,100.0
2022,Male,,,Ermua,%,Ermua,100.0
2021,Male,,,Ermua,%,Ermua,100.0
2023,Male,,,Errenteria,%,Errenteria,100.0
2021,Male,,,Errenteria,%,Errenteria,100.0
2022,Male,,,Errenteria,%,Errenteria,97.8
2023,Male,,,Errezil,%,Errezil,100.0
2022,Male,,,Errezil,%,Errezil,100.0
2021,Male,,,Errezil,%,Errezil,100.0
2023,Male,,,Erriberagoitia/Ribera Alta,%,Erriberagoitia/Ribera Alta,100.0
2022,Male,,,Erriberagoitia/Ribera Alta,%,Erriberagoitia/Ribera Alta,100.0
2021,Male,,,Erriberagoitia/Ribera Alta,%,Erriberagoitia/Ribera Alta,100.0
2022,Male,,,Errigoiti,%,Errigoiti,100.0
2023,Male,,,Errigoiti,%,Errigoiti,100.0
2021,Male,,,Errigoiti,%,Errigoiti,100.0
2021,Male,,,Eskoriatza,%,Eskoriatza,100.0
2022,Male,,,Eskoriatza,%,Eskoriatza,100.0
2023,Male,,,Eskoriatza,%,Eskoriatza,100.0
2021,Male,,,Etxebarri,%,Etxebarri,100.0
2022,Male,,,Etxebarri,%,Etxebarri,96.9
2023,Male,,,Etxebarri,%,Etxebarri,100.0
2022,Male,,,Etxebarria,%,Etxebarria,100.0
2023,Male,,,Etxebarria,%,Etxebarria,100.0
2021,Male,,,Etxebarria,%,Etxebarria,100.0
2023,Male,,,Ezkio-Itsaso,%,Ezkio-Itsaso,100.0
2021,Male,,,Ezkio-Itsaso,%,Ezkio-Itsaso,100.0
2022,Male,,,Ezkio-Itsaso,%,Ezkio-Itsaso,100.0
2023,Male,,,Forua,%,Forua,100.0
2021,Male,,,Forua,%,Forua,83.3
2022,Male,,,Forua,%,Forua,100.0
2022,Male,,,Fruiz,%,Fruiz,100.0
2021,Male,,,Fruiz,%,Fruiz,100.0
2022,Male,,,Gabiria,%,Gabiria,100.0
2023,Male,,,Gabiria,%,Gabiria,100.0
2021,Male,,,Gabiria,%,Gabiria,100.0
2023,Male,,,Gaintza,%,Gaintza,100.0
2021,Male,,,Gaintza,%,Gaintza,100.0
2021,Male,,,Galdakao,%,Galdakao,99.1
2022,Male,,,Galdakao,%,Galdakao,97.4
2023,Male,,,Galdakao,%,Galdakao,100.0
2021,Male,,,Galdames,%,Galdames,100.0
2022,Male,,,Galdames,%,Galdames,100.0
2023,Male,,,Galdames,%,Galdames,100.0
2022,Male,,,Gamiz-Fika,%,Gamiz-Fika,100.0
2021,Male,,,Gamiz-Fika,%,Gamiz-Fika,100.0
2023,Male,,,Gamiz-Fika,%,Gamiz-Fika,100.0
2022,Male,,,Garai,%,Garai,100.0
2021,Male,,,Garai,%,Garai,100.0
2022,Male,,,Gatika,%,Gatika,100.0
2021,Male,,,Gatika,%,Gatika,100.0
2023,Male,,,Gatika,%,Gatika,100.0
2022,Male,,,Gautegiz Arteaga,%,Gautegiz Arteaga,100.0
2023,Male,,,Gautegiz Arteaga,%,Gautegiz Arteaga,100.0
2021,Male,,,Gautegiz Arteaga,%,Gautegiz Arteaga,100.0
2022,Male,,,Gaztelu,%,Gaztelu,100.0
2023,Male,,,Gaztelu,%,Gaztelu,100.0
2021,Male,,,Gaztelu,%,Gaztelu,100.0
2023,Male,,,Gernika-Lumo,%,Gernika-Lumo,100.0
2021,Male,,,Gernika-Lumo,%,Gernika-Lumo,100.0
2022,Male,,,Gernika-Lumo,%,Gernika-Lumo,96.4
2023,Male,,,Getaria,%,Getaria,100.0
2021,Male,,,Getaria,%,Getaria,100.0
2022,Male,,,Getaria,%,Getaria,100.0
2023,Male,,,Getxo,%,Getxo,100.0
2022,Male,,,Getxo,%,Getxo,91.7
2021,Male,,,Getxo,%,Getxo,99.4
2021,Male,,,Gizaburuaga,%,Gizaburuaga,100.0
2022,Male,,,Gizaburuaga,%,Gizaburuaga,100.0
2021,Male,,,Gordexola,%,Gordexola,100.0
2023,Male,,,Gordexola,%,Gordexola,100.0
2022,Male,,,Gordexola,%,Gordexola,100.0
2022,Male,,,Gorliz,%,Gorliz,95.5
2023,Male,,,Gorliz,%,Gorliz,100.0
2021,Male,,,Gorliz,%,Gorliz,100.0
2023,Male,,,Güeñes,%,Güeñes,100.0
2022,Male,,,Güeñes,%,Güeñes,90.3
2021,Male,,,Güeñes,%,Güeñes,100.0
2021,Male,,,Hernani,%,Hernani,98.9
2023,Male,,,Hernani,%,Hernani,100.0
2022,Male,,,Hernani,%,Hernani,99.0
2023,Male,,,Hernialde,%,Hernialde,100.0
2021,Male,,,Hondarribia,%,Hondarribia,100.0
2022,Male,,,Hondarribia,%,Hondarribia,91.1
2023,Male,,,Hondarribia,%,Hondarribia,100.0
2023,Male,,,Ibarra,%,Ibarra,100.0
2021,Male,,,Ibarra,%,Ibarra,100.0
2022,Male,,,Ibarra,%,Ibarra,94.4
2023,Male,,,Ibarrangelu,%,Ibarrangelu,100.0
2021,Male,,,Ibarrangelu,%,Ibarrangelu,100.0
2022,Male,,,Ibarrangelu,%,Ibarrangelu,83.3
2023,Male,,,Idiazabal,%,Idiazabal,100.0
2022,Male,,,Idiazabal,%,Idiazabal,92.9
2021,Male,,,Idiazabal,%,Idiazabal,100.0
2021,Male,,,Igorre,%,Igorre,100.0
2022,Male,,,Igorre,%,Igorre,90.9
2023,Male,,,Igorre,%,Igorre,100.0
2022,Male,,,Ikaztegieta,%,Ikaztegieta,100.0
2021,Male,,,Ikaztegieta,%,Ikaztegieta,100.0
2023,Male,,,Ikaztegieta,%,Ikaztegieta,100.0
2023,Male,,,Irun,%,Irun,100.0
2021,Male,,,Irun,%,Irun,99.2
2022,Male,,,Irun,%,Irun,91.9
2023,Male,,,Iruña Oka/Iruña de Oca,%,Iruña Oka/Iruña de Oca,100.0
2021,Male,,,Iruña Oka/Iruña de Oca,%,Iruña Oka/Iruña de Oca,100.0
2022,Male,,,Iruña Oka/Iruña de Oca,%,Iruña Oka/Iruña de Oca,100.0
2021,Male,,,Irura,%,Irura,100.0
2022,Male,,,Irura,%,Irura,92.3
2023,Male,,,Irura,%,Irura,100.0
2022,Male,,,Iruraiz-Gauna,%,Iruraiz-Gauna,100.0
2021,Male,,,Iruraiz-Gauna,%,Iruraiz-Gauna,100.0
2023,Male,,,Ispaster,%,Ispaster,100.0
2021,Male,,,Ispaster,%,Ispaster,100.0
2022,Male,,,Ispaster,%,Ispaster,66.7
2023,Male,,,Itsasondo,%,Itsasondo,100.0
2022,Male,,,Itsasondo,%,Itsasondo,100.0
2021,Male,,,Itsasondo,%,Itsasondo,100.0
2023,Male,,,Iurreta,%,Iurreta,100.0
2022,Male,,,Iurreta,%,Iurreta,100.0
2021,Male,,,Iurreta,%,Iurreta,100.0
2021,Male,,,Izurtza,%,Izurtza,100.0
2023,Male,,,Karrantza Harana/Valle de Carranza,%,Karrantza Harana/Valle de Carranza,100.0
2022,Male,,,Karrantza Harana/Valle de Carranza,%,Karrantza Harana/Valle de Carranza,100.0
2021,Male,,,Karrantza Harana/Valle de Carranza,%,Karrantza Harana/Valle de Carranza,100.0
2022,Male,,,Kortezubi,%,Kortezubi,100.0
2021,Male,,,Kortezubi,%,Kortezubi,100.0
2023,Male,,,Kripan,%,Kripan,100.0
2021,Male,,,Kripan,%,Kripan,100.0
2023,Male,,,Kuartango,%,Kuartango,100.0
2022,Male,,,Kuartango,%,Kuartango,100.0
2021,Male,,,Kuartango,%,Kuartango,100.0
2022,Male,,,Labastida/Bastida,%,Labastida/Bastida,100.0
2023,Male,,,Labastida/Bastida,%,Labastida/Bastida,100.0
2021,Male,,,Labastida/Bastida,%,Labastida/Bastida,100.0
2022,Male,,,Lagrán,%,Lagrán,100.0
2021,Male,,,Laguardia,%,Laguardia,100.0
2023,Male,,,Laguardia,%,Laguardia,100.0
2022,Male,,,Laguardia,%,Laguardia,100.0
2021,Male,,,Lanciego/Lantziego,%,Lanciego/Lantziego,100.0
2022,Male,,,Lanciego/Lantziego,%,Lanciego/Lantziego,83.3
2023,Male,,,Lanciego/Lantziego,%,Lanciego/Lantziego,100.0
2023,Male,,,Lanestosa,%,Lanestosa,100.0
2021,Male,,,Lanestosa,%,Lanestosa,100.0
2023,Male,,,Lantarón,%,Lantarón,100.0
2021,Male,,,Lantarón,%,Lantarón,100.0
2022,Male,,,Lantarón,%,Lantarón,100.0
2021,Male,,,Lapuebla de Labarca,%,Lapuebla de Labarca,100.0
2023,Male,,,Lapuebla de Labarca,%,Lapuebla de Labarca,100.0
2022,Male,,,Lapuebla de Labarca,%,Lapuebla de Labarca,100.0
2022,Male,,,Larrabetzu,%,Larrabetzu,100.0
2023,Male,,,Larrabetzu,%,Larrabetzu,100.0
2021,Male,,,Larrabetzu,%,Larrabetzu,100.0
2023,Male,,,Larraul,%,Larraul,100.0
2022,Male,,,Larraul,%,Larraul,100.0
2022,Male,,,Lasarte-Oria,%,Lasarte-Oria,98.8
2023,Male,,,Lasarte-Oria,%,Lasarte-Oria,100.0
2021,Male,,,Lasarte-Oria,%,Lasarte-Oria,100.0
2021,Male,,,Laudio/Llodio,%,Laudio/Llodio,98.4
2023,Male,,,Laudio/Llodio,%,Laudio/Llodio,100.0
2022,Male,,,Laudio/Llodio,%,Laudio/Llodio,98.6
2021,Male,,,Laukiz,%,Laukiz,100.0
2023,Male,,,Laukiz,%,Laukiz,100.0
2022,Male,,,Laukiz,%,Laukiz,100.0
2023,Male,,,Lazkao,%,Lazkao,100.0
2022,Male,,,Lazkao,%,Lazkao,100.0
2021,Male,,,Lazkao,%,Lazkao,100.0
2023,Male,,,Leaburu,%,Leaburu,100.0
2022,Male,,,Leaburu,%,Leaburu,100.0
2021,Male,,,Leaburu,%,Leaburu,100.0
2021,Male,,,Legazpi,%,Legazpi,100.0
2023,Male,,,Legazpi,%,Legazpi,100.0
2022,Male,,,Legazpi,%,Legazpi,97.7
2022,Male,,,Legorreta,%,Legorreta,100.0
2021,Male,,,Legorreta,%,Legorreta,100.0
2023,Male,,,Legorreta,%,Legorreta,100.0
2022,Male,,,Legutio,%,Legutio,100.0
2021,Male,,,Legutio,%,Legutio,100.0
2023,Male,,,Legutio,%,Legutio,100.0
2021,Male,,,Leintz-Gatzaga,%,Leintz-Gatzaga,100.0
2022,Male,,,Leioa,%,Leioa,98.8
2023,Male,,,Leioa,%,Leioa,100.0
2021,Male,,,Leioa,%,Leioa,100.0
2023,Male,,,Lekeitio,%,Lekeitio,100.0
2021,Male,,,Lekeitio,%,Lekeitio,100.0
2022,Male,,,Lekeitio,%,Lekeitio,100.0
2021,Male,,,Lemoa,%,Lemoa,100.0
2022,Male,,,Lemoa,%,Lemoa,100.0
2023,Male,,,Lemoa,%,Lemoa,100.0
2023,Male,,,Lemoiz,%,Lemoiz,100.0
2022,Male,,,Lemoiz,%,Lemoiz,100.0
2021,Male,,,Lemoiz,%,Lemoiz,100.0
2023,Male,,,Leza,%,Leza,100.0
2022,Male,,,Lezama,%,Lezama,100.0
2021,Male,,,Lezama,%,Lezama,100.0
2023,Male,,,Lezama,%,Lezama,100.0
2021,Male,,,Lezo,%,Lezo,100.0
2023,Male,,,Lezo,%,Lezo,100.0
2022,Male,,,Lezo,%,Lezo,95.8
2021,Male,,,Lizartza,%,Lizartza,100.0
2022,Male,,,Lizartza,%,Lizartza,50.0
2023,Male,,,Lizartza,%,Lizartza,100.0
2022,Male,,,Loiu,%,Loiu,100.0
2021,Male,,,Loiu,%,Loiu,100.0
2023,Male,,,Loiu,%,Loiu,100.0
2023,Male,,,Mallabia,%,Mallabia,100.0
2021,Male,,,Mallabia,%,Mallabia,100.0
2022,Male,,,Mallabia,%,Mallabia,100.0
2023,Male,,,Mañaria,%,Mañaria,100.0
2021,Male,,,Mañaria,%,Mañaria,100.0
2022,Male,,,Mañaria,%,Mañaria,100.0
2022,Male,,,Markina-Xemein,%,Markina-Xemein,100.0
2023,Male,,,Markina-Xemein,%,Markina-Xemein,100.0
2021,Male,,,Markina-Xemein,%,Markina-Xemein,100.0
2022,Male,,,Maruri-Jatabe,%,Maruri-Jatabe,100.0
2023,Male,,,Maruri-Jatabe,%,Maruri-Jatabe,100.0
2021,Male,,,Maruri-Jatabe,%,Maruri-Jatabe,100.0
2021,Male,,,Mendaro,%,Mendaro,85.7
2023,Male,,,Mendaro,%,Mendaro,100.0
2022,Male,,,Mendaro,%,Mendaro,100.0
2023,Male,,,Mendata,%,Mendata,100.0
2021,Male,,,Mendata,%,Mendata,100.0
2022,Male,,,Mendata,%,Mendata,100.0
2022,Male,,,Mendexa,%,Mendexa,100.0
2023,Male,,,Mendexa,%,Mendexa,100.0
2021,Male,,,Mendexa,%,Mendexa,100.0
2021,Male,,,Meñaka,%,Meñaka,100.0
2023,Male,,,Meñaka,%,Meñaka,100.0
2022,Male,,,Meñaka,%,Meñaka,100.0
2023,Male,,,Moreda de Álava/Moreda Araba,%,Moreda de Álava/Moreda Araba,100.0
2022,Male,,,Moreda de Álava/Moreda Araba,%,Moreda de Álava/Moreda Araba,100.0
2022,Male,,,Morga,%,Morga,100.0
2023,Male,,,Morga,%,Morga,100.0
2021,Male,,,Morga,%,Morga,100.0
2022,Male,,,Mundaka,%,Mundaka,100.0
2023,Male,,,Mundaka,%,Mundaka,100.0
2021,Male,,,Mundaka,%,Mundaka,100.0
2023,Male,,,Mungia,%,Mungia,100.0
2021,Male,,,Mungia,%,Mungia,100.0
2022,Male,,,Mungia,%,Mungia,92.2
2023,Male,,,Munitibar-Arbatzegi Gerrikaitz,%,Munitibar-Arbatzegi Gerrikaitz,100.0
2022,Male,,,Munitibar-Arbatzegi Gerrikaitz,%,Munitibar-Arbatzegi Gerrikaitz,100.0
2021,Male,,,Munitibar-Arbatzegi Gerrikaitz,%,Munitibar-Arbatzegi Gerrikaitz,100.0
2023,Male,,,Murueta,%,Murueta,100.0
2022,Male,,,Murueta,%,Murueta,100.0
2021,Male,,,Muskiz,%,Muskiz,96.7
2023,Male,,,Muskiz,%,Muskiz,100.0
2022,Male,,,Muskiz,%,Muskiz,100.0
2022,Male,,,Mutiloa,%,Mutiloa,100.0
2023,Male,,,Mutriku,%,Mutriku,100.0
2022,Male,,,Mutriku,%,Mutriku,100.0
2021,Male,,,Mutriku,%,Mutriku,100.0
2021,Male,,,Muxika,%,Muxika,100.0
2023,Male,,,Muxika,%,Muxika,100.0
2022,Male,,,Muxika,%,Muxika,85.7
2023,Male,,,Nabarniz,%,Nabarniz,100.0
2022,Male,,,Nabarniz,%,Nabarniz,100.0
2021,Male,,,Nabarniz,%,Nabarniz,100.0
2021,Male,,,Oiartzun,%,Oiartzun,97.9
2023,Male,,,Oiartzun,%,Oiartzun,100.0
2022,Male,,,Oiartzun,%,Oiartzun,98.0
2023,Male,,,Okondo,%,Okondo,100.0
2022,Male,,,Okondo,%,Okondo,100.0
2021,Male,,,Okondo,%,Okondo,100.0
2022,Male,,,Olaberria,%,Olaberria,100.0
2021,Male,,,Olaberria,%,Olaberria,100.0
2023,Male,,,Ondarroa,%,Ondarroa,100.0
2021,Male,,,Ondarroa,%,Ondarroa,100.0
2022,Male,,,Ondarroa,%,Ondarroa,100.0
2023,Male,,,Oñati,%,Oñati,100.0
2021,Male,,,Oñati,%,Oñati,100.0
2022,Male,,,Oñati,%,Oñati,95.2
2023,Male,,,Ordizia,%,Ordizia,100.0
2021,Male,,,Ordizia,%,Ordizia,100.0
2022,Male,,,Ordizia,%,Ordizia,98.3
2023,Male,,,Orendain,%,Orendain,100.0
2022,Male,,,Orendain,%,Orendain,100.0
2023,Male,,,Orexa,%,Orexa,100.0
2021,Male,,,Orexa,%,Orexa,100.0
2023,Male,,,Orio,%,Orio,100.0
2022,Male,,,Orio,%,Orio,100.0
2021,Male,,,Orio,%,Orio,100.0
2023,Male,,,Ormaiztegi,%,Ormaiztegi,100.0
2022,Male,,,Ormaiztegi,%,Ormaiztegi,100.0
2021,Male,,,Ormaiztegi,%,Ormaiztegi,100.0
2021,Male,,,Orozko,%,Orozko,100.0
2023,Male,,,Orozko,%,Orozko,100.0
2022,Male,,,Orozko,%,Orozko,100.0
2023,Male,,,Ortuella,%,Ortuella,100.0
2022,Male,,,Ortuella,%,Ortuella,100.0
2021,Male,,,Ortuella,%,Ortuella,100.0
2021,Male,,,Otxandio,%,Otxandio,100.0
2022,Male,,,Otxandio,%,Otxandio,100.0
2023,Male,,,Otxandio,%,Otxandio,100.0
2023,Male,,,Oyón-Oion,%,Oyón-Oion,100.0
2022,Male,,,Oyón-Oion,%,Oyón-Oion,87.0
2021,Male,,,Oyón-Oion,%,Oyón-Oion,100.0
2022,Male,,,Pasaia,%,Pasaia,96.7
2023,Male,,,Pasaia,%,Pasaia,100.0
2021,Male,,,Pasaia,%,Pasaia,100.0
2021,Male,,,Peñacerrada-Urizaharra,%,Peñacerrada-Urizaharra,100.0
2023,Male,,,Plentzia,%,Plentzia,100.0
2021,Male,,,Plentzia,%,Plentzia,100.0
2022,Male,,,Plentzia,%,Plentzia,100.0
2023,Male,,,Portugalete,%,Portugalete,100.0
2022,Male,,,Portugalete,%,Portugalete,97.4
2021,Male,,,Portugalete,%,Portugalete,100.0
2021,Male,,,Ribera Baja/Erriberabeitia,%,Ribera Baja/Erriberabeitia,88.9
2022,Male,,,Ribera Baja/Erriberabeitia,%,Ribera Baja/Erriberabeitia,85.7
2023,Male,,,Ribera Baja/Erriberabeitia,%,Ribera Baja/Erriberabeitia,100.0
2022,Male,,,Samaniego,%,Samaniego,100.0
2023,Male,,,Samaniego,%,Samaniego,100.0
2022,Male,,,San Millán/Donemiliaga,%,San Millán/Donemiliaga,100.0
2023,Male,,,San Millán/Donemiliaga,%,San Millán/Donemiliaga,100.0
2021,Male,,,San Millán/Donemiliaga,%,San Millán/Donemiliaga,100.0
2021,Male,,,Santurtzi,%,Santurtzi,99.5
2023,Male,,,Santurtzi,%,Santurtzi,100.0
2022,Male,,,Santurtzi,%,Santurtzi,98.4
2021,Male,,,Segura,%,Segura,100.0
2022,Male,,,Segura,%,Segura,100.0
2023,Male,,,Segura,%,Segura,100.0
2022,Male,,,Sestao,%,Sestao,98.1
2023,Male,,,Sestao,%,Sestao,100.0
2021,Male,,,Sestao,%,Sestao,100.0
2021,Male,,,Sondika,%,Sondika,100.0
2023,Male,,,Sondika,%,Sondika,100.0
2022,Male,,,Sondika,%,Sondika,100.0
2022,Male,,,Sopela,%,Sopela,96.5
2023,Male,,,Sopela,%,Sopela,100.0
2021,Male,,,Sopela,%,Sopela,100.0
2021,Male,,,Sopuerta,%,Sopuerta,100.0
2023,Male,,,Sopuerta,%,Sopuerta,100.0
2022,Male,,,Sopuerta,%,Sopuerta,100.0
2022,Male,,,Soraluze-Placencia de las Armas,%,Soraluze-Placencia de las Armas,100.0
2021,Male,,,Soraluze-Placencia de las Armas,%,Soraluze-Placencia de las Armas,100.0
2023,Male,,,Soraluze-Placencia de las Armas,%,Soraluze-Placencia de las Armas,100.0
2022,Male,,,Sukarrieta,%,Sukarrieta,100.0
2023,Male,,,Sukarrieta,%,Sukarrieta,100.0
2021,Male,,,Tolosa,%,Tolosa,100.0
2023,Male,,,Tolosa,%,Tolosa,100.0
2022,Male,,,Tolosa,%,Tolosa,97.8
2021,Male,,,Trucios-Turtzioz,%,Trucios-Turtzioz,100.0
2022,Male,,,Trucios-Turtzioz,%,Trucios-Turtzioz,100.0
2023,Male,,,Trucios-Turtzioz,%,Trucios-Turtzioz,100.0
2022,Male,,,Ugao-Miraballes,%,Ugao-Miraballes,94.7
2023,Male,,,Ugao-Miraballes,%,Ugao-Miraballes,100.0
2021,Male,,,Ugao-Miraballes,%,Ugao-Miraballes,100.0
2021,Male,,,Urduliz,%,Urduliz,100.0
2022,Male,,,Urduliz,%,Urduliz,95.5
2023,Male,,,Urduliz,%,Urduliz,100.0
2022,Male,,,Urduña/Orduña,%,Urduña/Orduña,89.5
2023,Male,,,Urduña/Orduña,%,Urduña/Orduña,100.0
2021,Male,,,Urduña/Orduña,%,Urduña/Orduña,100.0
2023,Male,,,Urkabustaiz,%,Urkabustaiz,100.0
2021,Male,,,Urkabustaiz,%,Urkabustaiz,100.0
2022,Male,,,Urkabustaiz,%,Urkabustaiz,100.0
2023,Male,,,Urnieta,%,Urnieta,100.0
2021,Male,,,Urnieta,%,Urnieta,100.0
2022,Male,,,Urnieta,%,Urnieta,95.8
2023,Male,,,Urretxu,%,Urretxu,100.0
2022,Male,,,Urretxu,%,Urretxu,100.0
2021,Male,,,Urretxu,%,Urretxu,100.0
2023,Male,,,Usurbil,%,Usurbil,100.0
2021,Male,,,Usurbil,%,Usurbil,100.0
2022,Male,,,Usurbil,%,Usurbil,100.0
2022,Male,,,Valdegovía/Gaubea,%,Valdegovía/Gaubea,100.0
2023,Male,,,Valdegovía/Gaubea,%,Valdegovía/Gaubea,100.0
2021,Male,,,Valdegovía/Gaubea,%,Valdegovía/Gaubea,100.0
2021,Male,,,Valle de Trápaga-Trapagaran,%,Valle de Trápaga-Trapagaran,100.0
2023,Male,,,Valle de Trápaga-Trapagaran,%,Valle de Trápaga-Trapagaran,100.0
2022,Male,,,Valle de Trápaga-Trapagaran,%,Valle de Trápaga-Trapagaran,97.5
2021,Male,,,Villabona,%,Villabona,100.0
2022,Male,,,Villabona,%,Villabona,100.0
2023,Male,,,Villabona,%,Villabona,100.0
2022,Male,,,Vitoria-Gasteiz,%,Vitoria-Gasteiz,97.2
2021,Male,,,Vitoria-Gasteiz,%,Vitoria-Gasteiz,99.8
2023,Male,,,Vitoria-Gasteiz,%,Vitoria-Gasteiz,100.0
2023,Male,,,Yécora/Iekora,%,Yécora/Iekora,100.0
2021,Male,,,Zaldibar,%,Zaldibar,100.0
2022,Male,,,Zaldibar,%,Zaldibar,92.9
2023,Male,,,Zaldibar,%,Zaldibar,100.0
2023,Male,,,Zaldibia,%,Zaldibia,100.0
2021,Male,,,Zaldibia,%,Zaldibia,100.0
2022,Male,,,Zaldibia,%,Zaldibia,90.0
2022,Male,,,Zalduondo,%,Zalduondo,100.0
2022,Male,,,Zalla,%,Zalla,89.5
2021,Male,,,Zalla,%,Zalla,100.0
2023,Male,,,Zalla,%,Zalla,100.0
2021,Male,,,Zambrana,%,Zambrana,100.0
2022,Male,,,Zambrana,%,Zambrana,33.3
2022,Male,,,Zamudio,%,Zamudio,93.8
2023,Male,,,Zamudio,%,Zamudio,100.0
2021,Male,,,Zamudio,%,Zamudio,100.0
2021,Male,,,Zaratamo,%,Zaratamo,100.0
2023,Male,,,Zaratamo,%,Zaratamo,100.0
2022,Male,,,Zaratamo,%,Zaratamo,100.0
2022,Male,,,Zarautz,%,Zarautz,100.0
2023,Male,,,Zarautz,%,Zarautz,100.0
2021,Male,,,Zarautz,%,Zarautz,100.0
2023,Male,,,Zeanuri,%,Zeanuri,100.0
2022,Male,,,Zeanuri,%,Zeanuri,100.0
2021,Male,,,Zeanuri,%,Zeanuri,100.0
2022,Male,,,Zeberio,%,Zeberio,100.0
2023,Male,,,Zeberio,%,Zeberio,100.0
2021,Male,,,Zeberio,%,Zeberio,100.0
2023,Male,,,Zegama,%,Zegama,100.0
2022,Male,,,Zegama,%,Zegama,100.0
2021,Male,,,Zegama,%,Zegama,100.0
2023,Male,,,Zerain,%,Zerain,100.0
2022,Male,,,Zerain,%,Zerain,100.0
2023,Male,,,Zestoa,%,Zestoa,100.0
2022,Male,,,Zestoa,%,Zestoa,95.5
2021,Male,,,Zestoa,%,Zestoa,100.0
2022,Male,,,Zierbena,%,Zierbena,100.0
2021,Male,,,Zierbena,%,Zierbena,100.0
2023,Male,,,Zierbena,%,Zierbena,100.0
2021,Male,,,Zigoitia,%,Zigoitia,100.0
2023,Male,,,Zigoitia,%,Zigoitia,100.0
2022,Male,,,Zigoitia,%,Zigoitia,77.8
2021,Male,,,Ziortza-Bolibar,%,Ziortza-Bolibar,100.0
2023,Male,,,Ziortza-Bolibar,%,Ziortza-Bolibar,100.0
2021,Male,,,Zizurkil,%,Zizurkil,100.0
2022,Male,,,Zizurkil,%,Zizurkil,100.0
2023,Male,,,Zizurkil,%,Zizurkil,100.0
2022,Male,,,Zuia,%,Zuia,100.0
2023,Male,,,Zuia,%,Zuia,100.0
2021,Male,,,Zuia,%,Zuia,100.0
2023,Male,,,Zumaia,%,Zumaia,100.0
2021,Male,,,Zumaia,%,Zumaia,100.0
2022,Male,,,Zumaia,%,Zumaia,98.3
2022,Male,,,Zumarraga,%,Zumarraga,100.0
2021,Male,,,Zumarraga,%,Zumarraga,98.2
2023,Male,,,Zumarraga,%,Zumarraga,100.0
2022,Male,,Añana (county),,%,Añana (county),84.0
2023,Male,,Añana (county),,%,Añana (county),100.0
2021,Male,,Añana (county),,%,Añana (county),97.1
2022,Male,,Arabako Errioxa / Rioja Alavesa,,%,Arabako Errioxa / Rioja Alavesa,92.0
2021,Male,,Arabako Errioxa / Rioja Alavesa,,%,Arabako Errioxa / Rioja Alavesa,100.0
2023,Male,,Arabako Errioxa / Rioja Alavesa,,%,Arabako Errioxa / Rioja Alavesa,100.0
2021,Male,,Arabako Kantaurialdea / Cantábrica Alavesa,,%,Arabako Kantaurialdea / Cantábrica Alavesa,99.4
2022,Male,,Arabako Kantaurialdea / Cantábrica Alavesa,,%,Arabako Kantaurialdea / Cantábrica Alavesa,98.8
2023,Male,,Arabako Kantaurialdea / Cantábrica Alavesa,,%,Arabako Kantaurialdea / Cantábrica Alavesa,100.0
2023,Male,,Arabako Lautada / Llanada Alavesa,,%,Arabako Lautada / Llanada Alavesa,100.0
2021,Male,,Arabako Lautada / Llanada Alavesa,,%,Arabako Lautada / Llanada Alavesa,99.9
2022,Male,,Arabako Lautada / Llanada Alavesa,,%,Arabako Lautada / Llanada Alavesa,96.9
2021,Male,,Arabako Mendialdea / Montaña Alavesa,,%,Arabako Mendialdea / Montaña Alavesa,100.0
2023,Male,,Arabako Mendialdea / Montaña Alavesa,,%,Arabako Mendialdea / Montaña Alavesa,100.0
2022,Male,,Arabako Mendialdea / Montaña Alavesa,,%,Arabako Mendialdea / Montaña Alavesa,100.0
2022,Male,,Arratia Nerbioi / Arratia-Nervión,,%,Arratia Nerbioi / Arratia-Nervión,95.9
2021,Male,,Arratia Nerbioi / Arratia-Nervión,,%,Arratia Nerbioi / Arratia-Nervión,100.0
2023,Male,,Arratia Nerbioi / Arratia-Nervión,,%,Arratia Nerbioi / Arratia-Nervión,100.0
2022,Male,,Bidasoa Beherea / Bajo Bidasoa,,%,Bidasoa Beherea / Bajo Bidasoa,91.8
2021,Male,,Bidasoa Beherea / Bajo Bidasoa,,%,Bidasoa Beherea / Bajo Bidasoa,99.4
2023,Male,,Bidasoa Beherea / Bajo Bidasoa,,%,Bidasoa Beherea / Bajo Bidasoa,100.0
2021,Male,,Bilbo Handia / Gran Bilbao,,%,Bilbo Handia / Gran Bilbao,99.7
2023,Male,,Bilbo Handia / Gran Bilbao,,%,Bilbo Handia / Gran Bilbao,100.0
2022,Male,,Bilbo Handia / Gran Bilbao,,%,Bilbo Handia / Gran Bilbao,96.9
2022,Male,,Debabarrena / Bajo Deba,,%,Debabarrena / Bajo Deba,97.8
2023,Male,,Debabarrena / Bajo Deba,,%,Debabarrena / Bajo Deba,100.0
2021,Male,,Debabarrena / Bajo Deba,,%,Debabarrena / Bajo Deba,99.6
2023,Male,,Debagoiena / Alto Deba,,%,Debagoiena / Alto Deba,100.0
2021,Male,,Debagoiena / Alto Deba,,%,Debagoiena / Alto Deba,99.7
2022,Male,,Debagoiena / Alto Deba,,%,Debagoiena / Alto Deba,97.8
2023,Male,,Donostialdea,,%,Donostialdea,100.0
2022,Male,,Donostialdea,,%,Donostialdea,97.4
2021,Male,,Donostialdea,,%,Donostialdea,99.6
2023,Male,,Durangaldea / Duranguesado,,%,Durangaldea / Duranguesado,100.0
2022,Male,,Durangaldea / Duranguesado,,%,Durangaldea / Duranguesado,97.1
2021,Male,,Durangaldea / Duranguesado,,%,Durangaldea / Duranguesado,100.0
2022,Male,,Enkartazioak / Encartaciones,,%,Enkartazioak / Encartaciones,94.9
2021,Male,,Enkartazioak / Encartaciones,,%,Enkartazioak / Encartaciones,100.0
2023,Male,,Enkartazioak / Encartaciones,,%,Enkartazioak / Encartaciones,100.0
2021,Male,,Gernika-Bermeo,,%,Gernika-Bermeo,98.7
2022,Male,,Gernika-Bermeo,,%,Gernika-Bermeo,96.3
2023,Male,,Gernika-Bermeo,,%,Gernika-Bermeo,100.0
2021,Male,,Goierri,,%,Goierri,99.4
2022,Male,,Goierri,,%,Goierri,98.2
2023,Male,,Goierri,,%,Goierri,100.0
2021,Male,,Gorbeialdea / Estribaciones del Gorbea,,%,Gorbeialdea / Estribaciones del Gorbea,100.0
2023,Male,,Gorbeialdea / Estribaciones del Gorbea,,%,Gorbeialdea / Estribaciones del Gorbea,100.0
2022,Male,,Gorbeialdea / Estribaciones del Gorbea,,%,Gorbeialdea / Estribaciones del Gorbea,94.9
2023,Male,,Markina-Ondarroa,,%,Markina-Ondarroa,100.0
2021,Male,,Markina-Ondarroa,,%,Markina-Ondarroa,100.0
2022,Male,,Markina-Ondarroa,,%,Markina-Ondarroa,99.0
2022,Male,,Plentzia-Mungia,,%,Plentzia-Mungia,96.2
2023,Male,,Plentzia-Mungia,,%,Plentzia-Mungia,100.0
2021,Male,,Plentzia-Mungia,,%,Plentzia-Mungia,100.0
2023,Male,,Tolosaldea,,%,Tolosaldea,100.0
2022,Male,,Tolosaldea,,%,Tolosaldea,97.6
2021,Male,,Tolosaldea,,%,Tolosaldea,100.0
2022,Male,,Urola Kosta,,%,Urola Kosta,98.0
2023,Male,,Urola Kosta,,%,Urola Kosta,100.0
2021,Male,,Urola Kosta,,%,Urola Kosta,100.0
2021,Male,Araba/Álava,,,%,Araba/Álava,99.8
2022,Male,Araba/Álava,,,%,Araba/Álava,96.7
2023,Male,Araba/Álava,,,%,Araba/Álava,100.0
2021,Male,Bizkaia,,,%,Bizkaia,99.7
2022,Male,Bizkaia,,,%,Bizkaia,96.8
2023,Male,Bizkaia,,,%,Bizkaia,100.0
2022,Male,Gipuzkoa,,,%,Gipuzkoa,97.2
2023,Male,Gipuzkoa,,,%,Gipuzkoa,100.0
2021,Male,Gipuzkoa,,,%,Gipuzkoa,99.6
