Year,Sex,Habilidad_IT,Edad,Province,Units,Value
2019,,ICTCPT,Y16T74,,Percentage,55.36
2019,,ICTPST,Y16T74,,Percentage,42.23
2019,,ICTSSHT,Y16T74,,Percentage,41.92
2019,,ICTPRGM,Y16T74,,Percentage,5.56
2019,,ICTTRFF,Y16T74,,Percentage,51.89
2019,,ICTSFWR,Y16T74,,Percentage,53.92
2019,,ICTPRVCY,Y16T74,,Percentage,15.99
2019,,,Y16T74,,Percentage,67.04
2019,,ICTCPT,Y16T74,Araba/Álava,Percentage,55.76
2019,,ICTPST,Y16T74,Araba/Álava,Percentage,41.77
2019,,ICTSSHT,Y16T74,Araba/Álava,Percentage,42.89
2019,,ICTPRGM,Y16T74,Araba/Álava,Percentage,5.27
2019,,ICTTRFF,Y16T74,Araba/Álava,Percentage,51.64
2019,,ICTSFWR,Y16T74,Araba/Álava,Percentage,54.49
2019,,ICTPRVCY,Y16T74,Araba/Álava,Percentage,16.17
2019,,,Y16T74,Araba/Álava,Percentage,68.53
2019,,ICTCPT,Y16T74,Gipuzkoa,Percentage,54.5
2019,,ICTPST,Y16T74,Gipuzkoa,Percentage,42.21
2019,,ICTSSHT,Y16T74,Gipuzkoa,Percentage,42.77
2019,,ICTPRGM,Y16T74,Gipuzkoa,Percentage,5.24
2019,,ICTTRFF,Y16T74,Gipuzkoa,Percentage,50.59
2019,,ICTSFWR,Y16T74,Gipuzkoa,Percentage,51.65
2019,,ICTPRVCY,Y16T74,Gipuzkoa,Percentage,14.73
2019,,,Y16T74,Gipuzkoa,Percentage,65.24
2019,,ICTCPT,Y16T74,Bizkaia,Percentage,55.79
2019,,ICTPST,Y16T74,Bizkaia,Percentage,42.38
2019,,ICTSSHT,Y16T74,Bizkaia,Percentage,41.11
2019,,ICTPRGM,Y16T74,Bizkaia,Percentage,5.83
2019,,ICTTRFF,Y16T74,Bizkaia,Percentage,52.78
2019,,ICTSFWR,Y16T74,Bizkaia,Percentage,55.18
2019,,ICTPRVCY,Y16T74,Bizkaia,Percentage,16.73
2019,,,Y16T74,Bizkaia,Percentage,67.74
2019,,ICTCPT,Y16T24,,Percentage,89.41
2019,,ICTPST,Y16T24,,Percentage,85.32
2019,,ICTSSHT,Y16T24,,Percentage,70.08
2019,,ICTPRGM,Y16T24,,Percentage,12.34
2019,,ICTTRFF,Y16T24,,Percentage,84.87
2019,,ICTSFWR,Y16T24,,Percentage,83.37
2019,,ICTPRVCY,Y16T24,,Percentage,26.84
2019,,,Y16T24,,Percentage,95.75
2019,,ICTCPT,Y16T24,Araba/Álava,Percentage,91.07
2019,,ICTPST,Y16T24,Araba/Álava,Percentage,89.2
2019,,ICTSSHT,Y16T24,Araba/Álava,Percentage,70.0
2019,,ICTPRGM,Y16T24,Araba/Álava,Percentage,10.56
2019,,ICTTRFF,Y16T24,Araba/Álava,Percentage,84.7
2019,,ICTSFWR,Y16T24,Araba/Álava,Percentage,82.82
2019,,ICTPRVCY,Y16T24,Araba/Álava,Percentage,24.81
2019,,,Y16T24,Araba/Álava,Percentage,95.61
2019,,ICTCPT,Y16T24,Gipuzkoa,Percentage,87.91
2019,,ICTPST,Y16T24,Gipuzkoa,Percentage,79.9
2019,,ICTSSHT,Y16T24,Gipuzkoa,Percentage,71.5
2019,,ICTPRGM,Y16T24,Gipuzkoa,Percentage,10.54
2019,,ICTTRFF,Y16T24,Gipuzkoa,Percentage,80.35
2019,,ICTSFWR,Y16T24,Gipuzkoa,Percentage,81.54
2019,,ICTPRVCY,Y16T24,Gipuzkoa,Percentage,26.03
2019,,,Y16T24,Gipuzkoa,Percentage,94.0
2019,,ICTCPT,Y16T24,Bizkaia,Percentage,90.0
2019,,ICTPST,Y16T24,Bizkaia,Percentage,88.1
2019,,ICTSSHT,Y16T24,Bizkaia,Percentage,69.07
2019,,ICTPRGM,Y16T24,Bizkaia,Percentage,14.19
2019,,ICTTRFF,Y16T24,Bizkaia,Percentage,88.2
2019,,ICTSFWR,Y16T24,Bizkaia,Percentage,84.86
2019,,ICTPRVCY,Y16T24,Bizkaia,Percentage,28.04
2019,,,Y16T24,Bizkaia,Percentage,97.06
2019,,ICTCPT,Y25T74,,Percentage,51.53
2019,,ICTPST,Y25T74,,Percentage,37.38
2019,,ICTSSHT,Y25T74,,Percentage,38.75
2019,,ICTPRGM,Y25T74,,Percentage,4.79
2019,,ICTTRFF,Y25T74,,Percentage,48.18
2019,,ICTSFWR,Y25T74,,Percentage,50.6
2019,,ICTPRVCY,Y25T74,,Percentage,14.77
2019,,,Y25T74,,Percentage,63.8
2019,,ICTCPT,Y25T74,Araba/Álava,Percentage,51.77
2019,,ICTPST,Y25T74,Araba/Álava,Percentage,36.41
2019,,ICTSSHT,Y25T74,Araba/Álava,Percentage,39.83
2019,,ICTPRGM,Y25T74,Araba/Álava,Percentage,4.67
2019,,ICTTRFF,Y25T74,Araba/Álava,Percentage,47.91
2019,,ICTSFWR,Y25T74,Araba/Álava,Percentage,51.29
2019,,ICTPRVCY,Y25T74,Araba/Álava,Percentage,15.19
2019,,,Y25T74,Araba/Álava,Percentage,65.47
2019,,ICTCPT,Y25T74,Gipuzkoa,Percentage,50.33
2019,,ICTPST,Y25T74,Gipuzkoa,Percentage,37.51
2019,,ICTSSHT,Y25T74,Gipuzkoa,Percentage,39.19
2019,,ICTPRGM,Y25T74,Gipuzkoa,Percentage,4.58
2019,,ICTTRFF,Y25T74,Gipuzkoa,Percentage,46.88
2019,,ICTSFWR,Y25T74,Gipuzkoa,Percentage,47.92
2019,,ICTPRVCY,Y25T74,Gipuzkoa,Percentage,13.32
2019,,,Y25T74,Gipuzkoa,Percentage,61.65
2019,,ICTCPT,Y25T74,Bizkaia,Percentage,52.19
2019,,ICTPST,Y25T74,Bizkaia,Percentage,37.57
2019,,ICTSSHT,Y25T74,Bizkaia,Percentage,38.17
2019,,ICTPRGM,Y25T74,Bizkaia,Percentage,4.96
2019,,ICTTRFF,Y25T74,Bizkaia,Percentage,49.05
2019,,ICTSFWR,Y25T74,Bizkaia,Percentage,52.06
2019,,ICTPRVCY,Y25T74,Bizkaia,Percentage,15.54
2019,,,Y25T74,Bizkaia,Percentage,64.66
2019,1.0,ICTCPT,Y16T74,,Percentage,57.75
2019,1.0,ICTPST,Y16T74,,Percentage,42.74
2019,1.0,ICTSSHT,Y16T74,,Percentage,44.35
2019,1.0,ICTPRGM,Y16T74,,Percentage,8.14
2019,1.0,ICTTRFF,Y16T74,,Percentage,53.76
2019,1.0,ICTSFWR,Y16T74,,Percentage,57.35
2019,1.0,ICTPRVCY,Y16T74,,Percentage,20.51
2019,1.0,,Y16T74,,Percentage,69.65
2019,1.0,ICTCPT,Y16T74,Araba/Álava,Percentage,60.01
2019,1.0,ICTPST,Y16T74,Araba/Álava,Percentage,40.61
2019,1.0,ICTSSHT,Y16T74,Araba/Álava,Percentage,45.71
2019,1.0,ICTPRGM,Y16T74,Araba/Álava,Percentage,7.6
2019,1.0,ICTTRFF,Y16T74,Araba/Álava,Percentage,54.78
2019,1.0,ICTSFWR,Y16T74,Araba/Álava,Percentage,59.34
2019,1.0,ICTPRVCY,Y16T74,Araba/Álava,Percentage,23.92
2019,1.0,,Y16T74,Araba/Álava,Percentage,71.05
2019,1.0,ICTCPT,Y16T74,Gipuzkoa,Percentage,55.37
2019,1.0,ICTPST,Y16T74,Gipuzkoa,Percentage,41.41
2019,1.0,ICTSSHT,Y16T74,Gipuzkoa,Percentage,43.91
2019,1.0,ICTPRGM,Y16T74,Gipuzkoa,Percentage,7.79
2019,1.0,ICTTRFF,Y16T74,Gipuzkoa,Percentage,50.86
2019,1.0,ICTSFWR,Y16T74,Gipuzkoa,Percentage,53.9
2019,1.0,ICTPRVCY,Y16T74,Gipuzkoa,Percentage,19.69
2019,1.0,,Y16T74,Gipuzkoa,Percentage,66.91
2019,1.0,ICTCPT,Y16T74,Bizkaia,Percentage,58.64
2019,1.0,ICTPST,Y16T74,Bizkaia,Percentage,44.18
2019,1.0,ICTSSHT,Y16T74,Bizkaia,Percentage,44.24
2019,1.0,ICTPRGM,Y16T74,Bizkaia,Percentage,8.5
2019,1.0,ICTTRFF,Y16T74,Bizkaia,Percentage,55.31
2019,1.0,ICTSFWR,Y16T74,Bizkaia,Percentage,58.97
2019,1.0,ICTPRVCY,Y16T74,Bizkaia,Percentage,20.07
2019,1.0,,Y16T74,Bizkaia,Percentage,71.0
2019,1.0,ICTCPT,Y16T24,,Percentage,85.09
2019,1.0,ICTPST,Y16T24,,Percentage,81.93
2019,1.0,ICTSSHT,Y16T24,,Percentage,69.81
2019,1.0,ICTPRGM,Y16T24,,Percentage,15.83
2019,1.0,ICTTRFF,Y16T24,,Percentage,81.15
2019,1.0,ICTSFWR,Y16T24,,Percentage,81.0
2019,1.0,ICTPRVCY,Y16T24,,Percentage,32.81
2019,1.0,,Y16T24,,Percentage,93.6
2019,1.0,ICTCPT,Y16T24,Araba/Álava,Percentage,90.23
2019,1.0,ICTPST,Y16T24,Araba/Álava,Percentage,88.54
2019,1.0,ICTSSHT,Y16T24,Araba/Álava,Percentage,69.71
2019,1.0,ICTPRGM,Y16T24,Araba/Álava,Percentage,13.71
2019,1.0,ICTTRFF,Y16T24,Araba/Álava,Percentage,81.76
2019,1.0,ICTSFWR,Y16T24,Araba/Álava,Percentage,82.04
2019,1.0,ICTPRVCY,Y16T24,Araba/Álava,Percentage,35.16
2019,1.0,,Y16T24,Araba/Álava,Percentage,91.9
2019,1.0,ICTCPT,Y16T24,Gipuzkoa,Percentage,80.51
2019,1.0,ICTPST,Y16T24,Gipuzkoa,Percentage,74.65
2019,1.0,ICTSSHT,Y16T24,Gipuzkoa,Percentage,69.19
2019,1.0,ICTPRGM,Y16T24,Gipuzkoa,Percentage,14.1
2019,1.0,ICTTRFF,Y16T24,Gipuzkoa,Percentage,72.44
2019,1.0,ICTSFWR,Y16T24,Gipuzkoa,Percentage,78.05
2019,1.0,ICTPRVCY,Y16T24,Gipuzkoa,Percentage,32.18
2019,1.0,,Y16T24,Gipuzkoa,Percentage,89.45
2019,1.0,ICTCPT,Y16T24,Bizkaia,Percentage,87.06
2019,1.0,ICTPST,Y16T24,Bizkaia,Percentage,85.49
2019,1.0,ICTSSHT,Y16T24,Bizkaia,Percentage,70.3
2019,1.0,ICTPRGM,Y16T24,Bizkaia,Percentage,17.71
2019,1.0,ICTTRFF,Y16T24,Bizkaia,Percentage,87.43
2019,1.0,ICTSFWR,Y16T24,Bizkaia,Percentage,82.9
2019,1.0,ICTPRVCY,Y16T24,Bizkaia,Percentage,32.63
2019,1.0,,Y16T24,Bizkaia,Percentage,97.15
2019,1.0,ICTCPT,Y25T74,,Percentage,54.64
2019,1.0,ICTPST,Y25T74,,Percentage,38.27
2019,1.0,ICTSSHT,Y25T74,,Percentage,41.44
2019,1.0,ICTPRGM,Y25T74,,Percentage,7.26
2019,1.0,ICTTRFF,Y25T74,,Percentage,50.64
2019,1.0,ICTSFWR,Y25T74,,Percentage,54.65
2019,1.0,ICTPRVCY,Y25T74,,Percentage,19.11
2019,1.0,,Y25T74,,Percentage,66.92
2019,1.0,ICTCPT,Y25T74,Araba/Álava,Percentage,56.81
2019,1.0,ICTPST,Y25T74,Araba/Álava,Percentage,35.55
2019,1.0,ICTSSHT,Y25T74,Araba/Álava,Percentage,43.17
2019,1.0,ICTPRGM,Y25T74,Araba/Álava,Percentage,6.95
2019,1.0,ICTTRFF,Y25T74,Araba/Álava,Percentage,51.93
2019,1.0,ICTSFWR,Y25T74,Araba/Álava,Percentage,56.94
2019,1.0,ICTPRVCY,Y25T74,Araba/Álava,Percentage,22.74
2019,1.0,,Y25T74,Araba/Álava,Percentage,68.85
2019,1.0,ICTCPT,Y25T74,Gipuzkoa,Percentage,52.15
2019,1.0,ICTPST,Y25T74,Gipuzkoa,Percentage,37.15
2019,1.0,ICTSSHT,Y25T74,Gipuzkoa,Percentage,40.67
2019,1.0,ICTPRGM,Y25T74,Gipuzkoa,Percentage,6.98
2019,1.0,ICTTRFF,Y25T74,Gipuzkoa,Percentage,48.09
2019,1.0,ICTSFWR,Y25T74,Gipuzkoa,Percentage,50.81
2019,1.0,ICTPRVCY,Y25T74,Gipuzkoa,Percentage,18.09
2019,1.0,,Y25T74,Gipuzkoa,Percentage,64.03
2019,1.0,ICTCPT,Y25T74,Bizkaia,Percentage,55.58
2019,1.0,ICTPST,Y25T74,Bizkaia,Percentage,39.73
2019,1.0,ICTSSHT,Y25T74,Bizkaia,Percentage,41.44
2019,1.0,ICTPRGM,Y25T74,Bizkaia,Percentage,7.51
2019,1.0,ICTTRFF,Y25T74,Bizkaia,Percentage,51.86
2019,1.0,ICTSFWR,Y25T74,Bizkaia,Percentage,56.39
2019,1.0,ICTPRVCY,Y25T74,Bizkaia,Percentage,18.72
2019,1.0,,Y25T74,Bizkaia,Percentage,68.19
2019,2.0,ICTCPT,Y16T74,,Percentage,53.04
2019,2.0,ICTPST,Y16T74,,Percentage,41.74
2019,2.0,ICTSSHT,Y16T74,,Percentage,39.57
2019,2.0,ICTPRGM,Y16T74,,Percentage,3.05
2019,2.0,ICTTRFF,Y16T74,,Percentage,50.08
2019,2.0,ICTSFWR,Y16T74,,Percentage,50.6
2019,2.0,ICTPRVCY,Y16T74,,Percentage,11.61
2019,2.0,,Y16T74,,Percentage,64.5
2019,2.0,ICTCPT,Y16T74,Araba/Álava,Percentage,51.69
2019,2.0,ICTPST,Y16T74,Araba/Álava,Percentage,42.88
2019,2.0,ICTSSHT,Y16T74,Araba/Álava,Percentage,40.2
2019,2.0,ICTPRGM,Y16T74,Araba/Álava,Percentage,3.04
2019,2.0,ICTTRFF,Y16T74,Araba/Álava,Percentage,48.64
2019,2.0,ICTSFWR,Y16T74,Araba/Álava,Percentage,49.85
2019,2.0,ICTPRVCY,Y16T74,Araba/Álava,Percentage,8.75
2019,2.0,,Y16T74,Araba/Álava,Percentage,66.12
2019,2.0,ICTCPT,Y16T74,Gipuzkoa,Percentage,53.63
2019,2.0,ICTPST,Y16T74,Gipuzkoa,Percentage,43.01
2019,2.0,ICTSSHT,Y16T74,Gipuzkoa,Percentage,41.65
2019,2.0,ICTPRGM,Y16T74,Gipuzkoa,Percentage,2.71
2019,2.0,ICTTRFF,Y16T74,Gipuzkoa,Percentage,50.32
2019,2.0,ICTSFWR,Y16T74,Gipuzkoa,Percentage,49.41
2019,2.0,ICTPRVCY,Y16T74,Gipuzkoa,Percentage,9.81
2019,2.0,,Y16T74,Gipuzkoa,Percentage,63.58
2019,2.0,ICTCPT,Y16T74,Bizkaia,Percentage,53.06
2019,2.0,ICTPST,Y16T74,Bizkaia,Percentage,40.65
2019,2.0,ICTSSHT,Y16T74,Bizkaia,Percentage,38.1
2019,2.0,ICTPRGM,Y16T74,Bizkaia,Percentage,3.27
2019,2.0,ICTTRFF,Y16T74,Bizkaia,Percentage,50.34
2019,2.0,ICTSFWR,Y16T74,Bizkaia,Percentage,51.54
2019,2.0,ICTPRVCY,Y16T74,Bizkaia,Percentage,13.52
2019,2.0,,Y16T74,Bizkaia,Percentage,64.61
2019,2.0,ICTCPT,Y16T24,,Percentage,93.7
2019,2.0,ICTPST,Y16T24,,Percentage,88.68
2019,2.0,ICTSSHT,Y16T24,,Percentage,70.34
2019,2.0,ICTPRGM,Y16T24,,Percentage,8.88
2019,2.0,ICTTRFF,Y16T24,,Percentage,88.56
2019,2.0,ICTSFWR,Y16T24,,Percentage,85.71
2019,2.0,ICTPRVCY,Y16T24,,Percentage,20.92
2019,2.0,,Y16T24,,Percentage,97.88
2019,2.0,ICTCPT,Y16T24,Araba/Álava,Percentage,91.79
2019,2.0,ICTPST,Y16T24,Araba/Álava,Percentage,89.77
2019,2.0,ICTSSHT,Y16T24,Araba/Álava,Percentage,70.26
2019,2.0,ICTPRGM,Y16T24,Araba/Álava,Percentage,7.88
2019,2.0,ICTTRFF,Y16T24,Araba/Álava,Percentage,87.2
2019,2.0,ICTSFWR,Y16T24,Araba/Álava,Percentage,83.47
2019,2.0,ICTPRVCY,Y16T24,Araba/Álava,Percentage,15.98
2019,2.0,,Y16T24,Araba/Álava,Percentage,98.78
2019,2.0,ICTCPT,Y16T24,Gipuzkoa,Percentage,95.61
2019,2.0,ICTPST,Y16T24,Gipuzkoa,Percentage,85.35
2019,2.0,ICTSSHT,Y16T24,Gipuzkoa,Percentage,73.9
2019,2.0,ICTPRGM,Y16T24,Gipuzkoa,Percentage,6.83
2019,2.0,ICTTRFF,Y16T24,Gipuzkoa,Percentage,88.57
2019,2.0,ICTSFWR,Y16T24,Gipuzkoa,Percentage,85.17
2019,2.0,ICTPRVCY,Y16T24,Gipuzkoa,Percentage,19.62
2019,2.0,,Y16T24,Gipuzkoa,Percentage,98.73
2019,2.0,ICTCPT,Y16T24,Bizkaia,Percentage,92.96
2019,2.0,ICTPST,Y16T24,Bizkaia,Percentage,90.71
2019,2.0,ICTSSHT,Y16T24,Bizkaia,Percentage,67.84
2019,2.0,ICTPRGM,Y16T24,Bizkaia,Percentage,10.67
2019,2.0,ICTTRFF,Y16T24,Bizkaia,Percentage,88.98
2019,2.0,ICTSFWR,Y16T24,Bizkaia,Percentage,86.82
2019,2.0,ICTPRVCY,Y16T24,Bizkaia,Percentage,23.45
2019,2.0,,Y16T24,Bizkaia,Percentage,96.97
2019,2.0,ICTCPT,Y25T74,,Percentage,48.51
2019,2.0,ICTPST,Y25T74,,Percentage,36.51
2019,2.0,ICTSSHT,Y25T74,,Percentage,36.14
2019,2.0,ICTPRGM,Y25T74,,Percentage,2.4
2019,2.0,ICTTRFF,Y25T74,,Percentage,45.79
2019,2.0,ICTSFWR,Y25T74,,Percentage,46.69
2019,2.0,ICTPRVCY,Y25T74,,Percentage,10.57
2019,2.0,,Y25T74,,Percentage,60.78
2019,2.0,ICTCPT,Y25T74,Araba/Álava,Percentage,46.87
2019,2.0,ICTPST,Y25T74,Araba/Álava,Percentage,37.25
2019,2.0,ICTSSHT,Y25T74,Araba/Álava,Percentage,36.59
2019,2.0,ICTPRGM,Y25T74,Araba/Álava,Percentage,2.46
2019,2.0,ICTTRFF,Y25T74,Araba/Álava,Percentage,44.01
2019,2.0,ICTSFWR,Y25T74,Araba/Álava,Percentage,45.81
2019,2.0,ICTPRVCY,Y25T74,Araba/Álava,Percentage,7.88
2019,2.0,,Y25T74,Araba/Álava,Percentage,62.2
2019,2.0,ICTCPT,Y25T74,Gipuzkoa,Percentage,48.54
2019,2.0,ICTPST,Y25T74,Gipuzkoa,Percentage,37.87
2019,2.0,ICTSSHT,Y25T74,Gipuzkoa,Percentage,37.74
2019,2.0,ICTPRGM,Y25T74,Gipuzkoa,Percentage,2.21
2019,2.0,ICTTRFF,Y25T74,Gipuzkoa,Percentage,45.68
2019,2.0,ICTSFWR,Y25T74,Gipuzkoa,Percentage,45.07
2019,2.0,ICTPRVCY,Y25T74,Gipuzkoa,Percentage,8.62
2019,2.0,,Y25T74,Gipuzkoa,Percentage,59.31
2019,2.0,ICTCPT,Y25T74,Bizkaia,Percentage,48.95
2019,2.0,ICTPST,Y25T74,Bizkaia,Percentage,35.49
2019,2.0,ICTSSHT,Y25T74,Bizkaia,Percentage,35.04
2019,2.0,ICTPRGM,Y25T74,Bizkaia,Percentage,2.51
2019,2.0,ICTTRFF,Y25T74,Bizkaia,Percentage,46.36
2019,2.0,ICTSFWR,Y25T74,Bizkaia,Percentage,47.91
2019,2.0,ICTPRVCY,Y25T74,Bizkaia,Percentage,12.49
2019,2.0,,Y25T74,Bizkaia,Percentage,61.28
2020,,ICTCPT,Y16T74,,Percentage,55.36
2020,,ICTPST,Y16T74,,Percentage,45.0
2020,,ICTSSHT,Y16T74,,Percentage,41.11
2020,,ICTPRGM,Y16T74,,Percentage,5.69
2020,,ICTTRFF,Y16T74,,Percentage,55.16
2020,,ICTSFWR,Y16T74,,Percentage,58.78
2020,,ICTPRVCY,Y16T74,,Percentage,28.44
2020,,,Y16T74,,Percentage,69.83
2020,,ICTCPT,Y16T74,Araba/Álava,Percentage,54.04
2020,,ICTPST,Y16T74,Araba/Álava,Percentage,43.03
2020,,ICTSSHT,Y16T74,Araba/Álava,Percentage,39.71
2020,,ICTPRGM,Y16T74,Araba/Álava,Percentage,5.73
2020,,ICTTRFF,Y16T74,Araba/Álava,Percentage,55.92
2020,,ICTSFWR,Y16T74,Araba/Álava,Percentage,57.26
2020,,ICTPRVCY,Y16T74,Araba/Álava,Percentage,26.81
2020,,,Y16T74,Araba/Álava,Percentage,70.14
2020,,ICTCPT,Y16T74,Gipuzkoa,Percentage,57.68
2020,,ICTPST,Y16T74,Gipuzkoa,Percentage,45.75
2020,,ICTSSHT,Y16T74,Gipuzkoa,Percentage,41.61
2020,,ICTPRGM,Y16T74,Gipuzkoa,Percentage,5.58
2020,,ICTTRFF,Y16T74,Gipuzkoa,Percentage,56.4
2020,,ICTSFWR,Y16T74,Gipuzkoa,Percentage,60.23
2020,,ICTPRVCY,Y16T74,Gipuzkoa,Percentage,30.07
2020,,,Y16T74,Gipuzkoa,Percentage,70.18
2020,,ICTCPT,Y16T74,Bizkaia,Percentage,54.32
2020,,ICTPST,Y16T74,Bizkaia,Percentage,45.11
2020,,ICTSSHT,Y16T74,Bizkaia,Percentage,41.21
2020,,ICTPRGM,Y16T74,Bizkaia,Percentage,5.74
2020,,ICTTRFF,Y16T74,Bizkaia,Percentage,54.17
2020,,ICTSFWR,Y16T74,Bizkaia,Percentage,58.33
2020,,ICTPRVCY,Y16T74,Bizkaia,Percentage,27.9
2020,,,Y16T74,Bizkaia,Percentage,69.53
2020,,ICTCPT,Y16T24,,Percentage,86.56
2020,,ICTPST,Y16T24,,Percentage,86.45
2020,,ICTSSHT,Y16T24,,Percentage,70.73
2020,,ICTPRGM,Y16T24,,Percentage,13.21
2020,,ICTTRFF,Y16T24,,Percentage,84.6
2020,,ICTSFWR,Y16T24,,Percentage,87.51
2020,,ICTPRVCY,Y16T24,,Percentage,47.09
2020,,,Y16T24,,Percentage,95.9
2020,,ICTCPT,Y16T24,Araba/Álava,Percentage,80.63
2020,,ICTPST,Y16T24,Araba/Álava,Percentage,78.9
2020,,ICTSSHT,Y16T24,Araba/Álava,Percentage,68.93
2020,,ICTPRGM,Y16T24,Araba/Álava,Percentage,7.03
2020,,ICTTRFF,Y16T24,Araba/Álava,Percentage,86.93
2020,,ICTSFWR,Y16T24,Araba/Álava,Percentage,92.37
2020,,ICTPRVCY,Y16T24,Araba/Álava,Percentage,50.88
2020,,,Y16T24,Araba/Álava,Percentage,98.43
2020,,ICTCPT,Y16T24,Gipuzkoa,Percentage,94.1
2020,,ICTPST,Y16T24,Gipuzkoa,Percentage,89.58
2020,,ICTSSHT,Y16T24,Gipuzkoa,Percentage,74.4
2020,,ICTPRGM,Y16T24,Gipuzkoa,Percentage,11.7
2020,,ICTTRFF,Y16T24,Gipuzkoa,Percentage,84.57
2020,,ICTSFWR,Y16T24,Gipuzkoa,Percentage,85.98
2020,,ICTPRVCY,Y16T24,Gipuzkoa,Percentage,46.46
2020,,,Y16T24,Gipuzkoa,Percentage,97.22
2020,,ICTCPT,Y16T24,Bizkaia,Percentage,83.31
2020,,ICTPST,Y16T24,Bizkaia,Percentage,86.64
2020,,ICTSSHT,Y16T24,Bizkaia,Percentage,68.82
2020,,ICTPRGM,Y16T24,Bizkaia,Percentage,16.12
2020,,ICTTRFF,Y16T24,Bizkaia,Percentage,83.91
2020,,ICTSFWR,Y16T24,Bizkaia,Percentage,87.06
2020,,ICTPRVCY,Y16T24,Bizkaia,Percentage,46.35
2020,,,Y16T24,Bizkaia,Percentage,94.24
2020,,ICTCPT,Y25T74,,Percentage,51.5
2020,,ICTPST,Y25T74,,Percentage,39.86
2020,,ICTSSHT,Y25T74,,Percentage,37.44
2020,,ICTPRGM,Y25T74,,Percentage,4.76
2020,,ICTTRFF,Y25T74,,Percentage,51.51
2020,,ICTSFWR,Y25T74,,Percentage,55.22
2020,,ICTPRVCY,Y25T74,,Percentage,26.13
2020,,,Y25T74,,Percentage,66.6
2020,,ICTCPT,Y25T74,Araba/Álava,Percentage,50.7
2020,,ICTPST,Y25T74,Araba/Álava,Percentage,38.53
2020,,ICTSSHT,Y25T74,Araba/Álava,Percentage,36.04
2020,,ICTPRGM,Y25T74,Araba/Álava,Percentage,5.57
2020,,ICTTRFF,Y25T74,Araba/Álava,Percentage,52.03
2020,,ICTSFWR,Y25T74,Araba/Álava,Percentage,52.86
2020,,ICTPRVCY,Y25T74,Araba/Álava,Percentage,23.79
2020,,,Y25T74,Araba/Álava,Percentage,66.59
2020,,ICTCPT,Y25T74,Gipuzkoa,Percentage,52.91
2020,,ICTPST,Y25T74,Gipuzkoa,Percentage,40.01
2020,,ICTSSHT,Y25T74,Gipuzkoa,Percentage,37.32
2020,,ICTPRGM,Y25T74,Gipuzkoa,Percentage,4.78
2020,,ICTTRFF,Y25T74,Gipuzkoa,Percentage,52.71
2020,,ICTSFWR,Y25T74,Gipuzkoa,Percentage,56.86
2020,,ICTPRVCY,Y25T74,Gipuzkoa,Percentage,27.92
2020,,,Y25T74,Gipuzkoa,Percentage,66.64
2020,,ICTCPT,Y25T74,Bizkaia,Percentage,50.87
2020,,ICTPST,Y25T74,Bizkaia,Percentage,40.16
2020,,ICTSSHT,Y25T74,Bizkaia,Percentage,37.91
2020,,ICTPRGM,Y25T74,Bizkaia,Percentage,4.51
2020,,ICTTRFF,Y25T74,Bizkaia,Percentage,50.63
2020,,ICTSFWR,Y25T74,Bizkaia,Percentage,54.9
2020,,ICTPRVCY,Y25T74,Bizkaia,Percentage,25.71
2020,,,Y25T74,Bizkaia,Percentage,66.58
2020,1.0,ICTCPT,Y16T74,,Percentage,57.3
2020,1.0,ICTPST,Y16T74,,Percentage,45.46
2020,1.0,ICTSSHT,Y16T74,,Percentage,42.48
2020,1.0,ICTPRGM,Y16T74,,Percentage,7.37
2020,1.0,ICTTRFF,Y16T74,,Percentage,57.79
2020,1.0,ICTSFWR,Y16T74,,Percentage,60.91
2020,1.0,ICTPRVCY,Y16T74,,Percentage,31.46
2020,1.0,,Y16T74,,Percentage,71.39
2020,1.0,ICTCPT,Y16T74,Araba/Álava,Percentage,54.32
2020,1.0,ICTPST,Y16T74,Araba/Álava,Percentage,43.65
2020,1.0,ICTSSHT,Y16T74,Araba/Álava,Percentage,39.7
2020,1.0,ICTPRGM,Y16T74,Araba/Álava,Percentage,6.83
2020,1.0,ICTTRFF,Y16T74,Araba/Álava,Percentage,57.59
2020,1.0,ICTSFWR,Y16T74,Araba/Álava,Percentage,58.72
2020,1.0,ICTPRVCY,Y16T74,Araba/Álava,Percentage,29.26
2020,1.0,,Y16T74,Araba/Álava,Percentage,69.49
2020,1.0,ICTCPT,Y16T74,Gipuzkoa,Percentage,58.37
2020,1.0,ICTPST,Y16T74,Gipuzkoa,Percentage,44.97
2020,1.0,ICTSSHT,Y16T74,Gipuzkoa,Percentage,40.86
2020,1.0,ICTPRGM,Y16T74,Gipuzkoa,Percentage,6.65
2020,1.0,ICTTRFF,Y16T74,Gipuzkoa,Percentage,59.22
2020,1.0,ICTSFWR,Y16T74,Gipuzkoa,Percentage,63.68
2020,1.0,ICTPRVCY,Y16T74,Gipuzkoa,Percentage,33.15
2020,1.0,,Y16T74,Gipuzkoa,Percentage,72.34
2020,1.0,ICTCPT,Y16T74,Bizkaia,Percentage,57.51
2020,1.0,ICTPST,Y16T74,Bizkaia,Percentage,46.29
2020,1.0,ICTSSHT,Y16T74,Bizkaia,Percentage,44.29
2020,1.0,ICTPRGM,Y16T74,Bizkaia,Percentage,7.98
2020,1.0,ICTTRFF,Y16T74,Bizkaia,Percentage,56.96
2020,1.0,ICTSFWR,Y16T74,Bizkaia,Percentage,59.84
2020,1.0,ICTPRVCY,Y16T74,Bizkaia,Percentage,31.07
2020,1.0,,Y16T74,Bizkaia,Percentage,71.36
2020,1.0,ICTCPT,Y16T24,,Percentage,85.21
2020,1.0,ICTPST,Y16T24,,Percentage,86.4
2020,1.0,ICTSSHT,Y16T24,,Percentage,72.51
2020,1.0,ICTPRGM,Y16T24,,Percentage,16.53
2020,1.0,ICTTRFF,Y16T24,,Percentage,84.76
2020,1.0,ICTSFWR,Y16T24,,Percentage,88.17
2020,1.0,ICTPRVCY,Y16T24,,Percentage,47.85
2020,1.0,,Y16T24,,Percentage,95.33
2020,1.0,ICTCPT,Y16T24,Araba/Álava,Percentage,80.49
2020,1.0,ICTPST,Y16T24,Araba/Álava,Percentage,82.49
2020,1.0,ICTSSHT,Y16T24,Araba/Álava,Percentage,72.68
2020,1.0,ICTPRGM,Y16T24,Araba/Álava,Percentage,9.56
2020,1.0,ICTTRFF,Y16T24,Araba/Álava,Percentage,90.97
2020,1.0,ICTSFWR,Y16T24,Araba/Álava,Percentage,92.8
2020,1.0,ICTPRVCY,Y16T24,Araba/Álava,Percentage,49.01
2020,1.0,,Y16T24,Araba/Álava,Percentage,100.0
2020,1.0,ICTCPT,Y16T24,Gipuzkoa,Percentage,92.67
2020,1.0,ICTPST,Y16T24,Gipuzkoa,Percentage,89.18
2020,1.0,ICTSSHT,Y16T24,Gipuzkoa,Percentage,73.69
2020,1.0,ICTPRGM,Y16T24,Gipuzkoa,Percentage,13.92
2020,1.0,ICTTRFF,Y16T24,Gipuzkoa,Percentage,85.47
2020,1.0,ICTSFWR,Y16T24,Gipuzkoa,Percentage,89.68
2020,1.0,ICTPRVCY,Y16T24,Gipuzkoa,Percentage,47.94
2020,1.0,,Y16T24,Gipuzkoa,Percentage,98.09
2020,1.0,ICTCPT,Y16T24,Bizkaia,Percentage,81.67
2020,1.0,ICTPST,Y16T24,Bizkaia,Percentage,85.77
2020,1.0,ICTSSHT,Y16T24,Bizkaia,Percentage,71.66
2020,1.0,ICTPRGM,Y16T24,Bizkaia,Percentage,20.49
2020,1.0,ICTTRFF,Y16T24,Bizkaia,Percentage,82.32
2020,1.0,ICTSFWR,Y16T24,Bizkaia,Percentage,85.69
2020,1.0,ICTPRVCY,Y16T24,Bizkaia,Percentage,47.43
2020,1.0,,Y16T24,Bizkaia,Percentage,91.99
2020,1.0,ICTCPT,Y25T74,,Percentage,53.66
2020,1.0,ICTPST,Y25T74,,Percentage,40.12
2020,1.0,ICTSSHT,Y25T74,,Percentage,38.56
2020,1.0,ICTPRGM,Y25T74,,Percentage,6.18
2020,1.0,ICTTRFF,Y25T74,,Percentage,54.27
2020,1.0,ICTSFWR,Y25T74,,Percentage,57.35
2020,1.0,ICTPRVCY,Y25T74,,Percentage,29.32
2020,1.0,,Y25T74,,Percentage,68.27
2020,1.0,ICTCPT,Y25T74,Araba/Álava,Percentage,50.74
2020,1.0,ICTPST,Y25T74,Araba/Álava,Percentage,38.34
2020,1.0,ICTSSHT,Y25T74,Araba/Álava,Percentage,35.19
2020,1.0,ICTPRGM,Y25T74,Araba/Álava,Percentage,6.46
2020,1.0,ICTTRFF,Y25T74,Araba/Álava,Percentage,53.03
2020,1.0,ICTSFWR,Y25T74,Araba/Álava,Percentage,54.06
2020,1.0,ICTPRVCY,Y25T74,Araba/Álava,Percentage,26.56
2020,1.0,,Y25T74,Araba/Álava,Percentage,65.32
2020,1.0,ICTCPT,Y25T74,Gipuzkoa,Percentage,53.66
2020,1.0,ICTPST,Y25T74,Gipuzkoa,Percentage,38.9
2020,1.0,ICTSSHT,Y25T74,Gipuzkoa,Percentage,36.35
2020,1.0,ICTPRGM,Y25T74,Gipuzkoa,Percentage,5.65
2020,1.0,ICTTRFF,Y25T74,Gipuzkoa,Percentage,55.62
2020,1.0,ICTSFWR,Y25T74,Gipuzkoa,Percentage,60.11
2020,1.0,ICTPRVCY,Y25T74,Gipuzkoa,Percentage,31.11
2020,1.0,,Y25T74,Gipuzkoa,Percentage,68.8
2020,1.0,ICTCPT,Y25T74,Bizkaia,Percentage,54.51
2020,1.0,ICTPST,Y25T74,Bizkaia,Percentage,41.38
2020,1.0,ICTSSHT,Y25T74,Bizkaia,Percentage,40.89
2020,1.0,ICTPRGM,Y25T74,Bizkaia,Percentage,6.42
2020,1.0,ICTTRFF,Y25T74,Bizkaia,Percentage,53.8
2020,1.0,ICTSFWR,Y25T74,Bizkaia,Percentage,56.62
2020,1.0,ICTPRVCY,Y25T74,Bizkaia,Percentage,29.03
2020,1.0,,Y25T74,Bizkaia,Percentage,68.8
2020,2.0,ICTCPT,Y16T74,,Percentage,53.47
2020,2.0,ICTPST,Y16T74,,Percentage,44.55
2020,2.0,ICTSSHT,Y16T74,,Percentage,39.77
2020,2.0,ICTPRGM,Y16T74,,Percentage,4.04
2020,2.0,ICTTRFF,Y16T74,,Percentage,52.59
2020,2.0,ICTSFWR,Y16T74,,Percentage,56.7
2020,2.0,ICTPRVCY,Y16T74,,Percentage,25.47
2020,2.0,,Y16T74,,Percentage,68.3
2020,2.0,ICTCPT,Y16T74,Araba/Álava,Percentage,53.75
2020,2.0,ICTPST,Y16T74,Araba/Álava,Percentage,42.42
2020,2.0,ICTSSHT,Y16T74,Araba/Álava,Percentage,39.72
2020,2.0,ICTPRGM,Y16T74,Araba/Álava,Percentage,4.65
2020,2.0,ICTTRFF,Y16T74,Araba/Álava,Percentage,54.29
2020,2.0,ICTSFWR,Y16T74,Araba/Álava,Percentage,55.84
2020,2.0,ICTPRVCY,Y16T74,Araba/Álava,Percentage,24.4
2020,2.0,,Y16T74,Araba/Álava,Percentage,70.78
2020,2.0,ICTCPT,Y16T74,Gipuzkoa,Percentage,57.0
2020,2.0,ICTPST,Y16T74,Gipuzkoa,Percentage,46.51
2020,2.0,ICTSSHT,Y16T74,Gipuzkoa,Percentage,42.34
2020,2.0,ICTPRGM,Y16T74,Gipuzkoa,Percentage,4.53
2020,2.0,ICTTRFF,Y16T74,Gipuzkoa,Percentage,53.65
2020,2.0,ICTSFWR,Y16T74,Gipuzkoa,Percentage,56.86
2020,2.0,ICTPRVCY,Y16T74,Gipuzkoa,Percentage,27.06
2020,2.0,,Y16T74,Gipuzkoa,Percentage,68.07
2020,2.0,ICTCPT,Y16T74,Bizkaia,Percentage,51.2
2020,2.0,ICTPST,Y16T74,Bizkaia,Percentage,43.95
2020,2.0,ICTSSHT,Y16T74,Bizkaia,Percentage,38.18
2020,2.0,ICTPRGM,Y16T74,Bizkaia,Percentage,3.56
2020,2.0,ICTTRFF,Y16T74,Bizkaia,Percentage,51.44
2020,2.0,ICTSFWR,Y16T74,Bizkaia,Percentage,56.85
2020,2.0,ICTPRVCY,Y16T74,Bizkaia,Percentage,24.81
2020,2.0,,Y16T74,Bizkaia,Percentage,67.73
2020,2.0,ICTCPT,Y16T24,,Percentage,88.02
2020,2.0,ICTPST,Y16T24,,Percentage,86.5
2020,2.0,ICTSSHT,Y16T24,,Percentage,68.82
2020,2.0,ICTPRGM,Y16T24,,Percentage,9.66
2020,2.0,ICTTRFF,Y16T24,,Percentage,84.43
2020,2.0,ICTSFWR,Y16T24,,Percentage,86.8
2020,2.0,ICTPRVCY,Y16T24,,Percentage,46.26
2020,2.0,,Y16T24,,Percentage,96.5
2020,2.0,ICTCPT,Y16T24,Araba/Álava,Percentage,80.79
2020,2.0,ICTPST,Y16T24,Araba/Álava,Percentage,74.79
2020,2.0,ICTSSHT,Y16T24,Araba/Álava,Percentage,64.62
2020,2.0,ICTPRGM,Y16T24,Araba/Álava,Percentage,4.12
2020,2.0,ICTTRFF,Y16T24,Araba/Álava,Percentage,82.29
2020,2.0,ICTSFWR,Y16T24,Araba/Álava,Percentage,91.87
2020,2.0,ICTPRVCY,Y16T24,Araba/Álava,Percentage,53.03
2020,2.0,,Y16T24,Araba/Álava,Percentage,96.62
2020,2.0,ICTCPT,Y16T24,Gipuzkoa,Percentage,95.62
2020,2.0,ICTPST,Y16T24,Gipuzkoa,Percentage,90.02
2020,2.0,ICTSSHT,Y16T24,Gipuzkoa,Percentage,75.14
2020,2.0,ICTPRGM,Y16T24,Gipuzkoa,Percentage,9.35
2020,2.0,ICTTRFF,Y16T24,Gipuzkoa,Percentage,83.61
2020,2.0,ICTSFWR,Y16T24,Gipuzkoa,Percentage,82.04
2020,2.0,ICTPRVCY,Y16T24,Gipuzkoa,Percentage,44.88
2020,2.0,,Y16T24,Gipuzkoa,Percentage,96.29
2020,2.0,ICTCPT,Y16T24,Bizkaia,Percentage,85.05
2020,2.0,ICTPST,Y16T24,Bizkaia,Percentage,87.56
2020,2.0,ICTSSHT,Y16T24,Bizkaia,Percentage,65.82
2020,2.0,ICTPRGM,Y16T24,Bizkaia,Percentage,11.49
2020,2.0,ICTTRFF,Y16T24,Bizkaia,Percentage,85.6
2020,2.0,ICTSFWR,Y16T24,Bizkaia,Percentage,88.51
2020,2.0,ICTPRVCY,Y16T24,Bizkaia,Percentage,45.21
2020,2.0,,Y16T24,Bizkaia,Percentage,96.61
2020,2.0,ICTCPT,Y25T74,,Percentage,49.4
2020,2.0,ICTPST,Y25T74,,Percentage,39.61
2020,2.0,ICTSSHT,Y25T74,,Percentage,36.35
2020,2.0,ICTPRGM,Y25T74,,Percentage,3.38
2020,2.0,ICTTRFF,Y25T74,,Percentage,48.84
2020,2.0,ICTSFWR,Y25T74,,Percentage,53.16
2020,2.0,ICTPRVCY,Y25T74,,Percentage,23.03
2020,2.0,,Y25T74,,Percentage,64.99
2020,2.0,ICTCPT,Y25T74,Araba/Álava,Percentage,50.65
2020,2.0,ICTPST,Y25T74,Araba/Álava,Percentage,38.71
2020,2.0,ICTSSHT,Y25T74,Araba/Álava,Percentage,36.87
2020,2.0,ICTPRGM,Y25T74,Araba/Álava,Percentage,4.71
2020,2.0,ICTTRFF,Y25T74,Araba/Álava,Percentage,51.08
2020,2.0,ICTSFWR,Y25T74,Araba/Álava,Percentage,51.71
2020,2.0,ICTPRVCY,Y25T74,Araba/Álava,Percentage,21.12
2020,2.0,,Y25T74,Araba/Álava,Percentage,67.82
2020,2.0,ICTCPT,Y25T74,Gipuzkoa,Percentage,52.18
2020,2.0,ICTPST,Y25T74,Gipuzkoa,Percentage,41.08
2020,2.0,ICTSSHT,Y25T74,Gipuzkoa,Percentage,38.26
2020,2.0,ICTPRGM,Y25T74,Gipuzkoa,Percentage,3.93
2020,2.0,ICTTRFF,Y25T74,Gipuzkoa,Percentage,49.91
2020,2.0,ICTSFWR,Y25T74,Gipuzkoa,Percentage,53.72
2020,2.0,ICTPRVCY,Y25T74,Gipuzkoa,Percentage,24.83
2020,2.0,,Y25T74,Gipuzkoa,Percentage,64.55
2020,2.0,ICTCPT,Y25T74,Bizkaia,Percentage,47.33
2020,2.0,ICTPST,Y25T74,Bizkaia,Percentage,38.97
2020,2.0,ICTSSHT,Y25T74,Bizkaia,Percentage,35.03
2020,2.0,ICTPRGM,Y25T74,Bizkaia,Percentage,2.65
2020,2.0,ICTTRFF,Y25T74,Bizkaia,Percentage,47.54
2020,2.0,ICTSFWR,Y25T74,Bizkaia,Percentage,53.23
2020,2.0,ICTPRVCY,Y25T74,Bizkaia,Percentage,22.48
2020,2.0,,Y25T74,Bizkaia,Percentage,64.43
2021,,ICTCPT,Y16T74,,Percentage,61.48
2021,,ICTPST,Y16T74,,Percentage,45.95
2021,,ICTSSHT,Y16T74,,Percentage,44.44
2021,,ICTPRGM,Y16T74,,Percentage,5.27
2021,,ICTTRFF,Y16T74,,Percentage,60.29
2021,,ICTSFWR,Y16T74,,Percentage,64.64
2021,,ICTPRVCY,Y16T74,,Percentage,27.86
2021,,,Y16T74,,Percentage,75.0
2021,,ICTCPT,Y16T74,Araba/Álava,Percentage,61.94
2021,,ICTPST,Y16T74,Araba/Álava,Percentage,46.61
2021,,ICTSSHT,Y16T74,Araba/Álava,Percentage,44.08
2021,,ICTPRGM,Y16T74,Araba/Álava,Percentage,5.7
2021,,ICTTRFF,Y16T74,Araba/Álava,Percentage,59.61
2021,,ICTSFWR,Y16T74,Araba/Álava,Percentage,65.84
2021,,ICTPRVCY,Y16T74,Araba/Álava,Percentage,26.99
2021,,,Y16T74,Araba/Álava,Percentage,75.39
2021,,ICTCPT,Y16T74,Gipuzkoa,Percentage,61.02
2021,,ICTPST,Y16T74,Gipuzkoa,Percentage,45.38
2021,,ICTSSHT,Y16T74,Gipuzkoa,Percentage,44.39
2021,,ICTPRGM,Y16T74,Gipuzkoa,Percentage,5.21
2021,,ICTTRFF,Y16T74,Gipuzkoa,Percentage,60.59
2021,,ICTSFWR,Y16T74,Gipuzkoa,Percentage,64.61
2021,,ICTPRVCY,Y16T74,Gipuzkoa,Percentage,28.08
2021,,,Y16T74,Gipuzkoa,Percentage,75.41
2021,,ICTCPT,Y16T74,Bizkaia,Percentage,61.63
2021,,ICTPST,Y16T74,Bizkaia,Percentage,46.11
2021,,ICTSSHT,Y16T74,Bizkaia,Percentage,44.57
2021,,ICTPRGM,Y16T74,Bizkaia,Percentage,5.17
2021,,ICTTRFF,Y16T74,Bizkaia,Percentage,60.31
2021,,ICTSFWR,Y16T74,Bizkaia,Percentage,64.32
2021,,ICTPRVCY,Y16T74,Bizkaia,Percentage,27.96
2021,,,Y16T74,Bizkaia,Percentage,74.63
2021,,ICTCPT,Y16T24,,Percentage,86.58
2021,,ICTPST,Y16T24,,Percentage,82.84
2021,,ICTSSHT,Y16T24,,Percentage,67.34
2021,,ICTPRGM,Y16T24,,Percentage,14.65
2021,,ICTTRFF,Y16T24,,Percentage,85.19
2021,,ICTSFWR,Y16T24,,Percentage,88.68
2021,,ICTPRVCY,Y16T24,,Percentage,46.21
2021,,,Y16T24,,Percentage,96.16
2021,,ICTCPT,Y16T24,Araba/Álava,Percentage,85.68
2021,,ICTPST,Y16T24,Araba/Álava,Percentage,77.02
2021,,ICTSSHT,Y16T24,Araba/Álava,Percentage,61.31
2021,,ICTPRGM,Y16T24,Araba/Álava,Percentage,14.49
2021,,ICTTRFF,Y16T24,Araba/Álava,Percentage,82.26
2021,,ICTSFWR,Y16T24,Araba/Álava,Percentage,89.74
2021,,ICTPRVCY,Y16T24,Araba/Álava,Percentage,40.31
2021,,,Y16T24,Araba/Álava,Percentage,96.8
2021,,ICTCPT,Y16T24,Gipuzkoa,Percentage,86.08
2021,,ICTPST,Y16T24,Gipuzkoa,Percentage,84.72
2021,,ICTSSHT,Y16T24,Gipuzkoa,Percentage,74.53
2021,,ICTPRGM,Y16T24,Gipuzkoa,Percentage,14.93
2021,,ICTTRFF,Y16T24,Gipuzkoa,Percentage,86.17
2021,,ICTSFWR,Y16T24,Gipuzkoa,Percentage,90.48
2021,,ICTPRVCY,Y16T24,Gipuzkoa,Percentage,47.31
2021,,,Y16T24,Gipuzkoa,Percentage,98.44
2021,,ICTCPT,Y16T24,Bizkaia,Percentage,87.2
2021,,ICTPST,Y16T24,Bizkaia,Percentage,83.32
2021,,ICTSSHT,Y16T24,Bizkaia,Percentage,64.2
2021,,ICTPRGM,Y16T24,Bizkaia,Percentage,14.51
2021,,ICTTRFF,Y16T24,Bizkaia,Percentage,85.4
2021,,ICTSFWR,Y16T24,Bizkaia,Percentage,87.12
2021,,ICTPRVCY,Y16T24,Bizkaia,Percentage,47.25
2021,,,Y16T24,Bizkaia,Percentage,94.38
2021,,ICTCPT,Y25T74,,Percentage,58.11
2021,,ICTPST,Y25T74,,Percentage,41.0
2021,,ICTSSHT,Y25T74,,Percentage,41.37
2021,,ICTPRGM,Y25T74,,Percentage,4.0
2021,,ICTTRFF,Y25T74,,Percentage,56.95
2021,,ICTSFWR,Y25T74,,Percentage,61.41
2021,,ICTPRVCY,Y25T74,,Percentage,25.39
2021,,,Y25T74,,Percentage,72.16
2021,,ICTCPT,Y25T74,Araba/Álava,Percentage,58.69
2021,,ICTPST,Y25T74,Araba/Álava,Percentage,42.45
2021,,ICTSSHT,Y25T74,Araba/Álava,Percentage,41.73
2021,,ICTPRGM,Y25T74,Araba/Álava,Percentage,4.5
2021,,ICTTRFF,Y25T74,Araba/Álava,Percentage,56.51
2021,,ICTSFWR,Y25T74,Araba/Álava,Percentage,62.57
2021,,ICTPRVCY,Y25T74,Araba/Álava,Percentage,25.17
2021,,,Y25T74,Araba/Álava,Percentage,72.47
2021,,ICTCPT,Y25T74,Gipuzkoa,Percentage,57.39
2021,,ICTPST,Y25T74,Gipuzkoa,Percentage,39.69
2021,,ICTSSHT,Y25T74,Gipuzkoa,Percentage,40.03
2021,,ICTPRGM,Y25T74,Gipuzkoa,Percentage,3.81
2021,,ICTTRFF,Y25T74,Gipuzkoa,Percentage,56.89
2021,,ICTSFWR,Y25T74,Gipuzkoa,Percentage,60.86
2021,,ICTPRVCY,Y25T74,Gipuzkoa,Percentage,25.3
2021,,,Y25T74,Gipuzkoa,Percentage,72.07
2021,,ICTCPT,Y25T74,Bizkaia,Percentage,58.38
2021,,ICTPST,Y25T74,Bizkaia,Percentage,41.38
2021,,ICTSSHT,Y25T74,Bizkaia,Percentage,42.07
2021,,ICTPRGM,Y25T74,Bizkaia,Percentage,3.98
2021,,ICTTRFF,Y25T74,Bizkaia,Percentage,57.11
2021,,ICTSFWR,Y25T74,Bizkaia,Percentage,61.42
2021,,ICTPRVCY,Y25T74,Bizkaia,Percentage,25.51
2021,,,Y25T74,Bizkaia,Percentage,72.12
2021,1.0,ICTCPT,Y16T74,,Percentage,62.72
2021,1.0,ICTPST,Y16T74,,Percentage,46.84
2021,1.0,ICTSSHT,Y16T74,,Percentage,46.58
2021,1.0,ICTPRGM,Y16T74,,Percentage,7.4
2021,1.0,ICTTRFF,Y16T74,,Percentage,61.97
2021,1.0,ICTSFWR,Y16T74,,Percentage,68.05
2021,1.0,ICTPRVCY,Y16T74,,Percentage,32.22
2021,1.0,,Y16T74,,Percentage,76.24
2021,1.0,ICTCPT,Y16T74,Araba/Álava,Percentage,64.32
2021,1.0,ICTPST,Y16T74,Araba/Álava,Percentage,48.29
2021,1.0,ICTSSHT,Y16T74,Araba/Álava,Percentage,44.95
2021,1.0,ICTPRGM,Y16T74,Araba/Álava,Percentage,7.7
2021,1.0,ICTTRFF,Y16T74,Araba/Álava,Percentage,62.89
2021,1.0,ICTSFWR,Y16T74,Araba/Álava,Percentage,69.67
2021,1.0,ICTPRVCY,Y16T74,Araba/Álava,Percentage,29.91
2021,1.0,,Y16T74,Araba/Álava,Percentage,76.36
2021,1.0,ICTCPT,Y16T74,Gipuzkoa,Percentage,60.21
2021,1.0,ICTPST,Y16T74,Gipuzkoa,Percentage,43.74
2021,1.0,ICTSSHT,Y16T74,Gipuzkoa,Percentage,44.77
2021,1.0,ICTPRGM,Y16T74,Gipuzkoa,Percentage,7.81
2021,1.0,ICTTRFF,Y16T74,Gipuzkoa,Percentage,61.18
2021,1.0,ICTSFWR,Y16T74,Gipuzkoa,Percentage,67.13
2021,1.0,ICTPRVCY,Y16T74,Gipuzkoa,Percentage,31.0
2021,1.0,,Y16T74,Gipuzkoa,Percentage,75.76
2021,1.0,ICTCPT,Y16T74,Bizkaia,Percentage,63.83
2021,1.0,ICTPST,Y16T74,Bizkaia,Percentage,48.37
2021,1.0,ICTSSHT,Y16T74,Bizkaia,Percentage,48.18
2021,1.0,ICTPRGM,Y16T74,Bizkaia,Percentage,7.05
2021,1.0,ICTTRFF,Y16T74,Bizkaia,Percentage,62.2
2021,1.0,ICTSFWR,Y16T74,Bizkaia,Percentage,68.17
2021,1.0,ICTPRVCY,Y16T74,Bizkaia,Percentage,33.67
2021,1.0,,Y16T74,Bizkaia,Percentage,76.5
2021,1.0,ICTCPT,Y16T24,,Percentage,87.49
2021,1.0,ICTPST,Y16T24,,Percentage,82.55
2021,1.0,ICTSSHT,Y16T24,,Percentage,70.16
2021,1.0,ICTPRGM,Y16T24,,Percentage,17.82
2021,1.0,ICTTRFF,Y16T24,,Percentage,87.5
2021,1.0,ICTSFWR,Y16T24,,Percentage,90.82
2021,1.0,ICTPRVCY,Y16T24,,Percentage,53.26
2021,1.0,,Y16T24,,Percentage,95.71
2021,1.0,ICTCPT,Y16T24,Araba/Álava,Percentage,84.98
2021,1.0,ICTPST,Y16T24,Araba/Álava,Percentage,71.4
2021,1.0,ICTSSHT,Y16T24,Araba/Álava,Percentage,60.36
2021,1.0,ICTPRGM,Y16T24,Araba/Álava,Percentage,18.8
2021,1.0,ICTTRFF,Y16T24,Araba/Álava,Percentage,80.13
2021,1.0,ICTSFWR,Y16T24,Araba/Álava,Percentage,94.25
2021,1.0,ICTPRVCY,Y16T24,Araba/Álava,Percentage,42.22
2021,1.0,,Y16T24,Araba/Álava,Percentage,97.21
2021,1.0,ICTCPT,Y16T24,Gipuzkoa,Percentage,85.97
2021,1.0,ICTPST,Y16T24,Gipuzkoa,Percentage,82.42
2021,1.0,ICTSSHT,Y16T24,Gipuzkoa,Percentage,76.33
2021,1.0,ICTPRGM,Y16T24,Gipuzkoa,Percentage,20.33
2021,1.0,ICTTRFF,Y16T24,Gipuzkoa,Percentage,91.14
2021,1.0,ICTSFWR,Y16T24,Gipuzkoa,Percentage,93.67
2021,1.0,ICTPRVCY,Y16T24,Gipuzkoa,Percentage,55.51
2021,1.0,,Y16T24,Gipuzkoa,Percentage,98.26
2021,1.0,ICTCPT,Y16T24,Bizkaia,Percentage,89.47
2021,1.0,ICTPST,Y16T24,Bizkaia,Percentage,86.33
2021,1.0,ICTSSHT,Y16T24,Bizkaia,Percentage,68.76
2021,1.0,ICTPRGM,Y16T24,Bizkaia,Percentage,15.6
2021,1.0,ICTTRFF,Y16T24,Bizkaia,Percentage,87.19
2021,1.0,ICTSFWR,Y16T24,Bizkaia,Percentage,87.52
2021,1.0,ICTPRVCY,Y16T24,Bizkaia,Percentage,55.21
2021,1.0,,Y16T24,Bizkaia,Percentage,93.28
2021,1.0,ICTCPT,Y25T74,,Percentage,59.16
2021,1.0,ICTPST,Y25T74,,Percentage,41.72
2021,1.0,ICTSSHT,Y25T74,,Percentage,43.19
2021,1.0,ICTPRGM,Y25T74,,Percentage,5.9
2021,1.0,ICTTRFF,Y25T74,,Percentage,58.31
2021,1.0,ICTSFWR,Y25T74,,Percentage,64.79
2021,1.0,ICTPRVCY,Y25T74,,Percentage,29.21
2021,1.0,,Y25T74,,Percentage,73.44
2021,1.0,ICTCPT,Y25T74,Araba/Álava,Percentage,61.18
2021,1.0,ICTPST,Y25T74,Araba/Álava,Percentage,44.79
2021,1.0,ICTSSHT,Y25T74,Araba/Álava,Percentage,42.61
2021,1.0,ICTPRGM,Y25T74,Araba/Álava,Percentage,6.01
2021,1.0,ICTTRFF,Y25T74,Araba/Álava,Percentage,60.27
2021,1.0,ICTSFWR,Y25T74,Araba/Álava,Percentage,65.94
2021,1.0,ICTPRVCY,Y25T74,Araba/Álava,Percentage,28.04
2021,1.0,,Y25T74,Araba/Álava,Percentage,73.2
2021,1.0,ICTCPT,Y25T74,Gipuzkoa,Percentage,56.08
2021,1.0,ICTPST,Y25T74,Gipuzkoa,Percentage,37.52
2021,1.0,ICTSSHT,Y25T74,Gipuzkoa,Percentage,39.7
2021,1.0,ICTPRGM,Y25T74,Gipuzkoa,Percentage,5.8
2021,1.0,ICTTRFF,Y25T74,Gipuzkoa,Percentage,56.37
2021,1.0,ICTSFWR,Y25T74,Gipuzkoa,Percentage,62.86
2021,1.0,ICTPRVCY,Y25T74,Gipuzkoa,Percentage,27.05
2021,1.0,,Y25T74,Gipuzkoa,Percentage,72.14
2021,1.0,ICTCPT,Y25T74,Bizkaia,Percentage,60.48
2021,1.0,ICTPST,Y25T74,Bizkaia,Percentage,43.41
2021,1.0,ICTSSHT,Y25T74,Bizkaia,Percentage,45.5
2021,1.0,ICTPRGM,Y25T74,Bizkaia,Percentage,5.93
2021,1.0,ICTTRFF,Y25T74,Bizkaia,Percentage,58.94
2021,1.0,ICTSFWR,Y25T74,Bizkaia,Percentage,65.64
2021,1.0,ICTPRVCY,Y25T74,Bizkaia,Percentage,30.86
2021,1.0,,Y25T74,Bizkaia,Percentage,74.31
2021,2.0,ICTCPT,Y16T74,,Percentage,60.25
2021,2.0,ICTPST,Y16T74,,Percentage,45.07
2021,2.0,ICTSSHT,Y16T74,,Percentage,42.32
2021,2.0,ICTPRGM,Y16T74,,Percentage,3.14
2021,2.0,ICTTRFF,Y16T74,,Percentage,58.63
2021,2.0,ICTSFWR,Y16T74,,Percentage,61.24
2021,2.0,ICTPRVCY,Y16T74,,Percentage,23.51
2021,2.0,,Y16T74,,Percentage,73.76
2021,2.0,ICTCPT,Y16T74,Araba/Álava,Percentage,59.54
2021,2.0,ICTPST,Y16T74,Araba/Álava,Percentage,44.91
2021,2.0,ICTSSHT,Y16T74,Araba/Álava,Percentage,43.21
2021,2.0,ICTPRGM,Y16T74,Araba/Álava,Percentage,3.69
2021,2.0,ICTTRFF,Y16T74,Araba/Álava,Percentage,56.3
2021,2.0,ICTSFWR,Y16T74,Araba/Álava,Percentage,61.97
2021,2.0,ICTPRVCY,Y16T74,Araba/Álava,Percentage,24.05
2021,2.0,,Y16T74,Araba/Álava,Percentage,74.42
2021,2.0,ICTCPT,Y16T74,Gipuzkoa,Percentage,61.84
2021,2.0,ICTPST,Y16T74,Gipuzkoa,Percentage,47.05
2021,2.0,ICTSSHT,Y16T74,Gipuzkoa,Percentage,44.01
2021,2.0,ICTPRGM,Y16T74,Gipuzkoa,Percentage,2.57
2021,2.0,ICTTRFF,Y16T74,Gipuzkoa,Percentage,59.99
2021,2.0,ICTSFWR,Y16T74,Gipuzkoa,Percentage,62.05
2021,2.0,ICTPRVCY,Y16T74,Gipuzkoa,Percentage,25.12
2021,2.0,,Y16T74,Gipuzkoa,Percentage,75.04
2021,2.0,ICTCPT,Y16T74,Bizkaia,Percentage,59.48
2021,2.0,ICTPST,Y16T74,Bizkaia,Percentage,43.91
2021,2.0,ICTSSHT,Y16T74,Bizkaia,Percentage,41.04
2021,2.0,ICTPRGM,Y16T74,Bizkaia,Percentage,3.34
2021,2.0,ICTTRFF,Y16T74,Bizkaia,Percentage,58.45
2021,2.0,ICTSFWR,Y16T74,Bizkaia,Percentage,60.56
2021,2.0,ICTPRVCY,Y16T74,Bizkaia,Percentage,22.38
2021,2.0,,Y16T74,Bizkaia,Percentage,72.8
2021,2.0,ICTCPT,Y16T24,,Percentage,85.56
2021,2.0,ICTPST,Y16T24,,Percentage,83.18
2021,2.0,ICTSSHT,Y16T24,,Percentage,64.17
2021,2.0,ICTPRGM,Y16T24,,Percentage,11.1
2021,2.0,ICTTRFF,Y16T24,,Percentage,82.59
2021,2.0,ICTSFWR,Y16T24,,Percentage,86.29
2021,2.0,ICTPRVCY,Y16T24,,Percentage,38.31
2021,2.0,,Y16T24,,Percentage,96.66
2021,2.0,ICTCPT,Y16T24,Araba/Álava,Percentage,86.52
2021,2.0,ICTPST,Y16T24,Araba/Álava,Percentage,83.9
2021,2.0,ICTSSHT,Y16T24,Araba/Álava,Percentage,62.48
2021,2.0,ICTPRGM,Y16T24,Araba/Álava,Percentage,9.22
2021,2.0,ICTTRFF,Y16T24,Araba/Álava,Percentage,84.87
2021,2.0,ICTSFWR,Y16T24,Araba/Álava,Percentage,84.23
2021,2.0,ICTPRVCY,Y16T24,Araba/Álava,Percentage,37.98
2021,2.0,,Y16T24,Araba/Álava,Percentage,96.29
2021,2.0,ICTCPT,Y16T24,Gipuzkoa,Percentage,86.21
2021,2.0,ICTPST,Y16T24,Gipuzkoa,Percentage,87.54
2021,2.0,ICTSSHT,Y16T24,Gipuzkoa,Percentage,72.32
2021,2.0,ICTPRGM,Y16T24,Gipuzkoa,Percentage,8.26
2021,2.0,ICTTRFF,Y16T24,Gipuzkoa,Percentage,80.03
2021,2.0,ICTSFWR,Y16T24,Gipuzkoa,Percentage,86.55
2021,2.0,ICTPRVCY,Y16T24,Gipuzkoa,Percentage,37.19
2021,2.0,,Y16T24,Gipuzkoa,Percentage,98.66
2021,2.0,ICTCPT,Y16T24,Bizkaia,Percentage,84.89
2021,2.0,ICTPST,Y16T24,Bizkaia,Percentage,80.24
2021,2.0,ICTSSHT,Y16T24,Bizkaia,Percentage,59.54
2021,2.0,ICTPRGM,Y16T24,Bizkaia,Percentage,13.4
2021,2.0,ICTTRFF,Y16T24,Bizkaia,Percentage,83.57
2021,2.0,ICTSFWR,Y16T24,Bizkaia,Percentage,86.71
2021,2.0,ICTPRVCY,Y16T24,Bizkaia,Percentage,39.11
2021,2.0,,Y16T24,Bizkaia,Percentage,95.51
2021,2.0,ICTCPT,Y25T74,,Percentage,57.08
2021,2.0,ICTPST,Y25T74,,Percentage,40.29
2021,2.0,ICTSSHT,Y25T74,,Percentage,39.58
2021,2.0,ICTPRGM,Y25T74,,Percentage,2.15
2021,2.0,ICTTRFF,Y25T74,,Percentage,55.62
2021,2.0,ICTSFWR,Y25T74,,Percentage,58.11
2021,2.0,ICTPRVCY,Y25T74,,Percentage,21.65
2021,2.0,,Y25T74,,Percentage,70.9
2021,2.0,ICTCPT,Y25T74,Araba/Álava,Percentage,56.25
2021,2.0,ICTPST,Y25T74,Araba/Álava,Percentage,40.16
2021,2.0,ICTSSHT,Y25T74,Araba/Álava,Percentage,40.86
2021,2.0,ICTPRGM,Y25T74,Araba/Álava,Percentage,3.01
2021,2.0,ICTTRFF,Y25T74,Araba/Álava,Percentage,52.82
2021,2.0,ICTSFWR,Y25T74,Araba/Álava,Percentage,59.26
2021,2.0,ICTPRVCY,Y25T74,Araba/Álava,Percentage,22.35
2021,2.0,,Y25T74,Araba/Álava,Percentage,71.75
2021,2.0,ICTCPT,Y25T74,Gipuzkoa,Percentage,58.7
2021,2.0,ICTPST,Y25T74,Gipuzkoa,Percentage,41.83
2021,2.0,ICTSSHT,Y25T74,Gipuzkoa,Percentage,40.36
2021,2.0,ICTPRGM,Y25T74,Gipuzkoa,Percentage,1.84
2021,2.0,ICTTRFF,Y25T74,Gipuzkoa,Percentage,57.41
2021,2.0,ICTSFWR,Y25T74,Gipuzkoa,Percentage,58.89
2021,2.0,ICTPRVCY,Y25T74,Gipuzkoa,Percentage,23.57
2021,2.0,,Y25T74,Gipuzkoa,Percentage,72.0
2021,2.0,ICTCPT,Y25T74,Bizkaia,Percentage,56.33
2021,2.0,ICTPST,Y25T74,Bizkaia,Percentage,39.4
2021,2.0,ICTSSHT,Y25T74,Bizkaia,Percentage,38.74
2021,2.0,ICTPRGM,Y25T74,Bizkaia,Percentage,2.09
2021,2.0,ICTTRFF,Y25T74,Bizkaia,Percentage,55.33
2021,2.0,ICTSFWR,Y25T74,Bizkaia,Percentage,57.31
2021,2.0,ICTPRVCY,Y25T74,Bizkaia,Percentage,20.3
2021,2.0,,Y25T74,Bizkaia,Percentage,69.98
2022,,ICTCPT,Y16T74,,Percentage,57.2
2022,,ICTPST,Y16T74,,Percentage,42.31
2022,,ICTSSHT,Y16T74,,Percentage,42.23
2022,,ICTPRGM,Y16T74,,Percentage,5.26
2022,,ICTTRFF,Y16T74,,Percentage,52.11
2022,,ICTSFWR,Y16T74,,Percentage,54.02
2022,,ICTPRVCY,Y16T74,,Percentage,23.02
2022,,,Y16T74,,Percentage,68.79
2022,,ICTCPT,Y16T74,Araba/Álava,Percentage,56.74
2022,,ICTPST,Y16T74,Araba/Álava,Percentage,43.54
2022,,ICTSSHT,Y16T74,Araba/Álava,Percentage,44.9
2022,,ICTPRGM,Y16T74,Araba/Álava,Percentage,4.73
2022,,ICTTRFF,Y16T74,Araba/Álava,Percentage,52.54
2022,,ICTSFWR,Y16T74,Araba/Álava,Percentage,53.04
2022,,ICTPRVCY,Y16T74,Araba/Álava,Percentage,23.59
2022,,,Y16T74,Araba/Álava,Percentage,68.32
2022,,ICTCPT,Y16T74,Gipuzkoa,Percentage,58.29
2022,,ICTPST,Y16T74,Gipuzkoa,Percentage,42.32
2022,,ICTSSHT,Y16T74,Gipuzkoa,Percentage,43.22
2022,,ICTPRGM,Y16T74,Gipuzkoa,Percentage,5.69
2022,,ICTTRFF,Y16T74,Gipuzkoa,Percentage,51.64
2022,,ICTSFWR,Y16T74,Gipuzkoa,Percentage,53.61
2022,,ICTPRVCY,Y16T74,Gipuzkoa,Percentage,23.66
2022,,,Y16T74,Gipuzkoa,Percentage,69.41
2022,,ICTCPT,Y16T74,Bizkaia,Percentage,56.66
2022,,ICTPST,Y16T74,Bizkaia,Percentage,41.94
2022,,ICTSSHT,Y16T74,Bizkaia,Percentage,40.86
2022,,ICTPRGM,Y16T74,Bizkaia,Percentage,5.14
2022,,ICTTRFF,Y16T74,Bizkaia,Percentage,52.27
2022,,ICTSFWR,Y16T74,Bizkaia,Percentage,54.54
2022,,ICTPRVCY,Y16T74,Bizkaia,Percentage,22.47
2022,,,Y16T74,Bizkaia,Percentage,68.54
2022,,ICTCPT,Y16T24,,Percentage,87.44
2022,,ICTPST,Y16T24,,Percentage,81.29
2022,,ICTSSHT,Y16T24,,Percentage,68.34
2022,,ICTPRGM,Y16T24,,Percentage,11.04
2022,,ICTTRFF,Y16T24,,Percentage,78.1
2022,,ICTSFWR,Y16T24,,Percentage,81.06
2022,,ICTPRVCY,Y16T24,,Percentage,36.68
2022,,,Y16T24,,Percentage,95.52
2022,,ICTCPT,Y16T24,Araba/Álava,Percentage,82.61
2022,,ICTPST,Y16T24,Araba/Álava,Percentage,83.68
2022,,ICTSSHT,Y16T24,Araba/Álava,Percentage,74.63
2022,,ICTPRGM,Y16T24,Araba/Álava,Percentage,11.05
2022,,ICTTRFF,Y16T24,Araba/Álava,Percentage,81.74
2022,,ICTSFWR,Y16T24,Araba/Álava,Percentage,79.48
2022,,ICTPRVCY,Y16T24,Araba/Álava,Percentage,40.3
2022,,,Y16T24,Araba/Álava,Percentage,94.58
2022,,ICTCPT,Y16T24,Gipuzkoa,Percentage,88.44
2022,,ICTPST,Y16T24,Gipuzkoa,Percentage,78.19
2022,,ICTSSHT,Y16T24,Gipuzkoa,Percentage,64.64
2022,,ICTPRGM,Y16T24,Gipuzkoa,Percentage,10.53
2022,,ICTTRFF,Y16T24,Gipuzkoa,Percentage,78.88
2022,,ICTSFWR,Y16T24,Gipuzkoa,Percentage,80.0
2022,,ICTPRVCY,Y16T24,Gipuzkoa,Percentage,35.6
2022,,,Y16T24,Gipuzkoa,Percentage,96.1
2022,,ICTCPT,Y16T24,Bizkaia,Percentage,88.08
2022,,ICTPST,Y16T24,Bizkaia,Percentage,82.68
2022,,ICTSSHT,Y16T24,Bizkaia,Percentage,69.09
2022,,ICTPRGM,Y16T24,Bizkaia,Percentage,11.36
2022,,ICTTRFF,Y16T24,Bizkaia,Percentage,76.61
2022,,ICTSFWR,Y16T24,Bizkaia,Percentage,82.17
2022,,ICTPRVCY,Y16T24,Bizkaia,Percentage,36.42
2022,,,Y16T24,Bizkaia,Percentage,95.39
2022,,ICTCPT,Y25T74,,Percentage,53.21
2022,,ICTPST,Y25T74,,Percentage,37.16
2022,,ICTSSHT,Y25T74,,Percentage,38.78
2022,,ICTPRGM,Y25T74,,Percentage,4.49
2022,,ICTTRFF,Y25T74,,Percentage,48.68
2022,,ICTSFWR,Y25T74,,Percentage,50.45
2022,,ICTPRVCY,Y25T74,,Percentage,21.22
2022,,,Y25T74,,Percentage,65.26
2022,,ICTCPT,Y25T74,Araba/Álava,Percentage,53.65
2022,,ICTPST,Y25T74,Araba/Álava,Percentage,38.74
2022,,ICTSSHT,Y25T74,Araba/Álava,Percentage,41.35
2022,,ICTPRGM,Y25T74,Araba/Álava,Percentage,3.98
2022,,ICTTRFF,Y25T74,Araba/Álava,Percentage,49.05
2022,,ICTSFWR,Y25T74,Araba/Álava,Percentage,49.88
2022,,ICTPRVCY,Y25T74,Araba/Álava,Percentage,21.59
2022,,,Y25T74,Araba/Álava,Percentage,65.18
2022,,ICTCPT,Y25T74,Gipuzkoa,Percentage,54.06
2022,,ICTPST,Y25T74,Gipuzkoa,Percentage,37.28
2022,,ICTSSHT,Y25T74,Gipuzkoa,Percentage,40.21
2022,,ICTPRGM,Y25T74,Gipuzkoa,Percentage,5.01
2022,,ICTTRFF,Y25T74,Gipuzkoa,Percentage,47.82
2022,,ICTSFWR,Y25T74,Gipuzkoa,Percentage,49.91
2022,,ICTPRVCY,Y25T74,Gipuzkoa,Percentage,21.98
2022,,,Y25T74,Gipuzkoa,Percentage,65.66
2022,,ICTCPT,Y25T74,Bizkaia,Percentage,52.56
2022,,ICTPST,Y25T74,Bizkaia,Percentage,36.63
2022,,ICTSSHT,Y25T74,Bizkaia,Percentage,37.17
2022,,ICTPRGM,Y25T74,Bizkaia,Percentage,4.33
2022,,ICTTRFF,Y25T74,Bizkaia,Percentage,49.1
2022,,ICTSFWR,Y25T74,Bizkaia,Percentage,50.94
2022,,ICTPRVCY,Y25T74,Bizkaia,Percentage,20.65
2022,,,Y25T74,Bizkaia,Percentage,65.03
2022,1.0,ICTCPT,Y16T74,,Percentage,57.94
2022,1.0,ICTPST,Y16T74,,Percentage,41.65
2022,1.0,ICTSSHT,Y16T74,,Percentage,43.44
2022,1.0,ICTPRGM,Y16T74,,Percentage,7.25
2022,1.0,ICTTRFF,Y16T74,,Percentage,53.2
2022,1.0,ICTSFWR,Y16T74,,Percentage,56.24
2022,1.0,ICTPRVCY,Y16T74,,Percentage,26.75
2022,1.0,,Y16T74,,Percentage,69.4
2022,1.0,ICTCPT,Y16T74,Araba/Álava,Percentage,55.89
2022,1.0,ICTPST,Y16T74,Araba/Álava,Percentage,42.74
2022,1.0,ICTSSHT,Y16T74,Araba/Álava,Percentage,45.95
2022,1.0,ICTPRGM,Y16T74,Araba/Álava,Percentage,6.49
2022,1.0,ICTTRFF,Y16T74,Araba/Álava,Percentage,52.16
2022,1.0,ICTSFWR,Y16T74,Araba/Álava,Percentage,55.98
2022,1.0,ICTPRVCY,Y16T74,Araba/Álava,Percentage,28.03
2022,1.0,,Y16T74,Araba/Álava,Percentage,68.86
2022,1.0,ICTCPT,Y16T74,Gipuzkoa,Percentage,58.68
2022,1.0,ICTPST,Y16T74,Gipuzkoa,Percentage,40.93
2022,1.0,ICTSSHT,Y16T74,Gipuzkoa,Percentage,43.05
2022,1.0,ICTPRGM,Y16T74,Gipuzkoa,Percentage,8.57
2022,1.0,ICTTRFF,Y16T74,Gipuzkoa,Percentage,52.06
2022,1.0,ICTSFWR,Y16T74,Gipuzkoa,Percentage,55.07
2022,1.0,ICTPRVCY,Y16T74,Gipuzkoa,Percentage,26.07
2022,1.0,,Y16T74,Gipuzkoa,Percentage,68.84
2022,1.0,ICTCPT,Y16T74,Bizkaia,Percentage,58.08
2022,1.0,ICTPST,Y16T74,Bizkaia,Percentage,41.79
2022,1.0,ICTSSHT,Y16T74,Bizkaia,Percentage,42.95
2022,1.0,ICTPRGM,Y16T74,Bizkaia,Percentage,6.64
2022,1.0,ICTTRFF,Y16T74,Bizkaia,Percentage,54.22
2022,1.0,ICTSFWR,Y16T74,Bizkaia,Percentage,57.05
2022,1.0,ICTPRVCY,Y16T74,Bizkaia,Percentage,26.8
2022,1.0,,Y16T74,Bizkaia,Percentage,69.91
2022,1.0,ICTCPT,Y16T24,,Percentage,85.38
2022,1.0,ICTPST,Y16T24,,Percentage,77.02
2022,1.0,ICTSSHT,Y16T24,,Percentage,67.98
2022,1.0,ICTPRGM,Y16T24,,Percentage,12.88
2022,1.0,ICTTRFF,Y16T24,,Percentage,75.19
2022,1.0,ICTSFWR,Y16T24,,Percentage,83.51
2022,1.0,ICTPRVCY,Y16T24,,Percentage,39.99
2022,1.0,,Y16T24,,Percentage,93.54
2022,1.0,ICTCPT,Y16T24,Araba/Álava,Percentage,73.96
2022,1.0,ICTPST,Y16T24,Araba/Álava,Percentage,73.54
2022,1.0,ICTSSHT,Y16T24,Araba/Álava,Percentage,76.98
2022,1.0,ICTPRGM,Y16T24,Araba/Álava,Percentage,17.3
2022,1.0,ICTTRFF,Y16T24,Araba/Álava,Percentage,77.94
2022,1.0,ICTSFWR,Y16T24,Araba/Álava,Percentage,76.66
2022,1.0,ICTPRVCY,Y16T24,Araba/Álava,Percentage,42.88
2022,1.0,,Y16T24,Araba/Álava,Percentage,92.71
2022,1.0,ICTCPT,Y16T24,Gipuzkoa,Percentage,89.39
2022,1.0,ICTPST,Y16T24,Gipuzkoa,Percentage,72.35
2022,1.0,ICTSSHT,Y16T24,Gipuzkoa,Percentage,63.16
2022,1.0,ICTPRGM,Y16T24,Gipuzkoa,Percentage,16.01
2022,1.0,ICTTRFF,Y16T24,Gipuzkoa,Percentage,78.83
2022,1.0,ICTSFWR,Y16T24,Gipuzkoa,Percentage,85.47
2022,1.0,ICTPRVCY,Y16T24,Gipuzkoa,Percentage,33.21
2022,1.0,,Y16T24,Gipuzkoa,Percentage,96.4
2022,1.0,ICTCPT,Y16T24,Bizkaia,Percentage,85.75
2022,1.0,ICTPST,Y16T24,Bizkaia,Percentage,81.08
2022,1.0,ICTSSHT,Y16T24,Bizkaia,Percentage,68.79
2022,1.0,ICTPRGM,Y16T24,Bizkaia,Percentage,9.61
2022,1.0,ICTTRFF,Y16T24,Bizkaia,Percentage,72.02
2022,1.0,ICTSFWR,Y16T24,Bizkaia,Percentage,84.03
2022,1.0,ICTPRVCY,Y16T24,Bizkaia,Percentage,43.76
2022,1.0,,Y16T24,Bizkaia,Percentage,91.84
2022,1.0,ICTCPT,Y25T74,,Percentage,54.17
2022,1.0,ICTPST,Y25T74,,Percentage,36.79
2022,1.0,ICTSSHT,Y25T74,,Percentage,40.07
2022,1.0,ICTPRGM,Y25T74,,Percentage,6.47
2022,1.0,ICTTRFF,Y25T74,,Percentage,50.17
2022,1.0,ICTSFWR,Y25T74,,Percentage,52.49
2022,1.0,ICTPRVCY,Y25T74,,Percentage,24.92
2022,1.0,,Y25T74,,Percentage,66.08
2022,1.0,ICTCPT,Y25T74,Araba/Álava,Percentage,53.67
2022,1.0,ICTPST,Y25T74,Araba/Álava,Percentage,38.95
2022,1.0,ICTSSHT,Y25T74,Araba/Álava,Percentage,42.14
2022,1.0,ICTPRGM,Y25T74,Araba/Álava,Percentage,5.16
2022,1.0,ICTTRFF,Y25T74,Araba/Álava,Percentage,48.99
2022,1.0,ICTSFWR,Y25T74,Araba/Álava,Percentage,53.44
2022,1.0,ICTPRVCY,Y25T74,Araba/Álava,Percentage,26.21
2022,1.0,,Y25T74,Araba/Álava,Percentage,65.93
2022,1.0,ICTCPT,Y25T74,Gipuzkoa,Percentage,54.18
2022,1.0,ICTPST,Y25T74,Gipuzkoa,Percentage,36.33
2022,1.0,ICTSSHT,Y25T74,Gipuzkoa,Percentage,40.1
2022,1.0,ICTPRGM,Y25T74,Gipuzkoa,Percentage,7.48
2022,1.0,ICTTRFF,Y25T74,Gipuzkoa,Percentage,48.14
2022,1.0,ICTSFWR,Y25T74,Gipuzkoa,Percentage,50.62
2022,1.0,ICTPRVCY,Y25T74,Gipuzkoa,Percentage,25.02
2022,1.0,,Y25T74,Gipuzkoa,Percentage,64.8
2022,1.0,ICTCPT,Y25T74,Bizkaia,Percentage,54.3
2022,1.0,ICTPST,Y25T74,Bizkaia,Percentage,36.43
2022,1.0,ICTSSHT,Y25T74,Bizkaia,Percentage,39.43
2022,1.0,ICTPRGM,Y25T74,Bizkaia,Percentage,6.23
2022,1.0,ICTTRFF,Y25T74,Bizkaia,Percentage,51.79
2022,1.0,ICTSFWR,Y25T74,Bizkaia,Percentage,53.37
2022,1.0,ICTPRVCY,Y25T74,Bizkaia,Percentage,24.49
2022,1.0,,Y25T74,Bizkaia,Percentage,66.92
2022,2.0,ICTCPT,Y16T74,,Percentage,56.49
2022,2.0,ICTPST,Y16T74,,Percentage,42.93
2022,2.0,ICTSSHT,Y16T74,,Percentage,41.07
2022,2.0,ICTPRGM,Y16T74,,Percentage,3.35
2022,2.0,ICTTRFF,Y16T74,,Percentage,51.07
2022,2.0,ICTSFWR,Y16T74,,Percentage,51.89
2022,2.0,ICTPRVCY,Y16T74,,Percentage,19.46
2022,2.0,,Y16T74,,Percentage,68.2
2022,2.0,ICTCPT,Y16T74,Araba/Álava,Percentage,57.56
2022,2.0,ICTPST,Y16T74,Araba/Álava,Percentage,44.31
2022,2.0,ICTSSHT,Y16T74,Araba/Álava,Percentage,43.88
2022,2.0,ICTPRGM,Y16T74,Araba/Álava,Percentage,3.03
2022,2.0,ICTTRFF,Y16T74,Araba/Álava,Percentage,52.9
2022,2.0,ICTSFWR,Y16T74,Araba/Álava,Percentage,50.18
2022,2.0,ICTPRVCY,Y16T74,Araba/Álava,Percentage,19.28
2022,2.0,,Y16T74,Araba/Álava,Percentage,67.8
2022,2.0,ICTCPT,Y16T74,Gipuzkoa,Percentage,57.91
2022,2.0,ICTPST,Y16T74,Gipuzkoa,Percentage,43.69
2022,2.0,ICTSSHT,Y16T74,Gipuzkoa,Percentage,43.39
2022,2.0,ICTPRGM,Y16T74,Gipuzkoa,Percentage,2.84
2022,2.0,ICTTRFF,Y16T74,Gipuzkoa,Percentage,51.23
2022,2.0,ICTSFWR,Y16T74,Gipuzkoa,Percentage,52.17
2022,2.0,ICTPRVCY,Y16T74,Gipuzkoa,Percentage,21.28
2022,2.0,,Y16T74,Gipuzkoa,Percentage,69.97
2022,2.0,ICTCPT,Y16T74,Bizkaia,Percentage,55.34
2022,2.0,ICTPST,Y16T74,Bizkaia,Percentage,42.08
2022,2.0,ICTSSHT,Y16T74,Bizkaia,Percentage,38.9
2022,2.0,ICTPRGM,Y16T74,Bizkaia,Percentage,3.74
2022,2.0,ICTTRFF,Y16T74,Bizkaia,Percentage,50.45
2022,2.0,ICTSFWR,Y16T74,Bizkaia,Percentage,52.2
2022,2.0,ICTPRVCY,Y16T74,Bizkaia,Percentage,18.43
2022,2.0,,Y16T74,Bizkaia,Percentage,67.26
2022,2.0,ICTCPT,Y16T24,,Percentage,89.57
2022,2.0,ICTPST,Y16T24,,Percentage,85.68
2022,2.0,ICTSSHT,Y16T24,,Percentage,68.72
2022,2.0,ICTPRGM,Y16T24,,Percentage,9.13
2022,2.0,ICTTRFF,Y16T24,,Percentage,81.09
2022,2.0,ICTSFWR,Y16T24,,Percentage,78.54
2022,2.0,ICTPRVCY,Y16T24,,Percentage,33.27
2022,2.0,,Y16T24,,Percentage,97.55
2022,2.0,ICTCPT,Y16T24,Araba/Álava,Percentage,91.43
2022,2.0,ICTPST,Y16T24,Araba/Álava,Percentage,94.03
2022,2.0,ICTSSHT,Y16T24,Araba/Álava,Percentage,72.24
2022,2.0,ICTPRGM,Y16T24,Araba/Álava,Percentage,4.68
2022,2.0,ICTTRFF,Y16T24,Araba/Álava,Percentage,85.62
2022,2.0,ICTSFWR,Y16T24,Araba/Álava,Percentage,82.37
2022,2.0,ICTPRVCY,Y16T24,Araba/Álava,Percentage,37.67
2022,2.0,,Y16T24,Araba/Álava,Percentage,96.48
2022,2.0,ICTCPT,Y16T24,Gipuzkoa,Percentage,87.43
2022,2.0,ICTPST,Y16T24,Gipuzkoa,Percentage,84.41
2022,2.0,ICTSSHT,Y16T24,Gipuzkoa,Percentage,66.21
2022,2.0,ICTPRGM,Y16T24,Gipuzkoa,Percentage,4.69
2022,2.0,ICTTRFF,Y16T24,Gipuzkoa,Percentage,78.94
2022,2.0,ICTSFWR,Y16T24,Gipuzkoa,Percentage,74.19
2022,2.0,ICTPRVCY,Y16T24,Gipuzkoa,Percentage,38.14
2022,2.0,,Y16T24,Gipuzkoa,Percentage,95.77
2022,2.0,ICTCPT,Y16T24,Bizkaia,Percentage,90.43
2022,2.0,ICTPST,Y16T24,Bizkaia,Percentage,84.29
2022,2.0,ICTSSHT,Y16T24,Bizkaia,Percentage,69.38
2022,2.0,ICTPRGM,Y16T24,Bizkaia,Percentage,13.13
2022,2.0,ICTTRFF,Y16T24,Bizkaia,Percentage,81.25
2022,2.0,ICTSFWR,Y16T24,Bizkaia,Percentage,80.29
2022,2.0,ICTPRVCY,Y16T24,Bizkaia,Percentage,29.02
2022,2.0,,Y16T24,Bizkaia,Percentage,98.96
2022,2.0,ICTCPT,Y25T74,,Percentage,52.3
2022,2.0,ICTPST,Y25T74,,Percentage,37.51
2022,2.0,ICTSSHT,Y25T74,,Percentage,37.57
2022,2.0,ICTPRGM,Y25T74,,Percentage,2.62
2022,2.0,ICTTRFF,Y25T74,,Percentage,47.26
2022,2.0,ICTSFWR,Y25T74,,Percentage,48.51
2022,2.0,ICTPRVCY,Y25T74,,Percentage,17.71
2022,2.0,,Y25T74,,Percentage,64.48
2022,2.0,ICTCPT,Y25T74,Araba/Álava,Percentage,53.63
2022,2.0,ICTPST,Y25T74,Araba/Álava,Percentage,38.54
2022,2.0,ICTSSHT,Y25T74,Araba/Álava,Percentage,40.58
2022,2.0,ICTPRGM,Y25T74,Araba/Álava,Percentage,2.84
2022,2.0,ICTTRFF,Y25T74,Araba/Álava,Percentage,49.1
2022,2.0,ICTSFWR,Y25T74,Araba/Álava,Percentage,46.44
2022,2.0,ICTPRVCY,Y25T74,Araba/Álava,Percentage,17.14
2022,2.0,,Y25T74,Araba/Álava,Percentage,64.47
2022,2.0,ICTCPT,Y25T74,Gipuzkoa,Percentage,53.94
2022,2.0,ICTPST,Y25T74,Gipuzkoa,Percentage,38.22
2022,2.0,ICTSSHT,Y25T74,Gipuzkoa,Percentage,40.32
2022,2.0,ICTPRGM,Y25T74,Gipuzkoa,Percentage,2.59
2022,2.0,ICTTRFF,Y25T74,Gipuzkoa,Percentage,47.5
2022,2.0,ICTSFWR,Y25T74,Gipuzkoa,Percentage,49.21
2022,2.0,ICTPRVCY,Y25T74,Gipuzkoa,Percentage,19.01
2022,2.0,,Y25T74,Gipuzkoa,Percentage,66.5
2022,2.0,ICTCPT,Y25T74,Bizkaia,Percentage,50.95
2022,2.0,ICTPST,Y25T74,Bizkaia,Percentage,36.8
2022,2.0,ICTSSHT,Y25T74,Bizkaia,Percentage,35.08
2022,2.0,ICTPRGM,Y25T74,Bizkaia,Percentage,2.57
2022,2.0,ICTTRFF,Y25T74,Bizkaia,Percentage,46.6
2022,2.0,ICTSFWR,Y25T74,Bizkaia,Percentage,48.69
2022,2.0,ICTPRVCY,Y25T74,Bizkaia,Percentage,17.11
2022,2.0,,Y25T74,Bizkaia,Percentage,63.29
2023,,ICTCPT,Y16T74,,Percentage,56.25
2023,,ICTPST,Y16T74,,Percentage,41.06
2023,,ICTSSHT,Y16T74,,Percentage,41.85
2023,,ICTPRGM,Y16T74,,Percentage,6.23
2023,,ICTTRFF,Y16T74,,Percentage,49.97
2023,,ICTSFWR,Y16T74,,Percentage,51.59
2023,,ICTPRVCY,Y16T74,,Percentage,33.43
2023,,,Y16T74,,Percentage,71.49
2023,,ICTCPT,Y16T74,Araba/Álava,Percentage,54.82
2023,,ICTPST,Y16T74,Araba/Álava,Percentage,38.38
2023,,ICTSSHT,Y16T74,Araba/Álava,Percentage,37.35
2023,,ICTPRGM,Y16T74,Araba/Álava,Percentage,4.26
2023,,ICTTRFF,Y16T74,Araba/Álava,Percentage,46.04
2023,,ICTSFWR,Y16T74,Araba/Álava,Percentage,52.49
2023,,ICTPRVCY,Y16T74,Araba/Álava,Percentage,31.66
2023,,,Y16T74,Araba/Álava,Percentage,71.3
2023,,ICTCPT,Y16T74,Gipuzkoa,Percentage,57.26
2023,,ICTPST,Y16T74,Gipuzkoa,Percentage,42.92
2023,,ICTSSHT,Y16T74,Gipuzkoa,Percentage,44.42
2023,,ICTPRGM,Y16T74,Gipuzkoa,Percentage,6.12
2023,,ICTTRFF,Y16T74,Gipuzkoa,Percentage,50.82
2023,,ICTSFWR,Y16T74,Gipuzkoa,Percentage,50.67
2023,,ICTPRVCY,Y16T74,Gipuzkoa,Percentage,32.69
2023,,,Y16T74,Gipuzkoa,Percentage,71.95
2023,,ICTCPT,Y16T74,Bizkaia,Percentage,56.04
2023,,ICTPST,Y16T74,Bizkaia,Percentage,40.68
2023,,ICTSSHT,Y16T74,Bizkaia,Percentage,41.54
2023,,ICTPRGM,Y16T74,Bizkaia,Percentage,6.86
2023,,ICTTRFF,Y16T74,Bizkaia,Percentage,50.57
2023,,ICTSFWR,Y16T74,Bizkaia,Percentage,51.9
2023,,ICTPRVCY,Y16T74,Bizkaia,Percentage,34.41
2023,,,Y16T74,Bizkaia,Percentage,71.26
2023,,ICTCPT,Y16T24,,Percentage,89.14
2023,,ICTPST,Y16T24,,Percentage,83.54
2023,,ICTSSHT,Y16T24,,Percentage,63.58
2023,,ICTPRGM,Y16T24,,Percentage,16.58
2023,,ICTTRFF,Y16T24,,Percentage,77.6
2023,,ICTSFWR,Y16T24,,Percentage,76.57
2023,,ICTPRVCY,Y16T24,,Percentage,45.54
2023,,,Y16T24,,Percentage,95.87
2023,,ICTCPT,Y16T24,Araba/Álava,Percentage,94.85
2023,,ICTPST,Y16T24,Araba/Álava,Percentage,83.61
2023,,ICTSSHT,Y16T24,Araba/Álava,Percentage,57.79
2023,,ICTPRGM,Y16T24,Araba/Álava,Percentage,14.41
2023,,ICTTRFF,Y16T24,Araba/Álava,Percentage,83.91
2023,,ICTSFWR,Y16T24,Araba/Álava,Percentage,72.3
2023,,ICTPRVCY,Y16T24,Araba/Álava,Percentage,39.35
2023,,,Y16T24,Araba/Álava,Percentage,99.48
2023,,ICTCPT,Y16T24,Gipuzkoa,Percentage,89.53
2023,,ICTPST,Y16T24,Gipuzkoa,Percentage,85.71
2023,,ICTSSHT,Y16T24,Gipuzkoa,Percentage,70.09
2023,,ICTPRGM,Y16T24,Gipuzkoa,Percentage,12.47
2023,,ICTTRFF,Y16T24,Gipuzkoa,Percentage,76.4
2023,,ICTSFWR,Y16T24,Gipuzkoa,Percentage,79.31
2023,,ICTPRVCY,Y16T24,Gipuzkoa,Percentage,48.36
2023,,,Y16T24,Gipuzkoa,Percentage,97.29
2023,,ICTCPT,Y16T24,Bizkaia,Percentage,87.1
2023,,ICTPST,Y16T24,Bizkaia,Percentage,82.03
2023,,ICTSSHT,Y16T24,Bizkaia,Percentage,60.93
2023,,ICTPRGM,Y16T24,Bizkaia,Percentage,20.07
2023,,ICTTRFF,Y16T24,Bizkaia,Percentage,76.45
2023,,ICTSFWR,Y16T24,Bizkaia,Percentage,76.02
2023,,ICTPRVCY,Y16T24,Bizkaia,Percentage,45.54
2023,,,Y16T24,Bizkaia,Percentage,93.78
2023,,ICTCPT,Y25T74,,Percentage,51.9
2023,,ICTPST,Y25T74,,Percentage,35.44
2023,,ICTSSHT,Y25T74,,Percentage,38.98
2023,,ICTPRGM,Y25T74,,Percentage,4.86
2023,,ICTTRFF,Y25T74,,Percentage,46.31
2023,,ICTSFWR,Y25T74,,Percentage,48.28
2023,,ICTPRVCY,Y25T74,,Percentage,31.83
2023,,,Y25T74,,Percentage,68.27
2023,,ICTCPT,Y25T74,Araba/Álava,Percentage,49.29
2023,,ICTPST,Y25T74,Araba/Álava,Percentage,32.14
2023,,ICTSSHT,Y25T74,Araba/Álava,Percentage,34.53
2023,,ICTPRGM,Y25T74,Araba/Álava,Percentage,2.86
2023,,ICTTRFF,Y25T74,Araba/Álava,Percentage,40.81
2023,,ICTSFWR,Y25T74,Araba/Álava,Percentage,49.75
2023,,ICTPRVCY,Y25T74,Araba/Álava,Percentage,30.59
2023,,,Y25T74,Araba/Álava,Percentage,67.41
2023,,ICTCPT,Y25T74,Gipuzkoa,Percentage,52.75
2023,,ICTPST,Y25T74,Gipuzkoa,Percentage,36.94
2023,,ICTSSHT,Y25T74,Gipuzkoa,Percentage,40.84
2023,,ICTPRGM,Y25T74,Gipuzkoa,Percentage,5.23
2023,,ICTTRFF,Y25T74,Gipuzkoa,Percentage,47.25
2023,,ICTSFWR,Y25T74,Gipuzkoa,Percentage,46.67
2023,,ICTPRVCY,Y25T74,Gipuzkoa,Percentage,30.5
2023,,,Y25T74,Gipuzkoa,Percentage,68.42
2023,,ICTCPT,Y25T74,Bizkaia,Percentage,52.12
2023,,ICTPST,Y25T74,Bizkaia,Percentage,35.46
2023,,ICTSSHT,Y25T74,Bizkaia,Percentage,39.1
2023,,ICTPRGM,Y25T74,Bizkaia,Percentage,5.19
2023,,ICTTRFF,Y25T74,Bizkaia,Percentage,47.3
2023,,ICTSFWR,Y25T74,Bizkaia,Percentage,48.86
2023,,ICTPRVCY,Y25T74,Bizkaia,Percentage,33.0
2023,,,Y25T74,Bizkaia,Percentage,68.42
2023,1.0,ICTCPT,Y16T74,,Percentage,56.67
2023,1.0,ICTPST,Y16T74,,Percentage,40.29
2023,1.0,ICTSSHT,Y16T74,,Percentage,42.84
2023,1.0,ICTPRGM,Y16T74,,Percentage,8.1
2023,1.0,ICTTRFF,Y16T74,,Percentage,51.9
2023,1.0,ICTSFWR,Y16T74,,Percentage,54.26
2023,1.0,ICTPRVCY,Y16T74,,Percentage,37.7
2023,1.0,,Y16T74,,Percentage,72.52
2023,1.0,ICTCPT,Y16T74,Araba/Álava,Percentage,54.1
2023,1.0,ICTPST,Y16T74,Araba/Álava,Percentage,37.2
2023,1.0,ICTSSHT,Y16T74,Araba/Álava,Percentage,35.4
2023,1.0,ICTPRGM,Y16T74,Araba/Álava,Percentage,4.98
2023,1.0,ICTTRFF,Y16T74,Araba/Álava,Percentage,46.11
2023,1.0,ICTSFWR,Y16T74,Araba/Álava,Percentage,52.49
2023,1.0,ICTPRVCY,Y16T74,Araba/Álava,Percentage,37.29
2023,1.0,,Y16T74,Araba/Álava,Percentage,69.77
2023,1.0,ICTCPT,Y16T74,Gipuzkoa,Percentage,57.43
2023,1.0,ICTPST,Y16T74,Gipuzkoa,Percentage,43.52
2023,1.0,ICTSSHT,Y16T74,Gipuzkoa,Percentage,45.65
2023,1.0,ICTPRGM,Y16T74,Gipuzkoa,Percentage,8.95
2023,1.0,ICTTRFF,Y16T74,Gipuzkoa,Percentage,52.26
2023,1.0,ICTSFWR,Y16T74,Gipuzkoa,Percentage,54.55
2023,1.0,ICTPRVCY,Y16T74,Gipuzkoa,Percentage,36.17
2023,1.0,,Y16T74,Gipuzkoa,Percentage,73.03
2023,1.0,ICTCPT,Y16T74,Bizkaia,Percentage,56.95
2023,1.0,ICTPST,Y16T74,Bizkaia,Percentage,39.15
2023,1.0,ICTSSHT,Y16T74,Bizkaia,Percentage,43.27
2023,1.0,ICTPRGM,Y16T74,Bizkaia,Percentage,8.48
2023,1.0,ICTTRFF,Y16T74,Bizkaia,Percentage,53.39
2023,1.0,ICTSFWR,Y16T74,Bizkaia,Percentage,54.6
2023,1.0,ICTPRVCY,Y16T74,Bizkaia,Percentage,38.78
2023,1.0,,Y16T74,Bizkaia,Percentage,73.02
2023,1.0,ICTCPT,Y16T24,,Percentage,85.58
2023,1.0,ICTPST,Y16T24,,Percentage,77.2
2023,1.0,ICTSSHT,Y16T24,,Percentage,62.72
2023,1.0,ICTPRGM,Y16T24,,Percentage,20.82
2023,1.0,ICTTRFF,Y16T24,,Percentage,71.32
2023,1.0,ICTSFWR,Y16T24,,Percentage,73.67
2023,1.0,ICTPRVCY,Y16T24,,Percentage,47.3
2023,1.0,,Y16T24,,Percentage,93.15
2023,1.0,ICTCPT,Y16T24,Araba/Álava,Percentage,93.34
2023,1.0,ICTPST,Y16T24,Araba/Álava,Percentage,76.92
2023,1.0,ICTSSHT,Y16T24,Araba/Álava,Percentage,54.19
2023,1.0,ICTPRGM,Y16T24,Araba/Álava,Percentage,18.62
2023,1.0,ICTTRFF,Y16T24,Araba/Álava,Percentage,79.3
2023,1.0,ICTSFWR,Y16T24,Araba/Álava,Percentage,67.59
2023,1.0,ICTPRVCY,Y16T24,Araba/Álava,Percentage,38.16
2023,1.0,,Y16T24,Araba/Álava,Percentage,100.0
2023,1.0,ICTCPT,Y16T24,Gipuzkoa,Percentage,84.13
2023,1.0,ICTPST,Y16T24,Gipuzkoa,Percentage,79.85
2023,1.0,ICTSSHT,Y16T24,Gipuzkoa,Percentage,66.82
2023,1.0,ICTPRGM,Y16T24,Gipuzkoa,Percentage,16.54
2023,1.0,ICTTRFF,Y16T24,Gipuzkoa,Percentage,70.81
2023,1.0,ICTSFWR,Y16T24,Gipuzkoa,Percentage,78.58
2023,1.0,ICTPRVCY,Y16T24,Gipuzkoa,Percentage,46.3
2023,1.0,,Y16T24,Gipuzkoa,Percentage,94.65
2023,1.0,ICTCPT,Y16T24,Bizkaia,Percentage,83.88
2023,1.0,ICTPST,Y16T24,Bizkaia,Percentage,75.48
2023,1.0,ICTSSHT,Y16T24,Bizkaia,Percentage,62.89
2023,1.0,ICTPRGM,Y16T24,Bizkaia,Percentage,24.51
2023,1.0,ICTTRFF,Y16T24,Bizkaia,Percentage,68.91
2023,1.0,ICTSFWR,Y16T24,Bizkaia,Percentage,72.42
2023,1.0,ICTPRVCY,Y16T24,Bizkaia,Percentage,51.15
2023,1.0,,Y16T24,Bizkaia,Percentage,89.75
2023,1.0,ICTCPT,Y25T74,,Percentage,52.63
2023,1.0,ICTPST,Y25T74,,Percentage,35.13
2023,1.0,ICTSSHT,Y25T74,,Percentage,40.06
2023,1.0,ICTPRGM,Y25T74,,Percentage,6.32
2023,1.0,ICTTRFF,Y25T74,,Percentage,49.19
2023,1.0,ICTSFWR,Y25T74,,Percentage,51.54
2023,1.0,ICTPRVCY,Y25T74,,Percentage,36.35
2023,1.0,,Y25T74,,Percentage,69.64
2023,1.0,ICTCPT,Y25T74,Araba/Álava,Percentage,47.9
2023,1.0,ICTPST,Y25T74,Araba/Álava,Percentage,30.92
2023,1.0,ICTSSHT,Y25T74,Araba/Álava,Percentage,32.43
2023,1.0,ICTPRGM,Y25T74,Araba/Álava,Percentage,2.83
2023,1.0,ICTTRFF,Y25T74,Araba/Álava,Percentage,40.86
2023,1.0,ICTSFWR,Y25T74,Araba/Álava,Percentage,50.1
2023,1.0,ICTPRVCY,Y25T74,Araba/Álava,Percentage,37.15
2023,1.0,,Y25T74,Araba/Álava,Percentage,64.99
2023,1.0,ICTCPT,Y25T74,Gipuzkoa,Percentage,53.59
2023,1.0,ICTPST,Y25T74,Gipuzkoa,Percentage,38.29
2023,1.0,ICTSSHT,Y25T74,Gipuzkoa,Percentage,42.6
2023,1.0,ICTPRGM,Y25T74,Gipuzkoa,Percentage,7.85
2023,1.0,ICTTRFF,Y25T74,Gipuzkoa,Percentage,49.59
2023,1.0,ICTSFWR,Y25T74,Gipuzkoa,Percentage,51.09
2023,1.0,ICTPRVCY,Y25T74,Gipuzkoa,Percentage,34.72
2023,1.0,,Y25T74,Gipuzkoa,Percentage,69.92
2023,1.0,ICTCPT,Y25T74,Bizkaia,Percentage,53.4
2023,1.0,ICTPST,Y25T74,Bizkaia,Percentage,34.36
2023,1.0,ICTSSHT,Y25T74,Bizkaia,Percentage,40.68
2023,1.0,ICTPRGM,Y25T74,Bizkaia,Percentage,6.37
2023,1.0,ICTTRFF,Y25T74,Bizkaia,Percentage,51.34
2023,1.0,ICTSFWR,Y25T74,Bizkaia,Percentage,52.24
2023,1.0,ICTPRVCY,Y25T74,Bizkaia,Percentage,37.15
2023,1.0,,Y25T74,Bizkaia,Percentage,70.81
2023,2.0,ICTCPT,Y16T74,,Percentage,55.85
2023,2.0,ICTPST,Y16T74,,Percentage,41.81
2023,2.0,ICTSSHT,Y16T74,,Percentage,40.89
2023,2.0,ICTPRGM,Y16T74,,Percentage,4.42
2023,2.0,ICTTRFF,Y16T74,,Percentage,48.1
2023,2.0,ICTSFWR,Y16T74,,Percentage,49.01
2023,2.0,ICTPRVCY,Y16T74,,Percentage,29.31
2023,2.0,,Y16T74,,Percentage,70.5
2023,2.0,ICTCPT,Y16T74,Araba/Álava,Percentage,55.54
2023,2.0,ICTPST,Y16T74,Araba/Álava,Percentage,39.57
2023,2.0,ICTSSHT,Y16T74,Araba/Álava,Percentage,39.31
2023,2.0,ICTPRGM,Y16T74,Araba/Álava,Percentage,3.54
2023,2.0,ICTTRFF,Y16T74,Araba/Álava,Percentage,45.98
2023,2.0,ICTSFWR,Y16T74,Araba/Álava,Percentage,52.49
2023,2.0,ICTPRVCY,Y16T74,Araba/Álava,Percentage,26.0
2023,2.0,,Y16T74,Araba/Álava,Percentage,72.84
2023,2.0,ICTCPT,Y16T74,Gipuzkoa,Percentage,57.09
2023,2.0,ICTPST,Y16T74,Gipuzkoa,Percentage,42.33
2023,2.0,ICTSSHT,Y16T74,Gipuzkoa,Percentage,43.22
2023,2.0,ICTPRGM,Y16T74,Gipuzkoa,Percentage,3.36
2023,2.0,ICTTRFF,Y16T74,Gipuzkoa,Percentage,49.41
2023,2.0,ICTSFWR,Y16T74,Gipuzkoa,Percentage,46.88
2023,2.0,ICTPRVCY,Y16T74,Gipuzkoa,Percentage,29.29
2023,2.0,,Y16T74,Gipuzkoa,Percentage,70.91
2023,2.0,ICTCPT,Y16T74,Bizkaia,Percentage,55.17
2023,2.0,ICTPST,Y16T74,Bizkaia,Percentage,42.12
2023,2.0,ICTSSHT,Y16T74,Bizkaia,Percentage,39.9
2023,2.0,ICTPRGM,Y16T74,Bizkaia,Percentage,5.32
2023,2.0,ICTTRFF,Y16T74,Bizkaia,Percentage,47.89
2023,2.0,ICTSFWR,Y16T74,Bizkaia,Percentage,49.35
2023,2.0,ICTPRVCY,Y16T74,Bizkaia,Percentage,30.26
2023,2.0,,Y16T74,Bizkaia,Percentage,69.6
2023,2.0,ICTCPT,Y16T24,,Percentage,92.94
2023,2.0,ICTPST,Y16T24,,Percentage,90.28
2023,2.0,ICTSSHT,Y16T24,,Percentage,64.48
2023,2.0,ICTPRGM,Y16T24,,Percentage,12.07
2023,2.0,ICTTRFF,Y16T24,,Percentage,84.28
2023,2.0,ICTSFWR,Y16T24,,Percentage,79.65
2023,2.0,ICTPRVCY,Y16T24,,Percentage,43.67
2023,2.0,,Y16T24,,Percentage,98.77
2023,2.0,ICTCPT,Y16T24,Araba/Álava,Percentage,96.79
2023,2.0,ICTPST,Y16T24,Araba/Álava,Percentage,92.24
2023,2.0,ICTSSHT,Y16T24,Araba/Álava,Percentage,62.43
2023,2.0,ICTPRGM,Y16T24,Araba/Álava,Percentage,8.98
2023,2.0,ICTTRFF,Y16T24,Araba/Álava,Percentage,89.88
2023,2.0,ICTSFWR,Y16T24,Araba/Álava,Percentage,78.39
2023,2.0,ICTPRVCY,Y16T24,Araba/Álava,Percentage,40.89
2023,2.0,,Y16T24,Araba/Álava,Percentage,98.8
2023,2.0,ICTCPT,Y16T24,Gipuzkoa,Percentage,95.08
2023,2.0,ICTPST,Y16T24,Gipuzkoa,Percentage,91.74
2023,2.0,ICTSSHT,Y16T24,Gipuzkoa,Percentage,73.46
2023,2.0,ICTPRGM,Y16T24,Gipuzkoa,Percentage,8.28
2023,2.0,ICTTRFF,Y16T24,Gipuzkoa,Percentage,82.15
2023,2.0,ICTSFWR,Y16T24,Gipuzkoa,Percentage,80.06
2023,2.0,ICTPRVCY,Y16T24,Gipuzkoa,Percentage,50.47
2023,2.0,,Y16T24,Gipuzkoa,Percentage,100.0
2023,2.0,ICTCPT,Y16T24,Bizkaia,Percentage,90.41
2023,2.0,ICTPST,Y16T24,Bizkaia,Percentage,88.74
2023,2.0,ICTSSHT,Y16T24,Bizkaia,Percentage,58.92
2023,2.0,ICTPRGM,Y16T24,Bizkaia,Percentage,15.5
2023,2.0,ICTTRFF,Y16T24,Bizkaia,Percentage,84.18
2023,2.0,ICTSFWR,Y16T24,Bizkaia,Percentage,79.72
2023,2.0,ICTPRVCY,Y16T24,Bizkaia,Percentage,39.79
2023,2.0,,Y16T24,Bizkaia,Percentage,97.92
2023,2.0,ICTCPT,Y25T74,,Percentage,51.2
2023,2.0,ICTPST,Y25T74,,Percentage,35.74
2023,2.0,ICTSSHT,Y25T74,,Percentage,37.94
2023,2.0,ICTPRGM,Y25T74,,Percentage,3.46
2023,2.0,ICTTRFF,Y25T74,,Percentage,43.57
2023,2.0,ICTSFWR,Y25T74,,Percentage,45.18
2023,2.0,ICTPRVCY,Y25T74,,Percentage,27.52
2023,2.0,,Y25T74,,Percentage,66.96
2023,2.0,ICTCPT,Y25T74,Araba/Álava,Percentage,50.64
2023,2.0,ICTPST,Y25T74,Araba/Álava,Percentage,33.32
2023,2.0,ICTSSHT,Y25T74,Araba/Álava,Percentage,36.57
2023,2.0,ICTPRGM,Y25T74,Araba/Álava,Percentage,2.9
2023,2.0,ICTTRFF,Y25T74,Araba/Álava,Percentage,40.77
2023,2.0,ICTSFWR,Y25T74,Araba/Álava,Percentage,49.41
2023,2.0,ICTPRVCY,Y25T74,Araba/Álava,Percentage,24.23
2023,2.0,,Y25T74,Araba/Álava,Percentage,69.76
2023,2.0,ICTCPT,Y25T74,Gipuzkoa,Percentage,51.94
2023,2.0,ICTPST,Y25T74,Gipuzkoa,Percentage,35.63
2023,2.0,ICTSSHT,Y25T74,Gipuzkoa,Percentage,39.13
2023,2.0,ICTPRGM,Y25T74,Gipuzkoa,Percentage,2.69
2023,2.0,ICTTRFF,Y25T74,Gipuzkoa,Percentage,44.98
2023,2.0,ICTSFWR,Y25T74,Gipuzkoa,Percentage,42.39
2023,2.0,ICTPRVCY,Y25T74,Gipuzkoa,Percentage,26.42
2023,2.0,,Y25T74,Gipuzkoa,Percentage,66.96
2023,2.0,ICTCPT,Y25T74,Bizkaia,Percentage,50.91
2023,2.0,ICTPST,Y25T74,Bizkaia,Percentage,36.49
2023,2.0,ICTSSHT,Y25T74,Bizkaia,Percentage,37.61
2023,2.0,ICTPRGM,Y25T74,Bizkaia,Percentage,4.09
2023,2.0,ICTTRFF,Y25T74,Bizkaia,Percentage,43.5
2023,2.0,ICTSFWR,Y25T74,Bizkaia,Percentage,45.68
2023,2.0,ICTPRVCY,Y25T74,Bizkaia,Percentage,29.11
2023,2.0,,Y25T74,Bizkaia,Percentage,66.18
