Year,Province,County,Municipality,Units,GeoCode,Value
2022,,,,"Per 10,000",,4.6
2019,,,,"Per 10,000",,3.8
2023,,,,"Per 10,000",,5.7
2021,,,,"Per 10,000",,4.0
2020,,,,"Per 10,000",,3.1
2020,,,Abadiño,"Per 10,000",Abadiño,0.0
2021,,,Abadiño,"Per 10,000",Abadiño,5.2
2022,,,Abadiño,"Per 10,000",Abadiño,2.6
2023,,,Abadiño,"Per 10,000",Abadiño,5.1
2019,,,Abadiño,"Per 10,000",Abadiño,5.2
2019,,,Abaltzisketa,"Per 10,000",Abaltzisketa,0.0
2020,,,Abaltzisketa,"Per 10,000",Abaltzisketa,0.0
2023,,,Abaltzisketa,"Per 10,000",Abaltzisketa,0.0
2022,,,Abaltzisketa,"Per 10,000",Abaltzisketa,0.0
2021,,,Abaltzisketa,"Per 10,000",Abaltzisketa,0.0
2020,,,Abanto y Ciérvana-Abanto Zierbena,"Per 10,000",Abanto y Ciérvana-Abanto Zierbena,0.0
2021,,,Abanto y Ciérvana-Abanto Zierbena,"Per 10,000",Abanto y Ciérvana-Abanto Zierbena,0.0
2019,,,Abanto y Ciérvana-Abanto Zierbena,"Per 10,000",Abanto y Ciérvana-Abanto Zierbena,2.1
2022,,,Abanto y Ciérvana-Abanto Zierbena,"Per 10,000",Abanto y Ciérvana-Abanto Zierbena,0.0
2023,,,Abanto y Ciérvana-Abanto Zierbena,"Per 10,000",Abanto y Ciérvana-Abanto Zierbena,53.2
2020,,,Aduna,"Per 10,000",Aduna,0.0
2023,,,Aduna,"Per 10,000",Aduna,0.0
2022,,,Aduna,"Per 10,000",Aduna,0.0
2019,,,Aduna,"Per 10,000",Aduna,0.0
2021,,,Aduna,"Per 10,000",Aduna,0.0
2019,,,Agurain/Salvatierra,"Per 10,000",Agurain/Salvatierra,0.0
2021,,,Agurain/Salvatierra,"Per 10,000",Agurain/Salvatierra,3.9
2020,,,Agurain/Salvatierra,"Per 10,000",Agurain/Salvatierra,0.0
2023,,,Agurain/Salvatierra,"Per 10,000",Agurain/Salvatierra,11.6
2022,,,Agurain/Salvatierra,"Per 10,000",Agurain/Salvatierra,3.9
2020,,,Aia,"Per 10,000",Aia,10.5
2022,,,Aia,"Per 10,000",Aia,20.0
2019,,,Aia,"Per 10,000",Aia,0.0
2023,,,Aia,"Per 10,000",Aia,0.0
2021,,,Aia,"Per 10,000",Aia,0.0
2023,,,Aizarnazabal,"Per 10,000",Aizarnazabal,0.0
2020,,,Aizarnazabal,"Per 10,000",Aizarnazabal,0.0
2021,,,Aizarnazabal,"Per 10,000",Aizarnazabal,0.0
2022,,,Aizarnazabal,"Per 10,000",Aizarnazabal,0.0
2019,,,Aizarnazabal,"Per 10,000",Aizarnazabal,0.0
2022,,,Ajangiz,"Per 10,000",Ajangiz,0.0
2021,,,Ajangiz,"Per 10,000",Ajangiz,0.0
2023,,,Ajangiz,"Per 10,000",Ajangiz,0.0
2019,,,Ajangiz,"Per 10,000",Ajangiz,0.0
2020,,,Ajangiz,"Per 10,000",Ajangiz,0.0
2020,,,Albiztur,"Per 10,000",Albiztur,0.0
2021,,,Albiztur,"Per 10,000",Albiztur,0.0
2022,,,Albiztur,"Per 10,000",Albiztur,0.0
2019,,,Albiztur,"Per 10,000",Albiztur,0.0
2023,,,Albiztur,"Per 10,000",Albiztur,0.0
2020,,,Alegia,"Per 10,000",Alegia,0.0
2019,,,Alegia,"Per 10,000",Alegia,0.0
2021,,,Alegia,"Per 10,000",Alegia,0.0
2023,,,Alegia,"Per 10,000",Alegia,0.0
2022,,,Alegia,"Per 10,000",Alegia,0.0
2021,,,Alegría-Dulantzi,"Per 10,000",Alegría-Dulantzi,13.1
2019,,,Alegría-Dulantzi,"Per 10,000",Alegría-Dulantzi,0.0
2023,,,Alegría-Dulantzi,"Per 10,000",Alegría-Dulantzi,6.5
2022,,,Alegría-Dulantzi,"Per 10,000",Alegría-Dulantzi,0.0
2020,,,Alegría-Dulantzi,"Per 10,000",Alegría-Dulantzi,0.0
2022,,,Alkiza,"Per 10,000",Alkiza,0.0
2021,,,Alkiza,"Per 10,000",Alkiza,0.0
2019,,,Alkiza,"Per 10,000",Alkiza,0.0
2023,,,Alkiza,"Per 10,000",Alkiza,0.0
2020,,,Alkiza,"Per 10,000",Alkiza,0.0
2023,,,Alonsotegi,"Per 10,000",Alonsotegi,0.0
2022,,,Alonsotegi,"Per 10,000",Alonsotegi,0.0
2019,,,Alonsotegi,"Per 10,000",Alonsotegi,0.0
2020,,,Alonsotegi,"Per 10,000",Alonsotegi,0.0
2021,,,Alonsotegi,"Per 10,000",Alonsotegi,0.0
2020,,,Altzaga,"Per 10,000",Altzaga,0.0
2019,,,Altzaga,"Per 10,000",Altzaga,0.0
2023,,,Altzaga,"Per 10,000",Altzaga,0.0
2021,,,Altzaga,"Per 10,000",Altzaga,0.0
2022,,,Altzaga,"Per 10,000",Altzaga,0.0
2020,,,Altzo,"Per 10,000",Altzo,0.0
2019,,,Altzo,"Per 10,000",Altzo,0.0
2023,,,Altzo,"Per 10,000",Altzo,0.0
2022,,,Altzo,"Per 10,000",Altzo,0.0
2021,,,Altzo,"Per 10,000",Altzo,0.0
2022,,,Amezketa,"Per 10,000",Amezketa,0.0
2023,,,Amezketa,"Per 10,000",Amezketa,0.0
2020,,,Amezketa,"Per 10,000",Amezketa,0.0
2021,,,Amezketa,"Per 10,000",Amezketa,0.0
2019,,,Amezketa,"Per 10,000",Amezketa,22.9
2022,,,Amorebieta-Etxano,"Per 10,000",Amorebieta-Etxano,3.1
2019,,,Amorebieta-Etxano,"Per 10,000",Amorebieta-Etxano,3.1
2023,,,Amorebieta-Etxano,"Per 10,000",Amorebieta-Etxano,2.0
2020,,,Amorebieta-Etxano,"Per 10,000",Amorebieta-Etxano,0.0
2021,,,Amorebieta-Etxano,"Per 10,000",Amorebieta-Etxano,1.0
2019,,,Amoroto,"Per 10,000",Amoroto,0.0
2021,,,Amoroto,"Per 10,000",Amoroto,0.0
2020,,,Amoroto,"Per 10,000",Amoroto,0.0
2022,,,Amoroto,"Per 10,000",Amoroto,0.0
2023,,,Amoroto,"Per 10,000",Amoroto,0.0
2019,,,Amurrio,"Per 10,000",Amurrio,0.0
2023,,,Amurrio,"Per 10,000",Amurrio,1.9
2020,,,Amurrio,"Per 10,000",Amurrio,0.0
2021,,,Amurrio,"Per 10,000",Amurrio,3.8
2022,,,Amurrio,"Per 10,000",Amurrio,7.6
2022,,,Andoain,"Per 10,000",Andoain,2.7
2019,,,Andoain,"Per 10,000",Andoain,0.0
2021,,,Andoain,"Per 10,000",Andoain,0.0
2023,,,Andoain,"Per 10,000",Andoain,4.1
2020,,,Andoain,"Per 10,000",Andoain,0.0
2023,,,Anoeta,"Per 10,000",Anoeta,9.7
2020,,,Anoeta,"Per 10,000",Anoeta,0.0
2019,,,Anoeta,"Per 10,000",Anoeta,0.0
2022,,,Anoeta,"Per 10,000",Anoeta,0.0
2021,,,Anoeta,"Per 10,000",Anoeta,0.0
2021,,,Antzuola,"Per 10,000",Antzuola,0.0
2022,,,Antzuola,"Per 10,000",Antzuola,0.0
2020,,,Antzuola,"Per 10,000",Antzuola,0.0
2023,,,Antzuola,"Per 10,000",Antzuola,0.0
2019,,,Antzuola,"Per 10,000",Antzuola,0.0
2023,,,Añana,"Per 10,000",Añana,0.0
2022,,,Añana,"Per 10,000",Añana,0.0
2020,,,Añana,"Per 10,000",Añana,0.0
2019,,,Añana,"Per 10,000",Añana,0.0
2021,,,Añana,"Per 10,000",Añana,0.0
2019,,,Arakaldo,"Per 10,000",Arakaldo,0.0
2020,,,Arakaldo,"Per 10,000",Arakaldo,0.0
2022,,,Arakaldo,"Per 10,000",Arakaldo,0.0
2021,,,Arakaldo,"Per 10,000",Arakaldo,0.0
2023,,,Arakaldo,"Per 10,000",Arakaldo,0.0
2021,,,Arama,"Per 10,000",Arama,0.0
2020,,,Arama,"Per 10,000",Arama,0.0
2019,,,Arama,"Per 10,000",Arama,0.0
2023,,,Arama,"Per 10,000",Arama,0.0
2022,,,Arama,"Per 10,000",Arama,0.0
2019,,,Aramaio,"Per 10,000",Aramaio,13.9
2020,,,Aramaio,"Per 10,000",Aramaio,0.0
2021,,,Aramaio,"Per 10,000",Aramaio,0.0
2022,,,Aramaio,"Per 10,000",Aramaio,0.0
2023,,,Aramaio,"Per 10,000",Aramaio,0.0
2023,,,Arantzazu,"Per 10,000",Arantzazu,0.0
2022,,,Arantzazu,"Per 10,000",Arantzazu,0.0
2019,,,Arantzazu,"Per 10,000",Arantzazu,0.0
2020,,,Arantzazu,"Per 10,000",Arantzazu,0.0
2021,,,Arantzazu,"Per 10,000",Arantzazu,0.0
2021,,,Areatza,"Per 10,000",Areatza,0.0
2020,,,Areatza,"Per 10,000",Areatza,0.0
2022,,,Areatza,"Per 10,000",Areatza,0.0
2023,,,Areatza,"Per 10,000",Areatza,15.4
2019,,,Areatza,"Per 10,000",Areatza,0.0
2019,,,Aretxabaleta,"Per 10,000",Aretxabaleta,0.0
2021,,,Aretxabaleta,"Per 10,000",Aretxabaleta,0.0
2023,,,Aretxabaleta,"Per 10,000",Aretxabaleta,0.0
2022,,,Aretxabaleta,"Per 10,000",Aretxabaleta,5.6
2020,,,Aretxabaleta,"Per 10,000",Aretxabaleta,2.8
2020,,,Armiñón,"Per 10,000",Armiñón,0.0
2022,,,Armiñón,"Per 10,000",Armiñón,0.0
2023,,,Armiñón,"Per 10,000",Armiñón,0.0
2019,,,Armiñón,"Per 10,000",Armiñón,0.0
2021,,,Armiñón,"Per 10,000",Armiñón,0.0
2021,,,Arraia-Maeztu,"Per 10,000",Arraia-Maeztu,0.0
2020,,,Arraia-Maeztu,"Per 10,000",Arraia-Maeztu,0.0
2022,,,Arraia-Maeztu,"Per 10,000",Arraia-Maeztu,0.0
2019,,,Arraia-Maeztu,"Per 10,000",Arraia-Maeztu,0.0
2023,,,Arraia-Maeztu,"Per 10,000",Arraia-Maeztu,0.0
2023,,,Arrankudiaga-Zollo,"Per 10,000",Arrankudiaga-Zollo,0.0
2020,,,Arrankudiaga-Zollo,"Per 10,000",Arrankudiaga-Zollo,0.0
2022,,,Arrankudiaga-Zollo,"Per 10,000",Arrankudiaga-Zollo,0.0
2019,,,Arrankudiaga-Zollo,"Per 10,000",Arrankudiaga-Zollo,19.6
2021,,,Arrankudiaga-Zollo,"Per 10,000",Arrankudiaga-Zollo,0.0
2019,,,Arrasate/Mondragón,"Per 10,000",Arrasate/Mondragón,2.7
2021,,,Arrasate/Mondragón,"Per 10,000",Arrasate/Mondragón,11.8
2022,,,Arrasate/Mondragón,"Per 10,000",Arrasate/Mondragón,4.5
2020,,,Arrasate/Mondragón,"Per 10,000",Arrasate/Mondragón,0.9
2023,,,Arrasate/Mondragón,"Per 10,000",Arrasate/Mondragón,6.3
2020,,,Arratzu,"Per 10,000",Arratzu,0.0
2019,,,Arratzu,"Per 10,000",Arratzu,0.0
2022,,,Arratzu,"Per 10,000",Arratzu,0.0
2021,,,Arratzu,"Per 10,000",Arratzu,0.0
2023,,,Arratzu,"Per 10,000",Arratzu,0.0
2023,,,Arratzua-Ubarrundia,"Per 10,000",Arratzua-Ubarrundia,0.0
2020,,,Arratzua-Ubarrundia,"Per 10,000",Arratzua-Ubarrundia,21.0
2019,,,Arratzua-Ubarrundia,"Per 10,000",Arratzua-Ubarrundia,0.0
2022,,,Arratzua-Ubarrundia,"Per 10,000",Arratzua-Ubarrundia,0.0
2021,,,Arratzua-Ubarrundia,"Per 10,000",Arratzua-Ubarrundia,20.2
2023,,,Arrieta,"Per 10,000",Arrieta,0.0
2021,,,Arrieta,"Per 10,000",Arrieta,0.0
2019,,,Arrieta,"Per 10,000",Arrieta,0.0
2022,,,Arrieta,"Per 10,000",Arrieta,0.0
2020,,,Arrieta,"Per 10,000",Arrieta,0.0
2023,,,Arrigorriaga,"Per 10,000",Arrigorriaga,6.6
2022,,,Arrigorriaga,"Per 10,000",Arrigorriaga,6.6
2021,,,Arrigorriaga,"Per 10,000",Arrigorriaga,4.9
2019,,,Arrigorriaga,"Per 10,000",Arrigorriaga,3.3
2020,,,Arrigorriaga,"Per 10,000",Arrigorriaga,3.2
2020,,,Artea,"Per 10,000",Artea,0.0
2021,,,Artea,"Per 10,000",Artea,0.0
2019,,,Artea,"Per 10,000",Artea,0.0
2022,,,Artea,"Per 10,000",Artea,26.5
2023,,,Artea,"Per 10,000",Artea,0.0
2023,,,Artzentales,"Per 10,000",Artzentales,0.0
2022,,,Artzentales,"Per 10,000",Artzentales,0.0
2021,,,Artzentales,"Per 10,000",Artzentales,0.0
2019,,,Artzentales,"Per 10,000",Artzentales,0.0
2020,,,Artzentales,"Per 10,000",Artzentales,0.0
2023,,,Artziniega,"Per 10,000",Artziniega,0.0
2020,,,Artziniega,"Per 10,000",Artziniega,0.0
2022,,,Artziniega,"Per 10,000",Artziniega,0.0
2019,,,Artziniega,"Per 10,000",Artziniega,10.4
2021,,,Artziniega,"Per 10,000",Artziniega,0.0
2019,,,Asparrena,"Per 10,000",Asparrena,0.0
2022,,,Asparrena,"Per 10,000",Asparrena,0.0
2021,,,Asparrena,"Per 10,000",Asparrena,0.0
2023,,,Asparrena,"Per 10,000",Asparrena,0.0
2020,,,Asparrena,"Per 10,000",Asparrena,24.6
2023,,,Asteasu,"Per 10,000",Asteasu,0.0
2021,,,Asteasu,"Per 10,000",Asteasu,0.0
2020,,,Asteasu,"Per 10,000",Asteasu,0.0
2019,,,Asteasu,"Per 10,000",Asteasu,0.0
2022,,,Asteasu,"Per 10,000",Asteasu,0.0
2019,,,Astigarraga,"Per 10,000",Astigarraga,3.1
2023,,,Astigarraga,"Per 10,000",Astigarraga,5.3
2020,,,Astigarraga,"Per 10,000",Astigarraga,0.0
2022,,,Astigarraga,"Per 10,000",Astigarraga,0.0
2021,,,Astigarraga,"Per 10,000",Astigarraga,0.0
2022,,,Ataun,"Per 10,000",Ataun,0.0
2021,,,Ataun,"Per 10,000",Ataun,0.0
2023,,,Ataun,"Per 10,000",Ataun,0.0
2020,,,Ataun,"Per 10,000",Ataun,0.0
2019,,,Ataun,"Per 10,000",Ataun,0.0
2019,,,Atxondo,"Per 10,000",Atxondo,0.0
2021,,,Atxondo,"Per 10,000",Atxondo,0.0
2020,,,Atxondo,"Per 10,000",Atxondo,0.0
2022,,,Atxondo,"Per 10,000",Atxondo,0.0
2023,,,Atxondo,"Per 10,000",Atxondo,0.0
2020,,,Aulesti,"Per 10,000",Aulesti,0.0
2023,,,Aulesti,"Per 10,000",Aulesti,0.0
2019,,,Aulesti,"Per 10,000",Aulesti,0.0
2022,,,Aulesti,"Per 10,000",Aulesti,0.0
2021,,,Aulesti,"Per 10,000",Aulesti,0.0
2019,,,Ayala/Aiara,"Per 10,000",Ayala/Aiara,6.9
2022,,,Ayala/Aiara,"Per 10,000",Ayala/Aiara,7.0
2021,,,Ayala/Aiara,"Per 10,000",Ayala/Aiara,0.0
2023,,,Ayala/Aiara,"Per 10,000",Ayala/Aiara,13.8
2020,,,Ayala/Aiara,"Per 10,000",Ayala/Aiara,6.9
2021,,,Azkoitia,"Per 10,000",Azkoitia,1.7
2019,,,Azkoitia,"Per 10,000",Azkoitia,1.7
2022,,,Azkoitia,"Per 10,000",Azkoitia,3.4
2023,,,Azkoitia,"Per 10,000",Azkoitia,5.1
2020,,,Azkoitia,"Per 10,000",Azkoitia,0.0
2019,,,Azpeitia,"Per 10,000",Azpeitia,8.0
2022,,,Azpeitia,"Per 10,000",Azpeitia,2.6
2020,,,Azpeitia,"Per 10,000",Azpeitia,0.0
2023,,,Azpeitia,"Per 10,000",Azpeitia,1.3
2021,,,Azpeitia,"Per 10,000",Azpeitia,0.0
2022,,,Bakio,"Per 10,000",Bakio,7.0
2019,,,Bakio,"Per 10,000",Bakio,0.0
2023,,,Bakio,"Per 10,000",Bakio,7.1
2020,,,Bakio,"Per 10,000",Bakio,0.0
2021,,,Bakio,"Per 10,000",Bakio,14.3
2021,,,Baliarrain,"Per 10,000",Baliarrain,0.0
2020,,,Baliarrain,"Per 10,000",Baliarrain,0.0
2022,,,Baliarrain,"Per 10,000",Baliarrain,0.0
2023,,,Baliarrain,"Per 10,000",Baliarrain,0.0
2019,,,Baliarrain,"Per 10,000",Baliarrain,0.0
2019,,,Balmaseda,"Per 10,000",Balmaseda,0.0
2022,,,Balmaseda,"Per 10,000",Balmaseda,2.5
2020,,,Balmaseda,"Per 10,000",Balmaseda,5.0
2023,,,Balmaseda,"Per 10,000",Balmaseda,2.5
2021,,,Balmaseda,"Per 10,000",Balmaseda,7.5
2019,,,Baños de Ebro/Mañueta,"Per 10,000",Baños de Ebro/Mañueta,0.0
2020,,,Baños de Ebro/Mañueta,"Per 10,000",Baños de Ebro/Mañueta,0.0
2021,,,Baños de Ebro/Mañueta,"Per 10,000",Baños de Ebro/Mañueta,0.0
2023,,,Baños de Ebro/Mañueta,"Per 10,000",Baños de Ebro/Mañueta,0.0
2022,,,Baños de Ebro/Mañueta,"Per 10,000",Baños de Ebro/Mañueta,74.1
2020,,,Barakaldo,"Per 10,000",Barakaldo,2.5
2022,,,Barakaldo,"Per 10,000",Barakaldo,6.3
2023,,,Barakaldo,"Per 10,000",Barakaldo,4.5
2019,,,Barakaldo,"Per 10,000",Barakaldo,4.1
2021,,,Barakaldo,"Per 10,000",Barakaldo,5.9
2023,,,Barrika,"Per 10,000",Barrika,0.0
2022,,,Barrika,"Per 10,000",Barrika,0.0
2020,,,Barrika,"Per 10,000",Barrika,0.0
2019,,,Barrika,"Per 10,000",Barrika,0.0
2021,,,Barrika,"Per 10,000",Barrika,0.0
2021,,,Barrundia,"Per 10,000",Barrundia,0.0
2020,,,Barrundia,"Per 10,000",Barrundia,0.0
2019,,,Barrundia,"Per 10,000",Barrundia,0.0
2023,,,Barrundia,"Per 10,000",Barrundia,0.0
2022,,,Barrundia,"Per 10,000",Barrundia,0.0
2021,,,Basauri,"Per 10,000",Basauri,3.8
2020,,,Basauri,"Per 10,000",Basauri,2.4
2022,,,Basauri,"Per 10,000",Basauri,1.9
2019,,,Basauri,"Per 10,000",Basauri,3.8
2023,,,Basauri,"Per 10,000",Basauri,8.1
2023,,,Beasain,"Per 10,000",Beasain,1.4
2022,,,Beasain,"Per 10,000",Beasain,2.9
2021,,,Beasain,"Per 10,000",Beasain,1.5
2019,,,Beasain,"Per 10,000",Beasain,7.3
2020,,,Beasain,"Per 10,000",Beasain,2.9
2019,,,Bedia,"Per 10,000",Bedia,0.0
2021,,,Bedia,"Per 10,000",Bedia,0.0
2022,,,Bedia,"Per 10,000",Bedia,17.2
2020,,,Bedia,"Per 10,000",Bedia,0.0
2023,,,Bedia,"Per 10,000",Bedia,0.0
2021,,,Beizama,"Per 10,000",Beizama,0.0
2022,,,Beizama,"Per 10,000",Beizama,0.0
2020,,,Beizama,"Per 10,000",Beizama,0.0
2019,,,Beizama,"Per 10,000",Beizama,0.0
2023,,,Beizama,"Per 10,000",Beizama,0.0
2019,,,Belauntza,"Per 10,000",Belauntza,0.0
2023,,,Belauntza,"Per 10,000",Belauntza,0.0
2022,,,Belauntza,"Per 10,000",Belauntza,0.0
2021,,,Belauntza,"Per 10,000",Belauntza,0.0
2020,,,Belauntza,"Per 10,000",Belauntza,0.0
2019,,,Berango,"Per 10,000",Berango,0.0
2021,,,Berango,"Per 10,000",Berango,2.6
2023,,,Berango,"Per 10,000",Berango,0.0
2022,,,Berango,"Per 10,000",Berango,7.7
2020,,,Berango,"Per 10,000",Berango,0.0
2022,,,Berantevilla,"Per 10,000",Berantevilla,0.0
2021,,,Berantevilla,"Per 10,000",Berantevilla,0.0
2023,,,Berantevilla,"Per 10,000",Berantevilla,0.0
2019,,,Berantevilla,"Per 10,000",Berantevilla,0.0
2020,,,Berantevilla,"Per 10,000",Berantevilla,0.0
2021,,,Berastegi,"Per 10,000",Berastegi,0.0
2023,,,Berastegi,"Per 10,000",Berastegi,0.0
2019,,,Berastegi,"Per 10,000",Berastegi,0.0
2020,,,Berastegi,"Per 10,000",Berastegi,0.0
2022,,,Berastegi,"Per 10,000",Berastegi,0.0
2019,,,Bergara,"Per 10,000",Bergara,5.3
2023,,,Bergara,"Per 10,000",Bergara,13.4
2020,,,Bergara,"Per 10,000",Bergara,5.4
2021,,,Bergara,"Per 10,000",Bergara,4.1
2022,,,Bergara,"Per 10,000",Bergara,2.7
2020,,,Bermeo,"Per 10,000",Bermeo,2.3
2023,,,Bermeo,"Per 10,000",Bermeo,5.8
2022,,,Bermeo,"Per 10,000",Bermeo,1.2
2019,,,Bermeo,"Per 10,000",Bermeo,3.5
2021,,,Bermeo,"Per 10,000",Bermeo,1.2
2019,,,Bernedo,"Per 10,000",Bernedo,0.0
2020,,,Bernedo,"Per 10,000",Bernedo,0.0
2023,,,Bernedo,"Per 10,000",Bernedo,0.0
2021,,,Bernedo,"Per 10,000",Bernedo,0.0
2022,,,Bernedo,"Per 10,000",Bernedo,0.0
2019,,,Berriatua,"Per 10,000",Berriatua,0.0
2023,,,Berriatua,"Per 10,000",Berriatua,17.6
2021,,,Berriatua,"Per 10,000",Berriatua,0.0
2022,,,Berriatua,"Per 10,000",Berriatua,0.0
2020,,,Berriatua,"Per 10,000",Berriatua,0.0
2023,,,Berriz,"Per 10,000",Berriz,0.0
2020,,,Berriz,"Per 10,000",Berriz,0.0
2022,,,Berriz,"Per 10,000",Berriz,0.0
2019,,,Berriz,"Per 10,000",Berriz,4.3
2021,,,Berriz,"Per 10,000",Berriz,0.0
2023,,,Berrobi,"Per 10,000",Berrobi,35.6
2019,,,Berrobi,"Per 10,000",Berrobi,0.0
2022,,,Berrobi,"Per 10,000",Berrobi,0.0
2020,,,Berrobi,"Per 10,000",Berrobi,0.0
2021,,,Berrobi,"Per 10,000",Berrobi,0.0
2022,,,Bidania-Goiatz,"Per 10,000",Bidania-Goiatz,0.0
2019,,,Bidania-Goiatz,"Per 10,000",Bidania-Goiatz,0.0
2023,,,Bidania-Goiatz,"Per 10,000",Bidania-Goiatz,0.0
2020,,,Bidania-Goiatz,"Per 10,000",Bidania-Goiatz,0.0
2021,,,Bidania-Goiatz,"Per 10,000",Bidania-Goiatz,0.0
2023,,,Bilbao,"Per 10,000",Bilbao,5.1
2021,,,Bilbao,"Per 10,000",Bilbao,4.5
2022,,,Bilbao,"Per 10,000",Bilbao,6.3
2019,,,Bilbao,"Per 10,000",Bilbao,5.6
2020,,,Bilbao,"Per 10,000",Bilbao,3.5
2020,,,Busturia,"Per 10,000",Busturia,0.0
2019,,,Busturia,"Per 10,000",Busturia,0.0
2021,,,Busturia,"Per 10,000",Busturia,0.0
2023,,,Busturia,"Per 10,000",Busturia,0.0
2022,,,Busturia,"Per 10,000",Busturia,0.0
2021,,,Campezo/Kanpezu,"Per 10,000",Campezo/Kanpezu,0.0
2020,,,Campezo/Kanpezu,"Per 10,000",Campezo/Kanpezu,0.0
2019,,,Campezo/Kanpezu,"Per 10,000",Campezo/Kanpezu,0.0
2023,,,Campezo/Kanpezu,"Per 10,000",Campezo/Kanpezu,19.4
2022,,,Campezo/Kanpezu,"Per 10,000",Campezo/Kanpezu,0.0
2022,,,Deba,"Per 10,000",Deba,0.0
2021,,,Deba,"Per 10,000",Deba,0.0
2020,,,Deba,"Per 10,000",Deba,0.0
2023,,,Deba,"Per 10,000",Deba,3.7
2019,,,Deba,"Per 10,000",Deba,3.7
2022,,,Derio,"Per 10,000",Derio,5.4
2021,,,Derio,"Per 10,000",Derio,2.8
2019,,,Derio,"Per 10,000",Derio,5.9
2020,,,Derio,"Per 10,000",Derio,2.9
2023,,,Derio,"Per 10,000",Derio,10.6
2019,,,Dima,"Per 10,000",Dima,0.0
2022,,,Dima,"Per 10,000",Dima,0.0
2023,,,Dima,"Per 10,000",Dima,13.8
2020,,,Dima,"Per 10,000",Dima,0.0
2021,,,Dima,"Per 10,000",Dima,0.0
2020,,,Donostia / San Sebastián,"Per 10,000",Donostia / San Sebastián,3.4
2022,,,Donostia / San Sebastián,"Per 10,000",Donostia / San Sebastián,6.3
2023,,,Donostia / San Sebastián,"Per 10,000",Donostia / San Sebastián,8.9
2019,,,Donostia / San Sebastián,"Per 10,000",Donostia / San Sebastián,4.9
2021,,,Donostia / San Sebastián,"Per 10,000",Donostia / San Sebastián,5.7
2022,,,Durango,"Per 10,000",Durango,5.9
2021,,,Durango,"Per 10,000",Durango,4.5
2023,,,Durango,"Per 10,000",Durango,6.5
2019,,,Durango,"Per 10,000",Durango,3.3
2020,,,Durango,"Per 10,000",Durango,3.2
2021,,,Ea,"Per 10,000",Ea,0.0
2020,,,Ea,"Per 10,000",Ea,0.0
2022,,,Ea,"Per 10,000",Ea,0.0
2019,,,Ea,"Per 10,000",Ea,0.0
2023,,,Ea,"Per 10,000",Ea,0.0
2020,,,Eibar,"Per 10,000",Eibar,2.8
2022,,,Eibar,"Per 10,000",Eibar,6.5
2021,,,Eibar,"Per 10,000",Eibar,6.4
2019,,,Eibar,"Per 10,000",Eibar,2.8
2023,,,Eibar,"Per 10,000",Eibar,9.4
2020,,,Elantxobe,"Per 10,000",Elantxobe,0.0
2022,,,Elantxobe,"Per 10,000",Elantxobe,0.0
2019,,,Elantxobe,"Per 10,000",Elantxobe,0.0
2021,,,Elantxobe,"Per 10,000",Elantxobe,0.0
2023,,,Elantxobe,"Per 10,000",Elantxobe,0.0
2023,,,Elburgo/Burgelu,"Per 10,000",Elburgo/Burgelu,0.0
2020,,,Elburgo/Burgelu,"Per 10,000",Elburgo/Burgelu,0.0
2022,,,Elburgo/Burgelu,"Per 10,000",Elburgo/Burgelu,0.0
2019,,,Elburgo/Burgelu,"Per 10,000",Elburgo/Burgelu,0.0
2021,,,Elburgo/Burgelu,"Per 10,000",Elburgo/Burgelu,0.0
2023,,,Elciego,"Per 10,000",Elciego,0.0
2022,,,Elciego,"Per 10,000",Elciego,0.0
2021,,,Elciego,"Per 10,000",Elciego,0.0
2020,,,Elciego,"Per 10,000",Elciego,0.0
2019,,,Elciego,"Per 10,000",Elciego,0.0
2020,,,Elduain,"Per 10,000",Elduain,0.0
2021,,,Elduain,"Per 10,000",Elduain,0.0
2023,,,Elduain,"Per 10,000",Elduain,0.0
2019,,,Elduain,"Per 10,000",Elduain,0.0
2022,,,Elduain,"Per 10,000",Elduain,0.0
2022,,,Elgeta,"Per 10,000",Elgeta,0.0
2019,,,Elgeta,"Per 10,000",Elgeta,0.0
2020,,,Elgeta,"Per 10,000",Elgeta,0.0
2023,,,Elgeta,"Per 10,000",Elgeta,0.0
2021,,,Elgeta,"Per 10,000",Elgeta,0.0
2021,,,Elgoibar,"Per 10,000",Elgoibar,0.0
2020,,,Elgoibar,"Per 10,000",Elgoibar,6.9
2023,,,Elgoibar,"Per 10,000",Elgoibar,0.0
2019,,,Elgoibar,"Per 10,000",Elgoibar,3.4
2022,,,Elgoibar,"Per 10,000",Elgoibar,0.0
2020,,,Elorrio,"Per 10,000",Elorrio,0.0
2019,,,Elorrio,"Per 10,000",Elorrio,2.6
2021,,,Elorrio,"Per 10,000",Elorrio,0.0
2023,,,Elorrio,"Per 10,000",Elorrio,5.3
2022,,,Elorrio,"Per 10,000",Elorrio,0.0
2019,,,Elvillar/Bilar,"Per 10,000",Elvillar/Bilar,0.0
2020,,,Elvillar/Bilar,"Per 10,000",Elvillar/Bilar,0.0
2021,,,Elvillar/Bilar,"Per 10,000",Elvillar/Bilar,0.0
2022,,,Elvillar/Bilar,"Per 10,000",Elvillar/Bilar,0.0
2023,,,Elvillar/Bilar,"Per 10,000",Elvillar/Bilar,0.0
2023,,,Erandio,"Per 10,000",Erandio,8.8
2022,,,Erandio,"Per 10,000",Erandio,5.6
2021,,,Erandio,"Per 10,000",Erandio,4.8
2019,,,Erandio,"Per 10,000",Erandio,6.4
2020,,,Erandio,"Per 10,000",Erandio,6.4
2023,,,Ereño,"Per 10,000",Ereño,0.0
2019,,,Ereño,"Per 10,000",Ereño,0.0
2020,,,Ereño,"Per 10,000",Ereño,0.0
2022,,,Ereño,"Per 10,000",Ereño,0.0
2021,,,Ereño,"Per 10,000",Ereño,0.0
2019,,,Ermua,"Per 10,000",Ermua,1.2
2023,,,Ermua,"Per 10,000",Ermua,6.3
2020,,,Ermua,"Per 10,000",Ermua,1.2
2021,,,Ermua,"Per 10,000",Ermua,0.0
2022,,,Ermua,"Per 10,000",Ermua,3.8
2019,,,Errenteria,"Per 10,000",Errenteria,1.9
2020,,,Errenteria,"Per 10,000",Errenteria,2.4
2022,,,Errenteria,"Per 10,000",Errenteria,2.9
2023,,,Errenteria,"Per 10,000",Errenteria,5.9
2021,,,Errenteria,"Per 10,000",Errenteria,4.4
2023,,,Errezil,"Per 10,000",Errezil,0.0
2021,,,Errezil,"Per 10,000",Errezil,38.6
2022,,,Errezil,"Per 10,000",Errezil,0.0
2020,,,Errezil,"Per 10,000",Errezil,0.0
2019,,,Errezil,"Per 10,000",Errezil,0.0
2021,,,Erriberagoitia/Ribera Alta,"Per 10,000",Erriberagoitia/Ribera Alta,0.0
2022,,,Erriberagoitia/Ribera Alta,"Per 10,000",Erriberagoitia/Ribera Alta,0.0
2019,,,Erriberagoitia/Ribera Alta,"Per 10,000",Erriberagoitia/Ribera Alta,0.0
2020,,,Erriberagoitia/Ribera Alta,"Per 10,000",Erriberagoitia/Ribera Alta,0.0
2023,,,Erriberagoitia/Ribera Alta,"Per 10,000",Erriberagoitia/Ribera Alta,0.0
2023,,,Errigoiti,"Per 10,000",Errigoiti,0.0
2022,,,Errigoiti,"Per 10,000",Errigoiti,0.0
2019,,,Errigoiti,"Per 10,000",Errigoiti,0.0
2020,,,Errigoiti,"Per 10,000",Errigoiti,0.0
2021,,,Errigoiti,"Per 10,000",Errigoiti,0.0
2020,,,Eskoriatza,"Per 10,000",Eskoriatza,0.0
2019,,,Eskoriatza,"Per 10,000",Eskoriatza,0.0
2023,,,Eskoriatza,"Per 10,000",Eskoriatza,9.6
2022,,,Eskoriatza,"Per 10,000",Eskoriatza,4.8
2021,,,Eskoriatza,"Per 10,000",Eskoriatza,4.9
2020,,,Etxebarri,"Per 10,000",Etxebarri,1.7
2021,,,Etxebarri,"Per 10,000",Etxebarri,1.7
2023,,,Etxebarri,"Per 10,000",Etxebarri,15.1
2022,,,Etxebarri,"Per 10,000",Etxebarri,3.4
2019,,,Etxebarri,"Per 10,000",Etxebarri,0.0
2020,,,Etxebarria,"Per 10,000",Etxebarria,0.0
2019,,,Etxebarria,"Per 10,000",Etxebarria,0.0
2023,,,Etxebarria,"Per 10,000",Etxebarria,0.0
2022,,,Etxebarria,"Per 10,000",Etxebarria,0.0
2021,,,Etxebarria,"Per 10,000",Etxebarria,0.0
2020,,,Ezkio-Itsaso,"Per 10,000",Ezkio-Itsaso,34.0
2021,,,Ezkio-Itsaso,"Per 10,000",Ezkio-Itsaso,0.0
2022,,,Ezkio-Itsaso,"Per 10,000",Ezkio-Itsaso,0.0
2023,,,Ezkio-Itsaso,"Per 10,000",Ezkio-Itsaso,0.0
2019,,,Ezkio-Itsaso,"Per 10,000",Ezkio-Itsaso,0.0
2023,,,Forua,"Per 10,000",Forua,0.0
2020,,,Forua,"Per 10,000",Forua,0.0
2022,,,Forua,"Per 10,000",Forua,0.0
2019,,,Forua,"Per 10,000",Forua,0.0
2021,,,Forua,"Per 10,000",Forua,0.0
2021,,,Fruiz,"Per 10,000",Fruiz,0.0
2020,,,Fruiz,"Per 10,000",Fruiz,0.0
2022,,,Fruiz,"Per 10,000",Fruiz,0.0
2019,,,Fruiz,"Per 10,000",Fruiz,0.0
2023,,,Fruiz,"Per 10,000",Fruiz,0.0
2020,,,Gabiria,"Per 10,000",Gabiria,0.0
2019,,,Gabiria,"Per 10,000",Gabiria,0.0
2021,,,Gabiria,"Per 10,000",Gabiria,0.0
2023,,,Gabiria,"Per 10,000",Gabiria,0.0
2022,,,Gabiria,"Per 10,000",Gabiria,0.0
2022,,,Gaintza,"Per 10,000",Gaintza,0.0
2021,,,Gaintza,"Per 10,000",Gaintza,0.0
2020,,,Gaintza,"Per 10,000",Gaintza,0.0
2023,,,Gaintza,"Per 10,000",Gaintza,0.0
2019,,,Gaintza,"Per 10,000",Gaintza,0.0
2022,,,Galdakao,"Per 10,000",Galdakao,1.3
2019,,,Galdakao,"Per 10,000",Galdakao,0.7
2021,,,Galdakao,"Per 10,000",Galdakao,2.7
2023,,,Galdakao,"Per 10,000",Galdakao,5.4
2020,,,Galdakao,"Per 10,000",Galdakao,0.7
2021,,,Galdames,"Per 10,000",Galdames,0.0
2022,,,Galdames,"Per 10,000",Galdames,0.0
2019,,,Galdames,"Per 10,000",Galdames,0.0
2020,,,Galdames,"Per 10,000",Galdames,0.0
2023,,,Galdames,"Per 10,000",Galdames,0.0
2019,,,Gamiz-Fika,"Per 10,000",Gamiz-Fika,0.0
2023,,,Gamiz-Fika,"Per 10,000",Gamiz-Fika,14.6
2021,,,Gamiz-Fika,"Per 10,000",Gamiz-Fika,0.0
2020,,,Gamiz-Fika,"Per 10,000",Gamiz-Fika,0.0
2022,,,Gamiz-Fika,"Per 10,000",Gamiz-Fika,0.0
2019,,,Garai,"Per 10,000",Garai,0.0
2021,,,Garai,"Per 10,000",Garai,0.0
2023,,,Garai,"Per 10,000",Garai,0.0
2022,,,Garai,"Per 10,000",Garai,0.0
2020,,,Garai,"Per 10,000",Garai,0.0
2023,,,Gatika,"Per 10,000",Gatika,0.0
2022,,,Gatika,"Per 10,000",Gatika,0.0
2020,,,Gatika,"Per 10,000",Gatika,0.0
2021,,,Gatika,"Per 10,000",Gatika,0.0
2019,,,Gatika,"Per 10,000",Gatika,0.0
2022,,,Gautegiz Arteaga,"Per 10,000",Gautegiz Arteaga,0.0
2019,,,Gautegiz Arteaga,"Per 10,000",Gautegiz Arteaga,0.0
2021,,,Gautegiz Arteaga,"Per 10,000",Gautegiz Arteaga,0.0
2023,,,Gautegiz Arteaga,"Per 10,000",Gautegiz Arteaga,0.0
2020,,,Gautegiz Arteaga,"Per 10,000",Gautegiz Arteaga,0.0
2022,,,Gaztelu,"Per 10,000",Gaztelu,0.0
2020,,,Gaztelu,"Per 10,000",Gaztelu,0.0
2019,,,Gaztelu,"Per 10,000",Gaztelu,0.0
2021,,,Gaztelu,"Per 10,000",Gaztelu,0.0
2023,,,Gaztelu,"Per 10,000",Gaztelu,0.0
2021,,,Gernika-Lumo,"Per 10,000",Gernika-Lumo,4.6
2023,,,Gernika-Lumo,"Per 10,000",Gernika-Lumo,6.8
2019,,,Gernika-Lumo,"Per 10,000",Gernika-Lumo,2.3
2020,,,Gernika-Lumo,"Per 10,000",Gernika-Lumo,1.1
2022,,,Gernika-Lumo,"Per 10,000",Gernika-Lumo,2.3
2021,,,Getaria,"Per 10,000",Getaria,7.0
2022,,,Getaria,"Per 10,000",Getaria,0.0
2023,,,Getaria,"Per 10,000",Getaria,6.9
2019,,,Getaria,"Per 10,000",Getaria,0.0
2020,,,Getaria,"Per 10,000",Getaria,0.0
2020,,,Getxo,"Per 10,000",Getxo,2.7
2019,,,Getxo,"Per 10,000",Getxo,2.9
2021,,,Getxo,"Per 10,000",Getxo,1.5
2023,,,Getxo,"Per 10,000",Getxo,5.5
2022,,,Getxo,"Per 10,000",Getxo,2.2
2020,,,Gizaburuaga,"Per 10,000",Gizaburuaga,0.0
2021,,,Gizaburuaga,"Per 10,000",Gizaburuaga,0.0
2022,,,Gizaburuaga,"Per 10,000",Gizaburuaga,0.0
2019,,,Gizaburuaga,"Per 10,000",Gizaburuaga,0.0
2023,,,Gizaburuaga,"Per 10,000",Gizaburuaga,0.0
2023,,,Gordexola,"Per 10,000",Gordexola,0.0
2022,,,Gordexola,"Per 10,000",Gordexola,0.0
2020,,,Gordexola,"Per 10,000",Gordexola,24.2
2021,,,Gordexola,"Per 10,000",Gordexola,0.0
2019,,,Gordexola,"Per 10,000",Gordexola,0.0
2022,,,Gorliz,"Per 10,000",Gorliz,3.2
2020,,,Gorliz,"Per 10,000",Gorliz,6.5
2019,,,Gorliz,"Per 10,000",Gorliz,16.6
2021,,,Gorliz,"Per 10,000",Gorliz,0.0
2023,,,Gorliz,"Per 10,000",Gorliz,6.4
2020,,,Güeñes,"Per 10,000",Güeñes,8.9
2022,,,Güeñes,"Per 10,000",Güeñes,2.9
2019,,,Güeñes,"Per 10,000",Güeñes,5.9
2021,,,Güeñes,"Per 10,000",Güeñes,0.0
2023,,,Güeñes,"Per 10,000",Güeñes,5.8
2020,,,Harana/Valle de Arana,"Per 10,000",Harana/Valle de Arana,0.0
2021,,,Harana/Valle de Arana,"Per 10,000",Harana/Valle de Arana,0.0
2022,,,Harana/Valle de Arana,"Per 10,000",Harana/Valle de Arana,0.0
2023,,,Harana/Valle de Arana,"Per 10,000",Harana/Valle de Arana,0.0
2019,,,Harana/Valle de Arana,"Per 10,000",Harana/Valle de Arana,0.0
2023,,,Hernani,"Per 10,000",Hernani,4.8
2019,,,Hernani,"Per 10,000",Hernani,4.9
2021,,,Hernani,"Per 10,000",Hernani,2.9
2022,,,Hernani,"Per 10,000",Hernani,6.7
2020,,,Hernani,"Per 10,000",Hernani,10.6
2019,,,Hernialde,"Per 10,000",Hernialde,0.0
2022,,,Hernialde,"Per 10,000",Hernialde,0.0
2020,,,Hernialde,"Per 10,000",Hernialde,66.2
2021,,,Hernialde,"Per 10,000",Hernialde,0.0
2023,,,Hernialde,"Per 10,000",Hernialde,0.0
2019,,,Hondarribia,"Per 10,000",Hondarribia,7.0
2023,,,Hondarribia,"Per 10,000",Hondarribia,8.1
2022,,,Hondarribia,"Per 10,000",Hondarribia,3.5
2021,,,Hondarribia,"Per 10,000",Hondarribia,7.0
2020,,,Hondarribia,"Per 10,000",Hondarribia,1.2
2022,,,Ibarra,"Per 10,000",Ibarra,0.0
2019,,,Ibarra,"Per 10,000",Ibarra,0.0
2023,,,Ibarra,"Per 10,000",Ibarra,4.8
2021,,,Ibarra,"Per 10,000",Ibarra,4.8
2020,,,Ibarra,"Per 10,000",Ibarra,4.7
2020,,,Ibarrangelu,"Per 10,000",Ibarrangelu,0.0
2021,,,Ibarrangelu,"Per 10,000",Ibarrangelu,0.0
2019,,,Ibarrangelu,"Per 10,000",Ibarrangelu,65.8
2023,,,Ibarrangelu,"Per 10,000",Ibarrangelu,30.0
2022,,,Ibarrangelu,"Per 10,000",Ibarrangelu,0.0
2022,,,Idiazabal,"Per 10,000",Idiazabal,0.0
2020,,,Idiazabal,"Per 10,000",Idiazabal,0.0
2023,,,Idiazabal,"Per 10,000",Idiazabal,0.0
2019,,,Idiazabal,"Per 10,000",Idiazabal,0.0
2021,,,Idiazabal,"Per 10,000",Idiazabal,0.0
2020,,,Igorre,"Per 10,000",Igorre,4.6
2019,,,Igorre,"Per 10,000",Igorre,0.0
2023,,,Igorre,"Per 10,000",Igorre,9.3
2022,,,Igorre,"Per 10,000",Igorre,4.7
2021,,,Igorre,"Per 10,000",Igorre,4.7
2022,,,Ikaztegieta,"Per 10,000",Ikaztegieta,0.0
2020,,,Ikaztegieta,"Per 10,000",Ikaztegieta,0.0
2019,,,Ikaztegieta,"Per 10,000",Ikaztegieta,0.0
2023,,,Ikaztegieta,"Per 10,000",Ikaztegieta,0.0
2021,,,Ikaztegieta,"Per 10,000",Ikaztegieta,0.0
2021,,,Irun,"Per 10,000",Irun,8.4
2023,,,Irun,"Per 10,000",Irun,11.0
2019,,,Irun,"Per 10,000",Irun,4.5
2022,,,Irun,"Per 10,000",Irun,8.8
2020,,,Irun,"Per 10,000",Irun,3.9
2023,,,Iruña Oka/Iruña de Oca,"Per 10,000",Iruña Oka/Iruña de Oca,5.8
2021,,,Iruña Oka/Iruña de Oca,"Per 10,000",Iruña Oka/Iruña de Oca,0.0
2020,,,Iruña Oka/Iruña de Oca,"Per 10,000",Iruña Oka/Iruña de Oca,0.0
2022,,,Iruña Oka/Iruña de Oca,"Per 10,000",Iruña Oka/Iruña de Oca,5.9
2019,,,Iruña Oka/Iruña de Oca,"Per 10,000",Iruña Oka/Iruña de Oca,0.0
2022,,,Irura,"Per 10,000",Irura,11.1
2021,,,Irura,"Per 10,000",Irura,0.0
2019,,,Irura,"Per 10,000",Irura,0.0
2020,,,Irura,"Per 10,000",Irura,0.0
2023,,,Irura,"Per 10,000",Irura,0.0
2023,,,Iruraiz-Gauna,"Per 10,000",Iruraiz-Gauna,0.0
2021,,,Iruraiz-Gauna,"Per 10,000",Iruraiz-Gauna,0.0
2020,,,Iruraiz-Gauna,"Per 10,000",Iruraiz-Gauna,0.0
2022,,,Iruraiz-Gauna,"Per 10,000",Iruraiz-Gauna,0.0
2019,,,Iruraiz-Gauna,"Per 10,000",Iruraiz-Gauna,0.0
2019,,,Ispaster,"Per 10,000",Ispaster,0.0
2020,,,Ispaster,"Per 10,000",Ispaster,0.0
2023,,,Ispaster,"Per 10,000",Ispaster,0.0
2021,,,Ispaster,"Per 10,000",Ispaster,0.0
2022,,,Ispaster,"Per 10,000",Ispaster,0.0
2019,,,Itsasondo,"Per 10,000",Itsasondo,0.0
2022,,,Itsasondo,"Per 10,000",Itsasondo,30.4
2021,,,Itsasondo,"Per 10,000",Itsasondo,0.0
2023,,,Itsasondo,"Per 10,000",Itsasondo,0.0
2020,,,Itsasondo,"Per 10,000",Itsasondo,0.0
2020,,,Iurreta,"Per 10,000",Iurreta,0.0
2019,,,Iurreta,"Per 10,000",Iurreta,5.3
2021,,,Iurreta,"Per 10,000",Iurreta,5.3
2023,,,Iurreta,"Per 10,000",Iurreta,0.0
2022,,,Iurreta,"Per 10,000",Iurreta,10.8
2019,,,Izurtza,"Per 10,000",Izurtza,0.0
2021,,,Izurtza,"Per 10,000",Izurtza,0.0
2022,,,Izurtza,"Per 10,000",Izurtza,0.0
2020,,,Izurtza,"Per 10,000",Izurtza,0.0
2023,,,Izurtza,"Per 10,000",Izurtza,0.0
2021,,,Karrantza Harana/Valle de Carranza,"Per 10,000",Karrantza Harana/Valle de Carranza,0.0
2023,,,Karrantza Harana/Valle de Carranza,"Per 10,000",Karrantza Harana/Valle de Carranza,0.0
2020,,,Karrantza Harana/Valle de Carranza,"Per 10,000",Karrantza Harana/Valle de Carranza,0.0
2022,,,Karrantza Harana/Valle de Carranza,"Per 10,000",Karrantza Harana/Valle de Carranza,0.0
2019,,,Karrantza Harana/Valle de Carranza,"Per 10,000",Karrantza Harana/Valle de Carranza,0.0
2019,,,Kortezubi,"Per 10,000",Kortezubi,0.0
2022,,,Kortezubi,"Per 10,000",Kortezubi,0.0
2020,,,Kortezubi,"Per 10,000",Kortezubi,0.0
2023,,,Kortezubi,"Per 10,000",Kortezubi,0.0
2021,,,Kortezubi,"Per 10,000",Kortezubi,0.0
2020,,,Kripan,"Per 10,000",Kripan,0.0
2022,,,Kripan,"Per 10,000",Kripan,0.0
2023,,,Kripan,"Per 10,000",Kripan,0.0
2021,,,Kripan,"Per 10,000",Kripan,0.0
2019,,,Kripan,"Per 10,000",Kripan,0.0
2021,,,Kuartango,"Per 10,000",Kuartango,0.0
2023,,,Kuartango,"Per 10,000",Kuartango,0.0
2022,,,Kuartango,"Per 10,000",Kuartango,0.0
2020,,,Kuartango,"Per 10,000",Kuartango,0.0
2019,,,Kuartango,"Per 10,000",Kuartango,0.0
2022,,,Labastida/Bastida,"Per 10,000",Labastida/Bastida,0.0
2019,,,Labastida/Bastida,"Per 10,000",Labastida/Bastida,13.4
2020,,,Labastida/Bastida,"Per 10,000",Labastida/Bastida,0.0
2021,,,Labastida/Bastida,"Per 10,000",Labastida/Bastida,0.0
2023,,,Labastida/Bastida,"Per 10,000",Labastida/Bastida,12.7
2021,,,Lagrán,"Per 10,000",Lagrán,0.0
2023,,,Lagrán,"Per 10,000",Lagrán,0.0
2020,,,Lagrán,"Per 10,000",Lagrán,0.0
2019,,,Lagrán,"Per 10,000",Lagrán,0.0
2022,,,Lagrán,"Per 10,000",Lagrán,0.0
2019,,,Laguardia,"Per 10,000",Laguardia,0.0
2022,,,Laguardia,"Per 10,000",Laguardia,0.0
2021,,,Laguardia,"Per 10,000",Laguardia,0.0
2023,,,Laguardia,"Per 10,000",Laguardia,0.0
2020,,,Laguardia,"Per 10,000",Laguardia,0.0
2020,,,Lanciego/Lantziego,"Per 10,000",Lanciego/Lantziego,0.0
2019,,,Lanciego/Lantziego,"Per 10,000",Lanciego/Lantziego,0.0
2022,,,Lanciego/Lantziego,"Per 10,000",Lanciego/Lantziego,0.0
2023,,,Lanciego/Lantziego,"Per 10,000",Lanciego/Lantziego,0.0
2021,,,Lanciego/Lantziego,"Per 10,000",Lanciego/Lantziego,0.0
2019,,,Lanestosa,"Per 10,000",Lanestosa,0.0
2020,,,Lanestosa,"Per 10,000",Lanestosa,0.0
2021,,,Lanestosa,"Per 10,000",Lanestosa,0.0
2023,,,Lanestosa,"Per 10,000",Lanestosa,0.0
2022,,,Lanestosa,"Per 10,000",Lanestosa,0.0
2020,,,Lantarón,"Per 10,000",Lantarón,0.0
2019,,,Lantarón,"Per 10,000",Lantarón,0.0
2021,,,Lantarón,"Per 10,000",Lantarón,0.0
2023,,,Lantarón,"Per 10,000",Lantarón,0.0
2022,,,Lantarón,"Per 10,000",Lantarón,0.0
2021,,,Lapuebla de Labarca,"Per 10,000",Lapuebla de Labarca,23.8
2020,,,Lapuebla de Labarca,"Per 10,000",Lapuebla de Labarca,0.0
2023,,,Lapuebla de Labarca,"Per 10,000",Lapuebla de Labarca,0.0
2022,,,Lapuebla de Labarca,"Per 10,000",Lapuebla de Labarca,0.0
2019,,,Lapuebla de Labarca,"Per 10,000",Lapuebla de Labarca,0.0
2021,,,Larrabetzu,"Per 10,000",Larrabetzu,0.0
2022,,,Larrabetzu,"Per 10,000",Larrabetzu,0.0
2020,,,Larrabetzu,"Per 10,000",Larrabetzu,0.0
2023,,,Larrabetzu,"Per 10,000",Larrabetzu,0.0
2019,,,Larrabetzu,"Per 10,000",Larrabetzu,0.0
2021,,,Larraul,"Per 10,000",Larraul,0.0
2022,,,Larraul,"Per 10,000",Larraul,0.0
2023,,,Larraul,"Per 10,000",Larraul,0.0
2020,,,Larraul,"Per 10,000",Larraul,0.0
2019,,,Larraul,"Per 10,000",Larraul,0.0
2023,,,Lasarte-Oria,"Per 10,000",Lasarte-Oria,4.0
2019,,,Lasarte-Oria,"Per 10,000",Lasarte-Oria,2.1
2021,,,Lasarte-Oria,"Per 10,000",Lasarte-Oria,2.0
2020,,,Lasarte-Oria,"Per 10,000",Lasarte-Oria,6.1
2022,,,Lasarte-Oria,"Per 10,000",Lasarte-Oria,4.0
2023,,,Laudio/Llodio,"Per 10,000",Laudio/Llodio,4.3
2022,,,Laudio/Llodio,"Per 10,000",Laudio/Llodio,4.3
2021,,,Laudio/Llodio,"Per 10,000",Laudio/Llodio,2.2
2019,,,Laudio/Llodio,"Per 10,000",Laudio/Llodio,3.2
2020,,,Laudio/Llodio,"Per 10,000",Laudio/Llodio,4.3
2019,,,Laukiz,"Per 10,000",Laukiz,0.0
2021,,,Laukiz,"Per 10,000",Laukiz,0.0
2020,,,Laukiz,"Per 10,000",Laukiz,0.0
2023,,,Laukiz,"Per 10,000",Laukiz,0.0
2022,,,Laukiz,"Per 10,000",Laukiz,0.0
2019,,,Lazkao,"Per 10,000",Lazkao,3.6
2020,,,Lazkao,"Per 10,000",Lazkao,10.5
2022,,,Lazkao,"Per 10,000",Lazkao,3.4
2021,,,Lazkao,"Per 10,000",Lazkao,6.9
2023,,,Lazkao,"Per 10,000",Lazkao,3.4
2021,,,Leaburu,"Per 10,000",Leaburu,0.0
2022,,,Leaburu,"Per 10,000",Leaburu,0.0
2023,,,Leaburu,"Per 10,000",Leaburu,0.0
2019,,,Leaburu,"Per 10,000",Leaburu,0.0
2020,,,Leaburu,"Per 10,000",Leaburu,0.0
2021,,,Legazpi,"Per 10,000",Legazpi,4.8
2023,,,Legazpi,"Per 10,000",Legazpi,4.8
2022,,,Legazpi,"Per 10,000",Legazpi,0.0
2020,,,Legazpi,"Per 10,000",Legazpi,0.0
2019,,,Legazpi,"Per 10,000",Legazpi,0.0
2022,,,Legorreta,"Per 10,000",Legorreta,0.0
2019,,,Legorreta,"Per 10,000",Legorreta,0.0
2021,,,Legorreta,"Per 10,000",Legorreta,0.0
2023,,,Legorreta,"Per 10,000",Legorreta,0.0
2020,,,Legorreta,"Per 10,000",Legorreta,0.0
2022,,,Legutio,"Per 10,000",Legutio,10.4
2019,,,Legutio,"Per 10,000",Legutio,0.0
2020,,,Legutio,"Per 10,000",Legutio,0.0
2023,,,Legutio,"Per 10,000",Legutio,19.7
2021,,,Legutio,"Per 10,000",Legutio,0.0
2022,,,Leintz-Gatzaga,"Per 10,000",Leintz-Gatzaga,0.0
2023,,,Leintz-Gatzaga,"Per 10,000",Leintz-Gatzaga,0.0
2021,,,Leintz-Gatzaga,"Per 10,000",Leintz-Gatzaga,0.0
2019,,,Leintz-Gatzaga,"Per 10,000",Leintz-Gatzaga,0.0
2020,,,Leintz-Gatzaga,"Per 10,000",Leintz-Gatzaga,0.0
2019,,,Leioa,"Per 10,000",Leioa,1.2
2020,,,Leioa,"Per 10,000",Leioa,0.6
2023,,,Leioa,"Per 10,000",Leioa,1.8
2021,,,Leioa,"Per 10,000",Leioa,3.1
2022,,,Leioa,"Per 10,000",Leioa,4.2
2019,,,Lekeitio,"Per 10,000",Lekeitio,5.5
2023,,,Lekeitio,"Per 10,000",Lekeitio,8.3
2021,,,Lekeitio,"Per 10,000",Lekeitio,8.2
2020,,,Lekeitio,"Per 10,000",Lekeitio,2.7
2022,,,Lekeitio,"Per 10,000",Lekeitio,5.5
2023,,,Lemoa,"Per 10,000",Lemoa,0.0
2020,,,Lemoa,"Per 10,000",Lemoa,0.0
2019,,,Lemoa,"Per 10,000",Lemoa,0.0
2022,,,Lemoa,"Per 10,000",Lemoa,5.6
2021,,,Lemoa,"Per 10,000",Lemoa,0.0
2023,,,Lemoiz,"Per 10,000",Lemoiz,0.0
2022,,,Lemoiz,"Per 10,000",Lemoiz,0.0
2021,,,Lemoiz,"Per 10,000",Lemoiz,0.0
2020,,,Lemoiz,"Per 10,000",Lemoiz,0.0
2019,,,Lemoiz,"Per 10,000",Lemoiz,0.0
2020,,,Leza,"Per 10,000",Leza,90.1
2019,,,Leza,"Per 10,000",Leza,0.0
2022,,,Leza,"Per 10,000",Leza,0.0
2023,,,Leza,"Per 10,000",Leza,0.0
2021,,,Leza,"Per 10,000",Leza,0.0
2020,,,Lezama,"Per 10,000",Lezama,8.1
2021,,,Lezama,"Per 10,000",Lezama,0.0
2019,,,Lezama,"Per 10,000",Lezama,8.1
2023,,,Lezama,"Per 10,000",Lezama,24.9
2022,,,Lezama,"Per 10,000",Lezama,0.0
2023,,,Lezo,"Per 10,000",Lezo,0.0
2021,,,Lezo,"Per 10,000",Lezo,13.1
2019,,,Lezo,"Per 10,000",Lezo,0.0
2020,,,Lezo,"Per 10,000",Lezo,3.3
2022,,,Lezo,"Per 10,000",Lezo,0.0
2019,,,Lizartza,"Per 10,000",Lizartza,0.0
2021,,,Lizartza,"Per 10,000",Lizartza,0.0
2022,,,Lizartza,"Per 10,000",Lizartza,0.0
2023,,,Lizartza,"Per 10,000",Lizartza,0.0
2020,,,Lizartza,"Per 10,000",Lizartza,0.0
2023,,,Loiu,"Per 10,000",Loiu,0.0
2022,,,Loiu,"Per 10,000",Loiu,0.0
2021,,,Loiu,"Per 10,000",Loiu,0.0
2019,,,Loiu,"Per 10,000",Loiu,0.0
2020,,,Loiu,"Per 10,000",Loiu,9.0
2023,,,Mallabia,"Per 10,000",Mallabia,17.4
2020,,,Mallabia,"Per 10,000",Mallabia,0.0
2021,,,Mallabia,"Per 10,000",Mallabia,0.0
2019,,,Mallabia,"Per 10,000",Mallabia,0.0
2022,,,Mallabia,"Per 10,000",Mallabia,0.0
2022,,,Mañaria,"Per 10,000",Mañaria,0.0
2019,,,Mañaria,"Per 10,000",Mañaria,0.0
2023,,,Mañaria,"Per 10,000",Mañaria,0.0
2021,,,Mañaria,"Per 10,000",Mañaria,0.0
2020,,,Mañaria,"Per 10,000",Mañaria,0.0
2022,,,Markina-Xemein,"Per 10,000",Markina-Xemein,4.0
2019,,,Markina-Xemein,"Per 10,000",Markina-Xemein,8.2
2021,,,Markina-Xemein,"Per 10,000",Markina-Xemein,4.1
2020,,,Markina-Xemein,"Per 10,000",Markina-Xemein,0.0
2023,,,Markina-Xemein,"Per 10,000",Markina-Xemein,0.0
2020,,,Maruri-Jatabe,"Per 10,000",Maruri-Jatabe,0.0
2022,,,Maruri-Jatabe,"Per 10,000",Maruri-Jatabe,19.7
2021,,,Maruri-Jatabe,"Per 10,000",Maruri-Jatabe,0.0
2019,,,Maruri-Jatabe,"Per 10,000",Maruri-Jatabe,0.0
2023,,,Maruri-Jatabe,"Per 10,000",Maruri-Jatabe,0.0
2020,,,Mendaro,"Per 10,000",Mendaro,0.0
2022,,,Mendaro,"Per 10,000",Mendaro,0.0
2019,,,Mendaro,"Per 10,000",Mendaro,0.0
2021,,,Mendaro,"Per 10,000",Mendaro,0.0
2023,,,Mendaro,"Per 10,000",Mendaro,0.0
2020,,,Mendata,"Per 10,000",Mendata,0.0
2021,,,Mendata,"Per 10,000",Mendata,0.0
2019,,,Mendata,"Per 10,000",Mendata,0.0
2023,,,Mendata,"Per 10,000",Mendata,0.0
2022,,,Mendata,"Per 10,000",Mendata,0.0
2022,,,Mendexa,"Per 10,000",Mendexa,0.0
2020,,,Mendexa,"Per 10,000",Mendexa,0.0
2023,,,Mendexa,"Per 10,000",Mendexa,0.0
2021,,,Mendexa,"Per 10,000",Mendexa,0.0
2019,,,Mendexa,"Per 10,000",Mendexa,0.0
2021,,,Meñaka,"Per 10,000",Meñaka,0.0
2022,,,Meñaka,"Per 10,000",Meñaka,0.0
2020,,,Meñaka,"Per 10,000",Meñaka,0.0
2019,,,Meñaka,"Per 10,000",Meñaka,0.0
2023,,,Meñaka,"Per 10,000",Meñaka,0.0
2023,,,Moreda de Álava/Moreda Araba,"Per 10,000",Moreda de Álava/Moreda Araba,0.0
2022,,,Moreda de Álava/Moreda Araba,"Per 10,000",Moreda de Álava/Moreda Araba,0.0
2020,,,Moreda de Álava/Moreda Araba,"Per 10,000",Moreda de Álava/Moreda Araba,0.0
2021,,,Moreda de Álava/Moreda Araba,"Per 10,000",Moreda de Álava/Moreda Araba,0.0
2019,,,Moreda de Álava/Moreda Araba,"Per 10,000",Moreda de Álava/Moreda Araba,0.0
2019,,,Morga,"Per 10,000",Morga,0.0
2021,,,Morga,"Per 10,000",Morga,0.0
2022,,,Morga,"Per 10,000",Morga,0.0
2023,,,Morga,"Per 10,000",Morga,0.0
2020,,,Morga,"Per 10,000",Morga,0.0
2021,,,Mundaka,"Per 10,000",Mundaka,0.0
2019,,,Mundaka,"Per 10,000",Mundaka,0.0
2023,,,Mundaka,"Per 10,000",Mundaka,0.0
2022,,,Mundaka,"Per 10,000",Mundaka,0.0
2020,,,Mundaka,"Per 10,000",Mundaka,0.0
2021,,,Mungia,"Per 10,000",Mungia,1.1
2022,,,Mungia,"Per 10,000",Mungia,1.1
2020,,,Mungia,"Per 10,000",Mungia,1.1
2019,,,Mungia,"Per 10,000",Mungia,1.1
2023,,,Mungia,"Per 10,000",Mungia,5.5
2022,,,Munitibar-Arbatzegi Gerrikaitz,"Per 10,000",Munitibar-Arbatzegi Gerrikaitz,0.0
2020,,,Munitibar-Arbatzegi Gerrikaitz,"Per 10,000",Munitibar-Arbatzegi Gerrikaitz,0.0
2019,,,Munitibar-Arbatzegi Gerrikaitz,"Per 10,000",Munitibar-Arbatzegi Gerrikaitz,0.0
2021,,,Munitibar-Arbatzegi Gerrikaitz,"Per 10,000",Munitibar-Arbatzegi Gerrikaitz,0.0
2023,,,Munitibar-Arbatzegi Gerrikaitz,"Per 10,000",Munitibar-Arbatzegi Gerrikaitz,0.0
2019,,,Murueta,"Per 10,000",Murueta,0.0
2020,,,Murueta,"Per 10,000",Murueta,0.0
2022,,,Murueta,"Per 10,000",Murueta,0.0
2023,,,Murueta,"Per 10,000",Murueta,0.0
2021,,,Murueta,"Per 10,000",Murueta,0.0
2019,,,Muskiz,"Per 10,000",Muskiz,0.0
2021,,,Muskiz,"Per 10,000",Muskiz,5.4
2023,,,Muskiz,"Per 10,000",Muskiz,2.7
2020,,,Muskiz,"Per 10,000",Muskiz,5.3
2022,,,Muskiz,"Per 10,000",Muskiz,0.0
2019,,,Mutiloa,"Per 10,000",Mutiloa,0.0
2021,,,Mutiloa,"Per 10,000",Mutiloa,0.0
2023,,,Mutiloa,"Per 10,000",Mutiloa,0.0
2020,,,Mutiloa,"Per 10,000",Mutiloa,0.0
2022,,,Mutiloa,"Per 10,000",Mutiloa,0.0
2022,,,Mutriku,"Per 10,000",Mutriku,0.0
2020,,,Mutriku,"Per 10,000",Mutriku,0.0
2019,,,Mutriku,"Per 10,000",Mutriku,0.0
2021,,,Mutriku,"Per 10,000",Mutriku,0.0
2023,,,Mutriku,"Per 10,000",Mutriku,3.8
2023,,,Muxika,"Per 10,000",Muxika,14.1
2019,,,Muxika,"Per 10,000",Muxika,0.0
2022,,,Muxika,"Per 10,000",Muxika,0.0
2021,,,Muxika,"Per 10,000",Muxika,14.3
2020,,,Muxika,"Per 10,000",Muxika,0.0
2021,,,Nabarniz,"Per 10,000",Nabarniz,0.0
2019,,,Nabarniz,"Per 10,000",Nabarniz,0.0
2020,,,Nabarniz,"Per 10,000",Nabarniz,0.0
2023,,,Nabarniz,"Per 10,000",Nabarniz,0.0
2022,,,Nabarniz,"Per 10,000",Nabarniz,0.0
2023,,,Navaridas,"Per 10,000",Navaridas,0.0
2019,,,Navaridas,"Per 10,000",Navaridas,0.0
2020,,,Navaridas,"Per 10,000",Navaridas,0.0
2021,,,Navaridas,"Per 10,000",Navaridas,0.0
2022,,,Navaridas,"Per 10,000",Navaridas,0.0
2021,,,Oiartzun,"Per 10,000",Oiartzun,7.6
2022,,,Oiartzun,"Per 10,000",Oiartzun,5.7
2023,,,Oiartzun,"Per 10,000",Oiartzun,0.0
2020,,,Oiartzun,"Per 10,000",Oiartzun,3.8
2019,,,Oiartzun,"Per 10,000",Oiartzun,3.8
2019,,,Okondo,"Per 10,000",Okondo,0.0
2023,,,Okondo,"Per 10,000",Okondo,0.0
2020,,,Okondo,"Per 10,000",Okondo,0.0
2021,,,Okondo,"Per 10,000",Okondo,0.0
2022,,,Okondo,"Per 10,000",Okondo,0.0
2023,,,Olaberria,"Per 10,000",Olaberria,0.0
2021,,,Olaberria,"Per 10,000",Olaberria,0.0
2020,,,Olaberria,"Per 10,000",Olaberria,0.0
2019,,,Olaberria,"Per 10,000",Olaberria,0.0
2022,,,Olaberria,"Per 10,000",Olaberria,0.0
2022,,,Ondarroa,"Per 10,000",Ondarroa,2.4
2019,,,Ondarroa,"Per 10,000",Ondarroa,2.4
2021,,,Ondarroa,"Per 10,000",Ondarroa,0.0
2020,,,Ondarroa,"Per 10,000",Ondarroa,2.4
2023,,,Ondarroa,"Per 10,000",Ondarroa,12.1
2019,,,Oñati,"Per 10,000",Oñati,0.0
2023,,,Oñati,"Per 10,000",Oñati,3.4
2021,,,Oñati,"Per 10,000",Oñati,5.2
2020,,,Oñati,"Per 10,000",Oñati,1.7
2022,,,Oñati,"Per 10,000",Oñati,0.0
2020,,,Ordizia,"Per 10,000",Ordizia,2.0
2022,,,Ordizia,"Per 10,000",Ordizia,3.9
2019,,,Ordizia,"Per 10,000",Ordizia,2.0
2021,,,Ordizia,"Per 10,000",Ordizia,11.8
2023,,,Ordizia,"Per 10,000",Ordizia,3.9
2020,,,Orendain,"Per 10,000",Orendain,0.0
2022,,,Orendain,"Per 10,000",Orendain,0.0
2019,,,Orendain,"Per 10,000",Orendain,0.0
2021,,,Orendain,"Per 10,000",Orendain,0.0
2023,,,Orendain,"Per 10,000",Orendain,0.0
2023,,,Orexa,"Per 10,000",Orexa,0.0
2021,,,Orexa,"Per 10,000",Orexa,0.0
2019,,,Orexa,"Per 10,000",Orexa,0.0
2020,,,Orexa,"Per 10,000",Orexa,0.0
2022,,,Orexa,"Per 10,000",Orexa,0.0
2020,,,Orio,"Per 10,000",Orio,3.3
2022,,,Orio,"Per 10,000",Orio,9.9
2019,,,Orio,"Per 10,000",Orio,3.3
2021,,,Orio,"Per 10,000",Orio,0.0
2023,,,Orio,"Per 10,000",Orio,3.3
2020,,,Ormaiztegi,"Per 10,000",Ormaiztegi,0.0
2022,,,Ormaiztegi,"Per 10,000",Ormaiztegi,16.2
2023,,,Ormaiztegi,"Per 10,000",Ormaiztegi,0.0
2021,,,Ormaiztegi,"Per 10,000",Ormaiztegi,15.9
2019,,,Ormaiztegi,"Per 10,000",Ormaiztegi,0.0
2021,,,Orozko,"Per 10,000",Orozko,0.0
2019,,,Orozko,"Per 10,000",Orozko,0.0
2022,,,Orozko,"Per 10,000",Orozko,7.2
2020,,,Orozko,"Per 10,000",Orozko,0.0
2023,,,Orozko,"Per 10,000",Orozko,0.0
2020,,,Ortuella,"Per 10,000",Ortuella,0.0
2022,,,Ortuella,"Per 10,000",Ortuella,4.6
2019,,,Ortuella,"Per 10,000",Ortuella,0.0
2023,,,Ortuella,"Per 10,000",Ortuella,2.3
2021,,,Ortuella,"Per 10,000",Ortuella,4.6
2021,,,Otxandio,"Per 10,000",Otxandio,0.0
2022,,,Otxandio,"Per 10,000",Otxandio,0.0
2020,,,Otxandio,"Per 10,000",Otxandio,0.0
2019,,,Otxandio,"Per 10,000",Otxandio,0.0
2023,,,Otxandio,"Per 10,000",Otxandio,0.0
2023,,,Oyón-Oion,"Per 10,000",Oyón-Oion,0.0
2020,,,Oyón-Oion,"Per 10,000",Oyón-Oion,0.0
2019,,,Oyón-Oion,"Per 10,000",Oyón-Oion,5.8
2021,,,Oyón-Oion,"Per 10,000",Oyón-Oion,0.0
2021,,,Pasaia,"Per 10,000",Pasaia,1.2
2023,,,Pasaia,"Per 10,000",Pasaia,4.6
2020,,,Pasaia,"Per 10,000",Pasaia,0.0
2022,,,Pasaia,"Per 10,000",Pasaia,2.3
2019,,,Pasaia,"Per 10,000",Pasaia,1.2
2023,,,Peñacerrada-Urizaharra,"Per 10,000",Peñacerrada-Urizaharra,0.0
2022,,,Peñacerrada-Urizaharra,"Per 10,000",Peñacerrada-Urizaharra,0.0
2019,,,Peñacerrada-Urizaharra,"Per 10,000",Peñacerrada-Urizaharra,0.0
2020,,,Peñacerrada-Urizaharra,"Per 10,000",Peñacerrada-Urizaharra,0.0
2021,,,Peñacerrada-Urizaharra,"Per 10,000",Peñacerrada-Urizaharra,0.0
2021,,,Plentzia,"Per 10,000",Plentzia,4.3
2022,,,Plentzia,"Per 10,000",Plentzia,8.7
2020,,,Plentzia,"Per 10,000",Plentzia,0.0
2019,,,Plentzia,"Per 10,000",Plentzia,0.0
2023,,,Plentzia,"Per 10,000",Plentzia,4.4
2023,,,Portugalete,"Per 10,000",Portugalete,1.3
2020,,,Portugalete,"Per 10,000",Portugalete,2.9
2022,,,Portugalete,"Per 10,000",Portugalete,3.4
2021,,,Portugalete,"Per 10,000",Portugalete,3.0
2019,,,Portugalete,"Per 10,000",Portugalete,0.0
2023,,,Ribera Baja/Erriberabeitia,"Per 10,000",Ribera Baja/Erriberabeitia,0.0
2020,,,Ribera Baja/Erriberabeitia,"Per 10,000",Ribera Baja/Erriberabeitia,0.0
2019,,,Ribera Baja/Erriberabeitia,"Per 10,000",Ribera Baja/Erriberabeitia,0.0
2021,,,Ribera Baja/Erriberabeitia,"Per 10,000",Ribera Baja/Erriberabeitia,0.0
2022,,,Ribera Baja/Erriberabeitia,"Per 10,000",Ribera Baja/Erriberabeitia,0.0
2020,,,Samaniego,"Per 10,000",Samaniego,0.0
2023,,,Samaniego,"Per 10,000",Samaniego,0.0
2019,,,Samaniego,"Per 10,000",Samaniego,0.0
2021,,,Samaniego,"Per 10,000",Samaniego,0.0
2022,,,Samaniego,"Per 10,000",Samaniego,0.0
2021,,,San Millán/Donemiliaga,"Per 10,000",San Millán/Donemiliaga,60.6
2023,,,San Millán/Donemiliaga,"Per 10,000",San Millán/Donemiliaga,0.0
2020,,,San Millán/Donemiliaga,"Per 10,000",San Millán/Donemiliaga,0.0
2022,,,San Millán/Donemiliaga,"Per 10,000",San Millán/Donemiliaga,0.0
2019,,,San Millán/Donemiliaga,"Per 10,000",San Millán/Donemiliaga,0.0
2019,,,Santurtzi,"Per 10,000",Santurtzi,2.5
2023,,,Santurtzi,"Per 10,000",Santurtzi,5.0
2022,,,Santurtzi,"Per 10,000",Santurtzi,2.1
2021,,,Santurtzi,"Per 10,000",Santurtzi,4.2
2020,,,Santurtzi,"Per 10,000",Santurtzi,3.8
2022,,,Segura,"Per 10,000",Segura,0.0
2021,,,Segura,"Per 10,000",Segura,0.0
2023,,,Segura,"Per 10,000",Segura,0.0
2020,,,Segura,"Per 10,000",Segura,0.0
2019,,,Segura,"Per 10,000",Segura,0.0
2022,,,Sestao,"Per 10,000",Sestao,6.3
2020,,,Sestao,"Per 10,000",Sestao,0.7
2019,,,Sestao,"Per 10,000",Sestao,2.8
2023,,,Sestao,"Per 10,000",Sestao,2.1
2021,,,Sestao,"Per 10,000",Sestao,9.3
2021,,,Sondika,"Per 10,000",Sondika,4.3
2020,,,Sondika,"Per 10,000",Sondika,12.7
2023,,,Sondika,"Per 10,000",Sondika,12.7
2022,,,Sondika,"Per 10,000",Sondika,0.0
2019,,,Sondika,"Per 10,000",Sondika,0.0
2021,,,Sopela,"Per 10,000",Sopela,4.4
2020,,,Sopela,"Per 10,000",Sopela,4.5
2019,,,Sopela,"Per 10,000",Sopela,6.1
2023,,,Sopela,"Per 10,000",Sopela,2.9
2022,,,Sopela,"Per 10,000",Sopela,17.4
2019,,,Sopuerta,"Per 10,000",Sopuerta,0.0
2020,,,Sopuerta,"Per 10,000",Sopuerta,0.0
2023,,,Sopuerta,"Per 10,000",Sopuerta,0.0
2021,,,Sopuerta,"Per 10,000",Sopuerta,0.0
2022,,,Sopuerta,"Per 10,000",Sopuerta,7.3
2022,,,Soraluze-Placencia de las Armas,"Per 10,000",Soraluze-Placencia de las Armas,0.0
2020,,,Soraluze-Placencia de las Armas,"Per 10,000",Soraluze-Placencia de las Armas,5.2
2019,,,Soraluze-Placencia de las Armas,"Per 10,000",Soraluze-Placencia de las Armas,0.0
2021,,,Soraluze-Placencia de las Armas,"Per 10,000",Soraluze-Placencia de las Armas,5.3
2023,,,Soraluze-Placencia de las Armas,"Per 10,000",Soraluze-Placencia de las Armas,5.5
2021,,,Sukarrieta,"Per 10,000",Sukarrieta,0.0
2020,,,Sukarrieta,"Per 10,000",Sukarrieta,0.0
2019,,,Sukarrieta,"Per 10,000",Sukarrieta,0.0
2023,,,Sukarrieta,"Per 10,000",Sukarrieta,0.0
2022,,,Sukarrieta,"Per 10,000",Sukarrieta,0.0
2022,,,Tolosa,"Per 10,000",Tolosa,7.8
2021,,,Tolosa,"Per 10,000",Tolosa,3.0
2023,,,Tolosa,"Per 10,000",Tolosa,4.9
2019,,,Tolosa,"Per 10,000",Tolosa,3.0
2020,,,Tolosa,"Per 10,000",Tolosa,9.9
2022,,,Trucios-Turtzioz,"Per 10,000",Trucios-Turtzioz,0.0
2019,,,Trucios-Turtzioz,"Per 10,000",Trucios-Turtzioz,0.0
2023,,,Trucios-Turtzioz,"Per 10,000",Trucios-Turtzioz,0.0
2020,,,Trucios-Turtzioz,"Per 10,000",Trucios-Turtzioz,0.0
2021,,,Trucios-Turtzioz,"Per 10,000",Trucios-Turtzioz,0.0
2022,,,Ubide,"Per 10,000",Ubide,0.0
2021,,,Ubide,"Per 10,000",Ubide,0.0
2019,,,Ubide,"Per 10,000",Ubide,0.0
2020,,,Ubide,"Per 10,000",Ubide,0.0
2023,,,Ubide,"Per 10,000",Ubide,0.0
2022,,,Ugao-Miraballes,"Per 10,000",Ugao-Miraballes,19.7
2021,,,Ugao-Miraballes,"Per 10,000",Ugao-Miraballes,0.0
2020,,,Ugao-Miraballes,"Per 10,000",Ugao-Miraballes,4.9
2019,,,Ugao-Miraballes,"Per 10,000",Ugao-Miraballes,0.0
2023,,,Ugao-Miraballes,"Per 10,000",Ugao-Miraballes,14.7
2021,,,Urduliz,"Per 10,000",Urduliz,0.0
2020,,,Urduliz,"Per 10,000",Urduliz,0.0
2019,,,Urduliz,"Per 10,000",Urduliz,0.0
2023,,,Urduliz,"Per 10,000",Urduliz,0.0
2022,,,Urduliz,"Per 10,000",Urduliz,0.0
2023,,,Urduña/Orduña,"Per 10,000",Urduña/Orduña,25.2
2020,,,Urduña/Orduña,"Per 10,000",Urduña/Orduña,5.0
2019,,,Urduña/Orduña,"Per 10,000",Urduña/Orduña,0.0
2021,,,Urduña/Orduña,"Per 10,000",Urduña/Orduña,0.0
2022,,,Urduña/Orduña,"Per 10,000",Urduña/Orduña,5.0
2021,,,Urkabustaiz,"Per 10,000",Urkabustaiz,0.0
2023,,,Urkabustaiz,"Per 10,000",Urkabustaiz,0.0
2022,,,Urkabustaiz,"Per 10,000",Urkabustaiz,0.0
2019,,,Urkabustaiz,"Per 10,000",Urkabustaiz,0.0
2020,,,Urkabustaiz,"Per 10,000",Urkabustaiz,0.0
2019,,,Urnieta,"Per 10,000",Urnieta,6.4
2021,,,Urnieta,"Per 10,000",Urnieta,0.0
2022,,,Urnieta,"Per 10,000",Urnieta,0.0
2020,,,Urnieta,"Per 10,000",Urnieta,0.0
2023,,,Urnieta,"Per 10,000",Urnieta,3.2
2023,,,Urretxu,"Per 10,000",Urretxu,0.0
2019,,,Urretxu,"Per 10,000",Urretxu,0.0
2020,,,Urretxu,"Per 10,000",Urretxu,0.0
2022,,,Urretxu,"Per 10,000",Urretxu,0.0
2021,,,Urretxu,"Per 10,000",Urretxu,3.0
2022,,,Usurbil,"Per 10,000",Usurbil,0.0
2019,,,Usurbil,"Per 10,000",Usurbil,3.2
2021,,,Usurbil,"Per 10,000",Usurbil,0.0
2020,,,Usurbil,"Per 10,000",Usurbil,3.2
2023,,,Usurbil,"Per 10,000",Usurbil,9.4
2019,,,Valdegovía/Gaubea,"Per 10,000",Valdegovía/Gaubea,0.0
2021,,,Valdegovía/Gaubea,"Per 10,000",Valdegovía/Gaubea,0.0
2020,,,Valdegovía/Gaubea,"Per 10,000",Valdegovía/Gaubea,0.0
2022,,,Valdegovía/Gaubea,"Per 10,000",Valdegovía/Gaubea,0.0
2023,,,Valdegovía/Gaubea,"Per 10,000",Valdegovía/Gaubea,0.0
2022,,,Valle de Trápaga-Trapagaran,"Per 10,000",Valle de Trápaga-Trapagaran,4.9
2021,,,Valle de Trápaga-Trapagaran,"Per 10,000",Valle de Trápaga-Trapagaran,4.9
2020,,,Valle de Trápaga-Trapagaran,"Per 10,000",Valle de Trápaga-Trapagaran,6.5
2019,,,Valle de Trápaga-Trapagaran,"Per 10,000",Valle de Trápaga-Trapagaran,3.2
2023,,,Valle de Trápaga-Trapagaran,"Per 10,000",Valle de Trápaga-Trapagaran,4.9
2021,,,Villabona,"Per 10,000",Villabona,3.4
2020,,,Villabona,"Per 10,000",Villabona,0.0
2022,,,Villabona,"Per 10,000",Villabona,0.0
2023,,,Villabona,"Per 10,000",Villabona,0.0
2019,,,Villabona,"Per 10,000",Villabona,0.0
2022,,,Villabuena de Álava/Eskuernaga,"Per 10,000",Villabuena de Álava/Eskuernaga,0.0
2021,,,Villabuena de Álava/Eskuernaga,"Per 10,000",Villabuena de Álava/Eskuernaga,0.0
2019,,,Villabuena de Álava/Eskuernaga,"Per 10,000",Villabuena de Álava/Eskuernaga,0.0
2023,,,Villabuena de Álava/Eskuernaga,"Per 10,000",Villabuena de Álava/Eskuernaga,0.0
2020,,,Villabuena de Álava/Eskuernaga,"Per 10,000",Villabuena de Álava/Eskuernaga,0.0
2019,,,Vitoria-Gasteiz,"Per 10,000",Vitoria-Gasteiz,3.3
2021,,,Vitoria-Gasteiz,"Per 10,000",Vitoria-Gasteiz,3.2
2020,,,Vitoria-Gasteiz,"Per 10,000",Vitoria-Gasteiz,3.8
2022,,,Vitoria-Gasteiz,"Per 10,000",Vitoria-Gasteiz,5.0
2023,,,Vitoria-Gasteiz,"Per 10,000",Vitoria-Gasteiz,5.8
2022,,,Yécora/Iekora,"Per 10,000",Yécora/Iekora,0.0
2020,,,Yécora/Iekora,"Per 10,000",Yécora/Iekora,0.0
2023,,,Yécora/Iekora,"Per 10,000",Yécora/Iekora,0.0
2019,,,Yécora/Iekora,"Per 10,000",Yécora/Iekora,0.0
2021,,,Yécora/Iekora,"Per 10,000",Yécora/Iekora,0.0
2019,,,Zaldibar,"Per 10,000",Zaldibar,0.0
2023,,,Zaldibar,"Per 10,000",Zaldibar,6.7
2022,,,Zaldibar,"Per 10,000",Zaldibar,6.7
2021,,,Zaldibar,"Per 10,000",Zaldibar,0.0
2020,,,Zaldibar,"Per 10,000",Zaldibar,13.2
2022,,,Zaldibia,"Per 10,000",Zaldibia,0.0
2019,,,Zaldibia,"Per 10,000",Zaldibia,0.0
2021,,,Zaldibia,"Per 10,000",Zaldibia,0.0
2023,,,Zaldibia,"Per 10,000",Zaldibia,0.0
2020,,,Zaldibia,"Per 10,000",Zaldibia,0.0
2020,,,Zalduondo,"Per 10,000",Zalduondo,0.0
2021,,,Zalduondo,"Per 10,000",Zalduondo,0.0
2023,,,Zalduondo,"Per 10,000",Zalduondo,0.0
2022,,,Zalduondo,"Per 10,000",Zalduondo,0.0
2019,,,Zalduondo,"Per 10,000",Zalduondo,0.0
2022,,,Zalla,"Per 10,000",Zalla,2.4
2021,,,Zalla,"Per 10,000",Zalla,4.7
2020,,,Zalla,"Per 10,000",Zalla,2.3
2019,,,Zalla,"Per 10,000",Zalla,9.3
2023,,,Zalla,"Per 10,000",Zalla,7.1
2019,,,Zambrana,"Per 10,000",Zambrana,0.0
2020,,,Zambrana,"Per 10,000",Zambrana,0.0
2022,,,Zambrana,"Per 10,000",Zambrana,0.0
2021,,,Zambrana,"Per 10,000",Zambrana,0.0
2023,,,Zambrana,"Per 10,000",Zambrana,0.0
2019,,,Zamudio,"Per 10,000",Zamudio,18.1
2023,,,Zamudio,"Per 10,000",Zamudio,12.4
2021,,,Zamudio,"Per 10,000",Zamudio,18.6
2022,,,Zamudio,"Per 10,000",Zamudio,18.6
2020,,,Zamudio,"Per 10,000",Zamudio,18.3
2020,,,Zaratamo,"Per 10,000",Zaratamo,0.0
2021,,,Zaratamo,"Per 10,000",Zaratamo,0.0
2019,,,Zaratamo,"Per 10,000",Zaratamo,0.0
2023,,,Zaratamo,"Per 10,000",Zaratamo,0.0
2022,,,Zaratamo,"Per 10,000",Zaratamo,0.0
2021,,,Zarautz,"Per 10,000",Zarautz,5.0
2019,,,Zarautz,"Per 10,000",Zarautz,4.2
2023,,,Zarautz,"Per 10,000",Zarautz,4.2
2020,,,Zarautz,"Per 10,000",Zarautz,2.5
2022,,,Zarautz,"Per 10,000",Zarautz,3.4
2023,,,Zeanuri,"Per 10,000",Zeanuri,0.0
2019,,,Zeanuri,"Per 10,000",Zeanuri,16.6
2021,,,Zeanuri,"Per 10,000",Zeanuri,16.0
2020,,,Zeanuri,"Per 10,000",Zeanuri,0.0
2022,,,Zeanuri,"Per 10,000",Zeanuri,0.0
2020,,,Zeberio,"Per 10,000",Zeberio,0.0
2022,,,Zeberio,"Per 10,000",Zeberio,0.0
2019,,,Zeberio,"Per 10,000",Zeberio,0.0
2021,,,Zeberio,"Per 10,000",Zeberio,0.0
2023,,,Zeberio,"Per 10,000",Zeberio,0.0
2023,,,Zegama,"Per 10,000",Zegama,27.1
2019,,,Zegama,"Per 10,000",Zegama,0.0
2021,,,Zegama,"Per 10,000",Zegama,0.0
2022,,,Zegama,"Per 10,000",Zegama,0.0
2020,,,Zegama,"Per 10,000",Zegama,0.0
2021,,,Zerain,"Per 10,000",Zerain,0.0
2022,,,Zerain,"Per 10,000",Zerain,0.0
2020,,,Zerain,"Per 10,000",Zerain,0.0
2019,,,Zerain,"Per 10,000",Zerain,0.0
2023,,,Zerain,"Per 10,000",Zerain,0.0
2021,,,Zestoa,"Per 10,000",Zestoa,0.0
2020,,,Zestoa,"Per 10,000",Zestoa,5.5
2019,,,Zestoa,"Per 10,000",Zestoa,0.0
2023,,,Zestoa,"Per 10,000",Zestoa,0.0
2022,,,Zestoa,"Per 10,000",Zestoa,0.0
2019,,,Zierbena,"Per 10,000",Zierbena,0.0
2023,,,Zierbena,"Per 10,000",Zierbena,0.0
2022,,,Zierbena,"Per 10,000",Zierbena,0.0
2021,,,Zierbena,"Per 10,000",Zierbena,0.0
2020,,,Zierbena,"Per 10,000",Zierbena,0.0
2020,,,Zigoitia,"Per 10,000",Zigoitia,12.3
2021,,,Zigoitia,"Per 10,000",Zigoitia,0.0
2019,,,Zigoitia,"Per 10,000",Zigoitia,12.7
2022,,,Zigoitia,"Per 10,000",Zigoitia,0.0
2023,,,Zigoitia,"Per 10,000",Zigoitia,0.0
2021,,,Ziortza-Bolibar,"Per 10,000",Ziortza-Bolibar,0.0
2023,,,Ziortza-Bolibar,"Per 10,000",Ziortza-Bolibar,0.0
2022,,,Ziortza-Bolibar,"Per 10,000",Ziortza-Bolibar,0.0
2020,,,Ziortza-Bolibar,"Per 10,000",Ziortza-Bolibar,0.0
2019,,,Ziortza-Bolibar,"Per 10,000",Ziortza-Bolibar,0.0
2022,,,Zizurkil,"Per 10,000",Zizurkil,13.9
2021,,,Zizurkil,"Per 10,000",Zizurkil,6.9
2019,,,Zizurkil,"Per 10,000",Zizurkil,0.0
2020,,,Zizurkil,"Per 10,000",Zizurkil,13.5
2023,,,Zizurkil,"Per 10,000",Zizurkil,0.0
2020,,,Zuia,"Per 10,000",Zuia,0.0
2022,,,Zuia,"Per 10,000",Zuia,0.0
2021,,,Zuia,"Per 10,000",Zuia,0.0
2023,,,Zuia,"Per 10,000",Zuia,0.0
2019,,,Zuia,"Per 10,000",Zuia,0.0
2019,,,Zumaia,"Per 10,000",Zumaia,0.0
2021,,,Zumaia,"Per 10,000",Zumaia,9.9
2023,,,Zumaia,"Per 10,000",Zumaia,0.0
2020,,,Zumaia,"Per 10,000",Zumaia,2.0
2022,,,Zumaia,"Per 10,000",Zumaia,0.0
2020,,,Zumarraga,"Per 10,000",Zumarraga,0.0
2019,,,Zumarraga,"Per 10,000",Zumarraga,4.0
2021,,,Zumarraga,"Per 10,000",Zumarraga,4.1
2023,,,Zumarraga,"Per 10,000",Zumarraga,4.1
2022,,,Zumarraga,"Per 10,000",Zumarraga,8.3
2023,,Añana (county),,"Per 10,000",Añana (county),0.0
2022,,Añana (county),,"Per 10,000",Añana (county),0.0
2019,,Añana (county),,"Per 10,000",Añana (county),0.0
2021,,Añana (county),,"Per 10,000",Añana (county),0.0
2020,,Añana (county),,"Per 10,000",Añana (county),0.0
2020,,Arabako Errioxa / Rioja Alavesa,,"Per 10,000",Arabako Errioxa / Rioja Alavesa,1.8
2023,,Arabako Errioxa / Rioja Alavesa,,"Per 10,000",Arabako Errioxa / Rioja Alavesa,1.8
2022,,Arabako Errioxa / Rioja Alavesa,,"Per 10,000",Arabako Errioxa / Rioja Alavesa,1.8
2019,,Arabako Errioxa / Rioja Alavesa,,"Per 10,000",Arabako Errioxa / Rioja Alavesa,3.6
2021,,Arabako Errioxa / Rioja Alavesa,,"Per 10,000",Arabako Errioxa / Rioja Alavesa,1.8
2021,,Arabako Kantaurialdea / Cantábrica Alavesa,,"Per 10,000",Arabako Kantaurialdea / Cantábrica Alavesa,2.3
2020,,Arabako Kantaurialdea / Cantábrica Alavesa,,"Per 10,000",Arabako Kantaurialdea / Cantábrica Alavesa,2.8
2023,,Arabako Kantaurialdea / Cantábrica Alavesa,,"Per 10,000",Arabako Kantaurialdea / Cantábrica Alavesa,4.0
2019,,Arabako Kantaurialdea / Cantábrica Alavesa,,"Per 10,000",Arabako Kantaurialdea / Cantábrica Alavesa,2.8
2022,,Arabako Kantaurialdea / Cantábrica Alavesa,,"Per 10,000",Arabako Kantaurialdea / Cantábrica Alavesa,5.1
2021,,Arabako Lautada / Llanada Alavesa,,"Per 10,000",Arabako Lautada / Llanada Alavesa,3.4
2019,,Arabako Lautada / Llanada Alavesa,,"Per 10,000",Arabako Lautada / Llanada Alavesa,3.1
2023,,Arabako Lautada / Llanada Alavesa,,"Per 10,000",Arabako Lautada / Llanada Alavesa,5.8
2020,,Arabako Lautada / Llanada Alavesa,,"Per 10,000",Arabako Lautada / Llanada Alavesa,3.8
2022,,Arabako Lautada / Llanada Alavesa,,"Per 10,000",Arabako Lautada / Llanada Alavesa,4.8
2020,,Arabako Mendialdea / Montaña Alavesa,,"Per 10,000",Arabako Mendialdea / Montaña Alavesa,0.0
2021,,Arabako Mendialdea / Montaña Alavesa,,"Per 10,000",Arabako Mendialdea / Montaña Alavesa,0.0
2022,,Arabako Mendialdea / Montaña Alavesa,,"Per 10,000",Arabako Mendialdea / Montaña Alavesa,0.0
2019,,Arabako Mendialdea / Montaña Alavesa,,"Per 10,000",Arabako Mendialdea / Montaña Alavesa,0.0
2023,,Arabako Mendialdea / Montaña Alavesa,,"Per 10,000",Arabako Mendialdea / Montaña Alavesa,7.0
2023,,Arratia Nerbioi / Arratia-Nervión,,"Per 10,000",Arratia Nerbioi / Arratia-Nervión,10.0
2021,,Arratia Nerbioi / Arratia-Nervión,,"Per 10,000",Arratia Nerbioi / Arratia-Nervión,1.7
2019,,Arratia Nerbioi / Arratia-Nervión,,"Per 10,000",Arratia Nerbioi / Arratia-Nervión,1.7
2020,,Arratia Nerbioi / Arratia-Nervión,,"Per 10,000",Arratia Nerbioi / Arratia-Nervión,2.5
2022,,Arratia Nerbioi / Arratia-Nervión,,"Per 10,000",Arratia Nerbioi / Arratia-Nervión,6.7
2021,,Bidasoa Beherea / Bajo Bidasoa,,"Per 10,000",Bidasoa Beherea / Bajo Bidasoa,8.1
2023,,Bidasoa Beherea / Bajo Bidasoa,,"Per 10,000",Bidasoa Beherea / Bajo Bidasoa,10.4
2020,,Bidasoa Beherea / Bajo Bidasoa,,"Per 10,000",Bidasoa Beherea / Bajo Bidasoa,3.3
2019,,Bidasoa Beherea / Bajo Bidasoa,,"Per 10,000",Bidasoa Beherea / Bajo Bidasoa,5.1
2022,,Bidasoa Beherea / Bajo Bidasoa,,"Per 10,000",Bidasoa Beherea / Bajo Bidasoa,7.6
2023,,Bilbo Handia / Gran Bilbao,,"Per 10,000",Bilbo Handia / Gran Bilbao,5.6
2021,,Bilbo Handia / Gran Bilbao,,"Per 10,000",Bilbo Handia / Gran Bilbao,4.2
2020,,Bilbo Handia / Gran Bilbao,,"Per 10,000",Bilbo Handia / Gran Bilbao,3.0
2019,,Bilbo Handia / Gran Bilbao,,"Per 10,000",Bilbo Handia / Gran Bilbao,3.9
2022,,Bilbo Handia / Gran Bilbao,,"Per 10,000",Bilbo Handia / Gran Bilbao,4.8
2023,,Debabarrena / Bajo Deba,,"Per 10,000",Debabarrena / Bajo Deba,5.7
2021,,Debabarrena / Bajo Deba,,"Per 10,000",Debabarrena / Bajo Deba,3.6
2019,,Debabarrena / Bajo Deba,,"Per 10,000",Debabarrena / Bajo Deba,2.5
2020,,Debabarrena / Bajo Deba,,"Per 10,000",Debabarrena / Bajo Deba,3.2
2022,,Debabarrena / Bajo Deba,,"Per 10,000",Debabarrena / Bajo Deba,3.2
2022,,Debagoiena / Alto Deba,,"Per 10,000",Debagoiena / Alto Deba,3.2
2019,,Debagoiena / Alto Deba,,"Per 10,000",Debagoiena / Alto Deba,2.2
2020,,Debagoiena / Alto Deba,,"Per 10,000",Debagoiena / Alto Deba,2.2
2021,,Debagoiena / Alto Deba,,"Per 10,000",Debagoiena / Alto Deba,6.3
2023,,Debagoiena / Alto Deba,,"Per 10,000",Debagoiena / Alto Deba,6.6
2021,,Donostialdea,,"Per 10,000",Donostialdea,4.6
2022,,Donostialdea,,"Per 10,000",Donostialdea,5.0
2019,,Donostialdea,,"Per 10,000",Donostialdea,3.8
2020,,Donostialdea,,"Per 10,000",Donostialdea,3.4
2023,,Donostialdea,,"Per 10,000",Donostialdea,7.0
2023,,Durangaldea / Duranguesado,,"Per 10,000",Durangaldea / Duranguesado,4.5
2022,,Durangaldea / Duranguesado,,"Per 10,000",Durangaldea / Duranguesado,4.2
2020,,Durangaldea / Duranguesado,,"Per 10,000",Durangaldea / Duranguesado,1.6
2019,,Durangaldea / Duranguesado,,"Per 10,000",Durangaldea / Duranguesado,2.8
2021,,Durangaldea / Duranguesado,,"Per 10,000",Durangaldea / Duranguesado,2.2
2021,,Enkartazioak / Encartaciones,,"Per 10,000",Enkartazioak / Encartaciones,3.1
2019,,Enkartazioak / Encartaciones,,"Per 10,000",Enkartazioak / Encartaciones,3.7
2022,,Enkartazioak / Encartaciones,,"Per 10,000",Enkartazioak / Encartaciones,2.5
2020,,Enkartazioak / Encartaciones,,"Per 10,000",Enkartazioak / Encartaciones,4.9
2023,,Enkartazioak / Encartaciones,,"Per 10,000",Enkartazioak / Encartaciones,3.7
2019,,Gernika-Bermeo,,"Per 10,000",Gernika-Bermeo,3.0
2021,,Gernika-Bermeo,,"Per 10,000",Gernika-Bermeo,2.6
2020,,Gernika-Bermeo,,"Per 10,000",Gernika-Bermeo,1.3
2022,,Gernika-Bermeo,,"Per 10,000",Gernika-Bermeo,1.3
2023,,Gernika-Bermeo,,"Per 10,000",Gernika-Bermeo,5.5
2022,,Goierri,,"Per 10,000",Goierri,3.2
2019,,Goierri,,"Per 10,000",Goierri,2.6
2023,,Goierri,,"Per 10,000",Goierri,2.9
2021,,Goierri,,"Per 10,000",Goierri,4.4
2020,,Goierri,,"Per 10,000",Goierri,2.1
2019,,Gorbeialdea / Estribaciones del Gorbea,,"Per 10,000",Gorbeialdea / Estribaciones del Gorbea,4.8
2021,,Gorbeialdea / Estribaciones del Gorbea,,"Per 10,000",Gorbeialdea / Estribaciones del Gorbea,0.0
2020,,Gorbeialdea / Estribaciones del Gorbea,,"Per 10,000",Gorbeialdea / Estribaciones del Gorbea,2.4
2022,,Gorbeialdea / Estribaciones del Gorbea,,"Per 10,000",Gorbeialdea / Estribaciones del Gorbea,2.3
2023,,Gorbeialdea / Estribaciones del Gorbea,,"Per 10,000",Gorbeialdea / Estribaciones del Gorbea,4.5
2019,,Markina-Ondarroa,,"Per 10,000",Markina-Ondarroa,3.9
2022,,Markina-Ondarroa,,"Per 10,000",Markina-Ondarroa,3.1
2021,,Markina-Ondarroa,,"Per 10,000",Markina-Ondarroa,3.1
2020,,Markina-Ondarroa,,"Per 10,000",Markina-Ondarroa,1.5
2023,,Markina-Ondarroa,,"Per 10,000",Markina-Ondarroa,7.1
2022,,Plentzia-Mungia,,"Per 10,000",Plentzia-Mungia,2.0
2019,,Plentzia-Mungia,,"Per 10,000",Plentzia-Mungia,3.4
2023,,Plentzia-Mungia,,"Per 10,000",Plentzia-Mungia,3.9
2020,,Plentzia-Mungia,,"Per 10,000",Plentzia-Mungia,2.0
2021,,Plentzia-Mungia,,"Per 10,000",Plentzia-Mungia,2.3
2023,,Tolosaldea,,"Per 10,000",Tolosaldea,3.2
2022,,Tolosaldea,,"Per 10,000",Tolosaldea,7.2
2020,,Tolosaldea,,"Per 10,000",Tolosaldea,5.6
2021,,Tolosaldea,,"Per 10,000",Tolosaldea,2.4
2019,,Tolosaldea,,"Per 10,000",Tolosaldea,1.6
2023,,Urola Kosta,,"Per 10,000",Urola Kosta,2.9
2019,,Urola Kosta,,"Per 10,000",Urola Kosta,3.4
2021,,Urola Kosta,,"Per 10,000",Urola Kosta,3.6
2020,,Urola Kosta,,"Per 10,000",Urola Kosta,1.8
2022,,Urola Kosta,,"Per 10,000",Urola Kosta,3.4
2023,Araba/Álava,,,"Per 10,000",Araba/Álava,5.4
2021,Araba/Álava,,,"Per 10,000",Araba/Álava,3.1
2019,Araba/Álava,,,"Per 10,000",Araba/Álava,3.3
2022,Araba/Álava,,,"Per 10,000",Araba/Álava,4.6
2020,Araba/Álava,,,"Per 10,000",Araba/Álava,3.5
2023,Bizkaia,,,"Per 10,000",Bizkaia,5.5
2020,Bizkaia,,,"Per 10,000",Bizkaia,2.9
2022,Bizkaia,,,"Per 10,000",Bizkaia,4.6
2021,Bizkaia,,,"Per 10,000",Bizkaia,3.8
2019,Bizkaia,,,"Per 10,000",Bizkaia,4.0
2020,Gipuzkoa,,,"Per 10,000",Gipuzkoa,3.2
2022,Gipuzkoa,,,"Per 10,000",Gipuzkoa,4.6
2019,Gipuzkoa,,,"Per 10,000",Gipuzkoa,3.6
2023,Gipuzkoa,,,"Per 10,000",Gipuzkoa,6.2
2021,Gipuzkoa,,,"Per 10,000",Gipuzkoa,4.8
