Year,Series,Province,Units,Value
2012,Research and development expenditure as a proportion of GDP,,%,2.1
2014,Research and development expenditure as a proportion of GDP,,%,1.9
2022,Research and development expenditure as a proportion of GDP,,%,2.1
2011,Research and development expenditure as a proportion of GDP,,%,2.0
2010,Research and development expenditure as a proportion of GDP,,%,2.0
2013,Research and development expenditure as a proportion of GDP,,%,2.0
2017,Research and development expenditure as a proportion of GDP,,%,1.8
2021,Research and development expenditure as a proportion of GDP,,%,2.1
2020,Research and development expenditure as a proportion of GDP,,%,2.1
2016,Research and development expenditure as a proportion of GDP,,%,1.8
2015,Research and development expenditure as a proportion of GDP,,%,1.9
2018,Research and development expenditure as a proportion of GDP,,%,1.9
2019,Research and development expenditure as a proportion of GDP,,%,1.9
2012,Research and development expenditure as a proportion of GDP,Araba/Álava,%,1.6
2018,Research and development expenditure as a proportion of GDP,Araba/Álava,%,1.4
2021,Research and development expenditure as a proportion of GDP,Araba/Álava,%,1.4
2015,Research and development expenditure as a proportion of GDP,Araba/Álava,%,1.5
2014,Research and development expenditure as a proportion of GDP,Araba/Álava,%,1.6
2013,Research and development expenditure as a proportion of GDP,Araba/Álava,%,1.6
2017,Research and development expenditure as a proportion of GDP,Araba/Álava,%,1.4
2020,Research and development expenditure as a proportion of GDP,Araba/Álava,%,1.3
2022,Research and development expenditure as a proportion of GDP,Araba/Álava,%,1.5
2010,Research and development expenditure as a proportion of GDP,Araba/Álava,%,1.6
2011,Research and development expenditure as a proportion of GDP,Araba/Álava,%,1.5
2016,Research and development expenditure as a proportion of GDP,Araba/Álava,%,1.3
2019,Research and development expenditure as a proportion of GDP,Araba/Álava,%,1.2
2016,Research and development expenditure as a proportion of GDP,Bizkaia,%,1.7
2022,Research and development expenditure as a proportion of GDP,Bizkaia,%,1.8
2010,Research and development expenditure as a proportion of GDP,Bizkaia,%,1.9
2013,Research and development expenditure as a proportion of GDP,Bizkaia,%,1.9
2019,Research and development expenditure as a proportion of GDP,Bizkaia,%,1.7
2017,Research and development expenditure as a proportion of GDP,Bizkaia,%,1.7
2015,Research and development expenditure as a proportion of GDP,Bizkaia,%,1.7
2014,Research and development expenditure as a proportion of GDP,Bizkaia,%,1.8
2018,Research and development expenditure as a proportion of GDP,Bizkaia,%,1.7
2021,Research and development expenditure as a proportion of GDP,Bizkaia,%,1.9
2020,Research and development expenditure as a proportion of GDP,Bizkaia,%,1.9
2012,Research and development expenditure as a proportion of GDP,Bizkaia,%,1.9
2011,Research and development expenditure as a proportion of GDP,Bizkaia,%,1.9
2016,Research and development expenditure as a proportion of GDP,Gipuzkoa,%,2.3
2020,Research and development expenditure as a proportion of GDP,Gipuzkoa,%,2.6
2012,Research and development expenditure as a proportion of GDP,Gipuzkoa,%,2.6
2013,Research and development expenditure as a proportion of GDP,Gipuzkoa,%,2.4
2011,Research and development expenditure as a proportion of GDP,Gipuzkoa,%,2.5
2015,Research and development expenditure as a proportion of GDP,Gipuzkoa,%,2.2
2018,Research and development expenditure as a proportion of GDP,Gipuzkoa,%,2.4
2017,Research and development expenditure as a proportion of GDP,Gipuzkoa,%,2.4
2019,Research and development expenditure as a proportion of GDP,Gipuzkoa,%,2.4
2010,Research and development expenditure as a proportion of GDP,Gipuzkoa,%,2.5
2022,Research and development expenditure as a proportion of GDP,Gipuzkoa,%,2.7
2021,Research and development expenditure as a proportion of GDP,Gipuzkoa,%,2.7
2014,Research and development expenditure as a proportion of GDP,Gipuzkoa,%,2.3
