Year,Series,Territorio,Units,Value
2012,Gastos en investigación y desarrollo en proporción al PIB,,Porcentaje,2.1
2014,Gastos en investigación y desarrollo en proporción al PIB,,Porcentaje,1.9
2022,Gastos en investigación y desarrollo en proporción al PIB,,Porcentaje,2.1
2011,Gastos en investigación y desarrollo en proporción al PIB,,Porcentaje,2.0
2010,Gastos en investigación y desarrollo en proporción al PIB,,Porcentaje,2.0
2013,Gastos en investigación y desarrollo en proporción al PIB,,Porcentaje,2.0
2017,Gastos en investigación y desarrollo en proporción al PIB,,Porcentaje,1.8
2021,Gastos en investigación y desarrollo en proporción al PIB,,Porcentaje,2.1
2020,Gastos en investigación y desarrollo en proporción al PIB,,Porcentaje,2.1
2016,Gastos en investigación y desarrollo en proporción al PIB,,Porcentaje,1.8
2015,Gastos en investigación y desarrollo en proporción al PIB,,Porcentaje,1.9
2018,Gastos en investigación y desarrollo en proporción al PIB,,Porcentaje,1.9
2019,Gastos en investigación y desarrollo en proporción al PIB,,Porcentaje,1.9
2012,Gastos en investigación y desarrollo en proporción al PIB,Araba/Álava,Porcentaje,1.6
2018,Gastos en investigación y desarrollo en proporción al PIB,Araba/Álava,Porcentaje,1.4
2021,Gastos en investigación y desarrollo en proporción al PIB,Araba/Álava,Porcentaje,1.4
2015,Gastos en investigación y desarrollo en proporción al PIB,Araba/Álava,Porcentaje,1.5
2014,Gastos en investigación y desarrollo en proporción al PIB,Araba/Álava,Porcentaje,1.6
2013,Gastos en investigación y desarrollo en proporción al PIB,Araba/Álava,Porcentaje,1.6
2017,Gastos en investigación y desarrollo en proporción al PIB,Araba/Álava,Porcentaje,1.4
2020,Gastos en investigación y desarrollo en proporción al PIB,Araba/Álava,Porcentaje,1.3
2022,Gastos en investigación y desarrollo en proporción al PIB,Araba/Álava,Porcentaje,1.5
2010,Gastos en investigación y desarrollo en proporción al PIB,Araba/Álava,Porcentaje,1.6
2011,Gastos en investigación y desarrollo en proporción al PIB,Araba/Álava,Porcentaje,1.5
2016,Gastos en investigación y desarrollo en proporción al PIB,Araba/Álava,Porcentaje,1.3
2019,Gastos en investigación y desarrollo en proporción al PIB,Araba/Álava,Porcentaje,1.2
2016,Gastos en investigación y desarrollo en proporción al PIB,Bizkaia,Porcentaje,1.7
2022,Gastos en investigación y desarrollo en proporción al PIB,Bizkaia,Porcentaje,1.8
2010,Gastos en investigación y desarrollo en proporción al PIB,Bizkaia,Porcentaje,1.9
2013,Gastos en investigación y desarrollo en proporción al PIB,Bizkaia,Porcentaje,1.9
2019,Gastos en investigación y desarrollo en proporción al PIB,Bizkaia,Porcentaje,1.7
2017,Gastos en investigación y desarrollo en proporción al PIB,Bizkaia,Porcentaje,1.7
2015,Gastos en investigación y desarrollo en proporción al PIB,Bizkaia,Porcentaje,1.7
2014,Gastos en investigación y desarrollo en proporción al PIB,Bizkaia,Porcentaje,1.8
2018,Gastos en investigación y desarrollo en proporción al PIB,Bizkaia,Porcentaje,1.7
2021,Gastos en investigación y desarrollo en proporción al PIB,Bizkaia,Porcentaje,1.9
2020,Gastos en investigación y desarrollo en proporción al PIB,Bizkaia,Porcentaje,1.9
2012,Gastos en investigación y desarrollo en proporción al PIB,Bizkaia,Porcentaje,1.9
2011,Gastos en investigación y desarrollo en proporción al PIB,Bizkaia,Porcentaje,1.9
2016,Gastos en investigación y desarrollo en proporción al PIB,Gipuzkoa,Porcentaje,2.3
2020,Gastos en investigación y desarrollo en proporción al PIB,Gipuzkoa,Porcentaje,2.6
2012,Gastos en investigación y desarrollo en proporción al PIB,Gipuzkoa,Porcentaje,2.6
2013,Gastos en investigación y desarrollo en proporción al PIB,Gipuzkoa,Porcentaje,2.4
2011,Gastos en investigación y desarrollo en proporción al PIB,Gipuzkoa,Porcentaje,2.5
2015,Gastos en investigación y desarrollo en proporción al PIB,Gipuzkoa,Porcentaje,2.2
2018,Gastos en investigación y desarrollo en proporción al PIB,Gipuzkoa,Porcentaje,2.4
2017,Gastos en investigación y desarrollo en proporción al PIB,Gipuzkoa,Porcentaje,2.4
2019,Gastos en investigación y desarrollo en proporción al PIB,Gipuzkoa,Porcentaje,2.4
2010,Gastos en investigación y desarrollo en proporción al PIB,Gipuzkoa,Porcentaje,2.5
2022,Gastos en investigación y desarrollo en proporción al PIB,Gipuzkoa,Porcentaje,2.7
2021,Gastos en investigación y desarrollo en proporción al PIB,Gipuzkoa,Porcentaje,2.7
2014,Gastos en investigación y desarrollo en proporción al PIB,Gipuzkoa,Porcentaje,2.3
