NÚM OBJETIVO,NOMBRE OBJETIVO,NÚM META,NOMBRE META,NÚM INDICADOR,NOMBRE INDICADOR NNUU,INDICADOR DISPONIBLE,SERIE,NOMBRE SERIE,REPORTING_STATUS,BOOLEANO,GOLDILOCK,INDICADOR NO ESTADÍSTICO,TIPO GRÁFICO,MAPA,INDICADORES RELACIONADOS,DESAGREGACIÓN SEXO,DESAGREGACIÓN TH,DESAGREGACIÓN MUNICIPIO,AÑO INICIAL,PERIODICIDAD,TEXTO OCECA,DIRECCIÓN DESEADA,PROGRESO AUTOMÁTICO,AÑO BASE PROGRESO,ÚLTIMO AÑO,ÚLTIMO DATO,TARGET,LIMIT,SCORE,FECHA ÚLTIMA ACTUALIZACIÓN DATOS
1-1-1,,,,1-1-1,"Proporción de la población que vive por debajo del umbral internacional de pobreza, desglosada por sexo, edad, situación laboral y ubicación geográfica (urbana o rural)",Proporción de la población que vive por debajo del umbral internacional de la pobreza,,,complete,no,no,no,line,no,,no,no,no,2008,Bienal,no,descenso,si,,,,0.1,,,
1-2-1,,,,1-2-1,"Proporción de la población que vive por debajo del umbral nacional de pobreza, desglosada por sexo y edad",Proporción de la población que vive por debajo del umbral de la pobreza desglosada por sexo,,,complete,no,no,no,line,no,indicator.relacionados,si,no,no,2008,Bienal,si,descenso,si,,,,8.2,,,
1-2-2,,,,1-2-2,"Proporción de hombres, mujeres y niños/as de todas las edades que viven en la pobreza, en todas sus dimensiones, con arreglo a las definiciones nacionales",Tasa AROPE. Proporción de personas en riesgo de pobreza o exclusión social,,,complete,no,no,no,line,no,indicator.relacionados,si,no,no,2004,Bienal,si,descenso,si,,,,20.5,,,
1-3-1,,,,1-3-1,"Proporción de la población cubierta por sistemas o niveles mínimos de protección social, desglosada por sexo, distinguiendo entre los niños/as, las personas desempleadas, los ancianos/as, las personas con discapacidad, las mujeres embarazadas, los recién nacidos/as, las víctimas de accidentes de trabajo, las personas pobres y las personas vulnerables","Proporción de la población cubierta por sistemas o niveles mínimos de protección social, desglosada por sexo, distinguiendo entre las personas desempleadas y la población que ha superado la edad legal de jubilación",SI_COV_UEMP,Proporción de personas desempleadas que reciben prestaciones por desempleo,complete,no,no,no,line,no,,si,si,no,2010,Anual,no,ascenso,si,,,,,,,
1-4-1,,,,1-4-1,Proporción de la población que vive en hogares con acceso a los servicios básicos,Proporción de viviendas principales con acceso a servicios básicos (abastecimiento de agua corriente y baño),SP_ACS_BSRVH2O,Proporción de viviendas con agua corriente,complete,no,no,no,line,si,,no,si,si,2010,Anual,si,ascenso,si,,,,99.9,,,
1-4-2,,,,1-4-2,"Proporción del total de la población adulta con derechos seguros de tenencia de la tierra: a) que posee documentación reconocida legalmente al respecto y b) considera seguros sus derechos, desglosada por sexo y tipo de tenencia",La CA de Euskadi no elabora estadísticas oficiales continuas con la metodología del indicador,,,notstarted,no,no,no,line,no,,no,no,no,[],,no,,no,,,,,,,
1-5-1,,,,1-5-1,"Número de personas muertas, desaparecidas y afectadas directamente atribuido a desastres por cada 100.000 habitantes",Número de personas muertas directamente atribuido a desastres por cada 100.000 habitantes,,,complete,no,no,no,line,si,,si,si,si,2010,Anual,si,descenso,si,,,,,0.1,,
1-5-2,,,,1-5-2,Pérdidas económicas directas atribuidas a los desastres en relación con el producto interno bruto (PIB) mundial,"Indemnizaciones por daños personales, pérdidas pecuniarias y daños de bienes pagadas y/o provisionadas en proporción al PIB",,,complete,no,no,no,line,no,,no,si,no,2010,Anual,si,,no,,,,,,,
1-5-3,,,,1-5-3,Número de países que adoptan y aplican estrategias nacionales de reducción del riesgo de desastres en consonancia con el Marco de Sendái para la Reducción del Riesgo de Desastres 2015‑2030,La CA de Euskadi no elabora estadísticas oficiales continuas con la metodología del indicador,,,complete,no,no,si,line,no,,no,no,no,[],,no,,no,,,,,,,
1-5-4,,,,1-5-4,Proporción de gobiernos locales que adoptan y aplican estrategias locales de reducción del riesgo de desastres en consonancia con las estrategias nacionales de reducción del riesgo de desastres,Proporción de gobiernos locales que adoptan e implementan estrategias locales de reducción del riesgo de desastres,SG_DSR_SILS,Proporción de municipios que disponen de un plan municipal de emergencias,complete,no,no,no,line,si,,no,si,si,2010,Anual,no,ascenso,si,,,,,,,
1-a-1,,,,1-a-1,Total de subvenciones de asistencia oficial para el desarrollo destinadas a la reducción de la pobreza en porcentaje de la renta nacional bruta del país beneficiario,La CA de Euskadi no elabora estadísticas oficiales continuas con la metodología del indicador,,,notapplicable,no,no,no,line,no,,no,no,no,[],,no,,no,,,,,,,
1-a-2,,,,1-a-2,"Proporción del gasto público total que se dedica a servicios esenciales (educación, salud y protección social)",global_indicators.1-a-2-title,,,complete,no,no,no,line,no,indicator.relacionados,no,no,no,2010,Anual,no,ascenso,si,,,,,,,
1-b-1,,,,1-b-1,Gasto público social en favor de las personas pobres,La CA de Euskadi no elabora estadísticas oficiales continuas con la metodología del indicador,,,notstarted,no,no,no,line,no,,no,no,no,,,no,,no,,,,,,,
2-1-1,,,,2-1-1,Prevalencia de la subalimentación,La CA de Euskadi no elabora estadísticas oficiales continuas con la metodología del indicador,,,complete,no,no,si,line,no,,no,no,no,[],,no,,no,,,,,,,
2-1-2,,,,2-1-2,"Prevalencia de la inseguridad alimentaria moderada o grave entre la población, según la escala de experiencia de inseguridad alimentaria",Prevalencia de la inseguridad alimentaria grave o muy grave,AG_PRD_FIESMS,Prevalencia de la inseguridad alimentaria grave o muy grave,complete,no,no,no,line,no,,no,no,no,2000,Bienal,no,descenso,si,,,,0.1,,,
2-2-1,,,,2-2-1,"Prevalencia del retraso del crecimiento (estatura para la edad, desviación típica < -2 de la mediana de los patrones de crecimiento infantil de la Organización Mundial de la Salud (OMS)) entre las y los niños menores de 5 años",La CA de Euskadi no elabora estadísticas oficiales continuas con la metodología del indicador,,,complete,no,no,si,line,no,,no,no,no,[],,no,,no,,,,,,,
2-2-2,,,,2-2-2,"Prevalencia de la malnutrición (peso para la estatura, desviación típica > +2 o < -2 de la mediana de los patrones de crecimiento infantil de la OMS) entre las y los niños menores de 5 años, desglosada por tipo (emaciación y sobrepeso)","Proporción de menores entre 2 y 17 años con obesidad, sobrepeso o peso insuficiente",,,complete,no,no,no,bar,no,,si,no,no,2013,Quinquenal,si,descenso,si,,,,,,,
2-2-3,,,,2-2-3,"Prevalencia de la anemia en las mujeres de entre 15 y 49 años, desglosada por embarazo (porcentaje)",La CA de Euskadi no elabora estadísticas oficiales continuas con la metodología del indicador,,,notstarted,no,no,no,line,no,,no,no,no,[],,no,,no,,,,,,,
2-2-4,,,,2-2-4,"Prevalencia del umbral mínimo de diversidad alimentaria, por grupo de población (niños de 6 a 23,9 meses y mujeres no embarazadas de 15 a 49 años)",La CA de Euskadi no elabora estadísticas oficiales continuas con la metodología del indicador,,,notstarted,no,no,no,line,no,,no,no,no,[],,no,,no,,,,,,,
2-2-E1,,,,2-2-E1,,Tasa de obesidad de la población adulta según el índice de masa corporal (IMC) (Indicador UE sdg_02_10),,,complete,no,no,no,bar,no,,si,no,no,2011,Irregular / Aperiódica,no,descenso,si,,,,,,,
2-3-1,,,,2-3-1,Volumen de producción por unidad de trabajo desglosado por tamaño y tipo de explotación (agropecuaria/ganadera/forestal),Volumen de producción por unidad de trabajo desglosado por tamaño de explotación,PD_AGR_SSFP,Productividad de los pequeños productores de alimentos,complete,no,no,no,line,no,,no,si,no,2015,Anual,no,ascenso,si,,,,20300,,,
2-3-2,,,,2-3-2,"Media de ingresos de los productores de alimentos en pequeña escala, desglosada por sexo y condición indígena",Media de ingresos de los productores de alimentos en pequeña escala,SI_AGR_SSFP,Ingresos medios de los pequeños productores de alimentos,complete,no,no,no,line,no,,no,si,no,2015,Anual,no,ascenso,si,,,,15360.4,,,
2-4-1,,,,2-4-1,Proporción de la superficie agrícola en que se practica una agricultura productiva y sostenible,Proporción de la superficie agrícola en que se practica una agricultura productiva y sostenible,AG_LND_FOVH,Proporción de superficie agrícola que ha alcanzado un nivel aceptable o deseable de valor de producción agrícola por hectárea,complete,no,no,no,line,no,,no,no,no,2014,Anual,si,ascenso,si,,,,,,,
2-4-E1,,,,2-4-E1,,Superficie dedicada a la agricultura ecológica (Indicador UE sdg_02_40),,,complete,no,no,no,line,si,,no,si,si,2008,Anual,si,ascenso,si,,,,,,,
2-4-E2,,,,2-4-E2,,Emisiones de amoníaco de la agricultura y ganadería (Indicador UE sdg_02_60),EU_SDG_02_60_KG_PER_HA,Emisiones de amoníaco de la agricultura y ganadería por hectárea,complete,no,no,no,line,no,,no,no,no,2010,Anual,si,descenso,si,,,,,,,
2-5-1,,,,2-5-1,Número de: a) recursos genéticos vegetales y b) animales para la alimentación y la agricultura preservados en instalaciones de conservación a medio y largo plazo,La CA de Euskadi no elabora estadísticas oficiales continuas con la metodología del indicador,,,notstarted,no,no,no,line,no,,no,no,no,[],,no,,no,,,,,,,
2-5-2,,,,2-5-2,Proporción de razas y variedades locales consideradas en riesgo de extinción,La CA de Euskadi no elabora estadísticas oficiales continuas con la metodología del indicador,,,notstarted,no,no,no,line,no,,no,no,no,[],,no,,no,,,,,,,
2-a-1,,,,2-a-1,Índice de orientación agrícola para el gasto público,Valor añadido de la agricultura como porcentaje del PIB,,,complete,no,no,no,line,si,,no,si,si,2010,Anual,si,,no,,,,,,,
2-a-2,,,,2-a-2,Total de corrientes oficiales de recursos (asistencia oficial para el desarrollo más otras corrientes oficiales) destinado al sector agrícola,La CA de Euskadi no elabora estadísticas oficiales continuas con la metodología del indicador,,,notstarted,no,no,no,line,no,,no,no,no,[],,no,,no,,,,,,,
2-b-1,,,,2-b-1,Subsidios a la exportación de productos agropecuarios,La CA de Euskadi no elabora estadísticas oficiales continuas con la metodología del indicador,,,notstarted,no,no,no,line,no,,no,no,no,[],,no,,no,,,,,,,
2-c-1,,,,2-c-1,Indicador de anomalías en los precios de los alimentos,Índice de precios de los alimentos,AG_FPA_CFPI,Indicador de anomalías en los precios de los alimentos,complete,no,no,no,bar,no,,no,si,no,2002,Anual,si,,no,,,,,,,
3-1-1,,,,3-1-1,Tasa de mortalidad materna,global_indicators.3-1-1-title,,,complete,no,no,no,line,no,,no,si,no,2010,Anual,si,descenso,si,,,,70,,,
3-1-2,,,,3-1-2,Proporción de partos atendidos por personal sanitario especializado,global_indicators.3-1-2-title,,,complete,no,no,no,line,no,,no,si,no,2010,Anual,si,ascenso,si,,,,99.85,,,
3-2-1,,,,3-2-1,Tasa de mortalidad de niños/as menores de 5 años,global_indicators.3-2-1-title,,,complete,no,no,no,line,no,,si,si,no,2010,Anual,si,descenso,si,,,,25,0,,
3-2-2,,,,3-2-2,Tasa de mortalidad neonatal,global_indicators.3-2-2-title,,,complete,no,no,no,line,no,,si,si,no,2010,Anual,si,descenso,si,,,,12,0,,
3-3-1,,,,3-3-1,"Número de nuevas infecciones por el VIH por cada 1.000 habitantes no infectados/as, desglosado por sexo, edad y poblaciones clave","Número de infecciones por el VIH por cada 1.000 habitantes, desglosado por sexo",SH_HIV_INCD,Número de nuevas infecciones por el VIH por cada 1.000 habitantes ,complete,no,no,no,line,no,,si,no,no,2010,Anual,si,descenso,si,,,,1,,,
3-3-2,,,,3-3-2,Incidencia de la tuberculosis por cada 100.000 habitantes,global_indicators.3-3-2-title,SH_TBS_INCD,Incidencia de la tuberculosis por cada 100.000 habitantes,complete,no,no,no,line,no,,si,no,no,2012,Anual,si,descenso,si,,,,2.4,,,
3-3-3,,,,3-3-3,Incidencia de la malaria por cada 1.000 habitantes,global_indicators.3-3-3-title,SH_STA_MALR,Incidencia de la malaria por cada 1.000 habitantes,complete,no,no,no,line,no,,si,no,no,2010,Anual,si,descenso,si,,,,1,,,
3-3-4,,,,3-3-4,Incidencia de la hepatitis B por cada 100.000 habitantes,global_indicators.3-3-4-title,,,complete,no,no,no,line,no,,si,no,no,2010,Anual,si,descenso,si,,,,0.1,,,
3-3-5,,,,3-3-5,Número de personas que requieren intervenciones contra enfermedades tropicales desatendidas,La CA de Euskadi no elabora estadísticas oficiales continuas con la metodología del indicador,,,notstarted,no,no,no,line,no,,no,no,no,[],,no,,no,,,,,,,
3-4-1,,,,3-4-1,"Tasa de mortalidad atribuida a las enfermedades cardiovasculares, el cáncer, la diabetes o las enfermedades respiratorias crónicas",global_indicators.3-4-1-title,SH_DTH_NCOM,Tasa de mortalidad prematura (entre 30 y 70 años),complete,no,no,no,line,si,,si,si,si,2010,Anual,si,descenso,si,,,,6.4,,,
3-4-1,,,,3-4-1,"Tasa de mortalidad atribuida a las enfermedades cardiovasculares, el cáncer, la diabetes o las enfermedades respiratorias crónicas",global_indicators.3-4-1-title,EU_SH_DTH_NCOM,Tasa de mortalidad por 100.000 habitantes,complete,no,no,no,line,si,,si,si,si,2010,Anual,si,descenso,si,,,,,,,
3-4-2,,,,3-4-2,Tasa de mortalidad por suicidio,global_indicators.3-4-2-title,,,complete,no,no,no,line,no,,si,si,no,2010,Anual,si,,no,,,,,,,
3-4-E1,,,,3-4-E1,,Tasa de participación en los programas de cribado poblacional de cáncer (Indicador Gobierno Vasco),EU_CNCR_CCR,Cáncer colorrectal,complete,no,no,no,line,no,,si,no,no,2012,Anual,no,,no,,,,,,,
3-4-E2,,,,3-4-E2,,Esperanza de vida al nacer (Indicador Gobierno Vasco),EU_LE_Y0,Esperanza de vida al nacer,complete,no,no,no,line,no,,si,si,no,2010,Anual,no,,no,,,,,,,
3-5-1,,,,3-5-1,Cobertura de los tratamientos (farmacológicos y psicosociales y servicios de rehabilitación y postratamiento) de trastornos por abuso de sustancias adictivas,Número de admisiones a tratamiento por abuso o dependencia de alcohol y drogas ilegales por cada 100.000 habitantes,,,complete,no,no,no,line,no,,si,no,no,2010,Anual,si,,no,,,,,,,
3-5-2,,,,3-5-2,Consumo de alcohol per cápita (a partir de los 15 años de edad) durante un año civil en litros de alcohol puro,Consumo anual de alcohol en litros de alcohol puro por persona de 15 y más años,SH_ALC_CONSPT,Consumo de alcohol per cápita (a partir de los 15 años de edad) durante un año civil ,complete,no,no,no,line,no,,no,no,no,2015,Anual,si,,no,,,,,,,
3-6-1,,,,3-6-1,Tasa de mortalidad por lesiones debidas a accidentes de tráfico,global_indicators.3-6-1-title,,,complete,no,no,no,line,no,,si,si,no,2010,Anual,si,descenso,si,,,,1.75,,,
3-7-1,,,,3-7-1,Proporción de mujeres en edad de procrear (entre 15 y 49 años) que cubren sus necesidades de planificación familiar con métodos modernos,Proporción de mujeres en edad de procrear (entre 18 y 49 años) que cubren sus necesidades de planificación familiar con métodos modernos,,,complete,no,no,no,bar,no,,no,no,no,2018,Irregular / Aperiódica,si,,no,,,,,,,
3-7-2,,,,3-7-2,Tasa de fecundidad de las adolescentes (entre 10 y 14 años y entre 15 y 19 años) por cada 1.000 mujeres de ese grupo de edad,global_indicators.3-7-2-title,,,complete,no,no,no,line,no,,no,si,no,2010,Anual,si,,no,,,,,,,
3-8-1,,,,3-8-1,Cobertura de los servicios de salud esenciales,Proporción de personas de 16 y más años con necesidad insatisfecha de atención médica,,,complete,no,no,no,line,no,,si,no,no,2010,Anual,si,,no,,,,,,,
3-8-2,,,,3-8-2,Proporción de la población con grandes gastos sanitarios por hogar como porcentaje del total de gastos o ingresos de los hogares,"Etxeko osasun-gastu handiak dituen biztanleriaren proportzioa, etxeko gastu osoaren ehuneko gisa ",,,complete,no,no,no,line,no,,no,no,no,2010,Anual,si,,no,,,,,,,
3-9-1,,,,3-9-1,Tasa de mortalidad atribuida a la contaminación de los hogares y del aire ambiente,La CA de Euskadi no elabora estadísticas oficiales continuas con la metodología del indicador,,,notstarted,no,no,no,line,no,,no,no,no,[],,no,,no,,,,,,,
3-9-2,,,,3-9-2,"Tasa de mortalidad atribuida al agua insalubre, el saneamiento deficiente y la falta de higiene (exposición a servicios insalubres de agua, saneamiento e higiene para todos (WASH))",La CA de Euskadi no elabora estadísticas oficiales continuas con la metodología del indicador,,,complete,no,no,si,line,no,,no,no,no,[],,no,,no,,,,,,,
3-9-3,,,,3-9-3,Tasa de mortalidad atribuida a intoxicaciones involuntarias,global_indicators.3-9-3-title,,,complete,no,no,no,line,no,,si,si,no,2010,Anual,si,,no,,,,,,,
3-a-1,,,,3-a-1,Prevalencia del consumo actual de tabaco a partir de los 15 años de edad (edades ajustadas),Proporción de personas de 15 y más años que fuman a diario,,,complete,no,no,no,bar,no,,si,si,no,2008,Quinquenal,si,descenso,si,,,,,0,,
3-b-1,,,,3-b-1,Proporción de la población inmunizada con todas las vacunas incluidas en cada programa nacional,global_indicators.3-b-1-title,,,complete,no,no,no,line,no,,no,no,no,2017,Anual,si,,no,,,,,,,
3-b-2,,,,3-b-2,Total neto de asistencia oficial para el desarrollo destinado a los sectores de la investigación médica y la atención sanitaria básica,La CA de Euskadi no elabora estadísticas oficiales continuas con la metodología del indicador,,,notstarted,no,no,no,line,no,,no,no,no,[],,no,,no,,,,,,,
3-b-3,,,,3-b-3,Índice de acceso a los productos sanitarios,La CA de Euskadi no elabora estadísticas oficiales continuas con la metodología del indicador,,,notstarted,no,no,no,line,no,,no,no,no,[],,no,,no,,,,,,,
3-c-1,,,,3-c-1,Densidad y distribución del personal sanitario,global_indicators.3-c-1-title,,,complete,no,no,no,line,no,,si,si,no,2010,Anual,si,,no,,,,,,,
3-d-1,,,,3-d-1,Capacidad prevista en el Reglamento Sanitario Internacional (RSI) y preparación para emergencias de salud,La CA de Euskadi no elabora estadísticas oficiales continuas con la metodología del indicador,,,notstarted,no,no,no,line,no,,no,no,no,[],,no,,no,,,,,,,
3-d-2,,,,3-d-2,Porcentaje de infecciones del torrente sanguíneo debidas a determinados organismos resistentes a los antimicrobianos ,La CA de Euskadi no elabora estadísticas oficiales continuas con la metodología del indicador,,,notstarted,no,no,no,line,no,,no,no,no,[],,no,,no,,,,,,,
4-1-1,,,,4-1-1,"Proporción de niños/as y adolescentes que, a) en los grados 2 o 3, b) al final de la educación primaria y c) al final de la educación secundaria inferior, han alcanzado al menos un nivel mínimo de competencia en i) lectura y ii) matemáticas, desglosada por sexo",Proporción de personas de 15 años que han alcanzado al menos el nivel 2 de competencia en lectura y matemáticas,,,complete,no,no,no,line,no,,si,no,no,2012,Trienal,si,,no,,,,,,,
4-1-2,,,,4-1-2,"Tasa de finalización (educación primaria, educación secundaria inferior y educación secundaria superior)",Tasa de finalización (educación secundaria inferior y educación secundaria superior),SE_TOT_CPLR,Tasa de finalización (educación secundaria inferior y educación secundaria superior),complete,no,no,no,line,no,,no,no,no,2015,Anual,si,,no,,,,,,,
4-1-E1,,,,4-1-E1,,Tasa de abandono escolar prematuro de la población de 18-24 años (Indicador UE sdg_04_10),,,complete,no,no,no,line,no,,si,no,no,2021,Anual,si,descenso,si,,,,9,,,
4-2-1,,,,4-2-1,"Proporción de niños/as de 24 a 59 meses cuyo desarrollo es adecuado en cuanto a la salud, el aprendizaje y el bienestar psicosocial, desglosada por sexo ",La CA de Euskadi no elabora estadísticas oficiales continuas con la metodología del indicador,,,notstarted,no,no,no,line,no,,no,no,no,[],,no,,no,,,,,,,
4-2-2,,,,4-2-2,"Tasa de participación en el aprendizaje organizado (un año antes de la edad oficial de ingreso en la educación primaria), desglosada por sexo",Tasa neta de escolarización a los 5 años,,,complete,no,no,no,line,si,,si,si,si,2010,Anual,si,,no,,,,,,,
4-3-1,,,,4-3-1,"Tasa de participación de personas jóvenes y adultas en la educación y formación académica y no académica en los últimos 12 meses, desglosada por sexo","Tasa de participación de personas jóvenes y adultas en la educación y formación académica y no académica, desglosada por sexo",AES_EDUCTRN,Tasa de participación en actividades educativas en los últimos 12 meses,complete,no,no,no,line,no,,si,si,no,2010,Anual,si,,no,,,,,,,
4-4-1,,,,4-4-1,"Proporción de personas jóvenes y adultas con competencias en tecnología de la información y las comunicaciones (TIC), desglosada por tipo de competencia",global_indicators.4-4-1-title,,,complete,no,no,no,line,no,,si,si,no,2019,Anual,si,,no,,,,,,,
4-5-1,,,,4-5-1,"Índices de paridad (entre mujeres y hombres, zonas rurales y urbanas, quintiles de riqueza superior e inferior y grupos como las y los discapacitados, los pueblos indígenas y las y los afectados por los conflictos, a medida que se disponga de datos) para todos los indicadores de educación de esta lista que puedan desglosarse","Índices de paridad (entre mujeres y hombres, quintiles de riqueza superior e inferior, municipios de más y menos de 10.000 habitantes y personas con y sin limitaciones por problemas de salud) en la realización de actividades educativas (formales o no formales) en los últimos 12 meses o 4 semanas",EU_GPI_TRN,Índice de paridad de género en la realización de actividades educativas,complete,no,si,no,line,no,,no,si,no,2010,Anual,si,descenso,si,,,,1,,,
4-5-1,,,,4-5-1,"Índices de paridad (entre mujeres y hombres, zonas rurales y urbanas, quintiles de riqueza superior e inferior y grupos como las y los discapacitados, los pueblos indígenas y las y los afectados por los conflictos, a medida que se disponga de datos) para todos los indicadores de educación de esta lista que puedan desglosarse","Índices de paridad (entre mujeres y hombres, quintiles de riqueza superior e inferior, municipios de más y menos de 10.000 habitantes y personas con y sin limitaciones por problemas de salud) en la realización de actividades educativas (formales o no formales) en los últimos 12 meses o 4 semanas",EU_SESPI,Índice de paridad en ingresos en la realización de actividades educativas (quintiles superior e inferior),complete,no,si,no,line,no,,no,si,no,2010,Anual,si,descenso,si,,,,1,,,
4-6-1,,,,4-6-1,"Proporción de la población en un grupo de edad determinado que ha alcanzado al menos un nivel fijo de competencia funcional en a) alfabetización y b) aritmética, desglosada por sexo",Proporción de personas entre 16 y 65 años que han alcanzado al menos el nivel 2 de competencia en la escala de comprensión lectora y en matemáticas,,,complete,no,no,no,line,no,,si,no,no,2012,Decenal,si,ascenso,si,,,,,100,,
4-7-1,,,,4-7-1,"Grado en que i) la educación para la ciudadanía mundial y ii) la educación para el desarrollo sostenible se incorporan en a) las políticas nacionales de educación, b) los planes de estudio, c) la formación de docentes y d) la evaluación de los estudiantes",La CA de Euskadi no elabora estadísticas oficiales continuas con la metodología del indicador,,,notstarted,no,no,no,line,no,,no,no,no,[],,no,,no,,,,,,,
4-a-1,,,,4-a-1,"Proporción de escuelas que ofrecen servicios básicos, desglosada por tipo de servicio",global_indicators.4-a-1-title,,,complete,no,no,no,line,no,,no,no,no,2010,Anual,si,,no,,,,,,,
4-b-1,,,,4-b-1,Volumen de la asistencia oficial para el desarrollo destinada a becas,La CA de Euskadi no elabora estadísticas oficiales continuas con la metodología del indicador,,,notstarted,no,no,no,line,no,,no,no,no,[],,no,,no,,,,,,,
4-c-1,,,,4-c-1,"Proporción de docentes con las calificaciones mínimas requeridas, desglosada por nivel educativo",global_indicators.4-c-1-title,SE_TRA_GRDL,"Proporción de docentes con las calificaciones mínimas requeridas, desglosada por nivel educativo",complete,no,no,no,line,no,,no,no,no,2010,Anual,si,,no,,,,,,,
5-1-1,,,,5-1-1,"Determinar si existen o no marcos jurídicos para promover, hacer cumplir y supervisar la igualdad y la no discriminación por razón de sexo","Existencia de marcos jurídicos para promover, reforzar y supervisar la igualdad de género",SG_LGL_GENEQLFP,Area 1: marco legal global y vida pública,complete,no,no,no,line,no,,no,no,no,2015,Bienal,si,,no,,,,,,,
5-1-1,,,,5-1-1,"Determinar si existen o no marcos jurídicos para promover, hacer cumplir y supervisar la igualdad y la no discriminación por razón de sexo","Existencia de marcos jurídicos para promover, reforzar y supervisar la igualdad de género",SG_LGL_GENEQVAW,Area 2: violencia contra la mujer,complete,no,no,no,line,no,,no,no,no,2015,Bienal,si,,no,,,,,,,
5-2-1,,,,5-2-1,"Proporción de mujeres y niñas a partir de 15 años de edad que han sufrido violencia física, sexual o psicológica a manos de su actual o anterior pareja en los últimos 12 meses, desglosada por forma de violencia y edad",Tasa de victimizaciones contra las mujeres a manos de su actual o anterior pareja ,,,complete,no,no,no,line,si,,no,si,si,2019,Anual,no,,no,,,,,,,
5-2-2,,,,5-2-2,"Proporción de mujeres y niñas a partir de 15 años de edad que han sufrido violencia sexual a manos de personas que no eran su pareja en los últimos12 meses, desglosada por edad y lugar del hecho",Tasa de victimizaciones contra las mujeres por violencia sexual fuera del ámbito familiar,,,complete,no,no,no,line,si,,no,si,si,2019,Anual,no,,no,,,,,,,
5-3-1,,,,5-3-1,Proporción de mujeres de entre 20 y 24 años que estaban casadas o mantenían una unión estable antes de cumplir los 15 años y antes de cumplir los 18 años,Proporción de mujeres de 16 y 17 años que han contraído matrimonio con un hombre,,,complete,no,no,no,line,no,,no,si,no,2010,Anual,no,,no,,,,,,,
5-3-2,,,,5-3-2,"Proporción de niñas y mujeres de entre 15 y 49 años que han sufrido mutilación genital femenina, desglosada por edad",La CA de Euskadi no elabora estadísticas oficiales continuas con la metodología del indicador,,,notstarted,no,no,no,line,no,,no,no,no,[],,no,,no,,,,,,,
5-4-1,,,,5-4-1,"Proporción de tiempo dedicado al trabajo doméstico y asistencial no remunerado, desglosada por sexo, edad y ubicación",Tiempo dedicado al hogar y familia en un día promedio,,,complete,no,si,no,line,no,,si,si,no,2013,Quinquenal,no,descenso,si,,,,1,,,
5-5-1,,,,5-5-1,Proporción de escaños ocupados por mujeres en a) los parlamentos nacionales y b) los gobiernos locales,"Proporción de cargos ocupados por mujeres en instituciones legislativas y gubernamentales autonómicas, forales y locales",GEN_PARL,Proporción de escaños ocupados por mujeres en el Parlamento Vasco,complete,no,no,no,line,no,,no,si,no,2010,Anual,no,ascenso,si,,,,,50,,
5-5-2,,,,5-5-2,Proporción de mujeres en cargos directivos,global_indicators.5-5-2-title,,,complete,no,no,no,line,no,,no,si,no,2010,Anual,no,,no,,,,,,,
5-6-1,,,,5-6-1,"Proporción de mujeres de entre 15 y 49 años que toman sus propias decisiones informadas sobre las relaciones sexuales, el uso de anticonceptivos y la atención de la salud reproductiva",La CA de Euskadi no elabora estadísticas oficiales continuas con la metodología del indicador,,,notstarted,no,no,no,line,no,,no,no,no,[],,no,,no,,,,,,,
5-6-2,,,,5-6-2,Número de países con leyes y reglamentos que garantizan a los hombres y las mujeres a partir de los 15 años de edad un acceso pleno e igualitario a los servicios de salud sexual y reproductiva y a la información y educación al respecto,La CA de Euskadi no elabora estadísticas oficiales continuas con la metodología del indicador,,,notstarted,no,no,no,line,no,,no,no,no,[],,no,,no,,,,,,,
5-a-1,,,,5-a-1,"a) Proporción del total de la población agrícola con derechos de propiedad o derechos seguros sobre tierras agrícolas, desglosada por sexo; y b) proporción de mujeres entre los propietarios o los titulares de derechos sobre tierras agrícolas, desglosada por tipo de tenencia",global_indicators.5-a-1-title,SP_GNP_WNOWNS,"Proporción de mujeres entre los propietarios o los titulares de derechos sobre tierras agrícolas, desglosada por tipo de tenencia",complete,no,no,no,line,no,,si,si,no,2009,Irregular / Aperiódica,no,,no,,,,,,,
5-a-1,,,,5-a-1,"a) Proporción del total de la población agrícola con derechos de propiedad o derechos seguros sobre tierras agrícolas, desglosada por sexo; y b) proporción de mujeres entre los propietarios o los titulares de derechos sobre tierras agrícolas, desglosada por tipo de tenencia",global_indicators.5-a-1-title,SP_LGL_LNDAGSEC,Proporción del total de la población agrícola con derechos de propiedad o derechos seguros sobre tierras agrícolas,complete,no,no,no,line,no,,si,si,no,2009,Irregular / Aperiódica,no,,no,,,,,,,
5-a-2,,,,5-a-2,Proporción de países cuyo ordenamiento jurídico (incluido el derecho consuetudinario) garantiza la igualdad de derechos de la mujer a la propiedad o el control de las tierras,Grado en que el marco jurídico garantiza la igualdad de derechos de la mujer a la propiedad o el control de tierras,,,complete,no,no,no,line,no,,no,no,no,2015,Anual,no,,no,,,,,,,
5-b-1,,,,5-b-1,"Proporción de personas que poseen un teléfono móvil, desglosada por sexo",Proporción de personas entre 16 y 74 años que han usado el móvil en los últimos tres meses,,,complete,no,no,no,line,no,,si,si,no,2008,Anual,no,,no,,,,,,,
5-c-1,,,,5-c-1,Proporción de países con sistemas para el seguimiento de la igualdad de género y el empoderamiento de las mujeres y la asignación de fondos públicos para ese fin,La CA de Euskadi no elabora estadísticas oficiales continuas con la metodología del indicador,,,notstarted,no,no,no,line,no,,no,no,no,[],,no,,no,,,,,,,
6-1-1,,,,6-1-1,Proporción de la población que utiliza servicios de suministro de agua potable gestionados sin riesgos,global_indicators.6-1-1-title,SH_H2O_SAFE,Población que utiliza servicios de suministro de agua potable gestionados sin riesgos,complete,no,no,no,line,no,indicator.relacionados,no,no,no,2016,Anual,no,,no,,,,,,,
6-2-1,,,,6-2-1,Proporción de la población que utiliza: a) servicios de saneamiento gestionados sin riesgos y b) instalaciones para el lavado de manos con agua y jabón,Proporción de viviendas principales con acceso a servicios básicos (abastecimiento de agua corriente y baño),SP_ACS_BSRVH2O,Proporción de viviendas con agua corriente,complete,no,no,no,line,si,,no,si,si,2010,Anual,si,,no,,,,,,,
6-2-1,,,,6-2-1,Proporción de la población que utiliza: a) servicios de saneamiento gestionados sin riesgos y b) instalaciones para el lavado de manos con agua y jabón,Proporción de viviendas principales con acceso a servicios básicos (abastecimiento de agua corriente y baño),SP_ACS_BSRVSAN,Proporción de viviendas con baño,complete,no,no,no,line,si,,no,si,si,2010,Anual,si,,no,,,,,,,
6-3-1,,,,6-3-1,Proporción de los flujos de aguas residuales domésticas e industriales tratados de manera adecuada,"Proporción de los flujos de aguas residuales conectadas a un sistema de colectores, y tratados de manera adecuada",EN_WWT_WWDS,Proporción de flujos de aguas residuales domésticas tratadas de manera adecuada,complete,no,no,no,line,no,,no,no,no,2012,Anual,si,,no,,,,,,,
6-3-2,,,,6-3-2,Proporción de masas de agua de buena calidad,Proporción de masas de agua de buena calidad,EN_H2O_WBAMBQ,Proporción de masas de agua de buena calidad,complete,no,no,no,line,no,,no,no,no,2015,Anual,no,,no,,,,,,,
6-4-1,,,,6-4-1,Cambio en el uso eficiente de los recursos hídricos con el paso del tiempo,La CA de Euskadi no elabora estadísticas oficiales continuas con la metodología del indicador,,,notstarted,no,no,no,line,no,,no,no,no,[],,no,,no,,,,,,,
6-4-2,,,,6-4-2,Nivel de estrés hídrico: extracción de agua dulce en proporción a los recursos de agua dulce disponibles,Consumo de agua (volumen de agua extraída),,,complete,no,no,no,line,no,,no,si,no,2013,Anual,no,,no,,,,,,,
6-5-1,,,,6-5-1,Grado de gestión integrada de los recursos hídricos,La CA de Euskadi no elabora estadísticas oficiales continuas con la metodología del indicador,,,notstarted,no,no,no,line,no,,no,no,no,[],,no,,no,,,,,,,
6-5-2,,,,6-5-2,Proporción de la superficie de cuencas transfronterizas sujetas a arreglos operacionales para la cooperación en materia de aguas,Proporción de la superficie de cuencas transfronterizas sujetas a arreglos operacionales para la cooperación en materia de aguas,,,complete,no,no,no,line,no,,no,no,no,2010,Anual,no,,no,,,,,,,
6-6-1,,,,6-6-1,Cambio en la extensión de los ecosistemas relacionados con el agua con el paso del tiempo,La CA de Euskadi no elabora estadísticas oficiales continuas con la metodología del indicador,,,notstarted,no,no,no,line,no,,no,no,no,[],,no,,no,,,,,,,
6-a-1,,,,6-a-1,Volumen de la asistencia oficial para el desarrollo destinada al agua y el saneamiento que forma parte de un plan de gastos coordinados por el gobierno,La CA de Euskadi no elabora estadísticas oficiales continuas con la metodología del indicador,,,notstarted,no,no,no,line,no,,no,no,no,[],,no,,no,,,,,,,
6-b-1,,,,6-b-1,Proporción de dependencias administrativas locales que han establecido políticas y procedimientos operacionales para la participación de las comunidades locales en la gestión del agua y el saneamiento,global_indicators.6-b-1-title,EU_SAN_PARTIC,Proporción de dependencias administrativas locales que han establecido políticas y procedimientos operacionales para la participación de las comunidades locales en la gestión de aguas de consumo,complete,no,no,no,line,no,,no,no,no,2010,Anual,si,,no,,,,,,,
7-1-1,,,,7-1-1,Proporción de la población que tiene acceso a la electricidad,global_indicators.7-1-1-title,,,complete,no,no,no,line,no,,no,no,no,2012,Bienal,no,ascenso,si,,,,99.9,,,
7-1-2,,,,7-1-2,Proporción de la población cuya fuente primaria de energía son los combustibles y tecnologías limpios,global_indicators.7-1-2-title,,,complete,no,no,no,line,no,,no,no,no,2010,Anual,no,ascenso,si,,,,99.9,,,
7-2-1,,,,7-2-1,Proporción de energía renovable en el consumo final total de energía,global_indicators.7-2-1-title,,,complete,no,no,no,line,no,,no,no,no,2010,Anual,si,ascenso,si,,,,,100,,
7-3-1,,,,7-3-1,Intensidad energética medida en función de la energía primaria y el PIB,global_indicators.7-3-1-title,,,complete,no,no,no,line,no,,no,no,no,2007,Anual,no,,no,,,,,,,
7-a-1,,,,7-a-1,"Corrientes financieras internacionales hacia los países en desarrollo para apoyar la investigación y el desarrollo de energías limpias y la producción de energía renovable, incluidos los sistemas híbridos",La CA de Euskadi no elabora estadísticas oficiales continuas con la metodología del indicador,,,notstarted,no,no,no,line,no,,no,no,no,[],,no,,no,,,,,,,
7-b-1,,,,7-b-1,Capacidad instalada de generación de energía renovable en los países en desarrollo y en los países desarrollados (en vatios per cápita),Capacidad instalada de generación de energía renovable (en vatios per cápita),,,complete,no,no,no,line,si,,no,si,si,2010,Anual,si,,no,,,,,,,
8-1-1,,,,8-1-1,Tasa de crecimiento anual del PIB real per cápita,global_indicators.8-1-1-title,,,complete,no,no,no,line,no,,no,si,no,2010,Anual,si,,no,,,,,,,
8-2-1,,,,8-2-1,Tasa de crecimiento anual del PIB real por persona empleada,global_indicators.8-2-1-title,,,complete,no,no,no,line,no,,no,si,no,2010,Anual,si,,no,,,,,,,
8-3-1,,,,8-3-1,"Proporción de empleo informal con respecto al empleo total, desglosada por sector y sexo",La CA de Euskadi no elabora estadísticas oficiales continuas con la metodología del indicador,,,notstarted,no,no,no,line,no,,no,no,no,[],,no,,no,,,,,,,
8-4-1,,,,8-4-1,"Huella material en términos absolutos, huella material per cápita y huella material por PIB",La CA de Euskadi no elabora estadísticas oficiales continuas con la metodología del indicador,,,notstarted,no,no,no,line,no,,no,no,no,[],,no,,no,,,,,,,
8-4-2,,,,8-4-2,"Consumo material interno en términos absolutos, consumo material interno per cápita y consumo material interno por PIB",global_indicators.8-4-2-title,EN_MAT_DOMCMPT,Consumo doméstico de materiales en términos absolutos,complete,no,no,no,line,no,,no,no,no,2010,Anual,no,,no,,,,,,,
8-5-1,,,,8-5-1,"Ingreso medio por hora de las personas empleadas, desglosado por sexo, edad, ocupación y personas con discapacidad","Ingreso medio por hora de personas empleadas, desglosado por sexo y por personas con o sin discapacidad",SL_EMP_EARN,Ingreso medio por hora,complete,no,no,no,line,no,,si,no,no,2010,Anual,si,,no,,,,,,,
8-5-2,,,,8-5-2,"Tasa de desempleo, desglosada por sexo, edad y personas con discapacidad",global_indicators.8-5-2-title,,,complete,no,no,no,line,si,,si,si,si,2010,Anual,si,descenso,si,,,,,,,
8-5-E1,,,,8-5-E1,,Tasa de ocupación de la población (Indicador UE sdg_08_30),EU_EMP_LFS,Tasa de ocupación,complete,no,no,no,line,si,,si,si,si,2010,Anual,no,,no,,,,,,,
8-6-1,,,,8-6-1,"Proporción de jóvenes (entre 15 y 24 años) que no cursan estudios, no están empleados/as ni reciben capacitación",global_indicators.8-6-1-title,,,complete,no,no,no,line,no,,si,si,no,2010,Anual,si,,no,,,,,,,
8-7-1,,,,8-7-1,"Proporción y número de niños/as de entre 5 y 17 años que realizan trabajo infantil, desglosados por sexo y edad",La CA de Euskadi no elabora estadísticas oficiales continuas con la metodología del indicador,,,complete,no,no,si,line,no,,no,no,no,[],,no,,no,,,,,,,
8-8-1,,,,8-8-1,"Lesiones ocupacionales mortales y no mortales por cada 100.000 trabajadores, desglosadas por sexo y estatus migratorio","Índice de incidencia de accidentes con baja en jornada/in itinere, según gravedad",SL_EMP_FTLINJUR, Lesiones ocupacionales mortales ,complete,no,no,no,line,no,,si,si,no,2013,Anual,si,,no,,,,,,,
8-8-2,,,,8-8-2,"Nivel de cumplimiento nacional de los derechos laborales (libertad de asociación y negociación colectiva) con arreglo a las fuentes textuales de la Organización Internacional del Trabajo (OIT) y la legislación interna, desglosado por sexo y estatus migratorio",La CA de Euskadi no elabora estadísticas oficiales continuas con la metodología del indicador,,,notstarted,no,no,no,line,no,,no,no,no,[],,no,,no,,,,,,,
8-9-1,,,,8-9-1,PIB generado directamente por el turismo en proporción al PIB total y a la tasa de crecimiento,PIB generado directamente por el turismo en proporción al PIB total y tasa de crecimiento,ST_GDP_ZS,PIB generado por el turismo en proporción al PIB total,complete,no,no,no,line,no,indicator.relacionados,no,si,no,2010,Anual,no,,no,,,,,,,
8-9-2,,,,8-9-2,Personas empleadas en el sector del turismo,global_indicators.8-9-2-title,,,notstarted,no,no,no,line,no,,no,no,no,[],Anual,si,,no,,,,,,,
8-10-1,,,,8-10-1,a) Número de sucursales de bancos comerciales por cada 100.000 personas adultas y b) número de cajeros automáticos por cada 100.000 adultos,global_indicators.8-10-1-title,FB_CBK_BRCH,Sucursales de bancos comerciales por cada 100.000 habitantes de 15 y más años,complete,no,no,no,line,no,,no,si,no,2010,Anual,si,,no,,,,,,,
8-10-2,,,,8-10-2,Proporción de adultos/as (a partir de 15 años de edad) que tienen una cuenta en un banco u otra institución financiera o un proveedor de servicios de dinero móvil,Proporción de personas entre 18 y 79 años que tienen una cuenta corriente,,,complete,no,no,no,line,no,,si,no,no,2016,Quinquenal,si,,no,,,,,,,
8-a-1,,,,8-a-1,Compromisos y desembolsos en relación con la iniciativa Ayuda para el Comercio,La CA de Euskadi no elabora estadísticas oficiales continuas con la metodología del indicador,,,notstarted,no,no,no,line,no,,no,no,no,[],,no,,no,,,,,,,
8-b-1,,,,8-b-1,"Existencia de una estrategia nacional organizada y en marcha para el empleo de las personas jóvenes, como estrategia independiente o como parte de una estrategia nacional de empleo",Gasto de las administraciones públicas autonómicas en fomento del empleo,EU_EXP_EMP,Gasto de las administraciones públicas autonómicas en fomento del empleo,complete,no,no,no,line,no,,no,no,no,2010,Anual,si,,no,,,,,,,
9-1-1,,,,9-1-1,Proporción de la población rural que vive a menos de 2 km de una carretera transitable todo el año,global_indicators.9-1-1-title,,,complete,no,no,no,bar,no,,no,si,no,2024,Anual,no,,no,,,,,,,
9-1-2,,,,9-1-2,"Volumen de transporte de pasajeros y carga, desglosado por medio de transporte",Pasajeros y mercancías transportadas por vía aérea,EU_RDP_PAS,Pasajeros transportados por vía aérea,complete,no,no,no,line,no,,no,si,no,2010,Anual,si,,no,,,,,,,
9-2-1,,,,9-2-1,Valor añadido del sector manufacturero en proporción al PIB y per cápita,global_indicators.9-2-1-title,NV_IND_MANF,Valor añadido del sector manufacturero en proporción al PIB,complete,no,no,no,line,no,,no,si,no,2010,Anual,si,,no,,,,,,,
9-2-2,,,,9-2-2,Empleo del sector manufacturero en proporción al empleo total,global_indicators.9-2-2-title,,,complete,no,no,no,line,no,,si,si,no,2010,Anual,si,,no,,,,,,,
9-3-1,,,,9-3-1,Proporción del valor añadido total del sector industrial correspondiente a las pequeñas industrias,global_indicators.9-3-1-title,,,complete,no,no,no,line,no,,no,si,no,2010,Anual,si,,no,,,,,,,
9-3-2,,,,9-3-2,Proporción de las pequeñas industrias que han obtenido un préstamo o una línea de crédito,La CA de Euskadi no elabora estadísticas oficiales continuas con la metodología del indicador,,,notstarted,no,no,no,line,no,,no,no,no,[],,no,,no,,,,,,,
9-4-1,,,,9-4-1,Emisiones de CO2 por unidad de valor añadido,global_indicators.9-4-1-title,EN_ATM_CO2,Emisiones de CO2,complete,no,no,no,line,no,indicator.relacionados,no,no,no,2010,Anual,si,,no,,,,,,,
9-4-E1,,,,9-4-E1,,Intensidad de las emisiones atmosféricas de la industria manufacturera (Indicador UE sdg_09_70),,,complete,no,no,no,line,no,,no,no,no,2010,Anual,si,,no,,,,,,,
9-5-1,,,,9-5-1,Gastos en investigación y desarrollo en proporción al PIB,global_indicators.9-5-1-title,GB_XPD_RSDV,Gastos en investigación y desarrollo en proporción al PIB,complete,no,no,no,line,no,,no,si,no,2010,Anual,si,,no,,,,,,,
9-5-2,,,,9-5-2,Número de personas investigadoras (en equivalente a tiempo completo) por cada millón de habitantes,global_indicators.9-5-2-title,,,complete,no,no,no,line,no,,si,si,no,2010,Anual,si,,no,,,,,,,
9-a-1,,,,9-a-1,Total de apoyo internacional oficial (asistencia oficial para el desarrollo más otras corrientes oficiales de recursos) destinado a la infraestructura,La CA de Euskadi no elabora estadísticas oficiales continuas con la metodología del indicador,,,notstarted,no,no,no,line,no,,no,no,no,[],,no,,no,,,,,,,
9-b-1,,,,9-b-1,Proporción del valor añadido por la industria de tecnología mediana y alta en el valor añadido total,global_indicators.9-b-1-title,,,complete,no,no,no,line,no,,no,no,no,2010,Anual,si,,no,,,,,,,
9-c-1,,,,9-c-1,"Proporción de la población con cobertura de red móvil, desglosada por tecnología",global_indicators.9-c-1-title,IT_MOB_3GNTWK,"Proporción de hogares cubiertos con redes móviles 3,5G",complete,no,no,no,line,no,,no,si,no,2012,Anual,si,ascenso,si,,,,,100,,
10-1-1,,,,10-1-1,Tasas de crecimiento per cápita de los gastos o ingresos de los hogares del 40% más pobre de la población y la población total,global_indicators.10-1-1-title,UE_HEI_HE,Tasa de crecimiento del gasto familiar per cápita,complete,no,no,no,line,no,,no,si,no,2008,Anual,si,,no,,,,,,,
10-1-1,,,,10-1-1,Tasas de crecimiento per cápita de los gastos o ingresos de los hogares del 40% más pobre de la población y la población total,global_indicators.10-1-1-title,UE_HEI_HI,Tasa de crecimiento del ingreso familiar per cápita,complete,no,no,no,line,no,,no,si,no,2008,Anual,si,,no,,,,,,,
10-2-1,,,,10-2-1,"Proporción de personas que viven por debajo del 50% de la mediana de los ingresos, desglosada por sexo, edad y personas con discapacidad",Proporción de personas que viven por debajo del 50% de la mediana de los ingresos,,,complete,no,no,no,line,no,indicator.relacionados,no,no,no,2008,Anual,si,,no,,,,,,,
10-3-1,,,,10-3-1,Proporción de la población que declara haberse sentido personalmente discriminada o acosada en los últimos 12 meses por motivos de discriminación prohibidos por el derecho internacional de los derechos humanos,"Prevalencia (%) de personas que se sienten discriminadas (por su edad, sexo, lugar de nacimiento, ...) por sexo",,,complete,no,no,no,bar,no,,si,si,no,2013,Quinquenal,no,,no,,,,,,,
10-4-1,,,,10-4-1,Proporción del PIB generada por el trabajo,global_indicators.10-4-1-title,,,complete,no,no,no,line,no,,no,si,no,2010,Anual,si,,no,,,,,,,
10-4-2,,,,10-4-2,Impacto redistributivo de la política fiscal en el índice de Gini,Índice de Gini del ingreso disponible equivalente (postfiscal),POSTFIS_DIS_INC,Índice de Gini del ingreso disponible equivalente (postfiscal),complete,no,no,no,line,no,,no,no,no,2012,Bienal,no,,no,,,,,,,
10-5-1,,,,10-5-1,Indicadores de solidez financiera,La CA de Euskadi no elabora estadísticas oficiales continuas con la metodología del indicador,,,notstarted,no,no,no,line,no,,no,no,no,[],,no,,no,,,,,,,
10-6-1,,,,10-6-1,Proporción de miembros y derechos de voto de los países en desarrollo en organizaciones internacionales,La CA de Euskadi no elabora estadísticas oficiales continuas con la metodología del indicador,,,notapplicable,no,no,no,line,no,,no,no,no,[],,no,,no,,,,,,,
10-7-1,,,,10-7-1,Costo de la contratación sufragado por el empleado/a en proporción a los ingresos mensuales percibidos en el país de destino,La CA de Euskadi no elabora estadísticas oficiales continuas con la metodología del indicador,,,notstarted,no,no,no,line,no,,no,no,no,[],,no,,no,,,,,,,
10-7-2,,,,10-7-2,"Proporción de países que han aplicado políticas migratorias bien gestionadas que facilitan la migración y la movilidad ordenadas, seguras, regulares y responsables de las personas",La CA de Euskadi no elabora estadísticas oficiales continuas con la metodología del indicador,,,notstarted,no,no,no,line,no,,no,no,no,[],,no,,no,,,,,,,
10-7-3,,,,10-7-3,Número de personas muertas o desaparecidas en el proceso de migración hacia un destino internacional,La CA de Euskadi no elabora estadísticas oficiales continuas con la metodología del indicador,,,notstarted,no,no,no,line,no,,no,no,no,[],,no,,no,,,,,,,
10-7-4,,,,10-7-4,"Proporción de la población integrada por refugiados/as, desglosada por país de origen",Número de personas refugiadas o bajo protección internacional por cada 100.000 habitantes,,,complete,no,no,no,line,no,,no,no,no,2015,Anual,si,,no,,,,,,,
10-a-1,,,,10-a-1,Proporción de líneas arancelarias que se aplican a las importaciones de los países menos adelantados y los países en desarrollo con arancel cero,La CA de Euskadi no elabora estadísticas oficiales continuas con la metodología del indicador,,,notstarted,no,no,no,line,no,,no,no,no,[],,no,,no,,,,,,,
10-b-1,,,,10-b-1,"Corrientes totales de recursos para el desarrollo (por ejemplo, asistencia oficial para el desarrollo, inversión extranjera directa y otras corrientes)",La CA de Euskadi no elabora estadísticas oficiales continuas con la metodología del indicador,,,notstarted,no,no,no,line,no,,no,no,no,[],,no,,no,,,,,,,
10-c-1,,,,10-c-1,Costo de las remesas en proporción a las sumas remitidas,La CA de Euskadi no elabora estadísticas oficiales continuas con la metodología del indicador,,,notstarted,no,no,no,line,no,,no,no,no,[],,no,,no,,,,,,,
11-1-1,,,,11-1-1,"Proporción de la población urbana que vive en barrios marginales, asentamientos informales o viviendas inadecuadas",Proporción de personas que viven en hogares con determinadas deficiencias en la vivienda,EU_INDQTHSNG_HUMID,Proporción de personas que vive en una vivienda con problemas de humedad,complete,no,no,no,line,no,,no,no,no,2008,Bienal,si,,no,,,,,,,
11-2-1,,,,11-2-1,"Proporción de la población que tiene fácil acceso al transporte público, desglosada por sexo, edad y personas con discapacidad",La CA de Euskadi no elabora estadísticas oficiales continuas con la metodología del indicador,,,notstarted,no,no,no,line,no,,no,no,no,[],,no,,no,,,,,,,
11-3-1,,,,11-3-1,Relación entre la tasa de consumo de tierras y la tasa de crecimiento de la población,La CA de Euskadi no elabora estadísticas oficiales continuas con la metodología del indicador,,,notstarted,no,no,no,line,no,,no,no,no,[],,no,,no,,,,,,,
11-3-2,,,,11-3-2,Proporción de ciudades que cuentan con una estructura de participación directa de la sociedad civil en la planificación y la gestión urbanas y funcionan con regularidad y democráticamente,global_indicators.11-3-2-title,,,complete,no,no,no,line,no,,no,no,no,2015,Anual,si,,no,,,,,,,
11-4-1,,,,11-4-1,"Total de gastos per cápita destinados a la preservación, protección y conservación de todo el patrimonio cultural y natural, desglosado por fuente de financiación (pública y privada), tipo de patrimonio (cultural y natural) y nivel de gobierno (nacional, regional y local/municipal)","Gasto per cápita de las administraciones públicas autonómicas y locales en la preservación, protección y conservación del patrimonio cultural",,,complete,no,no,no,line,no,,no,no,no,2010,Anual,si,,no,,,,,,,
11-5-1,,,,11-5-1,"Número de personas muertas, desaparecidas y afectadas directamente atribuido a desastres por cada 100.000 personas",Número de personas muertas directamente atribuido a desastres por cada 100.000 habitantes,,,complete,no,no,no,line,si,,si,si,si,2010,Anual,si,,no,,,,,,,
11-5-2,,,,11-5-2,Pérdidas económicas directas atribuidas a los desastres en relación con el producto interno bruto (PIB) mundial,"Indemnizaciones por daños personales, pérdidas pecuniarias y daños de bienes pagadas y/o provisionadas en proporción al PIB",,,complete,no,no,no,line,no,,no,si,no,2010,Anual,si,,no,,,,,,,
11-5-3,,,,11-5-3,"a) Daños en la infraestructura crítica y b) número de interrupciones de los servicios básicos, atribuidos a desastres",La CA de Euskadi no elabora estadísticas oficiales continuas con la metodología del indicador,,,notstarted,no,no,no,line,no,,no,no,no,[],,no,,no,,,,,,,
11-6-1,,,,11-6-1,"Proporción de residuos sólidos municipales recogidos y administrados en instalaciones controladas con respecto al total de residuos municipales generados, desglosada por ciudad","Residuos urbanos recogidos per cápita y proporción de residuos tratados, desglosados por tipo de tratamiento",EU_W_GENPCAP,Residuos urbanos recogidos per cápita,complete,no,no,no,line,no,,no,si,no,2010,Anual,si,,no,,,,,,,
11-6-2,,,,11-6-2,"Niveles medios anuales de partículas finas en suspensión (por ejemplo, PM2.5 y PM10) en las ciudades (ponderados según la población)",Niveles medios anuales de partículas finas en suspensión (PM2.5 y PM10) en las ciudades (ponderados según la población),,,complete,no,no,no,line,no,,no,no,no,2010,Anual,si,,no,,,,,,,
11-7-1,,,,11-7-1,"Proporción media de la superficie edificada de las ciudades que se dedica a espacios abiertos para uso público de todos, desglosada por sexo, edad y personas con discapacidad",Proporción media de la superficie edificada de las ciudades que se dedica a espacios abiertos para uso público de todos,,,complete,no,no,no,line,no,,no,no,no,2014,Irregular / Aperiódica,si,,no,,,,,,,
11-7-2,,,,11-7-2,"Proporción de personas que han sido víctimas de acoso no sexual o sexual en los últimos 12 meses, desglosada por sexo, edad, grado de discapacidad y lugar del hecho",Número de personas que han sido víctimas de acoso no sexual o sexual en los últimos 12 meses por cada 100.000 habitantes,,,complete,no,no,no,line,no,,si,no,no,2015,Anual,si,,no,,,,,,,
11-a-1,,,,11-a-1,"Número de países que cuentan con políticas urbanas nacionales o planes de desarrollo regionales que a) responden a la dinámica de la población, b) garantizan un desarrollo territorial equilibrado y c) aumentan el margen fiscal local","Proporción de municipios que cuentan con un plan de ordenación territorial, o que disponen de un plan urbanístico municipal",EU_CPA_PTP,Proporción de municipios cubiertos por un plan de ordenación territorial (PTP),complete,no,no,no,line,si,,no,si,si,2010,Anual,no,,no,,,,,,,
11-b-1,,,,11-b-1,Número de países que adoptan y aplican estrategias nacionales de reducción del riesgo de desastres en consonancia con el Marco de Sendái para la Reducción del Riesgo de Desastres 2015‑2030,La CA de Euskadi no elabora estadísticas oficiales continuas con la metodología del indicador,,,complete,no,no,si,line,no,,no,no,no,[],,no,,no,,,,,,,
11-b-2,,,,11-b-2,Proporción de gobiernos locales que adoptan y aplican estrategias locales de reducción del riesgo de desastres en consonancia con las estrategias nacionales de reducción del riesgo de desastres,Proporción de gobiernos locales que adoptan e implementan estrategias locales de reducción del riesgo de desastres,SG_DSR_SILS,Proporción de municipios que disponen de un plan municipal de emergencias,complete,no,no,no,line,si,,no,si,si,2010,Anual,no,,no,,,,,,,
11-c-1,,,,11-c-1,"Total de asistencia oficial para el desarrollo y otros flujos oficiales destinados a infraestructuras urbanas o proyectos de infraestructuras urbanas, por sector",La CA de Euskadi no elabora estadísticas oficiales continuas con la metodología del indicador,,,notstarted,no,no,no,line,no,,no,no,no,[],,no,,no,,,,,,,
12-1-1,,,,12-1-1,"Número de países que elaboran, adoptan o aplican instrumentos de política destinados a apoyar la transición hacia modalidades de consumo y producción sostenibles","Se elaboran, adoptan o aplican instrumentos de política destinados a apoyar la transición hacia modalidades de consumo y producción sostenibles",,,complete,si,no,no,bar,no,,no,no,no,2010,Anual,si,,si,,,,,,,
12-2-1,,,,12-2-1,"Huella material en términos absolutos, huella material per cápita y huella material por PIB",La CA de Euskadi no elabora estadísticas oficiales continuas con la metodología del indicador,,,notstarted,no,no,no,line,no,,no,no,no,[],,no,,no,,,,,,,
12-2-2,,,,12-2-2,"Consumo material interno en términos absolutos, consumo material interno per cápita y consumo material interno por PIB",global_indicators.12-2-2-title,EN_MAT_DOMCMPT,Consumo doméstico de materiales en términos absolutos,complete,no,no,no,line,no,,no,no,no,2010,Anual,no,,no,,,,,,,
12-3-1,,,,12-3-1,a) Índice de pérdidas de alimentos y b) índice de desperdicio de alimentos,global_indicators.12-3-1-title,AG_FOOD_WST,Desperdicio alimentario,complete,no,no,no,bar,no,,no,no,no,2022,Cuatrienal,no,,no,,,,,,,
12-3-1,,,,12-3-1,a) Índice de pérdidas de alimentos y b) índice de desperdicio de alimentos,global_indicators.12-3-1-title,AG_FOOD_WST_PC,Desperdicio alimentario per cápita,complete,no,no,no,bar,no,,no,no,no,2022,Cuatrienal,no,,no,,,,,,,
12-4-1,,,,12-4-1,Número de partes en los acuerdos ambientales multilaterales internacionales sobre desechos peligrosos y otros productos químicos que cumplen sus compromisos y obligaciones de transmitir información como se exige en cada uno de esos acuerdos,La CA de Euskadi no elabora estadísticas oficiales continuas con la metodología del indicador,,,notapplicable,no,no,no,line,no,,no,no,no,[],,no,,no,,,,,,,
12-4-2,,,,12-4-2,"a) Desechos peligrosos generados per cápita y b) proporción de desechos peligrosos tratados, desglosados por tipo de tratamiento",global_indicators.12-4-2-title,EN_HAZ_PCAP,Residuos peligrosos generados per cápita,complete,no,no,no,line,no,,no,si,no,2010,Anual,no,,no,,,,,,,
12-5-1,,,,12-5-1,"Tasa nacional de reciclado, en toneladas de material reciclado",Proporción de residuos municipales reciclados en relación al total de residuos municipales generados y tratados,,,complete,no,no,no,line,no,,no,si,no,2010,Anual,si,,no,,,,,,,
12-6-1,,,,12-6-1,Número de empresas que publican informes sobre sostenibilidad,Número de organizaciones con EMAS o Ecolabel,EU_EMAS,Número de organizaciones con Sistema comunitario de gestión y auditoría medioambiental (EMAS),complete,no,no,no,line,no,,no,si,no,2010,Anual,si,,no,,,,,,,
12-7-1,,,,12-7-1,Número de países que aplican políticas y planes de acción sostenibles en materia de adquisiciones públicas,Nivel de implementación de las políticas de contratación pública sostenible,_L_ES_120701_01,Nivel de implementación de las políticas de contratación pública sostenible,complete,no,no,no,bar,no,,no,no,no,2022,Trienal,si,,no,,,,,,,
12-8-1,,,,12-8-1,"Grado en que i) la educación para la ciudadanía mundial y ii) la educación para el desarrollo sostenible se incorporan en a) las políticas nacionales de educación, b) los planes de estudio, c) la formación de docentes y d) la evaluación de las y los estudiantes",La CA de Euskadi no elabora estadísticas oficiales continuas con la metodología del indicador,,,notstarted,no,no,no,line,no,,no,no,no,[],,no,,no,,,,,,,
12-a-1,,,,12-a-1,Capacidad instalada de generación de energía renovable en los países en desarrollo y en los países desarrollados (en vatios per cápita),Capacidad instalada de generación de energía renovable (en vatios per cápita),,,complete,no,no,no,line,si,,no,si,si,2010,Anual,si,,no,,,,,,,
12-b-1,,,,12-b-1,Aplicación de instrumentos normalizados de contabilidad para hacer un seguimiento de los aspectos económicos y ambientales de la sostenibilidad del turismo,La CA de Euskadi no elabora estadísticas oficiales continuas con la metodología del indicador,,,notstarted,no,no,no,line,no,,no,no,no,[],,no,,no,,,,,,,
12-c-1,,,,12-c-1,Cuantía de los subsidios a los combustibles fósiles (producción y consumo) por unidad del PIB,La CA de Euskadi no elabora estadísticas oficiales continuas con la metodología del indicador,,,notstarted,no,no,no,line,no,,no,no,no,[],,no,,no,,,,,,,
13-1-1,,,,13-1-1,"Número de personas muertas, desaparecidas y afectadas directamente atribuido a desastres por cada 100.000 personas",Número de personas muertas directamente atribuido a desastres por cada 100.000 habitantes,,,complete,no,no,no,line,si,,si,si,si,2010,Anual,si,,no,,,,,,,
13-1-2,,,,13-1-2,Número de países que adoptan y aplican estrategias nacionales de reducción del riesgo de desastres en consonancia con el Marco de Sendái para la Reducción del Riesgo de Desastres 2015‑2030,La CA de Euskadi no elabora estadísticas oficiales continuas con la metodología del indicador,,,complete,no,no,si,line,no,,no,no,no,[],,no,,no,,,,,,,
13-1-3,,,,13-1-3,Proporción de gobiernos locales que adoptan y aplican estrategias locales de reducción del riesgo de desastres en consonancia con las estrategias nacionales de reducción del riesgo de desastres,Proporción de gobiernos locales que adoptan e implementan estrategias locales de reducción del riesgo de desastres,SG_DSR_SILS,Proporción de municipios que disponen de un plan municipal de emergencias,complete,no,no,no,line,si,,no,si,si,2010,Anual,no,,no,,,,,,,
13-2-1,,,,13-2-1,"Número de países con contribuciones determinadas a nivel nacional, estrategias a largo plazo, planes nacionales de adaptación y comunicaciones sobre la adaptación, notificadas a la secretaría de la Convención Marco de las Naciones Unidas sobre el Cambio Climático",La CA de Euskadi no elabora estadísticas oficiales continuas con la metodología del indicador,,,complete,no,no,si,line,no,,no,no,no,[],,no,,no,,,,,,,
13-2-2,,,,13-2-2,Emisiones totales de gases de efecto invernadero por año,"Emisiones totales de gases de efecto invernadero (GEI), por unidad de PIB real, per cápita, y tasas de variación respecto a 1990 y 2005",EN_ATM_GHGT_AIP,Emisiones totales de gases de efecto invernadero por año,complete,no,no,no,line,no,,no,no,no,2010,Anual,si,,no,,,,,,,
13-3-1,,,,13-3-1,"Grado en que i) la educación para la ciudadanía mundial y ii) la educación para el desarrollo sostenible se incorporan en a) las políticas nacionales de educación, b) los planes de estudio, c) la formación de docentes y d) la evaluación de las y los estudiantes",La CA de Euskadi no elabora estadísticas oficiales continuas con la metodología del indicador,,,notstarted,no,no,no,line,no,,no,no,no,[],,no,,no,,,,,,,
13-a-1,,,,13-a-1,Cantidades proporcionadas y movilizadas en dólares de los Estados Unidos al año en relación con el objetivo actual mantenido de movilización colectiva de 100.000 millones de dólares de aquí a 2025,La CA de Euskadi no elabora estadísticas oficiales continuas con la metodología del indicador,,,notapplicable,no,no,no,line,no,,no,no,no,[],,no,,no,,,,,,,
13-b-1,,,,13-b-1,"Número de países menos adelantados y pequeños Estados insulares en desarrollo con contribuciones determinadas a nivel nacional, estrategias a largo plazo, planes nacionales de adaptación y comunicaciones sobre la adaptación, notificadas a la secretaría de la Convención Marco de las Naciones Unidas sobre el Cambio Climático",La CA de Euskadi no elabora estadísticas oficiales continuas con la metodología del indicador,,,notapplicable,no,no,no,line,no,,no,no,no,[],,no,,no,,,,,,,
14-1-1,,,,14-1-1,a) Índice de eutrofización costera; y b) densidad de detritos plásticos,La CA de Euskadi no elabora estadísticas oficiales continuas con la metodología del indicador,,,notstarted,no,no,no,line,no,,no,no,no,[],,no,,no,,,,,,,
14-2-1,,,,14-2-1,Número de países que aplican enfoques basados en los ecosistemas para gestionar las zonas marinas,La CA de Euskadi no elabora estadísticas oficiales continuas con la metodología del indicador,,,notstarted,no,no,no,line,no,,no,no,no,[],,no,,no,,,,,,,
14-3-1,,,,14-3-1,Acidez media del mar (pH) medida en un conjunto convenido de estaciones de muestreo representativas,Acidez media del mar (pH) medida en un conjunto convenido de estaciones de muestreo representativas,,,complete,no,no,no,line,no,,no,no,no,2010,Anual,si,,no,,,,,,,
14-4-1,,,,14-4-1,Proporción de poblaciones de peces cuyos niveles son biológicamente sostenibles,La CA de Euskadi no elabora estadísticas oficiales continuas con la metodología del indicador,,,notstarted,no,no,no,line,no,,no,no,no,[],,no,,no,,,,,,,
14-5-1,,,,14-5-1,Cobertura de las zonas protegidas en relación con las zonas marinas,Cobertura de las zonas protegidas en relación con las zonas marinas,,,complete,no,no,no,bar,no,,no,no,no,2024,Irregular / Aperiódica,no,,no,,,,,,,
14-6-1,,,,14-6-1,"Grado de aplicación de instrumentos internacionales cuyo objetivo es combatir la pesca ilegal, no declarada y no reglamentada",La CA de Euskadi no elabora estadísticas oficiales continuas con la metodología del indicador,,,notstarted,no,no,no,line,no,,no,no,no,[],,no,,no,,,,,,,
14-7-1,,,,14-7-1,"Proporción del PIB correspondiente a la pesca sostenible en los pequeños Estados insulares en desarrollo, en los países menos adelantados y en todos los países",La CA de Euskadi no elabora estadísticas oficiales continuas con la metodología del indicador,,,notstarted,no,no,no,line,no,,no,no,no,[],,no,,no,,,,,,,
14-a-1,,,,14-a-1,Proporción del presupuesto total de investigación asignada a la investigación en el campo de la tecnología marina,La CA de Euskadi no elabora estadísticas oficiales continuas con la metodología del indicador,,,notstarted,no,no,no,line,no,,no,no,no,[],,no,,no,,,,,,,
14-b-1,,,,14-b-1,"Grado de aplicación de un marco jurídico, reglamentario, normativo o institucional que reconozca y proteja los derechos de acceso para la pesca en pequeña escala",La CA de Euskadi no elabora estadísticas oficiales continuas con la metodología del indicador,,,notstarted,no,no,no,line,no,,no,no,no,[],,no,,no,,,,,,,
14-c-1,,,,14-c-1,"Número de países que, mediante marcos jurídicos, normativos e institucionales, avanzan en la ratificación, la aceptación y la implementación de los instrumentos relacionados con los océanos que aplican el derecho internacional reflejado en la Convención de las Naciones Unidas sobre el Derecho del Mar para la conservación y el uso sostenible de los océanos y sus recursos",La CA de Euskadi no elabora estadísticas oficiales continuas con la metodología del indicador,,,notstarted,no,no,no,line,no,,no,no,no,[],,no,,no,,,,,,,
15-1-1,,,,15-1-1,Superficie forestal en proporción a la superficie total,global_indicators.15-1-1-title,AG_LND_FRST,Superficie forestal en proporción a la superficie total,complete,no,no,no,line,si,,no,si,si,2010,Anual,si,,no,,,,,,,
15-1-2,,,,15-1-2,"Proporción de lugares importantes para la biodiversidad terrestre y del agua dulce incluidos en zonas protegidas, desglosada por tipo de ecosistema",Proporción de lugares importantes para la biodiversidad terrestre y del agua dulce incluidos en zonas protegidas,,,complete,no,no,no,bar,no,,no,si,no,2024,Irregular / Aperiódica,no,,no,,,,,,,
15-1-E1,,,,15-1-E1,,Superficie de las áreas terrestres protegidas (km2 y porcentaje) (Indicador UE sdg_15_20),EU_SDG_15_20_KM2,Superficie de las áreas terrestres protegidas (Km2),complete,no,no,no,line,no,,no,no,no,2015,Trienal,no,,no,,,,,,,
15-2-1,,,,15-2-1,Avances hacia la gestión forestal sostenible,global_indicators.15-2-1-title,AG_LND_FRSTMGT_HA,Superficie forestal con instrumentos de gestión sostenible vigentes,complete,no,no,no,line,no,,no,no,no,2011,Anual,si,,no,,,,,,,
15-3-1,,,,15-3-1,Proporción de tierras degradadas en comparación con la superficie total,Superficie de suelos potencialmente contaminados y recuperados para nuevos usos,EU_LND_REM,Superficie de suelo recuperado para nuevos usos (acumulado),complete,no,no,no,line,no,,no,no,no,2010,Anual,no,,no,,,,,,,
15-4-1,,,,15-4-1,Lugares importantes para la biodiversidad de las montañas incluidos en zonas protegidas,Lugares importantes para la biodiversidad de las montañas incluidos en zonas protegidas,,,complete,no,no,no,bar,no,,no,si,no,2024,Irregular / Aperiódica,no,,no,,,,,,,
15-4-2,,,,15-4-2,a) Índice de cobertura verde de las montañas y b) proporción de terreno montañoso degradado,Índice de cobertura verde de las montañas,,,complete,no,no,no,line,no,,no,no,no,2015,Trienal,no,,no,,,,,,,
15-5-1,,,,15-5-1,Índice de la Lista Roja,La CA de Euskadi no elabora estadísticas oficiales continuas con la metodología del indicador,,,notstarted,no,no,no,line,no,,no,no,no,[],,no,,no,,,,,,,
15-6-1,,,,15-6-1,"Número de países que han adoptado marcos legislativos, administrativos y normativos para asegurar una distribución justa y equitativa de los beneficios",La CA de Euskadi no elabora estadísticas oficiales continuas con la metodología del indicador,,,notstarted,no,no,no,line,no,,no,no,no,[],,no,,no,,,,,,,
15-7-1,,,,15-7-1,Proporción de especímenes de flora y fauna silvestre comercializados procedentes de la caza furtiva o el tráfico ilícito,La CA de Euskadi no elabora estadísticas oficiales continuas con la metodología del indicador,,,notstarted,no,no,no,line,no,,no,no,no,[],,no,,no,,,,,,,
15-8-1,,,,15-8-1,Proporción de países que han aprobado la legislación nacional pertinente y han destinado recursos suficientes para la prevención o el control de las especies exóticas invasoras,Se dispone de legislación nacional pertinente y se destinan recursos para la prevención o el control de las especies exóticas invasoras,,,complete,no,no,no,bar,no,,no,no,no,2013,Anual,si,,no,,,,,,,
15-9-1,,,,15-9-1,"a) Número de países que han establecido metas nacionales acordes o similares a la Meta 14 del Marco Mundial de Biodiversidad de Kunming-Montreal en sus estrategias y planes de acción nacionales en materia de diversidad biológica y los progresos notificados en la consecución de dichas metas; y b) integración de la diversidad biológica en los sistemas nacionales de contabilidad y presentación de informes, definida como aplicación del Sistema de Contabilidad Ambiental y Económica",La CA de Euskadi no elabora estadísticas oficiales continuas con la metodología del indicador,,,notstarted,no,no,no,line,no,,no,no,no,[],,no,,no,,,,,,,
15-a-1,,,,15-a-1,a) Asistencia oficial para el desarrollo destinada concretamente a la conservación y el uso sostenible de la biodiversidad y b) ingresos generados y financiación movilizada mediante instrumentos económicos pertinentes para la biodiversidad,La CA de Euskadi no elabora estadísticas oficiales continuas con la metodología del indicador,,,notstarted,no,no,no,line,no,,no,no,no,[],,no,,no,,,,,,,
15-b-1,,,,15-b-1,a) Asistencia oficial para el desarrollo destinada concretamente a la conservación y el uso sostenible de la biodiversidad y b) ingresos generados y financiación movilizada mediante instrumentos económicos pertinentes para la biodiversidad,La CA de Euskadi no elabora estadísticas oficiales continuas con la metodología del indicador,,,notstarted,no,no,no,line,no,,no,no,no,[],,no,,no,,,,,,,
15-c-1,,,,15-c-1,Proporción de especímenes de flora y fauna silvestre comercializados procedentes de la caza furtiva o el tráfico ilícito,La CA de Euskadi no elabora estadísticas oficiales continuas con la metodología del indicador,,,notstarted,no,no,no,line,no,,no,no,no,[],,no,,no,,,,,,,
16-1-1,,,,16-1-1,"Número de víctimas de homicidios intencionales por cada 100.000 habitantes, desglosado por sexo y edad",Número de víctimas de homicidios intencionales por cada 100.000 habitantes,,,complete,no,no,no,line,no,,no,si,no,2020,Anual,no,,no,,,,,,,
16-1-2,,,,16-1-2,"Muertes relacionadas con conflictos por cada 100.000 habitantes, desglosadas por sexo, edad y causa",Muertes relacionadas con conflictos por cada 100.000 habitantes,,,complete,no,no,no,line,no,,no,no,no,2010,Anual,si,,no,,,,,,,
16-1-3,,,,16-1-3,"Proporción de la población que ha sufrido a) violencia física, b) violencia psicológica o c) violencia sexual en los últimos 12 meses",La CA de Euskadi no elabora estadísticas oficiales continuas con la metodología del indicador,,,notstarted,no,no,no,line,no,,no,no,no,[],,no,,no,,,,,,,
16-1-4,,,,16-1-4,Proporción de la población que se siente segura al caminar sola en su zona de residencia después de que oscurece,Proporción de la población que se siente segura al caminar sola en su zona de residencia después de que oscurece,,,complete,no,no,no,bar,no,,si,si,no,2014,Anual,si,,no,,,,,,,
16-1-E1,,,,16-1-E1,,"Población que reporta ocurrencia de delitos, violencia o vandalismo en su área (Indicador UE sdg_16_20)",,,complete,no,no,no,bar,no,,no,si,no,2010,Anual,si,,no,,,,,,,
16-2-1,,,,16-2-1,Proporción de niños y niñas de entre 1 y 17 años que han sufrido algún castigo físico o agresión psicológica a manos de sus cuidadores en el último mes,La CA de Euskadi no elabora estadísticas oficiales continuas con la metodología del indicador,,,notstarted,no,no,no,line,no,,no,no,no,[],,no,,no,,,,,,,
16-2-2,,,,16-2-2,"Número de víctimas de la trata de personas por cada 100.000 habitantes, desglosado por sexo, edad y tipo de explotación","Número de víctimas detectadas de tráfico de personas por cada 100.000 habitantes, desglosado por tipo de explotación",,,complete,no,no,no,line,no,,no,no,no,2012,Anual,si,,no,,,,,,,
16-2-3,,,,16-2-3,Proporción de mujeres y hombres jóvenes de entre 18 y 29 años que sufrieron violencia sexual antes de cumplir los 18 años,La CA de Euskadi no elabora estadísticas oficiales continuas con la metodología del indicador,,,notstarted,no,no,no,line,no,,no,no,no,[],,no,,no,,,,,,,
16-3-1,,,,16-3-1,"Proporción de víctimas de a) violencia física, b) violencia psicológica o c) violencia sexual en los últimos 12 meses que han notificado su victimización a las autoridades competentes u otros mecanismos de resolución de conflictos reconocidos oficialmente",La CA de Euskadi no elabora estadísticas oficiales continuas con la metodología del indicador,,,notstarted,no,no,no,line,no,,no,no,no,[],,no,,no,,,,,,,
16-3-2,,,,16-3-2,Proporción de personas detenidas que no han sido condenadas en el conjunto de la población reclusa total,global_indicators.16-3-2-title,,,complete,no,no,no,line,no,,si,si,no,2012,Anual,si,,no,,,,,,,
16-3-3,,,,16-3-3,"Proporción de la población que se ha visto implicada en alguna controversia en los dos últimos años y ha accedido a algún mecanismo oficial u oficioso de solución de controversias, desglosada por tipo de mecanismo",La CA de Euskadi no elabora estadísticas oficiales continuas con la metodología del indicador,,,notstarted,no,no,no,line,no,,no,no,no,[],,no,,no,,,,,,,
16-4-1,,,,16-4-1,Valor total de las corrientes financieras ilícitas entrantes y salientes (en dólares corrientes de los Estados Unidos),La CA de Euskadi no elabora estadísticas oficiales continuas con la metodología del indicador,,,notstarted,no,no,no,line,no,,no,no,no,[],,no,,no,,,,,,,
16-4-2,,,,16-4-2,"Proporción de armas incautadas, encontradas o entregadas cuyo origen o contexto ilícitos han sido determinados o establecidos por una autoridad competente, de conformidad con los instrumentos internacionales",La CA de Euskadi no elabora estadísticas oficiales continuas con la metodología del indicador,,,notstarted,no,no,no,line,no,,no,no,no,[],,no,,no,,,,,,,
16-5-1,,,,16-5-1,"Proporción de personas que han tenido al menos un contacto con un funcionario público y que han pagado un soborno a un funcionario público, o a las que un funcionario público les ha pedido un soborno, durante los últimos 12 meses",La CA de Euskadi no elabora estadísticas oficiales continuas con la metodología del indicador,,,notstarted,no,no,no,line,no,,no,no,no,[],,no,,no,,,,,,,
16-5-2,,,,16-5-2,"Proporción de negocios que han tenido al menos un contacto con un funcionario público y que han pagado un soborno a un funcionario público, o a los que un funcionario público les ha pedido un soborno, durante los últimos 12 meses",La CA de Euskadi no elabora estadísticas oficiales continuas con la metodología del indicador,,,notstarted,no,no,no,line,no,,no,no,no,[],,no,,no,,,,,,,
16-6-1,,,,16-6-1,"Gastos primarios del gobierno en proporción al presupuesto aprobado originalmente, desglosados por sector (o por códigos presupuestarios o elementos similares)",Gasto liquidado en proporción al gasto inicial de los presupuestos de las administraciones públicas autonómicas y locales,GF_XPD_GBPC,Gasto liquidado por la administración autonómica en relación al gasto presupuestado,complete,no,no,no,line,si,,no,si,si,2010,Anual,si,,no,,,,,,,
16-6-2,,,,16-6-2,Proporción de la población que se siente satisfecha con su última experiencia de los servicios públicos,Proporción de la población que se siente satisfecha con el funcionamiento de los servicios públicos,,,complete,no,no,no,line,no,,no,no,no,2011,Anual,si,,no,,,,,,,
16-7-1,,,,16-7-1,"Proporciones de plazas en las instituciones nacionales y locales, entre ellas: a) las asambleas legislativas, b) la administración pública y c) el poder judicial, en comparación con la distribución nacional, desglosadas por sexo, edad, personas con discapacidad y grupos de población","Proporciones de mujeres en a) el parlamento autonómico, b) la administración pública y c) el poder judicial, en comparación con la distribución de las mujeres en la población",SG_DMK_PARLMP_LC,Proporción de mujeres en el parlamento en relación con la proporción de mujeres en la población,complete,no,no,no,line,no,,no,si,no,2010,Anual,si,,no,,,,,,,
16-7-2,,,,16-7-2,"Proporción de la población que considera que la adopción de decisiones es inclusiva y responde a sus necesidades, desglosada por sexo, edad, discapacidad y grupo de población",La CA de Euskadi no elabora estadísticas oficiales continuas con la metodología del indicador,,,notstarted,no,no,no,line,no,,no,no,no,[],,no,,no,,,,,,,
16-8-1,,,,16-8-1,Proporción de miembros y derechos de voto de los países en desarrollo en organizaciones internacionales,La CA de Euskadi no elabora estadísticas oficiales continuas con la metodología del indicador,,,notapplicable,no,no,no,line,no,,no,no,no,[],,no,,no,,,,,,,
16-9-1,,,,16-9-1,"Proporción de niños/as menores de 5 años cuyo nacimiento se ha registrado ante una autoridad civil, desglosada por edad",global_indicators.16-9-1-title,,,complete,no,no,no,line,no,,no,no,no,2010,Anual,si,,no,,,,,,,
16-10-1,,,,16-10-1,"Número de casos verificados de asesinato, secuestro, desaparición forzada, detención arbitraria y tortura de periodistas, miembros asociados/as de los medios de comunicación, sindicalistas y defensores/as de los derechos humanos, en los últimos 12 meses",La CA de Euskadi no elabora estadísticas oficiales continuas con la metodología del indicador,,,complete,no,no,si,line,no,,no,no,no,[],,no,,no,,,,,,,
16-10-2,,,,16-10-2,"Número de países que adoptan y aplican garantías constitucionales, legales o normativas para el acceso público a la información",La CA de Euskadi no elabora estadísticas oficiales continuas con la metodología del indicador,,,notstarted,no,no,no,line,no,,no,no,no,[],,no,,no,,,,,,,
16-a-1,,,,16-a-1,"Existencia de instituciones nacionales independientes de derechos humanos, en cumplimiento de los Principios de París",La CA de Euskadi no elabora estadísticas oficiales continuas con la metodología del indicador,,,notstarted,no,no,no,line,no,,no,no,no,[],,no,,no,,,,,,,
16-b-1,,,,16-b-1,Proporción de la población que declara haberse sentido personalmente discriminada o acosada en los últimos 12 meses por motivos de discriminación prohibidos por el derecho internacional de los derechos humanos,"Prevalencia (%) de personas que se sienten discriminadas (por su edad, sexo, lugar de nacimiento, ...) por sexo",,,complete,no,no,no,bar,no,,si,si,no,2013,Quinquenal,no,,no,,,,,,,
17-1-1,,,,17-1-1,"Total de ingresos del gobierno en proporción al PIB, desglosado por fuente",global_indicators.17-1-1-title,,,complete,no,no,no,line,no,,no,si,no,2010,Anual,no,,no,,,,,,,
17-1-2,,,,17-1-2,Proporción del presupuesto nacional financiado por impuestos internos,Proporción de los ingresos de las administraciones públicas autonómicas y locales provenientes de impuestos,EU_GOB_TAX,Proporción de los ingresos de las administraciones públicas autonómicas y locales provenientes de impuestos ,complete,no,no,no,line,no,,no,no,no,2010,Anual,si,,no,,,,,,,
17-2-1,,,,17-2-1,"Asistencia oficial para el desarrollo neta, total y para los países menos adelantados en proporción al ingreso nacional bruto (INB) de los donantes del Comité de Asistencia para el Desarrollo de la Organización de Cooperación y Desarrollo Económicos (OCDE)","Ayuda Oficial al Desarrollo neta de las administraciones públicas autonómicas y locales, y en proporción al PIB",EU_ODA_EUR,Ayuda Oficial al Desarrollo neta de las administraciones públicas autonómicas y locales,complete,no,no,no,line,no,,no,no,no,2010,Anual,si,,no,,,,,,,
17-3-1,,,,17-3-1,Recursos financieros adicionales movilizados para los países en desarrollo procedentes de múltiples fuentes,"Ayuda Oficial al Desarrollo neta de las administraciones públicas autonómicas y locales, y en proporción al PIB",EU_FRN_FDI_EUR,Inversión directa neta en los países receptores de Ayuda Oficial al Desarrollo,complete,no,no,no,line,no,,no,no,no,2010,Anual,si,,no,,,,,,,
17-3-2,,,,17-3-2,Volumen de remesas (en dólares de los Estados Unidos) en proporción al PIB total,"Volumen de remesas enviadas al extranjero, y en proporción al PIB",BX_TRF_PWKR,Volumen de remesas enviadas al extranjero en proporción al PIB,complete,no,no,no,line,no,,no,no,no,2013,Anual,si,,no,,,,,,,
17-4-1,,,,17-4-1,"Servicio de la deuda en proporción a las exportaciones de bienes, servicios e ingresos primarios",La CA de Euskadi no elabora estadísticas oficiales continuas con la metodología del indicador,,,notapplicable,no,no,no,line,no,,no,no,no,[],,no,,no,,,,,,,
17-5-1,,,,17-5-1,"Número de países que adoptan y aplican sistemas de promoción de las inversiones en favor de los países en desarrollo, entre ellos los países menos adelantados",La CA de Euskadi no elabora estadísticas oficiales continuas con la metodología del indicador,,,notstarted,no,no,no,line,no,,no,no,no,[],,no,,no,,,,,,,
17-6-1,,,,17-6-1,"Número de abonados/as a servicios de banda ancha fija por cada 100 habitantes, desglosado por velocidad",global_indicators.17-6-1-title,,,complete,no,no,no,line,no,,no,si,no,2010,Anual,si,,no,,,,,,,
17-7-1,,,,17-7-1,"Total de los fondos destinados a los países en desarrollo y los países desarrollados con el fin de promover el desarrollo, la transferencia y la difusión de tecnologías ecológicamente racionales",La CA de Euskadi no elabora estadísticas oficiales continuas con la metodología del indicador,,,notstarted,no,no,no,line,no,,no,no,no,[],,no,,no,,,,,,,
17-8-1,,,,17-8-1,Proporción de personas que utilizan Internet,Proporción de personas entre 16 y 74 años que han utilizado Internet en los últimos tres meses,,,complete,no,no,no,line,no,,si,si,no,2008,Anual,si,,no,,,,,,,
17-9-1,,,,17-9-1,Valor en dólares de la asistencia oficial para el desarrollo comprometida para los países en desarrollo,La CA de Euskadi no elabora estadísticas oficiales continuas con la metodología del indicador,,,notstarted,no,no,no,line,no,,no,no,no,[],,no,,no,,,,,,,
17-10-1,,,,17-10-1,Promedio arancelario mundial ponderado,La CA de Euskadi no elabora estadísticas oficiales continuas con la metodología del indicador,,,notapplicable,no,no,no,line,no,,no,no,no,[],,no,,no,,,,,,,
17-11-1,,,,17-11-1,Participación de los países en desarrollo y los países menos adelantados en las exportaciones mundiales,La CA de Euskadi no elabora estadísticas oficiales continuas con la metodología del indicador,,,notapplicable,no,no,no,line,no,,no,no,no,[],,no,,no,,,,,,,
17-12-1,,,,17-12-1,"Promedio ponderado de los aranceles que enfrentan los países en desarrollo, los países menos adelantados y los pequeños Estados insulares en desarrollo",La CA de Euskadi no elabora estadísticas oficiales continuas con la metodología del indicador,,,notapplicable,no,no,no,line,no,,no,no,no,[],,no,,no,,,,,,,
17-13-1,,,,17-13-1,Tablero macroeconómico,global_indicators.17-13-1-title,NY_GDP_MKTP_KD_ZG,Tasa de variación interanual del PIB,complete,no,no,no,line,no,,no,si,no,2010,Anual,si,,no,,,,,,,
17-14-1,,,,17-14-1,Número de países que cuentan con mecanismos para mejorar la coherencia de las políticas de desarrollo sostenible,La CA de Euskadi no elabora estadísticas oficiales continuas con la metodología del indicador,,,notstarted,no,no,no,line,no,,no,no,no,[],,no,,no,,,,,,,
17-15-1,,,,17-15-1,Grado de utilización de los marcos de resultados y las herramientas de planificación de los propios países por los proveedores de cooperación para el desarrollo,La CA de Euskadi no elabora estadísticas oficiales continuas con la metodología del indicador,,,notstarted,no,no,no,line,no,,no,no,no,[],,no,,no,,,,,,,
17-16-1,,,,17-16-1,Número de países que informan de sus progresos en los marcos de múltiples interesados para el seguimiento de la eficacia de las actividades de desarrollo que apoyan el logro de los Objetivos de Desarrollo Sostenible,La CA de Euskadi no elabora estadísticas oficiales continuas con la metodología del indicador,,,notstarted,no,no,no,line,no,,no,no,no,[],,no,,no,,,,,,,
17-17-1,,,,17-17-1,Suma en dólares de los Estados Unidos prometida a las alianzas público-privadas centradas en la infraestructura,La CA de Euskadi no elabora estadísticas oficiales continuas con la metodología del indicador,,,notstarted,no,no,no,line,no,,no,no,no,[],,no,,no,,,,,,,
17-18-1,,,,17-18-1,Indicadores de la capacidad estadística,La CA de Euskadi no elabora estadísticas oficiales continuas con la metodología del indicador,,,notstarted,no,no,no,line,no,,no,no,no,[],,no,,no,,,,,,,
17-18-2,,,,17-18-2,Número de países cuya legislación nacional sobre estadísticas cumple los Principios Fundamentales de las Estadísticas Oficiales,La legislación sobre estadísticas cumple los Principios Fundamentales de las Estadísticas Oficiales,,,complete,si,no,no,bar,no,,no,no,no,2010,Anual,si,,si,,,,,,,
17-18-3,,,,17-18-3,"Número de países que cuentan con un plan estadístico nacional plenamente financiado y en proceso de aplicación, desglosado por fuente de financiación",Se dispone de un plan estadístico autonómico plenamente financiado y en fase de aplicación,,,complete,no,no,no,bar,no,,no,no,no,2010,Anual,si,,no,,,,,,,
17-19-1,,,,17-19-1,Valor en dólares de todos los recursos proporcionados para fortalecer la capacidad estadística de los países en desarrollo,La CA de Euskadi no elabora estadísticas oficiales continuas con la metodología del indicador,,,notstarted,no,no,no,line,no,,no,no,no,[],,no,,no,,,,,,,
17-19-2,,,,17-19-2,Proporción de países que a) han realizado al menos un censo de población y vivienda en los últimos diez años; y b) han registrado el 100% de los nacimientos y el 80% de las defunciones,"a) Se ha realizado al menos un censo de población y vivienda en los últimos diez años, b) Se ha registrado el 100% de los nacimientos y al menos el 80% de las defunciones",SG_REG_CENSUSN,Se ha realizado al menos un censo de población y vivienda en los últimos diez años,complete,no,no,no,bar,no,,no,no,no,2010,Anual,si,,no,,,,,,,
OCECA-1-2-1-1A,,,,OCECA-1-2-1-1A,,,,,complete,no,no,no,line,no,,no,no,no,2008,Anual,si,,no,,,,,,,
OCECA-1-2-1-2A,,,,OCECA-1-2-1-2A,,,,,complete,no,no,no,line,no,,no,no,no,2008,Anual,si,,no,,,,,,,
OCECA-1-2-1-2B,,,,OCECA-1-2-1-2B,,,,,complete,no,no,no,line,no,,no,no,no,2008,Cuatrienal,si,,no,,,,,,,
OCECA-1-2-2-1A,,,,OCECA-1-2-2-1A,,,,,complete,no,no,no,line,no,,no,no,no,2008,Bienal,si,,no,,,,,,,
OCECA-1-a-2-1,,,,OCECA-1-a-2-1,,,,,complete,no,no,no,line,no,,no,no,no,2012,Anual,si,,no,,,,,,,
OCECA-1-a-2-2,,,,OCECA-1-a-2-2,,,,,complete,no,no,no,line,no,,no,no,no,2010,Anual,si,,no,,,,,,,
OCECA-6-1-1,,,,OCECA-6-1-1,,,,,complete,no,no,no,line,no,,no,no,no,2016,Anual,si,,no,,,,,,,
OCECA-8-9-1-3AB4AB,,,,OCECA-8-9-1-3AB4AB,,,_L_ES_080901_3A,Pernoctaciones de turistas por habitante,complete,no,no,no,line,no,,no,no,no,2016,Anual,si,,no,,,,,,,
OCECA-8-9-1-3CD,,,,OCECA-8-9-1-3CD,,,_L_ES_080901_3C,"Proporción del gasto en viajes culturales sobre el gasto en viajes por ocio, recreo y vacaciones",complete,no,no,no,line,no,,no,no,no,2016,Anual,si,,no,,,,,,,
OCECA-9-4-1-5,,,,OCECA-9-4-1-5,,,,,complete,no,no,no,line,no,,no,no,no,2010,Anual,si,,no,,,,,,,
OCECA-9-4-1-6,,,,OCECA-9-4-1-6,,,,,complete,no,no,no,line,no,,no,no,no,2010,Anual,si,,no,,,,,,,
OCECA-10-2-1-1A,,,,OCECA-10-2-1-1A,,,,,complete,no,no,no,line,no,,no,no,no,2010,Anual,si,,no,,,,,,,
