Year,Lurraldea,Eskualdea,Udalerria,Unidad,GeoCode,Value
2022,Araba/Álava,,,Euroak,Araba/Álava,1371.5
2023,Araba/Álava,,,Euroak,Araba/Álava,1505.6
2022,,,Alegría-Dulantzi,Euroak,Alegría-Dulantzi,1282.5
2023,,,Alegría-Dulantzi,Euroak,Alegría-Dulantzi,1407.9
2022,,,Amurrio,Euroak,Amurrio,1444.6
2023,,,Amurrio,Euroak,Amurrio,1575.7
2022,,,Aramaio,Euroak,Aramaio,1090.6
2023,,,Aramaio,Euroak,Aramaio,1220.8
2022,,,Artziniega,Euroak,Artziniega,1465.8
2023,,,Artziniega,Euroak,Artziniega,1606.9
2022,,,Armiñón,Euroak,Armiñón,1046.1
2023,,,Armiñón,Euroak,Armiñón,1176.0
2022,,,Arratzua-Ubarrundia,Euroak,Arratzua-Ubarrundia,1302.7
2023,,,Arratzua-Ubarrundia,Euroak,Arratzua-Ubarrundia,1442.1
2022,,,Asparrena,Euroak,Asparrena,1253.7
2023,,,Asparrena,Euroak,Asparrena,1410.8
2022,,ES0101,,Euroak,ES0101,1088.5
2023,,ES0101,,Euroak,ES0101,1220.0
2022,,,Ayala/Aiara,Euroak,Ayala/Aiara,1269.8
2023,,,Ayala/Aiara,Euroak,Ayala/Aiara,1391.2
2022,,,Baños de Ebro/Mañueta,Euroak,Baños de Ebro/Mañueta,710.7
2023,,,Baños de Ebro/Mañueta,Euroak,Baños de Ebro/Mañueta,759.7
2022,,,Barrundia,Euroak,Barrundia,1035.5
2023,,,Barrundia,Euroak,Barrundia,1169.8
2022,,,Berantevilla,Euroak,Berantevilla,1001.8
2023,,,Berantevilla,Euroak,Berantevilla,1099.0
2022,,,Bernedo,Euroak,Bernedo,874.8
2023,,,Bernedo,Euroak,Bernedo,970.3
2022,,,Campezo/Kanpezu,Euroak,Campezo/Kanpezu,1005.0
2023,,,Campezo/Kanpezu,Euroak,Campezo/Kanpezu,1112.0
2022,,,Zigoitia,Euroak,Zigoitia,1480.4
2023,,,Zigoitia,Euroak,Zigoitia,1614.4
2022,,,Kripan,Euroak,Kripan,851.1
2023,,,Kripan,Euroak,Kripan,965.2
2022,,ES0102,,Euroak,ES0102,1391.2
2023,,ES0102,,Euroak,ES0102,1527.1
2022,,,Kuartango,Euroak,Kuartango,1085.8
2023,,,Kuartango,Euroak,Kuartango,1224.6
2022,,,Elburgo/Burgelu,Euroak,Elburgo/Burgelu,1431.9
2023,,,Elburgo/Burgelu,Euroak,Elburgo/Burgelu,1523.0
2022,,,Elciego,Euroak,Elciego,1245.8
2023,,,Elciego,Euroak,Elciego,1358.2
2022,,,Elvillar/Bilar,Euroak,Elvillar/Bilar,686.9
2023,,,Elvillar/Bilar,Euroak,Elvillar/Bilar,763.7
2022,,,Iruraiz-Gauna,Euroak,Iruraiz-Gauna,877.3
2023,,,Iruraiz-Gauna,Euroak,Iruraiz-Gauna,1004.9
2022,,,Labastida/Bastida,Euroak,Labastida/Bastida,1109.9
2023,,,Labastida/Bastida,Euroak,Labastida/Bastida,1221.0
2022,,ES0103,,Euroak,ES0103,941.7
2023,,ES0103,,Euroak,ES0103,1043.9
2022,,,Lagrán,Euroak,Lagrán,886.6
2023,,,Lagrán,Euroak,Lagrán,983.4
2022,,,Laguardia,Euroak,Laguardia,1062.5
2023,,,Laguardia,Euroak,Laguardia,1163.3
2022,,,Lanciego/Lantziego,Euroak,Lanciego/Lantziego,841.2
2023,,,Lanciego/Lantziego,Euroak,Lanciego/Lantziego,919.1
2022,,,Lapuebla de Labarca,Euroak,Lapuebla de Labarca,906.5
2023,,,Lapuebla de Labarca,Euroak,Lapuebla de Labarca,1027.3
2022,,,Leza,Euroak,Leza,1148.3
2023,,,Leza,Euroak,Leza,1270.3
2022,,,Laudio/Llodio,Euroak,Laudio/Llodio,1460.3
2023,,,Laudio/Llodio,Euroak,Laudio/Llodio,1590.8
2022,,,Arraia-Maeztu,Euroak,Arraia-Maeztu,1037.1
2023,,,Arraia-Maeztu,Euroak,Arraia-Maeztu,1141.6
2022,,,Moreda de Álava/Moreda Araba,Euroak,Moreda de Álava/Moreda Araba,1045.7
2023,,,Moreda de Álava/Moreda Araba,Euroak,Moreda de Álava/Moreda Araba,1115.6
2022,,ES0104,,Euroak,ES0104,993.2
2023,,ES0104,,Euroak,ES0104,1096.0
2022,,,Navaridas,Euroak,Navaridas,709.5
2023,,,Navaridas,Euroak,Navaridas,783.8
2022,,,Okondo,Euroak,Okondo,1199.9
2023,,,Okondo,Euroak,Okondo,1343.4
2022,,,Oyón-Oion,Euroak,Oyón-Oion,1050.7
2023,,,Oyón-Oion,Euroak,Oyón-Oion,1153.5
2022,,,Peñacerrada-Urizaharra,Euroak,Peñacerrada-Urizaharra,850.4
2023,,,Peñacerrada-Urizaharra,Euroak,Peñacerrada-Urizaharra,950.8
2022,,,Erriberagoitia/Ribera Alta,Euroak,Erriberagoitia/Ribera Alta,1095.8
2023,,,Erriberagoitia/Ribera Alta,Euroak,Erriberagoitia/Ribera Alta,1202.5
2022,,,Ribera Baja/Erribera Beitia,Euroak,Ribera Baja/Erribera Beitia,1299.2
2023,,,Ribera Baja/Erribera Beitia,Euroak,Ribera Baja/Erribera Beitia,1472.3
2022,,,Añana,Euroak,Añana,1019.1
2023,,,Añana,Euroak,Añana,1131.4
2022,,ES0105,,Euroak,ES0105,1329.5
2023,,ES0105,,Euroak,ES0105,1471.6
2022,,,Agurain/Salvatierra,Euroak,Agurain/Salvatierra,1220.6
2023,,,Agurain/Salvatierra,Euroak,Agurain/Salvatierra,1354.4
2022,,,Samaniego,Euroak,Samaniego,784.0
2023,,,Samaniego,Euroak,Samaniego,875.2
2022,,,San Millán/Donemiliaga,Euroak,San Millán/Donemiliaga,1039.7
2023,,,San Millán/Donemiliaga,Euroak,San Millán/Donemiliaga,1140.7
2022,,,Urkabustaiz,Euroak,Urkabustaiz,1216.0
2023,,,Urkabustaiz,Euroak,Urkabustaiz,1323.9
2022,,,Valdegovía/Gaubea,Euroak,Valdegovía/Gaubea,995.9
2023,,,Valdegovía/Gaubea,Euroak,Valdegovía/Gaubea,1128.7
2022,,,Harana/Valle de Arana,Euroak,Harana/Valle de Arana,759.5
2023,,,Harana/Valle de Arana,Euroak,Harana/Valle de Arana,841.4
2022,,,Villabuena de Álava/Eskuernaga,Euroak,Villabuena de Álava/Eskuernaga,830.6
2023,,,Villabuena de Álava/Eskuernaga,Euroak,Villabuena de Álava/Eskuernaga,947.4
2022,,,Legutio,Euroak,Legutio,1437.0
2023,,,Legutio,Euroak,Legutio,1564.7
2022,,,Vitoria-Gasteiz,Euroak,Vitoria-Gasteiz,1401.0
2023,,,Vitoria-Gasteiz,Euroak,Vitoria-Gasteiz,1537.1
2022,,ES0106,,Euroak,ES0106,1436.9
2023,,ES0106,,Euroak,ES0106,1567.8
2022,,,Yécora/Iekora,Euroak,Yécora/Iekora,808.7
2023,,,Yécora/Iekora,Euroak,Yécora/Iekora,905.8
2022,,,Zalduondo,Euroak,Zalduondo,1254.0
2023,,,Zalduondo,Euroak,Zalduondo,1396.8
2022,,,Zambrana,Euroak,Zambrana,1175.8
2023,,,Zambrana,Euroak,Zambrana,1283.2
2022,,,Zuia,Euroak,Zuia,1380.2
2023,,,Zuia,Euroak,Zuia,1555.8
2022,,,Iruña Oka/Iruña de Oca,Euroak,Iruña Oka/Iruña de Oca,1281.7
2023,,,Iruña Oka/Iruña de Oca,Euroak,Iruña Oka/Iruña de Oca,1424.0
2022,,,Lantarón,Euroak,Lantarón,1001.2
2023,,,Lantarón,Euroak,Lantarón,1133.9
2022,Gipuzkoa,,,Euroak,Gipuzkoa,1331.1
2023,Gipuzkoa,,,Euroak,Gipuzkoa,1461.8
2022,,,Abaltzisketa,Euroak,Abaltzisketa,1287.0
2023,,,Abaltzisketa,Euroak,Abaltzisketa,1419.5
2022,,,Aduna,Euroak,Aduna,1261.7
2023,,,Aduna,Euroak,Aduna,1368.6
2022,,,Aizarnazabal,Euroak,Aizarnazabal,1360.9
2023,,,Aizarnazabal,Euroak,Aizarnazabal,1483.2
2022,,,Albiztur,Euroak,Albiztur,1215.5
2023,,,Albiztur,Euroak,Albiztur,1349.4
2022,,,Alegia,Euroak,Alegia,1193.9
2023,,,Alegia,Euroak,Alegia,1317.0
2022,,,Alkiza,Euroak,Alkiza,1113.9
2023,,,Alkiza,Euroak,Alkiza,1194.8
2022,,,Altzo,Euroak,Altzo,1315.6
2023,,,Altzo,Euroak,Altzo,1522.8
2022,,,Amezketa,Euroak,Amezketa,1414.6
2023,,,Amezketa,Euroak,Amezketa,1529.8
2022,,,Andoain,Euroak,Andoain,1371.5
2023,,,Andoain,Euroak,Andoain,1497.2
2022,,ES2001,,Euroak,ES2001,1257.8
2023,,ES2001,,Euroak,ES2001,1380.0
2022,,,Anoeta,Euroak,Anoeta,1348.9
2023,,,Anoeta,Euroak,Anoeta,1467.9
2022,,,Antzuola,Euroak,Antzuola,1350.4
2023,,,Antzuola,Euroak,Antzuola,1483.3
2022,,,Arama,Euroak,Arama,1360.3
2023,,,Arama,Euroak,Arama,1491.7
2022,,,Aretxabaleta,Euroak,Aretxabaleta,1084.9
2023,,,Aretxabaleta,Euroak,Aretxabaleta,1201.3
2022,,,Asteasu,Euroak,Asteasu,1183.4
2023,,,Asteasu,Euroak,Asteasu,1300.1
2022,,,Ataun,Euroak,Ataun,1297.4
2023,,,Ataun,Euroak,Ataun,1428.7
2022,,,Aia,Euroak,Aia,1100.9
2023,,,Aia,Euroak,Aia,1227.4
2022,,,Azkoitia,Euroak,Azkoitia,1352.3
2023,,,Azkoitia,Euroak,Azkoitia,1496.1
2022,,,Azpeitia,Euroak,Azpeitia,1336.1
2023,,,Azpeitia,Euroak,Azpeitia,1460.2
2022,,,Beasain,Euroak,Beasain,1478.1
2023,,,Beasain,Euroak,Beasain,1618.1
2022,,ES2002,,Euroak,ES2002,1323.6
2023,,ES2002,,Euroak,ES2002,1455.5
2022,,,Beizama,Euroak,Beizama,1041.0
2023,,,Beizama,Euroak,Beizama,1117.6
2022,,,Belauntza,Euroak,Belauntza,1247.4
2023,,,Belauntza,Euroak,Belauntza,1387.0
2022,,,Berastegi,Euroak,Berastegi,1342.5
2023,,,Berastegi,Euroak,Berastegi,1469.2
2022,,,Berrobi,Euroak,Berrobi,1235.4
2023,,,Berrobi,Euroak,Berrobi,1369.6
2022,,,Bidania-Goiatz,Euroak,Bidania-Goiatz,1158.0
2023,,,Bidania-Goiatz,Euroak,Bidania-Goiatz,1284.5
2022,,,Zegama,Euroak,Zegama,1187.8
2023,,,Zegama,Euroak,Zegama,1327.3
2022,,,Zerain,Euroak,Zerain,1223.5
2023,,,Zerain,Euroak,Zerain,1374.8
2022,,,Zestoa,Euroak,Zestoa,1281.3
2023,,,Zestoa,Euroak,Zestoa,1399.2
2022,,,Zizurkil,Euroak,Zizurkil,1336.6
2023,,,Zizurkil,Euroak,Zizurkil,1474.6
2022,,,Deba,Euroak,Deba,1278.5
2023,,,Deba,Euroak,Deba,1408.6
2022,,ES2003,,Euroak,ES2003,1221.7
2023,,ES2003,,Euroak,ES2003,1342.0
2022,,,Eibar,Euroak,Eibar,1348.0
2023,,,Eibar,Euroak,Eibar,1485.8
2022,,,Elduain,Euroak,Elduain,1358.9
2023,,,Elduain,Euroak,Elduain,1452.5
2022,,,Elgoibar,Euroak,Elgoibar,1371.0
2023,,,Elgoibar,Euroak,Elgoibar,1498.2
2022,,,Elgeta,Euroak,Elgeta,1371.5
2023,,,Elgeta,Euroak,Elgeta,1505.0
2022,,,Eskoriatza,Euroak,Eskoriatza,1084.2
2023,,,Eskoriatza,Euroak,Eskoriatza,1182.9
2022,,,Ezkio-Itsaso,Euroak,Ezkio-Itsaso,1281.4
2023,,,Ezkio-Itsaso,Euroak,Ezkio-Itsaso,1408.8
2022,,,Hondarribia,Euroak,Hondarribia,1350.7
2023,,,Hondarribia,Euroak,Hondarribia,1482.5
2022,,,Gaintza,Euroak,Gaintza,1454.7
2023,,,Gaintza,Euroak,Gaintza,1627.9
2022,,,Gabiria,Euroak,Gabiria,1266.7
2023,,,Gabiria,Euroak,Gabiria,1381.5
2022,,,Getaria,Euroak,Getaria,1165.1
2023,,,Getaria,Euroak,Getaria,1278.8
2022,,ES2004,,Euroak,ES2004,1351.0
2023,,ES2004,,Euroak,ES2004,1483.7
2022,,,Hernani,Euroak,Hernani,1274.0
2023,,,Hernani,Euroak,Hernani,1405.5
2022,,,Hernialde,Euroak,Hernialde,1455.7
2023,,,Hernialde,Euroak,Hernialde,1496.2
2022,,,Ibarra,Euroak,Ibarra,1344.8
2023,,,Ibarra,Euroak,Ibarra,1479.2
2022,,,Idiazabal,Euroak,Idiazabal,1329.9
2023,,,Idiazabal,Euroak,Idiazabal,1454.1
2022,,,Ikaztegieta,Euroak,Ikaztegieta,1320.8
2023,,,Ikaztegieta,Euroak,Ikaztegieta,1418.1
2022,,,Irun,Euroak,Irun,1232.6
2023,,,Irun,Euroak,Irun,1351.9
2022,,,Irura,Euroak,Irura,1321.0
2023,,,Irura,Euroak,Irura,1425.4
2022,,,Itsasondo,Euroak,Itsasondo,1286.3
2023,,,Itsasondo,Euroak,Itsasondo,1392.4
2022,,,Larraul,Euroak,Larraul,1145.5
2023,,,Larraul,Euroak,Larraul,1283.8
2022,,,Lazkao,Euroak,Lazkao,1453.6
2023,,,Lazkao,Euroak,Lazkao,1580.3
2022,,ES2005,,Euroak,ES2005,1426.6
2023,,ES2005,,Euroak,ES2005,1565.3
2022,,,Leaburu,Euroak,Leaburu,1313.0
2023,,,Leaburu,Euroak,Leaburu,1453.9
2022,,,Legazpi,Euroak,Legazpi,1470.5
2023,,,Legazpi,Euroak,Legazpi,1621.7
2022,,,Legorreta,Euroak,Legorreta,1371.1
2023,,,Legorreta,Euroak,Legorreta,1487.5
2022,,,Lezo,Euroak,Lezo,1257.1
2023,,,Lezo,Euroak,Lezo,1380.9
2022,,,Lizartza,Euroak,Lizartza,1289.7
2023,,,Lizartza,Euroak,Lizartza,1451.0
2022,,,Arrasate/Mondragón,Euroak,Arrasate/Mondragón,1158.9
2023,,,Arrasate/Mondragón,Euroak,Arrasate/Mondragón,1271.1
2022,,,Mutriku,Euroak,Mutriku,1174.8
2023,,,Mutriku,Euroak,Mutriku,1301.5
2022,,,Mutiloa,Euroak,Mutiloa,1108.7
2023,,,Mutiloa,Euroak,Mutiloa,1240.0
2022,,,Olaberria,Euroak,Olaberria,1533.3
2023,,,Olaberria,Euroak,Olaberria,1675.5
2022,,,Oñati,Euroak,Oñati,1273.1
2023,,,Oñati,Euroak,Oñati,1403.8
2022,,ES2006,,Euroak,ES2006,1335.3
2023,,ES2006,,Euroak,ES2006,1465.2
2022,,,Orexa,Euroak,Orexa,1464.2
2023,,,Orexa,Euroak,Orexa,1692.6
2022,,,Orio,Euroak,Orio,1235.4
2023,,,Orio,Euroak,Orio,1367.5
2022,,,Ormaiztegi,Euroak,Ormaiztegi,1337.7
2023,,,Ormaiztegi,Euroak,Ormaiztegi,1461.5
2022,,,Oiartzun,Euroak,Oiartzun,1272.6
2023,,,Oiartzun,Euroak,Oiartzun,1397.1
2022,,,Pasaia,Euroak,Pasaia,1175.1
2023,,,Pasaia,Euroak,Pasaia,1288.0
2022,,,Soraluze/Placencia de las Armas,Euroak,Soraluze/Placencia de las Armas,1287.2
2023,,,Soraluze/Placencia de las Armas,Euroak,Soraluze/Placencia de las Armas,1405.3
2022,,,Errezil,Euroak,Errezil,1008.9
2023,,,Errezil,Euroak,Errezil,1085.5
2022,,,Errenteria,Euroak,Errenteria,1241.8
2023,,,Errenteria,Euroak,Errenteria,1360.9
2022,,,Leintz-Gatzaga,Euroak,Leintz-Gatzaga,1197.8
2023,,,Leintz-Gatzaga,Euroak,Leintz-Gatzaga,1338.5
2022,,,Donostia / San Sebastián,Euroak,Donostia / San Sebastián,1399.3
2023,,,Donostia / San Sebastián,Euroak,Donostia / San Sebastián,1538.5
2022,,ES2007,,Euroak,ES2007,1335.3
2023,,ES2007,,Euroak,ES2007,1467.1
2022,,,Segura,Euroak,Segura,1315.6
2023,,,Segura,Euroak,Segura,1439.6
2022,,,Tolosa,Euroak,Tolosa,1370.9
2023,,,Tolosa,Euroak,Tolosa,1503.3
2022,,,Urnieta,Euroak,Urnieta,1292.9
2023,,,Urnieta,Euroak,Urnieta,1429.3
2022,,,Usurbil,Euroak,Usurbil,1387.8
2023,,,Usurbil,Euroak,Usurbil,1514.2
2022,,,Bergara,Euroak,Bergara,1352.0
2023,,,Bergara,Euroak,Bergara,1482.9
2022,,,Villabona,Euroak,Villabona,1320.6
2023,,,Villabona,Euroak,Villabona,1453.0
2022,,,Ordizia,Euroak,Ordizia,1464.0
2023,,,Ordizia,Euroak,Ordizia,1616.8
2022,,,Urretxu,Euroak,Urretxu,1413.5
2023,,,Urretxu,Euroak,Urretxu,1556.9
2022,,,Zaldibia,Euroak,Zaldibia,1372.3
2023,,,Zaldibia,Euroak,Zaldibia,1495.1
2022,,,Zarautz,Euroak,Zarautz,1371.0
2023,,,Zarautz,Euroak,Zarautz,1508.0
2022,,,Zumarraga,Euroak,Zumarraga,1432.2
2023,,,Zumarraga,Euroak,Zumarraga,1565.0
2022,,,Zumaia,Euroak,Zumaia,1429.4
2023,,,Zumaia,Euroak,Zumaia,1564.5
2022,,,Mendaro,Euroak,Mendaro,1264.3
2023,,,Mendaro,Euroak,Mendaro,1392.6
2022,,,Lasarte-Oria,Euroak,Lasarte-Oria,1390.4
2023,,,Lasarte-Oria,Euroak,Lasarte-Oria,1518.4
2022,,,Astigarraga,Euroak,Astigarraga,1299.4
2023,,,Astigarraga,Euroak,Astigarraga,1417.3
2022,,,Baliarrain,Euroak,Baliarrain,1197.2
2023,,,Baliarrain,Euroak,Baliarrain,1344.4
2022,,,Orendain,Euroak,Orendain,1067.7
2023,,,Orendain,Euroak,Orendain,1194.9
2022,,,Altzaga,Euroak,Altzaga,1264.8
2023,,,Altzaga,Euroak,Altzaga,1344.4
2022,,,Gaztelu,Euroak,Gaztelu,1212.2
2023,,,Gaztelu,Euroak,Gaztelu,1314.3
2022,Bizkaia,,,Euroak,Bizkaia,1364.3
2023,Bizkaia,,,Euroak,Bizkaia,1495.9
2022,,,Abadiño,Euroak,Abadiño,1429.1
2023,,,Abadiño,Euroak,Abadiño,1559.3
2022,,,Abanto y Ciérvana-Abanto Zierbena,Euroak,Abanto y Ciérvana-Abanto Zierbena,1380.5
2023,,,Abanto y Ciérvana-Abanto Zierbena,Euroak,Abanto y Ciérvana-Abanto Zierbena,1514.0
2022,,,Amorebieta-Etxano,Euroak,Amorebieta-Etxano,1399.2
2023,,,Amorebieta-Etxano,Euroak,Amorebieta-Etxano,1528.6
2022,,,Amoroto,Euroak,Amoroto,1055.1
2023,,,Amoroto,Euroak,Amoroto,1191.2
2022,,,Arakaldo,Euroak,Arakaldo,951.3
2023,,,Arakaldo,Euroak,Arakaldo,1144.0
2022,,,Arantzazu,Euroak,Arantzazu,1539.5
2023,,,Arantzazu,Euroak,Arantzazu,1751.3
2022,,,Munitibar-Arbatzegi Gerrikaitz,Euroak,Munitibar-Arbatzegi Gerrikaitz,986.0
2023,,,Munitibar-Arbatzegi Gerrikaitz,Euroak,Munitibar-Arbatzegi Gerrikaitz,1122.6
2022,,,Artzentales,Euroak,Artzentales,1142.0
2023,,,Artzentales,Euroak,Artzentales,1280.0
2022,,,Arrankudiaga-Zollo,Euroak,Arrankudiaga-Zollo,1392.6
2023,,,Arrankudiaga-Zollo,Euroak,Arrankudiaga-Zollo,1496.1
2022,,ES4801,,Euroak,ES4801,1349.6
2023,,ES4801,,Euroak,ES4801,1482.6
2022,,,Arrieta,Euroak,Arrieta,1026.5
2023,,,Arrieta,Euroak,Arrieta,1202.9
2022,,,Arrigorriaga,Euroak,Arrigorriaga,1327.8
2023,,,Arrigorriaga,Euroak,Arrigorriaga,1466.7
2022,,,Bakio,Euroak,Bakio,1342.2
2023,,,Bakio,Euroak,Bakio,1460.8
2022,,,Barakaldo,Euroak,Barakaldo,1350.9
2023,,,Barakaldo,Euroak,Barakaldo,1475.0
2022,,,Barrika,Euroak,Barrika,1522.1
2023,,,Barrika,Euroak,Barrika,1659.8
2022,,,Basauri,Euroak,Basauri,1325.3
2023,,,Basauri,Euroak,Basauri,1443.7
2022,,,Berango,Euroak,Berango,1441.6
2023,,,Berango,Euroak,Berango,1583.1
2022,,,Bermeo,Euroak,Bermeo,1195.4
2023,,,Bermeo,Euroak,Bermeo,1320.3
2022,,,Berriatua,Euroak,Berriatua,1078.6
2023,,,Berriatua,Euroak,Berriatua,1183.6
2022,,,Berriz,Euroak,Berriz,1356.1
2023,,,Berriz,Euroak,Berriz,1480.5
2022,,ES4802,,Euroak,ES4802,1377.5
2023,,ES4802,,Euroak,ES4802,1509.5
2022,,,Bilbao,Euroak,Bilbao,1350.7
2023,,,Bilbao,Euroak,Bilbao,1484.7
2022,,,Busturia,Euroak,Busturia,1255.4
2023,,,Busturia,Euroak,Busturia,1394.8
2022,,,Karrantza Harana/Valle de Carranza,Euroak,Karrantza Harana/Valle de Carranza,977.8
2023,,,Karrantza Harana/Valle de Carranza,Euroak,Karrantza Harana/Valle de Carranza,1073.3
2022,,,Artea,Euroak,Artea,1582.2
2023,,,Artea,Euroak,Artea,1701.5
2022,,,Zeanuri,Euroak,Zeanuri,1352.1
2023,,,Zeanuri,Euroak,Zeanuri,1495.8
2022,,,Zeberio,Euroak,Zeberio,1350.6
2023,,,Zeberio,Euroak,Zeberio,1466.3
2022,,,Dima,Euroak,Dima,1267.4
2023,,,Dima,Euroak,Dima,1400.9
2022,,,Durango,Euroak,Durango,1437.1
2023,,,Durango,Euroak,Durango,1574.6
2022,,,Ea,Euroak,Ea,1157.4
2023,,,Ea,Euroak,Ea,1299.8
2022,,,Etxebarri,Euroak,Etxebarri,1313.8
2023,,,Etxebarri,Euroak,Etxebarri,1428.0
2022,,ES4803,,Euroak,ES4803,1389.8
2023,,ES4803,,Euroak,ES4803,1521.6
2022,,,Etxebarria,Euroak,Etxebarria,1212.6
2023,,,Etxebarria,Euroak,Etxebarria,1326.8
2022,,,Elantxobe,Euroak,Elantxobe,1102.1
2023,,,Elantxobe,Euroak,Elantxobe,1169.1
2022,,,Elorrio,Euroak,Elorrio,1341.2
2023,,,Elorrio,Euroak,Elorrio,1468.1
2022,,,Ereño,Euroak,Ereño,1206.5
2023,,,Ereño,Euroak,Ereño,1351.3
2022,,,Ermua,Euroak,Ermua,1350.6
2023,,,Ermua,Euroak,Ermua,1477.2
2022,,,Fruiz,Euroak,Fruiz,1235.9
2023,,,Fruiz,Euroak,Fruiz,1368.5
2022,,,Galdakao,Euroak,Galdakao,1484.6
2023,,,Galdakao,Euroak,Galdakao,1625.6
2022,,,Galdames,Euroak,Galdames,1194.3
2023,,,Galdames,Euroak,Galdames,1336.5
2022,,,Gamiz-Fika,Euroak,Gamiz-Fika,1340.8
2023,,,Gamiz-Fika,Euroak,Gamiz-Fika,1508.9
2022,,,Garai,Euroak,Garai,1461.6
2023,,,Garai,Euroak,Garai,1578.5
2022,,ES4804,,Euroak,ES4804,1231.7
2023,,ES4804,,Euroak,ES4804,1357.3
2022,,,Gatika,Euroak,Gatika,1431.2
2023,,,Gatika,Euroak,Gatika,1559.6
2022,,,Gautegiz Arteaga,Euroak,Gautegiz Arteaga,1379.9
2023,,,Gautegiz Arteaga,Euroak,Gautegiz Arteaga,1497.6
2022,,,Gordexola,Euroak,Gordexola,1326.8
2023,,,Gordexola,Euroak,Gordexola,1455.9
2022,,,Gorliz,Euroak,Gorliz,1456.3
2023,,,Gorliz,Euroak,Gorliz,1595.8
2022,,,Getxo,Euroak,Getxo,1597.4
2023,,,Getxo,Euroak,Getxo,1748.9
2022,,,Güeñes,Euroak,Güeñes,1219.1
2023,,,Güeñes,Euroak,Güeñes,1353.9
2022,,,Gernika-Lumo,Euroak,Gernika-Lumo,1252.7
2023,,,Gernika-Lumo,Euroak,Gernika-Lumo,1373.7
2022,,,Gizaburuaga,Euroak,Gizaburuaga,1115.2
2023,,,Gizaburuaga,Euroak,Gizaburuaga,1224.3
2022,,,Ibarrangelu,Euroak,Ibarrangelu,1378.4
2023,,,Ibarrangelu,Euroak,Ibarrangelu,1528.6
2022,,,Ispaster,Euroak,Ispaster,1083.2
2023,,,Ispaster,Euroak,Ispaster,1219.8
2022,,ES4805,,Euroak,ES4805,1222.9
2023,,ES4805,,Euroak,ES4805,1348.0
2022,,,Izurtza,Euroak,Izurtza,1470.4
2023,,,Izurtza,Euroak,Izurtza,1568.0
2022,,,Lanestosa,Euroak,Lanestosa,836.6
2023,,,Lanestosa,Euroak,Lanestosa,933.2
2022,,,Larrabetzu,Euroak,Larrabetzu,1391.9
2023,,,Larrabetzu,Euroak,Larrabetzu,1514.9
2022,,,Laukiz,Euroak,Laukiz,1485.4
2023,,,Laukiz,Euroak,Laukiz,1630.5
2022,,,Leioa,Euroak,Leioa,1448.3
2023,,,Leioa,Euroak,Leioa,1584.0
2022,,,Lemoa,Euroak,Lemoa,1375.9
2023,,,Lemoa,Euroak,Lemoa,1523.0
2022,,,Lemoiz,Euroak,Lemoiz,1308.9
2023,,,Lemoiz,Euroak,Lemoiz,1444.8
2022,,,Lekeitio,Euroak,Lekeitio,1213.0
2023,,,Lekeitio,Euroak,Lekeitio,1328.4
2022,,,Mallabia,Euroak,Mallabia,1210.7
2023,,,Mallabia,Euroak,Mallabia,1344.5
2022,,,Mañaria,Euroak,Mañaria,1237.4
2023,,,Mañaria,Euroak,Mañaria,1360.6
2022,,ES4806,,Euroak,ES4806,1167.8
2023,,ES4806,,Euroak,ES4806,1283.8
2022,,,Markina-Xemein,Euroak,Markina-Xemein,1193.5
2023,,,Markina-Xemein,Euroak,Markina-Xemein,1316.3
2022,,,Maruri-Jatabe,Euroak,Maruri-Jatabe,1404.4
2023,,,Maruri-Jatabe,Euroak,Maruri-Jatabe,1562.0
2022,,,Mendata,Euroak,Mendata,1059.0
2023,,,Mendata,Euroak,Mendata,1149.8
2022,,,Mendexa,Euroak,Mendexa,1169.8
2023,,,Mendexa,Euroak,Mendexa,1352.0
2022,,,Meñaka,Euroak,Meñaka,1373.9
2023,,,Meñaka,Euroak,Meñaka,1514.6
2022,,,Ugao-Miraballes,Euroak,Ugao-Miraballes,1335.1
2023,,,Ugao-Miraballes,Euroak,Ugao-Miraballes,1452.8
2022,,,Morga,Euroak,Morga,1177.2
2023,,,Morga,Euroak,Morga,1305.1
2022,,,Muxika,Euroak,Muxika,1133.9
2023,,,Muxika,Euroak,Muxika,1248.1
2022,,,Mundaka,Euroak,Mundaka,1284.3
2023,,,Mundaka,Euroak,Mundaka,1428.5
2022,,,Mungia,Euroak,Mungia,1422.5
2023,,,Mungia,Euroak,Mungia,1556.9
2022,,ES4807,,Euroak,ES4807,1441.8
2023,,ES4807,,Euroak,ES4807,1583.3
2022,,,Aulesti,Euroak,Aulesti,1064.6
2023,,,Aulesti,Euroak,Aulesti,1161.7
2022,,,Muskiz,Euroak,Muskiz,1393.6
2023,,,Muskiz,Euroak,Muskiz,1524.2
2022,,,Otxandio,Euroak,Otxandio,1206.2
2023,,,Otxandio,Euroak,Otxandio,1329.6
2022,,,Ondarroa,Euroak,Ondarroa,1154.7
2023,,,Ondarroa,Euroak,Ondarroa,1264.7
2022,,,Urduña/Orduña,Euroak,Urduña/Orduña,1330.0
2023,,,Urduña/Orduña,Euroak,Urduña/Orduña,1481.2
2022,,,Orozko,Euroak,Orozko,1328.8
2023,,,Orozko,Euroak,Orozko,1470.0
2022,,,Sukarrieta,Euroak,Sukarrieta,1354.1
2023,,,Sukarrieta,Euroak,Sukarrieta,1461.0
2022,,,Plentzia,Euroak,Plentzia,1544.1
2023,,,Plentzia,Euroak,Plentzia,1703.1
2022,,,Portugalete,Euroak,Portugalete,1375.9
2023,,,Portugalete,Euroak,Portugalete,1504.4
2022,,,Errigoiti,Euroak,Errigoiti,1130.5
2023,,,Errigoiti,Euroak,Errigoiti,1272.6
2022,,,Valle de Trápaga-Trapagaran,Euroak,Valle de Trápaga-Trapagaran,1370.8
2023,,,Valle de Trápaga-Trapagaran,Euroak,Valle de Trápaga-Trapagaran,1501.7
2022,,,Lezama,Euroak,Lezama,1390.8
2023,,,Lezama,Euroak,Lezama,1534.5
2022,,,Santurtzi,Euroak,Santurtzi,1353.8
2023,,,Santurtzi,Euroak,Santurtzi,1479.3
2022,,,Ortuella,Euroak,Ortuella,1358.3
2023,,,Ortuella,Euroak,Ortuella,1484.4
2022,,,Sestao,Euroak,Sestao,1330.3
2023,,,Sestao,Euroak,Sestao,1448.3
2022,,,Sopela,Euroak,Sopela,1500.7
2023,,,Sopela,Euroak,Sopela,1649.8
2022,,,Sopuerta,Euroak,Sopuerta,1295.6
2023,,,Sopuerta,Euroak,Sopuerta,1412.2
2022,,,Trucios-Turtzioz,Euroak,Trucios-Turtzioz,1159.7
2023,,,Trucios-Turtzioz,Euroak,Trucios-Turtzioz,1288.1
2022,,,Ubide,Euroak,Ubide,1150.9
2023,,,Ubide,Euroak,Ubide,1237.1
2022,,,Urduliz,Euroak,Urduliz,1440.2
2023,,,Urduliz,Euroak,Urduliz,1578.9
2022,,,Balmaseda,Euroak,Balmaseda,1185.7
2023,,,Balmaseda,Euroak,Balmaseda,1313.9
2022,,,Atxondo,Euroak,Atxondo,1411.0
2023,,,Atxondo,Euroak,Atxondo,1570.6
2022,,,Bedia,Euroak,Bedia,1283.4
2023,,,Bedia,Euroak,Bedia,1413.4
2022,,,Areatza,Euroak,Areatza,1353.4
2023,,,Areatza,Euroak,Areatza,1499.0
2022,,,Igorre,Euroak,Igorre,1416.0
2023,,,Igorre,Euroak,Igorre,1546.5
2022,,,Zaldibar,Euroak,Zaldibar,1406.7
2023,,,Zaldibar,Euroak,Zaldibar,1545.6
2022,,,Zalla,Euroak,Zalla,1376.4
2023,,,Zalla,Euroak,Zalla,1503.5
2022,,,Zaratamo,Euroak,Zaratamo,1412.5
2023,,,Zaratamo,Euroak,Zaratamo,1547.7
2022,,,Derio,Euroak,Derio,1228.0
2023,,,Derio,Euroak,Derio,1342.7
2022,,,Erandio,Euroak,Erandio,1257.6
2023,,,Erandio,Euroak,Erandio,1371.1
2022,,,Loiu,Euroak,Loiu,1381.1
2023,,,Loiu,Euroak,Loiu,1524.5
2022,,,Sondika,Euroak,Sondika,1345.5
2023,,,Sondika,Euroak,Sondika,1501.2
2022,,,Zamudio,Euroak,Zamudio,1290.7
2023,,,Zamudio,Euroak,Zamudio,1412.4
2022,,,Forua,Euroak,Forua,1234.8
2023,,,Forua,Euroak,Forua,1408.6
2022,,,Kortezubi,Euroak,Kortezubi,1089.9
2023,,,Kortezubi,Euroak,Kortezubi,1184.9
2022,,,Murueta,Euroak,Murueta,1419.4
2023,,,Murueta,Euroak,Murueta,1559.8
2022,,,Nabarniz,Euroak,Nabarniz,1065.5
2023,,,Nabarniz,Euroak,Nabarniz,1158.6
2022,,,Iurreta,Euroak,Iurreta,1358.0
2023,,,Iurreta,Euroak,Iurreta,1481.0
2022,,,Ajangiz,Euroak,Ajangiz,1230.7
2023,,,Ajangiz,Euroak,Ajangiz,1354.2
2022,,,Alonsotegi,Euroak,Alonsotegi,1232.0
2023,,,Alonsotegi,Euroak,Alonsotegi,1358.5
2022,,,Zierbena,Euroak,Zierbena,1511.9
2023,,,Zierbena,Euroak,Zierbena,1620.5
2022,,,Arratzu,Euroak,Arratzu,1207.9
2023,,,Arratzu,Euroak,Arratzu,1306.5
2022,,,Ziortza-Bolibar,Euroak,Ziortza-Bolibar,1162.4
2023,,,Ziortza-Bolibar,Euroak,Ziortza-Bolibar,1309.2
2022,,,,Euroak,,1354.2
2023,,,,Euroak,,1485.8
