Year,Series,Lurralde historikoa,Units,Value
2019,Lanak sortutako BPGren proportzioa,,PT,47.1
2011,Lanak sortutako BPGren proportzioa,,PT,50.0
2016,Lanak sortutako BPGren proportzioa,,PT,47.5
2010,Lanak sortutako BPGren proportzioa,,PT,50.2
2015,Lanak sortutako BPGren proportzioa,,PT,47.9
2021,Lanak sortutako BPGren proportzioa,,PT,47.4
2012,Lanak sortutako BPGren proportzioa,,PT,49.2
2014,Lanak sortutako BPGren proportzioa,,PT,48.2
2020,Lanak sortutako BPGren proportzioa,,PT,49.8
2013,Lanak sortutako BPGren proportzioa,,PT,49.0
2018,Lanak sortutako BPGren proportzioa,,PT,46.9
2017,Lanak sortutako BPGren proportzioa,,PT,47.3
2013,Lanak sortutako BPGren proportzioa,Araba / Álava,PT,50.9
2019,Lanak sortutako BPGren proportzioa,Araba / Álava,PT,48.5
2012,Lanak sortutako BPGren proportzioa,Araba / Álava,PT,50.8
2018,Lanak sortutako BPGren proportzioa,Araba / Álava,PT,48.3
2014,Lanak sortutako BPGren proportzioa,Araba / Álava,PT,49.4
2011,Lanak sortutako BPGren proportzioa,Araba / Álava,PT,51.7
2021,Lanak sortutako BPGren proportzioa,Araba / Álava,PT,49.3
2020,Lanak sortutako BPGren proportzioa,Araba / Álava,PT,51.3
2016,Lanak sortutako BPGren proportzioa,Araba / Álava,PT,48.0
2017,Lanak sortutako BPGren proportzioa,Araba / Álava,PT,48.6
2010,Lanak sortutako BPGren proportzioa,Araba / Álava,PT,54.1
2015,Lanak sortutako BPGren proportzioa,Araba / Álava,PT,48.3
2015,Lanak sortutako BPGren proportzioa,Bizkaia,PT,47.3
2011,Lanak sortutako BPGren proportzioa,Bizkaia,PT,49.5
2010,Lanak sortutako BPGren proportzioa,Bizkaia,PT,49.4
2021,Lanak sortutako BPGren proportzioa,Bizkaia,PT,47.0
2012,Lanak sortutako BPGren proportzioa,Bizkaia,PT,48.7
2017,Lanak sortutako BPGren proportzioa,Bizkaia,PT,46.5
2014,Lanak sortutako BPGren proportzioa,Bizkaia,PT,47.4
2019,Lanak sortutako BPGren proportzioa,Bizkaia,PT,46.5
2016,Lanak sortutako BPGren proportzioa,Bizkaia,PT,46.8
2018,Lanak sortutako BPGren proportzioa,Bizkaia,PT,46.3
2013,Lanak sortutako BPGren proportzioa,Bizkaia,PT,48.4
2020,Lanak sortutako BPGren proportzioa,Bizkaia,PT,49.4
2021,Lanak sortutako BPGren proportzioa,Gipuzkoa,PT,47.2
2010,Lanak sortutako BPGren proportzioa,Gipuzkoa,PT,49.7
2013,Lanak sortutako BPGren proportzioa,Gipuzkoa,PT,48.8
2017,Lanak sortutako BPGren proportzioa,Gipuzkoa,PT,48.0
2012,Lanak sortutako BPGren proportzioa,Gipuzkoa,PT,49.1
2015,Lanak sortutako BPGren proportzioa,Gipuzkoa,PT,48.7
2014,Lanak sortutako BPGren proportzioa,Gipuzkoa,PT,49.0
2016,Lanak sortutako BPGren proportzioa,Gipuzkoa,PT,48.2
2019,Lanak sortutako BPGren proportzioa,Gipuzkoa,PT,47.2
2018,Lanak sortutako BPGren proportzioa,Gipuzkoa,PT,47.3
2020,Lanak sortutako BPGren proportzioa,Gipuzkoa,PT,49.5
2011,Lanak sortutako BPGren proportzioa,Gipuzkoa,PT,49.8
