Year,Series,Hondakinen tratamendua,Lurralde historikoa,Units,Value
2011,EU_W_GENPCAP,,,KG_PER_CAPITA,434.5
2012,EU_W_GENPCAP,,,KG_PER_CAPITA,457.8
2014,EU_W_GENPCAP,,,KG_PER_CAPITA,469.5
2015,EU_W_GENPCAP,,,KG_PER_CAPITA,462.3
2022,EU_W_GENPCAP,,,KG_PER_CAPITA,446.2
2013,EU_W_GENPCAP,,,KG_PER_CAPITA,463.0
2020,EU_W_GENPCAP,,,KG_PER_CAPITA,449.7
2017,EU_W_GENPCAP,,,KG_PER_CAPITA,472.3
2019,EU_W_GENPCAP,,,KG_PER_CAPITA,469.8
2021,EU_W_GENPCAP,,,KG_PER_CAPITA,458.4
2016,EU_W_GENPCAP,,,KG_PER_CAPITA,474.7
2018,EU_W_GENPCAP,,,KG_PER_CAPITA,485.3
2010,EU_W_GENPCAP,,,KG_PER_CAPITA,445.9
2016,EU_W_GENPCAP,,ES211,KG_PER_CAPITA,405.5
2010,EU_W_GENPCAP,,ES211,KG_PER_CAPITA,444.9
2018,EU_W_GENPCAP,,ES211,KG_PER_CAPITA,436.3
2021,EU_W_GENPCAP,,ES211,KG_PER_CAPITA,403.8
2013,EU_W_GENPCAP,,ES211,KG_PER_CAPITA,387.0
2012,EU_W_GENPCAP,,ES211,KG_PER_CAPITA,405.3
2011,EU_W_GENPCAP,,ES211,KG_PER_CAPITA,421.7
2020,EU_W_GENPCAP,,ES211,KG_PER_CAPITA,411.1
2019,EU_W_GENPCAP,,ES211,KG_PER_CAPITA,425.4
2017,EU_W_GENPCAP,,ES211,KG_PER_CAPITA,422.3
2015,EU_W_GENPCAP,,ES211,KG_PER_CAPITA,408.7
2014,EU_W_GENPCAP,,ES211,KG_PER_CAPITA,392.3
2022,EU_W_GENPCAP,,ES211,KG_PER_CAPITA,390.6
2022,EU_W_GENPCAP,,ES213,KG_PER_CAPITA,470.8
2020,EU_W_GENPCAP,,ES213,KG_PER_CAPITA,475.2
2013,EU_W_GENPCAP,,ES213,KG_PER_CAPITA,467.6
2011,EU_W_GENPCAP,,ES213,KG_PER_CAPITA,428.2
2018,EU_W_GENPCAP,,ES213,KG_PER_CAPITA,485.1
2017,EU_W_GENPCAP,,ES213,KG_PER_CAPITA,476.6
2015,EU_W_GENPCAP,,ES213,KG_PER_CAPITA,447.2
2014,EU_W_GENPCAP,,ES213,KG_PER_CAPITA,457.8
2019,EU_W_GENPCAP,,ES213,KG_PER_CAPITA,492.7
2021,EU_W_GENPCAP,,ES213,KG_PER_CAPITA,480.3
2010,EU_W_GENPCAP,,ES213,KG_PER_CAPITA,437.1
2016,EU_W_GENPCAP,,ES213,KG_PER_CAPITA,462.7
2012,EU_W_GENPCAP,,ES213,KG_PER_CAPITA,466.3
2015,EU_W_GENPCAP,,ES212,KG_PER_CAPITA,510.7
2010,EU_W_GENPCAP,,ES212,KG_PER_CAPITA,460.2
2018,EU_W_GENPCAP,,ES212,KG_PER_CAPITA,508.0
2011,EU_W_GENPCAP,,ES212,KG_PER_CAPITA,449.9
2022,EU_W_GENPCAP,,ES212,KG_PER_CAPITA,432.9
2017,EU_W_GENPCAP,,ES212,KG_PER_CAPITA,488.1
2013,EU_W_GENPCAP,,ES212,KG_PER_CAPITA,490.0
2012,EU_W_GENPCAP,,ES212,KG_PER_CAPITA,460.5
2019,EU_W_GENPCAP,,ES212,KG_PER_CAPITA,453.7
2020,EU_W_GENPCAP,,ES212,KG_PER_CAPITA,426.7
2014,EU_W_GENPCAP,,ES212,KG_PER_CAPITA,523.3
2021,EU_W_GENPCAP,,ES212,KG_PER_CAPITA,448.6
2016,EU_W_GENPCAP,,ES212,KG_PER_CAPITA,525.3
2017,EN_REF_WASCOL,,,PT,100.0
2021,EN_REF_WASCOL,,,PT,100.0
2010,EN_REF_WASCOL,,,PT,100.0
2012,EN_REF_WASCOL,,,PT,100.0
2015,EN_REF_WASCOL,,,PT,100.0
2011,EN_REF_WASCOL,,,PT,100.0
2022,EN_REF_WASCOL,,,PT,100.0
2019,EN_REF_WASCOL,,,PT,100.0
2013,EN_REF_WASCOL,,,PT,100.0
2016,EN_REF_WASCOL,,,PT,100.0
2020,EN_REF_WASCOL,,,PT,100.0
2014,EN_REF_WASCOL,,,PT,100.0
2018,EN_REF_WASCOL,,,PT,100.0
2015,EN_REF_WASCOL,,ES211,PT,100.0
2019,EN_REF_WASCOL,,ES211,PT,100.0
2013,EN_REF_WASCOL,,ES211,PT,100.0
2021,EN_REF_WASCOL,,ES211,PT,100.0
2016,EN_REF_WASCOL,,ES211,PT,100.0
2014,EN_REF_WASCOL,,ES211,PT,100.0
2020,EN_REF_WASCOL,,ES211,PT,100.0
2018,EN_REF_WASCOL,,ES211,PT,100.0
2010,EN_REF_WASCOL,,ES211,PT,100.0
2012,EN_REF_WASCOL,,ES211,PT,100.0
2011,EN_REF_WASCOL,,ES211,PT,100.0
2022,EN_REF_WASCOL,,ES211,PT,100.0
2017,EN_REF_WASCOL,,ES211,PT,100.0
2013,EN_REF_WASCOL,,ES213,PT,100.0
2016,EN_REF_WASCOL,,ES213,PT,100.0
2015,EN_REF_WASCOL,,ES213,PT,100.0
2018,EN_REF_WASCOL,,ES213,PT,100.0
2010,EN_REF_WASCOL,,ES213,PT,100.0
2019,EN_REF_WASCOL,,ES213,PT,100.0
2020,EN_REF_WASCOL,,ES213,PT,100.0
2017,EN_REF_WASCOL,,ES213,PT,100.0
2014,EN_REF_WASCOL,,ES213,PT,100.0
2022,EN_REF_WASCOL,,ES213,PT,100.0
2011,EN_REF_WASCOL,,ES213,PT,100.0
2021,EN_REF_WASCOL,,ES213,PT,100.0
2012,EN_REF_WASCOL,,ES213,PT,100.0
2016,EN_REF_WASCOL,,ES212,PT,100.0
2011,EN_REF_WASCOL,,ES212,PT,100.0
2021,EN_REF_WASCOL,,ES212,PT,100.0
2018,EN_REF_WASCOL,,ES212,PT,100.0
2010,EN_REF_WASCOL,,ES212,PT,100.0
2015,EN_REF_WASCOL,,ES212,PT,100.0
2019,EN_REF_WASCOL,,ES212,PT,100.0
2014,EN_REF_WASCOL,,ES212,PT,100.0
2012,EN_REF_WASCOL,,ES212,PT,100.0
2017,EN_REF_WASCOL,,ES212,PT,100.0
2013,EN_REF_WASCOL,,ES212,PT,100.0
2020,EN_REF_WASCOL,,ES212,PT,100.0
2022,EN_REF_WASCOL,,ES212,PT,100.0
2014,EN_MWT_TREATV,WT_RECYC,,PT,33.3
2010,EN_MWT_TREATV,WT_RECYC,,PT,24.7
2020,EN_MWT_TREATV,WT_RECYC,,PT,47.2
2013,EN_MWT_TREATV,WT_RECYC,,PT,28.2
2016,EN_MWT_TREATV,WT_RECYC,,PT,38.0
2015,EN_MWT_TREATV,WT_RECYC,,PT,36.4
2022,EN_MWT_TREATV,WT_RECYC,,PT,47.4
2018,EN_MWT_TREATV,WT_RECYC,,PT,41.5
2012,EN_MWT_TREATV,WT_RECYC,,PT,28.5
2019,EN_MWT_TREATV,WT_RECYC,,PT,44.7
2021,EN_MWT_TREATV,WT_RECYC,,PT,45.4
2011,EN_MWT_TREATV,WT_RECYC,,PT,25.6
2017,EN_MWT_TREATV,WT_RECYC,,PT,39.3
2013,EN_MWT_TREATV,WT_RECYC,ES211,PT,24.2
2019,EN_MWT_TREATV,WT_RECYC,ES211,PT,38.4
2018,EN_MWT_TREATV,WT_RECYC,ES211,PT,31.5
2021,EN_MWT_TREATV,WT_RECYC,ES211,PT,38.9
2020,EN_MWT_TREATV,WT_RECYC,ES211,PT,39.2
2015,EN_MWT_TREATV,WT_RECYC,ES211,PT,30.6
2014,EN_MWT_TREATV,WT_RECYC,ES211,PT,27.0
2016,EN_MWT_TREATV,WT_RECYC,ES211,PT,33.7
2017,EN_MWT_TREATV,WT_RECYC,ES211,PT,31.3
2022,EN_MWT_TREATV,WT_RECYC,ES211,PT,44.9
2013,EN_MWT_TREATV,WT_RECYC,ES213,PT,26.6
2019,EN_MWT_TREATV,WT_RECYC,ES213,PT,37.9
2021,EN_MWT_TREATV,WT_RECYC,ES213,PT,37.1
2015,EN_MWT_TREATV,WT_RECYC,ES213,PT,28.7
2016,EN_MWT_TREATV,WT_RECYC,ES213,PT,31.2
2022,EN_MWT_TREATV,WT_RECYC,ES213,PT,39.2
2020,EN_MWT_TREATV,WT_RECYC,ES213,PT,38.1
2017,EN_MWT_TREATV,WT_RECYC,ES213,PT,34.8
2018,EN_MWT_TREATV,WT_RECYC,ES213,PT,35.8
2014,EN_MWT_TREATV,WT_RECYC,ES213,PT,28.2
2020,EN_MWT_TREATV,WT_RECYC,ES212,PT,69.3
2018,EN_MWT_TREATV,WT_RECYC,ES212,PT,52.9
2015,EN_MWT_TREATV,WT_RECYC,ES212,PT,48.3
2017,EN_MWT_TREATV,WT_RECYC,ES212,PT,48.7
2019,EN_MWT_TREATV,WT_RECYC,ES212,PT,59.3
2021,EN_MWT_TREATV,WT_RECYC,ES212,PT,63.4
2022,EN_MWT_TREATV,WT_RECYC,ES212,PT,63.5
2013,EN_MWT_TREATV,WT_RECYC,ES212,PT,31.9
2014,EN_MWT_TREATV,WT_RECYC,ES212,PT,41.9
2016,EN_MWT_TREATV,WT_RECYC,ES212,PT,48.4
2021,EN_MWT_TREATV,WT_INCINRT_EGY,,PT,32.5
2012,EN_MWT_TREATV,WT_INCINRT_EGY,,PT,20.9
2011,EN_MWT_TREATV,WT_INCINRT_EGY,,PT,23.3
2022,EN_MWT_TREATV,WT_INCINRT_EGY,,PT,33.9
2013,EN_MWT_TREATV,WT_INCINRT_EGY,,PT,26.6
2017,EN_MWT_TREATV,WT_INCINRT_EGY,,PT,24.3
2014,EN_MWT_TREATV,WT_INCINRT_EGY,,PT,25.6
2018,EN_MWT_TREATV,WT_INCINRT_EGY,,PT,22.8
2015,EN_MWT_TREATV,WT_INCINRT_EGY,,PT,27.9
2020,EN_MWT_TREATV,WT_INCINRT_EGY,,PT,30.8
2019,EN_MWT_TREATV,WT_INCINRT_EGY,,PT,23.5
2010,EN_MWT_TREATV,WT_INCINRT_EGY,,PT,21.4
2016,EN_MWT_TREATV,WT_INCINRT_EGY,,PT,24.7
2013,EN_MWT_TREATV,WT_INCINRT_EGY,ES211,PT,3.7
2019,EN_MWT_TREATV,WT_INCINRT_EGY,ES211,PT,2.9
2015,EN_MWT_TREATV,WT_INCINRT_EGY,ES211,PT,4.3
2016,EN_MWT_TREATV,WT_INCINRT_EGY,ES211,PT,4.4
2017,EN_MWT_TREATV,WT_INCINRT_EGY,ES211,PT,4.2
2021,EN_MWT_TREATV,WT_INCINRT_EGY,ES211,PT,1.6
2014,EN_MWT_TREATV,WT_INCINRT_EGY,ES211,PT,3.5
2022,EN_MWT_TREATV,WT_INCINRT_EGY,ES211,PT,1.3
2018,EN_MWT_TREATV,WT_INCINRT_EGY,ES211,PT,4.4
2020,EN_MWT_TREATV,WT_INCINRT_EGY,ES211,PT,2.1
2020,EN_MWT_TREATV,WT_INCINRT_EGY,ES213,PT,42.2
2015,EN_MWT_TREATV,WT_INCINRT_EGY,ES213,PT,49.4
2014,EN_MWT_TREATV,WT_INCINRT_EGY,ES213,PT,44.2
2013,EN_MWT_TREATV,WT_INCINRT_EGY,ES213,PT,43.0
2022,EN_MWT_TREATV,WT_INCINRT_EGY,ES213,PT,43.8
2018,EN_MWT_TREATV,WT_INCINRT_EGY,ES213,PT,39.6
2019,EN_MWT_TREATV,WT_INCINRT_EGY,ES213,PT,41.2
2016,EN_MWT_TREATV,WT_INCINRT_EGY,ES213,PT,42.5
2017,EN_MWT_TREATV,WT_INCINRT_EGY,ES213,PT,41.9
2021,EN_MWT_TREATV,WT_INCINRT_EGY,ES213,PT,41.2
2020,EN_MWT_TREATV,WT_INCINRT_EGY,ES212,PT,21.9
2016,EN_MWT_TREATV,WT_INCINRT_EGY,ES212,PT,6.9
2014,EN_MWT_TREATV,WT_INCINRT_EGY,ES212,PT,7.4
2015,EN_MWT_TREATV,WT_INCINRT_EGY,ES212,PT,6.9
2013,EN_MWT_TREATV,WT_INCINRT_EGY,ES212,PT,9.3
2022,EN_MWT_TREATV,WT_INCINRT_EGY,ES212,PT,29.8
2021,EN_MWT_TREATV,WT_INCINRT_EGY,ES212,PT,30.1
2018,EN_MWT_TREATV,WT_INCINRT_EGY,ES212,PT,5.6
2017,EN_MWT_TREATV,WT_INCINRT_EGY,ES212,PT,5.4
2019,EN_MWT_TREATV,WT_INCINRT_EGY,ES212,PT,1.1
2010,EN_MWT_TREATV,WT_LANDFIL,,PT,53.9
2016,EN_MWT_TREATV,WT_LANDFIL,,PT,37.3
2020,EN_MWT_TREATV,WT_LANDFIL,,PT,21.9
2011,EN_MWT_TREATV,WT_LANDFIL,,PT,51.1
2017,EN_MWT_TREATV,WT_LANDFIL,,PT,36.4
2014,EN_MWT_TREATV,WT_LANDFIL,,PT,41.2
2013,EN_MWT_TREATV,WT_LANDFIL,,PT,45.2
2022,EN_MWT_TREATV,WT_LANDFIL,,PT,18.6
2019,EN_MWT_TREATV,WT_LANDFIL,,PT,31.7
2021,EN_MWT_TREATV,WT_LANDFIL,,PT,22.1
2018,EN_MWT_TREATV,WT_LANDFIL,,PT,35.7
2012,EN_MWT_TREATV,WT_LANDFIL,,PT,50.7
2015,EN_MWT_TREATV,WT_LANDFIL,,PT,35.6
2019,EN_MWT_TREATV,WT_LANDFIL,ES211,PT,58.7
2016,EN_MWT_TREATV,WT_LANDFIL,ES211,PT,61.8
2020,EN_MWT_TREATV,WT_LANDFIL,ES211,PT,58.8
2013,EN_MWT_TREATV,WT_LANDFIL,ES211,PT,72.1
2018,EN_MWT_TREATV,WT_LANDFIL,ES211,PT,64.0
2015,EN_MWT_TREATV,WT_LANDFIL,ES211,PT,65.1
2021,EN_MWT_TREATV,WT_LANDFIL,ES211,PT,59.5
2022,EN_MWT_TREATV,WT_LANDFIL,ES211,PT,53.8
2014,EN_MWT_TREATV,WT_LANDFIL,ES211,PT,69.5
2017,EN_MWT_TREATV,WT_LANDFIL,ES211,PT,64.5
2018,EN_MWT_TREATV,WT_LANDFIL,ES213,PT,24.5
2019,EN_MWT_TREATV,WT_LANDFIL,ES213,PT,21.0
2016,EN_MWT_TREATV,WT_LANDFIL,ES213,PT,26.4
2014,EN_MWT_TREATV,WT_LANDFIL,ES213,PT,27.6
2015,EN_MWT_TREATV,WT_LANDFIL,ES213,PT,21.9
2017,EN_MWT_TREATV,WT_LANDFIL,ES213,PT,23.3
2021,EN_MWT_TREATV,WT_LANDFIL,ES213,PT,21.7
2022,EN_MWT_TREATV,WT_LANDFIL,ES213,PT,17.0
2020,EN_MWT_TREATV,WT_LANDFIL,ES213,PT,19.7
2013,EN_MWT_TREATV,WT_LANDFIL,ES213,PT,30.4
2022,EN_MWT_TREATV,WT_LANDFIL,ES212,PT,6.6
2020,EN_MWT_TREATV,WT_LANDFIL,ES212,PT,8.8
2021,EN_MWT_TREATV,WT_LANDFIL,ES212,PT,6.6
2018,EN_MWT_TREATV,WT_LANDFIL,ES212,PT,41.4
2016,EN_MWT_TREATV,WT_LANDFIL,ES212,PT,44.7
2019,EN_MWT_TREATV,WT_LANDFIL,ES212,PT,39.6
2014,EN_MWT_TREATV,WT_LANDFIL,ES212,PT,50.7
2017,EN_MWT_TREATV,WT_LANDFIL,ES212,PT,45.9
2013,EN_MWT_TREATV,WT_LANDFIL,ES212,PT,58.8
2015,EN_MWT_TREATV,WT_LANDFIL,ES212,PT,44.8
