Year,Series,Hondakinen tratamendua,Lurralde historikoa,Units,Value
2011,Biztanle bakoitzeko bildutako hiri-hondakinak,,,Kg per capita,434.5
2012,Biztanle bakoitzeko bildutako hiri-hondakinak,,,Kg per capita,457.8
2014,Biztanle bakoitzeko bildutako hiri-hondakinak,,,Kg per capita,469.5
2015,Biztanle bakoitzeko bildutako hiri-hondakinak,,,Kg per capita,462.3
2022,Biztanle bakoitzeko bildutako hiri-hondakinak,,,Kg per capita,446.2
2013,Biztanle bakoitzeko bildutako hiri-hondakinak,,,Kg per capita,463.0
2020,Biztanle bakoitzeko bildutako hiri-hondakinak,,,Kg per capita,449.7
2017,Biztanle bakoitzeko bildutako hiri-hondakinak,,,Kg per capita,472.3
2019,Biztanle bakoitzeko bildutako hiri-hondakinak,,,Kg per capita,469.8
2021,Biztanle bakoitzeko bildutako hiri-hondakinak,,,Kg per capita,458.4
2016,Biztanle bakoitzeko bildutako hiri-hondakinak,,,Kg per capita,474.7
2018,Biztanle bakoitzeko bildutako hiri-hondakinak,,,Kg per capita,485.3
2010,Biztanle bakoitzeko bildutako hiri-hondakinak,,,Kg per capita,445.9
2016,Biztanle bakoitzeko bildutako hiri-hondakinak,,Araba / Álava,Kg per capita,405.5
2010,Biztanle bakoitzeko bildutako hiri-hondakinak,,Araba / Álava,Kg per capita,444.9
2018,Biztanle bakoitzeko bildutako hiri-hondakinak,,Araba / Álava,Kg per capita,436.3
2021,Biztanle bakoitzeko bildutako hiri-hondakinak,,Araba / Álava,Kg per capita,403.8
2013,Biztanle bakoitzeko bildutako hiri-hondakinak,,Araba / Álava,Kg per capita,387.0
2012,Biztanle bakoitzeko bildutako hiri-hondakinak,,Araba / Álava,Kg per capita,405.3
2011,Biztanle bakoitzeko bildutako hiri-hondakinak,,Araba / Álava,Kg per capita,421.7
2020,Biztanle bakoitzeko bildutako hiri-hondakinak,,Araba / Álava,Kg per capita,411.1
2019,Biztanle bakoitzeko bildutako hiri-hondakinak,,Araba / Álava,Kg per capita,425.4
2017,Biztanle bakoitzeko bildutako hiri-hondakinak,,Araba / Álava,Kg per capita,422.3
2015,Biztanle bakoitzeko bildutako hiri-hondakinak,,Araba / Álava,Kg per capita,408.7
2014,Biztanle bakoitzeko bildutako hiri-hondakinak,,Araba / Álava,Kg per capita,392.3
2022,Biztanle bakoitzeko bildutako hiri-hondakinak,,Araba / Álava,Kg per capita,390.6
2022,Biztanle bakoitzeko bildutako hiri-hondakinak,,Bizkaia,Kg per capita,470.8
2020,Biztanle bakoitzeko bildutako hiri-hondakinak,,Bizkaia,Kg per capita,475.2
2013,Biztanle bakoitzeko bildutako hiri-hondakinak,,Bizkaia,Kg per capita,467.6
2011,Biztanle bakoitzeko bildutako hiri-hondakinak,,Bizkaia,Kg per capita,428.2
2018,Biztanle bakoitzeko bildutako hiri-hondakinak,,Bizkaia,Kg per capita,485.1
2017,Biztanle bakoitzeko bildutako hiri-hondakinak,,Bizkaia,Kg per capita,476.6
2015,Biztanle bakoitzeko bildutako hiri-hondakinak,,Bizkaia,Kg per capita,447.2
2014,Biztanle bakoitzeko bildutako hiri-hondakinak,,Bizkaia,Kg per capita,457.8
2019,Biztanle bakoitzeko bildutako hiri-hondakinak,,Bizkaia,Kg per capita,492.7
2021,Biztanle bakoitzeko bildutako hiri-hondakinak,,Bizkaia,Kg per capita,480.3
2010,Biztanle bakoitzeko bildutako hiri-hondakinak,,Bizkaia,Kg per capita,437.1
2016,Biztanle bakoitzeko bildutako hiri-hondakinak,,Bizkaia,Kg per capita,462.7
2012,Biztanle bakoitzeko bildutako hiri-hondakinak,,Bizkaia,Kg per capita,466.3
2015,Biztanle bakoitzeko bildutako hiri-hondakinak,,Gipuzkoa,Kg per capita,510.7
2010,Biztanle bakoitzeko bildutako hiri-hondakinak,,Gipuzkoa,Kg per capita,460.2
2018,Biztanle bakoitzeko bildutako hiri-hondakinak,,Gipuzkoa,Kg per capita,508.0
2011,Biztanle bakoitzeko bildutako hiri-hondakinak,,Gipuzkoa,Kg per capita,449.9
2022,Biztanle bakoitzeko bildutako hiri-hondakinak,,Gipuzkoa,Kg per capita,432.9
2017,Biztanle bakoitzeko bildutako hiri-hondakinak,,Gipuzkoa,Kg per capita,488.1
2013,Biztanle bakoitzeko bildutako hiri-hondakinak,,Gipuzkoa,Kg per capita,490.0
2012,Biztanle bakoitzeko bildutako hiri-hondakinak,,Gipuzkoa,Kg per capita,460.5
2019,Biztanle bakoitzeko bildutako hiri-hondakinak,,Gipuzkoa,Kg per capita,453.7
2020,Biztanle bakoitzeko bildutako hiri-hondakinak,,Gipuzkoa,Kg per capita,426.7
2014,Biztanle bakoitzeko bildutako hiri-hondakinak,,Gipuzkoa,Kg per capita,523.3
2021,Biztanle bakoitzeko bildutako hiri-hondakinak,,Gipuzkoa,Kg per capita,448.6
2016,Biztanle bakoitzeko bildutako hiri-hondakinak,,Gipuzkoa,Kg per capita,525.3
2017,Instalazio kontrolatuetan bildu eta administratutako hiri-hondakinen proportzioa,,,Porcentaje,100.0
2021,Instalazio kontrolatuetan bildu eta administratutako hiri-hondakinen proportzioa,,,Porcentaje,100.0
2010,Instalazio kontrolatuetan bildu eta administratutako hiri-hondakinen proportzioa,,,Porcentaje,100.0
2012,Instalazio kontrolatuetan bildu eta administratutako hiri-hondakinen proportzioa,,,Porcentaje,100.0
2015,Instalazio kontrolatuetan bildu eta administratutako hiri-hondakinen proportzioa,,,Porcentaje,100.0
2011,Instalazio kontrolatuetan bildu eta administratutako hiri-hondakinen proportzioa,,,Porcentaje,100.0
2022,Instalazio kontrolatuetan bildu eta administratutako hiri-hondakinen proportzioa,,,Porcentaje,100.0
2019,Instalazio kontrolatuetan bildu eta administratutako hiri-hondakinen proportzioa,,,Porcentaje,100.0
2013,Instalazio kontrolatuetan bildu eta administratutako hiri-hondakinen proportzioa,,,Porcentaje,100.0
2016,Instalazio kontrolatuetan bildu eta administratutako hiri-hondakinen proportzioa,,,Porcentaje,100.0
2020,Instalazio kontrolatuetan bildu eta administratutako hiri-hondakinen proportzioa,,,Porcentaje,100.0
2014,Instalazio kontrolatuetan bildu eta administratutako hiri-hondakinen proportzioa,,,Porcentaje,100.0
2018,Instalazio kontrolatuetan bildu eta administratutako hiri-hondakinen proportzioa,,,Porcentaje,100.0
2015,Instalazio kontrolatuetan bildu eta administratutako hiri-hondakinen proportzioa,,Araba / Álava,Porcentaje,100.0
2019,Instalazio kontrolatuetan bildu eta administratutako hiri-hondakinen proportzioa,,Araba / Álava,Porcentaje,100.0
2013,Instalazio kontrolatuetan bildu eta administratutako hiri-hondakinen proportzioa,,Araba / Álava,Porcentaje,100.0
2021,Instalazio kontrolatuetan bildu eta administratutako hiri-hondakinen proportzioa,,Araba / Álava,Porcentaje,100.0
2016,Instalazio kontrolatuetan bildu eta administratutako hiri-hondakinen proportzioa,,Araba / Álava,Porcentaje,100.0
2014,Instalazio kontrolatuetan bildu eta administratutako hiri-hondakinen proportzioa,,Araba / Álava,Porcentaje,100.0
2020,Instalazio kontrolatuetan bildu eta administratutako hiri-hondakinen proportzioa,,Araba / Álava,Porcentaje,100.0
2018,Instalazio kontrolatuetan bildu eta administratutako hiri-hondakinen proportzioa,,Araba / Álava,Porcentaje,100.0
2010,Instalazio kontrolatuetan bildu eta administratutako hiri-hondakinen proportzioa,,Araba / Álava,Porcentaje,100.0
2012,Instalazio kontrolatuetan bildu eta administratutako hiri-hondakinen proportzioa,,Araba / Álava,Porcentaje,100.0
2011,Instalazio kontrolatuetan bildu eta administratutako hiri-hondakinen proportzioa,,Araba / Álava,Porcentaje,100.0
2022,Instalazio kontrolatuetan bildu eta administratutako hiri-hondakinen proportzioa,,Araba / Álava,Porcentaje,100.0
2017,Instalazio kontrolatuetan bildu eta administratutako hiri-hondakinen proportzioa,,Araba / Álava,Porcentaje,100.0
2013,Instalazio kontrolatuetan bildu eta administratutako hiri-hondakinen proportzioa,,Bizkaia,Porcentaje,100.0
2016,Instalazio kontrolatuetan bildu eta administratutako hiri-hondakinen proportzioa,,Bizkaia,Porcentaje,100.0
2015,Instalazio kontrolatuetan bildu eta administratutako hiri-hondakinen proportzioa,,Bizkaia,Porcentaje,100.0
2018,Instalazio kontrolatuetan bildu eta administratutako hiri-hondakinen proportzioa,,Bizkaia,Porcentaje,100.0
2010,Instalazio kontrolatuetan bildu eta administratutako hiri-hondakinen proportzioa,,Bizkaia,Porcentaje,100.0
2019,Instalazio kontrolatuetan bildu eta administratutako hiri-hondakinen proportzioa,,Bizkaia,Porcentaje,100.0
2020,Instalazio kontrolatuetan bildu eta administratutako hiri-hondakinen proportzioa,,Bizkaia,Porcentaje,100.0
2017,Instalazio kontrolatuetan bildu eta administratutako hiri-hondakinen proportzioa,,Bizkaia,Porcentaje,100.0
2014,Instalazio kontrolatuetan bildu eta administratutako hiri-hondakinen proportzioa,,Bizkaia,Porcentaje,100.0
2022,Instalazio kontrolatuetan bildu eta administratutako hiri-hondakinen proportzioa,,Bizkaia,Porcentaje,100.0
2011,Instalazio kontrolatuetan bildu eta administratutako hiri-hondakinen proportzioa,,Bizkaia,Porcentaje,100.0
2021,Instalazio kontrolatuetan bildu eta administratutako hiri-hondakinen proportzioa,,Bizkaia,Porcentaje,100.0
2012,Instalazio kontrolatuetan bildu eta administratutako hiri-hondakinen proportzioa,,Bizkaia,Porcentaje,100.0
2016,Instalazio kontrolatuetan bildu eta administratutako hiri-hondakinen proportzioa,,Gipuzkoa,Porcentaje,100.0
2011,Instalazio kontrolatuetan bildu eta administratutako hiri-hondakinen proportzioa,,Gipuzkoa,Porcentaje,100.0
2021,Instalazio kontrolatuetan bildu eta administratutako hiri-hondakinen proportzioa,,Gipuzkoa,Porcentaje,100.0
2018,Instalazio kontrolatuetan bildu eta administratutako hiri-hondakinen proportzioa,,Gipuzkoa,Porcentaje,100.0
2010,Instalazio kontrolatuetan bildu eta administratutako hiri-hondakinen proportzioa,,Gipuzkoa,Porcentaje,100.0
2015,Instalazio kontrolatuetan bildu eta administratutako hiri-hondakinen proportzioa,,Gipuzkoa,Porcentaje,100.0
2019,Instalazio kontrolatuetan bildu eta administratutako hiri-hondakinen proportzioa,,Gipuzkoa,Porcentaje,100.0
2014,Instalazio kontrolatuetan bildu eta administratutako hiri-hondakinen proportzioa,,Gipuzkoa,Porcentaje,100.0
2012,Instalazio kontrolatuetan bildu eta administratutako hiri-hondakinen proportzioa,,Gipuzkoa,Porcentaje,100.0
2017,Instalazio kontrolatuetan bildu eta administratutako hiri-hondakinen proportzioa,,Gipuzkoa,Porcentaje,100.0
2013,Instalazio kontrolatuetan bildu eta administratutako hiri-hondakinen proportzioa,,Gipuzkoa,Porcentaje,100.0
2020,Instalazio kontrolatuetan bildu eta administratutako hiri-hondakinen proportzioa,,Gipuzkoa,Porcentaje,100.0
2022,Instalazio kontrolatuetan bildu eta administratutako hiri-hondakinen proportzioa,,Gipuzkoa,Porcentaje,100.0
2014,"Tratatutako hiri-hondakinen proportzioa, tratamendu-motaren arabera banakatuta",Birziklatzea,,Porcentaje,33.3
2010,"Tratatutako hiri-hondakinen proportzioa, tratamendu-motaren arabera banakatuta",Birziklatzea,,Porcentaje,24.7
2020,"Tratatutako hiri-hondakinen proportzioa, tratamendu-motaren arabera banakatuta",Birziklatzea,,Porcentaje,47.2
2013,"Tratatutako hiri-hondakinen proportzioa, tratamendu-motaren arabera banakatuta",Birziklatzea,,Porcentaje,28.2
2016,"Tratatutako hiri-hondakinen proportzioa, tratamendu-motaren arabera banakatuta",Birziklatzea,,Porcentaje,38.0
2015,"Tratatutako hiri-hondakinen proportzioa, tratamendu-motaren arabera banakatuta",Birziklatzea,,Porcentaje,36.4
2022,"Tratatutako hiri-hondakinen proportzioa, tratamendu-motaren arabera banakatuta",Birziklatzea,,Porcentaje,47.4
2018,"Tratatutako hiri-hondakinen proportzioa, tratamendu-motaren arabera banakatuta",Birziklatzea,,Porcentaje,41.5
2012,"Tratatutako hiri-hondakinen proportzioa, tratamendu-motaren arabera banakatuta",Birziklatzea,,Porcentaje,28.5
2019,"Tratatutako hiri-hondakinen proportzioa, tratamendu-motaren arabera banakatuta",Birziklatzea,,Porcentaje,44.7
2021,"Tratatutako hiri-hondakinen proportzioa, tratamendu-motaren arabera banakatuta",Birziklatzea,,Porcentaje,45.4
2011,"Tratatutako hiri-hondakinen proportzioa, tratamendu-motaren arabera banakatuta",Birziklatzea,,Porcentaje,25.6
2017,"Tratatutako hiri-hondakinen proportzioa, tratamendu-motaren arabera banakatuta",Birziklatzea,,Porcentaje,39.3
2013,"Tratatutako hiri-hondakinen proportzioa, tratamendu-motaren arabera banakatuta",Birziklatzea,Araba / Álava,Porcentaje,24.2
2019,"Tratatutako hiri-hondakinen proportzioa, tratamendu-motaren arabera banakatuta",Birziklatzea,Araba / Álava,Porcentaje,38.4
2018,"Tratatutako hiri-hondakinen proportzioa, tratamendu-motaren arabera banakatuta",Birziklatzea,Araba / Álava,Porcentaje,31.5
2021,"Tratatutako hiri-hondakinen proportzioa, tratamendu-motaren arabera banakatuta",Birziklatzea,Araba / Álava,Porcentaje,38.9
2020,"Tratatutako hiri-hondakinen proportzioa, tratamendu-motaren arabera banakatuta",Birziklatzea,Araba / Álava,Porcentaje,39.2
2015,"Tratatutako hiri-hondakinen proportzioa, tratamendu-motaren arabera banakatuta",Birziklatzea,Araba / Álava,Porcentaje,30.6
2014,"Tratatutako hiri-hondakinen proportzioa, tratamendu-motaren arabera banakatuta",Birziklatzea,Araba / Álava,Porcentaje,27.0
2016,"Tratatutako hiri-hondakinen proportzioa, tratamendu-motaren arabera banakatuta",Birziklatzea,Araba / Álava,Porcentaje,33.7
2017,"Tratatutako hiri-hondakinen proportzioa, tratamendu-motaren arabera banakatuta",Birziklatzea,Araba / Álava,Porcentaje,31.3
2022,"Tratatutako hiri-hondakinen proportzioa, tratamendu-motaren arabera banakatuta",Birziklatzea,Araba / Álava,Porcentaje,44.9
2013,"Tratatutako hiri-hondakinen proportzioa, tratamendu-motaren arabera banakatuta",Birziklatzea,Bizkaia,Porcentaje,26.6
2019,"Tratatutako hiri-hondakinen proportzioa, tratamendu-motaren arabera banakatuta",Birziklatzea,Bizkaia,Porcentaje,37.9
2021,"Tratatutako hiri-hondakinen proportzioa, tratamendu-motaren arabera banakatuta",Birziklatzea,Bizkaia,Porcentaje,37.1
2015,"Tratatutako hiri-hondakinen proportzioa, tratamendu-motaren arabera banakatuta",Birziklatzea,Bizkaia,Porcentaje,28.7
2016,"Tratatutako hiri-hondakinen proportzioa, tratamendu-motaren arabera banakatuta",Birziklatzea,Bizkaia,Porcentaje,31.2
2022,"Tratatutako hiri-hondakinen proportzioa, tratamendu-motaren arabera banakatuta",Birziklatzea,Bizkaia,Porcentaje,39.2
2020,"Tratatutako hiri-hondakinen proportzioa, tratamendu-motaren arabera banakatuta",Birziklatzea,Bizkaia,Porcentaje,38.1
2017,"Tratatutako hiri-hondakinen proportzioa, tratamendu-motaren arabera banakatuta",Birziklatzea,Bizkaia,Porcentaje,34.8
2018,"Tratatutako hiri-hondakinen proportzioa, tratamendu-motaren arabera banakatuta",Birziklatzea,Bizkaia,Porcentaje,35.8
2014,"Tratatutako hiri-hondakinen proportzioa, tratamendu-motaren arabera banakatuta",Birziklatzea,Bizkaia,Porcentaje,28.2
2020,"Tratatutako hiri-hondakinen proportzioa, tratamendu-motaren arabera banakatuta",Birziklatzea,Gipuzkoa,Porcentaje,69.3
2018,"Tratatutako hiri-hondakinen proportzioa, tratamendu-motaren arabera banakatuta",Birziklatzea,Gipuzkoa,Porcentaje,52.9
2015,"Tratatutako hiri-hondakinen proportzioa, tratamendu-motaren arabera banakatuta",Birziklatzea,Gipuzkoa,Porcentaje,48.3
2017,"Tratatutako hiri-hondakinen proportzioa, tratamendu-motaren arabera banakatuta",Birziklatzea,Gipuzkoa,Porcentaje,48.7
2019,"Tratatutako hiri-hondakinen proportzioa, tratamendu-motaren arabera banakatuta",Birziklatzea,Gipuzkoa,Porcentaje,59.3
2021,"Tratatutako hiri-hondakinen proportzioa, tratamendu-motaren arabera banakatuta",Birziklatzea,Gipuzkoa,Porcentaje,63.4
2022,"Tratatutako hiri-hondakinen proportzioa, tratamendu-motaren arabera banakatuta",Birziklatzea,Gipuzkoa,Porcentaje,63.5
2013,"Tratatutako hiri-hondakinen proportzioa, tratamendu-motaren arabera banakatuta",Birziklatzea,Gipuzkoa,Porcentaje,31.9
2014,"Tratatutako hiri-hondakinen proportzioa, tratamendu-motaren arabera banakatuta",Birziklatzea,Gipuzkoa,Porcentaje,41.9
2016,"Tratatutako hiri-hondakinen proportzioa, tratamendu-motaren arabera banakatuta",Birziklatzea,Gipuzkoa,Porcentaje,48.4
2021,"Tratatutako hiri-hondakinen proportzioa, tratamendu-motaren arabera banakatuta","Errausketa, energia berreskurapenarekin",,Porcentaje,32.5
2012,"Tratatutako hiri-hondakinen proportzioa, tratamendu-motaren arabera banakatuta","Errausketa, energia berreskurapenarekin",,Porcentaje,20.9
2011,"Tratatutako hiri-hondakinen proportzioa, tratamendu-motaren arabera banakatuta","Errausketa, energia berreskurapenarekin",,Porcentaje,23.3
2022,"Tratatutako hiri-hondakinen proportzioa, tratamendu-motaren arabera banakatuta","Errausketa, energia berreskurapenarekin",,Porcentaje,33.9
2013,"Tratatutako hiri-hondakinen proportzioa, tratamendu-motaren arabera banakatuta","Errausketa, energia berreskurapenarekin",,Porcentaje,26.6
2017,"Tratatutako hiri-hondakinen proportzioa, tratamendu-motaren arabera banakatuta","Errausketa, energia berreskurapenarekin",,Porcentaje,24.3
2014,"Tratatutako hiri-hondakinen proportzioa, tratamendu-motaren arabera banakatuta","Errausketa, energia berreskurapenarekin",,Porcentaje,25.6
2018,"Tratatutako hiri-hondakinen proportzioa, tratamendu-motaren arabera banakatuta","Errausketa, energia berreskurapenarekin",,Porcentaje,22.8
2015,"Tratatutako hiri-hondakinen proportzioa, tratamendu-motaren arabera banakatuta","Errausketa, energia berreskurapenarekin",,Porcentaje,27.9
2020,"Tratatutako hiri-hondakinen proportzioa, tratamendu-motaren arabera banakatuta","Errausketa, energia berreskurapenarekin",,Porcentaje,30.8
2019,"Tratatutako hiri-hondakinen proportzioa, tratamendu-motaren arabera banakatuta","Errausketa, energia berreskurapenarekin",,Porcentaje,23.5
2010,"Tratatutako hiri-hondakinen proportzioa, tratamendu-motaren arabera banakatuta","Errausketa, energia berreskurapenarekin",,Porcentaje,21.4
2016,"Tratatutako hiri-hondakinen proportzioa, tratamendu-motaren arabera banakatuta","Errausketa, energia berreskurapenarekin",,Porcentaje,24.7
2013,"Tratatutako hiri-hondakinen proportzioa, tratamendu-motaren arabera banakatuta","Errausketa, energia berreskurapenarekin",Araba / Álava,Porcentaje,3.7
2019,"Tratatutako hiri-hondakinen proportzioa, tratamendu-motaren arabera banakatuta","Errausketa, energia berreskurapenarekin",Araba / Álava,Porcentaje,2.9
2015,"Tratatutako hiri-hondakinen proportzioa, tratamendu-motaren arabera banakatuta","Errausketa, energia berreskurapenarekin",Araba / Álava,Porcentaje,4.3
2016,"Tratatutako hiri-hondakinen proportzioa, tratamendu-motaren arabera banakatuta","Errausketa, energia berreskurapenarekin",Araba / Álava,Porcentaje,4.4
2017,"Tratatutako hiri-hondakinen proportzioa, tratamendu-motaren arabera banakatuta","Errausketa, energia berreskurapenarekin",Araba / Álava,Porcentaje,4.2
2021,"Tratatutako hiri-hondakinen proportzioa, tratamendu-motaren arabera banakatuta","Errausketa, energia berreskurapenarekin",Araba / Álava,Porcentaje,1.6
2014,"Tratatutako hiri-hondakinen proportzioa, tratamendu-motaren arabera banakatuta","Errausketa, energia berreskurapenarekin",Araba / Álava,Porcentaje,3.5
2022,"Tratatutako hiri-hondakinen proportzioa, tratamendu-motaren arabera banakatuta","Errausketa, energia berreskurapenarekin",Araba / Álava,Porcentaje,1.3
2018,"Tratatutako hiri-hondakinen proportzioa, tratamendu-motaren arabera banakatuta","Errausketa, energia berreskurapenarekin",Araba / Álava,Porcentaje,4.4
2020,"Tratatutako hiri-hondakinen proportzioa, tratamendu-motaren arabera banakatuta","Errausketa, energia berreskurapenarekin",Araba / Álava,Porcentaje,2.1
2020,"Tratatutako hiri-hondakinen proportzioa, tratamendu-motaren arabera banakatuta","Errausketa, energia berreskurapenarekin",Bizkaia,Porcentaje,42.2
2015,"Tratatutako hiri-hondakinen proportzioa, tratamendu-motaren arabera banakatuta","Errausketa, energia berreskurapenarekin",Bizkaia,Porcentaje,49.4
2014,"Tratatutako hiri-hondakinen proportzioa, tratamendu-motaren arabera banakatuta","Errausketa, energia berreskurapenarekin",Bizkaia,Porcentaje,44.2
2013,"Tratatutako hiri-hondakinen proportzioa, tratamendu-motaren arabera banakatuta","Errausketa, energia berreskurapenarekin",Bizkaia,Porcentaje,43.0
2022,"Tratatutako hiri-hondakinen proportzioa, tratamendu-motaren arabera banakatuta","Errausketa, energia berreskurapenarekin",Bizkaia,Porcentaje,43.8
2018,"Tratatutako hiri-hondakinen proportzioa, tratamendu-motaren arabera banakatuta","Errausketa, energia berreskurapenarekin",Bizkaia,Porcentaje,39.6
2019,"Tratatutako hiri-hondakinen proportzioa, tratamendu-motaren arabera banakatuta","Errausketa, energia berreskurapenarekin",Bizkaia,Porcentaje,41.2
2016,"Tratatutako hiri-hondakinen proportzioa, tratamendu-motaren arabera banakatuta","Errausketa, energia berreskurapenarekin",Bizkaia,Porcentaje,42.5
2017,"Tratatutako hiri-hondakinen proportzioa, tratamendu-motaren arabera banakatuta","Errausketa, energia berreskurapenarekin",Bizkaia,Porcentaje,41.9
2021,"Tratatutako hiri-hondakinen proportzioa, tratamendu-motaren arabera banakatuta","Errausketa, energia berreskurapenarekin",Bizkaia,Porcentaje,41.2
2020,"Tratatutako hiri-hondakinen proportzioa, tratamendu-motaren arabera banakatuta","Errausketa, energia berreskurapenarekin",Gipuzkoa,Porcentaje,21.9
2016,"Tratatutako hiri-hondakinen proportzioa, tratamendu-motaren arabera banakatuta","Errausketa, energia berreskurapenarekin",Gipuzkoa,Porcentaje,6.9
2014,"Tratatutako hiri-hondakinen proportzioa, tratamendu-motaren arabera banakatuta","Errausketa, energia berreskurapenarekin",Gipuzkoa,Porcentaje,7.4
2015,"Tratatutako hiri-hondakinen proportzioa, tratamendu-motaren arabera banakatuta","Errausketa, energia berreskurapenarekin",Gipuzkoa,Porcentaje,6.9
2013,"Tratatutako hiri-hondakinen proportzioa, tratamendu-motaren arabera banakatuta","Errausketa, energia berreskurapenarekin",Gipuzkoa,Porcentaje,9.3
2022,"Tratatutako hiri-hondakinen proportzioa, tratamendu-motaren arabera banakatuta","Errausketa, energia berreskurapenarekin",Gipuzkoa,Porcentaje,29.8
2021,"Tratatutako hiri-hondakinen proportzioa, tratamendu-motaren arabera banakatuta","Errausketa, energia berreskurapenarekin",Gipuzkoa,Porcentaje,30.1
2018,"Tratatutako hiri-hondakinen proportzioa, tratamendu-motaren arabera banakatuta","Errausketa, energia berreskurapenarekin",Gipuzkoa,Porcentaje,5.6
2017,"Tratatutako hiri-hondakinen proportzioa, tratamendu-motaren arabera banakatuta","Errausketa, energia berreskurapenarekin",Gipuzkoa,Porcentaje,5.4
2019,"Tratatutako hiri-hondakinen proportzioa, tratamendu-motaren arabera banakatuta","Errausketa, energia berreskurapenarekin",Gipuzkoa,Porcentaje,1.1
2010,"Tratatutako hiri-hondakinen proportzioa, tratamendu-motaren arabera banakatuta",Zabortegia,,Porcentaje,53.9
2016,"Tratatutako hiri-hondakinen proportzioa, tratamendu-motaren arabera banakatuta",Zabortegia,,Porcentaje,37.3
2020,"Tratatutako hiri-hondakinen proportzioa, tratamendu-motaren arabera banakatuta",Zabortegia,,Porcentaje,21.9
2011,"Tratatutako hiri-hondakinen proportzioa, tratamendu-motaren arabera banakatuta",Zabortegia,,Porcentaje,51.1
2017,"Tratatutako hiri-hondakinen proportzioa, tratamendu-motaren arabera banakatuta",Zabortegia,,Porcentaje,36.4
2014,"Tratatutako hiri-hondakinen proportzioa, tratamendu-motaren arabera banakatuta",Zabortegia,,Porcentaje,41.2
2013,"Tratatutako hiri-hondakinen proportzioa, tratamendu-motaren arabera banakatuta",Zabortegia,,Porcentaje,45.2
2022,"Tratatutako hiri-hondakinen proportzioa, tratamendu-motaren arabera banakatuta",Zabortegia,,Porcentaje,18.6
2019,"Tratatutako hiri-hondakinen proportzioa, tratamendu-motaren arabera banakatuta",Zabortegia,,Porcentaje,31.7
2021,"Tratatutako hiri-hondakinen proportzioa, tratamendu-motaren arabera banakatuta",Zabortegia,,Porcentaje,22.1
2018,"Tratatutako hiri-hondakinen proportzioa, tratamendu-motaren arabera banakatuta",Zabortegia,,Porcentaje,35.7
2012,"Tratatutako hiri-hondakinen proportzioa, tratamendu-motaren arabera banakatuta",Zabortegia,,Porcentaje,50.7
2015,"Tratatutako hiri-hondakinen proportzioa, tratamendu-motaren arabera banakatuta",Zabortegia,,Porcentaje,35.6
2019,"Tratatutako hiri-hondakinen proportzioa, tratamendu-motaren arabera banakatuta",Zabortegia,Araba / Álava,Porcentaje,58.7
2016,"Tratatutako hiri-hondakinen proportzioa, tratamendu-motaren arabera banakatuta",Zabortegia,Araba / Álava,Porcentaje,61.8
2020,"Tratatutako hiri-hondakinen proportzioa, tratamendu-motaren arabera banakatuta",Zabortegia,Araba / Álava,Porcentaje,58.8
2013,"Tratatutako hiri-hondakinen proportzioa, tratamendu-motaren arabera banakatuta",Zabortegia,Araba / Álava,Porcentaje,72.1
2018,"Tratatutako hiri-hondakinen proportzioa, tratamendu-motaren arabera banakatuta",Zabortegia,Araba / Álava,Porcentaje,64.0
2015,"Tratatutako hiri-hondakinen proportzioa, tratamendu-motaren arabera banakatuta",Zabortegia,Araba / Álava,Porcentaje,65.1
2021,"Tratatutako hiri-hondakinen proportzioa, tratamendu-motaren arabera banakatuta",Zabortegia,Araba / Álava,Porcentaje,59.5
2022,"Tratatutako hiri-hondakinen proportzioa, tratamendu-motaren arabera banakatuta",Zabortegia,Araba / Álava,Porcentaje,53.8
2014,"Tratatutako hiri-hondakinen proportzioa, tratamendu-motaren arabera banakatuta",Zabortegia,Araba / Álava,Porcentaje,69.5
2017,"Tratatutako hiri-hondakinen proportzioa, tratamendu-motaren arabera banakatuta",Zabortegia,Araba / Álava,Porcentaje,64.5
2018,"Tratatutako hiri-hondakinen proportzioa, tratamendu-motaren arabera banakatuta",Zabortegia,Bizkaia,Porcentaje,24.5
2019,"Tratatutako hiri-hondakinen proportzioa, tratamendu-motaren arabera banakatuta",Zabortegia,Bizkaia,Porcentaje,21.0
2016,"Tratatutako hiri-hondakinen proportzioa, tratamendu-motaren arabera banakatuta",Zabortegia,Bizkaia,Porcentaje,26.4
2014,"Tratatutako hiri-hondakinen proportzioa, tratamendu-motaren arabera banakatuta",Zabortegia,Bizkaia,Porcentaje,27.6
2015,"Tratatutako hiri-hondakinen proportzioa, tratamendu-motaren arabera banakatuta",Zabortegia,Bizkaia,Porcentaje,21.9
2017,"Tratatutako hiri-hondakinen proportzioa, tratamendu-motaren arabera banakatuta",Zabortegia,Bizkaia,Porcentaje,23.3
2021,"Tratatutako hiri-hondakinen proportzioa, tratamendu-motaren arabera banakatuta",Zabortegia,Bizkaia,Porcentaje,21.7
2022,"Tratatutako hiri-hondakinen proportzioa, tratamendu-motaren arabera banakatuta",Zabortegia,Bizkaia,Porcentaje,17.0
2020,"Tratatutako hiri-hondakinen proportzioa, tratamendu-motaren arabera banakatuta",Zabortegia,Bizkaia,Porcentaje,19.7
2013,"Tratatutako hiri-hondakinen proportzioa, tratamendu-motaren arabera banakatuta",Zabortegia,Bizkaia,Porcentaje,30.4
2022,"Tratatutako hiri-hondakinen proportzioa, tratamendu-motaren arabera banakatuta",Zabortegia,Gipuzkoa,Porcentaje,6.6
2020,"Tratatutako hiri-hondakinen proportzioa, tratamendu-motaren arabera banakatuta",Zabortegia,Gipuzkoa,Porcentaje,8.8
2021,"Tratatutako hiri-hondakinen proportzioa, tratamendu-motaren arabera banakatuta",Zabortegia,Gipuzkoa,Porcentaje,6.6
2018,"Tratatutako hiri-hondakinen proportzioa, tratamendu-motaren arabera banakatuta",Zabortegia,Gipuzkoa,Porcentaje,41.4
2016,"Tratatutako hiri-hondakinen proportzioa, tratamendu-motaren arabera banakatuta",Zabortegia,Gipuzkoa,Porcentaje,44.7
2019,"Tratatutako hiri-hondakinen proportzioa, tratamendu-motaren arabera banakatuta",Zabortegia,Gipuzkoa,Porcentaje,39.6
2014,"Tratatutako hiri-hondakinen proportzioa, tratamendu-motaren arabera banakatuta",Zabortegia,Gipuzkoa,Porcentaje,50.7
2017,"Tratatutako hiri-hondakinen proportzioa, tratamendu-motaren arabera banakatuta",Zabortegia,Gipuzkoa,Porcentaje,45.9
2013,"Tratatutako hiri-hondakinen proportzioa, tratamendu-motaren arabera banakatuta",Zabortegia,Gipuzkoa,Porcentaje,58.8
2015,"Tratatutako hiri-hondakinen proportzioa, tratamendu-motaren arabera banakatuta",Zabortegia,Gipuzkoa,Porcentaje,44.8
