Year,Series,Isurketa sektorea,Units,Value
2010,"Berotegi-efektuko gasen isurketak, guztira, urtearen arabera",ENERGETIKO,CO2 tona  baliokideak,7710563.12
2018,"Berotegi-efektuko gasen isurketak, guztira, urtearen arabera",ZERBITZU,CO2 tona  baliokideak,441397.99
2022,"Berotegi-efektuko gasen isurketak, guztira, urtearen arabera",,CO2 tona  baliokideak,18257908.89
2022,"Berotegi-efektuko gasen isurketak, guztira, urtearen arabera",GARRAIO,CO2 tona  baliokideak,6352811.46
2018,"Berotegi-efektuko gasen isurketak, guztira, urtearen arabera",NEKAZARI,CO2 tona  baliokideak,705609.85
2018,"Berotegi-efektuko gasen isurketak, guztira, urtearen arabera",EGOITZA,CO2 tona  baliokideak,912744.58
2021,"Berotegi-efektuko gasen isurketak, guztira, urtearen arabera",ENERGETIKO,CO2 tona  baliokideak,5375563.35
2014,"Berotegi-efektuko gasen isurketak, guztira, urtearen arabera",ZERBITZU,CO2 tona  baliokideak,447981.35
2015,"Berotegi-efektuko gasen isurketak, guztira, urtearen arabera",GARRAIO,CO2 tona  baliokideak,5839117.52
2010,"Berotegi-efektuko gasen isurketak, guztira, urtearen arabera",EGOITZA,CO2 tona  baliokideak,890544.04
2017,"Berotegi-efektuko gasen isurketak, guztira, urtearen arabera",HONDAKIN,CO2 tona  baliokideak,881603.52
2023,"Berotegi-efektuko gasen isurketak, guztira, urtearen arabera",INDUSTRIA,CO2 tona  baliokideak,3017839.88
2012,"Berotegi-efektuko gasen isurketak, guztira, urtearen arabera",EGOITZA,CO2 tona  baliokideak,814790.05
2015,"Berotegi-efektuko gasen isurketak, guztira, urtearen arabera",NEKAZARI,CO2 tona  baliokideak,836730.99
2019,"Berotegi-efektuko gasen isurketak, guztira, urtearen arabera",EGOITZA,CO2 tona  baliokideak,841921.51
2013,"Berotegi-efektuko gasen isurketak, guztira, urtearen arabera",ZERBITZU,CO2 tona  baliokideak,465257.0
2020,"Berotegi-efektuko gasen isurketak, guztira, urtearen arabera",EGOITZA,CO2 tona  baliokideak,772217.44
2014,"Berotegi-efektuko gasen isurketak, guztira, urtearen arabera",ENERGETIKO,CO2 tona  baliokideak,6491899.67
2022,"Berotegi-efektuko gasen isurketak, guztira, urtearen arabera",NEKAZARI,CO2 tona  baliokideak,587652.02
2019,"Berotegi-efektuko gasen isurketak, guztira, urtearen arabera",GARRAIO,CO2 tona  baliokideak,6354869.76
2021,"Berotegi-efektuko gasen isurketak, guztira, urtearen arabera",,CO2 tona  baliokideak,17607243.41
2011,"Berotegi-efektuko gasen isurketak, guztira, urtearen arabera",GARRAIO,CO2 tona  baliokideak,5112741.02
2021,"Berotegi-efektuko gasen isurketak, guztira, urtearen arabera",NEKAZARI,CO2 tona  baliokideak,713636.88
2013,"Berotegi-efektuko gasen isurketak, guztira, urtearen arabera",HONDAKIN,CO2 tona  baliokideak,1022212.49
2016,"Berotegi-efektuko gasen isurketak, guztira, urtearen arabera",,CO2 tona  baliokideak,18745087.37
2021,"Berotegi-efektuko gasen isurketak, guztira, urtearen arabera",HONDAKIN,CO2 tona  baliokideak,746430.27
2018,"Berotegi-efektuko gasen isurketak, guztira, urtearen arabera",INDUSTRIA,CO2 tona  baliokideak,3476428.15
2021,"Berotegi-efektuko gasen isurketak, guztira, urtearen arabera",INDUSTRIA,CO2 tona  baliokideak,3464322.87
2013,"Berotegi-efektuko gasen isurketak, guztira, urtearen arabera",INDUSTRIA,CO2 tona  baliokideak,3604364.38
2020,"Berotegi-efektuko gasen isurketak, guztira, urtearen arabera",INDUSTRIA,CO2 tona  baliokideak,2878943.22
2012,"Berotegi-efektuko gasen isurketak, guztira, urtearen arabera",NEKAZARI,CO2 tona  baliokideak,802660.0
2016,"Berotegi-efektuko gasen isurketak, guztira, urtearen arabera",EGOITZA,CO2 tona  baliokideak,659969.21
2022,"Berotegi-efektuko gasen isurketak, guztira, urtearen arabera",ZERBITZU,CO2 tona  baliokideak,358609.96
2018,"Berotegi-efektuko gasen isurketak, guztira, urtearen arabera",HONDAKIN,CO2 tona  baliokideak,835547.82
2012,"Berotegi-efektuko gasen isurketak, guztira, urtearen arabera",ZERBITZU,CO2 tona  baliokideak,488692.35
2022,"Berotegi-efektuko gasen isurketak, guztira, urtearen arabera",EGOITZA,CO2 tona  baliokideak,803982.93
2013,"Berotegi-efektuko gasen isurketak, guztira, urtearen arabera",ENERGETIKO,CO2 tona  baliokideak,6623455.82
2012,"Berotegi-efektuko gasen isurketak, guztira, urtearen arabera",INDUSTRIA,CO2 tona  baliokideak,4024916.89
2018,"Berotegi-efektuko gasen isurketak, guztira, urtearen arabera",ENERGETIKO,CO2 tona  baliokideak,6295263.29
2019,"Berotegi-efektuko gasen isurketak, guztira, urtearen arabera",,CO2 tona  baliokideak,18599385.12
2015,"Berotegi-efektuko gasen isurketak, guztira, urtearen arabera",ENERGETIKO,CO2 tona  baliokideak,6950651.82
2014,"Berotegi-efektuko gasen isurketak, guztira, urtearen arabera",HONDAKIN,CO2 tona  baliokideak,1023914.38
2023,"Berotegi-efektuko gasen isurketak, guztira, urtearen arabera",ENERGETIKO,CO2 tona  baliokideak,4932524.68
2011,"Berotegi-efektuko gasen isurketak, guztira, urtearen arabera",,CO2 tona  baliokideak,20245191.39
2016,"Berotegi-efektuko gasen isurketak, guztira, urtearen arabera",GARRAIO,CO2 tona  baliokideak,6113744.75
2014,"Berotegi-efektuko gasen isurketak, guztira, urtearen arabera",EGOITZA,CO2 tona  baliokideak,716637.45
2010,"Berotegi-efektuko gasen isurketak, guztira, urtearen arabera",GARRAIO,CO2 tona  baliokideak,5194492.31
2015,"Berotegi-efektuko gasen isurketak, guztira, urtearen arabera",,CO2 tona  baliokideak,19467497.86
2018,"Berotegi-efektuko gasen isurketak, guztira, urtearen arabera",GARRAIO,CO2 tona  baliokideak,6414405.77
2017,"Berotegi-efektuko gasen isurketak, guztira, urtearen arabera",INDUSTRIA,CO2 tona  baliokideak,3720919.41
2011,"Berotegi-efektuko gasen isurketak, guztira, urtearen arabera",HONDAKIN,CO2 tona  baliokideak,1049247.43
2018,"Berotegi-efektuko gasen isurketak, guztira, urtearen arabera",,CO2 tona  baliokideak,19081397.43
2015,"Berotegi-efektuko gasen isurketak, guztira, urtearen arabera",HONDAKIN,CO2 tona  baliokideak,972405.99
2017,"Berotegi-efektuko gasen isurketak, guztira, urtearen arabera",EGOITZA,CO2 tona  baliokideak,779933.68
2019,"Berotegi-efektuko gasen isurketak, guztira, urtearen arabera",HONDAKIN,CO2 tona  baliokideak,816233.61
2023,"Berotegi-efektuko gasen isurketak, guztira, urtearen arabera",ZERBITZU,CO2 tona  baliokideak,275062.34
2023,"Berotegi-efektuko gasen isurketak, guztira, urtearen arabera",HONDAKIN,CO2 tona  baliokideak,658884.77
2019,"Berotegi-efektuko gasen isurketak, guztira, urtearen arabera",INDUSTRIA,CO2 tona  baliokideak,3368056.2
2010,"Berotegi-efektuko gasen isurketak, guztira, urtearen arabera",ZERBITZU,CO2 tona  baliokideak,496838.12
2016,"Berotegi-efektuko gasen isurketak, guztira, urtearen arabera",INDUSTRIA,CO2 tona  baliokideak,3578212.72
2017,"Berotegi-efektuko gasen isurketak, guztira, urtearen arabera",NEKAZARI,CO2 tona  baliokideak,811932.88
2010,"Berotegi-efektuko gasen isurketak, guztira, urtearen arabera",INDUSTRIA,CO2 tona  baliokideak,5532918.18
2014,"Berotegi-efektuko gasen isurketak, guztira, urtearen arabera",INDUSTRIA,CO2 tona  baliokideak,3665899.58
2020,"Berotegi-efektuko gasen isurketak, guztira, urtearen arabera",NEKAZARI,CO2 tona  baliokideak,703898.51
2020,"Berotegi-efektuko gasen isurketak, guztira, urtearen arabera",HONDAKIN,CO2 tona  baliokideak,789534.5
2014,"Berotegi-efektuko gasen isurketak, guztira, urtearen arabera",NEKAZARI,CO2 tona  baliokideak,848247.83
2011,"Berotegi-efektuko gasen isurketak, guztira, urtearen arabera",INDUSTRIA,CO2 tona  baliokideak,4405219.42
2010,"Berotegi-efektuko gasen isurketak, guztira, urtearen arabera",NEKAZARI,CO2 tona  baliokideak,835271.5
2014,"Berotegi-efektuko gasen isurketak, guztira, urtearen arabera",,CO2 tona  baliokideak,18844234.63
2023,"Berotegi-efektuko gasen isurketak, guztira, urtearen arabera",NEKAZARI,CO2 tona  baliokideak,614685.59
2013,"Berotegi-efektuko gasen isurketak, guztira, urtearen arabera",EGOITZA,CO2 tona  baliokideak,789279.23
2020,"Berotegi-efektuko gasen isurketak, guztira, urtearen arabera",ZERBITZU,CO2 tona  baliokideak,379772.44
2022,"Berotegi-efektuko gasen isurketak, guztira, urtearen arabera",HONDAKIN,CO2 tona  baliokideak,698180.57
2019,"Berotegi-efektuko gasen isurketak, guztira, urtearen arabera",ZERBITZU,CO2 tona  baliokideak,427599.54
2011,"Berotegi-efektuko gasen isurketak, guztira, urtearen arabera",NEKAZARI,CO2 tona  baliokideak,810768.78
2011,"Berotegi-efektuko gasen isurketak, guztira, urtearen arabera",ZERBITZU,CO2 tona  baliokideak,475709.37
2017,"Berotegi-efektuko gasen isurketak, guztira, urtearen arabera",ZERBITZU,CO2 tona  baliokideak,433450.18
2011,"Berotegi-efektuko gasen isurketak, guztira, urtearen arabera",ENERGETIKO,CO2 tona  baliokideak,7614356.03
2023,"Berotegi-efektuko gasen isurketak, guztira, urtearen arabera",,CO2 tona  baliokideak,16193878.49
2022,"Berotegi-efektuko gasen isurketak, guztira, urtearen arabera",ENERGETIKO,CO2 tona  baliokideak,6229281.3
2015,"Berotegi-efektuko gasen isurketak, guztira, urtearen arabera",ZERBITZU,CO2 tona  baliokideak,477362.54
2020,"Berotegi-efektuko gasen isurketak, guztira, urtearen arabera",ENERGETIKO,CO2 tona  baliokideak,5234732.8
2015,"Berotegi-efektuko gasen isurketak, guztira, urtearen arabera",EGOITZA,CO2 tona  baliokideak,766105.23
2017,"Berotegi-efektuko gasen isurketak, guztira, urtearen arabera",ENERGETIKO,CO2 tona  baliokideak,6610659.02
2022,"Berotegi-efektuko gasen isurketak, guztira, urtearen arabera",INDUSTRIA,CO2 tona  baliokideak,3227390.65
2016,"Berotegi-efektuko gasen isurketak, guztira, urtearen arabera",ENERGETIKO,CO2 tona  baliokideak,6244747.83
2010,"Berotegi-efektuko gasen isurketak, guztira, urtearen arabera",,CO2 tona  baliokideak,21745903.02
2012,"Berotegi-efektuko gasen isurketak, guztira, urtearen arabera",ENERGETIKO,CO2 tona  baliokideak,7865261.61
2021,"Berotegi-efektuko gasen isurketak, guztira, urtearen arabera",ZERBITZU,CO2 tona  baliokideak,387872.45
2019,"Berotegi-efektuko gasen isurketak, guztira, urtearen arabera",ENERGETIKO,CO2 tona  baliokideak,6091976.38
2012,"Berotegi-efektuko gasen isurketak, guztira, urtearen arabera",,CO2 tona  baliokideak,20446954.85
2020,"Berotegi-efektuko gasen isurketak, guztira, urtearen arabera",GARRAIO,CO2 tona  baliokideak,5699307.41
2011,"Berotegi-efektuko gasen isurketak, guztira, urtearen arabera",EGOITZA,CO2 tona  baliokideak,777149.33
2013,"Berotegi-efektuko gasen isurketak, guztira, urtearen arabera",GARRAIO,CO2 tona  baliokideak,5462200.41
2021,"Berotegi-efektuko gasen isurketak, guztira, urtearen arabera",EGOITZA,CO2 tona  baliokideak,881426.86
2014,"Berotegi-efektuko gasen isurketak, guztira, urtearen arabera",GARRAIO,CO2 tona  baliokideak,5649654.36
2013,"Berotegi-efektuko gasen isurketak, guztira, urtearen arabera",NEKAZARI,CO2 tona  baliokideak,846985.75
2012,"Berotegi-efektuko gasen isurketak, guztira, urtearen arabera",GARRAIO,CO2 tona  baliokideak,5394772.62
2016,"Berotegi-efektuko gasen isurketak, guztira, urtearen arabera",ZERBITZU,CO2 tona  baliokideak,408565.73
2021,"Berotegi-efektuko gasen isurketak, guztira, urtearen arabera",GARRAIO,CO2 tona  baliokideak,6037990.74
2016,"Berotegi-efektuko gasen isurketak, guztira, urtearen arabera",NEKAZARI,CO2 tona  baliokideak,805621.19
2017,"Berotegi-efektuko gasen isurketak, guztira, urtearen arabera",GARRAIO,CO2 tona  baliokideak,6499841.73
2017,"Berotegi-efektuko gasen isurketak, guztira, urtearen arabera",,CO2 tona  baliokideak,19738340.42
2023,"Berotegi-efektuko gasen isurketak, guztira, urtearen arabera",GARRAIO,CO2 tona  baliokideak,6091518.96
2012,"Berotegi-efektuko gasen isurketak, guztira, urtearen arabera",HONDAKIN,CO2 tona  baliokideak,1055861.33
2010,"Berotegi-efektuko gasen isurketak, guztira, urtearen arabera",HONDAKIN,CO2 tona  baliokideak,1085275.74
2020,"Berotegi-efektuko gasen isurketak, guztira, urtearen arabera",,CO2 tona  baliokideak,16458399.66
2023,"Berotegi-efektuko gasen isurketak, guztira, urtearen arabera",EGOITZA,CO2 tona  baliokideak,603362.27
2016,"Berotegi-efektuko gasen isurketak, guztira, urtearen arabera",HONDAKIN,CO2 tona  baliokideak,934225.94
2019,"Berotegi-efektuko gasen isurketak, guztira, urtearen arabera",NEKAZARI,CO2 tona  baliokideak,698728.13
2013,"Berotegi-efektuko gasen isurketak, guztira, urtearen arabera",,CO2 tona  baliokideak,18813755.08
2015,"Berotegi-efektuko gasen isurketak, guztira, urtearen arabera",INDUSTRIA,CO2 tona  baliokideak,3625123.77
2017,"Berotegi-efektuko gasen isurketak, guztira, BPGren unitateko",,CO2 kg baliokideak euroko,0.24
2010,"Berotegi-efektuko gasen isurketak, guztira, BPGren unitateko",,CO2 kg baliokideak euroko,0.29
2019,"Berotegi-efektuko gasen isurketak, guztira, BPGren unitateko",,CO2 kg baliokideak euroko,0.22
2020,"Berotegi-efektuko gasen isurketak, guztira, BPGren unitateko",,CO2 kg baliokideak euroko,0.21
2012,"Berotegi-efektuko gasen isurketak, guztira, BPGren unitateko",,CO2 kg baliokideak euroko,0.28
2011,"Berotegi-efektuko gasen isurketak, guztira, BPGren unitateko",,CO2 kg baliokideak euroko,0.27
2023,"Berotegi-efektuko gasen isurketak, guztira, BPGren unitateko",,CO2 kg baliokideak euroko,0.18
2015,"Berotegi-efektuko gasen isurketak, guztira, BPGren unitateko",,CO2 kg baliokideak euroko,0.26
2014,"Berotegi-efektuko gasen isurketak, guztira, BPGren unitateko",,CO2 kg baliokideak euroko,0.25
2013,"Berotegi-efektuko gasen isurketak, guztira, BPGren unitateko",,CO2 kg baliokideak euroko,0.26
2021,"Berotegi-efektuko gasen isurketak, guztira, BPGren unitateko",,CO2 kg baliokideak euroko,0.21
2022,"Berotegi-efektuko gasen isurketak, guztira, BPGren unitateko",,CO2 kg baliokideak euroko,0.21
2016,"Berotegi-efektuko gasen isurketak, guztira, BPGren unitateko",,CO2 kg baliokideak euroko,0.24
2018,"Berotegi-efektuko gasen isurketak, guztira, BPGren unitateko",,CO2 kg baliokideak euroko,0.23
2021,"Berotegi-efektuko gasen isurketak, guztira, biztanleko",,Tona CO2 baliokide biztanle bakoitzeko ,8.04
2019,"Berotegi-efektuko gasen isurketak, guztira, biztanleko",,Tona CO2 baliokide biztanle bakoitzeko ,8.48
2016,"Berotegi-efektuko gasen isurketak, guztira, biztanleko",,Tona CO2 baliokide biztanle bakoitzeko ,8.62
2017,"Berotegi-efektuko gasen isurketak, guztira, biztanleko",,Tona CO2 baliokide biztanle bakoitzeko ,9.06
2023,"Berotegi-efektuko gasen isurketak, guztira, biztanleko",,Tona CO2 baliokide biztanle bakoitzeko ,7.36
2018,"Berotegi-efektuko gasen isurketak, guztira, biztanleko",,Tona CO2 baliokide biztanle bakoitzeko ,8.74
2010,"Berotegi-efektuko gasen isurketak, guztira, biztanleko",,Tona CO2 baliokide biztanle bakoitzeko ,10.01
2012,"Berotegi-efektuko gasen isurketak, guztira, biztanleko",,Tona CO2 baliokide biztanle bakoitzeko ,9.38
2014,"Berotegi-efektuko gasen isurketak, guztira, biztanleko",,Tona CO2 baliokide biztanle bakoitzeko ,8.67
2015,"Berotegi-efektuko gasen isurketak, guztira, biztanleko",,Tona CO2 baliokide biztanle bakoitzeko ,8.96
2013,"Berotegi-efektuko gasen isurketak, guztira, biztanleko",,Tona CO2 baliokide biztanle bakoitzeko ,8.65
2020,"Berotegi-efektuko gasen isurketak, guztira, biztanleko",,Tona CO2 baliokide biztanle bakoitzeko ,7.49
2011,"Berotegi-efektuko gasen isurketak, guztira, biztanleko",,Tona CO2 baliokide biztanle bakoitzeko ,9.3
2022,"Berotegi-efektuko gasen isurketak, guztira, biztanleko",,Tona CO2 baliokide biztanle bakoitzeko ,8.34
2011,"Berotegi-efektuko gasen isuriak, 1990. urtearekiko",,%,-2.46
2019,"Berotegi-efektuko gasen isuriak, 1990. urtearekiko",,%,-10.39
2012,"Berotegi-efektuko gasen isuriak, 1990. urtearekiko",,%,-1.49
2017,"Berotegi-efektuko gasen isuriak, 1990. urtearekiko",,%,-4.9
2018,"Berotegi-efektuko gasen isuriak, 1990. urtearekiko",,%,-8.07
2016,"Berotegi-efektuko gasen isuriak, 1990. urtearekiko",,%,-9.69
2010,"Berotegi-efektuko gasen isuriak, 1990. urtearekiko",,%,4.77
2021,"Berotegi-efektuko gasen isuriak, 1990. urtearekiko",,%,-15.17
2020,"Berotegi-efektuko gasen isuriak, 1990. urtearekiko",,%,-20.71
2013,"Berotegi-efektuko gasen isuriak, 1990. urtearekiko",,%,-9.36
2023,"Berotegi-efektuko gasen isuriak, 1990. urtearekiko",,%,-21.98
2014,"Berotegi-efektuko gasen isuriak, 1990. urtearekiko",,%,-9.21
2015,"Berotegi-efektuko gasen isuriak, 1990. urtearekiko",,%,-6.21
2022,"Berotegi-efektuko gasen isuriak, 1990. urtearekiko",,%,-12.04
2020,"Berotegi-efektuko gasen isuriak, 2005. urtearekiko",,%,-35.52
2014,"Berotegi-efektuko gasen isuriak, 2005. urtearekiko",,%,-26.17
2022,"Berotegi-efektuko gasen isuriak, 2005. urtearekiko",,%,-28.47
2019,"Berotegi-efektuko gasen isuriak, 2005. urtearekiko",,%,-27.13
2012,"Berotegi-efektuko gasen isuriak, 2005. urtearekiko",,%,-19.89
2013,"Berotegi-efektuko gasen isuriak, 2005. urtearekiko",,%,-26.29
2016,"Berotegi-efektuko gasen isuriak, 2005. urtearekiko",,%,-26.56
2018,"Berotegi-efektuko gasen isuriak, 2005. urtearekiko",,%,-25.24
2015,"Berotegi-efektuko gasen isuriak, 2005. urtearekiko",,%,-23.73
2023,"Berotegi-efektuko gasen isuriak, 2005. urtearekiko",,%,-36.55
2017,"Berotegi-efektuko gasen isuriak, 2005. urtearekiko",,%,-22.67
2021,"Berotegi-efektuko gasen isuriak, 2005. urtearekiko",,%,-31.02
2010,"Berotegi-efektuko gasen isuriak, 2005. urtearekiko",,%,-14.8
2011,"Berotegi-efektuko gasen isuriak, 2005. urtearekiko",,%,-20.68
