Year,Series,Lurralde historikoa,Eskualdea,Udalerria,Units,GeoCode,Value
2010,AG_LND_FRST,,,,PT,,54.9
2022,AG_LND_FRST,,,,PT,,54.8
2020,AG_LND_FRST,,,,PT,,54.7
2018,AG_LND_FRST,,,,PT,,54.2
2019,AG_LND_FRST,,,,PT,,54.5
2021,AG_LND_FRST,,,,PT,,54.8
2016,AG_LND_FRST,,,,PT,,54.9
2021,AG_LND_FRST,,,ES48001,PT,ES48001,53.3
2022,AG_LND_FRST,,,ES48001,PT,ES48001,53.4
2020,AG_LND_FRST,,,ES48001,PT,ES48001,53.3
2018,AG_LND_FRST,,,ES48001,PT,ES48001,52.5
2019,AG_LND_FRST,,,ES48001,PT,ES48001,52.8
2016,AG_LND_FRST,,,ES48001,PT,ES48001,53.5
2010,AG_LND_FRST,,,ES48001,PT,ES48001,53.3
2019,AG_LND_FRST,,,Abaltzisketa,PT,Abaltzisketa,50.4
2018,AG_LND_FRST,,,Abaltzisketa,PT,Abaltzisketa,50.4
2016,AG_LND_FRST,,,Abaltzisketa,PT,Abaltzisketa,52.5
2010,AG_LND_FRST,,,Abaltzisketa,PT,Abaltzisketa,53.5
2022,AG_LND_FRST,,,Abaltzisketa,PT,Abaltzisketa,50.4
2020,AG_LND_FRST,,,Abaltzisketa,PT,Abaltzisketa,50.4
2021,AG_LND_FRST,,,Abaltzisketa,PT,Abaltzisketa,50.4
2022,AG_LND_FRST,,,ES48002,PT,ES48002,29.9
2018,AG_LND_FRST,,,ES48002,PT,ES48002,35.7
2021,AG_LND_FRST,,,ES48002,PT,ES48002,29.9
2020,AG_LND_FRST,,,ES48002,PT,ES48002,29.9
2010,AG_LND_FRST,,,ES48002,PT,ES48002,35.7
2019,AG_LND_FRST,,,ES48002,PT,ES48002,29.4
2016,AG_LND_FRST,,,ES48002,PT,ES48002,35.7
2018,AG_LND_FRST,,,Aduna,PT,Aduna,62.3
2020,AG_LND_FRST,,,Aduna,PT,Aduna,62.2
2016,AG_LND_FRST,,,Aduna,PT,Aduna,65.3
2010,AG_LND_FRST,,,Aduna,PT,Aduna,67.0
2019,AG_LND_FRST,,,Aduna,PT,Aduna,62.2
2022,AG_LND_FRST,,,Aduna,PT,Aduna,62.2
2021,AG_LND_FRST,,,Aduna,PT,Aduna,62.2
2018,AG_LND_FRST,,,Agurain / Salvatierra,PT,Agurain / Salvatierra,20.4
2016,AG_LND_FRST,,,Agurain / Salvatierra,PT,Agurain / Salvatierra,20.4
2019,AG_LND_FRST,,,Agurain / Salvatierra,PT,Agurain / Salvatierra,20.4
2020,AG_LND_FRST,,,Agurain / Salvatierra,PT,Agurain / Salvatierra,20.4
2010,AG_LND_FRST,,,Agurain / Salvatierra,PT,Agurain / Salvatierra,19.8
2021,AG_LND_FRST,,,Agurain / Salvatierra,PT,Agurain / Salvatierra,20.4
2022,AG_LND_FRST,,,Agurain / Salvatierra,PT,Agurain / Salvatierra,20.4
2018,AG_LND_FRST,,,Aia,PT,Aia,50.3
2021,AG_LND_FRST,,,Aia,PT,Aia,51.0
2019,AG_LND_FRST,,,Aia,PT,Aia,50.9
2020,AG_LND_FRST,,,Aia,PT,Aia,51.0
2016,AG_LND_FRST,,,Aia,PT,Aia,51.4
2010,AG_LND_FRST,,,Aia,PT,Aia,51.6
2022,AG_LND_FRST,,,Aia,PT,Aia,51.0
2016,AG_LND_FRST,,,Aizarnazabal,PT,Aizarnazabal,36.3
2021,AG_LND_FRST,,,Aizarnazabal,PT,Aizarnazabal,34.3
2020,AG_LND_FRST,,,Aizarnazabal,PT,Aizarnazabal,34.1
2010,AG_LND_FRST,,,Aizarnazabal,PT,Aizarnazabal,37.8
2018,AG_LND_FRST,,,Aizarnazabal,PT,Aizarnazabal,33.4
2022,AG_LND_FRST,,,Aizarnazabal,PT,Aizarnazabal,34.3
2019,AG_LND_FRST,,,Aizarnazabal,PT,Aizarnazabal,34.1
2010,AG_LND_FRST,,,ES48911,PT,ES48911,53.7
2020,AG_LND_FRST,,,ES48911,PT,ES48911,54.9
2016,AG_LND_FRST,,,ES48911,PT,ES48911,57.1
2022,AG_LND_FRST,,,ES48911,PT,ES48911,55.0
2019,AG_LND_FRST,,,ES48911,PT,ES48911,54.7
2021,AG_LND_FRST,,,ES48911,PT,ES48911,54.9
2018,AG_LND_FRST,,,ES48911,PT,ES48911,54.5
2016,AG_LND_FRST,,,Albiztur,PT,Albiztur,65.3
2020,AG_LND_FRST,,,Albiztur,PT,Albiztur,64.4
2018,AG_LND_FRST,,,Albiztur,PT,Albiztur,63.9
2010,AG_LND_FRST,,,Albiztur,PT,Albiztur,68.9
2022,AG_LND_FRST,,,Albiztur,PT,Albiztur,64.6
2019,AG_LND_FRST,,,Albiztur,PT,Albiztur,64.0
2021,AG_LND_FRST,,,Albiztur,PT,Albiztur,64.4
2019,AG_LND_FRST,,,Alegia,PT,Alegia,69.4
2021,AG_LND_FRST,,,Alegia,PT,Alegia,69.4
2010,AG_LND_FRST,,,Alegia,PT,Alegia,72.6
2016,AG_LND_FRST,,,Alegia,PT,Alegia,71.2
2020,AG_LND_FRST,,,Alegia,PT,Alegia,69.4
2018,AG_LND_FRST,,,Alegia,PT,Alegia,68.8
2022,AG_LND_FRST,,,Alegia,PT,Alegia,69.4
2018,AG_LND_FRST,,,Alegría-Dulantzi,PT,Alegría-Dulantzi,32.9
2019,AG_LND_FRST,,,Alegría-Dulantzi,PT,Alegría-Dulantzi,32.9
2021,AG_LND_FRST,,,Alegría-Dulantzi,PT,Alegría-Dulantzi,32.9
2022,AG_LND_FRST,,,Alegría-Dulantzi,PT,Alegría-Dulantzi,32.9
2020,AG_LND_FRST,,,Alegría-Dulantzi,PT,Alegría-Dulantzi,32.9
2016,AG_LND_FRST,,,Alegría-Dulantzi,PT,Alegría-Dulantzi,32.9
2010,AG_LND_FRST,,,Alegría-Dulantzi,PT,Alegría-Dulantzi,33.6
2018,AG_LND_FRST,,,Alkiza,PT,Alkiza,68.0
2021,AG_LND_FRST,,,Alkiza,PT,Alkiza,68.0
2016,AG_LND_FRST,,,Alkiza,PT,Alkiza,68.9
2010,AG_LND_FRST,,,Alkiza,PT,Alkiza,70.4
2020,AG_LND_FRST,,,Alkiza,PT,Alkiza,68.0
2022,AG_LND_FRST,,,Alkiza,PT,Alkiza,67.9
2019,AG_LND_FRST,,,Alkiza,PT,Alkiza,68.1
2018,AG_LND_FRST,,,ES48912,PT,ES48912,52.4
2019,AG_LND_FRST,,,ES48912,PT,ES48912,52.1
2022,AG_LND_FRST,,,ES48912,PT,ES48912,54.5
2021,AG_LND_FRST,,,ES48912,PT,ES48912,54.5
2016,AG_LND_FRST,,,ES48912,PT,ES48912,51.5
2010,AG_LND_FRST,,,ES48912,PT,ES48912,47.6
2020,AG_LND_FRST,,,ES48912,PT,ES48912,54.6
2019,AG_LND_FRST,,,ES20906,PT,ES20906,61.1
2018,AG_LND_FRST,,,ES20906,PT,ES20906,61.1
2020,AG_LND_FRST,,,ES20906,PT,ES20906,61.1
2021,AG_LND_FRST,,,ES20906,PT,ES20906,61.8
2010,AG_LND_FRST,,,ES20906,PT,ES20906,60.4
2016,AG_LND_FRST,,,ES20906,PT,ES20906,62.6
2022,AG_LND_FRST,,,ES20906,PT,ES20906,61.8
2020,AG_LND_FRST,,,Altzo,PT,Altzo,65.6
2018,AG_LND_FRST,,,Altzo,PT,Altzo,65.2
2021,AG_LND_FRST,,,Altzo,PT,Altzo,65.7
2016,AG_LND_FRST,,,Altzo,PT,Altzo,68.7
2010,AG_LND_FRST,,,Altzo,PT,Altzo,69.1
2022,AG_LND_FRST,,,Altzo,PT,Altzo,65.8
2019,AG_LND_FRST,,,Altzo,PT,Altzo,65.6
2022,AG_LND_FRST,,,Amezketa,PT,Amezketa,61.4
2016,AG_LND_FRST,,,Amezketa,PT,Amezketa,62.8
2018,AG_LND_FRST,,,Amezketa,PT,Amezketa,60.7
2010,AG_LND_FRST,,,Amezketa,PT,Amezketa,62.9
2021,AG_LND_FRST,,,Amezketa,PT,Amezketa,61.0
2019,AG_LND_FRST,,,Amezketa,PT,Amezketa,61.1
2020,AG_LND_FRST,,,Amezketa,PT,Amezketa,61.1
2010,AG_LND_FRST,,,ES48003,PT,ES48003,64.4
2021,AG_LND_FRST,,,ES48003,PT,ES48003,62.8
2018,AG_LND_FRST,,,ES48003,PT,ES48003,61.8
2016,AG_LND_FRST,,,ES48003,PT,ES48003,63.7
2020,AG_LND_FRST,,,ES48003,PT,ES48003,62.3
2019,AG_LND_FRST,,,ES48003,PT,ES48003,61.8
2022,AG_LND_FRST,,,ES48003,PT,ES48003,62.8
2010,AG_LND_FRST,,,ES48004,PT,ES48004,83.3
2020,AG_LND_FRST,,,ES48004,PT,ES48004,82.8
2018,AG_LND_FRST,,,ES48004,PT,ES48004,82.3
2022,AG_LND_FRST,,,ES48004,PT,ES48004,83.6
2016,AG_LND_FRST,,,ES48004,PT,ES48004,82.9
2019,AG_LND_FRST,,,ES48004,PT,ES48004,82.2
2021,AG_LND_FRST,,,ES48004,PT,ES48004,83.6
2021,AG_LND_FRST,,,Amurrio,PT,Amurrio,59.0
2016,AG_LND_FRST,,,Amurrio,PT,Amurrio,58.0
2018,AG_LND_FRST,,,Amurrio,PT,Amurrio,58.0
2020,AG_LND_FRST,,,Amurrio,PT,Amurrio,59.0
2019,AG_LND_FRST,,,Amurrio,PT,Amurrio,58.4
2022,AG_LND_FRST,,,Amurrio,PT,Amurrio,59.1
2010,AG_LND_FRST,,,Amurrio,PT,Amurrio,57.8
2018,AG_LND_FRST,,,Andoain,PT,Andoain,57.0
2019,AG_LND_FRST,,,Andoain,PT,Andoain,57.0
2022,AG_LND_FRST,,,Andoain,PT,Andoain,57.4
2016,AG_LND_FRST,,,Andoain,PT,Andoain,58.0
2010,AG_LND_FRST,,,Andoain,PT,Andoain,57.5
2020,AG_LND_FRST,,,Andoain,PT,Andoain,57.0
2021,AG_LND_FRST,,,Andoain,PT,Andoain,57.4
2021,AG_LND_FRST,,,Anoeta,PT,Anoeta,50.5
2016,AG_LND_FRST,,,Anoeta,PT,Anoeta,52.0
2019,AG_LND_FRST,,,Anoeta,PT,Anoeta,50.5
2020,AG_LND_FRST,,,Anoeta,PT,Anoeta,50.5
2022,AG_LND_FRST,,,Anoeta,PT,Anoeta,50.5
2010,AG_LND_FRST,,,Anoeta,PT,Anoeta,53.7
2018,AG_LND_FRST,,,Anoeta,PT,Anoeta,50.5
2021,AG_LND_FRST,,,Antzuola,PT,Antzuola,75.1
2018,AG_LND_FRST,,,Antzuola,PT,Antzuola,75.0
2019,AG_LND_FRST,,,Antzuola,PT,Antzuola,75.0
2022,AG_LND_FRST,,,Antzuola,PT,Antzuola,75.1
2010,AG_LND_FRST,,,Antzuola,PT,Antzuola,80.6
2020,AG_LND_FRST,,,Antzuola,PT,Antzuola,75.0
2016,AG_LND_FRST,,,Antzuola,PT,Antzuola,77.7
2010,AG_LND_FRST,,,Añana,PT,Añana,43.2
2019,AG_LND_FRST,,,Añana,PT,Añana,46.2
2022,AG_LND_FRST,,,Añana,PT,Añana,46.3
2018,AG_LND_FRST,,,Añana,PT,Añana,45.7
2021,AG_LND_FRST,,,Añana,PT,Añana,46.2
2016,AG_LND_FRST,,,Añana,PT,Añana,45.7
2020,AG_LND_FRST,,,Añana,PT,Añana,46.2
2020,AG_LND_FRST,,,ES48005,PT,ES48005,74.9
2019,AG_LND_FRST,,,ES48005,PT,ES48005,74.9
2022,AG_LND_FRST,,,ES48005,PT,ES48005,75.0
2016,AG_LND_FRST,,,ES48005,PT,ES48005,75.8
2021,AG_LND_FRST,,,ES48005,PT,ES48005,74.9
2018,AG_LND_FRST,,,ES48005,PT,ES48005,74.9
2010,AG_LND_FRST,,,ES48005,PT,ES48005,79.6
2021,AG_LND_FRST,,,Arama,PT,Arama,51.4
2020,AG_LND_FRST,,,Arama,PT,Arama,51.4
2018,AG_LND_FRST,,,Arama,PT,Arama,51.3
2019,AG_LND_FRST,,,Arama,PT,Arama,51.4
2010,AG_LND_FRST,,,Arama,PT,Arama,60.0
2022,AG_LND_FRST,,,Arama,PT,Arama,51.5
2016,AG_LND_FRST,,,Arama,PT,Arama,54.7
2022,AG_LND_FRST,,,Aramaio,PT,Aramaio,78.9
2018,AG_LND_FRST,,,Aramaio,PT,Aramaio,78.5
2019,AG_LND_FRST,,,Aramaio,PT,Aramaio,78.6
2010,AG_LND_FRST,,,Aramaio,PT,Aramaio,77.7
2016,AG_LND_FRST,,,Aramaio,PT,Aramaio,78.9
2020,AG_LND_FRST,,,Aramaio,PT,Aramaio,78.7
2021,AG_LND_FRST,,,Aramaio,PT,Aramaio,78.8
2018,AG_LND_FRST,,,ES48006,PT,ES48006,58.3
2021,AG_LND_FRST,,,ES48006,PT,ES48006,61.0
2020,AG_LND_FRST,,,ES48006,PT,ES48006,60.6
2010,AG_LND_FRST,,,ES48006,PT,ES48006,64.2
2016,AG_LND_FRST,,,ES48006,PT,ES48006,59.9
2022,AG_LND_FRST,,,ES48006,PT,ES48006,61.0
2019,AG_LND_FRST,,,ES48006,PT,ES48006,60.6
2016,AG_LND_FRST,,,ES48093,PT,ES48093,86.2
2019,AG_LND_FRST,,,ES48093,PT,ES48093,83.6
2021,AG_LND_FRST,,,ES48093,PT,ES48093,86.3
2010,AG_LND_FRST,,,ES48093,PT,ES48093,89.6
2020,AG_LND_FRST,,,ES48093,PT,ES48093,85.4
2022,AG_LND_FRST,,,ES48093,PT,ES48093,86.3
2018,AG_LND_FRST,,,ES48093,PT,ES48093,83.2
2021,AG_LND_FRST,,,Aretxabaleta,PT,Aretxabaleta,55.6
2010,AG_LND_FRST,,,Aretxabaleta,PT,Aretxabaleta,51.2
2016,AG_LND_FRST,,,Aretxabaleta,PT,Aretxabaleta,55.8
2022,AG_LND_FRST,,,Aretxabaleta,PT,Aretxabaleta,55.6
2018,AG_LND_FRST,,,Aretxabaleta,PT,Aretxabaleta,54.8
2020,AG_LND_FRST,,,Aretxabaleta,PT,Aretxabaleta,55.6
2019,AG_LND_FRST,,,Aretxabaleta,PT,Aretxabaleta,55.5
2021,AG_LND_FRST,,,Armiñón,PT,Armiñón,6.6
2020,AG_LND_FRST,,,Armiñón,PT,Armiñón,6.6
2010,AG_LND_FRST,,,Armiñón,PT,Armiñón,8.4
2022,AG_LND_FRST,,,Armiñón,PT,Armiñón,6.6
2016,AG_LND_FRST,,,Armiñón,PT,Armiñón,6.6
2019,AG_LND_FRST,,,Armiñón,PT,Armiñón,6.6
2018,AG_LND_FRST,,,Armiñón,PT,Armiñón,6.6
2021,AG_LND_FRST,,,Arraia-Maeztu,PT,Arraia-Maeztu,62.6
2020,AG_LND_FRST,,,Arraia-Maeztu,PT,Arraia-Maeztu,62.5
2019,AG_LND_FRST,,,Arraia-Maeztu,PT,Arraia-Maeztu,62.1
2016,AG_LND_FRST,,,Arraia-Maeztu,PT,Arraia-Maeztu,62.1
2022,AG_LND_FRST,,,Arraia-Maeztu,PT,Arraia-Maeztu,62.6
2010,AG_LND_FRST,,,Arraia-Maeztu,PT,Arraia-Maeztu,61.8
2018,AG_LND_FRST,,,Arraia-Maeztu,PT,Arraia-Maeztu,62.1
2016,AG_LND_FRST,,,ES48009,PT,ES48009,73.3
2019,AG_LND_FRST,,,ES48009,PT,ES48009,72.5
2018,AG_LND_FRST,,,ES48009,PT,ES48009,72.6
2010,AG_LND_FRST,,,ES48009,PT,ES48009,73.4
2022,AG_LND_FRST,,,ES48009,PT,ES48009,73.6
2021,AG_LND_FRST,,,ES48009,PT,ES48009,73.4
2020,AG_LND_FRST,,,ES48009,PT,ES48009,73.0
2016,AG_LND_FRST,,,Arrasate / Mondragón,PT,Arrasate / Mondragón,65.5
2022,AG_LND_FRST,,,Arrasate / Mondragón,PT,Arrasate / Mondragón,64.0
2018,AG_LND_FRST,,,Arrasate / Mondragón,PT,Arrasate / Mondragón,63.5
2020,AG_LND_FRST,,,Arrasate / Mondragón,PT,Arrasate / Mondragón,64.0
2021,AG_LND_FRST,,,Arrasate / Mondragón,PT,Arrasate / Mondragón,64.0
2010,AG_LND_FRST,,,Arrasate / Mondragón,PT,Arrasate / Mondragón,64.6
2019,AG_LND_FRST,,,Arrasate / Mondragón,PT,Arrasate / Mondragón,64.0
2016,AG_LND_FRST,,,ES48914,PT,ES48914,71.1
2010,AG_LND_FRST,,,ES48914,PT,ES48914,70.9
2022,AG_LND_FRST,,,ES48914,PT,ES48914,72.1
2020,AG_LND_FRST,,,ES48914,PT,ES48914,72.1
2021,AG_LND_FRST,,,ES48914,PT,ES48914,72.1
2018,AG_LND_FRST,,,ES48914,PT,ES48914,70.9
2019,AG_LND_FRST,,,ES48914,PT,ES48914,71.8
2020,AG_LND_FRST,,,Arratzua-Ubarrundia,PT,Arratzua-Ubarrundia,29.2
2019,AG_LND_FRST,,,Arratzua-Ubarrundia,PT,Arratzua-Ubarrundia,29.2
2010,AG_LND_FRST,,,Arratzua-Ubarrundia,PT,Arratzua-Ubarrundia,28.7
2021,AG_LND_FRST,,,Arratzua-Ubarrundia,PT,Arratzua-Ubarrundia,29.2
2016,AG_LND_FRST,,,Arratzua-Ubarrundia,PT,Arratzua-Ubarrundia,28.7
2018,AG_LND_FRST,,,Arratzua-Ubarrundia,PT,Arratzua-Ubarrundia,28.6
2022,AG_LND_FRST,,,Arratzua-Ubarrundia,PT,Arratzua-Ubarrundia,29.2
2022,AG_LND_FRST,,,ES48010,PT,ES48010,65.3
2020,AG_LND_FRST,,,ES48010,PT,ES48010,65.2
2010,AG_LND_FRST,,,ES48010,PT,ES48010,64.7
2016,AG_LND_FRST,,,ES48010,PT,ES48010,66.3
2021,AG_LND_FRST,,,ES48010,PT,ES48010,65.2
2019,AG_LND_FRST,,,ES48010,PT,ES48010,65.1
2018,AG_LND_FRST,,,ES48010,PT,ES48010,65.1
2019,AG_LND_FRST,,,ES48011,PT,ES48011,60.5
2010,AG_LND_FRST,,,ES48011,PT,ES48011,61.4
2022,AG_LND_FRST,,,ES48011,PT,ES48011,61.4
2018,AG_LND_FRST,,,ES48011,PT,ES48011,60.5
2020,AG_LND_FRST,,,ES48011,PT,ES48011,61.3
2021,AG_LND_FRST,,,ES48011,PT,ES48011,61.4
2016,AG_LND_FRST,,,ES48011,PT,ES48011,61.0
2022,AG_LND_FRST,,,ES48023,PT,ES48023,74.4
2018,AG_LND_FRST,,,ES48023,PT,ES48023,70.5
2016,AG_LND_FRST,,,ES48023,PT,ES48023,74.3
2019,AG_LND_FRST,,,ES48023,PT,ES48023,73.0
2021,AG_LND_FRST,,,ES48023,PT,ES48023,74.2
2010,AG_LND_FRST,,,ES48023,PT,ES48023,74.4
2020,AG_LND_FRST,,,ES48023,PT,ES48023,74.0
2020,AG_LND_FRST,,,ES48008,PT,ES48008,59.8
2018,AG_LND_FRST,,,ES48008,PT,ES48008,59.1
2021,AG_LND_FRST,,,ES48008,PT,ES48008,60.1
2019,AG_LND_FRST,,,ES48008,PT,ES48008,59.3
2010,AG_LND_FRST,,,ES48008,PT,ES48008,60.0
2022,AG_LND_FRST,,,ES48008,PT,ES48008,60.0
2016,AG_LND_FRST,,,ES48008,PT,ES48008,60.1
2022,AG_LND_FRST,,,Artziniega,PT,Artziniega,57.2
2021,AG_LND_FRST,,,Artziniega,PT,Artziniega,56.9
2019,AG_LND_FRST,,,Artziniega,PT,Artziniega,58.1
2016,AG_LND_FRST,,,Artziniega,PT,Artziniega,57.3
2018,AG_LND_FRST,,,Artziniega,PT,Artziniega,58.5
2020,AG_LND_FRST,,,Artziniega,PT,Artziniega,56.9
2010,AG_LND_FRST,,,Artziniega,PT,Artziniega,57.3
2021,AG_LND_FRST,,,Asparrena,PT,Asparrena,52.4
2022,AG_LND_FRST,,,Asparrena,PT,Asparrena,52.4
2016,AG_LND_FRST,,,Asparrena,PT,Asparrena,52.4
2010,AG_LND_FRST,,,Asparrena,PT,Asparrena,53.4
2018,AG_LND_FRST,,,Asparrena,PT,Asparrena,52.4
2020,AG_LND_FRST,,,Asparrena,PT,Asparrena,52.4
2019,AG_LND_FRST,,,Asparrena,PT,Asparrena,52.4
2019,AG_LND_FRST,,,Asteasu,PT,Asteasu,43.8
2021,AG_LND_FRST,,,Asteasu,PT,Asteasu,43.9
2016,AG_LND_FRST,,,Asteasu,PT,Asteasu,44.9
2020,AG_LND_FRST,,,Asteasu,PT,Asteasu,43.8
2018,AG_LND_FRST,,,Asteasu,PT,Asteasu,43.7
2010,AG_LND_FRST,,,Asteasu,PT,Asteasu,44.2
2022,AG_LND_FRST,,,Asteasu,PT,Asteasu,43.9
2021,AG_LND_FRST,,,ES20903,PT,ES20903,42.1
2018,AG_LND_FRST,,,ES20903,PT,ES20903,41.8
2020,AG_LND_FRST,,,ES20903,PT,ES20903,42.1
2019,AG_LND_FRST,,,ES20903,PT,ES20903,42.3
2016,AG_LND_FRST,,,ES20903,PT,ES20903,42.4
2010,AG_LND_FRST,,,ES20903,PT,ES20903,42.7
2022,AG_LND_FRST,,,ES20903,PT,ES20903,42.0
2019,AG_LND_FRST,,,Ataun,PT,Ataun,82.5
2018,AG_LND_FRST,,,Ataun,PT,Ataun,82.3
2010,AG_LND_FRST,,,Ataun,PT,Ataun,82.0
2021,AG_LND_FRST,,,Ataun,PT,Ataun,82.5
2020,AG_LND_FRST,,,Ataun,PT,Ataun,82.5
2016,AG_LND_FRST,,,Ataun,PT,Ataun,82.5
2022,AG_LND_FRST,,,Ataun,PT,Ataun,82.6
2019,AG_LND_FRST,,,ES48091,PT,ES48091,62.4
2020,AG_LND_FRST,,,ES48091,PT,ES48091,62.7
2018,AG_LND_FRST,,,ES48091,PT,ES48091,62.3
2016,AG_LND_FRST,,,ES48091,PT,ES48091,63.2
2021,AG_LND_FRST,,,ES48091,PT,ES48091,62.7
2010,AG_LND_FRST,,,ES48091,PT,ES48091,66.0
2022,AG_LND_FRST,,,ES48091,PT,ES48091,62.7
2020,AG_LND_FRST,,,ES48070,PT,ES48070,78.7
2021,AG_LND_FRST,,,ES48070,PT,ES48070,79.1
2018,AG_LND_FRST,,,ES48070,PT,ES48070,78.2
2019,AG_LND_FRST,,,ES48070,PT,ES48070,78.5
2022,AG_LND_FRST,,,ES48070,PT,ES48070,79.1
2016,AG_LND_FRST,,,ES48070,PT,ES48070,79.2
2010,AG_LND_FRST,,,ES48070,PT,ES48070,80.5
2018,AG_LND_FRST,,,Ayala / Aiara,PT,Ayala / Aiara,53.7
2020,AG_LND_FRST,,,Ayala / Aiara,PT,Ayala / Aiara,53.5
2019,AG_LND_FRST,,,Ayala / Aiara,PT,Ayala / Aiara,53.5
2010,AG_LND_FRST,,,Ayala / Aiara,PT,Ayala / Aiara,52.9
2021,AG_LND_FRST,,,Ayala / Aiara,PT,Ayala / Aiara,53.5
2022,AG_LND_FRST,,,Ayala / Aiara,PT,Ayala / Aiara,53.9
2016,AG_LND_FRST,,,Ayala / Aiara,PT,Ayala / Aiara,53.7
2010,AG_LND_FRST,,,Azkoitia,PT,Azkoitia,66.7
2019,AG_LND_FRST,,,Azkoitia,PT,Azkoitia,66.5
2016,AG_LND_FRST,,,Azkoitia,PT,Azkoitia,68.8
2018,AG_LND_FRST,,,Azkoitia,PT,Azkoitia,66.4
2020,AG_LND_FRST,,,Azkoitia,PT,Azkoitia,66.6
2021,AG_LND_FRST,,,Azkoitia,PT,Azkoitia,66.6
2022,AG_LND_FRST,,,Azkoitia,PT,Azkoitia,66.7
2020,AG_LND_FRST,,,Azpeitia,PT,Azpeitia,62.5
2021,AG_LND_FRST,,,Azpeitia,PT,Azpeitia,62.7
2010,AG_LND_FRST,,,Azpeitia,PT,Azpeitia,64.4
2016,AG_LND_FRST,,,Azpeitia,PT,Azpeitia,64.0
2018,AG_LND_FRST,,,Azpeitia,PT,Azpeitia,62.0
2022,AG_LND_FRST,,,Azpeitia,PT,Azpeitia,62.7
2019,AG_LND_FRST,,,Azpeitia,PT,Azpeitia,62.3
2016,AG_LND_FRST,,,ES48012,PT,ES48012,67.0
2021,AG_LND_FRST,,,ES48012,PT,ES48012,67.0
2022,AG_LND_FRST,,,ES48012,PT,ES48012,67.0
2018,AG_LND_FRST,,,ES48012,PT,ES48012,66.9
2020,AG_LND_FRST,,,ES48012,PT,ES48012,67.0
2019,AG_LND_FRST,,,ES48012,PT,ES48012,66.9
2010,AG_LND_FRST,,,ES48012,PT,ES48012,64.3
2022,AG_LND_FRST,,,ES20904,PT,ES20904,52.6
2016,AG_LND_FRST,,,ES20904,PT,ES20904,54.9
2021,AG_LND_FRST,,,ES20904,PT,ES20904,52.4
2010,AG_LND_FRST,,,ES20904,PT,ES20904,58.5
2020,AG_LND_FRST,,,ES20904,PT,ES20904,51.6
2019,AG_LND_FRST,,,ES20904,PT,ES20904,51.6
2018,AG_LND_FRST,,,ES20904,PT,ES20904,51.6
2016,AG_LND_FRST,,,ES48090,PT,ES48090,80.2
2010,AG_LND_FRST,,,ES48090,PT,ES48090,80.8
2018,AG_LND_FRST,,,ES48090,PT,ES48090,78.5
2019,AG_LND_FRST,,,ES48090,PT,ES48090,78.4
2021,AG_LND_FRST,,,ES48090,PT,ES48090,79.0
2022,AG_LND_FRST,,,ES48090,PT,ES48090,79.1
2020,AG_LND_FRST,,,ES48090,PT,ES48090,78.9
2016,AG_LND_FRST,,,Baños de Ebro / Mañueta,PT,Baños de Ebro / Mañueta,9.5
2021,AG_LND_FRST,,,Baños de Ebro / Mañueta,PT,Baños de Ebro / Mañueta,9.5
2018,AG_LND_FRST,,,Baños de Ebro / Mañueta,PT,Baños de Ebro / Mañueta,9.5
2020,AG_LND_FRST,,,Baños de Ebro / Mañueta,PT,Baños de Ebro / Mañueta,9.5
2022,AG_LND_FRST,,,Baños de Ebro / Mañueta,PT,Baños de Ebro / Mañueta,9.5
2019,AG_LND_FRST,,,Baños de Ebro / Mañueta,PT,Baños de Ebro / Mañueta,9.5
2010,AG_LND_FRST,,,Baños de Ebro / Mañueta,PT,Baños de Ebro / Mañueta,8.3
2022,AG_LND_FRST,,,ES48013,PT,ES48013,35.2
2016,AG_LND_FRST,,,ES48013,PT,ES48013,33.5
2018,AG_LND_FRST,,,ES48013,PT,ES48013,33.5
2019,AG_LND_FRST,,,ES48013,PT,ES48013,35.4
2010,AG_LND_FRST,,,ES48013,PT,ES48013,34.6
2020,AG_LND_FRST,,,ES48013,PT,ES48013,35.2
2021,AG_LND_FRST,,,ES48013,PT,ES48013,35.2
2016,AG_LND_FRST,,,ES48014,PT,ES48014,26.2
2018,AG_LND_FRST,,,ES48014,PT,ES48014,26.2
2022,AG_LND_FRST,,,ES48014,PT,ES48014,31.4
2020,AG_LND_FRST,,,ES48014,PT,ES48014,30.9
2021,AG_LND_FRST,,,ES48014,PT,ES48014,31.4
2019,AG_LND_FRST,,,ES48014,PT,ES48014,28.1
2010,AG_LND_FRST,,,ES48014,PT,ES48014,25.1
2016,AG_LND_FRST,,,Barrundia,PT,Barrundia,41.8
2022,AG_LND_FRST,,,Barrundia,PT,Barrundia,42.6
2010,AG_LND_FRST,,,Barrundia,PT,Barrundia,41.7
2019,AG_LND_FRST,,,Barrundia,PT,Barrundia,42.6
2020,AG_LND_FRST,,,Barrundia,PT,Barrundia,42.6
2018,AG_LND_FRST,,,Barrundia,PT,Barrundia,41.8
2021,AG_LND_FRST,,,Barrundia,PT,Barrundia,42.6
2021,AG_LND_FRST,,,ES48015,PT,ES48015,12.7
2016,AG_LND_FRST,,,ES48015,PT,ES48015,11.5
2019,AG_LND_FRST,,,ES48015,PT,ES48015,12.7
2010,AG_LND_FRST,,,ES48015,PT,ES48015,11.4
2018,AG_LND_FRST,,,ES48015,PT,ES48015,11.5
2020,AG_LND_FRST,,,ES48015,PT,ES48015,12.7
2022,AG_LND_FRST,,,ES48015,PT,ES48015,12.7
2019,AG_LND_FRST,,,Beasain,PT,Beasain,71.1
2020,AG_LND_FRST,,,Beasain,PT,Beasain,71.1
2018,AG_LND_FRST,,,Beasain,PT,Beasain,71.2
2022,AG_LND_FRST,,,Beasain,PT,Beasain,71.7
2010,AG_LND_FRST,,,Beasain,PT,Beasain,73.8
2021,AG_LND_FRST,,,Beasain,PT,Beasain,71.5
2016,AG_LND_FRST,,,Beasain,PT,Beasain,72.9
2010,AG_LND_FRST,,,ES48092,PT,ES48092,80.8
2022,AG_LND_FRST,,,ES48092,PT,ES48092,77.8
2020,AG_LND_FRST,,,ES48092,PT,ES48092,77.7
2016,AG_LND_FRST,,,ES48092,PT,ES48092,81.2
2019,AG_LND_FRST,,,ES48092,PT,ES48092,77.1
2021,AG_LND_FRST,,,ES48092,PT,ES48092,77.8
2018,AG_LND_FRST,,,ES48092,PT,ES48092,77.1
2018,AG_LND_FRST,,,Beizama,PT,Beizama,73.3
2022,AG_LND_FRST,,,Beizama,PT,Beizama,73.4
2016,AG_LND_FRST,,,Beizama,PT,Beizama,74.3
2010,AG_LND_FRST,,,Beizama,PT,Beizama,71.7
2020,AG_LND_FRST,,,Beizama,PT,Beizama,73.3
2021,AG_LND_FRST,,,Beizama,PT,Beizama,73.3
2019,AG_LND_FRST,,,Beizama,PT,Beizama,73.3
2010,AG_LND_FRST,,,Belauntza,PT,Belauntza,60.9
2020,AG_LND_FRST,,,Belauntza,PT,Belauntza,56.4
2019,AG_LND_FRST,,,Belauntza,PT,Belauntza,56.4
2021,AG_LND_FRST,,,Belauntza,PT,Belauntza,56.4
2016,AG_LND_FRST,,,Belauntza,PT,Belauntza,56.9
2022,AG_LND_FRST,,,Belauntza,PT,Belauntza,56.3
2018,AG_LND_FRST,,,Belauntza,PT,Belauntza,56.3
2018,AG_LND_FRST,,,ES48016,PT,ES48016,35.2
2022,AG_LND_FRST,,,ES48016,PT,ES48016,38.6
2016,AG_LND_FRST,,,ES48016,PT,ES48016,35.3
2020,AG_LND_FRST,,,ES48016,PT,ES48016,38.0
2019,AG_LND_FRST,,,ES48016,PT,ES48016,37.6
2010,AG_LND_FRST,,,ES48016,PT,ES48016,34.9
2021,AG_LND_FRST,,,ES48016,PT,ES48016,38.6
2021,AG_LND_FRST,,,Berantevilla,PT,Berantevilla,16.5
2019,AG_LND_FRST,,,Berantevilla,PT,Berantevilla,16.5
2016,AG_LND_FRST,,,Berantevilla,PT,Berantevilla,16.5
2022,AG_LND_FRST,,,Berantevilla,PT,Berantevilla,16.5
2020,AG_LND_FRST,,,Berantevilla,PT,Berantevilla,16.5
2018,AG_LND_FRST,,,Berantevilla,PT,Berantevilla,16.5
2010,AG_LND_FRST,,,Berantevilla,PT,Berantevilla,17.0
2019,AG_LND_FRST,,,Berastegi,PT,Berastegi,74.9
2021,AG_LND_FRST,,,Berastegi,PT,Berastegi,74.8
2018,AG_LND_FRST,,,Berastegi,PT,Berastegi,74.9
2016,AG_LND_FRST,,,Berastegi,PT,Berastegi,75.4
2022,AG_LND_FRST,,,Berastegi,PT,Berastegi,74.8
2020,AG_LND_FRST,,,Berastegi,PT,Berastegi,74.8
2010,AG_LND_FRST,,,Berastegi,PT,Berastegi,75.2
2016,AG_LND_FRST,,,Bergara,PT,Bergara,70.0
2021,AG_LND_FRST,,,Bergara,PT,Bergara,67.1
2022,AG_LND_FRST,,,Bergara,PT,Bergara,67.1
2019,AG_LND_FRST,,,Bergara,PT,Bergara,67.0
2020,AG_LND_FRST,,,Bergara,PT,Bergara,67.1
2018,AG_LND_FRST,,,Bergara,PT,Bergara,67.0
2010,AG_LND_FRST,,,Bergara,PT,Bergara,70.2
2016,AG_LND_FRST,,,ES48017,PT,ES48017,62.4
2021,AG_LND_FRST,,,ES48017,PT,ES48017,61.7
2020,AG_LND_FRST,,,ES48017,PT,ES48017,61.5
2019,AG_LND_FRST,,,ES48017,PT,ES48017,61.2
2018,AG_LND_FRST,,,ES48017,PT,ES48017,61.0
2022,AG_LND_FRST,,,ES48017,PT,ES48017,61.7
2010,AG_LND_FRST,,,ES48017,PT,ES48017,60.1
2021,AG_LND_FRST,,,Bernedo,PT,Bernedo,58.9
2020,AG_LND_FRST,,,Bernedo,PT,Bernedo,58.9
2018,AG_LND_FRST,,,Bernedo,PT,Bernedo,58.2
2010,AG_LND_FRST,,,Bernedo,PT,Bernedo,58.0
2019,AG_LND_FRST,,,Bernedo,PT,Bernedo,58.9
2022,AG_LND_FRST,,,Bernedo,PT,Bernedo,58.9
2016,AG_LND_FRST,,,Bernedo,PT,Bernedo,58.2
2019,AG_LND_FRST,,,ES48018,PT,ES48018,71.7
2018,AG_LND_FRST,,,ES48018,PT,ES48018,71.6
2016,AG_LND_FRST,,,ES48018,PT,ES48018,72.6
2021,AG_LND_FRST,,,ES48018,PT,ES48018,72.5
2022,AG_LND_FRST,,,ES48018,PT,ES48018,72.5
2020,AG_LND_FRST,,,ES48018,PT,ES48018,72.0
2010,AG_LND_FRST,,,ES48018,PT,ES48018,76.4
2021,AG_LND_FRST,,,ES48019,PT,ES48019,59.0
2020,AG_LND_FRST,,,ES48019,PT,ES48019,58.6
2018,AG_LND_FRST,,,ES48019,PT,ES48019,58.3
2010,AG_LND_FRST,,,ES48019,PT,ES48019,61.9
2019,AG_LND_FRST,,,ES48019,PT,ES48019,58.6
2022,AG_LND_FRST,,,ES48019,PT,ES48019,59.1
2016,AG_LND_FRST,,,ES48019,PT,ES48019,62.4
2021,AG_LND_FRST,,,Berrobi,PT,Berrobi,48.1
2022,AG_LND_FRST,,,Berrobi,PT,Berrobi,48.3
2010,AG_LND_FRST,,,Berrobi,PT,Berrobi,52.6
2019,AG_LND_FRST,,,Berrobi,PT,Berrobi,47.3
2020,AG_LND_FRST,,,Berrobi,PT,Berrobi,47.3
2016,AG_LND_FRST,,,Berrobi,PT,Berrobi,53.9
2018,AG_LND_FRST,,,Berrobi,PT,Berrobi,47.4
2016,AG_LND_FRST,,,Bidania-Goiatz,PT,Bidania-Goiatz,59.4
2020,AG_LND_FRST,,,Bidania-Goiatz,PT,Bidania-Goiatz,58.2
2022,AG_LND_FRST,,,Bidania-Goiatz,PT,Bidania-Goiatz,58.2
2018,AG_LND_FRST,,,Bidania-Goiatz,PT,Bidania-Goiatz,58.5
2010,AG_LND_FRST,,,Bidania-Goiatz,PT,Bidania-Goiatz,58.6
2021,AG_LND_FRST,,,Bidania-Goiatz,PT,Bidania-Goiatz,58.2
2019,AG_LND_FRST,,,Bidania-Goiatz,PT,Bidania-Goiatz,58.2
2022,AG_LND_FRST,,,ES48020,PT,ES48020,20.4
2016,AG_LND_FRST,,,ES48020,PT,ES48020,19.7
2021,AG_LND_FRST,,,ES48020,PT,ES48020,20.4
2018,AG_LND_FRST,,,ES48020,PT,ES48020,19.7
2010,AG_LND_FRST,,,ES48020,PT,ES48020,19.4
2020,AG_LND_FRST,,,ES48020,PT,ES48020,20.3
2019,AG_LND_FRST,,,ES48020,PT,ES48020,20.1
2018,AG_LND_FRST,,,ES48021,PT,ES48021,70.1
2019,AG_LND_FRST,,,ES48021,PT,ES48021,69.5
2010,AG_LND_FRST,,,ES48021,PT,ES48021,69.8
2022,AG_LND_FRST,,,ES48021,PT,ES48021,69.9
2020,AG_LND_FRST,,,ES48021,PT,ES48021,69.6
2016,AG_LND_FRST,,,ES48021,PT,ES48021,71.3
2021,AG_LND_FRST,,,ES48021,PT,ES48021,69.6
2022,AG_LND_FRST,,,Campezo / Kanpezu,PT,Campezo / Kanpezu,62.8
2010,AG_LND_FRST,,,Campezo / Kanpezu,PT,Campezo / Kanpezu,62.9
2016,AG_LND_FRST,,,Campezo / Kanpezu,PT,Campezo / Kanpezu,62.8
2018,AG_LND_FRST,,,Campezo / Kanpezu,PT,Campezo / Kanpezu,62.8
2019,AG_LND_FRST,,,Campezo / Kanpezu,PT,Campezo / Kanpezu,62.8
2021,AG_LND_FRST,,,Campezo / Kanpezu,PT,Campezo / Kanpezu,62.8
2020,AG_LND_FRST,,,Campezo / Kanpezu,PT,Campezo / Kanpezu,62.8
2019,AG_LND_FRST,,,Deba,PT,Deba,51.7
2018,AG_LND_FRST,,,Deba,PT,Deba,50.9
2016,AG_LND_FRST,,,Deba,PT,Deba,52.3
2021,AG_LND_FRST,,,Deba,PT,Deba,52.3
2010,AG_LND_FRST,,,Deba,PT,Deba,52.4
2022,AG_LND_FRST,,,Deba,PT,Deba,52.4
2020,AG_LND_FRST,,,Deba,PT,Deba,52.0
2016,AG_LND_FRST,,,ES48901,PT,ES48901,32.5
2021,AG_LND_FRST,,,ES48901,PT,ES48901,33.3
2019,AG_LND_FRST,,,ES48901,PT,ES48901,32.4
2018,AG_LND_FRST,,,ES48901,PT,ES48901,32.5
2020,AG_LND_FRST,,,ES48901,PT,ES48901,33.3
2022,AG_LND_FRST,,,ES48901,PT,ES48901,33.2
2010,AG_LND_FRST,,,ES48901,PT,ES48901,39.4
2016,AG_LND_FRST,,,ES48026,PT,ES48026,68.9
2020,AG_LND_FRST,,,ES48026,PT,ES48026,67.7
2019,AG_LND_FRST,,,ES48026,PT,ES48026,67.4
2010,AG_LND_FRST,,,ES48026,PT,ES48026,69.1
2018,AG_LND_FRST,,,ES48026,PT,ES48026,67.0
2022,AG_LND_FRST,,,ES48026,PT,ES48026,68.1
2021,AG_LND_FRST,,,ES48026,PT,ES48026,68.0
2016,AG_LND_FRST,,,Donostia / San Sebastián,PT,Donostia / San Sebastián,31.9
2021,AG_LND_FRST,,,Donostia / San Sebastián,PT,Donostia / San Sebastián,32.2
2019,AG_LND_FRST,,,Donostia / San Sebastián,PT,Donostia / San Sebastián,32.2
2022,AG_LND_FRST,,,Donostia / San Sebastián,PT,Donostia / San Sebastián,32.2
2018,AG_LND_FRST,,,Donostia / San Sebastián,PT,Donostia / San Sebastián,31.7
2020,AG_LND_FRST,,,Donostia / San Sebastián,PT,Donostia / San Sebastián,32.2
2010,AG_LND_FRST,,,Donostia / San Sebastián,PT,Donostia / San Sebastián,31.5
2021,AG_LND_FRST,,,ES48027,PT,ES48027,56.5
2022,AG_LND_FRST,,,ES48027,PT,ES48027,56.5
2018,AG_LND_FRST,,,ES48027,PT,ES48027,55.5
2020,AG_LND_FRST,,,ES48027,PT,ES48027,56.5
2016,AG_LND_FRST,,,ES48027,PT,ES48027,56.2
2010,AG_LND_FRST,,,ES48027,PT,ES48027,57.2
2019,AG_LND_FRST,,,ES48027,PT,ES48027,55.6
2010,AG_LND_FRST,,,ES48028,PT,ES48028,69.6
2018,AG_LND_FRST,,,ES48028,PT,ES48028,69.3
2022,AG_LND_FRST,,,ES48028,PT,ES48028,70.5
2019,AG_LND_FRST,,,ES48028,PT,ES48028,70.3
2016,AG_LND_FRST,,,ES48028,PT,ES48028,71.1
2021,AG_LND_FRST,,,ES48028,PT,ES48028,70.5
2020,AG_LND_FRST,,,ES48028,PT,ES48028,70.4
2010,AG_LND_FRST,,,Eibar,PT,Eibar,72.9
2020,AG_LND_FRST,,,Eibar,PT,Eibar,65.5
2022,AG_LND_FRST,,,Eibar,PT,Eibar,65.9
2018,AG_LND_FRST,,,Eibar,PT,Eibar,65.2
2021,AG_LND_FRST,,,Eibar,PT,Eibar,65.8
2019,AG_LND_FRST,,,Eibar,PT,Eibar,65.5
2016,AG_LND_FRST,,,Eibar,PT,Eibar,66.6
2022,AG_LND_FRST,,,ES48031,PT,ES48031,74.7
2018,AG_LND_FRST,,,ES48031,PT,ES48031,74.9
2021,AG_LND_FRST,,,ES48031,PT,ES48031,74.5
2020,AG_LND_FRST,,,ES48031,PT,ES48031,74.5
2010,AG_LND_FRST,,,ES48031,PT,ES48031,80.5
2019,AG_LND_FRST,,,ES48031,PT,ES48031,74.5
2016,AG_LND_FRST,,,ES48031,PT,ES48031,74.9
2021,AG_LND_FRST,,,Elburgo / Burgelu,PT,Elburgo / Burgelu,22.4
2016,AG_LND_FRST,,,Elburgo / Burgelu,PT,Elburgo / Burgelu,22.5
2019,AG_LND_FRST,,,Elburgo / Burgelu,PT,Elburgo / Burgelu,22.4
2020,AG_LND_FRST,,,Elburgo / Burgelu,PT,Elburgo / Burgelu,22.4
2022,AG_LND_FRST,,,Elburgo / Burgelu,PT,Elburgo / Burgelu,22.5
2018,AG_LND_FRST,,,Elburgo / Burgelu,PT,Elburgo / Burgelu,22.5
2010,AG_LND_FRST,,,Elburgo / Burgelu,PT,Elburgo / Burgelu,22.2
2019,AG_LND_FRST,,,Elciego,PT,Elciego,9.1
2010,AG_LND_FRST,,,Elciego,PT,Elciego,6.9
2018,AG_LND_FRST,,,Elciego,PT,Elciego,9.1
2021,AG_LND_FRST,,,Elciego,PT,Elciego,9.1
2020,AG_LND_FRST,,,Elciego,PT,Elciego,9.1
2016,AG_LND_FRST,,,Elciego,PT,Elciego,9.1
2022,AG_LND_FRST,,,Elciego,PT,Elciego,9.0
2022,AG_LND_FRST,,,Elduain,PT,Elduain,89.8
2019,AG_LND_FRST,,,Elduain,PT,Elduain,90.0
2020,AG_LND_FRST,,,Elduain,PT,Elduain,90.0
2016,AG_LND_FRST,,,Elduain,PT,Elduain,90.4
2021,AG_LND_FRST,,,Elduain,PT,Elduain,90.0
2018,AG_LND_FRST,,,Elduain,PT,Elduain,88.9
2010,AG_LND_FRST,,,Elduain,PT,Elduain,90.6
2020,AG_LND_FRST,,,Elgeta,PT,Elgeta,79.3
2016,AG_LND_FRST,,,Elgeta,PT,Elgeta,82.2
2022,AG_LND_FRST,,,Elgeta,PT,Elgeta,79.6
2021,AG_LND_FRST,,,Elgeta,PT,Elgeta,79.6
2019,AG_LND_FRST,,,Elgeta,PT,Elgeta,79.2
2018,AG_LND_FRST,,,Elgeta,PT,Elgeta,78.9
2010,AG_LND_FRST,,,Elgeta,PT,Elgeta,83.3
2016,AG_LND_FRST,,,Elgoibar,PT,Elgoibar,69.1
2021,AG_LND_FRST,,,Elgoibar,PT,Elgoibar,67.5
2010,AG_LND_FRST,,,Elgoibar,PT,Elgoibar,68.8
2020,AG_LND_FRST,,,Elgoibar,PT,Elgoibar,67.1
2018,AG_LND_FRST,,,Elgoibar,PT,Elgoibar,66.6
2022,AG_LND_FRST,,,Elgoibar,PT,Elgoibar,67.7
2019,AG_LND_FRST,,,Elgoibar,PT,Elgoibar,66.6
2010,AG_LND_FRST,,,ES48032,PT,ES48032,69.4
2020,AG_LND_FRST,,,ES48032,PT,ES48032,67.3
2019,AG_LND_FRST,,,ES48032,PT,ES48032,66.1
2018,AG_LND_FRST,,,ES48032,PT,ES48032,66.2
2022,AG_LND_FRST,,,ES48032,PT,ES48032,67.5
2021,AG_LND_FRST,,,ES48032,PT,ES48032,67.5
2016,AG_LND_FRST,,,ES48032,PT,ES48032,68.9
2022,AG_LND_FRST,,,Elvillar / Bilar,PT,Elvillar / Bilar,3.3
2019,AG_LND_FRST,,,Elvillar / Bilar,PT,Elvillar / Bilar,3.3
2010,AG_LND_FRST,,,Elvillar / Bilar,PT,Elvillar / Bilar,3.8
2018,AG_LND_FRST,,,Elvillar / Bilar,PT,Elvillar / Bilar,3.3
2016,AG_LND_FRST,,,Elvillar / Bilar,PT,Elvillar / Bilar,3.3
2021,AG_LND_FRST,,,Elvillar / Bilar,PT,Elvillar / Bilar,3.3
2020,AG_LND_FRST,,,Elvillar / Bilar,PT,Elvillar / Bilar,3.3
2018,AG_LND_FRST,,,ES48902,PT,ES48902,23.7
2010,AG_LND_FRST,,,ES48902,PT,ES48902,22.9
2016,AG_LND_FRST,,,ES48902,PT,ES48902,23.8
2021,AG_LND_FRST,,,ES48902,PT,ES48902,24.0
2022,AG_LND_FRST,,,ES48902,PT,ES48902,24.0
2020,AG_LND_FRST,,,ES48902,PT,ES48902,24.0
2019,AG_LND_FRST,,,ES48902,PT,ES48902,23.7
2010,AG_LND_FRST,,,ES48033,PT,ES48033,81.2
2016,AG_LND_FRST,,,ES48033,PT,ES48033,82.8
2021,AG_LND_FRST,,,ES48033,PT,ES48033,82.6
2020,AG_LND_FRST,,,ES48033,PT,ES48033,82.5
2019,AG_LND_FRST,,,ES48033,PT,ES48033,82.3
2018,AG_LND_FRST,,,ES48033,PT,ES48033,81.8
2022,AG_LND_FRST,,,ES48033,PT,ES48033,82.6
2010,AG_LND_FRST,,,ES48034,PT,ES48034,72.4
2022,AG_LND_FRST,,,ES48034,PT,ES48034,54.9
2016,AG_LND_FRST,,,ES48034,PT,ES48034,58.2
2018,AG_LND_FRST,,,ES48034,PT,ES48034,54.7
2021,AG_LND_FRST,,,ES48034,PT,ES48034,54.8
2020,AG_LND_FRST,,,ES48034,PT,ES48034,53.8
2019,AG_LND_FRST,,,ES48034,PT,ES48034,54.7
2021,AG_LND_FRST,,,Errenteria,PT,Errenteria,66.7
2016,AG_LND_FRST,,,Errenteria,PT,Errenteria,68.0
2020,AG_LND_FRST,,,Errenteria,PT,Errenteria,66.5
2010,AG_LND_FRST,,,Errenteria,PT,Errenteria,67.9
2022,AG_LND_FRST,,,Errenteria,PT,Errenteria,66.7
2019,AG_LND_FRST,,,Errenteria,PT,Errenteria,66.5
2018,AG_LND_FRST,,,Errenteria,PT,Errenteria,66.1
2022,AG_LND_FRST,,,Errezil,PT,Errezil,59.2
2019,AG_LND_FRST,,,Errezil,PT,Errezil,58.4
2021,AG_LND_FRST,,,Errezil,PT,Errezil,59.0
2010,AG_LND_FRST,,,Errezil,PT,Errezil,60.5
2016,AG_LND_FRST,,,Errezil,PT,Errezil,59.8
2020,AG_LND_FRST,,,Errezil,PT,Errezil,59.1
2018,AG_LND_FRST,,,Errezil,PT,Errezil,58.1
2016,AG_LND_FRST,,,Erriberagoitia / Ribera Alta,PT,Erriberagoitia / Ribera Alta,49.9
2022,AG_LND_FRST,,,Erriberagoitia / Ribera Alta,PT,Erriberagoitia / Ribera Alta,49.8
2020,AG_LND_FRST,,,Erriberagoitia / Ribera Alta,PT,Erriberagoitia / Ribera Alta,49.8
2018,AG_LND_FRST,,,Erriberagoitia / Ribera Alta,PT,Erriberagoitia / Ribera Alta,49.9
2019,AG_LND_FRST,,,Erriberagoitia / Ribera Alta,PT,Erriberagoitia / Ribera Alta,49.9
2010,AG_LND_FRST,,,Erriberagoitia / Ribera Alta,PT,Erriberagoitia / Ribera Alta,49.5
2021,AG_LND_FRST,,,Erriberagoitia / Ribera Alta,PT,Erriberagoitia / Ribera Alta,49.8
2022,AG_LND_FRST,,,ES48079,PT,ES48079,69.2
2020,AG_LND_FRST,,,ES48079,PT,ES48079,69.7
2016,AG_LND_FRST,,,ES48079,PT,ES48079,71.6
2019,AG_LND_FRST,,,ES48079,PT,ES48079,69.2
2018,AG_LND_FRST,,,ES48079,PT,ES48079,68.6
2021,AG_LND_FRST,,,ES48079,PT,ES48079,69.3
2010,AG_LND_FRST,,,ES48079,PT,ES48079,70.7
2018,AG_LND_FRST,,,Eskoriatza,PT,Eskoriatza,61.7
2020,AG_LND_FRST,,,Eskoriatza,PT,Eskoriatza,61.9
2016,AG_LND_FRST,,,Eskoriatza,PT,Eskoriatza,62.9
2019,AG_LND_FRST,,,Eskoriatza,PT,Eskoriatza,61.8
2022,AG_LND_FRST,,,Eskoriatza,PT,Eskoriatza,62.1
2021,AG_LND_FRST,,,Eskoriatza,PT,Eskoriatza,62.0
2010,AG_LND_FRST,,,Eskoriatza,PT,Eskoriatza,63.3
2020,AG_LND_FRST,,,ES48029,PT,ES48029,38.9
2018,AG_LND_FRST,,,ES48029,PT,ES48029,38.9
2022,AG_LND_FRST,,,ES48029,PT,ES48029,40.8
2010,AG_LND_FRST,,,ES48029,PT,ES48029,40.0
2019,AG_LND_FRST,,,ES48029,PT,ES48029,38.9
2016,AG_LND_FRST,,,ES48029,PT,ES48029,38.9
2021,AG_LND_FRST,,,ES48029,PT,ES48029,40.9
2021,AG_LND_FRST,,,ES48030,PT,ES48030,72.3
2016,AG_LND_FRST,,,ES48030,PT,ES48030,73.2
2020,AG_LND_FRST,,,ES48030,PT,ES48030,71.1
2019,AG_LND_FRST,,,ES48030,PT,ES48030,70.7
2022,AG_LND_FRST,,,ES48030,PT,ES48030,73.0
2010,AG_LND_FRST,,,ES48030,PT,ES48030,71.6
2018,AG_LND_FRST,,,ES48030,PT,ES48030,70.6
2019,AG_LND_FRST,,,Ezkio-Itsaso,PT,Ezkio-Itsaso,68.7
2020,AG_LND_FRST,,,Ezkio-Itsaso,PT,Ezkio-Itsaso,69.2
2018,AG_LND_FRST,,,Ezkio-Itsaso,PT,Ezkio-Itsaso,68.7
2022,AG_LND_FRST,,,Ezkio-Itsaso,PT,Ezkio-Itsaso,69.7
2016,AG_LND_FRST,,,Ezkio-Itsaso,PT,Ezkio-Itsaso,70.7
2021,AG_LND_FRST,,,Ezkio-Itsaso,PT,Ezkio-Itsaso,69.5
2010,AG_LND_FRST,,,Ezkio-Itsaso,PT,Ezkio-Itsaso,73.2
2019,AG_LND_FRST,,,ES48906,PT,ES48906,55.8
2010,AG_LND_FRST,,,ES48906,PT,ES48906,53.1
2022,AG_LND_FRST,,,ES48906,PT,ES48906,55.6
2016,AG_LND_FRST,,,ES48906,PT,ES48906,57.3
2020,AG_LND_FRST,,,ES48906,PT,ES48906,55.8
2021,AG_LND_FRST,,,ES48906,PT,ES48906,55.8
2018,AG_LND_FRST,,,ES48906,PT,ES48906,55.8
2021,AG_LND_FRST,,,ES48035,PT,ES48035,46.8
2018,AG_LND_FRST,,,ES48035,PT,ES48035,46.2
2016,AG_LND_FRST,,,ES48035,PT,ES48035,46.8
2019,AG_LND_FRST,,,ES48035,PT,ES48035,46.5
2022,AG_LND_FRST,,,ES48035,PT,ES48035,46.9
2010,AG_LND_FRST,,,ES48035,PT,ES48035,45.2
2020,AG_LND_FRST,,,ES48035,PT,ES48035,46.8
2016,AG_LND_FRST,,,Gabiria,PT,Gabiria,64.9
2022,AG_LND_FRST,,,Gabiria,PT,Gabiria,63.6
2018,AG_LND_FRST,,,Gabiria,PT,Gabiria,63.2
2010,AG_LND_FRST,,,Gabiria,PT,Gabiria,65.7
2020,AG_LND_FRST,,,Gabiria,PT,Gabiria,63.2
2019,AG_LND_FRST,,,Gabiria,PT,Gabiria,63.1
2021,AG_LND_FRST,,,Gabiria,PT,Gabiria,63.5
2010,AG_LND_FRST,,,Gaintza,PT,Gaintza,66.5
2018,AG_LND_FRST,,,Gaintza,PT,Gaintza,65.6
2020,AG_LND_FRST,,,Gaintza,PT,Gaintza,65.6
2022,AG_LND_FRST,,,Gaintza,PT,Gaintza,65.6
2019,AG_LND_FRST,,,Gaintza,PT,Gaintza,65.6
2021,AG_LND_FRST,,,Gaintza,PT,Gaintza,65.6
2016,AG_LND_FRST,,,Gaintza,PT,Gaintza,67.8
2020,AG_LND_FRST,,,ES48036,PT,ES48036,60.1
2016,AG_LND_FRST,,,ES48036,PT,ES48036,60.1
2019,AG_LND_FRST,,,ES48036,PT,ES48036,59.9
2022,AG_LND_FRST,,,ES48036,PT,ES48036,61.0
2010,AG_LND_FRST,,,ES48036,PT,ES48036,59.1
2018,AG_LND_FRST,,,ES48036,PT,ES48036,59.9
2021,AG_LND_FRST,,,ES48036,PT,ES48036,61.2
2010,AG_LND_FRST,,,ES48037,PT,ES48037,62.8
2018,AG_LND_FRST,,,ES48037,PT,ES48037,61.4
2020,AG_LND_FRST,,,ES48037,PT,ES48037,61.8
2019,AG_LND_FRST,,,ES48037,PT,ES48037,61.5
2021,AG_LND_FRST,,,ES48037,PT,ES48037,62.0
2016,AG_LND_FRST,,,ES48037,PT,ES48037,62.2
2022,AG_LND_FRST,,,ES48037,PT,ES48037,62.0
2010,AG_LND_FRST,,,ES48038,PT,ES48038,44.7
2016,AG_LND_FRST,,,ES48038,PT,ES48038,46.3
2022,AG_LND_FRST,,,ES48038,PT,ES48038,46.2
2021,AG_LND_FRST,,,ES48038,PT,ES48038,46.2
2018,AG_LND_FRST,,,ES48038,PT,ES48038,45.8
2020,AG_LND_FRST,,,ES48038,PT,ES48038,46.4
2019,AG_LND_FRST,,,ES48038,PT,ES48038,45.6
2016,AG_LND_FRST,,,ES48039,PT,ES48039,71.9
2019,AG_LND_FRST,,,ES48039,PT,ES48039,70.4
2022,AG_LND_FRST,,,ES48039,PT,ES48039,71.3
2021,AG_LND_FRST,,,ES48039,PT,ES48039,71.2
2018,AG_LND_FRST,,,ES48039,PT,ES48039,70.3
2010,AG_LND_FRST,,,ES48039,PT,ES48039,75.8
2020,AG_LND_FRST,,,ES48039,PT,ES48039,71.2
2022,AG_LND_FRST,,,ES48040,PT,ES48040,42.8
2021,AG_LND_FRST,,,ES48040,PT,ES48040,42.8
2019,AG_LND_FRST,,,ES48040,PT,ES48040,39.8
2016,AG_LND_FRST,,,ES48040,PT,ES48040,40.0
2010,AG_LND_FRST,,,ES48040,PT,ES48040,40.6
2020,AG_LND_FRST,,,ES48040,PT,ES48040,42.1
2018,AG_LND_FRST,,,ES48040,PT,ES48040,39.3
2010,AG_LND_FRST,,,ES48041,PT,ES48041,61.9
2018,AG_LND_FRST,,,ES48041,PT,ES48041,61.0
2022,AG_LND_FRST,,,ES48041,PT,ES48041,61.8
2020,AG_LND_FRST,,,ES48041,PT,ES48041,61.0
2021,AG_LND_FRST,,,ES48041,PT,ES48041,61.1
2019,AG_LND_FRST,,,ES48041,PT,ES48041,61.0
2016,AG_LND_FRST,,,ES48041,PT,ES48041,62.2
2018,AG_LND_FRST,,,ES20907,PT,ES20907,74.8
2016,AG_LND_FRST,,,ES20907,PT,ES20907,77.5
2022,AG_LND_FRST,,,ES20907,PT,ES20907,75.1
2021,AG_LND_FRST,,,ES20907,PT,ES20907,75.0
2010,AG_LND_FRST,,,ES20907,PT,ES20907,75.4
2020,AG_LND_FRST,,,ES20907,PT,ES20907,75.0
2019,AG_LND_FRST,,,ES20907,PT,ES20907,74.8
2016,AG_LND_FRST,,,ES48046,PT,ES48046,46.5
2022,AG_LND_FRST,,,ES48046,PT,ES48046,46.8
2019,AG_LND_FRST,,,ES48046,PT,ES48046,46.2
2018,AG_LND_FRST,,,ES48046,PT,ES48046,45.6
2010,AG_LND_FRST,,,ES48046,PT,ES48046,45.6
2020,AG_LND_FRST,,,ES48046,PT,ES48046,46.2
2021,AG_LND_FRST,,,ES48046,PT,ES48046,46.8
2022,AG_LND_FRST,,,Getaria,PT,Getaria,22.6
2020,AG_LND_FRST,,,Getaria,PT,Getaria,22.6
2018,AG_LND_FRST,,,Getaria,PT,Getaria,22.0
2016,AG_LND_FRST,,,Getaria,PT,Getaria,23.4
2021,AG_LND_FRST,,,Getaria,PT,Getaria,22.6
2019,AG_LND_FRST,,,Getaria,PT,Getaria,22.6
2010,AG_LND_FRST,,,Getaria,PT,Getaria,25.9
2016,AG_LND_FRST,,,ES48044,PT,ES48044,6.3
2020,AG_LND_FRST,,,ES48044,PT,ES48044,6.7
2010,AG_LND_FRST,,,ES48044,PT,ES48044,6.2
2021,AG_LND_FRST,,,ES48044,PT,ES48044,6.7
2019,AG_LND_FRST,,,ES48044,PT,ES48044,6.7
2018,AG_LND_FRST,,,ES48044,PT,ES48044,6.3
2022,AG_LND_FRST,,,ES48044,PT,ES48044,6.7
2010,AG_LND_FRST,,,ES48047,PT,ES48047,73.2
2018,AG_LND_FRST,,,ES48047,PT,ES48047,78.4
2020,AG_LND_FRST,,,ES48047,PT,ES48047,79.0
2019,AG_LND_FRST,,,ES48047,PT,ES48047,79.0
2016,AG_LND_FRST,,,ES48047,PT,ES48047,78.4
2022,AG_LND_FRST,,,ES48047,PT,ES48047,79.6
2021,AG_LND_FRST,,,ES48047,PT,ES48047,78.8
2021,AG_LND_FRST,,,ES48042,PT,ES48042,81.9
2018,AG_LND_FRST,,,ES48042,PT,ES48042,80.6
2010,AG_LND_FRST,,,ES48042,PT,ES48042,81.9
2019,AG_LND_FRST,,,ES48042,PT,ES48042,81.0
2022,AG_LND_FRST,,,ES48042,PT,ES48042,82.0
2016,AG_LND_FRST,,,ES48042,PT,ES48042,81.7
2020,AG_LND_FRST,,,ES48042,PT,ES48042,81.1
2016,AG_LND_FRST,,,ES48043,PT,ES48043,25.7
2020,AG_LND_FRST,,,ES48043,PT,ES48043,30.1
2019,AG_LND_FRST,,,ES48043,PT,ES48043,25.8
2018,AG_LND_FRST,,,ES48043,PT,ES48043,25.7
2022,AG_LND_FRST,,,ES48043,PT,ES48043,30.4
2021,AG_LND_FRST,,,ES48043,PT,ES48043,30.4
2010,AG_LND_FRST,,,ES48043,PT,ES48043,37.9
2022,AG_LND_FRST,,,ES48045,PT,ES48045,66.3
2018,AG_LND_FRST,,,ES48045,PT,ES48045,65.3
2021,AG_LND_FRST,,,ES48045,PT,ES48045,66.3
2016,AG_LND_FRST,,,ES48045,PT,ES48045,65.8
2010,AG_LND_FRST,,,ES48045,PT,ES48045,66.3
2019,AG_LND_FRST,,,ES48045,PT,ES48045,65.4
2020,AG_LND_FRST,,,ES48045,PT,ES48045,66.2
2022,AG_LND_FRST,,,Harana / Valle de Arana,PT,Harana / Valle de Arana,56.2
2010,AG_LND_FRST,,,Harana / Valle de Arana,PT,Harana / Valle de Arana,56.0
2016,AG_LND_FRST,,,Harana / Valle de Arana,PT,Harana / Valle de Arana,56.2
2019,AG_LND_FRST,,,Harana / Valle de Arana,PT,Harana / Valle de Arana,56.2
2021,AG_LND_FRST,,,Harana / Valle de Arana,PT,Harana / Valle de Arana,56.2
2018,AG_LND_FRST,,,Harana / Valle de Arana,PT,Harana / Valle de Arana,56.2
2020,AG_LND_FRST,,,Harana / Valle de Arana,PT,Harana / Valle de Arana,56.2
2021,AG_LND_FRST,,,Hernani,PT,Hernani,64.8
2016,AG_LND_FRST,,,Hernani,PT,Hernani,65.4
2019,AG_LND_FRST,,,Hernani,PT,Hernani,64.6
2010,AG_LND_FRST,,,Hernani,PT,Hernani,65.0
2020,AG_LND_FRST,,,Hernani,PT,Hernani,64.8
2022,AG_LND_FRST,,,Hernani,PT,Hernani,64.8
2018,AG_LND_FRST,,,Hernani,PT,Hernani,63.8
2019,AG_LND_FRST,,,Hernialde,PT,Hernialde,48.6
2018,AG_LND_FRST,,,Hernialde,PT,Hernialde,48.6
2016,AG_LND_FRST,,,Hernialde,PT,Hernialde,49.1
2021,AG_LND_FRST,,,Hernialde,PT,Hernialde,48.6
2010,AG_LND_FRST,,,Hernialde,PT,Hernialde,47.4
2022,AG_LND_FRST,,,Hernialde,PT,Hernialde,48.6
2020,AG_LND_FRST,,,Hernialde,PT,Hernialde,48.6
2016,AG_LND_FRST,,,Hondarribia,PT,Hondarribia,39.9
2022,AG_LND_FRST,,,Hondarribia,PT,Hondarribia,40.0
2019,AG_LND_FRST,,,Hondarribia,PT,Hondarribia,40.0
2018,AG_LND_FRST,,,Hondarribia,PT,Hondarribia,39.9
2010,AG_LND_FRST,,,Hondarribia,PT,Hondarribia,40.9
2021,AG_LND_FRST,,,Hondarribia,PT,Hondarribia,40.0
2020,AG_LND_FRST,,,Hondarribia,PT,Hondarribia,40.0
2018,AG_LND_FRST,,,Ibarra,PT,Ibarra,39.0
2020,AG_LND_FRST,,,Ibarra,PT,Ibarra,38.9
2022,AG_LND_FRST,,,Ibarra,PT,Ibarra,39.2
2010,AG_LND_FRST,,,Ibarra,PT,Ibarra,45.0
2021,AG_LND_FRST,,,Ibarra,PT,Ibarra,38.9
2016,AG_LND_FRST,,,Ibarra,PT,Ibarra,43.1
2019,AG_LND_FRST,,,Ibarra,PT,Ibarra,38.9
2021,AG_LND_FRST,,,ES48048,PT,ES48048,72.2
2016,AG_LND_FRST,,,ES48048,PT,ES48048,72.3
2010,AG_LND_FRST,,,ES48048,PT,ES48048,62.8
2020,AG_LND_FRST,,,ES48048,PT,ES48048,72.2
2019,AG_LND_FRST,,,ES48048,PT,ES48048,72.2
2018,AG_LND_FRST,,,ES48048,PT,ES48048,72.0
2022,AG_LND_FRST,,,ES48048,PT,ES48048,72.2
2016,AG_LND_FRST,,,Idiazabal,PT,Idiazabal,65.4
2022,AG_LND_FRST,,,Idiazabal,PT,Idiazabal,64.9
2020,AG_LND_FRST,,,Idiazabal,PT,Idiazabal,64.9
2019,AG_LND_FRST,,,Idiazabal,PT,Idiazabal,64.7
2010,AG_LND_FRST,,,Idiazabal,PT,Idiazabal,65.1
2018,AG_LND_FRST,,,Idiazabal,PT,Idiazabal,63.8
2021,AG_LND_FRST,,,Idiazabal,PT,Idiazabal,64.9
2020,AG_LND_FRST,,,ES48094,PT,ES48094,65.3
2021,AG_LND_FRST,,,ES48094,PT,ES48094,65.4
2010,AG_LND_FRST,,,ES48094,PT,ES48094,67.1
2016,AG_LND_FRST,,,ES48094,PT,ES48094,67.6
2018,AG_LND_FRST,,,ES48094,PT,ES48094,65.4
2019,AG_LND_FRST,,,ES48094,PT,ES48094,65.7
2022,AG_LND_FRST,,,ES48094,PT,ES48094,65.5
2018,AG_LND_FRST,,,Ikaztegieta,PT,Ikaztegieta,44.7
2021,AG_LND_FRST,,,Ikaztegieta,PT,Ikaztegieta,44.7
2010,AG_LND_FRST,,,Ikaztegieta,PT,Ikaztegieta,46.5
2022,AG_LND_FRST,,,Ikaztegieta,PT,Ikaztegieta,44.9
2016,AG_LND_FRST,,,Ikaztegieta,PT,Ikaztegieta,45.4
2020,AG_LND_FRST,,,Ikaztegieta,PT,Ikaztegieta,44.7
2019,AG_LND_FRST,,,Ikaztegieta,PT,Ikaztegieta,44.7
2019,AG_LND_FRST,,,Irun,PT,Irun,51.7
2016,AG_LND_FRST,,,Irun,PT,Irun,50.5
2021,AG_LND_FRST,,,Irun,PT,Irun,51.4
2010,AG_LND_FRST,,,Irun,PT,Irun,48.9
2018,AG_LND_FRST,,,Irun,PT,Irun,50.4
2022,AG_LND_FRST,,,Irun,PT,Irun,51.4
2020,AG_LND_FRST,,,Irun,PT,Irun,51.5
2019,AG_LND_FRST,,,Iruña Oka / Iruña de Oca,PT,Iruña Oka / Iruña de Oca,52.2
2016,AG_LND_FRST,,,Iruña Oka / Iruña de Oca,PT,Iruña Oka / Iruña de Oca,51.7
2010,AG_LND_FRST,,,Iruña Oka / Iruña de Oca,PT,Iruña Oka / Iruña de Oca,52.0
2021,AG_LND_FRST,,,Iruña Oka / Iruña de Oca,PT,Iruña Oka / Iruña de Oca,52.2
2018,AG_LND_FRST,,,Iruña Oka / Iruña de Oca,PT,Iruña Oka / Iruña de Oca,51.7
2020,AG_LND_FRST,,,Iruña Oka / Iruña de Oca,PT,Iruña Oka / Iruña de Oca,52.2
2022,AG_LND_FRST,,,Iruña Oka / Iruña de Oca,PT,Iruña Oka / Iruña de Oca,52.2
2021,AG_LND_FRST,,,Irura,PT,Irura,63.9
2019,AG_LND_FRST,,,Irura,PT,Irura,63.6
2016,AG_LND_FRST,,,Irura,PT,Irura,66.1
2010,AG_LND_FRST,,,Irura,PT,Irura,63.7
2020,AG_LND_FRST,,,Irura,PT,Irura,63.9
2018,AG_LND_FRST,,,Irura,PT,Irura,63.6
2022,AG_LND_FRST,,,Irura,PT,Irura,63.8
2016,AG_LND_FRST,,,Iruraiz-Gauna,PT,Iruraiz-Gauna,35.5
2010,AG_LND_FRST,,,Iruraiz-Gauna,PT,Iruraiz-Gauna,36.0
2019,AG_LND_FRST,,,Iruraiz-Gauna,PT,Iruraiz-Gauna,35.5
2022,AG_LND_FRST,,,Iruraiz-Gauna,PT,Iruraiz-Gauna,35.5
2018,AG_LND_FRST,,,Iruraiz-Gauna,PT,Iruraiz-Gauna,35.5
2020,AG_LND_FRST,,,Iruraiz-Gauna,PT,Iruraiz-Gauna,35.5
2021,AG_LND_FRST,,,Iruraiz-Gauna,PT,Iruraiz-Gauna,35.5
2016,AG_LND_FRST,,,ES48049,PT,ES48049,79.5
2022,AG_LND_FRST,,,ES48049,PT,ES48049,78.6
2018,AG_LND_FRST,,,ES48049,PT,ES48049,77.6
2021,AG_LND_FRST,,,ES48049,PT,ES48049,78.6
2010,AG_LND_FRST,,,ES48049,PT,ES48049,79.8
2020,AG_LND_FRST,,,ES48049,PT,ES48049,78.6
2019,AG_LND_FRST,,,ES48049,PT,ES48049,78.5
2020,AG_LND_FRST,,,Itsasondo,PT,Itsasondo,77.6
2018,AG_LND_FRST,,,Itsasondo,PT,Itsasondo,77.4
2016,AG_LND_FRST,,,Itsasondo,PT,Itsasondo,78.1
2022,AG_LND_FRST,,,Itsasondo,PT,Itsasondo,77.5
2010,AG_LND_FRST,,,Itsasondo,PT,Itsasondo,78.4
2019,AG_LND_FRST,,,Itsasondo,PT,Itsasondo,77.4
2021,AG_LND_FRST,,,Itsasondo,PT,Itsasondo,77.6
2010,AG_LND_FRST,,,ES48910,PT,ES48910,57.0
2018,AG_LND_FRST,,,ES48910,PT,ES48910,54.8
2016,AG_LND_FRST,,,ES48910,PT,ES48910,55.8
2022,AG_LND_FRST,,,ES48910,PT,ES48910,55.8
2019,AG_LND_FRST,,,ES48910,PT,ES48910,54.9
2020,AG_LND_FRST,,,ES48910,PT,ES48910,55.2
2021,AG_LND_FRST,,,ES48910,PT,ES48910,55.4
2022,AG_LND_FRST,,,ES48050,PT,ES48050,61.9
2019,AG_LND_FRST,,,ES48050,PT,ES48050,61.9
2010,AG_LND_FRST,,,ES48050,PT,ES48050,69.5
2020,AG_LND_FRST,,,ES48050,PT,ES48050,61.9
2018,AG_LND_FRST,,,ES48050,PT,ES48050,62.1
2016,AG_LND_FRST,,,ES48050,PT,ES48050,68.5
2021,AG_LND_FRST,,,ES48050,PT,ES48050,61.9
2019,AG_LND_FRST,,,ES48022,PT,ES48022,39.7
2016,AG_LND_FRST,,,ES48022,PT,ES48022,39.1
2021,AG_LND_FRST,,,ES48022,PT,ES48022,39.9
2020,AG_LND_FRST,,,ES48022,PT,ES48022,39.8
2010,AG_LND_FRST,,,ES48022,PT,ES48022,38.7
2018,AG_LND_FRST,,,ES48022,PT,ES48022,38.9
2022,AG_LND_FRST,,,ES48022,PT,ES48022,40.0
2016,AG_LND_FRST,,,ES48907,PT,ES48907,67.8
2019,AG_LND_FRST,,,ES48907,PT,ES48907,66.3
2018,AG_LND_FRST,,,ES48907,PT,ES48907,66.2
2010,AG_LND_FRST,,,ES48907,PT,ES48907,65.8
2022,AG_LND_FRST,,,ES48907,PT,ES48907,67.2
2021,AG_LND_FRST,,,ES48907,PT,ES48907,66.3
2020,AG_LND_FRST,,,ES48907,PT,ES48907,66.3
2022,AG_LND_FRST,,,Kripan,PT,Kripan,22.6
2019,AG_LND_FRST,,,Kripan,PT,Kripan,22.7
2020,AG_LND_FRST,,,Kripan,PT,Kripan,22.7
2016,AG_LND_FRST,,,Kripan,PT,Kripan,22.7
2021,AG_LND_FRST,,,Kripan,PT,Kripan,22.7
2018,AG_LND_FRST,,,Kripan,PT,Kripan,22.7
2010,AG_LND_FRST,,,Kripan,PT,Kripan,23.0
2022,AG_LND_FRST,,,Kuartango,PT,Kuartango,53.9
2016,AG_LND_FRST,,,Kuartango,PT,Kuartango,53.4
2019,AG_LND_FRST,,,Kuartango,PT,Kuartango,53.9
2018,AG_LND_FRST,,,Kuartango,PT,Kuartango,53.4
2020,AG_LND_FRST,,,Kuartango,PT,Kuartango,53.9
2010,AG_LND_FRST,,,Kuartango,PT,Kuartango,54.0
2021,AG_LND_FRST,,,Kuartango,PT,Kuartango,53.9
2019,AG_LND_FRST,,,Labastida / Bastida,PT,Labastida / Bastida,25.7
2020,AG_LND_FRST,,,Labastida / Bastida,PT,Labastida / Bastida,25.8
2010,AG_LND_FRST,,,Labastida / Bastida,PT,Labastida / Bastida,25.7
2018,AG_LND_FRST,,,Labastida / Bastida,PT,Labastida / Bastida,25.7
2016,AG_LND_FRST,,,Labastida / Bastida,PT,Labastida / Bastida,25.7
2021,AG_LND_FRST,,,Labastida / Bastida,PT,Labastida / Bastida,25.8
2022,AG_LND_FRST,,,Labastida / Bastida,PT,Labastida / Bastida,25.8
2018,AG_LND_FRST,,,Lagrán,PT,Lagrán,71.0
2016,AG_LND_FRST,,,Lagrán,PT,Lagrán,71.0
2021,AG_LND_FRST,,,Lagrán,PT,Lagrán,71.0
2019,AG_LND_FRST,,,Lagrán,PT,Lagrán,71.0
2022,AG_LND_FRST,,,Lagrán,PT,Lagrán,71.0
2020,AG_LND_FRST,,,Lagrán,PT,Lagrán,71.0
2010,AG_LND_FRST,,,Lagrán,PT,Lagrán,70.1
2016,AG_LND_FRST,,,Laguardia,PT,Laguardia,14.3
2018,AG_LND_FRST,,,Laguardia,PT,Laguardia,14.3
2021,AG_LND_FRST,,,Laguardia,PT,Laguardia,14.7
2019,AG_LND_FRST,,,Laguardia,PT,Laguardia,14.7
2010,AG_LND_FRST,,,Laguardia,PT,Laguardia,14.2
2022,AG_LND_FRST,,,Laguardia,PT,Laguardia,14.6
2020,AG_LND_FRST,,,Laguardia,PT,Laguardia,14.7
2020,AG_LND_FRST,,,Lanciego / Lantziego,PT,Lanciego / Lantziego,6.2
2018,AG_LND_FRST,,,Lanciego / Lantziego,PT,Lanciego / Lantziego,6.2
2016,AG_LND_FRST,,,Lanciego / Lantziego,PT,Lanciego / Lantziego,6.2
2021,AG_LND_FRST,,,Lanciego / Lantziego,PT,Lanciego / Lantziego,6.2
2022,AG_LND_FRST,,,Lanciego / Lantziego,PT,Lanciego / Lantziego,6.2
2019,AG_LND_FRST,,,Lanciego / Lantziego,PT,Lanciego / Lantziego,6.2
2010,AG_LND_FRST,,,Lanciego / Lantziego,PT,Lanciego / Lantziego,6.0
2021,AG_LND_FRST,,,ES48051,PT,ES48051,41.3
2020,AG_LND_FRST,,,ES48051,PT,ES48051,41.3
2016,AG_LND_FRST,,,ES48051,PT,ES48051,41.3
2010,AG_LND_FRST,,,ES48051,PT,ES48051,36.7
2019,AG_LND_FRST,,,ES48051,PT,ES48051,41.3
2018,AG_LND_FRST,,,ES48051,PT,ES48051,41.3
2022,AG_LND_FRST,,,ES48051,PT,ES48051,41.2
2019,AG_LND_FRST,,,Lantarón,PT,Lantarón,28.1
2020,AG_LND_FRST,,,Lantarón,PT,Lantarón,28.1
2010,AG_LND_FRST,,,Lantarón,PT,Lantarón,30.3
2021,AG_LND_FRST,,,Lantarón,PT,Lantarón,28.1
2018,AG_LND_FRST,,,Lantarón,PT,Lantarón,27.8
2022,AG_LND_FRST,,,Lantarón,PT,Lantarón,28.1
2016,AG_LND_FRST,,,Lantarón,PT,Lantarón,27.8
2018,AG_LND_FRST,,,Lapuebla de Labarca,PT,Lapuebla de Labarca,5.5
2010,AG_LND_FRST,,,Lapuebla de Labarca,PT,Lapuebla de Labarca,5.7
2021,AG_LND_FRST,,,Lapuebla de Labarca,PT,Lapuebla de Labarca,5.4
2019,AG_LND_FRST,,,Lapuebla de Labarca,PT,Lapuebla de Labarca,5.4
2020,AG_LND_FRST,,,Lapuebla de Labarca,PT,Lapuebla de Labarca,5.4
2022,AG_LND_FRST,,,Lapuebla de Labarca,PT,Lapuebla de Labarca,5.3
2016,AG_LND_FRST,,,Lapuebla de Labarca,PT,Lapuebla de Labarca,5.5
2010,AG_LND_FRST,,,ES48052,PT,ES48052,62.0
2021,AG_LND_FRST,,,ES48052,PT,ES48052,64.5
2022,AG_LND_FRST,,,ES48052,PT,ES48052,64.4
2018,AG_LND_FRST,,,ES48052,PT,ES48052,63.9
2016,AG_LND_FRST,,,ES48052,PT,ES48052,64.8
2020,AG_LND_FRST,,,ES48052,PT,ES48052,64.4
2019,AG_LND_FRST,,,ES48052,PT,ES48052,63.8
2019,AG_LND_FRST,,,Larraul,PT,Larraul,59.3
2016,AG_LND_FRST,,,Larraul,PT,Larraul,60.2
2021,AG_LND_FRST,,,Larraul,PT,Larraul,59.3
2010,AG_LND_FRST,,,Larraul,PT,Larraul,55.4
2018,AG_LND_FRST,,,Larraul,PT,Larraul,59.4
2020,AG_LND_FRST,,,Larraul,PT,Larraul,59.3
2022,AG_LND_FRST,,,Larraul,PT,Larraul,59.4
2010,AG_LND_FRST,,,ES20902,PT,ES20902,26.1
2019,AG_LND_FRST,,,ES20902,PT,ES20902,27.7
2022,AG_LND_FRST,,,ES20902,PT,ES20902,27.7
2018,AG_LND_FRST,,,ES20902,PT,ES20902,27.7
2016,AG_LND_FRST,,,ES20902,PT,ES20902,27.9
2020,AG_LND_FRST,,,ES20902,PT,ES20902,27.7
2021,AG_LND_FRST,,,ES20902,PT,ES20902,27.7
2010,AG_LND_FRST,,,Laudio / Llodio,PT,Laudio / Llodio,70.1
2022,AG_LND_FRST,,,Laudio / Llodio,PT,Laudio / Llodio,69.8
2021,AG_LND_FRST,,,Laudio / Llodio,PT,Laudio / Llodio,69.8
2019,AG_LND_FRST,,,Laudio / Llodio,PT,Laudio / Llodio,69.1
2018,AG_LND_FRST,,,Laudio / Llodio,PT,Laudio / Llodio,69.2
2020,AG_LND_FRST,,,Laudio / Llodio,PT,Laudio / Llodio,69.7
2016,AG_LND_FRST,,,Laudio / Llodio,PT,Laudio / Llodio,69.0
2022,AG_LND_FRST,,,ES48053,PT,ES48053,41.6
2019,AG_LND_FRST,,,ES48053,PT,ES48053,35.9
2018,AG_LND_FRST,,,ES48053,PT,ES48053,35.7
2016,AG_LND_FRST,,,ES48053,PT,ES48053,36.5
2010,AG_LND_FRST,,,ES48053,PT,ES48053,38.6
2021,AG_LND_FRST,,,ES48053,PT,ES48053,41.6
2020,AG_LND_FRST,,,ES48053,PT,ES48053,41.5
2018,AG_LND_FRST,,,Lazkao,PT,Lazkao,62.2
2020,AG_LND_FRST,,,Lazkao,PT,Lazkao,62.3
2021,AG_LND_FRST,,,Lazkao,PT,Lazkao,62.3
2010,AG_LND_FRST,,,Lazkao,PT,Lazkao,65.3
2019,AG_LND_FRST,,,Lazkao,PT,Lazkao,62.3
2016,AG_LND_FRST,,,Lazkao,PT,Lazkao,63.7
2022,AG_LND_FRST,,,Lazkao,PT,Lazkao,62.3
2018,AG_LND_FRST,,,Leaburu,PT,Leaburu,52.3
2010,AG_LND_FRST,,,Leaburu,PT,Leaburu,56.2
2022,AG_LND_FRST,,,Leaburu,PT,Leaburu,52.7
2021,AG_LND_FRST,,,Leaburu,PT,Leaburu,52.6
2016,AG_LND_FRST,,,Leaburu,PT,Leaburu,54.2
2019,AG_LND_FRST,,,Leaburu,PT,Leaburu,53.1
2020,AG_LND_FRST,,,Leaburu,PT,Leaburu,52.6
2022,AG_LND_FRST,,,Legazpi,PT,Legazpi,78.2
2018,AG_LND_FRST,,,Legazpi,PT,Legazpi,77.9
2010,AG_LND_FRST,,,Legazpi,PT,Legazpi,80.2
2016,AG_LND_FRST,,,Legazpi,PT,Legazpi,79.1
2019,AG_LND_FRST,,,Legazpi,PT,Legazpi,78.1
2021,AG_LND_FRST,,,Legazpi,PT,Legazpi,78.2
2020,AG_LND_FRST,,,Legazpi,PT,Legazpi,78.1
2020,AG_LND_FRST,,,Legorreta,PT,Legorreta,70.1
2018,AG_LND_FRST,,,Legorreta,PT,Legorreta,69.5
2010,AG_LND_FRST,,,Legorreta,PT,Legorreta,73.3
2022,AG_LND_FRST,,,Legorreta,PT,Legorreta,70.5
2016,AG_LND_FRST,,,Legorreta,PT,Legorreta,71.8
2019,AG_LND_FRST,,,Legorreta,PT,Legorreta,69.5
2021,AG_LND_FRST,,,Legorreta,PT,Legorreta,70.4
2010,AG_LND_FRST,,,Legutio,PT,Legutio,46.6
2020,AG_LND_FRST,,,Legutio,PT,Legutio,47.0
2018,AG_LND_FRST,,,Legutio,PT,Legutio,46.4
2016,AG_LND_FRST,,,Legutio,PT,Legutio,46.5
2019,AG_LND_FRST,,,Legutio,PT,Legutio,47.0
2022,AG_LND_FRST,,,Legutio,PT,Legutio,47.2
2021,AG_LND_FRST,,,Legutio,PT,Legutio,47.1
2018,AG_LND_FRST,,,Leintz-Gatzaga,PT,Leintz-Gatzaga,82.9
2020,AG_LND_FRST,,,Leintz-Gatzaga,PT,Leintz-Gatzaga,83.0
2022,AG_LND_FRST,,,Leintz-Gatzaga,PT,Leintz-Gatzaga,83.0
2019,AG_LND_FRST,,,Leintz-Gatzaga,PT,Leintz-Gatzaga,82.9
2010,AG_LND_FRST,,,Leintz-Gatzaga,PT,Leintz-Gatzaga,82.7
2021,AG_LND_FRST,,,Leintz-Gatzaga,PT,Leintz-Gatzaga,83.0
2016,AG_LND_FRST,,,Leintz-Gatzaga,PT,Leintz-Gatzaga,83.0
2010,AG_LND_FRST,,,ES48054,PT,ES48054,6.2
2016,AG_LND_FRST,,,ES48054,PT,ES48054,5.8
2020,AG_LND_FRST,,,ES48054,PT,ES48054,6.4
2019,AG_LND_FRST,,,ES48054,PT,ES48054,6.4
2018,AG_LND_FRST,,,ES48054,PT,ES48054,6.4
2022,AG_LND_FRST,,,ES48054,PT,ES48054,6.5
2021,AG_LND_FRST,,,ES48054,PT,ES48054,6.4
2021,AG_LND_FRST,,,ES48057,PT,ES48057,11.3
2018,AG_LND_FRST,,,ES48057,PT,ES48057,11.3
2019,AG_LND_FRST,,,ES48057,PT,ES48057,11.3
2022,AG_LND_FRST,,,ES48057,PT,ES48057,11.5
2016,AG_LND_FRST,,,ES48057,PT,ES48057,11.3
2010,AG_LND_FRST,,,ES48057,PT,ES48057,10.5
2020,AG_LND_FRST,,,ES48057,PT,ES48057,11.3
2010,AG_LND_FRST,,,ES48055,PT,ES48055,63.1
2020,AG_LND_FRST,,,ES48055,PT,ES48055,65.2
2021,AG_LND_FRST,,,ES48055,PT,ES48055,63.4
2016,AG_LND_FRST,,,ES48055,PT,ES48055,65.9
2019,AG_LND_FRST,,,ES48055,PT,ES48055,63.4
2018,AG_LND_FRST,,,ES48055,PT,ES48055,63.9
2022,AG_LND_FRST,,,ES48055,PT,ES48055,63.5
2016,AG_LND_FRST,,,ES48056,PT,ES48056,59.1
2018,AG_LND_FRST,,,ES48056,PT,ES48056,58.7
2022,AG_LND_FRST,,,ES48056,PT,ES48056,65.0
2021,AG_LND_FRST,,,ES48056,PT,ES48056,64.7
2010,AG_LND_FRST,,,ES48056,PT,ES48056,79.6
2020,AG_LND_FRST,,,ES48056,PT,ES48056,64.8
2019,AG_LND_FRST,,,ES48056,PT,ES48056,62.8
2010,AG_LND_FRST,,,Leza,PT,Leza,18.9
2020,AG_LND_FRST,,,Leza,PT,Leza,19.2
2018,AG_LND_FRST,,,Leza,PT,Leza,19.2
2016,AG_LND_FRST,,,Leza,PT,Leza,19.2
2019,AG_LND_FRST,,,Leza,PT,Leza,19.2
2022,AG_LND_FRST,,,Leza,PT,Leza,19.0
2021,AG_LND_FRST,,,Leza,PT,Leza,19.2
2016,AG_LND_FRST,,,ES48081,PT,ES48081,56.4
2020,AG_LND_FRST,,,ES48081,PT,ES48081,55.8
2010,AG_LND_FRST,,,ES48081,PT,ES48081,56.6
2019,AG_LND_FRST,,,ES48081,PT,ES48081,55.2
2022,AG_LND_FRST,,,ES48081,PT,ES48081,55.7
2021,AG_LND_FRST,,,ES48081,PT,ES48081,55.8
2018,AG_LND_FRST,,,ES48081,PT,ES48081,55.4
2019,AG_LND_FRST,,,Lezo,PT,Lezo,41.0
2021,AG_LND_FRST,,,Lezo,PT,Lezo,41.3
2016,AG_LND_FRST,,,Lezo,PT,Lezo,41.0
2010,AG_LND_FRST,,,Lezo,PT,Lezo,40.2
2018,AG_LND_FRST,,,Lezo,PT,Lezo,41.0
2020,AG_LND_FRST,,,Lezo,PT,Lezo,41.3
2022,AG_LND_FRST,,,Lezo,PT,Lezo,41.3
2016,AG_LND_FRST,,,Lizartza,PT,Lizartza,74.0
2019,AG_LND_FRST,,,Lizartza,PT,Lizartza,72.0
2021,AG_LND_FRST,,,Lizartza,PT,Lizartza,72.5
2020,AG_LND_FRST,,,Lizartza,PT,Lizartza,72.3
2018,AG_LND_FRST,,,Lizartza,PT,Lizartza,72.0
2010,AG_LND_FRST,,,Lizartza,PT,Lizartza,72.6
2022,AG_LND_FRST,,,Lizartza,PT,Lizartza,72.6
2016,AG_LND_FRST,,,ES48903,PT,ES48903,32.0
2021,AG_LND_FRST,,,ES48903,PT,ES48903,34.3
2018,AG_LND_FRST,,,ES48903,PT,ES48903,31.5
2019,AG_LND_FRST,,,ES48903,PT,ES48903,33.1
2010,AG_LND_FRST,,,ES48903,PT,ES48903,31.3
2022,AG_LND_FRST,,,ES48903,PT,ES48903,34.3
2020,AG_LND_FRST,,,ES48903,PT,ES48903,33.8
2010,AG_LND_FRST,,,ES48058,PT,ES48058,66.4
2016,AG_LND_FRST,,,ES48058,PT,ES48058,68.8
2020,AG_LND_FRST,,,ES48058,PT,ES48058,67.2
2019,AG_LND_FRST,,,ES48058,PT,ES48058,66.6
2018,AG_LND_FRST,,,ES48058,PT,ES48058,66.4
2022,AG_LND_FRST,,,ES48058,PT,ES48058,68.1
2021,AG_LND_FRST,,,ES48058,PT,ES48058,67.6
2016,AG_LND_FRST,,,ES48059,PT,ES48059,67.8
2010,AG_LND_FRST,,,ES48059,PT,ES48059,68.6
2020,AG_LND_FRST,,,ES48059,PT,ES48059,66.7
2021,AG_LND_FRST,,,ES48059,PT,ES48059,66.7
2019,AG_LND_FRST,,,ES48059,PT,ES48059,66.1
2018,AG_LND_FRST,,,ES48059,PT,ES48059,65.9
2022,AG_LND_FRST,,,ES48059,PT,ES48059,66.7
2022,AG_LND_FRST,,,ES48060,PT,ES48060,77.6
2018,AG_LND_FRST,,,ES48060,PT,ES48060,76.0
2019,AG_LND_FRST,,,ES48060,PT,ES48060,76.4
2021,AG_LND_FRST,,,ES48060,PT,ES48060,77.4
2016,AG_LND_FRST,,,ES48060,PT,ES48060,77.4
2010,AG_LND_FRST,,,ES48060,PT,ES48060,83.0
2020,AG_LND_FRST,,,ES48060,PT,ES48060,76.6
2020,AG_LND_FRST,,,ES48061,PT,ES48061,71.4
2019,AG_LND_FRST,,,ES48061,PT,ES48061,69.9
2016,AG_LND_FRST,,,ES48061,PT,ES48061,70.7
2022,AG_LND_FRST,,,ES48061,PT,ES48061,71.5
2021,AG_LND_FRST,,,ES48061,PT,ES48061,71.5
2010,AG_LND_FRST,,,ES48061,PT,ES48061,71.4
2018,AG_LND_FRST,,,ES48061,PT,ES48061,69.5
2021,AG_LND_FRST,,,ES20901,PT,ES20901,80.1
2018,AG_LND_FRST,,,ES20901,PT,ES20901,79.4
2022,AG_LND_FRST,,,ES20901,PT,ES20901,80.1
2016,AG_LND_FRST,,,ES20901,PT,ES20901,80.6
2010,AG_LND_FRST,,,ES20901,PT,ES20901,84.5
2020,AG_LND_FRST,,,ES20901,PT,ES20901,79.8
2019,AG_LND_FRST,,,ES20901,PT,ES20901,79.7
2016,AG_LND_FRST,,,ES48062,PT,ES48062,86.9
2010,AG_LND_FRST,,,ES48062,PT,ES48062,87.5
2020,AG_LND_FRST,,,ES48062,PT,ES48062,86.1
2018,AG_LND_FRST,,,ES48062,PT,ES48062,85.5
2022,AG_LND_FRST,,,ES48062,PT,ES48062,86.3
2021,AG_LND_FRST,,,ES48062,PT,ES48062,86.3
2019,AG_LND_FRST,,,ES48062,PT,ES48062,85.7
2018,AG_LND_FRST,,,ES48063,PT,ES48063,60.2
2010,AG_LND_FRST,,,ES48063,PT,ES48063,60.6
2020,AG_LND_FRST,,,ES48063,PT,ES48063,60.8
2019,AG_LND_FRST,,,ES48063,PT,ES48063,60.4
2021,AG_LND_FRST,,,ES48063,PT,ES48063,61.1
2016,AG_LND_FRST,,,ES48063,PT,ES48063,60.6
2022,AG_LND_FRST,,,ES48063,PT,ES48063,60.7
2022,AG_LND_FRST,,,ES48064,PT,ES48064,69.1
2019,AG_LND_FRST,,,ES48064,PT,ES48064,68.5
2018,AG_LND_FRST,,,ES48064,PT,ES48064,68.0
2016,AG_LND_FRST,,,ES48064,PT,ES48064,68.8
2010,AG_LND_FRST,,,ES48064,PT,ES48064,68.3
2021,AG_LND_FRST,,,ES48064,PT,ES48064,69.0
2020,AG_LND_FRST,,,ES48064,PT,ES48064,69.0
2022,AG_LND_FRST,,,Moreda de Álava / Moreda Araba,PT,Moreda de Álava / Moreda Araba,5.6
2018,AG_LND_FRST,,,Moreda de Álava / Moreda Araba,PT,Moreda de Álava / Moreda Araba,5.8
2010,AG_LND_FRST,,,Moreda de Álava / Moreda Araba,PT,Moreda de Álava / Moreda Araba,5.9
2016,AG_LND_FRST,,,Moreda de Álava / Moreda Araba,PT,Moreda de Álava / Moreda Araba,5.8
2019,AG_LND_FRST,,,Moreda de Álava / Moreda Araba,PT,Moreda de Álava / Moreda Araba,5.8
2020,AG_LND_FRST,,,Moreda de Álava / Moreda Araba,PT,Moreda de Álava / Moreda Araba,5.8
2021,AG_LND_FRST,,,Moreda de Álava / Moreda Araba,PT,Moreda de Álava / Moreda Araba,5.8
2022,AG_LND_FRST,,,ES48066,PT,ES48066,71.0
2021,AG_LND_FRST,,,ES48066,PT,ES48066,71.0
2020,AG_LND_FRST,,,ES48066,PT,ES48066,70.8
2010,AG_LND_FRST,,,ES48066,PT,ES48066,65.3
2019,AG_LND_FRST,,,ES48066,PT,ES48066,69.7
2018,AG_LND_FRST,,,ES48066,PT,ES48066,69.6
2016,AG_LND_FRST,,,ES48066,PT,ES48066,70.8
2018,AG_LND_FRST,,,ES48068,PT,ES48068,47.5
2019,AG_LND_FRST,,,ES48068,PT,ES48068,47.4
2022,AG_LND_FRST,,,ES48068,PT,ES48068,47.5
2016,AG_LND_FRST,,,ES48068,PT,ES48068,47.6
2010,AG_LND_FRST,,,ES48068,PT,ES48068,48.8
2021,AG_LND_FRST,,,ES48068,PT,ES48068,47.6
2020,AG_LND_FRST,,,ES48068,PT,ES48068,47.6
2010,AG_LND_FRST,,,ES48069,PT,ES48069,44.8
2020,AG_LND_FRST,,,ES48069,PT,ES48069,47.7
2019,AG_LND_FRST,,,ES48069,PT,ES48069,45.7
2018,AG_LND_FRST,,,ES48069,PT,ES48069,45.9
2016,AG_LND_FRST,,,ES48069,PT,ES48069,46.5
2022,AG_LND_FRST,,,ES48069,PT,ES48069,47.7
2021,AG_LND_FRST,,,ES48069,PT,ES48069,47.7
2010,AG_LND_FRST,,,ES48007,PT,ES48007,80.6
2020,AG_LND_FRST,,,ES48007,PT,ES48007,79.5
2018,AG_LND_FRST,,,ES48007,PT,ES48007,79.2
2016,AG_LND_FRST,,,ES48007,PT,ES48007,81.0
2022,AG_LND_FRST,,,ES48007,PT,ES48007,80.2
2021,AG_LND_FRST,,,ES48007,PT,ES48007,79.7
2019,AG_LND_FRST,,,ES48007,PT,ES48007,79.0
2010,AG_LND_FRST,,,ES48908,PT,ES48908,38.9
2021,AG_LND_FRST,,,ES48908,PT,ES48908,45.5
2020,AG_LND_FRST,,,ES48908,PT,ES48908,45.5
2016,AG_LND_FRST,,,ES48908,PT,ES48908,46.2
2022,AG_LND_FRST,,,ES48908,PT,ES48908,43.4
2019,AG_LND_FRST,,,ES48908,PT,ES48908,45.5
2018,AG_LND_FRST,,,ES48908,PT,ES48908,45.4
2018,AG_LND_FRST,,,ES48071,PT,ES48071,40.6
2016,AG_LND_FRST,,,ES48071,PT,ES48071,40.7
2010,AG_LND_FRST,,,ES48071,PT,ES48071,39.3
2021,AG_LND_FRST,,,ES48071,PT,ES48071,41.1
2020,AG_LND_FRST,,,ES48071,PT,ES48071,41.1
2022,AG_LND_FRST,,,ES48071,PT,ES48071,41.1
2019,AG_LND_FRST,,,ES48071,PT,ES48071,40.7
2010,AG_LND_FRST,,,Mutiloa,PT,Mutiloa,69.3
2018,AG_LND_FRST,,,Mutiloa,PT,Mutiloa,64.8
2020,AG_LND_FRST,,,Mutiloa,PT,Mutiloa,64.9
2022,AG_LND_FRST,,,Mutiloa,PT,Mutiloa,65.3
2021,AG_LND_FRST,,,Mutiloa,PT,Mutiloa,64.9
2016,AG_LND_FRST,,,Mutiloa,PT,Mutiloa,67.9
2019,AG_LND_FRST,,,Mutiloa,PT,Mutiloa,64.9
2010,AG_LND_FRST,,,Mutriku,PT,Mutriku,67.6
2022,AG_LND_FRST,,,Mutriku,PT,Mutriku,67.5
2020,AG_LND_FRST,,,Mutriku,PT,Mutriku,67.5
2018,AG_LND_FRST,,,Mutriku,PT,Mutriku,66.6
2016,AG_LND_FRST,,,Mutriku,PT,Mutriku,68.7
2019,AG_LND_FRST,,,Mutriku,PT,Mutriku,67.4
2021,AG_LND_FRST,,,Mutriku,PT,Mutriku,67.5
2021,AG_LND_FRST,,,ES48067,PT,ES48067,76.8
2018,AG_LND_FRST,,,ES48067,PT,ES48067,76.2
2022,AG_LND_FRST,,,ES48067,PT,ES48067,76.8
2016,AG_LND_FRST,,,ES48067,PT,ES48067,78.0
2010,AG_LND_FRST,,,ES48067,PT,ES48067,75.6
2020,AG_LND_FRST,,,ES48067,PT,ES48067,76.5
2019,AG_LND_FRST,,,ES48067,PT,ES48067,76.3
2020,AG_LND_FRST,,,ES48909,PT,ES48909,75.5
2022,AG_LND_FRST,,,ES48909,PT,ES48909,75.7
2016,AG_LND_FRST,,,ES48909,PT,ES48909,76.1
2010,AG_LND_FRST,,,ES48909,PT,ES48909,70.7
2019,AG_LND_FRST,,,ES48909,PT,ES48909,75.1
2021,AG_LND_FRST,,,ES48909,PT,ES48909,75.5
2018,AG_LND_FRST,,,ES48909,PT,ES48909,73.5
2019,AG_LND_FRST,,,Navaridas,PT,Navaridas,5.8
2010,AG_LND_FRST,,,Navaridas,PT,Navaridas,4.4
2016,AG_LND_FRST,,,Navaridas,PT,Navaridas,5.8
2021,AG_LND_FRST,,,Navaridas,PT,Navaridas,5.8
2018,AG_LND_FRST,,,Navaridas,PT,Navaridas,5.8
2020,AG_LND_FRST,,,Navaridas,PT,Navaridas,5.8
2022,AG_LND_FRST,,,Navaridas,PT,Navaridas,5.7
2022,AG_LND_FRST,,,Oiartzun,PT,Oiartzun,56.2
2010,AG_LND_FRST,,,Oiartzun,PT,Oiartzun,55.8
2020,AG_LND_FRST,,,Oiartzun,PT,Oiartzun,56.2
2018,AG_LND_FRST,,,Oiartzun,PT,Oiartzun,55.4
2019,AG_LND_FRST,,,Oiartzun,PT,Oiartzun,56.1
2021,AG_LND_FRST,,,Oiartzun,PT,Oiartzun,56.2
2016,AG_LND_FRST,,,Oiartzun,PT,Oiartzun,56.1
2016,AG_LND_FRST,,,Okondo,PT,Okondo,75.5
2010,AG_LND_FRST,,,Okondo,PT,Okondo,76.0
2020,AG_LND_FRST,,,Okondo,PT,Okondo,77.8
2018,AG_LND_FRST,,,Okondo,PT,Okondo,75.5
2022,AG_LND_FRST,,,Okondo,PT,Okondo,77.9
2019,AG_LND_FRST,,,Okondo,PT,Okondo,76.0
2021,AG_LND_FRST,,,Okondo,PT,Okondo,77.8
2019,AG_LND_FRST,,,Olaberria,PT,Olaberria,47.5
2010,AG_LND_FRST,,,Olaberria,PT,Olaberria,51.0
2018,AG_LND_FRST,,,Olaberria,PT,Olaberria,47.5
2022,AG_LND_FRST,,,Olaberria,PT,Olaberria,47.4
2020,AG_LND_FRST,,,Olaberria,PT,Olaberria,47.4
2021,AG_LND_FRST,,,Olaberria,PT,Olaberria,47.4
2016,AG_LND_FRST,,,Olaberria,PT,Olaberria,49.7
2019,AG_LND_FRST,,,ES48073,PT,ES48073,50.6
2016,AG_LND_FRST,,,ES48073,PT,ES48073,52.7
2020,AG_LND_FRST,,,ES48073,PT,ES48073,51.1
2021,AG_LND_FRST,,,ES48073,PT,ES48073,51.1
2010,AG_LND_FRST,,,ES48073,PT,ES48073,53.6
2018,AG_LND_FRST,,,ES48073,PT,ES48073,50.4
2022,AG_LND_FRST,,,ES48073,PT,ES48073,51.2
2019,AG_LND_FRST,,,Oñati,PT,Oñati,73.3
2016,AG_LND_FRST,,,Oñati,PT,Oñati,74.3
2021,AG_LND_FRST,,,Oñati,PT,Oñati,73.4
2010,AG_LND_FRST,,,Oñati,PT,Oñati,74.1
2018,AG_LND_FRST,,,Oñati,PT,Oñati,73.2
2020,AG_LND_FRST,,,Oñati,PT,Oñati,73.4
2022,AG_LND_FRST,,,Oñati,PT,Oñati,73.4
2010,AG_LND_FRST,,,Ordizia,PT,Ordizia,53.9
2020,AG_LND_FRST,,,Ordizia,PT,Ordizia,54.9
2022,AG_LND_FRST,,,Ordizia,PT,Ordizia,54.9
2018,AG_LND_FRST,,,Ordizia,PT,Ordizia,54.9
2016,AG_LND_FRST,,,Ordizia,PT,Ordizia,55.3
2019,AG_LND_FRST,,,Ordizia,PT,Ordizia,54.9
2021,AG_LND_FRST,,,Ordizia,PT,Ordizia,54.9
2010,AG_LND_FRST,,,ES20905,PT,ES20905,62.1
2020,AG_LND_FRST,,,ES20905,PT,ES20905,59.6
2019,AG_LND_FRST,,,ES20905,PT,ES20905,59.5
2018,AG_LND_FRST,,,ES20905,PT,ES20905,59.6
2022,AG_LND_FRST,,,ES20905,PT,ES20905,59.4
2016,AG_LND_FRST,,,ES20905,PT,ES20905,59.4
2021,AG_LND_FRST,,,ES20905,PT,ES20905,59.6
2021,AG_LND_FRST,,,Orexa,PT,Orexa,74.2
2019,AG_LND_FRST,,,Orexa,PT,Orexa,73.6
2016,AG_LND_FRST,,,Orexa,PT,Orexa,75.3
2010,AG_LND_FRST,,,Orexa,PT,Orexa,78.8
2018,AG_LND_FRST,,,Orexa,PT,Orexa,72.9
2020,AG_LND_FRST,,,Orexa,PT,Orexa,73.6
2022,AG_LND_FRST,,,Orexa,PT,Orexa,74.2
2020,AG_LND_FRST,,,Orio,PT,Orio,36.1
2022,AG_LND_FRST,,,Orio,PT,Orio,36.2
2018,AG_LND_FRST,,,Orio,PT,Orio,31.3
2010,AG_LND_FRST,,,Orio,PT,Orio,31.1
2016,AG_LND_FRST,,,Orio,PT,Orio,31.7
2019,AG_LND_FRST,,,Orio,PT,Orio,36.1
2021,AG_LND_FRST,,,Orio,PT,Orio,36.1
2021,AG_LND_FRST,,,Ormaiztegi,PT,Ormaiztegi,67.9
2019,AG_LND_FRST,,,Ormaiztegi,PT,Ormaiztegi,67.0
2016,AG_LND_FRST,,,Ormaiztegi,PT,Ormaiztegi,68.9
2010,AG_LND_FRST,,,Ormaiztegi,PT,Ormaiztegi,70.3
2018,AG_LND_FRST,,,Ormaiztegi,PT,Ormaiztegi,67.2
2022,AG_LND_FRST,,,Ormaiztegi,PT,Ormaiztegi,67.9
2020,AG_LND_FRST,,,Ormaiztegi,PT,Ormaiztegi,67.9
2016,AG_LND_FRST,,,ES48075,PT,ES48075,71.1
2022,AG_LND_FRST,,,ES48075,PT,ES48075,70.5
2019,AG_LND_FRST,,,ES48075,PT,ES48075,70.0
2018,AG_LND_FRST,,,ES48075,PT,ES48075,69.9
2010,AG_LND_FRST,,,ES48075,PT,ES48075,71.2
2021,AG_LND_FRST,,,ES48075,PT,ES48075,70.4
2020,AG_LND_FRST,,,ES48075,PT,ES48075,70.4
2022,AG_LND_FRST,,,ES48083,PT,ES48083,14.4
2021,AG_LND_FRST,,,ES48083,PT,ES48083,14.4
2016,AG_LND_FRST,,,ES48083,PT,ES48083,11.4
2019,AG_LND_FRST,,,ES48083,PT,ES48083,11.4
2018,AG_LND_FRST,,,ES48083,PT,ES48083,11.4
2010,AG_LND_FRST,,,ES48083,PT,ES48083,11.8
2020,AG_LND_FRST,,,ES48083,PT,ES48083,14.4
2019,AG_LND_FRST,,,ES48072,PT,ES48072,63.0
2010,AG_LND_FRST,,,ES48072,PT,ES48072,34.0
2020,AG_LND_FRST,,,ES48072,PT,ES48072,62.8
2018,AG_LND_FRST,,,ES48072,PT,ES48072,62.9
2016,AG_LND_FRST,,,ES48072,PT,ES48072,63.1
2022,AG_LND_FRST,,,ES48072,PT,ES48072,63.3
2021,AG_LND_FRST,,,ES48072,PT,ES48072,63.3
2021,AG_LND_FRST,,,Oyón-Oion,PT,Oyón-Oion,7.7
2019,AG_LND_FRST,,,Oyón-Oion,PT,Oyón-Oion,7.7
2016,AG_LND_FRST,,,Oyón-Oion,PT,Oyón-Oion,7.7
2010,AG_LND_FRST,,,Oyón-Oion,PT,Oyón-Oion,7.6
2018,AG_LND_FRST,,,Oyón-Oion,PT,Oyón-Oion,7.7
2020,AG_LND_FRST,,,Oyón-Oion,PT,Oyón-Oion,7.7
2022,AG_LND_FRST,,,Oyón-Oion,PT,Oyón-Oion,7.7
2018,AG_LND_FRST,,,Pasaia,PT,Pasaia,23.2
2016,AG_LND_FRST,,,Pasaia,PT,Pasaia,23.2
2021,AG_LND_FRST,,,Pasaia,PT,Pasaia,26.5
2019,AG_LND_FRST,,,Pasaia,PT,Pasaia,26.5
2022,AG_LND_FRST,,,Pasaia,PT,Pasaia,26.5
2010,AG_LND_FRST,,,Pasaia,PT,Pasaia,20.9
2020,AG_LND_FRST,,,Pasaia,PT,Pasaia,26.5
2019,AG_LND_FRST,,,Peñacerrada-Urizaharra,PT,Peñacerrada-Urizaharra,61.6
2021,AG_LND_FRST,,,Peñacerrada-Urizaharra,PT,Peñacerrada-Urizaharra,61.6
2022,AG_LND_FRST,,,Peñacerrada-Urizaharra,PT,Peñacerrada-Urizaharra,61.6
2020,AG_LND_FRST,,,Peñacerrada-Urizaharra,PT,Peñacerrada-Urizaharra,61.6
2010,AG_LND_FRST,,,Peñacerrada-Urizaharra,PT,Peñacerrada-Urizaharra,58.9
2018,AG_LND_FRST,,,Peñacerrada-Urizaharra,PT,Peñacerrada-Urizaharra,61.6
2016,AG_LND_FRST,,,Peñacerrada-Urizaharra,PT,Peñacerrada-Urizaharra,61.6
2016,AG_LND_FRST,,,ES48077,PT,ES48077,44.7
2021,AG_LND_FRST,,,ES48077,PT,ES48077,47.6
2020,AG_LND_FRST,,,ES48077,PT,ES48077,47.6
2019,AG_LND_FRST,,,ES48077,PT,ES48077,46.9
2022,AG_LND_FRST,,,ES48077,PT,ES48077,47.5
2018,AG_LND_FRST,,,ES48077,PT,ES48077,44.5
2010,AG_LND_FRST,,,ES48077,PT,ES48077,41.4
2022,AG_LND_FRST,,,ES48078,PT,ES48078,0.0
2018,AG_LND_FRST,,,ES48078,PT,ES48078,0.0
2021,AG_LND_FRST,,,ES48078,PT,ES48078,0.0
2010,AG_LND_FRST,,,ES48078,PT,ES48078,5.0
2020,AG_LND_FRST,,,ES48078,PT,ES48078,0.0
2019,AG_LND_FRST,,,ES48078,PT,ES48078,0.0
2016,AG_LND_FRST,,,ES48078,PT,ES48078,0.0
2018,AG_LND_FRST,,,Ribera Baja / Erriberabeitia,PT,Ribera Baja / Erriberabeitia,14.5
2010,AG_LND_FRST,,,Ribera Baja / Erriberabeitia,PT,Ribera Baja / Erriberabeitia,13.1
2020,AG_LND_FRST,,,Ribera Baja / Erriberabeitia,PT,Ribera Baja / Erriberabeitia,14.5
2016,AG_LND_FRST,,,Ribera Baja / Erriberabeitia,PT,Ribera Baja / Erriberabeitia,14.6
2021,AG_LND_FRST,,,Ribera Baja / Erriberabeitia,PT,Ribera Baja / Erriberabeitia,14.5
2019,AG_LND_FRST,,,Ribera Baja / Erriberabeitia,PT,Ribera Baja / Erriberabeitia,14.5
2022,AG_LND_FRST,,,Ribera Baja / Erriberabeitia,PT,Ribera Baja / Erriberabeitia,14.5
2010,AG_LND_FRST,,,Samaniego,PT,Samaniego,17.0
2018,AG_LND_FRST,,,Samaniego,PT,Samaniego,17.0
2020,AG_LND_FRST,,,Samaniego,PT,Samaniego,17.0
2016,AG_LND_FRST,,,Samaniego,PT,Samaniego,17.0
2019,AG_LND_FRST,,,Samaniego,PT,Samaniego,17.0
2021,AG_LND_FRST,,,Samaniego,PT,Samaniego,17.0
2022,AG_LND_FRST,,,Samaniego,PT,Samaniego,16.9
2010,AG_LND_FRST,,,San Millán / Donemiliaga,PT,San Millán / Donemiliaga,40.1
2018,AG_LND_FRST,,,San Millán / Donemiliaga,PT,San Millán / Donemiliaga,40.2
2021,AG_LND_FRST,,,San Millán / Donemiliaga,PT,San Millán / Donemiliaga,40.5
2019,AG_LND_FRST,,,San Millán / Donemiliaga,PT,San Millán / Donemiliaga,40.5
2022,AG_LND_FRST,,,San Millán / Donemiliaga,PT,San Millán / Donemiliaga,40.5
2016,AG_LND_FRST,,,San Millán / Donemiliaga,PT,San Millán / Donemiliaga,40.2
2020,AG_LND_FRST,,,San Millán / Donemiliaga,PT,San Millán / Donemiliaga,40.5
2018,AG_LND_FRST,,,ES48082,PT,ES48082,6.1
2022,AG_LND_FRST,,,ES48082,PT,ES48082,6.1
2016,AG_LND_FRST,,,ES48082,PT,ES48082,6.1
2010,AG_LND_FRST,,,ES48082,PT,ES48082,9.7
2020,AG_LND_FRST,,,ES48082,PT,ES48082,6.1
2019,AG_LND_FRST,,,ES48082,PT,ES48082,6.1
2021,AG_LND_FRST,,,ES48082,PT,ES48082,6.1
2022,AG_LND_FRST,,,Segura,PT,Segura,64.0
2016,AG_LND_FRST,,,Segura,PT,Segura,64.8
2019,AG_LND_FRST,,,Segura,PT,Segura,63.8
2021,AG_LND_FRST,,,Segura,PT,Segura,63.9
2018,AG_LND_FRST,,,Segura,PT,Segura,63.6
2010,AG_LND_FRST,,,Segura,PT,Segura,66.3
2020,AG_LND_FRST,,,Segura,PT,Segura,63.8
2010,AG_LND_FRST,,,ES48084,PT,ES48084,0.0
2018,AG_LND_FRST,,,ES48084,PT,ES48084,0.0
2016,AG_LND_FRST,,,ES48084,PT,ES48084,0.0
2022,AG_LND_FRST,,,ES48084,PT,ES48084,0.0
2021,AG_LND_FRST,,,ES48084,PT,ES48084,0.0
2019,AG_LND_FRST,,,ES48084,PT,ES48084,0.0
2020,AG_LND_FRST,,,ES48084,PT,ES48084,0.0
2019,AG_LND_FRST,,,ES48904,PT,ES48904,25.7
2021,AG_LND_FRST,,,ES48904,PT,ES48904,25.0
2016,AG_LND_FRST,,,ES48904,PT,ES48904,26.3
2020,AG_LND_FRST,,,ES48904,PT,ES48904,25.7
2018,AG_LND_FRST,,,ES48904,PT,ES48904,25.5
2022,AG_LND_FRST,,,ES48904,PT,ES48904,25.0
2010,AG_LND_FRST,,,ES48904,PT,ES48904,25.7
2010,AG_LND_FRST,,,ES48085,PT,ES48085,20.0
2021,AG_LND_FRST,,,ES48085,PT,ES48085,21.4
2016,AG_LND_FRST,,,ES48085,PT,ES48085,20.5
2020,AG_LND_FRST,,,ES48085,PT,ES48085,21.4
2019,AG_LND_FRST,,,ES48085,PT,ES48085,21.4
2018,AG_LND_FRST,,,ES48085,PT,ES48085,20.5
2022,AG_LND_FRST,,,ES48085,PT,ES48085,21.3
2022,AG_LND_FRST,,,ES48086,PT,ES48086,67.7
2016,AG_LND_FRST,,,ES48086,PT,ES48086,67.7
2021,AG_LND_FRST,,,ES48086,PT,ES48086,67.7
2010,AG_LND_FRST,,,ES48086,PT,ES48086,67.2
2019,AG_LND_FRST,,,ES48086,PT,ES48086,66.9
2020,AG_LND_FRST,,,ES48086,PT,ES48086,67.7
2018,AG_LND_FRST,,,ES48086,PT,ES48086,66.2
2019,AG_LND_FRST,,,Soraluze-Placencia de las Armas,PT,Soraluze-Placencia de las Armas,64.6
2021,AG_LND_FRST,,,Soraluze-Placencia de las Armas,PT,Soraluze-Placencia de las Armas,64.8
2018,AG_LND_FRST,,,Soraluze-Placencia de las Armas,PT,Soraluze-Placencia de las Armas,63.6
2010,AG_LND_FRST,,,Soraluze-Placencia de las Armas,PT,Soraluze-Placencia de las Armas,66.0
2022,AG_LND_FRST,,,Soraluze-Placencia de las Armas,PT,Soraluze-Placencia de las Armas,65.1
2020,AG_LND_FRST,,,Soraluze-Placencia de las Armas,PT,Soraluze-Placencia de las Armas,64.7
2016,AG_LND_FRST,,,Soraluze-Placencia de las Armas,PT,Soraluze-Placencia de las Armas,68.0
2020,AG_LND_FRST,,,ES48076,PT,ES48076,65.8
2010,AG_LND_FRST,,,ES48076,PT,ES48076,41.3
2019,AG_LND_FRST,,,ES48076,PT,ES48076,65.8
2018,AG_LND_FRST,,,ES48076,PT,ES48076,67.2
2016,AG_LND_FRST,,,ES48076,PT,ES48076,60.9
2022,AG_LND_FRST,,,ES48076,PT,ES48076,66.0
2021,AG_LND_FRST,,,ES48076,PT,ES48076,65.8
2018,AG_LND_FRST,,,Tolosa,PT,Tolosa,61.4
2019,AG_LND_FRST,,,Tolosa,PT,Tolosa,61.4
2010,AG_LND_FRST,,,Tolosa,PT,Tolosa,63.0
2020,AG_LND_FRST,,,Tolosa,PT,Tolosa,61.4
2022,AG_LND_FRST,,,Tolosa,PT,Tolosa,61.4
2016,AG_LND_FRST,,,Tolosa,PT,Tolosa,62.9
2021,AG_LND_FRST,,,Tolosa,PT,Tolosa,61.4
2010,AG_LND_FRST,,,ES48087,PT,ES48087,57.2
2018,AG_LND_FRST,,,ES48087,PT,ES48087,58.3
2019,AG_LND_FRST,,,ES48087,PT,ES48087,58.6
2022,AG_LND_FRST,,,ES48087,PT,ES48087,58.9
2016,AG_LND_FRST,,,ES48087,PT,ES48087,58.4
2020,AG_LND_FRST,,,ES48087,PT,ES48087,58.8
2021,AG_LND_FRST,,,ES48087,PT,ES48087,58.9
2010,AG_LND_FRST,,,ES48088,PT,ES48088,53.1
2020,AG_LND_FRST,,,ES48088,PT,ES48088,59.5
2018,AG_LND_FRST,,,ES48088,PT,ES48088,52.0
2016,AG_LND_FRST,,,ES48088,PT,ES48088,53.3
2022,AG_LND_FRST,,,ES48088,PT,ES48088,59.6
2021,AG_LND_FRST,,,ES48088,PT,ES48088,59.5
2019,AG_LND_FRST,,,ES48088,PT,ES48088,52.1
2019,AG_LND_FRST,,,ES48065,PT,ES48065,59.6
2010,AG_LND_FRST,,,ES48065,PT,ES48065,60.2
2020,AG_LND_FRST,,,ES48065,PT,ES48065,60.3
2016,AG_LND_FRST,,,ES48065,PT,ES48065,60.0
2018,AG_LND_FRST,,,ES48065,PT,ES48065,59.5
2021,AG_LND_FRST,,,ES48065,PT,ES48065,61.1
2022,AG_LND_FRST,,,ES48065,PT,ES48065,61.1
2020,AG_LND_FRST,,,ES48089,PT,ES48089,35.1
2016,AG_LND_FRST,,,ES48089,PT,ES48089,33.3
2010,AG_LND_FRST,,,ES48089,PT,ES48089,32.8
2021,AG_LND_FRST,,,ES48089,PT,ES48089,35.1
2019,AG_LND_FRST,,,ES48089,PT,ES48089,34.0
2018,AG_LND_FRST,,,ES48089,PT,ES48089,32.7
2022,AG_LND_FRST,,,ES48089,PT,ES48089,35.0
2018,AG_LND_FRST,,,ES48074,PT,ES48074,40.6
2022,AG_LND_FRST,,,ES48074,PT,ES48074,40.9
2021,AG_LND_FRST,,,ES48074,PT,ES48074,40.9
2016,AG_LND_FRST,,,ES48074,PT,ES48074,40.6
2010,AG_LND_FRST,,,ES48074,PT,ES48074,41.1
2019,AG_LND_FRST,,,ES48074,PT,ES48074,40.8
2020,AG_LND_FRST,,,ES48074,PT,ES48074,40.9
2010,AG_LND_FRST,,,Urkabustaiz,PT,Urkabustaiz,52.2
2018,AG_LND_FRST,,,Urkabustaiz,PT,Urkabustaiz,53.1
2016,AG_LND_FRST,,,Urkabustaiz,PT,Urkabustaiz,53.1
2022,AG_LND_FRST,,,Urkabustaiz,PT,Urkabustaiz,53.0
2019,AG_LND_FRST,,,Urkabustaiz,PT,Urkabustaiz,53.1
2021,AG_LND_FRST,,,Urkabustaiz,PT,Urkabustaiz,53.0
2020,AG_LND_FRST,,,Urkabustaiz,PT,Urkabustaiz,53.0
2022,AG_LND_FRST,,,Urnieta,PT,Urnieta,56.0
2016,AG_LND_FRST,,,Urnieta,PT,Urnieta,56.2
2019,AG_LND_FRST,,,Urnieta,PT,Urnieta,55.8
2021,AG_LND_FRST,,,Urnieta,PT,Urnieta,56.0
2010,AG_LND_FRST,,,Urnieta,PT,Urnieta,56.5
2020,AG_LND_FRST,,,Urnieta,PT,Urnieta,55.8
2018,AG_LND_FRST,,,Urnieta,PT,Urnieta,55.4
2021,AG_LND_FRST,,,Urretxu,PT,Urretxu,58.1
2016,AG_LND_FRST,,,Urretxu,PT,Urretxu,59.1
2019,AG_LND_FRST,,,Urretxu,PT,Urretxu,57.7
2010,AG_LND_FRST,,,Urretxu,PT,Urretxu,61.5
2018,AG_LND_FRST,,,Urretxu,PT,Urretxu,57.7
2020,AG_LND_FRST,,,Urretxu,PT,Urretxu,58.1
2022,AG_LND_FRST,,,Urretxu,PT,Urretxu,58.2
2021,AG_LND_FRST,,,Usurbil,PT,Usurbil,52.4
2010,AG_LND_FRST,,,Usurbil,PT,Usurbil,57.4
2018,AG_LND_FRST,,,Usurbil,PT,Usurbil,54.9
2020,AG_LND_FRST,,,Usurbil,PT,Usurbil,52.4
2016,AG_LND_FRST,,,Usurbil,PT,Usurbil,55.2
2019,AG_LND_FRST,,,Usurbil,PT,Usurbil,55.2
2022,AG_LND_FRST,,,Usurbil,PT,Usurbil,52.3
2018,AG_LND_FRST,,,Valdegovía / Gaubea,PT,Valdegovía / Gaubea,60.9
2021,AG_LND_FRST,,,Valdegovía / Gaubea,PT,Valdegovía / Gaubea,61.1
2016,AG_LND_FRST,,,Valdegovía / Gaubea,PT,Valdegovía / Gaubea,61.0
2019,AG_LND_FRST,,,Valdegovía / Gaubea,PT,Valdegovía / Gaubea,61.1
2022,AG_LND_FRST,,,Valdegovía / Gaubea,PT,Valdegovía / Gaubea,61.1
2020,AG_LND_FRST,,,Valdegovía / Gaubea,PT,Valdegovía / Gaubea,61.1
2010,AG_LND_FRST,,,Valdegovía / Gaubea,PT,Valdegovía / Gaubea,61.0
2019,AG_LND_FRST,,,ES48080,PT,ES48080,21.1
2010,AG_LND_FRST,,,ES48080,PT,ES48080,16.9
2020,AG_LND_FRST,,,ES48080,PT,ES48080,21.4
2018,AG_LND_FRST,,,ES48080,PT,ES48080,19.3
2016,AG_LND_FRST,,,ES48080,PT,ES48080,19.3
2022,AG_LND_FRST,,,ES48080,PT,ES48080,21.4
2021,AG_LND_FRST,,,ES48080,PT,ES48080,21.4
2019,AG_LND_FRST,,,Villabona,PT,Villabona,62.8
2021,AG_LND_FRST,,,Villabona,PT,Villabona,62.7
2016,AG_LND_FRST,,,Villabona,PT,Villabona,62.1
2010,AG_LND_FRST,,,Villabona,PT,Villabona,61.0
2018,AG_LND_FRST,,,Villabona,PT,Villabona,61.9
2020,AG_LND_FRST,,,Villabona,PT,Villabona,62.8
2022,AG_LND_FRST,,,Villabona,PT,Villabona,62.7
2019,AG_LND_FRST,,,Villabuena de Álava / Eskuernaga,PT,Villabuena de Álava / Eskuernaga,6.6
2022,AG_LND_FRST,,,Villabuena de Álava / Eskuernaga,PT,Villabuena de Álava / Eskuernaga,6.6
2021,AG_LND_FRST,,,Villabuena de Álava / Eskuernaga,PT,Villabuena de Álava / Eskuernaga,6.6
2016,AG_LND_FRST,,,Villabuena de Álava / Eskuernaga,PT,Villabuena de Álava / Eskuernaga,6.6
2010,AG_LND_FRST,,,Villabuena de Álava / Eskuernaga,PT,Villabuena de Álava / Eskuernaga,4.0
2018,AG_LND_FRST,,,Villabuena de Álava / Eskuernaga,PT,Villabuena de Álava / Eskuernaga,6.6
2020,AG_LND_FRST,,,Villabuena de Álava / Eskuernaga,PT,Villabuena de Álava / Eskuernaga,6.6
2016,AG_LND_FRST,,,Vitoria-Gasteiz,PT,Vitoria-Gasteiz,31.1
2021,AG_LND_FRST,,,Vitoria-Gasteiz,PT,Vitoria-Gasteiz,31.2
2010,AG_LND_FRST,,,Vitoria-Gasteiz,PT,Vitoria-Gasteiz,31.0
2018,AG_LND_FRST,,,Vitoria-Gasteiz,PT,Vitoria-Gasteiz,31.1
2020,AG_LND_FRST,,,Vitoria-Gasteiz,PT,Vitoria-Gasteiz,31.2
2022,AG_LND_FRST,,,Vitoria-Gasteiz,PT,Vitoria-Gasteiz,31.2
2019,AG_LND_FRST,,,Vitoria-Gasteiz,PT,Vitoria-Gasteiz,31.2
2018,AG_LND_FRST,,,Yécora / Iekora,PT,Yécora / Iekora,7.4
2019,AG_LND_FRST,,,Yécora / Iekora,PT,Yécora / Iekora,7.4
2016,AG_LND_FRST,,,Yécora / Iekora,PT,Yécora / Iekora,7.4
2010,AG_LND_FRST,,,Yécora / Iekora,PT,Yécora / Iekora,8.2
2021,AG_LND_FRST,,,Yécora / Iekora,PT,Yécora / Iekora,7.4
2020,AG_LND_FRST,,,Yécora / Iekora,PT,Yécora / Iekora,7.4
2022,AG_LND_FRST,,,Yécora / Iekora,PT,Yécora / Iekora,7.1
2019,AG_LND_FRST,,,ES48095,PT,ES48095,67.5
2018,AG_LND_FRST,,,ES48095,PT,ES48095,67.6
2022,AG_LND_FRST,,,ES48095,PT,ES48095,67.9
2010,AG_LND_FRST,,,ES48095,PT,ES48095,68.1
2021,AG_LND_FRST,,,ES48095,PT,ES48095,67.8
2020,AG_LND_FRST,,,ES48095,PT,ES48095,67.5
2016,AG_LND_FRST,,,ES48095,PT,ES48095,68.8
2022,AG_LND_FRST,,,Zaldibia,PT,Zaldibia,54.0
2010,AG_LND_FRST,,,Zaldibia,PT,Zaldibia,57.8
2018,AG_LND_FRST,,,Zaldibia,PT,Zaldibia,54.0
2020,AG_LND_FRST,,,Zaldibia,PT,Zaldibia,54.0
2016,AG_LND_FRST,,,Zaldibia,PT,Zaldibia,55.8
2019,AG_LND_FRST,,,Zaldibia,PT,Zaldibia,54.0
2021,AG_LND_FRST,,,Zaldibia,PT,Zaldibia,54.0
2022,AG_LND_FRST,,,Zalduondo,PT,Zalduondo,40.4
2020,AG_LND_FRST,,,Zalduondo,PT,Zalduondo,40.3
2010,AG_LND_FRST,,,Zalduondo,PT,Zalduondo,40.9
2018,AG_LND_FRST,,,Zalduondo,PT,Zalduondo,40.2
2016,AG_LND_FRST,,,Zalduondo,PT,Zalduondo,40.2
2019,AG_LND_FRST,,,Zalduondo,PT,Zalduondo,40.3
2021,AG_LND_FRST,,,Zalduondo,PT,Zalduondo,40.3
2019,AG_LND_FRST,,,ES48096,PT,ES48096,62.8
2010,AG_LND_FRST,,,ES48096,PT,ES48096,65.7
2016,AG_LND_FRST,,,ES48096,PT,ES48096,64.8
2018,AG_LND_FRST,,,ES48096,PT,ES48096,61.9
2022,AG_LND_FRST,,,ES48096,PT,ES48096,64.1
2020,AG_LND_FRST,,,ES48096,PT,ES48096,64.1
2021,AG_LND_FRST,,,ES48096,PT,ES48096,64.1
2021,AG_LND_FRST,,,Zambrana,PT,Zambrana,43.2
2019,AG_LND_FRST,,,Zambrana,PT,Zambrana,43.2
2016,AG_LND_FRST,,,Zambrana,PT,Zambrana,43.2
2010,AG_LND_FRST,,,Zambrana,PT,Zambrana,41.8
2018,AG_LND_FRST,,,Zambrana,PT,Zambrana,43.2
2020,AG_LND_FRST,,,Zambrana,PT,Zambrana,43.2
2022,AG_LND_FRST,,,Zambrana,PT,Zambrana,43.2
2020,AG_LND_FRST,,,ES48905,PT,ES48905,50.6
2016,AG_LND_FRST,,,ES48905,PT,ES48905,48.1
2022,AG_LND_FRST,,,ES48905,PT,ES48905,50.6
2018,AG_LND_FRST,,,ES48905,PT,ES48905,48.0
2021,AG_LND_FRST,,,ES48905,PT,ES48905,50.7
2019,AG_LND_FRST,,,ES48905,PT,ES48905,48.7
2010,AG_LND_FRST,,,ES48905,PT,ES48905,43.2
2016,AG_LND_FRST,,,ES48097,PT,ES48097,67.1
2020,AG_LND_FRST,,,ES48097,PT,ES48097,67.8
2010,AG_LND_FRST,,,ES48097,PT,ES48097,68.4
2018,AG_LND_FRST,,,ES48097,PT,ES48097,64.7
2022,AG_LND_FRST,,,ES48097,PT,ES48097,67.8
2019,AG_LND_FRST,,,ES48097,PT,ES48097,67.6
2021,AG_LND_FRST,,,ES48097,PT,ES48097,67.8
2016,AG_LND_FRST,,,Zarautz,PT,Zarautz,28.3
2019,AG_LND_FRST,,,Zarautz,PT,Zarautz,28.2
2021,AG_LND_FRST,,,Zarautz,PT,Zarautz,28.2
2010,AG_LND_FRST,,,Zarautz,PT,Zarautz,28.5
2018,AG_LND_FRST,,,Zarautz,PT,Zarautz,27.4
2020,AG_LND_FRST,,,Zarautz,PT,Zarautz,28.2
2022,AG_LND_FRST,,,Zarautz,PT,Zarautz,28.3
2019,AG_LND_FRST,,,ES48024,PT,ES48024,68.3
2022,AG_LND_FRST,,,ES48024,PT,ES48024,70.3
2018,AG_LND_FRST,,,ES48024,PT,ES48024,67.9
2016,AG_LND_FRST,,,ES48024,PT,ES48024,70.1
2010,AG_LND_FRST,,,ES48024,PT,ES48024,70.7
2021,AG_LND_FRST,,,ES48024,PT,ES48024,70.2
2020,AG_LND_FRST,,,ES48024,PT,ES48024,69.2
2020,AG_LND_FRST,,,ES48025,PT,ES48025,86.0
2010,AG_LND_FRST,,,ES48025,PT,ES48025,86.7
2019,AG_LND_FRST,,,ES48025,PT,ES48025,85.6
2016,AG_LND_FRST,,,ES48025,PT,ES48025,86.0
2018,AG_LND_FRST,,,ES48025,PT,ES48025,85.0
2021,AG_LND_FRST,,,ES48025,PT,ES48025,86.0
2022,AG_LND_FRST,,,ES48025,PT,ES48025,86.0
2022,AG_LND_FRST,,,Zegama,PT,Zegama,79.2
2020,AG_LND_FRST,,,Zegama,PT,Zegama,79.2
2010,AG_LND_FRST,,,Zegama,PT,Zegama,80.0
2018,AG_LND_FRST,,,Zegama,PT,Zegama,78.8
2016,AG_LND_FRST,,,Zegama,PT,Zegama,79.8
2019,AG_LND_FRST,,,Zegama,PT,Zegama,79.2
2021,AG_LND_FRST,,,Zegama,PT,Zegama,79.2
2019,AG_LND_FRST,,,Zerain,PT,Zerain,66.9
2016,AG_LND_FRST,,,Zerain,PT,Zerain,71.0
2010,AG_LND_FRST,,,Zerain,PT,Zerain,68.0
2018,AG_LND_FRST,,,Zerain,PT,Zerain,66.9
2020,AG_LND_FRST,,,Zerain,PT,Zerain,66.8
2022,AG_LND_FRST,,,Zerain,PT,Zerain,66.9
2021,AG_LND_FRST,,,Zerain,PT,Zerain,66.9
2010,AG_LND_FRST,,,Zestoa,PT,Zestoa,56.7
2022,AG_LND_FRST,,,Zestoa,PT,Zestoa,55.5
2020,AG_LND_FRST,,,Zestoa,PT,Zestoa,54.8
2018,AG_LND_FRST,,,Zestoa,PT,Zestoa,54.0
2016,AG_LND_FRST,,,Zestoa,PT,Zestoa,56.1
2019,AG_LND_FRST,,,Zestoa,PT,Zestoa,54.6
2021,AG_LND_FRST,,,Zestoa,PT,Zestoa,55.4
2010,AG_LND_FRST,,,ES48913,PT,ES48913,8.9
2022,AG_LND_FRST,,,ES48913,PT,ES48913,8.2
2016,AG_LND_FRST,,,ES48913,PT,ES48913,7.9
2018,AG_LND_FRST,,,ES48913,PT,ES48913,7.7
2021,AG_LND_FRST,,,ES48913,PT,ES48913,8.2
2019,AG_LND_FRST,,,ES48913,PT,ES48913,7.7
2020,AG_LND_FRST,,,ES48913,PT,ES48913,8.2
2018,AG_LND_FRST,,,Zigoitia,PT,Zigoitia,52.2
2022,AG_LND_FRST,,,Zigoitia,PT,Zigoitia,52.2
2020,AG_LND_FRST,,,Zigoitia,PT,Zigoitia,52.2
2010,AG_LND_FRST,,,Zigoitia,PT,Zigoitia,52.0
2016,AG_LND_FRST,,,Zigoitia,PT,Zigoitia,52.2
2019,AG_LND_FRST,,,Zigoitia,PT,Zigoitia,52.2
2021,AG_LND_FRST,,,Zigoitia,PT,Zigoitia,52.2
2022,AG_LND_FRST,,,ES48915,PT,ES48915,76.5
2020,AG_LND_FRST,,,ES48915,PT,ES48915,75.8
2018,AG_LND_FRST,,,ES48915,PT,ES48915,74.3
2016,AG_LND_FRST,,,ES48915,PT,ES48915,76.0
2019,AG_LND_FRST,,,ES48915,PT,ES48915,74.7
2021,AG_LND_FRST,,,ES48915,PT,ES48915,76.3
2010,AG_LND_FRST,,,ES48915,PT,ES48915,63.1
2021,AG_LND_FRST,,,Zizurkil,PT,Zizurkil,54.3
2019,AG_LND_FRST,,,Zizurkil,PT,Zizurkil,54.3
2010,AG_LND_FRST,,,Zizurkil,PT,Zizurkil,57.6
2018,AG_LND_FRST,,,Zizurkil,PT,Zizurkil,54.3
2020,AG_LND_FRST,,,Zizurkil,PT,Zizurkil,54.3
2022,AG_LND_FRST,,,Zizurkil,PT,Zizurkil,54.3
2016,AG_LND_FRST,,,Zizurkil,PT,Zizurkil,56.4
2021,AG_LND_FRST,,,Zuia,PT,Zuia,68.5
2022,AG_LND_FRST,,,Zuia,PT,Zuia,68.5
2010,AG_LND_FRST,,,Zuia,PT,Zuia,68.2
2018,AG_LND_FRST,,,Zuia,PT,Zuia,68.5
2020,AG_LND_FRST,,,Zuia,PT,Zuia,68.5
2016,AG_LND_FRST,,,Zuia,PT,Zuia,68.6
2019,AG_LND_FRST,,,Zuia,PT,Zuia,68.5
2016,AG_LND_FRST,,,Zumaia,PT,Zumaia,25.5
2021,AG_LND_FRST,,,Zumaia,PT,Zumaia,24.9
2020,AG_LND_FRST,,,Zumaia,PT,Zumaia,24.9
2019,AG_LND_FRST,,,Zumaia,PT,Zumaia,24.9
2018,AG_LND_FRST,,,Zumaia,PT,Zumaia,24.7
2022,AG_LND_FRST,,,Zumaia,PT,Zumaia,24.9
2010,AG_LND_FRST,,,Zumaia,PT,Zumaia,23.5
2010,AG_LND_FRST,,,Zumarraga,PT,Zumarraga,63.5
2018,AG_LND_FRST,,,Zumarraga,PT,Zumarraga,60.6
2020,AG_LND_FRST,,,Zumarraga,PT,Zumarraga,60.7
2022,AG_LND_FRST,,,Zumarraga,PT,Zumarraga,61.4
2016,AG_LND_FRST,,,Zumarraga,PT,Zumarraga,63.4
2019,AG_LND_FRST,,,Zumarraga,PT,Zumarraga,60.7
2021,AG_LND_FRST,,,Zumarraga,PT,Zumarraga,61.4
2020,AG_LND_FRST,,Añana (eskualdea),,PT,Añana (eskualdea),47.6
2021,AG_LND_FRST,,Añana (eskualdea),,PT,Añana (eskualdea),47.6
2018,AG_LND_FRST,,Añana (eskualdea),,PT,Añana (eskualdea),47.4
2022,AG_LND_FRST,,Añana (eskualdea),,PT,Añana (eskualdea),47.6
2016,AG_LND_FRST,,Añana (eskualdea),,PT,Añana (eskualdea),47.4
2019,AG_LND_FRST,,Añana (eskualdea),,PT,Añana (eskualdea),47.6
2010,AG_LND_FRST,,Añana (eskualdea),,PT,Añana (eskualdea),47.8
2021,AG_LND_FRST,,Arabako Errioxa / Rioja Alavesa,,PT,Arabako Errioxa / Rioja Alavesa,12.5
2022,AG_LND_FRST,,Arabako Errioxa / Rioja Alavesa,,PT,Arabako Errioxa / Rioja Alavesa,12.5
2010,AG_LND_FRST,,Arabako Errioxa / Rioja Alavesa,,PT,Arabako Errioxa / Rioja Alavesa,12.2
2020,AG_LND_FRST,,Arabako Errioxa / Rioja Alavesa,,PT,Arabako Errioxa / Rioja Alavesa,12.5
2019,AG_LND_FRST,,Arabako Errioxa / Rioja Alavesa,,PT,Arabako Errioxa / Rioja Alavesa,12.5
2016,AG_LND_FRST,,Arabako Errioxa / Rioja Alavesa,,PT,Arabako Errioxa / Rioja Alavesa,12.4
2018,AG_LND_FRST,,Arabako Errioxa / Rioja Alavesa,,PT,Arabako Errioxa / Rioja Alavesa,12.4
2010,AG_LND_FRST,,Arabako Kantaurialdea / Cantábrica Alavesa,,PT,Arabako Kantaurialdea / Cantábrica Alavesa,58.7
2018,AG_LND_FRST,,Arabako Kantaurialdea / Cantábrica Alavesa,,PT,Arabako Kantaurialdea / Cantábrica Alavesa,59.1
2021,AG_LND_FRST,,Arabako Kantaurialdea / Cantábrica Alavesa,,PT,Arabako Kantaurialdea / Cantábrica Alavesa,59.4
2020,AG_LND_FRST,,Arabako Kantaurialdea / Cantábrica Alavesa,,PT,Arabako Kantaurialdea / Cantábrica Alavesa,59.4
2016,AG_LND_FRST,,Arabako Kantaurialdea / Cantábrica Alavesa,,PT,Arabako Kantaurialdea / Cantábrica Alavesa,59.0
2019,AG_LND_FRST,,Arabako Kantaurialdea / Cantábrica Alavesa,,PT,Arabako Kantaurialdea / Cantábrica Alavesa,59.1
2022,AG_LND_FRST,,Arabako Kantaurialdea / Cantábrica Alavesa,,PT,Arabako Kantaurialdea / Cantábrica Alavesa,59.6
2022,AG_LND_FRST,,Arabako Lautada / Llanada Alavesa,,PT,Arabako Lautada / Llanada Alavesa,36.2
2018,AG_LND_FRST,,Arabako Lautada / Llanada Alavesa,,PT,Arabako Lautada / Llanada Alavesa,36.0
2010,AG_LND_FRST,,Arabako Lautada / Llanada Alavesa,,PT,Arabako Lautada / Llanada Alavesa,36.1
2016,AG_LND_FRST,,Arabako Lautada / Llanada Alavesa,,PT,Arabako Lautada / Llanada Alavesa,36.0
2019,AG_LND_FRST,,Arabako Lautada / Llanada Alavesa,,PT,Arabako Lautada / Llanada Alavesa,36.2
2020,AG_LND_FRST,,Arabako Lautada / Llanada Alavesa,,PT,Arabako Lautada / Llanada Alavesa,36.2
2021,AG_LND_FRST,,Arabako Lautada / Llanada Alavesa,,PT,Arabako Lautada / Llanada Alavesa,36.2
2020,AG_LND_FRST,,Arabako Mendialdea / Montaña Alavesa,,PT,Arabako Mendialdea / Montaña Alavesa,61.8
2010,AG_LND_FRST,,Arabako Mendialdea / Montaña Alavesa,,PT,Arabako Mendialdea / Montaña Alavesa,60.9
2018,AG_LND_FRST,,Arabako Mendialdea / Montaña Alavesa,,PT,Arabako Mendialdea / Montaña Alavesa,61.4
2016,AG_LND_FRST,,Arabako Mendialdea / Montaña Alavesa,,PT,Arabako Mendialdea / Montaña Alavesa,61.4
2019,AG_LND_FRST,,Arabako Mendialdea / Montaña Alavesa,,PT,Arabako Mendialdea / Montaña Alavesa,61.6
2022,AG_LND_FRST,,Arabako Mendialdea / Montaña Alavesa,,PT,Arabako Mendialdea / Montaña Alavesa,61.8
2021,AG_LND_FRST,,Arabako Mendialdea / Montaña Alavesa,,PT,Arabako Mendialdea / Montaña Alavesa,61.8
2010,AG_LND_FRST,,Arratia Nerbioi / Arratia-Nervión,,PT,Arratia Nerbioi / Arratia-Nervión,69.1
2019,AG_LND_FRST,,Arratia Nerbioi / Arratia-Nervión,,PT,Arratia Nerbioi / Arratia-Nervión,68.6
2016,AG_LND_FRST,,Arratia Nerbioi / Arratia-Nervión,,PT,Arratia Nerbioi / Arratia-Nervión,69.7
2021,AG_LND_FRST,,Arratia Nerbioi / Arratia-Nervión,,PT,Arratia Nerbioi / Arratia-Nervión,69.5
2022,AG_LND_FRST,,Arratia Nerbioi / Arratia-Nervión,,PT,Arratia Nerbioi / Arratia-Nervión,69.5
2018,AG_LND_FRST,,Arratia Nerbioi / Arratia-Nervión,,PT,Arratia Nerbioi / Arratia-Nervión,68.3
2020,AG_LND_FRST,,Arratia Nerbioi / Arratia-Nervión,,PT,Arratia Nerbioi / Arratia-Nervión,69.1
2019,AG_LND_FRST,,Bidasoa Beherea / Bajo Bidasoa,,PT,Bidasoa Beherea / Bajo Bidasoa,46.8
2021,AG_LND_FRST,,Bidasoa Beherea / Bajo Bidasoa,,PT,Bidasoa Beherea / Bajo Bidasoa,46.7
2020,AG_LND_FRST,,Bidasoa Beherea / Bajo Bidasoa,,PT,Bidasoa Beherea / Bajo Bidasoa,46.7
2016,AG_LND_FRST,,Bidasoa Beherea / Bajo Bidasoa,,PT,Bidasoa Beherea / Bajo Bidasoa,46.1
2022,AG_LND_FRST,,Bidasoa Beherea / Bajo Bidasoa,,PT,Bidasoa Beherea / Bajo Bidasoa,46.7
2018,AG_LND_FRST,,Bidasoa Beherea / Bajo Bidasoa,,PT,Bidasoa Beherea / Bajo Bidasoa,46.0
2010,AG_LND_FRST,,Bidasoa Beherea / Bajo Bidasoa,,PT,Bidasoa Beherea / Bajo Bidasoa,45.7
2018,AG_LND_FRST,,Bilbo Handia / Gran Bilbao,,PT,Bilbo Handia / Gran Bilbao,35.5
2019,AG_LND_FRST,,Bilbo Handia / Gran Bilbao,,PT,Bilbo Handia / Gran Bilbao,35.7
2022,AG_LND_FRST,,Bilbo Handia / Gran Bilbao,,PT,Bilbo Handia / Gran Bilbao,36.4
2016,AG_LND_FRST,,Bilbo Handia / Gran Bilbao,,PT,Bilbo Handia / Gran Bilbao,35.7
2020,AG_LND_FRST,,Bilbo Handia / Gran Bilbao,,PT,Bilbo Handia / Gran Bilbao,36.3
2021,AG_LND_FRST,,Bilbo Handia / Gran Bilbao,,PT,Bilbo Handia / Gran Bilbao,36.4
2010,AG_LND_FRST,,Bilbo Handia / Gran Bilbao,,PT,Bilbo Handia / Gran Bilbao,35.6
2010,AG_LND_FRST,,Debabarrena / Bajo Deba,,PT,Debabarrena / Bajo Deba,66.3
2016,AG_LND_FRST,,Debabarrena / Bajo Deba,,PT,Debabarrena / Bajo Deba,65.6
2018,AG_LND_FRST,,Debabarrena / Bajo Deba,,PT,Debabarrena / Bajo Deba,63.6
2019,AG_LND_FRST,,Debabarrena / Bajo Deba,,PT,Debabarrena / Bajo Deba,64.1
2020,AG_LND_FRST,,Debabarrena / Bajo Deba,,PT,Debabarrena / Bajo Deba,64.3
2021,AG_LND_FRST,,Debabarrena / Bajo Deba,,PT,Debabarrena / Bajo Deba,64.6
2022,AG_LND_FRST,,Debabarrena / Bajo Deba,,PT,Debabarrena / Bajo Deba,64.7
2022,AG_LND_FRST,,Debagoiena / Alto Deba,,PT,Debagoiena / Alto Deba,69.3
2020,AG_LND_FRST,,Debagoiena / Alto Deba,,PT,Debagoiena / Alto Deba,69.2
2021,AG_LND_FRST,,Debagoiena / Alto Deba,,PT,Debagoiena / Alto Deba,69.3
2016,AG_LND_FRST,,Debagoiena / Alto Deba,,PT,Debagoiena / Alto Deba,70.8
2019,AG_LND_FRST,,Debagoiena / Alto Deba,,PT,Debagoiena / Alto Deba,69.1
2010,AG_LND_FRST,,Debagoiena / Alto Deba,,PT,Debagoiena / Alto Deba,70.5
2018,AG_LND_FRST,,Debagoiena / Alto Deba,,PT,Debagoiena / Alto Deba,69.0
2020,AG_LND_FRST,,Donostialdea,,PT,Donostialdea,50.8
2018,AG_LND_FRST,,Donostialdea,,PT,Donostialdea,50.4
2022,AG_LND_FRST,,Donostialdea,,PT,Donostialdea,50.8
2019,AG_LND_FRST,,Donostialdea,,PT,Donostialdea,51.0
2021,AG_LND_FRST,,Donostialdea,,PT,Donostialdea,50.8
2016,AG_LND_FRST,,Donostialdea,,PT,Donostialdea,51.2
2010,AG_LND_FRST,,Donostialdea,,PT,Donostialdea,51.0
2010,AG_LND_FRST,,Durangaldea / Duranguesado,,PT,Durangaldea / Duranguesado,64.7
2016,AG_LND_FRST,,Durangaldea / Duranguesado,,PT,Durangaldea / Duranguesado,64.2
2018,AG_LND_FRST,,Durangaldea / Duranguesado,,PT,Durangaldea / Duranguesado,62.0
2022,AG_LND_FRST,,Durangaldea / Duranguesado,,PT,Durangaldea / Duranguesado,62.9
2020,AG_LND_FRST,,Durangaldea / Duranguesado,,PT,Durangaldea / Duranguesado,62.7
2019,AG_LND_FRST,,Durangaldea / Duranguesado,,PT,Durangaldea / Duranguesado,62.1
2021,AG_LND_FRST,,Durangaldea / Duranguesado,,PT,Durangaldea / Duranguesado,62.8
2019,AG_LND_FRST,,Enkartazioak / Encartaciones,,PT,Enkartazioak / Encartaciones,57.8
2021,AG_LND_FRST,,Enkartazioak / Encartaciones,,PT,Enkartazioak / Encartaciones,58.4
2010,AG_LND_FRST,,Enkartazioak / Encartaciones,,PT,Enkartazioak / Encartaciones,58.1
2020,AG_LND_FRST,,Enkartazioak / Encartaciones,,PT,Enkartazioak / Encartaciones,58.2
2018,AG_LND_FRST,,Enkartazioak / Encartaciones,,PT,Enkartazioak / Encartaciones,57.3
2016,AG_LND_FRST,,Enkartazioak / Encartaciones,,PT,Enkartazioak / Encartaciones,58.1
2022,AG_LND_FRST,,Enkartazioak / Encartaciones,,PT,Enkartazioak / Encartaciones,58.4
2010,AG_LND_FRST,,Gernika-Bermeo,,PT,Gernika-Bermeo,67.7
2020,AG_LND_FRST,,Gernika-Bermeo,,PT,Gernika-Bermeo,69.5
2021,AG_LND_FRST,,Gernika-Bermeo,,PT,Gernika-Bermeo,69.6
2022,AG_LND_FRST,,Gernika-Bermeo,,PT,Gernika-Bermeo,69.6
2018,AG_LND_FRST,,Gernika-Bermeo,,PT,Gernika-Bermeo,69.0
2019,AG_LND_FRST,,Gernika-Bermeo,,PT,Gernika-Bermeo,69.2
2016,AG_LND_FRST,,Gernika-Bermeo,,PT,Gernika-Bermeo,70.4
2020,AG_LND_FRST,,Goierri,,PT,Goierri,70.4
2022,AG_LND_FRST,,Goierri,,PT,Goierri,70.6
2019,AG_LND_FRST,,Goierri,,PT,Goierri,70.3
2021,AG_LND_FRST,,Goierri,,PT,Goierri,70.5
2010,AG_LND_FRST,,Goierri,,PT,Goierri,72.1
2018,AG_LND_FRST,,Goierri,,PT,Goierri,70.2
2016,AG_LND_FRST,,Goierri,,PT,Goierri,71.6
2010,AG_LND_FRST,,Gorbeialdea / Estribaciones del Gorbea,,PT,Gorbeialdea / Estribaciones del Gorbea,61.0
2019,AG_LND_FRST,,Gorbeialdea / Estribaciones del Gorbea,,PT,Gorbeialdea / Estribaciones del Gorbea,61.4
2021,AG_LND_FRST,,Gorbeialdea / Estribaciones del Gorbea,,PT,Gorbeialdea / Estribaciones del Gorbea,61.4
2016,AG_LND_FRST,,Gorbeialdea / Estribaciones del Gorbea,,PT,Gorbeialdea / Estribaciones del Gorbea,61.4
2018,AG_LND_FRST,,Gorbeialdea / Estribaciones del Gorbea,,PT,Gorbeialdea / Estribaciones del Gorbea,61.3
2022,AG_LND_FRST,,Gorbeialdea / Estribaciones del Gorbea,,PT,Gorbeialdea / Estribaciones del Gorbea,61.5
2020,AG_LND_FRST,,Gorbeialdea / Estribaciones del Gorbea,,PT,Gorbeialdea / Estribaciones del Gorbea,61.4
2022,AG_LND_FRST,,Markina-Ondarroa,,PT,Markina-Ondarroa,76.0
2020,AG_LND_FRST,,Markina-Ondarroa,,PT,Markina-Ondarroa,75.3
2019,AG_LND_FRST,,Markina-Ondarroa,,PT,Markina-Ondarroa,74.9
2016,AG_LND_FRST,,Markina-Ondarroa,,PT,Markina-Ondarroa,76.1
2021,AG_LND_FRST,,Markina-Ondarroa,,PT,Markina-Ondarroa,75.8
2010,AG_LND_FRST,,Markina-Ondarroa,,PT,Markina-Ondarroa,76.3
2018,AG_LND_FRST,,Markina-Ondarroa,,PT,Markina-Ondarroa,74.6
2021,AG_LND_FRST,,Plentzia-Mungia,,PT,Plentzia-Mungia,51.4
2019,AG_LND_FRST,,Plentzia-Mungia,,PT,Plentzia-Mungia,49.7
2020,AG_LND_FRST,,Plentzia-Mungia,,PT,Plentzia-Mungia,51.2
2022,AG_LND_FRST,,Plentzia-Mungia,,PT,Plentzia-Mungia,51.4
2016,AG_LND_FRST,,Plentzia-Mungia,,PT,Plentzia-Mungia,49.6
2018,AG_LND_FRST,,Plentzia-Mungia,,PT,Plentzia-Mungia,49.0
2010,AG_LND_FRST,,Plentzia-Mungia,,PT,Plentzia-Mungia,50.3
2021,AG_LND_FRST,,Tolosaldea,,PT,Tolosaldea,64.5
2022,AG_LND_FRST,,Tolosaldea,,PT,Tolosaldea,64.6
2020,AG_LND_FRST,,Tolosaldea,,PT,Tolosaldea,64.5
2018,AG_LND_FRST,,Tolosaldea,,PT,Tolosaldea,64.3
2016,AG_LND_FRST,,Tolosaldea,,PT,Tolosaldea,65.8
2019,AG_LND_FRST,,Tolosaldea,,PT,Tolosaldea,64.5
2010,AG_LND_FRST,,Tolosaldea,,PT,Tolosaldea,66.1
2021,AG_LND_FRST,,Urola Kosta,,PT,Urola Kosta,55.1
2016,AG_LND_FRST,,Urola Kosta,,PT,Urola Kosta,56.0
2018,AG_LND_FRST,,Urola Kosta,,PT,Urola Kosta,54.3
2020,AG_LND_FRST,,Urola Kosta,,PT,Urola Kosta,55.0
2022,AG_LND_FRST,,Urola Kosta,,PT,Urola Kosta,55.1
2019,AG_LND_FRST,,Urola Kosta,,PT,Urola Kosta,54.8
2010,AG_LND_FRST,,Urola Kosta,,PT,Urola Kosta,55.8
2019,AG_LND_FRST,ES211,,,PT,ES211,46.7
2022,AG_LND_FRST,ES211,,,PT,ES211,46.8
2016,AG_LND_FRST,ES211,,,PT,ES211,46.5
2018,AG_LND_FRST,ES211,,,PT,ES211,46.5
2020,AG_LND_FRST,ES211,,,PT,ES211,46.7
2021,AG_LND_FRST,ES211,,,PT,ES211,46.8
2010,AG_LND_FRST,ES211,,,PT,ES211,46.4
2010,AG_LND_FRST,ES213,,,PT,ES213,59.4
2022,AG_LND_FRST,ES213,,,PT,ES213,59.7
2016,AG_LND_FRST,ES213,,,PT,ES213,59.7
2020,AG_LND_FRST,ES213,,,PT,ES213,59.5
2018,AG_LND_FRST,ES213,,,PT,ES213,58.6
2019,AG_LND_FRST,ES213,,,PT,ES213,58.9
2021,AG_LND_FRST,ES213,,,PT,ES213,59.6
2022,AG_LND_FRST,ES212,,,PT,ES212,61.6
2018,AG_LND_FRST,ES212,,,PT,ES212,61.1
2016,AG_LND_FRST,ES212,,,PT,ES212,62.6
2019,AG_LND_FRST,ES212,,,PT,ES212,61.5
2020,AG_LND_FRST,ES212,,,PT,ES212,61.5
2021,AG_LND_FRST,ES212,,,PT,ES212,61.6
2010,AG_LND_FRST,ES212,,,PT,ES212,62.8
