Year,Lurralde historikoa,Units,Value
2021,,PER_100000,0.5
2022,,PER_100000,0.32
2023,,PER_100000,0.32
2020,,PER_100000,0.59
2020,Araba / Álava,PER_100000,0.3
2022,Araba / Álava,PER_100000,0.0
2023,Araba / Álava,PER_100000,0.3
2021,Araba / Álava,PER_100000,0.61
2022,Bizkaia,PER_100000,0.35
2023,Bizkaia,PER_100000,0.35
2021,Bizkaia,PER_100000,0.53
2020,Bizkaia,PER_100000,0.7
2023,Gipuzkoa,PER_100000,0.28
2020,Gipuzkoa,PER_100000,0.56
2021,Gipuzkoa,PER_100000,0.42
2022,Gipuzkoa,PER_100000,0.42
