Year,Servicios públicos,Sexo,Territorio,Units,Value
2018,,,,Porcentaje,57.4
2017,,,,Porcentaje,57.4
2019,,,,Porcentaje,57.3
2013,,,,Porcentaje,40.2
2020,,,,Porcentaje,54.1
2023,,,,Porcentaje,56.8
2022,,,,Porcentaje,51.0
2015,,,,Porcentaje,46.3
2014,,,,Porcentaje,41.2
2016,,,,Porcentaje,50.4
2011,,,,Porcentaje,47.7
2012,,,,Porcentaje,50.3
2021,,,,Porcentaje,55.1
2022,,,Araba/Álava,Porcentaje,42.7
2017,,,Araba/Álava,Porcentaje,60.5
2019,,,Araba/Álava,Porcentaje,54.8
2016,,,Araba/Álava,Porcentaje,49.6
2021,,,Araba/Álava,Porcentaje,48.2
2023,,,Araba/Álava,Porcentaje,55.7
2020,,,Araba/Álava,Porcentaje,47.3
2018,,,Araba/Álava,Porcentaje,56.0
2022,,,Bizkaia,Porcentaje,54.9
2018,,,Bizkaia,Porcentaje,55.7
2017,,,Bizkaia,Porcentaje,50.4
2020,,,Bizkaia,Porcentaje,56.9
2016,,,Bizkaia,Porcentaje,45.0
2021,,,Bizkaia,Porcentaje,57.9
2019,,,Bizkaia,Porcentaje,51.2
2023,,,Bizkaia,Porcentaje,53.1
2017,,,Gipuzkoa,Porcentaje,62.1
2019,,,Gipuzkoa,Porcentaje,61.6
2022,,,Gipuzkoa,Porcentaje,51.0
2018,,,Gipuzkoa,Porcentaje,59.8
2023,,,Gipuzkoa,Porcentaje,59.4
2021,,,Gipuzkoa,Porcentaje,54.8
2016,,,Gipuzkoa,Porcentaje,55.9
2020,,,Gipuzkoa,Porcentaje,54.9
2022,,Mujer,,Porcentaje,49.1
2017,,Mujer,,Porcentaje,57.0
2016,,Mujer,,Porcentaje,46.6
2021,,Mujer,,Porcentaje,53.1
2023,,Mujer,,Porcentaje,54.8
2019,,Mujer,,Porcentaje,54.6
2018,,Mujer,,Porcentaje,54.5
2020,,Mujer,,Porcentaje,50.2
2017,,Mujer,Araba/Álava,Porcentaje,56.2
2020,,Mujer,Araba/Álava,Porcentaje,44.6
2021,,Mujer,Araba/Álava,Porcentaje,32.2
2018,,Mujer,Araba/Álava,Porcentaje,58.0
2023,,Mujer,Araba/Álava,Porcentaje,56.8
2022,,Mujer,Araba/Álava,Porcentaje,41.2
2019,,Mujer,Araba/Álava,Porcentaje,52.2
2016,,Mujer,Araba/Álava,Porcentaje,48.0
2022,,Mujer,Bizkaia,Porcentaje,54.7
2019,,Mujer,Bizkaia,Porcentaje,45.0
2017,,Mujer,Bizkaia,Porcentaje,47.6
2021,,Mujer,Bizkaia,Porcentaje,55.5
2018,,Mujer,Bizkaia,Porcentaje,49.1
2016,,Mujer,Bizkaia,Porcentaje,36.8
2023,,Mujer,Bizkaia,Porcentaje,48.4
2020,,Mujer,Bizkaia,Porcentaje,52.2
2020,,Mujer,Gipuzkoa,Porcentaje,51.6
2023,,Mujer,Gipuzkoa,Porcentaje,58.6
2017,,Mujer,Gipuzkoa,Porcentaje,67.3
2022,,Mujer,Gipuzkoa,Porcentaje,47.6
2018,,Mujer,Gipuzkoa,Porcentaje,58.5
2021,,Mujer,Gipuzkoa,Porcentaje,54.0
2019,,Mujer,Gipuzkoa,Porcentaje,61.4
2016,,Mujer,Gipuzkoa,Porcentaje,55.2
2022,,Hombre,,Porcentaje,52.8
2017,,Hombre,,Porcentaje,57.8
2023,,Hombre,,Porcentaje,59.0
2021,,Hombre,,Porcentaje,57.5
2016,,Hombre,,Porcentaje,54.6
2018,,Hombre,,Porcentaje,59.9
2020,,Hombre,,Porcentaje,58.3
2019,,Hombre,,Porcentaje,60.3
2021,,Hombre,Araba/Álava,Porcentaje,57.9
2016,,Hombre,Araba/Álava,Porcentaje,51.1
2023,,Hombre,Araba/Álava,Porcentaje,55.0
2022,,Hombre,Araba/Álava,Porcentaje,44.4
2019,,Hombre,Araba/Álava,Porcentaje,56.8
2017,,Hombre,Araba/Álava,Porcentaje,63.9
2018,,Hombre,Araba/Álava,Porcentaje,53.8
2020,,Hombre,Araba/Álava,Porcentaje,51.1
2016,,Hombre,Bizkaia,Porcentaje,53.7
2022,,Hombre,Bizkaia,Porcentaje,55.8
2017,,Hombre,Bizkaia,Porcentaje,54.0
2020,,Hombre,Bizkaia,Porcentaje,61.0
2018,,Hombre,Bizkaia,Porcentaje,60.8
2023,,Hombre,Bizkaia,Porcentaje,60.0
2019,,Hombre,Bizkaia,Porcentaje,59.0
2021,,Hombre,Bizkaia,Porcentaje,61.3
2020,,Hombre,Gipuzkoa,Porcentaje,58.6
2021,,Hombre,Gipuzkoa,Porcentaje,55.6
2017,,Hombre,Gipuzkoa,Porcentaje,57.4
2022,,Hombre,Gipuzkoa,Porcentaje,53.7
2018,,Hombre,Gipuzkoa,Porcentaje,61.1
2023,,Hombre,Gipuzkoa,Porcentaje,60.5
2019,,Hombre,Gipuzkoa,Porcentaje,62.0
2016,,Hombre,Gipuzkoa,Porcentaje,56.9
2018,Enseñanza,,,Porcentaje,70.9
2013,Enseñanza,,,Porcentaje,45.5
2016,Enseñanza,,,Porcentaje,60.0
2023,Enseñanza,,,Porcentaje,65.3
2022,Enseñanza,,,Porcentaje,60.9
2020,Enseñanza,,,Porcentaje,56.5
2015,Enseñanza,,,Porcentaje,59.4
2014,Enseñanza,,,Porcentaje,54.0
2012,Enseñanza,,,Porcentaje,66.0
2019,Enseñanza,,,Porcentaje,72.2
2011,Enseñanza,,,Porcentaje,66.7
2021,Enseñanza,,,Porcentaje,54.4
2017,Enseñanza,,,Porcentaje,69.5
2020,Enseñanza,,Araba/Álava,Porcentaje,33.3
2017,Enseñanza,,Araba/Álava,Porcentaje,60.0
2018,Enseñanza,,Araba/Álava,Porcentaje,76.5
2021,Enseñanza,,Araba/Álava,Porcentaje,61.2
2016,Enseñanza,,Araba/Álava,Porcentaje,77.8
2023,Enseñanza,,Araba/Álava,Porcentaje,57.0
2019,Enseñanza,,Araba/Álava,Porcentaje,41.7
2022,Enseñanza,,Araba/Álava,Porcentaje,42.0
2019,Enseñanza,,Bizkaia,Porcentaje,69.0
2023,Enseñanza,,Bizkaia,Porcentaje,66.2
2017,Enseñanza,,Bizkaia,Porcentaje,72.2
2021,Enseñanza,,Bizkaia,Porcentaje,53.2
2018,Enseñanza,,Bizkaia,Porcentaje,58.3
2016,Enseñanza,,Bizkaia,Porcentaje,48.8
2022,Enseñanza,,Bizkaia,Porcentaje,63.9
2020,Enseñanza,,Bizkaia,Porcentaje,58.8
2017,Enseñanza,,Gipuzkoa,Porcentaje,72.7
2018,Enseñanza,,Gipuzkoa,Porcentaje,82.2
2016,Enseñanza,,Gipuzkoa,Porcentaje,63.6
2022,Enseñanza,,Gipuzkoa,Porcentaje,64.4
2019,Enseñanza,,Gipuzkoa,Porcentaje,80.3
2023,Enseñanza,,Gipuzkoa,Porcentaje,67.7
2020,Enseñanza,,Gipuzkoa,Porcentaje,66.0
2021,Enseñanza,,Gipuzkoa,Porcentaje,53.9
2022,Enseñanza,Mujer,,Porcentaje,63.0
2019,Enseñanza,Mujer,,Porcentaje,68.9
2021,Enseñanza,Mujer,,Porcentaje,59.6
2023,Enseñanza,Mujer,,Porcentaje,67.2
2018,Enseñanza,Mujer,,Porcentaje,70.4
2017,Enseñanza,Mujer,,Porcentaje,70.6
2016,Enseñanza,Mujer,,Porcentaje,51.9
2020,Enseñanza,Mujer,,Porcentaje,50.7
2021,Enseñanza,Mujer,Araba/Álava,Porcentaje,52.7
2023,Enseñanza,Mujer,Araba/Álava,Porcentaje,53.7
2018,Enseñanza,Mujer,Araba/Álava,Porcentaje,80.0
2017,Enseñanza,Mujer,Araba/Álava,Porcentaje,63.6
2019,Enseñanza,Mujer,Araba/Álava,Porcentaje,20.0
2016,Enseñanza,Mujer,Araba/Álava,Porcentaje,77.8
2020,Enseñanza,Mujer,Araba/Álava,Porcentaje,20.0
2022,Enseñanza,Mujer,Araba/Álava,Porcentaje,38.6
2016,Enseñanza,Mujer,Bizkaia,Porcentaje,42.9
2021,Enseñanza,Mujer,Bizkaia,Porcentaje,55.1
2019,Enseñanza,Mujer,Bizkaia,Porcentaje,60.9
2022,Enseñanza,Mujer,Bizkaia,Porcentaje,74.0
2023,Enseñanza,Mujer,Bizkaia,Porcentaje,70.0
2018,Enseñanza,Mujer,Bizkaia,Porcentaje,57.1
2017,Enseñanza,Mujer,Bizkaia,Porcentaje,72.2
2020,Enseñanza,Mujer,Bizkaia,Porcentaje,50.0
2018,Enseñanza,Mujer,Gipuzkoa,Porcentaje,78.3
2023,Enseñanza,Mujer,Gipuzkoa,Porcentaje,69.1
2016,Enseñanza,Mujer,Gipuzkoa,Porcentaje,50.0
2021,Enseñanza,Mujer,Gipuzkoa,Porcentaje,63.0
2019,Enseñanza,Mujer,Gipuzkoa,Porcentaje,81.8
2020,Enseñanza,Mujer,Gipuzkoa,Porcentaje,66.7
2017,Enseñanza,Mujer,Gipuzkoa,Porcentaje,72.7
2022,Enseñanza,Mujer,Gipuzkoa,Porcentaje,62.9
2023,Enseñanza,Hombre,,Porcentaje,63.0
2019,Enseñanza,Hombre,,Porcentaje,75.9
2016,Enseñanza,Hombre,,Porcentaje,68.6
2017,Enseñanza,Hombre,,Porcentaje,68.5
2022,Enseñanza,Hombre,,Porcentaje,58.9
2020,Enseñanza,Hombre,,Porcentaje,62.9
2021,Enseñanza,Hombre,,Porcentaje,47.9
2018,Enseñanza,Hombre,,Porcentaje,71.4
2017,Enseñanza,Hombre,Araba/Álava,Porcentaje,57.1
2019,Enseñanza,Hombre,Araba/Álava,Porcentaje,57.1
2020,Enseñanza,Hombre,Araba/Álava,Porcentaje,50.0
2016,Enseñanza,Hombre,Araba/Álava,Porcentaje,77.8
2021,Enseñanza,Hombre,Araba/Álava,Porcentaje,66.9
2018,Enseñanza,Hombre,Araba/Álava,Porcentaje,71.4
2023,Enseñanza,Hombre,Araba/Álava,Porcentaje,59.1
2022,Enseñanza,Hombre,Araba/Álava,Porcentaje,45.6
2020,Enseñanza,Hombre,Bizkaia,Porcentaje,66.7
2021,Enseñanza,Hombre,Bizkaia,Porcentaje,50.6
2019,Enseñanza,Hombre,Bizkaia,Porcentaje,78.9
2022,Enseñanza,Hombre,Bizkaia,Porcentaje,51.2
2023,Enseñanza,Hombre,Bizkaia,Porcentaje,60.8
2016,Enseñanza,Hombre,Bizkaia,Porcentaje,54.5
2018,Enseñanza,Hombre,Bizkaia,Porcentaje,59.3
2017,Enseñanza,Hombre,Bizkaia,Porcentaje,72.2
2021,Enseñanza,Hombre,Gipuzkoa,Porcentaje,42.1
2017,Enseñanza,Hombre,Gipuzkoa,Porcentaje,72.7
2020,Enseñanza,Hombre,Gipuzkoa,Porcentaje,65.2
2022,Enseñanza,Hombre,Gipuzkoa,Porcentaje,65.7
2019,Enseñanza,Hombre,Gipuzkoa,Porcentaje,78.6
2023,Enseñanza,Hombre,Gipuzkoa,Porcentaje,66.1
2018,Enseñanza,Hombre,Gipuzkoa,Porcentaje,86.4
2016,Enseñanza,Hombre,Gipuzkoa,Porcentaje,80.0
2017,Asistencia sanitaria,,,Porcentaje,79.0
2013,Asistencia sanitaria,,,Porcentaje,50.9
2018,Asistencia sanitaria,,,Porcentaje,84.3
2011,Asistencia sanitaria,,,Porcentaje,73.1
2014,Asistencia sanitaria,,,Porcentaje,69.5
2019,Asistencia sanitaria,,,Porcentaje,81.5
2022,Asistencia sanitaria,,,Porcentaje,59.5
2021,Asistencia sanitaria,,,Porcentaje,75.0
2023,Asistencia sanitaria,,,Porcentaje,62.7
2020,Asistencia sanitaria,,,Porcentaje,77.2
2012,Asistencia sanitaria,,,Porcentaje,70.1
2016,Asistencia sanitaria,,,Porcentaje,67.2
2015,Asistencia sanitaria,,,Porcentaje,67.5
2017,Asistencia sanitaria,,Araba/Álava,Porcentaje,73.1
2023,Asistencia sanitaria,,Araba/Álava,Porcentaje,63.2
2019,Asistencia sanitaria,,Araba/Álava,Porcentaje,71.4
2021,Asistencia sanitaria,,Araba/Álava,Porcentaje,79.5
2016,Asistencia sanitaria,,Araba/Álava,Porcentaje,84.2
2020,Asistencia sanitaria,,Araba/Álava,Porcentaje,63.0
2018,Asistencia sanitaria,,Araba/Álava,Porcentaje,95.0
2022,Asistencia sanitaria,,Araba/Álava,Porcentaje,61.6
2021,Asistencia sanitaria,,Bizkaia,Porcentaje,74.7
2019,Asistencia sanitaria,,Bizkaia,Porcentaje,73.9
2022,Asistencia sanitaria,,Bizkaia,Porcentaje,58.8
2017,Asistencia sanitaria,,Bizkaia,Porcentaje,66.7
2016,Asistencia sanitaria,,Bizkaia,Porcentaje,54.7
2023,Asistencia sanitaria,,Bizkaia,Porcentaje,49.7
2020,Asistencia sanitaria,,Bizkaia,Porcentaje,80.8
2018,Asistencia sanitaria,,Bizkaia,Porcentaje,76.4
2018,Asistencia sanitaria,,Gipuzkoa,Porcentaje,89.1
2016,Asistencia sanitaria,,Gipuzkoa,Porcentaje,74.5
2020,Asistencia sanitaria,,Gipuzkoa,Porcentaje,80.7
2019,Asistencia sanitaria,,Gipuzkoa,Porcentaje,89.1
2021,Asistencia sanitaria,,Gipuzkoa,Porcentaje,74.5
2022,Asistencia sanitaria,,Gipuzkoa,Porcentaje,59.4
2023,Asistencia sanitaria,,Gipuzkoa,Porcentaje,70.6
2017,Asistencia sanitaria,,Gipuzkoa,Porcentaje,93.8
2016,Asistencia sanitaria,Mujer,,Porcentaje,61.3
2017,Asistencia sanitaria,Mujer,,Porcentaje,76.7
2021,Asistencia sanitaria,Mujer,,Porcentaje,66.3
2019,Asistencia sanitaria,Mujer,,Porcentaje,80.0
2023,Asistencia sanitaria,Mujer,,Porcentaje,55.3
2020,Asistencia sanitaria,Mujer,,Porcentaje,74.6
2022,Asistencia sanitaria,Mujer,,Porcentaje,63.5
2018,Asistencia sanitaria,Mujer,,Porcentaje,84.7
2022,Asistencia sanitaria,Mujer,Araba/Álava,Porcentaje,77.3
2021,Asistencia sanitaria,Mujer,Araba/Álava,Porcentaje,44.3
2020,Asistencia sanitaria,Mujer,Araba/Álava,Porcentaje,62.5
2023,Asistencia sanitaria,Mujer,Araba/Álava,Porcentaje,46.7
2017,Asistencia sanitaria,Mujer,Araba/Álava,Porcentaje,75.0
2018,Asistencia sanitaria,Mujer,Araba/Álava,Porcentaje,100.0
2016,Asistencia sanitaria,Mujer,Araba/Álava,Porcentaje,77.8
2019,Asistencia sanitaria,Mujer,Araba/Álava,Porcentaje,66.7
2020,Asistencia sanitaria,Mujer,Bizkaia,Porcentaje,80.0
2023,Asistencia sanitaria,Mujer,Bizkaia,Porcentaje,39.9
2017,Asistencia sanitaria,Mujer,Bizkaia,Porcentaje,60.0
2021,Asistencia sanitaria,Mujer,Bizkaia,Porcentaje,63.4
2018,Asistencia sanitaria,Mujer,Bizkaia,Porcentaje,68.0
2022,Asistencia sanitaria,Mujer,Bizkaia,Porcentaje,70.2
2019,Asistencia sanitaria,Mujer,Bizkaia,Porcentaje,72.0
2016,Asistencia sanitaria,Mujer,Bizkaia,Porcentaje,48.1
2016,Asistencia sanitaria,Mujer,Gipuzkoa,Porcentaje,69.2
2017,Asistencia sanitaria,Mujer,Gipuzkoa,Porcentaje,95.7
2018,Asistencia sanitaria,Mujer,Gipuzkoa,Porcentaje,95.8
2022,Asistencia sanitaria,Mujer,Gipuzkoa,Porcentaje,54.7
2020,Asistencia sanitaria,Mujer,Gipuzkoa,Porcentaje,76.7
2023,Asistencia sanitaria,Mujer,Gipuzkoa,Porcentaje,67.8
2021,Asistencia sanitaria,Mujer,Gipuzkoa,Porcentaje,70.3
2019,Asistencia sanitaria,Mujer,Gipuzkoa,Porcentaje,88.2
2018,Asistencia sanitaria,Hombre,,Porcentaje,83.9
2023,Asistencia sanitaria,Hombre,,Porcentaje,70.8
2019,Asistencia sanitaria,Hombre,,Porcentaje,83.1
2017,Asistencia sanitaria,Hombre,,Porcentaje,81.4
2021,Asistencia sanitaria,Hombre,,Porcentaje,85.3
2020,Asistencia sanitaria,Hombre,,Porcentaje,80.0
2016,Asistencia sanitaria,Hombre,,Porcentaje,73.7
2022,Asistencia sanitaria,Hombre,,Porcentaje,55.6
2017,Asistencia sanitaria,Hombre,Araba/Álava,Porcentaje,71.4
2022,Asistencia sanitaria,Hombre,Araba/Álava,Porcentaje,44.8
2021,Asistencia sanitaria,Hombre,Araba/Álava,Porcentaje,100.0
2016,Asistencia sanitaria,Hombre,Araba/Álava,Porcentaje,90.0
2023,Asistencia sanitaria,Hombre,Araba/Álava,Porcentaje,73.3
2019,Asistencia sanitaria,Hombre,Araba/Álava,Porcentaje,75.0
2020,Asistencia sanitaria,Hombre,Araba/Álava,Porcentaje,63.6
2018,Asistencia sanitaria,Hombre,Araba/Álava,Porcentaje,90.0
2023,Asistencia sanitaria,Hombre,Bizkaia,Porcentaje,63.1
2018,Asistencia sanitaria,Hombre,Bizkaia,Porcentaje,83.3
2016,Asistencia sanitaria,Hombre,Bizkaia,Porcentaje,61.5
2017,Asistencia sanitaria,Hombre,Bizkaia,Porcentaje,75.0
2019,Asistencia sanitaria,Hombre,Bizkaia,Porcentaje,76.2
2020,Asistencia sanitaria,Hombre,Bizkaia,Porcentaje,81.5
2021,Asistencia sanitaria,Hombre,Bizkaia,Porcentaje,89.8
2022,Asistencia sanitaria,Hombre,Bizkaia,Porcentaje,44.3
2021,Asistencia sanitaria,Hombre,Gipuzkoa,Porcentaje,79.6
2023,Asistencia sanitaria,Hombre,Gipuzkoa,Porcentaje,74.0
2019,Asistencia sanitaria,Hombre,Gipuzkoa,Porcentaje,90.0
2016,Asistencia sanitaria,Hombre,Gipuzkoa,Porcentaje,81.0
2017,Asistencia sanitaria,Hombre,Gipuzkoa,Porcentaje,92.0
2022,Asistencia sanitaria,Hombre,Gipuzkoa,Porcentaje,63.4
2020,Asistencia sanitaria,Hombre,Gipuzkoa,Porcentaje,85.2
2018,Asistencia sanitaria,Hombre,Gipuzkoa,Porcentaje,81.8
2016,Gestión de pensiones,,,Porcentaje,23.5
2017,Gestión de pensiones,,,Porcentaje,40.2
2019,Gestión de pensiones,,,Porcentaje,30.9
2012,Gestión de pensiones,,,Porcentaje,36.0
2015,Gestión de pensiones,,,Porcentaje,21.5
2021,Gestión de pensiones,,,Porcentaje,39.2
2011,Gestión de pensiones,,,Porcentaje,32.0
2013,Gestión de pensiones,,,Porcentaje,21.2
2023,Gestión de pensiones,,,Porcentaje,52.4
2020,Gestión de pensiones,,,Porcentaje,42.2
2018,Gestión de pensiones,,,Porcentaje,19.1
2022,Gestión de pensiones,,,Porcentaje,37.0
2014,Gestión de pensiones,,,Porcentaje,21.3
2017,Gestión de pensiones,,Araba/Álava,Porcentaje,65.2
2016,Gestión de pensiones,,Araba/Álava,Porcentaje,21.4
2020,Gestión de pensiones,,Araba/Álava,Porcentaje,37.0
2022,Gestión de pensiones,,Araba/Álava,Porcentaje,28.9
2018,Gestión de pensiones,,Araba/Álava,Porcentaje,11.1
2021,Gestión de pensiones,,Araba/Álava,Porcentaje,27.6
2023,Gestión de pensiones,,Araba/Álava,Porcentaje,58.7
2019,Gestión de pensiones,,Araba/Álava,Porcentaje,0.0
2016,Gestión de pensiones,,Bizkaia,Porcentaje,20.5
2018,Gestión de pensiones,,Bizkaia,Porcentaje,25.0
2022,Gestión de pensiones,,Bizkaia,Porcentaje,42.4
2021,Gestión de pensiones,,Bizkaia,Porcentaje,56.1
2017,Gestión de pensiones,,Bizkaia,Porcentaje,22.2
2023,Gestión de pensiones,,Bizkaia,Porcentaje,42.7
2019,Gestión de pensiones,,Bizkaia,Porcentaje,25.6
2020,Gestión de pensiones,,Bizkaia,Porcentaje,43.5
2022,Gestión de pensiones,,Gipuzkoa,Porcentaje,36.3
2019,Gestión de pensiones,,Gipuzkoa,Porcentaje,39.3
2018,Gestión de pensiones,,Gipuzkoa,Porcentaje,15.6
2016,Gestión de pensiones,,Gipuzkoa,Porcentaje,27.3
2020,Gestión de pensiones,,Gipuzkoa,Porcentaje,43.6
2021,Gestión de pensiones,,Gipuzkoa,Porcentaje,32.3
2017,Gestión de pensiones,,Gipuzkoa,Porcentaje,41.9
2023,Gestión de pensiones,,Gipuzkoa,Porcentaje,56.0
2020,Gestión de pensiones,Mujer,,Porcentaje,36.4
2023,Gestión de pensiones,Mujer,,Porcentaje,48.5
2022,Gestión de pensiones,Mujer,,Porcentaje,34.3
2018,Gestión de pensiones,Mujer,,Porcentaje,19.3
2021,Gestión de pensiones,Mujer,,Porcentaje,34.1
2017,Gestión de pensiones,Mujer,,Porcentaje,45.1
2019,Gestión de pensiones,Mujer,,Porcentaje,24.2
2016,Gestión de pensiones,Mujer,,Porcentaje,20.0
2017,Gestión de pensiones,Mujer,Araba/Álava,Porcentaje,63.6
2020,Gestión de pensiones,Mujer,Araba/Álava,Porcentaje,33.3
2018,Gestión de pensiones,Mujer,Araba/Álava,Porcentaje,20.0
2019,Gestión de pensiones,Mujer,Araba/Álava,Porcentaje,0.0
2022,Gestión de pensiones,Mujer,Araba/Álava,Porcentaje,38.6
2023,Gestión de pensiones,Mujer,Araba/Álava,Porcentaje,70.7
2021,Gestión de pensiones,Mujer,Araba/Álava,Porcentaje,0.0
2016,Gestión de pensiones,Mujer,Araba/Álava,Porcentaje,28.6
2018,Gestión de pensiones,Mujer,Bizkaia,Porcentaje,30.4
2019,Gestión de pensiones,Mujer,Bizkaia,Porcentaje,20.8
2020,Gestión de pensiones,Mujer,Bizkaia,Porcentaje,31.8
2021,Gestión de pensiones,Mujer,Bizkaia,Porcentaje,44.5
2022,Gestión de pensiones,Mujer,Bizkaia,Porcentaje,33.4
2023,Gestión de pensiones,Mujer,Bizkaia,Porcentaje,34.0
2017,Gestión de pensiones,Mujer,Bizkaia,Porcentaje,20.0
2016,Gestión de pensiones,Mujer,Bizkaia,Porcentaje,16.7
2018,Gestión de pensiones,Mujer,Gipuzkoa,Porcentaje,8.3
2019,Gestión de pensiones,Mujer,Gipuzkoa,Porcentaje,29.4
2023,Gestión de pensiones,Mujer,Gipuzkoa,Porcentaje,52.2
2022,Gestión de pensiones,Mujer,Gipuzkoa,Porcentaje,33.2
2017,Gestión de pensiones,Mujer,Gipuzkoa,Porcentaje,60.0
2020,Gestión de pensiones,Mujer,Gipuzkoa,Porcentaje,41.4
2021,Gestión de pensiones,Mujer,Gipuzkoa,Porcentaje,31.8
2016,Gestión de pensiones,Mujer,Gipuzkoa,Porcentaje,20.8
2023,Gestión de pensiones,Hombre,,Porcentaje,57.1
2019,Gestión de pensiones,Hombre,,Porcentaje,39.6
2016,Gestión de pensiones,Hombre,,Porcentaje,27.7
2021,Gestión de pensiones,Hombre,,Porcentaje,45.7
2022,Gestión de pensiones,Hombre,,Porcentaje,39.5
2020,Gestión de pensiones,Hombre,,Porcentaje,48.4
2018,Gestión de pensiones,Hombre,,Porcentaje,19.0
2017,Gestión de pensiones,Hombre,,Porcentaje,35.3
2016,Gestión de pensiones,Hombre,Araba/Álava,Porcentaje,14.3
2020,Gestión de pensiones,Hombre,Araba/Álava,Porcentaje,41.7
2019,Gestión de pensiones,Hombre,Araba/Álava,Porcentaje,0.0
2022,Gestión de pensiones,Hombre,Araba/Álava,Porcentaje,18.5
2018,Gestión de pensiones,Hombre,Araba/Álava,Porcentaje,0.0
2023,Gestión de pensiones,Hombre,Araba/Álava,Porcentaje,51.0
2017,Gestión de pensiones,Hombre,Araba/Álava,Porcentaje,66.7
2021,Gestión de pensiones,Hombre,Araba/Álava,Porcentaje,43.2
2021,Gestión de pensiones,Hombre,Bizkaia,Porcentaje,74.0
2023,Gestión de pensiones,Hombre,Bizkaia,Porcentaje,56.4
2018,Gestión de pensiones,Hombre,Bizkaia,Porcentaje,20.7
2016,Gestión de pensiones,Hombre,Bizkaia,Porcentaje,25.0
2017,Gestión de pensiones,Hombre,Bizkaia,Porcentaje,25.0
2020,Gestión de pensiones,Hombre,Bizkaia,Porcentaje,54.2
2022,Gestión de pensiones,Hombre,Bizkaia,Porcentaje,55.2
2019,Gestión de pensiones,Hombre,Bizkaia,Porcentaje,33.3
2019,Gestión de pensiones,Hombre,Gipuzkoa,Porcentaje,51.9
2020,Gestión de pensiones,Hombre,Gipuzkoa,Porcentaje,46.2
2023,Gestión de pensiones,Hombre,Gipuzkoa,Porcentaje,60.9
2022,Gestión de pensiones,Hombre,Gipuzkoa,Porcentaje,38.1
2016,Gestión de pensiones,Hombre,Gipuzkoa,Porcentaje,35.0
2017,Gestión de pensiones,Hombre,Gipuzkoa,Porcentaje,26.1
2018,Gestión de pensiones,Hombre,Gipuzkoa,Porcentaje,23.8
2021,Gestión de pensiones,Hombre,Gipuzkoa,Porcentaje,32.9
2021,Administración de justicia,,,Porcentaje,16.9
2016,Administración de justicia,,,Porcentaje,11.4
2015,Administración de justicia,,,Porcentaje,11.2
2019,Administración de justicia,,,Porcentaje,19.4
2022,Administración de justicia,,,Porcentaje,20.6
2013,Administración de justicia,,,Porcentaje,13.5
2012,Administración de justicia,,,Porcentaje,9.5
2017,Administración de justicia,,,Porcentaje,19.4
2018,Administración de justicia,,,Porcentaje,19.4
2011,Administración de justicia,,,Porcentaje,15.0
2014,Administración de justicia,,,Porcentaje,12.0
2020,Administración de justicia,,,Porcentaje,17.5
2023,Administración de justicia,,,Porcentaje,22.4
2019,Administración de justicia,,Araba/Álava,Porcentaje,0.0
2020,Administración de justicia,,Araba/Álava,Porcentaje,22.2
2016,Administración de justicia,,Araba/Álava,Porcentaje,10.5
2021,Administración de justicia,,Araba/Álava,Porcentaje,8.9
2023,Administración de justicia,,Araba/Álava,Porcentaje,14.5
2022,Administración de justicia,,Araba/Álava,Porcentaje,15.0
2018,Administración de justicia,,Araba/Álava,Porcentaje,12.5
2017,Administración de justicia,,Araba/Álava,Porcentaje,23.1
2022,Administración de justicia,,Bizkaia,Porcentaje,30.0
2017,Administración de justicia,,Bizkaia,Porcentaje,18.9
2023,Administración de justicia,,Bizkaia,Porcentaje,33.1
2020,Administración de justicia,,Bizkaia,Porcentaje,16.3
2016,Administración de justicia,,Bizkaia,Porcentaje,10.4
2018,Administración de justicia,,Bizkaia,Porcentaje,26.5
2019,Administración de justicia,,Bizkaia,Porcentaje,12.5
2021,Administración de justicia,,Bizkaia,Porcentaje,21.2
2017,Administración de justicia,,Gipuzkoa,Porcentaje,17.8
2021,Administración de justicia,,Gipuzkoa,Porcentaje,16.0
2019,Administración de justicia,,Gipuzkoa,Porcentaje,27.1
2023,Administración de justicia,,Gipuzkoa,Porcentaje,18.6
2018,Administración de justicia,,Gipuzkoa,Porcentaje,14.0
2022,Administración de justicia,,Gipuzkoa,Porcentaje,16.7
2020,Administración de justicia,,Gipuzkoa,Porcentaje,16.0
2016,Administración de justicia,,Gipuzkoa,Porcentaje,13.2
2016,Administración de justicia,Mujer,,Porcentaje,13.5
2023,Administración de justicia,Mujer,,Porcentaje,27.0
2019,Administración de justicia,Mujer,,Porcentaje,17.9
2018,Administración de justicia,Mujer,,Porcentaje,16.7
2022,Administración de justicia,Mujer,,Porcentaje,17.5
2020,Administración de justicia,Mujer,,Porcentaje,17.7
2017,Administración de justicia,Mujer,,Porcentaje,25.5
2021,Administración de justicia,Mujer,,Porcentaje,10.6
2018,Administración de justicia,Mujer,Araba/Álava,Porcentaje,14.3
2020,Administración de justicia,Mujer,Araba/Álava,Porcentaje,26.7
2017,Administración de justicia,Mujer,Araba/Álava,Porcentaje,16.7
2016,Administración de justicia,Mujer,Araba/Álava,Porcentaje,11.1
2019,Administración de justicia,Mujer,Araba/Álava,Porcentaje,0.0
2023,Administración de justicia,Mujer,Araba/Álava,Porcentaje,29.1
2022,Administración de justicia,Mujer,Araba/Álava,Porcentaje,11.0
2021,Administración de justicia,Mujer,Araba/Álava,Porcentaje,0.0
2017,Administración de justicia,Mujer,Bizkaia,Porcentaje,27.8
2019,Administración de justicia,Mujer,Bizkaia,Porcentaje,9.1
2021,Administración de justicia,Mujer,Bizkaia,Porcentaje,22.8
2022,Administración de justicia,Mujer,Bizkaia,Porcentaje,28.4
2018,Administración de justicia,Mujer,Bizkaia,Porcentaje,20.0
2016,Administración de justicia,Mujer,Bizkaia,Porcentaje,8.3
2020,Administración de justicia,Mujer,Bizkaia,Porcentaje,18.2
2023,Administración de justicia,Mujer,Bizkaia,Porcentaje,35.9
2018,Administración de justicia,Mujer,Gipuzkoa,Porcentaje,14.3
2016,Administración de justicia,Mujer,Gipuzkoa,Porcentaje,21.1
2017,Administración de justicia,Mujer,Gipuzkoa,Porcentaje,28.6
2019,Administración de justicia,Mujer,Gipuzkoa,Porcentaje,25.8
2020,Administración de justicia,Mujer,Gipuzkoa,Porcentaje,12.0
2021,Administración de justicia,Mujer,Gipuzkoa,Porcentaje,5.0
2022,Administración de justicia,Mujer,Gipuzkoa,Porcentaje,11.9
2023,Administración de justicia,Mujer,Gipuzkoa,Porcentaje,20.3
2016,Administración de justicia,Hombre,,Porcentaje,9.4
2018,Administración de justicia,Hombre,,Porcentaje,21.7
2023,Administración de justicia,Hombre,,Porcentaje,17.1
2022,Administración de justicia,Hombre,,Porcentaje,23.6
2019,Administración de justicia,Hombre,,Porcentaje,21.2
2021,Administración de justicia,Hombre,,Porcentaje,24.3
2017,Administración de justicia,Hombre,,Porcentaje,14.0
2020,Administración de justicia,Hombre,,Porcentaje,17.2
2020,Administración de justicia,Hombre,Araba/Álava,Porcentaje,16.7
2023,Administración de justicia,Hombre,Araba/Álava,Porcentaje,5.2
2016,Administración de justicia,Hombre,Araba/Álava,Porcentaje,10.0
2017,Administración de justicia,Hombre,Araba/Álava,Porcentaje,28.6
2019,Administración de justicia,Hombre,Araba/Álava,Porcentaje,0.0
2022,Administración de justicia,Hombre,Araba/Álava,Porcentaje,19.7
2021,Administración de justicia,Hombre,Araba/Álava,Porcentaje,14.5
2018,Administración de justicia,Hombre,Araba/Álava,Porcentaje,11.1
2020,Administración de justicia,Hombre,Bizkaia,Porcentaje,14.8
2017,Administración de justicia,Hombre,Bizkaia,Porcentaje,10.5
2018,Administración de justicia,Hombre,Bizkaia,Porcentaje,31.0
2021,Administración de justicia,Hombre,Bizkaia,Porcentaje,18.8
2022,Administración de justicia,Hombre,Bizkaia,Porcentaje,32.0
2023,Administración de justicia,Hombre,Bizkaia,Porcentaje,28.9
2016,Administración de justicia,Hombre,Bizkaia,Porcentaje,12.5
2019,Administración de justicia,Hombre,Bizkaia,Porcentaje,16.7
2016,Administración de justicia,Hombre,Gipuzkoa,Porcentaje,5.3
2018,Administración de justicia,Hombre,Gipuzkoa,Porcentaje,13.6
2019,Administración de justicia,Hombre,Gipuzkoa,Porcentaje,28.6
2020,Administración de justicia,Hombre,Gipuzkoa,Porcentaje,20.0
2021,Administración de justicia,Hombre,Gipuzkoa,Porcentaje,28.9
2022,Administración de justicia,Hombre,Gipuzkoa,Porcentaje,20.7
2023,Administración de justicia,Hombre,Gipuzkoa,Porcentaje,16.6
2017,Administración de justicia,Hombre,Gipuzkoa,Porcentaje,8.3
2012,Seguridad ciudadana,,,Porcentaje,59.3
2015,Seguridad ciudadana,,,Porcentaje,60.2
2011,Seguridad ciudadana,,,Porcentaje,32.2
2023,Seguridad ciudadana,,,Porcentaje,59.5
2013,Seguridad ciudadana,,,Porcentaje,53.6
2021,Seguridad ciudadana,,,Porcentaje,61.5
2014,Seguridad ciudadana,,,Porcentaje,46.1
2017,Seguridad ciudadana,,,Porcentaje,66.9
2018,Seguridad ciudadana,,,Porcentaje,72.6
2020,Seguridad ciudadana,,,Porcentaje,55.3
2022,Seguridad ciudadana,,,Porcentaje,56.2
2016,Seguridad ciudadana,,,Porcentaje,61.7
2019,Seguridad ciudadana,,,Porcentaje,60.2
2016,Seguridad ciudadana,,Araba/Álava,Porcentaje,57.9
2018,Seguridad ciudadana,,Araba/Álava,Porcentaje,73.7
2019,Seguridad ciudadana,,Araba/Álava,Porcentaje,92.3
2017,Seguridad ciudadana,,Araba/Álava,Porcentaje,80.8
2021,Seguridad ciudadana,,Araba/Álava,Porcentaje,53.1
2023,Seguridad ciudadana,,Araba/Álava,Porcentaje,65.7
2020,Seguridad ciudadana,,Araba/Álava,Porcentaje,56.0
2022,Seguridad ciudadana,,Araba/Álava,Porcentaje,37.0
2019,Seguridad ciudadana,,Bizkaia,Porcentaje,50.0
2022,Seguridad ciudadana,,Bizkaia,Porcentaje,69.7
2016,Seguridad ciudadana,,Bizkaia,Porcentaje,60.0
2017,Seguridad ciudadana,,Bizkaia,Porcentaje,51.1
2020,Seguridad ciudadana,,Bizkaia,Porcentaje,56.9
2021,Seguridad ciudadana,,Bizkaia,Porcentaje,72.2
2023,Seguridad ciudadana,,Bizkaia,Porcentaje,61.4
2018,Seguridad ciudadana,,Bizkaia,Porcentaje,67.9
2016,Seguridad ciudadana,,Gipuzkoa,Porcentaje,65.2
2017,Seguridad ciudadana,,Gipuzkoa,Porcentaje,74.5
2022,Seguridad ciudadana,,Gipuzkoa,Porcentaje,53.8
2023,Seguridad ciudadana,,Gipuzkoa,Porcentaje,56.0
2019,Seguridad ciudadana,,Gipuzkoa,Porcentaje,60.7
2021,Seguridad ciudadana,,Gipuzkoa,Porcentaje,57.2
2018,Seguridad ciudadana,,Gipuzkoa,Porcentaje,77.8
2020,Seguridad ciudadana,,Gipuzkoa,Porcentaje,53.6
2021,Seguridad ciudadana,Mujer,,Porcentaje,58.0
2022,Seguridad ciudadana,Mujer,,Porcentaje,51.7
2017,Seguridad ciudadana,Mujer,,Porcentaje,62.7
2018,Seguridad ciudadana,Mujer,,Porcentaje,62.5
2019,Seguridad ciudadana,Mujer,,Porcentaje,58.3
2020,Seguridad ciudadana,Mujer,,Porcentaje,50.0
2016,Seguridad ciudadana,Mujer,,Porcentaje,56.9
2023,Seguridad ciudadana,Mujer,,Porcentaje,56.4
2018,Seguridad ciudadana,Mujer,Araba/Álava,Porcentaje,70.0
2016,Seguridad ciudadana,Mujer,Araba/Álava,Porcentaje,44.4
2017,Seguridad ciudadana,Mujer,Araba/Álava,Porcentaje,75.0
2019,Seguridad ciudadana,Mujer,Araba/Álava,Porcentaje,83.3
2020,Seguridad ciudadana,Mujer,Araba/Álava,Porcentaje,57.1
2021,Seguridad ciudadana,Mujer,Araba/Álava,Porcentaje,33.4
2022,Seguridad ciudadana,Mujer,Araba/Álava,Porcentaje,25.8
2023,Seguridad ciudadana,Mujer,Araba/Álava,Porcentaje,70.7
2016,Seguridad ciudadana,Mujer,Bizkaia,Porcentaje,50.0
2017,Seguridad ciudadana,Mujer,Bizkaia,Porcentaje,44.0
2020,Seguridad ciudadana,Mujer,Bizkaia,Porcentaje,50.0
2021,Seguridad ciudadana,Mujer,Bizkaia,Porcentaje,66.4
2023,Seguridad ciudadana,Mujer,Bizkaia,Porcentaje,51.2
2022,Seguridad ciudadana,Mujer,Bizkaia,Porcentaje,62.8
2018,Seguridad ciudadana,Mujer,Bizkaia,Porcentaje,47.8
2019,Seguridad ciudadana,Mujer,Bizkaia,Porcentaje,43.5
2016,Seguridad ciudadana,Mujer,Gipuzkoa,Porcentaje,68.0
2017,Seguridad ciudadana,Mujer,Gipuzkoa,Porcentaje,77.3
2019,Seguridad ciudadana,Mujer,Gipuzkoa,Porcentaje,64.5
2021,Seguridad ciudadana,Mujer,Gipuzkoa,Porcentaje,56.2
2023,Seguridad ciudadana,Mujer,Gipuzkoa,Porcentaje,56.1
2022,Seguridad ciudadana,Mujer,Gipuzkoa,Porcentaje,52.0
2020,Seguridad ciudadana,Mujer,Gipuzkoa,Porcentaje,46.7
2018,Seguridad ciudadana,Mujer,Gipuzkoa,Porcentaje,73.9
2020,Seguridad ciudadana,Hombre,,Porcentaje,60.9
2019,Seguridad ciudadana,Hombre,,Porcentaje,62.1
2017,Seguridad ciudadana,Hombre,,Porcentaje,71.2
2022,Seguridad ciudadana,Hombre,,Porcentaje,60.6
2023,Seguridad ciudadana,Hombre,,Porcentaje,62.9
2018,Seguridad ciudadana,Hombre,,Porcentaje,82.0
2021,Seguridad ciudadana,Hombre,,Porcentaje,65.6
2016,Seguridad ciudadana,Hombre,,Porcentaje,66.7
2019,Seguridad ciudadana,Hombre,Araba/Álava,Porcentaje,100.0
2016,Seguridad ciudadana,Hombre,Araba/Álava,Porcentaje,70.0
2018,Seguridad ciudadana,Hombre,Araba/Álava,Porcentaje,77.8
2021,Seguridad ciudadana,Hombre,Araba/Álava,Porcentaje,65.6
2023,Seguridad ciudadana,Hombre,Araba/Álava,Porcentaje,62.6
2017,Seguridad ciudadana,Hombre,Araba/Álava,Porcentaje,85.7
2020,Seguridad ciudadana,Hombre,Araba/Álava,Porcentaje,54.5
2022,Seguridad ciudadana,Hombre,Araba/Álava,Porcentaje,49.0
2020,Seguridad ciudadana,Hombre,Bizkaia,Porcentaje,63.0
2022,Seguridad ciudadana,Hombre,Bizkaia,Porcentaje,78.5
2017,Seguridad ciudadana,Hombre,Bizkaia,Porcentaje,60.0
2018,Seguridad ciudadana,Hombre,Bizkaia,Porcentaje,83.3
2019,Seguridad ciudadana,Hombre,Bizkaia,Porcentaje,57.1
2021,Seguridad ciudadana,Hombre,Bizkaia,Porcentaje,80.0
2016,Seguridad ciudadana,Hombre,Bizkaia,Porcentaje,69.2
2023,Seguridad ciudadana,Hombre,Bizkaia,Porcentaje,76.3
2016,Seguridad ciudadana,Hombre,Gipuzkoa,Porcentaje,61.9
2017,Seguridad ciudadana,Hombre,Gipuzkoa,Porcentaje,72.0
2018,Seguridad ciudadana,Hombre,Gipuzkoa,Porcentaje,81.8
2019,Seguridad ciudadana,Hombre,Gipuzkoa,Porcentaje,56.7
2020,Seguridad ciudadana,Hombre,Gipuzkoa,Porcentaje,61.5
2021,Seguridad ciudadana,Hombre,Gipuzkoa,Porcentaje,58.4
2022,Seguridad ciudadana,Hombre,Gipuzkoa,Porcentaje,55.2
2023,Seguridad ciudadana,Hombre,Gipuzkoa,Porcentaje,55.8
2016,Servicios sociales,,,Porcentaje,60.2
2013,Servicios sociales,,,Porcentaje,32.7
2023,Servicios sociales,,,Porcentaje,62.2
2019,Servicios sociales,,,Porcentaje,57.5
2014,Servicios sociales,,,Porcentaje,30.3
2022,Servicios sociales,,,Porcentaje,51.6
2017,Servicios sociales,,,Porcentaje,57.1
2011,Servicios sociales,,,Porcentaje,35.2
2020,Servicios sociales,,,Porcentaje,58.3
2015,Servicios sociales,,,Porcentaje,36.4
2018,Servicios sociales,,,Porcentaje,60.5
2012,Servicios sociales,,,Porcentaje,47.6
2021,Servicios sociales,,,Porcentaje,59.6
2023,Servicios sociales,,Araba/Álava,Porcentaje,62.9
2022,Servicios sociales,,Araba/Álava,Porcentaje,53.5
2019,Servicios sociales,,Araba/Álava,Porcentaje,78.6
2020,Servicios sociales,,Araba/Álava,Porcentaje,44.0
2018,Servicios sociales,,Araba/Álava,Porcentaje,73.7
2021,Servicios sociales,,Araba/Álava,Porcentaje,50.4
2017,Servicios sociales,,Araba/Álava,Porcentaje,69.2
2016,Servicios sociales,,Araba/Álava,Porcentaje,66.7
2023,Servicios sociales,,Bizkaia,Porcentaje,53.9
2022,Servicios sociales,,Bizkaia,Porcentaje,60.1
2021,Servicios sociales,,Bizkaia,Porcentaje,57.2
2017,Servicios sociales,,Bizkaia,Porcentaje,34.1
2019,Servicios sociales,,Bizkaia,Porcentaje,48.7
2018,Servicios sociales,,Bizkaia,Porcentaje,48.1
2020,Servicios sociales,,Bizkaia,Porcentaje,65.3
2016,Servicios sociales,,Bizkaia,Porcentaje,42.9
2022,Servicios sociales,,Gipuzkoa,Porcentaje,46.0
2023,Servicios sociales,,Gipuzkoa,Porcentaje,67.1
2019,Servicios sociales,,Gipuzkoa,Porcentaje,58.3
2021,Servicios sociales,,Gipuzkoa,Porcentaje,62.5
2017,Servicios sociales,,Gipuzkoa,Porcentaje,71.1
2016,Servicios sociales,,Gipuzkoa,Porcentaje,74.4
2020,Servicios sociales,,Gipuzkoa,Porcentaje,58.5
2018,Servicios sociales,,Gipuzkoa,Porcentaje,69.8
2019,Servicios sociales,Mujer,,Porcentaje,54.2
2017,Servicios sociales,Mujer,,Porcentaje,52.6
2022,Servicios sociales,Mujer,,Porcentaje,48.1
2020,Servicios sociales,Mujer,,Porcentaje,54.7
2016,Servicios sociales,Mujer,,Porcentaje,50.0
2018,Servicios sociales,Mujer,,Porcentaje,51.9
2023,Servicios sociales,Mujer,,Porcentaje,54.9
2021,Servicios sociales,Mujer,,Porcentaje,58.5
2016,Servicios sociales,Mujer,Araba/Álava,Porcentaje,55.6
2023,Servicios sociales,Mujer,Araba/Álava,Porcentaje,73.0
2022,Servicios sociales,Mujer,Araba/Álava,Porcentaje,38.6
2017,Servicios sociales,Mujer,Araba/Álava,Porcentaje,75.0
2018,Servicios sociales,Mujer,Araba/Álava,Porcentaje,66.7
2019,Servicios sociales,Mujer,Araba/Álava,Porcentaje,100.0
2020,Servicios sociales,Mujer,Araba/Álava,Porcentaje,40.0
2021,Servicios sociales,Mujer,Araba/Álava,Porcentaje,28.9
2021,Servicios sociales,Mujer,Bizkaia,Porcentaje,50.4
2019,Servicios sociales,Mujer,Bizkaia,Porcentaje,36.4
2016,Servicios sociales,Mujer,Bizkaia,Porcentaje,22.7
2017,Servicios sociales,Mujer,Bizkaia,Porcentaje,29.2
2018,Servicios sociales,Mujer,Bizkaia,Porcentaje,36.4
2020,Servicios sociales,Mujer,Bizkaia,Porcentaje,63.6
2022,Servicios sociales,Mujer,Bizkaia,Porcentaje,59.8
2023,Servicios sociales,Mujer,Bizkaia,Porcentaje,39.4
2023,Servicios sociales,Mujer,Gipuzkoa,Porcentaje,60.3
2016,Servicios sociales,Mujer,Gipuzkoa,Porcentaje,72.0
2020,Servicios sociales,Mujer,Gipuzkoa,Porcentaje,55.6
2017,Servicios sociales,Mujer,Gipuzkoa,Porcentaje,66.7
2018,Servicios sociales,Mujer,Gipuzkoa,Porcentaje,61.9
2019,Servicios sociales,Mujer,Gipuzkoa,Porcentaje,58.1
2021,Servicios sociales,Mujer,Gipuzkoa,Porcentaje,66.5
2022,Servicios sociales,Mujer,Gipuzkoa,Porcentaje,42.4
2019,Servicios sociales,Hombre,,Porcentaje,61.1
2018,Servicios sociales,Hombre,,Porcentaje,67.7
2022,Servicios sociales,Hombre,,Porcentaje,54.8
2017,Servicios sociales,Hombre,,Porcentaje,61.8
2020,Servicios sociales,Hombre,,Porcentaje,61.9
2023,Servicios sociales,Hombre,,Porcentaje,70.6
2021,Servicios sociales,Hombre,,Porcentaje,60.9
2016,Servicios sociales,Hombre,,Porcentaje,72.3
2022,Servicios sociales,Hombre,Araba/Álava,Porcentaje,69.4
2016,Servicios sociales,Hombre,Araba/Álava,Porcentaje,77.8
2018,Servicios sociales,Hombre,Araba/Álava,Porcentaje,80.0
2019,Servicios sociales,Hombre,Araba/Álava,Porcentaje,62.5
2020,Servicios sociales,Hombre,Araba/Álava,Porcentaje,50.0
2023,Servicios sociales,Hombre,Araba/Álava,Porcentaje,56.8
2021,Servicios sociales,Hombre,Araba/Álava,Porcentaje,62.9
2017,Servicios sociales,Hombre,Araba/Álava,Porcentaje,64.3
2019,Servicios sociales,Hombre,Bizkaia,Porcentaje,64.7
2017,Servicios sociales,Hombre,Bizkaia,Porcentaje,41.2
2018,Servicios sociales,Hombre,Bizkaia,Porcentaje,56.7
2020,Servicios sociales,Hombre,Bizkaia,Porcentaje,66.7
2021,Servicios sociales,Hombre,Bizkaia,Porcentaje,67.0
2023,Servicios sociales,Hombre,Bizkaia,Porcentaje,75.9
2016,Servicios sociales,Hombre,Bizkaia,Porcentaje,65.0
2022,Servicios sociales,Hombre,Bizkaia,Porcentaje,60.4
2016,Servicios sociales,Hombre,Gipuzkoa,Porcentaje,77.8
2017,Servicios sociales,Hombre,Gipuzkoa,Porcentaje,75.0
2018,Servicios sociales,Hombre,Gipuzkoa,Porcentaje,77.3
2019,Servicios sociales,Hombre,Gipuzkoa,Porcentaje,58.6
2021,Servicios sociales,Hombre,Gipuzkoa,Porcentaje,57.1
2022,Servicios sociales,Hombre,Gipuzkoa,Porcentaje,48.5
2023,Servicios sociales,Hombre,Gipuzkoa,Porcentaje,75.2
2020,Servicios sociales,Hombre,Gipuzkoa,Porcentaje,61.5
2014,Transporte público,,,Porcentaje,72.6
2019,Transporte público,,,Porcentaje,86.3
2016,Transporte público,,,Porcentaje,83.9
2022,Transporte público,,,Porcentaje,81.0
2017,Transporte público,,,Porcentaje,87.9
2012,Transporte público,,,Porcentaje,78.0
2018,Transporte público,,,Porcentaje,83.1
2015,Transporte público,,,Porcentaje,83.2
2021,Transporte público,,,Porcentaje,85.2
2013,Transporte público,,,Porcentaje,70.2
2011,Transporte público,,,Porcentaje,78.1
2020,Transporte público,,,Porcentaje,82.9
2023,Transporte público,,,Porcentaje,81.2
2022,Transporte público,,Araba/Álava,Porcentaje,63.6
2017,Transporte público,,Araba/Álava,Porcentaje,88.0
2016,Transporte público,,Araba/Álava,Porcentaje,68.4
2021,Transporte público,,Araba/Álava,Porcentaje,83.4
2019,Transporte público,,Araba/Álava,Porcentaje,78.6
2023,Transporte público,,Araba/Álava,Porcentaje,82.9
2020,Transporte público,,Araba/Álava,Porcentaje,72.0
2018,Transporte público,,Araba/Álava,Porcentaje,76.5
2017,Transporte público,,Bizkaia,Porcentaje,86.0
2021,Transporte público,,Bizkaia,Porcentaje,72.7
2020,Transporte público,,Bizkaia,Porcentaje,88.0
2019,Transporte público,,Bizkaia,Porcentaje,86.0
2016,Transporte público,,Bizkaia,Porcentaje,90.0
2023,Transporte público,,Bizkaia,Porcentaje,74.2
2018,Transporte público,,Bizkaia,Porcentaje,80.0
2022,Transporte público,,Bizkaia,Porcentaje,77.5
2023,Transporte público,,Gipuzkoa,Porcentaje,84.6
2020,Transporte público,,Gipuzkoa,Porcentaje,83.3
2017,Transporte público,,Gipuzkoa,Porcentaje,89.6
2018,Transporte público,,Gipuzkoa,Porcentaje,89.1
2021,Transporte público,,Gipuzkoa,Porcentaje,91.8
2016,Transporte público,,Gipuzkoa,Porcentaje,83.7
2019,Transporte público,,Gipuzkoa,Porcentaje,88.3
2022,Transporte público,,Gipuzkoa,Porcentaje,87.9
2019,Transporte público,Mujer,,Porcentaje,87.1
2023,Transporte público,Mujer,,Porcentaje,80.8
2021,Transporte público,Mujer,,Porcentaje,83.7
2022,Transporte público,Mujer,,Porcentaje,78.0
2020,Transporte público,Mujer,,Porcentaje,83.3
2016,Transporte público,Mujer,,Porcentaje,86.9
2018,Transporte público,Mujer,,Porcentaje,86.0
2017,Transporte público,Mujer,,Porcentaje,86.2
2020,Transporte público,Mujer,Araba/Álava,Porcentaje,76.9
2022,Transporte público,Mujer,Araba/Álava,Porcentaje,58.8
2023,Transporte público,Mujer,Araba/Álava,Porcentaje,72.3
2018,Transporte público,Mujer,Araba/Álava,Porcentaje,87.5
2019,Transporte público,Mujer,Araba/Álava,Porcentaje,66.7
2021,Transporte público,Mujer,Araba/Álava,Porcentaje,70.9
2016,Transporte público,Mujer,Araba/Álava,Porcentaje,66.7
2017,Transporte público,Mujer,Araba/Álava,Porcentaje,81.8
2017,Transporte público,Mujer,Bizkaia,Porcentaje,78.3
2016,Transporte público,Mujer,Bizkaia,Porcentaje,91.7
2019,Transporte público,Mujer,Bizkaia,Porcentaje,82.6
2020,Transporte público,Mujer,Bizkaia,Porcentaje,87.5
2022,Transporte público,Mujer,Bizkaia,Porcentaje,74.6
2018,Transporte público,Mujer,Bizkaia,Porcentaje,76.0
2023,Transporte público,Mujer,Bizkaia,Porcentaje,73.9
2021,Transporte público,Mujer,Bizkaia,Porcentaje,68.4
2023,Transporte público,Mujer,Gipuzkoa,Porcentaje,87.4
2017,Transporte público,Mujer,Gipuzkoa,Porcentaje,95.8
2021,Transporte público,Mujer,Gipuzkoa,Porcentaje,92.6
2016,Transporte público,Mujer,Gipuzkoa,Porcentaje,89.3
2018,Transporte público,Mujer,Gipuzkoa,Porcentaje,95.8
2019,Transporte público,Mujer,Gipuzkoa,Porcentaje,93.9
2020,Transporte público,Mujer,Gipuzkoa,Porcentaje,82.8
2022,Transporte público,Mujer,Gipuzkoa,Porcentaje,86.0
2022,Transporte público,Hombre,,Porcentaje,84.2
2020,Transporte público,Hombre,,Porcentaje,82.5
2018,Transporte público,Hombre,,Porcentaje,80.3
2016,Transporte público,Hombre,,Porcentaje,80.7
2019,Transporte público,Hombre,,Porcentaje,85.5
2021,Transporte público,Hombre,,Porcentaje,86.9
2017,Transporte público,Hombre,,Porcentaje,89.7
2023,Transporte público,Hombre,,Porcentaje,81.8
2019,Transporte público,Hombre,Araba/Álava,Porcentaje,87.5
2021,Transporte público,Hombre,Araba/Álava,Porcentaje,91.4
2018,Transporte público,Hombre,Araba/Álava,Porcentaje,66.7
2022,Transporte público,Hombre,Araba/Álava,Porcentaje,68.6
2016,Transporte público,Hombre,Araba/Álava,Porcentaje,70.0
2020,Transporte público,Hombre,Araba/Álava,Porcentaje,66.7
2023,Transporte público,Hombre,Araba/Álava,Porcentaje,89.8
2017,Transporte público,Hombre,Araba/Álava,Porcentaje,92.9
2016,Transporte público,Hombre,Bizkaia,Porcentaje,88.5
2018,Transporte público,Hombre,Bizkaia,Porcentaje,83.3
2019,Transporte público,Hombre,Bizkaia,Porcentaje,90.0
2020,Transporte público,Hombre,Bizkaia,Porcentaje,88.5
2022,Transporte público,Hombre,Bizkaia,Porcentaje,81.1
2023,Transporte público,Hombre,Bizkaia,Porcentaje,74.8
2021,Transporte público,Hombre,Bizkaia,Porcentaje,77.6
2017,Transporte público,Hombre,Bizkaia,Porcentaje,95.0
2019,Transporte público,Hombre,Gipuzkoa,Porcentaje,81.5
2016,Transporte público,Hombre,Gipuzkoa,Porcentaje,76.2
2017,Transporte público,Hombre,Gipuzkoa,Porcentaje,83.3
2018,Transporte público,Hombre,Gipuzkoa,Porcentaje,81.8
2020,Transporte público,Hombre,Gipuzkoa,Porcentaje,84.0
2022,Transporte público,Hombre,Gipuzkoa,Porcentaje,89.6
2023,Transporte público,Hombre,Gipuzkoa,Porcentaje,81.4
2021,Transporte público,Hombre,Gipuzkoa,Porcentaje,90.8
2019,Obras públicas,,,Porcentaje,65.2
2022,Obras públicas,,,Porcentaje,51.2
2013,Obras públicas,,,Porcentaje,50.0
2012,Obras públicas,,,Porcentaje,57.3
2017,Obras públicas,,,Porcentaje,66.4
2014,Obras públicas,,,Porcentaje,52.3
2018,Obras públicas,,,Porcentaje,62.8
2016,Obras públicas,,,Porcentaje,58.2
2011,Obras públicas,,,Porcentaje,59.8
2023,Obras públicas,,,Porcentaje,66.5
2020,Obras públicas,,,Porcentaje,56.9
2021,Obras públicas,,,Porcentaje,63.4
2015,Obras públicas,,,Porcentaje,55.0
2021,Obras públicas,,Araba/Álava,Porcentaje,29.2
2020,Obras públicas,,Araba/Álava,Porcentaje,51.9
2018,Obras públicas,,Araba/Álava,Porcentaje,47.4
2019,Obras públicas,,Araba/Álava,Porcentaje,64.3
2022,Obras públicas,,Araba/Álava,Porcentaje,33.5
2016,Obras públicas,,Araba/Álava,Porcentaje,52.6
2023,Obras públicas,,Araba/Álava,Porcentaje,59.5
2017,Obras públicas,,Araba/Álava,Porcentaje,72.0
2017,Obras públicas,,Bizkaia,Porcentaje,76.2
2019,Obras públicas,,Bizkaia,Porcentaje,64.3
2023,Obras públicas,,Bizkaia,Porcentaje,52.7
2021,Obras públicas,,Bizkaia,Porcentaje,65.8
2018,Obras públicas,,Bizkaia,Porcentaje,72.5
2022,Obras públicas,,Bizkaia,Porcentaje,51.0
2016,Obras públicas,,Bizkaia,Porcentaje,54.3
2020,Obras públicas,,Bizkaia,Porcentaje,68.1
2021,Obras públicas,,Gipuzkoa,Porcentaje,68.3
2017,Obras públicas,,Gipuzkoa,Porcentaje,54.3
2018,Obras públicas,,Gipuzkoa,Porcentaje,58.1
2019,Obras públicas,,Gipuzkoa,Porcentaje,66.1
2022,Obras públicas,,Gipuzkoa,Porcentaje,56.4
2016,Obras públicas,,Gipuzkoa,Porcentaje,64.4
2023,Obras públicas,,Gipuzkoa,Porcentaje,77.7
2020,Obras públicas,,Gipuzkoa,Porcentaje,50.0
2020,Obras públicas,Mujer,,Porcentaje,52.3
2019,Obras públicas,Mujer,,Porcentaje,62.5
2022,Obras públicas,Mujer,,Porcentaje,51.1
2023,Obras públicas,Mujer,,Porcentaje,64.1
2017,Obras públicas,Mujer,,Porcentaje,66.1
2021,Obras públicas,Mujer,,Porcentaje,64.0
2018,Obras públicas,Mujer,,Porcentaje,56.6
2016,Obras públicas,Mujer,,Porcentaje,56.4
2017,Obras públicas,Mujer,Araba/Álava,Porcentaje,45.5
2016,Obras públicas,Mujer,Araba/Álava,Porcentaje,55.6
2018,Obras públicas,Mujer,Araba/Álava,Porcentaje,50.0
2019,Obras públicas,Mujer,Araba/Álava,Porcentaje,66.7
2020,Obras públicas,Mujer,Araba/Álava,Porcentaje,53.3
2022,Obras públicas,Mujer,Araba/Álava,Porcentaje,30.4
2023,Obras públicas,Mujer,Araba/Álava,Porcentaje,61.4
2021,Obras públicas,Mujer,Araba/Álava,Porcentaje,15.4
2022,Obras públicas,Mujer,Bizkaia,Porcentaje,52.5
2019,Obras públicas,Mujer,Bizkaia,Porcentaje,52.2
2021,Obras públicas,Mujer,Bizkaia,Porcentaje,72.9
2020,Obras públicas,Mujer,Bizkaia,Porcentaje,60.0
2016,Obras públicas,Mujer,Bizkaia,Porcentaje,38.1
2018,Obras públicas,Mujer,Bizkaia,Porcentaje,63.6
2023,Obras públicas,Mujer,Bizkaia,Porcentaje,46.1
2017,Obras públicas,Mujer,Bizkaia,Porcentaje,78.3
2017,Obras públicas,Mujer,Gipuzkoa,Porcentaje,63.6
2016,Obras públicas,Mujer,Gipuzkoa,Porcentaje,72.0
2018,Obras públicas,Mujer,Gipuzkoa,Porcentaje,52.4
2019,Obras públicas,Mujer,Gipuzkoa,Porcentaje,70.4
2020,Obras públicas,Mujer,Gipuzkoa,Porcentaje,46.7
2022,Obras públicas,Mujer,Gipuzkoa,Porcentaje,56.9
2023,Obras públicas,Mujer,Gipuzkoa,Porcentaje,77.3
2021,Obras públicas,Mujer,Gipuzkoa,Porcentaje,65.0
2019,Obras públicas,Hombre,,Porcentaje,67.9
2021,Obras públicas,Hombre,,Porcentaje,62.8
2016,Obras públicas,Hombre,,Porcentaje,60.0
2022,Obras públicas,Hombre,,Porcentaje,51.3
2020,Obras públicas,Hombre,,Porcentaje,61.5
2017,Obras públicas,Hombre,,Porcentaje,66.7
2023,Obras públicas,Hombre,,Porcentaje,69.1
2018,Obras públicas,Hombre,,Porcentaje,68.3
2019,Obras públicas,Hombre,Araba/Álava,Porcentaje,62.5
2021,Obras públicas,Hombre,Araba/Álava,Porcentaje,37.3
2023,Obras públicas,Hombre,Araba/Álava,Porcentaje,58.4
2020,Obras públicas,Hombre,Araba/Álava,Porcentaje,50.0
2016,Obras públicas,Hombre,Araba/Álava,Porcentaje,50.0
2018,Obras públicas,Hombre,Araba/Álava,Porcentaje,44.4
2022,Obras públicas,Hombre,Araba/Álava,Porcentaje,36.6
2017,Obras públicas,Hombre,Araba/Álava,Porcentaje,92.9
2016,Obras públicas,Hombre,Bizkaia,Porcentaje,68.0
2017,Obras públicas,Hombre,Bizkaia,Porcentaje,73.7
2018,Obras públicas,Hombre,Bizkaia,Porcentaje,79.3
2019,Obras públicas,Hombre,Bizkaia,Porcentaje,78.9
2020,Obras públicas,Hombre,Bizkaia,Porcentaje,74.1
2021,Obras públicas,Hombre,Bizkaia,Porcentaje,56.9
2022,Obras públicas,Hombre,Bizkaia,Porcentaje,49.1
2023,Obras públicas,Hombre,Bizkaia,Porcentaje,62.8
2017,Obras públicas,Hombre,Gipuzkoa,Porcentaje,45.8
2016,Obras públicas,Hombre,Gipuzkoa,Porcentaje,55.0
2018,Obras públicas,Hombre,Gipuzkoa,Porcentaje,63.6
2020,Obras públicas,Hombre,Gipuzkoa,Porcentaje,53.8
2022,Obras públicas,Hombre,Gipuzkoa,Porcentaje,56.0
2023,Obras públicas,Hombre,Gipuzkoa,Porcentaje,78.1
2021,Obras públicas,Hombre,Gipuzkoa,Porcentaje,72.2
2019,Obras públicas,Hombre,Gipuzkoa,Porcentaje,62.1
2023,Ayuda a personas dependientes,,,Porcentaje,38.7
2020,Ayuda a personas dependientes,,,Porcentaje,40.5
2019,Ayuda a personas dependientes,,,Porcentaje,42.2
2021,Ayuda a personas dependientes,,,Porcentaje,40.5
2011,Ayuda a personas dependientes,,,Porcentaje,37.3
2014,Ayuda a personas dependientes,,,Porcentaje,12.6
2016,Ayuda a personas dependientes,,,Porcentaje,27.0
2013,Ayuda a personas dependientes,,,Porcentaje,24.8
2022,Ayuda a personas dependientes,,,Porcentaje,40.8
2018,Ayuda a personas dependientes,,,Porcentaje,43.6
2012,Ayuda a personas dependientes,,,Porcentaje,28.7
2015,Ayuda a personas dependientes,,,Porcentaje,22.3
2017,Ayuda a personas dependientes,,,Porcentaje,29.8
2023,Ayuda a personas dependientes,,Araba/Álava,Porcentaje,36.6
2021,Ayuda a personas dependientes,,Araba/Álava,Porcentaje,41.0
2019,Ayuda a personas dependientes,,Araba/Álava,Porcentaje,66.7
2022,Ayuda a personas dependientes,,Araba/Álava,Porcentaje,49.4
2016,Ayuda a personas dependientes,,Araba/Álava,Porcentaje,6.7
2018,Ayuda a personas dependientes,,Araba/Álava,Porcentaje,37.5
2020,Ayuda a personas dependientes,,Araba/Álava,Porcentaje,46.4
2017,Ayuda a personas dependientes,,Araba/Álava,Porcentaje,13.0
2020,Ayuda a personas dependientes,,Bizkaia,Porcentaje,34.8
2016,Ayuda a personas dependientes,,Bizkaia,Porcentaje,23.8
2019,Ayuda a personas dependientes,,Bizkaia,Porcentaje,30.8
2022,Ayuda a personas dependientes,,Bizkaia,Porcentaje,41.1
2018,Ayuda a personas dependientes,,Bizkaia,Porcentaje,46.5
2021,Ayuda a personas dependientes,,Bizkaia,Porcentaje,47.9
2017,Ayuda a personas dependientes,,Bizkaia,Porcentaje,25.6
2023,Ayuda a personas dependientes,,Bizkaia,Porcentaje,43.5
2022,Ayuda a personas dependientes,,Gipuzkoa,Porcentaje,38.0
2017,Ayuda a personas dependientes,,Gipuzkoa,Porcentaje,42.9
2019,Ayuda a personas dependientes,,Gipuzkoa,Porcentaje,44.8
2018,Ayuda a personas dependientes,,Gipuzkoa,Porcentaje,42.9
2016,Ayuda a personas dependientes,,Gipuzkoa,Porcentaje,37.2
2021,Ayuda a personas dependientes,,Gipuzkoa,Porcentaje,36.8
2023,Ayuda a personas dependientes,,Gipuzkoa,Porcentaje,36.7
2020,Ayuda a personas dependientes,,Gipuzkoa,Porcentaje,42.3
2017,Ayuda a personas dependientes,Mujer,,Porcentaje,27.5
2022,Ayuda a personas dependientes,Mujer,,Porcentaje,35.0
2018,Ayuda a personas dependientes,Mujer,,Porcentaje,42.0
2016,Ayuda a personas dependientes,Mujer,,Porcentaje,22.2
2021,Ayuda a personas dependientes,Mujer,,Porcentaje,42.8
2023,Ayuda a personas dependientes,Mujer,,Porcentaje,39.3
2019,Ayuda a personas dependientes,Mujer,,Porcentaje,38.3
2020,Ayuda a personas dependientes,Mujer,,Porcentaje,32.3
2016,Ayuda a personas dependientes,Mujer,Araba/Álava,Porcentaje,14.3
2018,Ayuda a personas dependientes,Mujer,Araba/Álava,Porcentaje,33.3
2017,Ayuda a personas dependientes,Mujer,Araba/Álava,Porcentaje,10.0
2019,Ayuda a personas dependientes,Mujer,Araba/Álava,Porcentaje,66.7
2020,Ayuda a personas dependientes,Mujer,Araba/Álava,Porcentaje,31.3
2022,Ayuda a personas dependientes,Mujer,Araba/Álava,Porcentaje,51.5
2023,Ayuda a personas dependientes,Mujer,Araba/Álava,Porcentaje,33.7
2021,Ayuda a personas dependientes,Mujer,Araba/Álava,Porcentaje,44.3
2016,Ayuda a personas dependientes,Mujer,Bizkaia,Porcentaje,12.5
2023,Ayuda a personas dependientes,Mujer,Bizkaia,Porcentaje,45.1
2018,Ayuda a personas dependientes,Mujer,Bizkaia,Porcentaje,42.1
2019,Ayuda a personas dependientes,Mujer,Bizkaia,Porcentaje,27.3
2017,Ayuda a personas dependientes,Mujer,Bizkaia,Porcentaje,19.0
2021,Ayuda a personas dependientes,Mujer,Bizkaia,Porcentaje,55.6
2022,Ayuda a personas dependientes,Mujer,Bizkaia,Porcentaje,36.2
2020,Ayuda a personas dependientes,Mujer,Bizkaia,Porcentaje,28.6
2022,Ayuda a personas dependientes,Mujer,Gipuzkoa,Porcentaje,28.7
2023,Ayuda a personas dependientes,Mujer,Gipuzkoa,Porcentaje,37.0
2020,Ayuda a personas dependientes,Mujer,Gipuzkoa,Porcentaje,35.7
2019,Ayuda a personas dependientes,Mujer,Gipuzkoa,Porcentaje,40.6
2018,Ayuda a personas dependientes,Mujer,Gipuzkoa,Porcentaje,45.5
2021,Ayuda a personas dependientes,Mujer,Gipuzkoa,Porcentaje,35.8
2016,Ayuda a personas dependientes,Mujer,Gipuzkoa,Porcentaje,34.8
2017,Ayuda a personas dependientes,Mujer,Gipuzkoa,Porcentaje,45.0
2016,Ayuda a personas dependientes,Hombre,,Porcentaje,32.6
2021,Ayuda a personas dependientes,Hombre,,Porcentaje,37.9
2023,Ayuda a personas dependientes,Hombre,,Porcentaje,38.1
2022,Ayuda a personas dependientes,Hombre,,Porcentaje,47.2
2018,Ayuda a personas dependientes,Hombre,,Porcentaje,45.1
2019,Ayuda a personas dependientes,Hombre,,Porcentaje,46.9
2017,Ayuda a personas dependientes,Hombre,,Porcentaje,32.1
2020,Ayuda a personas dependientes,Hombre,,Porcentaje,49.2
2023,Ayuda a personas dependientes,Hombre,Araba/Álava,Porcentaje,38.6
2020,Ayuda a personas dependientes,Hombre,Araba/Álava,Porcentaje,66.7
2022,Ayuda a personas dependientes,Hombre,Araba/Álava,Porcentaje,47.2
2021,Ayuda a personas dependientes,Hombre,Araba/Álava,Porcentaje,39.0
2019,Ayuda a personas dependientes,Hombre,Araba/Álava,Porcentaje,66.7
2017,Ayuda a personas dependientes,Hombre,Araba/Álava,Porcentaje,15.4
2018,Ayuda a personas dependientes,Hombre,Araba/Álava,Porcentaje,42.9
2018,Ayuda a personas dependientes,Hombre,Bizkaia,Porcentaje,50.0
2020,Ayuda a personas dependientes,Hombre,Bizkaia,Porcentaje,40.0
2016,Ayuda a personas dependientes,Hombre,Bizkaia,Porcentaje,38.9
2022,Ayuda a personas dependientes,Hombre,Bizkaia,Porcentaje,50.0
2017,Ayuda a personas dependientes,Hombre,Bizkaia,Porcentaje,33.3
2019,Ayuda a personas dependientes,Hombre,Bizkaia,Porcentaje,35.3
2021,Ayuda a personas dependientes,Hombre,Bizkaia,Porcentaje,36.8
2023,Ayuda a personas dependientes,Hombre,Bizkaia,Porcentaje,41.1
2020,Ayuda a personas dependientes,Hombre,Gipuzkoa,Porcentaje,50.0
2017,Ayuda a personas dependientes,Hombre,Gipuzkoa,Porcentaje,40.9
2023,Ayuda a personas dependientes,Hombre,Gipuzkoa,Porcentaje,36.2
2022,Ayuda a personas dependientes,Hombre,Gipuzkoa,Porcentaje,46.2
2021,Ayuda a personas dependientes,Hombre,Gipuzkoa,Porcentaje,38.1
2018,Ayuda a personas dependientes,Hombre,Gipuzkoa,Porcentaje,40.0
2016,Ayuda a personas dependientes,Hombre,Gipuzkoa,Porcentaje,40.0
2019,Ayuda a personas dependientes,Hombre,Gipuzkoa,Porcentaje,50.0
