Year,Zerbitzu publikoak,Sexua,Lurralde historikoa,Units,Value
2018,,,,Porcentaje,57.4
2017,,,,Porcentaje,57.4
2019,,,,Porcentaje,57.3
2013,,,,Porcentaje,40.2
2020,,,,Porcentaje,54.1
2023,,,,Porcentaje,56.8
2022,,,,Porcentaje,51.0
2015,,,,Porcentaje,46.3
2014,,,,Porcentaje,41.2
2016,,,,Porcentaje,50.4
2011,,,,Porcentaje,47.7
2012,,,,Porcentaje,50.3
2021,,,,Porcentaje,55.1
2022,,,Araba / Álava,Porcentaje,42.7
2017,,,Araba / Álava,Porcentaje,60.5
2019,,,Araba / Álava,Porcentaje,54.8
2016,,,Araba / Álava,Porcentaje,49.6
2021,,,Araba / Álava,Porcentaje,48.2
2023,,,Araba / Álava,Porcentaje,55.7
2020,,,Araba / Álava,Porcentaje,47.3
2018,,,Araba / Álava,Porcentaje,56.0
2022,,,Bizkaia,Porcentaje,54.9
2018,,,Bizkaia,Porcentaje,55.7
2017,,,Bizkaia,Porcentaje,50.4
2020,,,Bizkaia,Porcentaje,56.9
2016,,,Bizkaia,Porcentaje,45.0
2021,,,Bizkaia,Porcentaje,57.9
2019,,,Bizkaia,Porcentaje,51.2
2023,,,Bizkaia,Porcentaje,53.1
2017,,,Gipuzkoa,Porcentaje,62.1
2019,,,Gipuzkoa,Porcentaje,61.6
2022,,,Gipuzkoa,Porcentaje,51.0
2018,,,Gipuzkoa,Porcentaje,59.8
2023,,,Gipuzkoa,Porcentaje,59.4
2021,,,Gipuzkoa,Porcentaje,54.8
2016,,,Gipuzkoa,Porcentaje,55.9
2020,,,Gipuzkoa,Porcentaje,54.9
2022,,Emakumea,,Porcentaje,49.1
2017,,Emakumea,,Porcentaje,57.0
2016,,Emakumea,,Porcentaje,46.6
2021,,Emakumea,,Porcentaje,53.1
2023,,Emakumea,,Porcentaje,54.8
2019,,Emakumea,,Porcentaje,54.6
2018,,Emakumea,,Porcentaje,54.5
2020,,Emakumea,,Porcentaje,50.2
2017,,Emakumea,Araba / Álava,Porcentaje,56.2
2020,,Emakumea,Araba / Álava,Porcentaje,44.6
2021,,Emakumea,Araba / Álava,Porcentaje,32.2
2018,,Emakumea,Araba / Álava,Porcentaje,58.0
2023,,Emakumea,Araba / Álava,Porcentaje,56.8
2022,,Emakumea,Araba / Álava,Porcentaje,41.2
2019,,Emakumea,Araba / Álava,Porcentaje,52.2
2016,,Emakumea,Araba / Álava,Porcentaje,48.0
2022,,Emakumea,Bizkaia,Porcentaje,54.7
2019,,Emakumea,Bizkaia,Porcentaje,45.0
2017,,Emakumea,Bizkaia,Porcentaje,47.6
2021,,Emakumea,Bizkaia,Porcentaje,55.5
2018,,Emakumea,Bizkaia,Porcentaje,49.1
2016,,Emakumea,Bizkaia,Porcentaje,36.8
2023,,Emakumea,Bizkaia,Porcentaje,48.4
2020,,Emakumea,Bizkaia,Porcentaje,52.2
2020,,Emakumea,Gipuzkoa,Porcentaje,51.6
2023,,Emakumea,Gipuzkoa,Porcentaje,58.6
2017,,Emakumea,Gipuzkoa,Porcentaje,67.3
2022,,Emakumea,Gipuzkoa,Porcentaje,47.6
2018,,Emakumea,Gipuzkoa,Porcentaje,58.5
2021,,Emakumea,Gipuzkoa,Porcentaje,54.0
2019,,Emakumea,Gipuzkoa,Porcentaje,61.4
2016,,Emakumea,Gipuzkoa,Porcentaje,55.2
2022,,Gizona,,Porcentaje,52.8
2017,,Gizona,,Porcentaje,57.8
2023,,Gizona,,Porcentaje,59.0
2021,,Gizona,,Porcentaje,57.5
2016,,Gizona,,Porcentaje,54.6
2018,,Gizona,,Porcentaje,59.9
2020,,Gizona,,Porcentaje,58.3
2019,,Gizona,,Porcentaje,60.3
2021,,Gizona,Araba / Álava,Porcentaje,57.9
2016,,Gizona,Araba / Álava,Porcentaje,51.1
2023,,Gizona,Araba / Álava,Porcentaje,55.0
2022,,Gizona,Araba / Álava,Porcentaje,44.4
2019,,Gizona,Araba / Álava,Porcentaje,56.8
2017,,Gizona,Araba / Álava,Porcentaje,63.9
2018,,Gizona,Araba / Álava,Porcentaje,53.8
2020,,Gizona,Araba / Álava,Porcentaje,51.1
2016,,Gizona,Bizkaia,Porcentaje,53.7
2022,,Gizona,Bizkaia,Porcentaje,55.8
2017,,Gizona,Bizkaia,Porcentaje,54.0
2020,,Gizona,Bizkaia,Porcentaje,61.0
2018,,Gizona,Bizkaia,Porcentaje,60.8
2023,,Gizona,Bizkaia,Porcentaje,60.0
2019,,Gizona,Bizkaia,Porcentaje,59.0
2021,,Gizona,Bizkaia,Porcentaje,61.3
2020,,Gizona,Gipuzkoa,Porcentaje,58.6
2021,,Gizona,Gipuzkoa,Porcentaje,55.6
2017,,Gizona,Gipuzkoa,Porcentaje,57.4
2022,,Gizona,Gipuzkoa,Porcentaje,53.7
2018,,Gizona,Gipuzkoa,Porcentaje,61.1
2023,,Gizona,Gipuzkoa,Porcentaje,60.5
2019,,Gizona,Gipuzkoa,Porcentaje,62.0
2016,,Gizona,Gipuzkoa,Porcentaje,56.9
2018,Irakaskuntza,,,Porcentaje,70.9
2013,Irakaskuntza,,,Porcentaje,45.5
2016,Irakaskuntza,,,Porcentaje,60.0
2023,Irakaskuntza,,,Porcentaje,65.3
2022,Irakaskuntza,,,Porcentaje,60.9
2020,Irakaskuntza,,,Porcentaje,56.5
2015,Irakaskuntza,,,Porcentaje,59.4
2014,Irakaskuntza,,,Porcentaje,54.0
2012,Irakaskuntza,,,Porcentaje,66.0
2019,Irakaskuntza,,,Porcentaje,72.2
2011,Irakaskuntza,,,Porcentaje,66.7
2021,Irakaskuntza,,,Porcentaje,54.4
2017,Irakaskuntza,,,Porcentaje,69.5
2020,Irakaskuntza,,Araba / Álava,Porcentaje,33.3
2017,Irakaskuntza,,Araba / Álava,Porcentaje,60.0
2018,Irakaskuntza,,Araba / Álava,Porcentaje,76.5
2021,Irakaskuntza,,Araba / Álava,Porcentaje,61.2
2016,Irakaskuntza,,Araba / Álava,Porcentaje,77.8
2023,Irakaskuntza,,Araba / Álava,Porcentaje,57.0
2019,Irakaskuntza,,Araba / Álava,Porcentaje,41.7
2022,Irakaskuntza,,Araba / Álava,Porcentaje,42.0
2019,Irakaskuntza,,Bizkaia,Porcentaje,69.0
2023,Irakaskuntza,,Bizkaia,Porcentaje,66.2
2017,Irakaskuntza,,Bizkaia,Porcentaje,72.2
2021,Irakaskuntza,,Bizkaia,Porcentaje,53.2
2018,Irakaskuntza,,Bizkaia,Porcentaje,58.3
2016,Irakaskuntza,,Bizkaia,Porcentaje,48.8
2022,Irakaskuntza,,Bizkaia,Porcentaje,63.9
2020,Irakaskuntza,,Bizkaia,Porcentaje,58.8
2017,Irakaskuntza,,Gipuzkoa,Porcentaje,72.7
2018,Irakaskuntza,,Gipuzkoa,Porcentaje,82.2
2016,Irakaskuntza,,Gipuzkoa,Porcentaje,63.6
2022,Irakaskuntza,,Gipuzkoa,Porcentaje,64.4
2019,Irakaskuntza,,Gipuzkoa,Porcentaje,80.3
2023,Irakaskuntza,,Gipuzkoa,Porcentaje,67.7
2020,Irakaskuntza,,Gipuzkoa,Porcentaje,66.0
2021,Irakaskuntza,,Gipuzkoa,Porcentaje,53.9
2022,Irakaskuntza,Emakumea,,Porcentaje,63.0
2019,Irakaskuntza,Emakumea,,Porcentaje,68.9
2021,Irakaskuntza,Emakumea,,Porcentaje,59.6
2023,Irakaskuntza,Emakumea,,Porcentaje,67.2
2018,Irakaskuntza,Emakumea,,Porcentaje,70.4
2017,Irakaskuntza,Emakumea,,Porcentaje,70.6
2016,Irakaskuntza,Emakumea,,Porcentaje,51.9
2020,Irakaskuntza,Emakumea,,Porcentaje,50.7
2021,Irakaskuntza,Emakumea,Araba / Álava,Porcentaje,52.7
2023,Irakaskuntza,Emakumea,Araba / Álava,Porcentaje,53.7
2018,Irakaskuntza,Emakumea,Araba / Álava,Porcentaje,80.0
2017,Irakaskuntza,Emakumea,Araba / Álava,Porcentaje,63.6
2019,Irakaskuntza,Emakumea,Araba / Álava,Porcentaje,20.0
2016,Irakaskuntza,Emakumea,Araba / Álava,Porcentaje,77.8
2020,Irakaskuntza,Emakumea,Araba / Álava,Porcentaje,20.0
2022,Irakaskuntza,Emakumea,Araba / Álava,Porcentaje,38.6
2016,Irakaskuntza,Emakumea,Bizkaia,Porcentaje,42.9
2021,Irakaskuntza,Emakumea,Bizkaia,Porcentaje,55.1
2019,Irakaskuntza,Emakumea,Bizkaia,Porcentaje,60.9
2022,Irakaskuntza,Emakumea,Bizkaia,Porcentaje,74.0
2023,Irakaskuntza,Emakumea,Bizkaia,Porcentaje,70.0
2018,Irakaskuntza,Emakumea,Bizkaia,Porcentaje,57.1
2017,Irakaskuntza,Emakumea,Bizkaia,Porcentaje,72.2
2020,Irakaskuntza,Emakumea,Bizkaia,Porcentaje,50.0
2018,Irakaskuntza,Emakumea,Gipuzkoa,Porcentaje,78.3
2023,Irakaskuntza,Emakumea,Gipuzkoa,Porcentaje,69.1
2016,Irakaskuntza,Emakumea,Gipuzkoa,Porcentaje,50.0
2021,Irakaskuntza,Emakumea,Gipuzkoa,Porcentaje,63.0
2019,Irakaskuntza,Emakumea,Gipuzkoa,Porcentaje,81.8
2020,Irakaskuntza,Emakumea,Gipuzkoa,Porcentaje,66.7
2017,Irakaskuntza,Emakumea,Gipuzkoa,Porcentaje,72.7
2022,Irakaskuntza,Emakumea,Gipuzkoa,Porcentaje,62.9
2023,Irakaskuntza,Gizona,,Porcentaje,63.0
2019,Irakaskuntza,Gizona,,Porcentaje,75.9
2016,Irakaskuntza,Gizona,,Porcentaje,68.6
2017,Irakaskuntza,Gizona,,Porcentaje,68.5
2022,Irakaskuntza,Gizona,,Porcentaje,58.9
2020,Irakaskuntza,Gizona,,Porcentaje,62.9
2021,Irakaskuntza,Gizona,,Porcentaje,47.9
2018,Irakaskuntza,Gizona,,Porcentaje,71.4
2017,Irakaskuntza,Gizona,Araba / Álava,Porcentaje,57.1
2019,Irakaskuntza,Gizona,Araba / Álava,Porcentaje,57.1
2020,Irakaskuntza,Gizona,Araba / Álava,Porcentaje,50.0
2016,Irakaskuntza,Gizona,Araba / Álava,Porcentaje,77.8
2021,Irakaskuntza,Gizona,Araba / Álava,Porcentaje,66.9
2018,Irakaskuntza,Gizona,Araba / Álava,Porcentaje,71.4
2023,Irakaskuntza,Gizona,Araba / Álava,Porcentaje,59.1
2022,Irakaskuntza,Gizona,Araba / Álava,Porcentaje,45.6
2020,Irakaskuntza,Gizona,Bizkaia,Porcentaje,66.7
2021,Irakaskuntza,Gizona,Bizkaia,Porcentaje,50.6
2019,Irakaskuntza,Gizona,Bizkaia,Porcentaje,78.9
2022,Irakaskuntza,Gizona,Bizkaia,Porcentaje,51.2
2023,Irakaskuntza,Gizona,Bizkaia,Porcentaje,60.8
2016,Irakaskuntza,Gizona,Bizkaia,Porcentaje,54.5
2018,Irakaskuntza,Gizona,Bizkaia,Porcentaje,59.3
2017,Irakaskuntza,Gizona,Bizkaia,Porcentaje,72.2
2021,Irakaskuntza,Gizona,Gipuzkoa,Porcentaje,42.1
2017,Irakaskuntza,Gizona,Gipuzkoa,Porcentaje,72.7
2020,Irakaskuntza,Gizona,Gipuzkoa,Porcentaje,65.2
2022,Irakaskuntza,Gizona,Gipuzkoa,Porcentaje,65.7
2019,Irakaskuntza,Gizona,Gipuzkoa,Porcentaje,78.6
2023,Irakaskuntza,Gizona,Gipuzkoa,Porcentaje,66.1
2018,Irakaskuntza,Gizona,Gipuzkoa,Porcentaje,86.4
2016,Irakaskuntza,Gizona,Gipuzkoa,Porcentaje,80.0
2017,Osasun-arreta,,,Porcentaje,79.0
2013,Osasun-arreta,,,Porcentaje,50.9
2018,Osasun-arreta,,,Porcentaje,84.3
2011,Osasun-arreta,,,Porcentaje,73.1
2014,Osasun-arreta,,,Porcentaje,69.5
2019,Osasun-arreta,,,Porcentaje,81.5
2022,Osasun-arreta,,,Porcentaje,59.5
2021,Osasun-arreta,,,Porcentaje,75.0
2023,Osasun-arreta,,,Porcentaje,62.7
2020,Osasun-arreta,,,Porcentaje,77.2
2012,Osasun-arreta,,,Porcentaje,70.1
2016,Osasun-arreta,,,Porcentaje,67.2
2015,Osasun-arreta,,,Porcentaje,67.5
2017,Osasun-arreta,,Araba / Álava,Porcentaje,73.1
2023,Osasun-arreta,,Araba / Álava,Porcentaje,63.2
2019,Osasun-arreta,,Araba / Álava,Porcentaje,71.4
2021,Osasun-arreta,,Araba / Álava,Porcentaje,79.5
2016,Osasun-arreta,,Araba / Álava,Porcentaje,84.2
2020,Osasun-arreta,,Araba / Álava,Porcentaje,63.0
2018,Osasun-arreta,,Araba / Álava,Porcentaje,95.0
2022,Osasun-arreta,,Araba / Álava,Porcentaje,61.6
2021,Osasun-arreta,,Bizkaia,Porcentaje,74.7
2019,Osasun-arreta,,Bizkaia,Porcentaje,73.9
2022,Osasun-arreta,,Bizkaia,Porcentaje,58.8
2017,Osasun-arreta,,Bizkaia,Porcentaje,66.7
2016,Osasun-arreta,,Bizkaia,Porcentaje,54.7
2023,Osasun-arreta,,Bizkaia,Porcentaje,49.7
2020,Osasun-arreta,,Bizkaia,Porcentaje,80.8
2018,Osasun-arreta,,Bizkaia,Porcentaje,76.4
2018,Osasun-arreta,,Gipuzkoa,Porcentaje,89.1
2016,Osasun-arreta,,Gipuzkoa,Porcentaje,74.5
2020,Osasun-arreta,,Gipuzkoa,Porcentaje,80.7
2019,Osasun-arreta,,Gipuzkoa,Porcentaje,89.1
2021,Osasun-arreta,,Gipuzkoa,Porcentaje,74.5
2022,Osasun-arreta,,Gipuzkoa,Porcentaje,59.4
2023,Osasun-arreta,,Gipuzkoa,Porcentaje,70.6
2017,Osasun-arreta,,Gipuzkoa,Porcentaje,93.8
2016,Osasun-arreta,Emakumea,,Porcentaje,61.3
2017,Osasun-arreta,Emakumea,,Porcentaje,76.7
2021,Osasun-arreta,Emakumea,,Porcentaje,66.3
2019,Osasun-arreta,Emakumea,,Porcentaje,80.0
2023,Osasun-arreta,Emakumea,,Porcentaje,55.3
2020,Osasun-arreta,Emakumea,,Porcentaje,74.6
2022,Osasun-arreta,Emakumea,,Porcentaje,63.5
2018,Osasun-arreta,Emakumea,,Porcentaje,84.7
2022,Osasun-arreta,Emakumea,Araba / Álava,Porcentaje,77.3
2021,Osasun-arreta,Emakumea,Araba / Álava,Porcentaje,44.3
2020,Osasun-arreta,Emakumea,Araba / Álava,Porcentaje,62.5
2023,Osasun-arreta,Emakumea,Araba / Álava,Porcentaje,46.7
2017,Osasun-arreta,Emakumea,Araba / Álava,Porcentaje,75.0
2018,Osasun-arreta,Emakumea,Araba / Álava,Porcentaje,100.0
2016,Osasun-arreta,Emakumea,Araba / Álava,Porcentaje,77.8
2019,Osasun-arreta,Emakumea,Araba / Álava,Porcentaje,66.7
2020,Osasun-arreta,Emakumea,Bizkaia,Porcentaje,80.0
2023,Osasun-arreta,Emakumea,Bizkaia,Porcentaje,39.9
2017,Osasun-arreta,Emakumea,Bizkaia,Porcentaje,60.0
2021,Osasun-arreta,Emakumea,Bizkaia,Porcentaje,63.4
2018,Osasun-arreta,Emakumea,Bizkaia,Porcentaje,68.0
2022,Osasun-arreta,Emakumea,Bizkaia,Porcentaje,70.2
2019,Osasun-arreta,Emakumea,Bizkaia,Porcentaje,72.0
2016,Osasun-arreta,Emakumea,Bizkaia,Porcentaje,48.1
2016,Osasun-arreta,Emakumea,Gipuzkoa,Porcentaje,69.2
2017,Osasun-arreta,Emakumea,Gipuzkoa,Porcentaje,95.7
2018,Osasun-arreta,Emakumea,Gipuzkoa,Porcentaje,95.8
2022,Osasun-arreta,Emakumea,Gipuzkoa,Porcentaje,54.7
2020,Osasun-arreta,Emakumea,Gipuzkoa,Porcentaje,76.7
2023,Osasun-arreta,Emakumea,Gipuzkoa,Porcentaje,67.8
2021,Osasun-arreta,Emakumea,Gipuzkoa,Porcentaje,70.3
2019,Osasun-arreta,Emakumea,Gipuzkoa,Porcentaje,88.2
2018,Osasun-arreta,Gizona,,Porcentaje,83.9
2023,Osasun-arreta,Gizona,,Porcentaje,70.8
2019,Osasun-arreta,Gizona,,Porcentaje,83.1
2017,Osasun-arreta,Gizona,,Porcentaje,81.4
2021,Osasun-arreta,Gizona,,Porcentaje,85.3
2020,Osasun-arreta,Gizona,,Porcentaje,80.0
2016,Osasun-arreta,Gizona,,Porcentaje,73.7
2022,Osasun-arreta,Gizona,,Porcentaje,55.6
2017,Osasun-arreta,Gizona,Araba / Álava,Porcentaje,71.4
2022,Osasun-arreta,Gizona,Araba / Álava,Porcentaje,44.8
2021,Osasun-arreta,Gizona,Araba / Álava,Porcentaje,100.0
2016,Osasun-arreta,Gizona,Araba / Álava,Porcentaje,90.0
2023,Osasun-arreta,Gizona,Araba / Álava,Porcentaje,73.3
2019,Osasun-arreta,Gizona,Araba / Álava,Porcentaje,75.0
2020,Osasun-arreta,Gizona,Araba / Álava,Porcentaje,63.6
2018,Osasun-arreta,Gizona,Araba / Álava,Porcentaje,90.0
2023,Osasun-arreta,Gizona,Bizkaia,Porcentaje,63.1
2018,Osasun-arreta,Gizona,Bizkaia,Porcentaje,83.3
2016,Osasun-arreta,Gizona,Bizkaia,Porcentaje,61.5
2017,Osasun-arreta,Gizona,Bizkaia,Porcentaje,75.0
2019,Osasun-arreta,Gizona,Bizkaia,Porcentaje,76.2
2020,Osasun-arreta,Gizona,Bizkaia,Porcentaje,81.5
2021,Osasun-arreta,Gizona,Bizkaia,Porcentaje,89.8
2022,Osasun-arreta,Gizona,Bizkaia,Porcentaje,44.3
2021,Osasun-arreta,Gizona,Gipuzkoa,Porcentaje,79.6
2023,Osasun-arreta,Gizona,Gipuzkoa,Porcentaje,74.0
2019,Osasun-arreta,Gizona,Gipuzkoa,Porcentaje,90.0
2016,Osasun-arreta,Gizona,Gipuzkoa,Porcentaje,81.0
2017,Osasun-arreta,Gizona,Gipuzkoa,Porcentaje,92.0
2022,Osasun-arreta,Gizona,Gipuzkoa,Porcentaje,63.4
2020,Osasun-arreta,Gizona,Gipuzkoa,Porcentaje,85.2
2018,Osasun-arreta,Gizona,Gipuzkoa,Porcentaje,81.8
2016,Pentsioen kudeaketa,,,Porcentaje,23.5
2017,Pentsioen kudeaketa,,,Porcentaje,40.2
2019,Pentsioen kudeaketa,,,Porcentaje,30.9
2012,Pentsioen kudeaketa,,,Porcentaje,36.0
2015,Pentsioen kudeaketa,,,Porcentaje,21.5
2021,Pentsioen kudeaketa,,,Porcentaje,39.2
2011,Pentsioen kudeaketa,,,Porcentaje,32.0
2013,Pentsioen kudeaketa,,,Porcentaje,21.2
2023,Pentsioen kudeaketa,,,Porcentaje,52.4
2020,Pentsioen kudeaketa,,,Porcentaje,42.2
2018,Pentsioen kudeaketa,,,Porcentaje,19.1
2022,Pentsioen kudeaketa,,,Porcentaje,37.0
2014,Pentsioen kudeaketa,,,Porcentaje,21.3
2017,Pentsioen kudeaketa,,Araba / Álava,Porcentaje,65.2
2016,Pentsioen kudeaketa,,Araba / Álava,Porcentaje,21.4
2020,Pentsioen kudeaketa,,Araba / Álava,Porcentaje,37.0
2022,Pentsioen kudeaketa,,Araba / Álava,Porcentaje,28.9
2018,Pentsioen kudeaketa,,Araba / Álava,Porcentaje,11.1
2021,Pentsioen kudeaketa,,Araba / Álava,Porcentaje,27.6
2023,Pentsioen kudeaketa,,Araba / Álava,Porcentaje,58.7
2019,Pentsioen kudeaketa,,Araba / Álava,Porcentaje,0.0
2016,Pentsioen kudeaketa,,Bizkaia,Porcentaje,20.5
2018,Pentsioen kudeaketa,,Bizkaia,Porcentaje,25.0
2022,Pentsioen kudeaketa,,Bizkaia,Porcentaje,42.4
2021,Pentsioen kudeaketa,,Bizkaia,Porcentaje,56.1
2017,Pentsioen kudeaketa,,Bizkaia,Porcentaje,22.2
2023,Pentsioen kudeaketa,,Bizkaia,Porcentaje,42.7
2019,Pentsioen kudeaketa,,Bizkaia,Porcentaje,25.6
2020,Pentsioen kudeaketa,,Bizkaia,Porcentaje,43.5
2022,Pentsioen kudeaketa,,Gipuzkoa,Porcentaje,36.3
2019,Pentsioen kudeaketa,,Gipuzkoa,Porcentaje,39.3
2018,Pentsioen kudeaketa,,Gipuzkoa,Porcentaje,15.6
2016,Pentsioen kudeaketa,,Gipuzkoa,Porcentaje,27.3
2020,Pentsioen kudeaketa,,Gipuzkoa,Porcentaje,43.6
2021,Pentsioen kudeaketa,,Gipuzkoa,Porcentaje,32.3
2017,Pentsioen kudeaketa,,Gipuzkoa,Porcentaje,41.9
2023,Pentsioen kudeaketa,,Gipuzkoa,Porcentaje,56.0
2020,Pentsioen kudeaketa,Emakumea,,Porcentaje,36.4
2023,Pentsioen kudeaketa,Emakumea,,Porcentaje,48.5
2022,Pentsioen kudeaketa,Emakumea,,Porcentaje,34.3
2018,Pentsioen kudeaketa,Emakumea,,Porcentaje,19.3
2021,Pentsioen kudeaketa,Emakumea,,Porcentaje,34.1
2017,Pentsioen kudeaketa,Emakumea,,Porcentaje,45.1
2019,Pentsioen kudeaketa,Emakumea,,Porcentaje,24.2
2016,Pentsioen kudeaketa,Emakumea,,Porcentaje,20.0
2017,Pentsioen kudeaketa,Emakumea,Araba / Álava,Porcentaje,63.6
2020,Pentsioen kudeaketa,Emakumea,Araba / Álava,Porcentaje,33.3
2018,Pentsioen kudeaketa,Emakumea,Araba / Álava,Porcentaje,20.0
2019,Pentsioen kudeaketa,Emakumea,Araba / Álava,Porcentaje,0.0
2022,Pentsioen kudeaketa,Emakumea,Araba / Álava,Porcentaje,38.6
2023,Pentsioen kudeaketa,Emakumea,Araba / Álava,Porcentaje,70.7
2021,Pentsioen kudeaketa,Emakumea,Araba / Álava,Porcentaje,0.0
2016,Pentsioen kudeaketa,Emakumea,Araba / Álava,Porcentaje,28.6
2018,Pentsioen kudeaketa,Emakumea,Bizkaia,Porcentaje,30.4
2019,Pentsioen kudeaketa,Emakumea,Bizkaia,Porcentaje,20.8
2020,Pentsioen kudeaketa,Emakumea,Bizkaia,Porcentaje,31.8
2021,Pentsioen kudeaketa,Emakumea,Bizkaia,Porcentaje,44.5
2022,Pentsioen kudeaketa,Emakumea,Bizkaia,Porcentaje,33.4
2023,Pentsioen kudeaketa,Emakumea,Bizkaia,Porcentaje,34.0
2017,Pentsioen kudeaketa,Emakumea,Bizkaia,Porcentaje,20.0
2016,Pentsioen kudeaketa,Emakumea,Bizkaia,Porcentaje,16.7
2018,Pentsioen kudeaketa,Emakumea,Gipuzkoa,Porcentaje,8.3
2019,Pentsioen kudeaketa,Emakumea,Gipuzkoa,Porcentaje,29.4
2023,Pentsioen kudeaketa,Emakumea,Gipuzkoa,Porcentaje,52.2
2022,Pentsioen kudeaketa,Emakumea,Gipuzkoa,Porcentaje,33.2
2017,Pentsioen kudeaketa,Emakumea,Gipuzkoa,Porcentaje,60.0
2020,Pentsioen kudeaketa,Emakumea,Gipuzkoa,Porcentaje,41.4
2021,Pentsioen kudeaketa,Emakumea,Gipuzkoa,Porcentaje,31.8
2016,Pentsioen kudeaketa,Emakumea,Gipuzkoa,Porcentaje,20.8
2023,Pentsioen kudeaketa,Gizona,,Porcentaje,57.1
2019,Pentsioen kudeaketa,Gizona,,Porcentaje,39.6
2016,Pentsioen kudeaketa,Gizona,,Porcentaje,27.7
2021,Pentsioen kudeaketa,Gizona,,Porcentaje,45.7
2022,Pentsioen kudeaketa,Gizona,,Porcentaje,39.5
2020,Pentsioen kudeaketa,Gizona,,Porcentaje,48.4
2018,Pentsioen kudeaketa,Gizona,,Porcentaje,19.0
2017,Pentsioen kudeaketa,Gizona,,Porcentaje,35.3
2016,Pentsioen kudeaketa,Gizona,Araba / Álava,Porcentaje,14.3
2020,Pentsioen kudeaketa,Gizona,Araba / Álava,Porcentaje,41.7
2019,Pentsioen kudeaketa,Gizona,Araba / Álava,Porcentaje,0.0
2022,Pentsioen kudeaketa,Gizona,Araba / Álava,Porcentaje,18.5
2018,Pentsioen kudeaketa,Gizona,Araba / Álava,Porcentaje,0.0
2023,Pentsioen kudeaketa,Gizona,Araba / Álava,Porcentaje,51.0
2017,Pentsioen kudeaketa,Gizona,Araba / Álava,Porcentaje,66.7
2021,Pentsioen kudeaketa,Gizona,Araba / Álava,Porcentaje,43.2
2021,Pentsioen kudeaketa,Gizona,Bizkaia,Porcentaje,74.0
2023,Pentsioen kudeaketa,Gizona,Bizkaia,Porcentaje,56.4
2018,Pentsioen kudeaketa,Gizona,Bizkaia,Porcentaje,20.7
2016,Pentsioen kudeaketa,Gizona,Bizkaia,Porcentaje,25.0
2017,Pentsioen kudeaketa,Gizona,Bizkaia,Porcentaje,25.0
2020,Pentsioen kudeaketa,Gizona,Bizkaia,Porcentaje,54.2
2022,Pentsioen kudeaketa,Gizona,Bizkaia,Porcentaje,55.2
2019,Pentsioen kudeaketa,Gizona,Bizkaia,Porcentaje,33.3
2019,Pentsioen kudeaketa,Gizona,Gipuzkoa,Porcentaje,51.9
2020,Pentsioen kudeaketa,Gizona,Gipuzkoa,Porcentaje,46.2
2023,Pentsioen kudeaketa,Gizona,Gipuzkoa,Porcentaje,60.9
2022,Pentsioen kudeaketa,Gizona,Gipuzkoa,Porcentaje,38.1
2016,Pentsioen kudeaketa,Gizona,Gipuzkoa,Porcentaje,35.0
2017,Pentsioen kudeaketa,Gizona,Gipuzkoa,Porcentaje,26.1
2018,Pentsioen kudeaketa,Gizona,Gipuzkoa,Porcentaje,23.8
2021,Pentsioen kudeaketa,Gizona,Gipuzkoa,Porcentaje,32.9
2021,Justizia-administrazioa,,,Porcentaje,16.9
2016,Justizia-administrazioa,,,Porcentaje,11.4
2015,Justizia-administrazioa,,,Porcentaje,11.2
2019,Justizia-administrazioa,,,Porcentaje,19.4
2022,Justizia-administrazioa,,,Porcentaje,20.6
2013,Justizia-administrazioa,,,Porcentaje,13.5
2012,Justizia-administrazioa,,,Porcentaje,9.5
2017,Justizia-administrazioa,,,Porcentaje,19.4
2018,Justizia-administrazioa,,,Porcentaje,19.4
2011,Justizia-administrazioa,,,Porcentaje,15.0
2014,Justizia-administrazioa,,,Porcentaje,12.0
2020,Justizia-administrazioa,,,Porcentaje,17.5
2023,Justizia-administrazioa,,,Porcentaje,22.4
2019,Justizia-administrazioa,,Araba / Álava,Porcentaje,0.0
2020,Justizia-administrazioa,,Araba / Álava,Porcentaje,22.2
2016,Justizia-administrazioa,,Araba / Álava,Porcentaje,10.5
2021,Justizia-administrazioa,,Araba / Álava,Porcentaje,8.9
2023,Justizia-administrazioa,,Araba / Álava,Porcentaje,14.5
2022,Justizia-administrazioa,,Araba / Álava,Porcentaje,15.0
2018,Justizia-administrazioa,,Araba / Álava,Porcentaje,12.5
2017,Justizia-administrazioa,,Araba / Álava,Porcentaje,23.1
2022,Justizia-administrazioa,,Bizkaia,Porcentaje,30.0
2017,Justizia-administrazioa,,Bizkaia,Porcentaje,18.9
2023,Justizia-administrazioa,,Bizkaia,Porcentaje,33.1
2020,Justizia-administrazioa,,Bizkaia,Porcentaje,16.3
2016,Justizia-administrazioa,,Bizkaia,Porcentaje,10.4
2018,Justizia-administrazioa,,Bizkaia,Porcentaje,26.5
2019,Justizia-administrazioa,,Bizkaia,Porcentaje,12.5
2021,Justizia-administrazioa,,Bizkaia,Porcentaje,21.2
2017,Justizia-administrazioa,,Gipuzkoa,Porcentaje,17.8
2021,Justizia-administrazioa,,Gipuzkoa,Porcentaje,16.0
2019,Justizia-administrazioa,,Gipuzkoa,Porcentaje,27.1
2023,Justizia-administrazioa,,Gipuzkoa,Porcentaje,18.6
2018,Justizia-administrazioa,,Gipuzkoa,Porcentaje,14.0
2022,Justizia-administrazioa,,Gipuzkoa,Porcentaje,16.7
2020,Justizia-administrazioa,,Gipuzkoa,Porcentaje,16.0
2016,Justizia-administrazioa,,Gipuzkoa,Porcentaje,13.2
2016,Justizia-administrazioa,Emakumea,,Porcentaje,13.5
2023,Justizia-administrazioa,Emakumea,,Porcentaje,27.0
2019,Justizia-administrazioa,Emakumea,,Porcentaje,17.9
2018,Justizia-administrazioa,Emakumea,,Porcentaje,16.7
2022,Justizia-administrazioa,Emakumea,,Porcentaje,17.5
2020,Justizia-administrazioa,Emakumea,,Porcentaje,17.7
2017,Justizia-administrazioa,Emakumea,,Porcentaje,25.5
2021,Justizia-administrazioa,Emakumea,,Porcentaje,10.6
2018,Justizia-administrazioa,Emakumea,Araba / Álava,Porcentaje,14.3
2020,Justizia-administrazioa,Emakumea,Araba / Álava,Porcentaje,26.7
2017,Justizia-administrazioa,Emakumea,Araba / Álava,Porcentaje,16.7
2016,Justizia-administrazioa,Emakumea,Araba / Álava,Porcentaje,11.1
2019,Justizia-administrazioa,Emakumea,Araba / Álava,Porcentaje,0.0
2023,Justizia-administrazioa,Emakumea,Araba / Álava,Porcentaje,29.1
2022,Justizia-administrazioa,Emakumea,Araba / Álava,Porcentaje,11.0
2021,Justizia-administrazioa,Emakumea,Araba / Álava,Porcentaje,0.0
2017,Justizia-administrazioa,Emakumea,Bizkaia,Porcentaje,27.8
2019,Justizia-administrazioa,Emakumea,Bizkaia,Porcentaje,9.1
2021,Justizia-administrazioa,Emakumea,Bizkaia,Porcentaje,22.8
2022,Justizia-administrazioa,Emakumea,Bizkaia,Porcentaje,28.4
2018,Justizia-administrazioa,Emakumea,Bizkaia,Porcentaje,20.0
2016,Justizia-administrazioa,Emakumea,Bizkaia,Porcentaje,8.3
2020,Justizia-administrazioa,Emakumea,Bizkaia,Porcentaje,18.2
2023,Justizia-administrazioa,Emakumea,Bizkaia,Porcentaje,35.9
2018,Justizia-administrazioa,Emakumea,Gipuzkoa,Porcentaje,14.3
2016,Justizia-administrazioa,Emakumea,Gipuzkoa,Porcentaje,21.1
2017,Justizia-administrazioa,Emakumea,Gipuzkoa,Porcentaje,28.6
2019,Justizia-administrazioa,Emakumea,Gipuzkoa,Porcentaje,25.8
2020,Justizia-administrazioa,Emakumea,Gipuzkoa,Porcentaje,12.0
2021,Justizia-administrazioa,Emakumea,Gipuzkoa,Porcentaje,5.0
2022,Justizia-administrazioa,Emakumea,Gipuzkoa,Porcentaje,11.9
2023,Justizia-administrazioa,Emakumea,Gipuzkoa,Porcentaje,20.3
2016,Justizia-administrazioa,Gizona,,Porcentaje,9.4
2018,Justizia-administrazioa,Gizona,,Porcentaje,21.7
2023,Justizia-administrazioa,Gizona,,Porcentaje,17.1
2022,Justizia-administrazioa,Gizona,,Porcentaje,23.6
2019,Justizia-administrazioa,Gizona,,Porcentaje,21.2
2021,Justizia-administrazioa,Gizona,,Porcentaje,24.3
2017,Justizia-administrazioa,Gizona,,Porcentaje,14.0
2020,Justizia-administrazioa,Gizona,,Porcentaje,17.2
2020,Justizia-administrazioa,Gizona,Araba / Álava,Porcentaje,16.7
2023,Justizia-administrazioa,Gizona,Araba / Álava,Porcentaje,5.2
2016,Justizia-administrazioa,Gizona,Araba / Álava,Porcentaje,10.0
2017,Justizia-administrazioa,Gizona,Araba / Álava,Porcentaje,28.6
2019,Justizia-administrazioa,Gizona,Araba / Álava,Porcentaje,0.0
2022,Justizia-administrazioa,Gizona,Araba / Álava,Porcentaje,19.7
2021,Justizia-administrazioa,Gizona,Araba / Álava,Porcentaje,14.5
2018,Justizia-administrazioa,Gizona,Araba / Álava,Porcentaje,11.1
2020,Justizia-administrazioa,Gizona,Bizkaia,Porcentaje,14.8
2017,Justizia-administrazioa,Gizona,Bizkaia,Porcentaje,10.5
2018,Justizia-administrazioa,Gizona,Bizkaia,Porcentaje,31.0
2021,Justizia-administrazioa,Gizona,Bizkaia,Porcentaje,18.8
2022,Justizia-administrazioa,Gizona,Bizkaia,Porcentaje,32.0
2023,Justizia-administrazioa,Gizona,Bizkaia,Porcentaje,28.9
2016,Justizia-administrazioa,Gizona,Bizkaia,Porcentaje,12.5
2019,Justizia-administrazioa,Gizona,Bizkaia,Porcentaje,16.7
2016,Justizia-administrazioa,Gizona,Gipuzkoa,Porcentaje,5.3
2018,Justizia-administrazioa,Gizona,Gipuzkoa,Porcentaje,13.6
2019,Justizia-administrazioa,Gizona,Gipuzkoa,Porcentaje,28.6
2020,Justizia-administrazioa,Gizona,Gipuzkoa,Porcentaje,20.0
2021,Justizia-administrazioa,Gizona,Gipuzkoa,Porcentaje,28.9
2022,Justizia-administrazioa,Gizona,Gipuzkoa,Porcentaje,20.7
2023,Justizia-administrazioa,Gizona,Gipuzkoa,Porcentaje,16.6
2017,Justizia-administrazioa,Gizona,Gipuzkoa,Porcentaje,8.3
2012,Herritarren segurtasuna,,,Porcentaje,59.3
2015,Herritarren segurtasuna,,,Porcentaje,60.2
2011,Herritarren segurtasuna,,,Porcentaje,32.2
2023,Herritarren segurtasuna,,,Porcentaje,59.5
2013,Herritarren segurtasuna,,,Porcentaje,53.6
2021,Herritarren segurtasuna,,,Porcentaje,61.5
2014,Herritarren segurtasuna,,,Porcentaje,46.1
2017,Herritarren segurtasuna,,,Porcentaje,66.9
2018,Herritarren segurtasuna,,,Porcentaje,72.6
2020,Herritarren segurtasuna,,,Porcentaje,55.3
2022,Herritarren segurtasuna,,,Porcentaje,56.2
2016,Herritarren segurtasuna,,,Porcentaje,61.7
2019,Herritarren segurtasuna,,,Porcentaje,60.2
2016,Herritarren segurtasuna,,Araba / Álava,Porcentaje,57.9
2018,Herritarren segurtasuna,,Araba / Álava,Porcentaje,73.7
2019,Herritarren segurtasuna,,Araba / Álava,Porcentaje,92.3
2017,Herritarren segurtasuna,,Araba / Álava,Porcentaje,80.8
2021,Herritarren segurtasuna,,Araba / Álava,Porcentaje,53.1
2023,Herritarren segurtasuna,,Araba / Álava,Porcentaje,65.7
2020,Herritarren segurtasuna,,Araba / Álava,Porcentaje,56.0
2022,Herritarren segurtasuna,,Araba / Álava,Porcentaje,37.0
2019,Herritarren segurtasuna,,Bizkaia,Porcentaje,50.0
2022,Herritarren segurtasuna,,Bizkaia,Porcentaje,69.7
2016,Herritarren segurtasuna,,Bizkaia,Porcentaje,60.0
2017,Herritarren segurtasuna,,Bizkaia,Porcentaje,51.1
2020,Herritarren segurtasuna,,Bizkaia,Porcentaje,56.9
2021,Herritarren segurtasuna,,Bizkaia,Porcentaje,72.2
2023,Herritarren segurtasuna,,Bizkaia,Porcentaje,61.4
2018,Herritarren segurtasuna,,Bizkaia,Porcentaje,67.9
2016,Herritarren segurtasuna,,Gipuzkoa,Porcentaje,65.2
2017,Herritarren segurtasuna,,Gipuzkoa,Porcentaje,74.5
2022,Herritarren segurtasuna,,Gipuzkoa,Porcentaje,53.8
2023,Herritarren segurtasuna,,Gipuzkoa,Porcentaje,56.0
2019,Herritarren segurtasuna,,Gipuzkoa,Porcentaje,60.7
2021,Herritarren segurtasuna,,Gipuzkoa,Porcentaje,57.2
2018,Herritarren segurtasuna,,Gipuzkoa,Porcentaje,77.8
2020,Herritarren segurtasuna,,Gipuzkoa,Porcentaje,53.6
2021,Herritarren segurtasuna,Emakumea,,Porcentaje,58.0
2022,Herritarren segurtasuna,Emakumea,,Porcentaje,51.7
2017,Herritarren segurtasuna,Emakumea,,Porcentaje,62.7
2018,Herritarren segurtasuna,Emakumea,,Porcentaje,62.5
2019,Herritarren segurtasuna,Emakumea,,Porcentaje,58.3
2020,Herritarren segurtasuna,Emakumea,,Porcentaje,50.0
2016,Herritarren segurtasuna,Emakumea,,Porcentaje,56.9
2023,Herritarren segurtasuna,Emakumea,,Porcentaje,56.4
2018,Herritarren segurtasuna,Emakumea,Araba / Álava,Porcentaje,70.0
2016,Herritarren segurtasuna,Emakumea,Araba / Álava,Porcentaje,44.4
2017,Herritarren segurtasuna,Emakumea,Araba / Álava,Porcentaje,75.0
2019,Herritarren segurtasuna,Emakumea,Araba / Álava,Porcentaje,83.3
2020,Herritarren segurtasuna,Emakumea,Araba / Álava,Porcentaje,57.1
2021,Herritarren segurtasuna,Emakumea,Araba / Álava,Porcentaje,33.4
2022,Herritarren segurtasuna,Emakumea,Araba / Álava,Porcentaje,25.8
2023,Herritarren segurtasuna,Emakumea,Araba / Álava,Porcentaje,70.7
2016,Herritarren segurtasuna,Emakumea,Bizkaia,Porcentaje,50.0
2017,Herritarren segurtasuna,Emakumea,Bizkaia,Porcentaje,44.0
2020,Herritarren segurtasuna,Emakumea,Bizkaia,Porcentaje,50.0
2021,Herritarren segurtasuna,Emakumea,Bizkaia,Porcentaje,66.4
2023,Herritarren segurtasuna,Emakumea,Bizkaia,Porcentaje,51.2
2022,Herritarren segurtasuna,Emakumea,Bizkaia,Porcentaje,62.8
2018,Herritarren segurtasuna,Emakumea,Bizkaia,Porcentaje,47.8
2019,Herritarren segurtasuna,Emakumea,Bizkaia,Porcentaje,43.5
2016,Herritarren segurtasuna,Emakumea,Gipuzkoa,Porcentaje,68.0
2017,Herritarren segurtasuna,Emakumea,Gipuzkoa,Porcentaje,77.3
2019,Herritarren segurtasuna,Emakumea,Gipuzkoa,Porcentaje,64.5
2021,Herritarren segurtasuna,Emakumea,Gipuzkoa,Porcentaje,56.2
2023,Herritarren segurtasuna,Emakumea,Gipuzkoa,Porcentaje,56.1
2022,Herritarren segurtasuna,Emakumea,Gipuzkoa,Porcentaje,52.0
2020,Herritarren segurtasuna,Emakumea,Gipuzkoa,Porcentaje,46.7
2018,Herritarren segurtasuna,Emakumea,Gipuzkoa,Porcentaje,73.9
2020,Herritarren segurtasuna,Gizona,,Porcentaje,60.9
2019,Herritarren segurtasuna,Gizona,,Porcentaje,62.1
2017,Herritarren segurtasuna,Gizona,,Porcentaje,71.2
2022,Herritarren segurtasuna,Gizona,,Porcentaje,60.6
2023,Herritarren segurtasuna,Gizona,,Porcentaje,62.9
2018,Herritarren segurtasuna,Gizona,,Porcentaje,82.0
2021,Herritarren segurtasuna,Gizona,,Porcentaje,65.6
2016,Herritarren segurtasuna,Gizona,,Porcentaje,66.7
2019,Herritarren segurtasuna,Gizona,Araba / Álava,Porcentaje,100.0
2016,Herritarren segurtasuna,Gizona,Araba / Álava,Porcentaje,70.0
2018,Herritarren segurtasuna,Gizona,Araba / Álava,Porcentaje,77.8
2021,Herritarren segurtasuna,Gizona,Araba / Álava,Porcentaje,65.6
2023,Herritarren segurtasuna,Gizona,Araba / Álava,Porcentaje,62.6
2017,Herritarren segurtasuna,Gizona,Araba / Álava,Porcentaje,85.7
2020,Herritarren segurtasuna,Gizona,Araba / Álava,Porcentaje,54.5
2022,Herritarren segurtasuna,Gizona,Araba / Álava,Porcentaje,49.0
2020,Herritarren segurtasuna,Gizona,Bizkaia,Porcentaje,63.0
2022,Herritarren segurtasuna,Gizona,Bizkaia,Porcentaje,78.5
2017,Herritarren segurtasuna,Gizona,Bizkaia,Porcentaje,60.0
2018,Herritarren segurtasuna,Gizona,Bizkaia,Porcentaje,83.3
2019,Herritarren segurtasuna,Gizona,Bizkaia,Porcentaje,57.1
2021,Herritarren segurtasuna,Gizona,Bizkaia,Porcentaje,80.0
2016,Herritarren segurtasuna,Gizona,Bizkaia,Porcentaje,69.2
2023,Herritarren segurtasuna,Gizona,Bizkaia,Porcentaje,76.3
2016,Herritarren segurtasuna,Gizona,Gipuzkoa,Porcentaje,61.9
2017,Herritarren segurtasuna,Gizona,Gipuzkoa,Porcentaje,72.0
2018,Herritarren segurtasuna,Gizona,Gipuzkoa,Porcentaje,81.8
2019,Herritarren segurtasuna,Gizona,Gipuzkoa,Porcentaje,56.7
2020,Herritarren segurtasuna,Gizona,Gipuzkoa,Porcentaje,61.5
2021,Herritarren segurtasuna,Gizona,Gipuzkoa,Porcentaje,58.4
2022,Herritarren segurtasuna,Gizona,Gipuzkoa,Porcentaje,55.2
2023,Herritarren segurtasuna,Gizona,Gipuzkoa,Porcentaje,55.8
2016,Gizarte zerbitzuak,,,Porcentaje,60.2
2013,Gizarte zerbitzuak,,,Porcentaje,32.7
2023,Gizarte zerbitzuak,,,Porcentaje,62.2
2019,Gizarte zerbitzuak,,,Porcentaje,57.5
2014,Gizarte zerbitzuak,,,Porcentaje,30.3
2022,Gizarte zerbitzuak,,,Porcentaje,51.6
2017,Gizarte zerbitzuak,,,Porcentaje,57.1
2011,Gizarte zerbitzuak,,,Porcentaje,35.2
2020,Gizarte zerbitzuak,,,Porcentaje,58.3
2015,Gizarte zerbitzuak,,,Porcentaje,36.4
2018,Gizarte zerbitzuak,,,Porcentaje,60.5
2012,Gizarte zerbitzuak,,,Porcentaje,47.6
2021,Gizarte zerbitzuak,,,Porcentaje,59.6
2023,Gizarte zerbitzuak,,Araba / Álava,Porcentaje,62.9
2022,Gizarte zerbitzuak,,Araba / Álava,Porcentaje,53.5
2019,Gizarte zerbitzuak,,Araba / Álava,Porcentaje,78.6
2020,Gizarte zerbitzuak,,Araba / Álava,Porcentaje,44.0
2018,Gizarte zerbitzuak,,Araba / Álava,Porcentaje,73.7
2021,Gizarte zerbitzuak,,Araba / Álava,Porcentaje,50.4
2017,Gizarte zerbitzuak,,Araba / Álava,Porcentaje,69.2
2016,Gizarte zerbitzuak,,Araba / Álava,Porcentaje,66.7
2023,Gizarte zerbitzuak,,Bizkaia,Porcentaje,53.9
2022,Gizarte zerbitzuak,,Bizkaia,Porcentaje,60.1
2021,Gizarte zerbitzuak,,Bizkaia,Porcentaje,57.2
2017,Gizarte zerbitzuak,,Bizkaia,Porcentaje,34.1
2019,Gizarte zerbitzuak,,Bizkaia,Porcentaje,48.7
2018,Gizarte zerbitzuak,,Bizkaia,Porcentaje,48.1
2020,Gizarte zerbitzuak,,Bizkaia,Porcentaje,65.3
2016,Gizarte zerbitzuak,,Bizkaia,Porcentaje,42.9
2022,Gizarte zerbitzuak,,Gipuzkoa,Porcentaje,46.0
2023,Gizarte zerbitzuak,,Gipuzkoa,Porcentaje,67.1
2019,Gizarte zerbitzuak,,Gipuzkoa,Porcentaje,58.3
2021,Gizarte zerbitzuak,,Gipuzkoa,Porcentaje,62.5
2017,Gizarte zerbitzuak,,Gipuzkoa,Porcentaje,71.1
2016,Gizarte zerbitzuak,,Gipuzkoa,Porcentaje,74.4
2020,Gizarte zerbitzuak,,Gipuzkoa,Porcentaje,58.5
2018,Gizarte zerbitzuak,,Gipuzkoa,Porcentaje,69.8
2019,Gizarte zerbitzuak,Emakumea,,Porcentaje,54.2
2017,Gizarte zerbitzuak,Emakumea,,Porcentaje,52.6
2022,Gizarte zerbitzuak,Emakumea,,Porcentaje,48.1
2020,Gizarte zerbitzuak,Emakumea,,Porcentaje,54.7
2016,Gizarte zerbitzuak,Emakumea,,Porcentaje,50.0
2018,Gizarte zerbitzuak,Emakumea,,Porcentaje,51.9
2023,Gizarte zerbitzuak,Emakumea,,Porcentaje,54.9
2021,Gizarte zerbitzuak,Emakumea,,Porcentaje,58.5
2016,Gizarte zerbitzuak,Emakumea,Araba / Álava,Porcentaje,55.6
2023,Gizarte zerbitzuak,Emakumea,Araba / Álava,Porcentaje,73.0
2022,Gizarte zerbitzuak,Emakumea,Araba / Álava,Porcentaje,38.6
2017,Gizarte zerbitzuak,Emakumea,Araba / Álava,Porcentaje,75.0
2018,Gizarte zerbitzuak,Emakumea,Araba / Álava,Porcentaje,66.7
2019,Gizarte zerbitzuak,Emakumea,Araba / Álava,Porcentaje,100.0
2020,Gizarte zerbitzuak,Emakumea,Araba / Álava,Porcentaje,40.0
2021,Gizarte zerbitzuak,Emakumea,Araba / Álava,Porcentaje,28.9
2021,Gizarte zerbitzuak,Emakumea,Bizkaia,Porcentaje,50.4
2019,Gizarte zerbitzuak,Emakumea,Bizkaia,Porcentaje,36.4
2016,Gizarte zerbitzuak,Emakumea,Bizkaia,Porcentaje,22.7
2017,Gizarte zerbitzuak,Emakumea,Bizkaia,Porcentaje,29.2
2018,Gizarte zerbitzuak,Emakumea,Bizkaia,Porcentaje,36.4
2020,Gizarte zerbitzuak,Emakumea,Bizkaia,Porcentaje,63.6
2022,Gizarte zerbitzuak,Emakumea,Bizkaia,Porcentaje,59.8
2023,Gizarte zerbitzuak,Emakumea,Bizkaia,Porcentaje,39.4
2023,Gizarte zerbitzuak,Emakumea,Gipuzkoa,Porcentaje,60.3
2016,Gizarte zerbitzuak,Emakumea,Gipuzkoa,Porcentaje,72.0
2020,Gizarte zerbitzuak,Emakumea,Gipuzkoa,Porcentaje,55.6
2017,Gizarte zerbitzuak,Emakumea,Gipuzkoa,Porcentaje,66.7
2018,Gizarte zerbitzuak,Emakumea,Gipuzkoa,Porcentaje,61.9
2019,Gizarte zerbitzuak,Emakumea,Gipuzkoa,Porcentaje,58.1
2021,Gizarte zerbitzuak,Emakumea,Gipuzkoa,Porcentaje,66.5
2022,Gizarte zerbitzuak,Emakumea,Gipuzkoa,Porcentaje,42.4
2019,Gizarte zerbitzuak,Gizona,,Porcentaje,61.1
2018,Gizarte zerbitzuak,Gizona,,Porcentaje,67.7
2022,Gizarte zerbitzuak,Gizona,,Porcentaje,54.8
2017,Gizarte zerbitzuak,Gizona,,Porcentaje,61.8
2020,Gizarte zerbitzuak,Gizona,,Porcentaje,61.9
2023,Gizarte zerbitzuak,Gizona,,Porcentaje,70.6
2021,Gizarte zerbitzuak,Gizona,,Porcentaje,60.9
2016,Gizarte zerbitzuak,Gizona,,Porcentaje,72.3
2022,Gizarte zerbitzuak,Gizona,Araba / Álava,Porcentaje,69.4
2016,Gizarte zerbitzuak,Gizona,Araba / Álava,Porcentaje,77.8
2018,Gizarte zerbitzuak,Gizona,Araba / Álava,Porcentaje,80.0
2019,Gizarte zerbitzuak,Gizona,Araba / Álava,Porcentaje,62.5
2020,Gizarte zerbitzuak,Gizona,Araba / Álava,Porcentaje,50.0
2023,Gizarte zerbitzuak,Gizona,Araba / Álava,Porcentaje,56.8
2021,Gizarte zerbitzuak,Gizona,Araba / Álava,Porcentaje,62.9
2017,Gizarte zerbitzuak,Gizona,Araba / Álava,Porcentaje,64.3
2019,Gizarte zerbitzuak,Gizona,Bizkaia,Porcentaje,64.7
2017,Gizarte zerbitzuak,Gizona,Bizkaia,Porcentaje,41.2
2018,Gizarte zerbitzuak,Gizona,Bizkaia,Porcentaje,56.7
2020,Gizarte zerbitzuak,Gizona,Bizkaia,Porcentaje,66.7
2021,Gizarte zerbitzuak,Gizona,Bizkaia,Porcentaje,67.0
2023,Gizarte zerbitzuak,Gizona,Bizkaia,Porcentaje,75.9
2016,Gizarte zerbitzuak,Gizona,Bizkaia,Porcentaje,65.0
2022,Gizarte zerbitzuak,Gizona,Bizkaia,Porcentaje,60.4
2016,Gizarte zerbitzuak,Gizona,Gipuzkoa,Porcentaje,77.8
2017,Gizarte zerbitzuak,Gizona,Gipuzkoa,Porcentaje,75.0
2018,Gizarte zerbitzuak,Gizona,Gipuzkoa,Porcentaje,77.3
2019,Gizarte zerbitzuak,Gizona,Gipuzkoa,Porcentaje,58.6
2021,Gizarte zerbitzuak,Gizona,Gipuzkoa,Porcentaje,57.1
2022,Gizarte zerbitzuak,Gizona,Gipuzkoa,Porcentaje,48.5
2023,Gizarte zerbitzuak,Gizona,Gipuzkoa,Porcentaje,75.2
2020,Gizarte zerbitzuak,Gizona,Gipuzkoa,Porcentaje,61.5
2014,Garraio publikoa,,,Porcentaje,72.6
2019,Garraio publikoa,,,Porcentaje,86.3
2016,Garraio publikoa,,,Porcentaje,83.9
2022,Garraio publikoa,,,Porcentaje,81.0
2017,Garraio publikoa,,,Porcentaje,87.9
2012,Garraio publikoa,,,Porcentaje,78.0
2018,Garraio publikoa,,,Porcentaje,83.1
2015,Garraio publikoa,,,Porcentaje,83.2
2021,Garraio publikoa,,,Porcentaje,85.2
2013,Garraio publikoa,,,Porcentaje,70.2
2011,Garraio publikoa,,,Porcentaje,78.1
2020,Garraio publikoa,,,Porcentaje,82.9
2023,Garraio publikoa,,,Porcentaje,81.2
2022,Garraio publikoa,,Araba / Álava,Porcentaje,63.6
2017,Garraio publikoa,,Araba / Álava,Porcentaje,88.0
2016,Garraio publikoa,,Araba / Álava,Porcentaje,68.4
2021,Garraio publikoa,,Araba / Álava,Porcentaje,83.4
2019,Garraio publikoa,,Araba / Álava,Porcentaje,78.6
2023,Garraio publikoa,,Araba / Álava,Porcentaje,82.9
2020,Garraio publikoa,,Araba / Álava,Porcentaje,72.0
2018,Garraio publikoa,,Araba / Álava,Porcentaje,76.5
2017,Garraio publikoa,,Bizkaia,Porcentaje,86.0
2021,Garraio publikoa,,Bizkaia,Porcentaje,72.7
2020,Garraio publikoa,,Bizkaia,Porcentaje,88.0
2019,Garraio publikoa,,Bizkaia,Porcentaje,86.0
2016,Garraio publikoa,,Bizkaia,Porcentaje,90.0
2023,Garraio publikoa,,Bizkaia,Porcentaje,74.2
2018,Garraio publikoa,,Bizkaia,Porcentaje,80.0
2022,Garraio publikoa,,Bizkaia,Porcentaje,77.5
2023,Garraio publikoa,,Gipuzkoa,Porcentaje,84.6
2020,Garraio publikoa,,Gipuzkoa,Porcentaje,83.3
2017,Garraio publikoa,,Gipuzkoa,Porcentaje,89.6
2018,Garraio publikoa,,Gipuzkoa,Porcentaje,89.1
2021,Garraio publikoa,,Gipuzkoa,Porcentaje,91.8
2016,Garraio publikoa,,Gipuzkoa,Porcentaje,83.7
2019,Garraio publikoa,,Gipuzkoa,Porcentaje,88.3
2022,Garraio publikoa,,Gipuzkoa,Porcentaje,87.9
2019,Garraio publikoa,Emakumea,,Porcentaje,87.1
2023,Garraio publikoa,Emakumea,,Porcentaje,80.8
2021,Garraio publikoa,Emakumea,,Porcentaje,83.7
2022,Garraio publikoa,Emakumea,,Porcentaje,78.0
2020,Garraio publikoa,Emakumea,,Porcentaje,83.3
2016,Garraio publikoa,Emakumea,,Porcentaje,86.9
2018,Garraio publikoa,Emakumea,,Porcentaje,86.0
2017,Garraio publikoa,Emakumea,,Porcentaje,86.2
2020,Garraio publikoa,Emakumea,Araba / Álava,Porcentaje,76.9
2022,Garraio publikoa,Emakumea,Araba / Álava,Porcentaje,58.8
2023,Garraio publikoa,Emakumea,Araba / Álava,Porcentaje,72.3
2018,Garraio publikoa,Emakumea,Araba / Álava,Porcentaje,87.5
2019,Garraio publikoa,Emakumea,Araba / Álava,Porcentaje,66.7
2021,Garraio publikoa,Emakumea,Araba / Álava,Porcentaje,70.9
2016,Garraio publikoa,Emakumea,Araba / Álava,Porcentaje,66.7
2017,Garraio publikoa,Emakumea,Araba / Álava,Porcentaje,81.8
2017,Garraio publikoa,Emakumea,Bizkaia,Porcentaje,78.3
2016,Garraio publikoa,Emakumea,Bizkaia,Porcentaje,91.7
2019,Garraio publikoa,Emakumea,Bizkaia,Porcentaje,82.6
2020,Garraio publikoa,Emakumea,Bizkaia,Porcentaje,87.5
2022,Garraio publikoa,Emakumea,Bizkaia,Porcentaje,74.6
2018,Garraio publikoa,Emakumea,Bizkaia,Porcentaje,76.0
2023,Garraio publikoa,Emakumea,Bizkaia,Porcentaje,73.9
2021,Garraio publikoa,Emakumea,Bizkaia,Porcentaje,68.4
2023,Garraio publikoa,Emakumea,Gipuzkoa,Porcentaje,87.4
2017,Garraio publikoa,Emakumea,Gipuzkoa,Porcentaje,95.8
2021,Garraio publikoa,Emakumea,Gipuzkoa,Porcentaje,92.6
2016,Garraio publikoa,Emakumea,Gipuzkoa,Porcentaje,89.3
2018,Garraio publikoa,Emakumea,Gipuzkoa,Porcentaje,95.8
2019,Garraio publikoa,Emakumea,Gipuzkoa,Porcentaje,93.9
2020,Garraio publikoa,Emakumea,Gipuzkoa,Porcentaje,82.8
2022,Garraio publikoa,Emakumea,Gipuzkoa,Porcentaje,86.0
2022,Garraio publikoa,Gizona,,Porcentaje,84.2
2020,Garraio publikoa,Gizona,,Porcentaje,82.5
2018,Garraio publikoa,Gizona,,Porcentaje,80.3
2016,Garraio publikoa,Gizona,,Porcentaje,80.7
2019,Garraio publikoa,Gizona,,Porcentaje,85.5
2021,Garraio publikoa,Gizona,,Porcentaje,86.9
2017,Garraio publikoa,Gizona,,Porcentaje,89.7
2023,Garraio publikoa,Gizona,,Porcentaje,81.8
2019,Garraio publikoa,Gizona,Araba / Álava,Porcentaje,87.5
2021,Garraio publikoa,Gizona,Araba / Álava,Porcentaje,91.4
2018,Garraio publikoa,Gizona,Araba / Álava,Porcentaje,66.7
2022,Garraio publikoa,Gizona,Araba / Álava,Porcentaje,68.6
2016,Garraio publikoa,Gizona,Araba / Álava,Porcentaje,70.0
2020,Garraio publikoa,Gizona,Araba / Álava,Porcentaje,66.7
2023,Garraio publikoa,Gizona,Araba / Álava,Porcentaje,89.8
2017,Garraio publikoa,Gizona,Araba / Álava,Porcentaje,92.9
2016,Garraio publikoa,Gizona,Bizkaia,Porcentaje,88.5
2018,Garraio publikoa,Gizona,Bizkaia,Porcentaje,83.3
2019,Garraio publikoa,Gizona,Bizkaia,Porcentaje,90.0
2020,Garraio publikoa,Gizona,Bizkaia,Porcentaje,88.5
2022,Garraio publikoa,Gizona,Bizkaia,Porcentaje,81.1
2023,Garraio publikoa,Gizona,Bizkaia,Porcentaje,74.8
2021,Garraio publikoa,Gizona,Bizkaia,Porcentaje,77.6
2017,Garraio publikoa,Gizona,Bizkaia,Porcentaje,95.0
2019,Garraio publikoa,Gizona,Gipuzkoa,Porcentaje,81.5
2016,Garraio publikoa,Gizona,Gipuzkoa,Porcentaje,76.2
2017,Garraio publikoa,Gizona,Gipuzkoa,Porcentaje,83.3
2018,Garraio publikoa,Gizona,Gipuzkoa,Porcentaje,81.8
2020,Garraio publikoa,Gizona,Gipuzkoa,Porcentaje,84.0
2022,Garraio publikoa,Gizona,Gipuzkoa,Porcentaje,89.6
2023,Garraio publikoa,Gizona,Gipuzkoa,Porcentaje,81.4
2021,Garraio publikoa,Gizona,Gipuzkoa,Porcentaje,90.8
2019,Herri-lanak,,,Porcentaje,65.2
2022,Herri-lanak,,,Porcentaje,51.2
2013,Herri-lanak,,,Porcentaje,50.0
2012,Herri-lanak,,,Porcentaje,57.3
2017,Herri-lanak,,,Porcentaje,66.4
2014,Herri-lanak,,,Porcentaje,52.3
2018,Herri-lanak,,,Porcentaje,62.8
2016,Herri-lanak,,,Porcentaje,58.2
2011,Herri-lanak,,,Porcentaje,59.8
2023,Herri-lanak,,,Porcentaje,66.5
2020,Herri-lanak,,,Porcentaje,56.9
2021,Herri-lanak,,,Porcentaje,63.4
2015,Herri-lanak,,,Porcentaje,55.0
2021,Herri-lanak,,Araba / Álava,Porcentaje,29.2
2020,Herri-lanak,,Araba / Álava,Porcentaje,51.9
2018,Herri-lanak,,Araba / Álava,Porcentaje,47.4
2019,Herri-lanak,,Araba / Álava,Porcentaje,64.3
2022,Herri-lanak,,Araba / Álava,Porcentaje,33.5
2016,Herri-lanak,,Araba / Álava,Porcentaje,52.6
2023,Herri-lanak,,Araba / Álava,Porcentaje,59.5
2017,Herri-lanak,,Araba / Álava,Porcentaje,72.0
2017,Herri-lanak,,Bizkaia,Porcentaje,76.2
2019,Herri-lanak,,Bizkaia,Porcentaje,64.3
2023,Herri-lanak,,Bizkaia,Porcentaje,52.7
2021,Herri-lanak,,Bizkaia,Porcentaje,65.8
2018,Herri-lanak,,Bizkaia,Porcentaje,72.5
2022,Herri-lanak,,Bizkaia,Porcentaje,51.0
2016,Herri-lanak,,Bizkaia,Porcentaje,54.3
2020,Herri-lanak,,Bizkaia,Porcentaje,68.1
2021,Herri-lanak,,Gipuzkoa,Porcentaje,68.3
2017,Herri-lanak,,Gipuzkoa,Porcentaje,54.3
2018,Herri-lanak,,Gipuzkoa,Porcentaje,58.1
2019,Herri-lanak,,Gipuzkoa,Porcentaje,66.1
2022,Herri-lanak,,Gipuzkoa,Porcentaje,56.4
2016,Herri-lanak,,Gipuzkoa,Porcentaje,64.4
2023,Herri-lanak,,Gipuzkoa,Porcentaje,77.7
2020,Herri-lanak,,Gipuzkoa,Porcentaje,50.0
2020,Herri-lanak,Emakumea,,Porcentaje,52.3
2019,Herri-lanak,Emakumea,,Porcentaje,62.5
2022,Herri-lanak,Emakumea,,Porcentaje,51.1
2023,Herri-lanak,Emakumea,,Porcentaje,64.1
2017,Herri-lanak,Emakumea,,Porcentaje,66.1
2021,Herri-lanak,Emakumea,,Porcentaje,64.0
2018,Herri-lanak,Emakumea,,Porcentaje,56.6
2016,Herri-lanak,Emakumea,,Porcentaje,56.4
2017,Herri-lanak,Emakumea,Araba / Álava,Porcentaje,45.5
2016,Herri-lanak,Emakumea,Araba / Álava,Porcentaje,55.6
2018,Herri-lanak,Emakumea,Araba / Álava,Porcentaje,50.0
2019,Herri-lanak,Emakumea,Araba / Álava,Porcentaje,66.7
2020,Herri-lanak,Emakumea,Araba / Álava,Porcentaje,53.3
2022,Herri-lanak,Emakumea,Araba / Álava,Porcentaje,30.4
2023,Herri-lanak,Emakumea,Araba / Álava,Porcentaje,61.4
2021,Herri-lanak,Emakumea,Araba / Álava,Porcentaje,15.4
2022,Herri-lanak,Emakumea,Bizkaia,Porcentaje,52.5
2019,Herri-lanak,Emakumea,Bizkaia,Porcentaje,52.2
2021,Herri-lanak,Emakumea,Bizkaia,Porcentaje,72.9
2020,Herri-lanak,Emakumea,Bizkaia,Porcentaje,60.0
2016,Herri-lanak,Emakumea,Bizkaia,Porcentaje,38.1
2018,Herri-lanak,Emakumea,Bizkaia,Porcentaje,63.6
2023,Herri-lanak,Emakumea,Bizkaia,Porcentaje,46.1
2017,Herri-lanak,Emakumea,Bizkaia,Porcentaje,78.3
2017,Herri-lanak,Emakumea,Gipuzkoa,Porcentaje,63.6
2016,Herri-lanak,Emakumea,Gipuzkoa,Porcentaje,72.0
2018,Herri-lanak,Emakumea,Gipuzkoa,Porcentaje,52.4
2019,Herri-lanak,Emakumea,Gipuzkoa,Porcentaje,70.4
2020,Herri-lanak,Emakumea,Gipuzkoa,Porcentaje,46.7
2022,Herri-lanak,Emakumea,Gipuzkoa,Porcentaje,56.9
2023,Herri-lanak,Emakumea,Gipuzkoa,Porcentaje,77.3
2021,Herri-lanak,Emakumea,Gipuzkoa,Porcentaje,65.0
2019,Herri-lanak,Gizona,,Porcentaje,67.9
2021,Herri-lanak,Gizona,,Porcentaje,62.8
2016,Herri-lanak,Gizona,,Porcentaje,60.0
2022,Herri-lanak,Gizona,,Porcentaje,51.3
2020,Herri-lanak,Gizona,,Porcentaje,61.5
2017,Herri-lanak,Gizona,,Porcentaje,66.7
2023,Herri-lanak,Gizona,,Porcentaje,69.1
2018,Herri-lanak,Gizona,,Porcentaje,68.3
2019,Herri-lanak,Gizona,Araba / Álava,Porcentaje,62.5
2021,Herri-lanak,Gizona,Araba / Álava,Porcentaje,37.3
2023,Herri-lanak,Gizona,Araba / Álava,Porcentaje,58.4
2020,Herri-lanak,Gizona,Araba / Álava,Porcentaje,50.0
2016,Herri-lanak,Gizona,Araba / Álava,Porcentaje,50.0
2018,Herri-lanak,Gizona,Araba / Álava,Porcentaje,44.4
2022,Herri-lanak,Gizona,Araba / Álava,Porcentaje,36.6
2017,Herri-lanak,Gizona,Araba / Álava,Porcentaje,92.9
2016,Herri-lanak,Gizona,Bizkaia,Porcentaje,68.0
2017,Herri-lanak,Gizona,Bizkaia,Porcentaje,73.7
2018,Herri-lanak,Gizona,Bizkaia,Porcentaje,79.3
2019,Herri-lanak,Gizona,Bizkaia,Porcentaje,78.9
2020,Herri-lanak,Gizona,Bizkaia,Porcentaje,74.1
2021,Herri-lanak,Gizona,Bizkaia,Porcentaje,56.9
2022,Herri-lanak,Gizona,Bizkaia,Porcentaje,49.1
2023,Herri-lanak,Gizona,Bizkaia,Porcentaje,62.8
2017,Herri-lanak,Gizona,Gipuzkoa,Porcentaje,45.8
2016,Herri-lanak,Gizona,Gipuzkoa,Porcentaje,55.0
2018,Herri-lanak,Gizona,Gipuzkoa,Porcentaje,63.6
2020,Herri-lanak,Gizona,Gipuzkoa,Porcentaje,53.8
2022,Herri-lanak,Gizona,Gipuzkoa,Porcentaje,56.0
2023,Herri-lanak,Gizona,Gipuzkoa,Porcentaje,78.1
2021,Herri-lanak,Gizona,Gipuzkoa,Porcentaje,72.2
2019,Herri-lanak,Gizona,Gipuzkoa,Porcentaje,62.1
2023,Laguntza behar duten pertsonentzako laguntza,,,Porcentaje,38.7
2020,Laguntza behar duten pertsonentzako laguntza,,,Porcentaje,40.5
2019,Laguntza behar duten pertsonentzako laguntza,,,Porcentaje,42.2
2021,Laguntza behar duten pertsonentzako laguntza,,,Porcentaje,40.5
2011,Laguntza behar duten pertsonentzako laguntza,,,Porcentaje,37.3
2014,Laguntza behar duten pertsonentzako laguntza,,,Porcentaje,12.6
2016,Laguntza behar duten pertsonentzako laguntza,,,Porcentaje,27.0
2013,Laguntza behar duten pertsonentzako laguntza,,,Porcentaje,24.8
2022,Laguntza behar duten pertsonentzako laguntza,,,Porcentaje,40.8
2018,Laguntza behar duten pertsonentzako laguntza,,,Porcentaje,43.6
2012,Laguntza behar duten pertsonentzako laguntza,,,Porcentaje,28.7
2015,Laguntza behar duten pertsonentzako laguntza,,,Porcentaje,22.3
2017,Laguntza behar duten pertsonentzako laguntza,,,Porcentaje,29.8
2023,Laguntza behar duten pertsonentzako laguntza,,Araba / Álava,Porcentaje,36.6
2021,Laguntza behar duten pertsonentzako laguntza,,Araba / Álava,Porcentaje,41.0
2019,Laguntza behar duten pertsonentzako laguntza,,Araba / Álava,Porcentaje,66.7
2022,Laguntza behar duten pertsonentzako laguntza,,Araba / Álava,Porcentaje,49.4
2016,Laguntza behar duten pertsonentzako laguntza,,Araba / Álava,Porcentaje,6.7
2018,Laguntza behar duten pertsonentzako laguntza,,Araba / Álava,Porcentaje,37.5
2020,Laguntza behar duten pertsonentzako laguntza,,Araba / Álava,Porcentaje,46.4
2017,Laguntza behar duten pertsonentzako laguntza,,Araba / Álava,Porcentaje,13.0
2020,Laguntza behar duten pertsonentzako laguntza,,Bizkaia,Porcentaje,34.8
2016,Laguntza behar duten pertsonentzako laguntza,,Bizkaia,Porcentaje,23.8
2019,Laguntza behar duten pertsonentzako laguntza,,Bizkaia,Porcentaje,30.8
2022,Laguntza behar duten pertsonentzako laguntza,,Bizkaia,Porcentaje,41.1
2018,Laguntza behar duten pertsonentzako laguntza,,Bizkaia,Porcentaje,46.5
2021,Laguntza behar duten pertsonentzako laguntza,,Bizkaia,Porcentaje,47.9
2017,Laguntza behar duten pertsonentzako laguntza,,Bizkaia,Porcentaje,25.6
2023,Laguntza behar duten pertsonentzako laguntza,,Bizkaia,Porcentaje,43.5
2022,Laguntza behar duten pertsonentzako laguntza,,Gipuzkoa,Porcentaje,38.0
2017,Laguntza behar duten pertsonentzako laguntza,,Gipuzkoa,Porcentaje,42.9
2019,Laguntza behar duten pertsonentzako laguntza,,Gipuzkoa,Porcentaje,44.8
2018,Laguntza behar duten pertsonentzako laguntza,,Gipuzkoa,Porcentaje,42.9
2016,Laguntza behar duten pertsonentzako laguntza,,Gipuzkoa,Porcentaje,37.2
2021,Laguntza behar duten pertsonentzako laguntza,,Gipuzkoa,Porcentaje,36.8
2023,Laguntza behar duten pertsonentzako laguntza,,Gipuzkoa,Porcentaje,36.7
2020,Laguntza behar duten pertsonentzako laguntza,,Gipuzkoa,Porcentaje,42.3
2017,Laguntza behar duten pertsonentzako laguntza,Emakumea,,Porcentaje,27.5
2022,Laguntza behar duten pertsonentzako laguntza,Emakumea,,Porcentaje,35.0
2018,Laguntza behar duten pertsonentzako laguntza,Emakumea,,Porcentaje,42.0
2016,Laguntza behar duten pertsonentzako laguntza,Emakumea,,Porcentaje,22.2
2021,Laguntza behar duten pertsonentzako laguntza,Emakumea,,Porcentaje,42.8
2023,Laguntza behar duten pertsonentzako laguntza,Emakumea,,Porcentaje,39.3
2019,Laguntza behar duten pertsonentzako laguntza,Emakumea,,Porcentaje,38.3
2020,Laguntza behar duten pertsonentzako laguntza,Emakumea,,Porcentaje,32.3
2016,Laguntza behar duten pertsonentzako laguntza,Emakumea,Araba / Álava,Porcentaje,14.3
2018,Laguntza behar duten pertsonentzako laguntza,Emakumea,Araba / Álava,Porcentaje,33.3
2017,Laguntza behar duten pertsonentzako laguntza,Emakumea,Araba / Álava,Porcentaje,10.0
2019,Laguntza behar duten pertsonentzako laguntza,Emakumea,Araba / Álava,Porcentaje,66.7
2020,Laguntza behar duten pertsonentzako laguntza,Emakumea,Araba / Álava,Porcentaje,31.3
2022,Laguntza behar duten pertsonentzako laguntza,Emakumea,Araba / Álava,Porcentaje,51.5
2023,Laguntza behar duten pertsonentzako laguntza,Emakumea,Araba / Álava,Porcentaje,33.7
2021,Laguntza behar duten pertsonentzako laguntza,Emakumea,Araba / Álava,Porcentaje,44.3
2016,Laguntza behar duten pertsonentzako laguntza,Emakumea,Bizkaia,Porcentaje,12.5
2023,Laguntza behar duten pertsonentzako laguntza,Emakumea,Bizkaia,Porcentaje,45.1
2018,Laguntza behar duten pertsonentzako laguntza,Emakumea,Bizkaia,Porcentaje,42.1
2019,Laguntza behar duten pertsonentzako laguntza,Emakumea,Bizkaia,Porcentaje,27.3
2017,Laguntza behar duten pertsonentzako laguntza,Emakumea,Bizkaia,Porcentaje,19.0
2021,Laguntza behar duten pertsonentzako laguntza,Emakumea,Bizkaia,Porcentaje,55.6
2022,Laguntza behar duten pertsonentzako laguntza,Emakumea,Bizkaia,Porcentaje,36.2
2020,Laguntza behar duten pertsonentzako laguntza,Emakumea,Bizkaia,Porcentaje,28.6
2022,Laguntza behar duten pertsonentzako laguntza,Emakumea,Gipuzkoa,Porcentaje,28.7
2023,Laguntza behar duten pertsonentzako laguntza,Emakumea,Gipuzkoa,Porcentaje,37.0
2020,Laguntza behar duten pertsonentzako laguntza,Emakumea,Gipuzkoa,Porcentaje,35.7
2019,Laguntza behar duten pertsonentzako laguntza,Emakumea,Gipuzkoa,Porcentaje,40.6
2018,Laguntza behar duten pertsonentzako laguntza,Emakumea,Gipuzkoa,Porcentaje,45.5
2021,Laguntza behar duten pertsonentzako laguntza,Emakumea,Gipuzkoa,Porcentaje,35.8
2016,Laguntza behar duten pertsonentzako laguntza,Emakumea,Gipuzkoa,Porcentaje,34.8
2017,Laguntza behar duten pertsonentzako laguntza,Emakumea,Gipuzkoa,Porcentaje,45.0
2016,Laguntza behar duten pertsonentzako laguntza,Gizona,,Porcentaje,32.6
2021,Laguntza behar duten pertsonentzako laguntza,Gizona,,Porcentaje,37.9
2023,Laguntza behar duten pertsonentzako laguntza,Gizona,,Porcentaje,38.1
2022,Laguntza behar duten pertsonentzako laguntza,Gizona,,Porcentaje,47.2
2018,Laguntza behar duten pertsonentzako laguntza,Gizona,,Porcentaje,45.1
2019,Laguntza behar duten pertsonentzako laguntza,Gizona,,Porcentaje,46.9
2017,Laguntza behar duten pertsonentzako laguntza,Gizona,,Porcentaje,32.1
2020,Laguntza behar duten pertsonentzako laguntza,Gizona,,Porcentaje,49.2
2023,Laguntza behar duten pertsonentzako laguntza,Gizona,Araba / Álava,Porcentaje,38.6
2020,Laguntza behar duten pertsonentzako laguntza,Gizona,Araba / Álava,Porcentaje,66.7
2022,Laguntza behar duten pertsonentzako laguntza,Gizona,Araba / Álava,Porcentaje,47.2
2021,Laguntza behar duten pertsonentzako laguntza,Gizona,Araba / Álava,Porcentaje,39.0
2019,Laguntza behar duten pertsonentzako laguntza,Gizona,Araba / Álava,Porcentaje,66.7
2017,Laguntza behar duten pertsonentzako laguntza,Gizona,Araba / Álava,Porcentaje,15.4
2018,Laguntza behar duten pertsonentzako laguntza,Gizona,Araba / Álava,Porcentaje,42.9
2018,Laguntza behar duten pertsonentzako laguntza,Gizona,Bizkaia,Porcentaje,50.0
2020,Laguntza behar duten pertsonentzako laguntza,Gizona,Bizkaia,Porcentaje,40.0
2016,Laguntza behar duten pertsonentzako laguntza,Gizona,Bizkaia,Porcentaje,38.9
2022,Laguntza behar duten pertsonentzako laguntza,Gizona,Bizkaia,Porcentaje,50.0
2017,Laguntza behar duten pertsonentzako laguntza,Gizona,Bizkaia,Porcentaje,33.3
2019,Laguntza behar duten pertsonentzako laguntza,Gizona,Bizkaia,Porcentaje,35.3
2021,Laguntza behar duten pertsonentzako laguntza,Gizona,Bizkaia,Porcentaje,36.8
2023,Laguntza behar duten pertsonentzako laguntza,Gizona,Bizkaia,Porcentaje,41.1
2020,Laguntza behar duten pertsonentzako laguntza,Gizona,Gipuzkoa,Porcentaje,50.0
2017,Laguntza behar duten pertsonentzako laguntza,Gizona,Gipuzkoa,Porcentaje,40.9
2023,Laguntza behar duten pertsonentzako laguntza,Gizona,Gipuzkoa,Porcentaje,36.2
2022,Laguntza behar duten pertsonentzako laguntza,Gizona,Gipuzkoa,Porcentaje,46.2
2021,Laguntza behar duten pertsonentzako laguntza,Gizona,Gipuzkoa,Porcentaje,38.1
2018,Laguntza behar duten pertsonentzako laguntza,Gizona,Gipuzkoa,Porcentaje,40.0
2016,Laguntza behar duten pertsonentzako laguntza,Gizona,Gipuzkoa,Porcentaje,40.0
2019,Laguntza behar duten pertsonentzako laguntza,Gizona,Gipuzkoa,Porcentaje,50.0
