Year,Teknologia,Lurralde historikoa,Units,Value
2018,,,100 pertsonako,35.4
2013,,,100 pertsonako,29.0
2022,,,100 pertsonako,39.3
2010,,,100 pertsonako,24.6
2021,,,100 pertsonako,38.8
2014,,,100 pertsonako,30.6
2012,,,100 pertsonako,26.9
2016,,,100 pertsonako,33.4
2020,,,100 pertsonako,37.3
2017,,,100 pertsonako,33.9
2015,,,100 pertsonako,32.0
2019,,,100 pertsonako,36.5
2011,,,100 pertsonako,26.0
2019,,Araba / Álava,100 pertsonako,35.9
2010,,Araba / Álava,100 pertsonako,24.9
2015,,Araba / Álava,100 pertsonako,31.9
2011,,Araba / Álava,100 pertsonako,26.1
2017,,Araba / Álava,100 pertsonako,34.7
2021,,Araba / Álava,100 pertsonako,39.1
2014,,Araba / Álava,100 pertsonako,30.6
2018,,Araba / Álava,100 pertsonako,35.9
2016,,Araba / Álava,100 pertsonako,34.3
2012,,Araba / Álava,100 pertsonako,26.6
2020,,Araba / Álava,100 pertsonako,36.2
2022,,Araba / Álava,100 pertsonako,39.1
2013,,Araba / Álava,100 pertsonako,29.0
2015,,Bizkaia,100 pertsonako,31.6
2020,,Bizkaia,100 pertsonako,37.4
2018,,Bizkaia,100 pertsonako,35.0
2012,,Bizkaia,100 pertsonako,26.5
2011,,Bizkaia,100 pertsonako,25.7
2019,,Bizkaia,100 pertsonako,36.5
2017,,Bizkaia,100 pertsonako,32.8
2016,,Bizkaia,100 pertsonako,32.8
2014,,Bizkaia,100 pertsonako,30.1
2010,,Bizkaia,100 pertsonako,24.2
2021,,Bizkaia,100 pertsonako,38.5
2022,,Bizkaia,100 pertsonako,39.0
2013,,Bizkaia,100 pertsonako,28.7
2022,,Gipuzkoa,100 pertsonako,39.9
2014,,Gipuzkoa,100 pertsonako,31.4
2018,,Gipuzkoa,100 pertsonako,35.6
2012,,Gipuzkoa,100 pertsonako,27.6
2021,,Gipuzkoa,100 pertsonako,39.2
2019,,Gipuzkoa,100 pertsonako,36.7
2015,,Gipuzkoa,100 pertsonako,32.7
2017,,Gipuzkoa,100 pertsonako,35.2
2013,,Gipuzkoa,100 pertsonako,29.5
2020,,Gipuzkoa,100 pertsonako,37.5
2010,,Gipuzkoa,100 pertsonako,25.2
2016,,Gipuzkoa,100 pertsonako,33.9
2011,,Gipuzkoa,100 pertsonako,26.4
2018,DSL,,100 pertsonako,5.8
2020,DSL,,100 pertsonako,2.5
2014,DSL,,100 pertsonako,16.6
2013,DSL,,100 pertsonako,16.6
2017,DSL,,100 pertsonako,8.3
2015,DSL,,100 pertsonako,15.4
2012,DSL,,100 pertsonako,15.3
2022,DSL,,100 pertsonako,1.3
2021,DSL,,100 pertsonako,1.9
2011,DSL,,100 pertsonako,14.5
2016,DSL,,100 pertsonako,11.3
2010,DSL,,100 pertsonako,14.1
2019,DSL,,100 pertsonako,3.8
2012,DSL,Araba / Álava,100 pertsonako,17.5
2020,DSL,Araba / Álava,100 pertsonako,2.3
2019,DSL,Araba / Álava,100 pertsonako,4.6
2016,DSL,Araba / Álava,100 pertsonako,13.2
2011,DSL,Araba / Álava,100 pertsonako,17.2
2010,DSL,Araba / Álava,100 pertsonako,17.4
2021,DSL,Araba / Álava,100 pertsonako,1.5
2013,DSL,Araba / Álava,100 pertsonako,18.9
2014,DSL,Araba / Álava,100 pertsonako,18.8
2017,DSL,Araba / Álava,100 pertsonako,9.6
2015,DSL,Araba / Álava,100 pertsonako,17.2
2022,DSL,Araba / Álava,100 pertsonako,1.0
2018,DSL,Araba / Álava,100 pertsonako,7.5
2021,DSL,Bizkaia,100 pertsonako,1.7
2022,DSL,Bizkaia,100 pertsonako,1.2
2018,DSL,Bizkaia,100 pertsonako,4.8
2014,DSL,Bizkaia,100 pertsonako,15.4
2017,DSL,Bizkaia,100 pertsonako,7.2
2015,DSL,Bizkaia,100 pertsonako,14.3
2011,DSL,Bizkaia,100 pertsonako,13.3
2010,DSL,Bizkaia,100 pertsonako,12.7
2020,DSL,Bizkaia,100 pertsonako,2.2
2016,DSL,Bizkaia,100 pertsonako,10.1
2019,DSL,Bizkaia,100 pertsonako,3.2
2013,DSL,Bizkaia,100 pertsonako,15.6
2012,DSL,Bizkaia,100 pertsonako,14.1
2020,DSL,Gipuzkoa,100 pertsonako,3.2
2021,DSL,Gipuzkoa,100 pertsonako,2.3
2010,DSL,Gipuzkoa,100 pertsonako,14.9
2019,DSL,Gipuzkoa,100 pertsonako,4.4
2018,DSL,Gipuzkoa,100 pertsonako,6.5
2017,DSL,Gipuzkoa,100 pertsonako,9.4
2016,DSL,Gipuzkoa,100 pertsonako,12.2
2014,DSL,Gipuzkoa,100 pertsonako,17.4
2013,DSL,Gipuzkoa,100 pertsonako,17.3
2012,DSL,Gipuzkoa,100 pertsonako,16.3
2011,DSL,Gipuzkoa,100 pertsonako,15.3
2015,DSL,Gipuzkoa,100 pertsonako,16.5
2022,DSL,Gipuzkoa,100 pertsonako,1.6
2012,Zuntz optikoko kablea (FTTH),,100 pertsonako,0.2
2020,Zuntz optikoko kablea (FTTH),,100 pertsonako,22.5
2015,Zuntz optikoko kablea (FTTH),,100 pertsonako,4.1
2014,Zuntz optikoko kablea (FTTH),,100 pertsonako,1.9
2022,Zuntz optikoko kablea (FTTH),,100 pertsonako,30.2
2019,Zuntz optikoko kablea (FTTH),,100 pertsonako,19.9
2011,Zuntz optikoko kablea (FTTH),,100 pertsonako,0.2
2016,Zuntz optikoko kablea (FTTH),,100 pertsonako,9.4
2010,Zuntz optikoko kablea (FTTH),,100 pertsonako,0.1
2018,Zuntz optikoko kablea (FTTH),,100 pertsonako,16.8
2021,Zuntz optikoko kablea (FTTH),,100 pertsonako,26.5
2013,Zuntz optikoko kablea (FTTH),,100 pertsonako,0.5
2017,Zuntz optikoko kablea (FTTH),,100 pertsonako,12.7
2021,Zuntz optikoko kablea (FTTH),Araba / Álava,100 pertsonako,29.9
2018,Zuntz optikoko kablea (FTTH),Araba / Álava,100 pertsonako,19.4
2013,Zuntz optikoko kablea (FTTH),Araba / Álava,100 pertsonako,0.9
2010,Zuntz optikoko kablea (FTTH),Araba / Álava,100 pertsonako,0.3
2011,Zuntz optikoko kablea (FTTH),Araba / Álava,100 pertsonako,0.4
2012,Zuntz optikoko kablea (FTTH),Araba / Álava,100 pertsonako,0.5
2020,Zuntz optikoko kablea (FTTH),Araba / Álava,100 pertsonako,26.4
2019,Zuntz optikoko kablea (FTTH),Araba / Álava,100 pertsonako,22.4
2022,Zuntz optikoko kablea (FTTH),Araba / Álava,100 pertsonako,33.0
2017,Zuntz optikoko kablea (FTTH),Araba / Álava,100 pertsonako,16.1
2016,Zuntz optikoko kablea (FTTH),Araba / Álava,100 pertsonako,11.5
2015,Zuntz optikoko kablea (FTTH),Araba / Álava,100 pertsonako,5.3
2014,Zuntz optikoko kablea (FTTH),Araba / Álava,100 pertsonako,2.3
2015,Zuntz optikoko kablea (FTTH),Bizkaia,100 pertsonako,3.7
2012,Zuntz optikoko kablea (FTTH),Bizkaia,100 pertsonako,0.1
2011,Zuntz optikoko kablea (FTTH),Bizkaia,100 pertsonako,0.1
2013,Zuntz optikoko kablea (FTTH),Bizkaia,100 pertsonako,0.3
2016,Zuntz optikoko kablea (FTTH),Bizkaia,100 pertsonako,8.8
2014,Zuntz optikoko kablea (FTTH),Bizkaia,100 pertsonako,1.7
2010,Zuntz optikoko kablea (FTTH),Bizkaia,100 pertsonako,0.0
2018,Zuntz optikoko kablea (FTTH),Bizkaia,100 pertsonako,16.1
2019,Zuntz optikoko kablea (FTTH),Bizkaia,100 pertsonako,19.2
2022,Zuntz optikoko kablea (FTTH),Bizkaia,100 pertsonako,29.6
2017,Zuntz optikoko kablea (FTTH),Bizkaia,100 pertsonako,11.3
2021,Zuntz optikoko kablea (FTTH),Bizkaia,100 pertsonako,25.5
2020,Zuntz optikoko kablea (FTTH),Bizkaia,100 pertsonako,21.4
2021,Zuntz optikoko kablea (FTTH),Gipuzkoa,100 pertsonako,26.6
2018,Zuntz optikoko kablea (FTTH),Gipuzkoa,100 pertsonako,16.7
2022,Zuntz optikoko kablea (FTTH),Gipuzkoa,100 pertsonako,29.8
2020,Zuntz optikoko kablea (FTTH),Gipuzkoa,100 pertsonako,22.3
2019,Zuntz optikoko kablea (FTTH),Gipuzkoa,100 pertsonako,20.0
2017,Zuntz optikoko kablea (FTTH),Gipuzkoa,100 pertsonako,13.4
2016,Zuntz optikoko kablea (FTTH),Gipuzkoa,100 pertsonako,9.3
2014,Zuntz optikoko kablea (FTTH),Gipuzkoa,100 pertsonako,2.2
2013,Zuntz optikoko kablea (FTTH),Gipuzkoa,100 pertsonako,0.7
2012,Zuntz optikoko kablea (FTTH),Gipuzkoa,100 pertsonako,0.2
2011,Zuntz optikoko kablea (FTTH),Gipuzkoa,100 pertsonako,0.1
2010,Zuntz optikoko kablea (FTTH),Gipuzkoa,100 pertsonako,0.0
2015,Zuntz optikoko kablea (FTTH),Gipuzkoa,100 pertsonako,4.0
2019,"Zuntz hibridoa, kable ardazkidea (HFC)",,100 pertsonako,12.5
2021,"Zuntz hibridoa, kable ardazkidea (HFC)",,100 pertsonako,10.1
2011,"Zuntz hibridoa, kable ardazkidea (HFC)",,100 pertsonako,11.1
2015,"Zuntz hibridoa, kable ardazkidea (HFC)",,100 pertsonako,12.2
2013,"Zuntz hibridoa, kable ardazkidea (HFC)",,100 pertsonako,11.7
2014,"Zuntz hibridoa, kable ardazkidea (HFC)",,100 pertsonako,11.9
2020,"Zuntz hibridoa, kable ardazkidea (HFC)",,100 pertsonako,11.9
2022,"Zuntz hibridoa, kable ardazkidea (HFC)",,100 pertsonako,7.5
2017,"Zuntz hibridoa, kable ardazkidea (HFC)",,100 pertsonako,12.6
2018,"Zuntz hibridoa, kable ardazkidea (HFC)",,100 pertsonako,12.5
2016,"Zuntz hibridoa, kable ardazkidea (HFC)",,100 pertsonako,12.5
2012,"Zuntz hibridoa, kable ardazkidea (HFC)",,100 pertsonako,11.2
2010,"Zuntz hibridoa, kable ardazkidea (HFC)",,100 pertsonako,10.2
2018,"Zuntz hibridoa, kable ardazkidea (HFC)",Araba / Álava,100 pertsonako,8.6
2016,"Zuntz hibridoa, kable ardazkidea (HFC)",Araba / Álava,100 pertsonako,9.2
2014,"Zuntz hibridoa, kable ardazkidea (HFC)",Araba / Álava,100 pertsonako,9.2
2020,"Zuntz hibridoa, kable ardazkidea (HFC)",Araba / Álava,100 pertsonako,7.2
2022,"Zuntz hibridoa, kable ardazkidea (HFC)",Araba / Álava,100 pertsonako,4.8
2021,"Zuntz hibridoa, kable ardazkidea (HFC)",Araba / Álava,100 pertsonako,7.3
2019,"Zuntz hibridoa, kable ardazkidea (HFC)",Araba / Álava,100 pertsonako,8.5
2017,"Zuntz hibridoa, kable ardazkidea (HFC)",Araba / Álava,100 pertsonako,8.7
2015,"Zuntz hibridoa, kable ardazkidea (HFC)",Araba / Álava,100 pertsonako,9.1
2013,"Zuntz hibridoa, kable ardazkidea (HFC)",Araba / Álava,100 pertsonako,8.9
2012,"Zuntz hibridoa, kable ardazkidea (HFC)",Araba / Álava,100 pertsonako,8.2
2010,"Zuntz hibridoa, kable ardazkidea (HFC)",Araba / Álava,100 pertsonako,6.7
2011,"Zuntz hibridoa, kable ardazkidea (HFC)",Araba / Álava,100 pertsonako,8.0
2021,"Zuntz hibridoa, kable ardazkidea (HFC)",Bizkaia,100 pertsonako,11.0
2020,"Zuntz hibridoa, kable ardazkidea (HFC)",Bizkaia,100 pertsonako,13.4
2019,"Zuntz hibridoa, kable ardazkidea (HFC)",Bizkaia,100 pertsonako,13.8
2018,"Zuntz hibridoa, kable ardazkidea (HFC)",Bizkaia,100 pertsonako,13.9
2017,"Zuntz hibridoa, kable ardazkidea (HFC)",Bizkaia,100 pertsonako,14.0
2016,"Zuntz hibridoa, kable ardazkidea (HFC)",Bizkaia,100 pertsonako,13.7
2015,"Zuntz hibridoa, kable ardazkidea (HFC)",Bizkaia,100 pertsonako,13.3
2014,"Zuntz hibridoa, kable ardazkidea (HFC)",Bizkaia,100 pertsonako,12.9
2013,"Zuntz hibridoa, kable ardazkidea (HFC)",Bizkaia,100 pertsonako,12.7
2012,"Zuntz hibridoa, kable ardazkidea (HFC)",Bizkaia,100 pertsonako,12.1
2011,"Zuntz hibridoa, kable ardazkidea (HFC)",Bizkaia,100 pertsonako,12.1
2010,"Zuntz hibridoa, kable ardazkidea (HFC)",Bizkaia,100 pertsonako,11.3
2022,"Zuntz hibridoa, kable ardazkidea (HFC)",Bizkaia,100 pertsonako,7.9
2019,"Zuntz hibridoa, kable ardazkidea (HFC)",Gipuzkoa,100 pertsonako,12.1
2018,"Zuntz hibridoa, kable ardazkidea (HFC)",Gipuzkoa,100 pertsonako,12.1
2017,"Zuntz hibridoa, kable ardazkidea (HFC)",Gipuzkoa,100 pertsonako,12.2
2016,"Zuntz hibridoa, kable ardazkidea (HFC)",Gipuzkoa,100 pertsonako,12.1
2015,"Zuntz hibridoa, kable ardazkidea (HFC)",Gipuzkoa,100 pertsonako,11.9
2014,"Zuntz hibridoa, kable ardazkidea (HFC)",Gipuzkoa,100 pertsonako,11.6
2013,"Zuntz hibridoa, kable ardazkidea (HFC)",Gipuzkoa,100 pertsonako,11.3
2012,"Zuntz hibridoa, kable ardazkidea (HFC)",Gipuzkoa,100 pertsonako,10.9
2011,"Zuntz hibridoa, kable ardazkidea (HFC)",Gipuzkoa,100 pertsonako,10.7
2010,"Zuntz hibridoa, kable ardazkidea (HFC)",Gipuzkoa,100 pertsonako,10.0
2022,"Zuntz hibridoa, kable ardazkidea (HFC)",Gipuzkoa,100 pertsonako,8.1
2021,"Zuntz hibridoa, kable ardazkidea (HFC)",Gipuzkoa,100 pertsonako,10.0
2020,"Zuntz hibridoa, kable ardazkidea (HFC)",Gipuzkoa,100 pertsonako,11.7
2010,Beste teknologia batzuk,,100 pertsonako,0.2
2018,Beste teknologia batzuk,,100 pertsonako,0.3
2020,Beste teknologia batzuk,,100 pertsonako,0.3
2019,Beste teknologia batzuk,,100 pertsonako,0.3
2014,Beste teknologia batzuk,,100 pertsonako,0.2
2012,Beste teknologia batzuk,,100 pertsonako,0.2
2011,Beste teknologia batzuk,,100 pertsonako,0.2
2017,Beste teknologia batzuk,,100 pertsonako,0.3
2013,Beste teknologia batzuk,,100 pertsonako,0.2
2022,Beste teknologia batzuk,,100 pertsonako,0.3
2021,Beste teknologia batzuk,,100 pertsonako,0.3
2016,Beste teknologia batzuk,,100 pertsonako,0.3
2015,Beste teknologia batzuk,,100 pertsonako,0.2
2012,Beste teknologia batzuk,Araba / Álava,100 pertsonako,0.4
2010,Beste teknologia batzuk,Araba / Álava,100 pertsonako,0.5
2011,Beste teknologia batzuk,Araba / Álava,100 pertsonako,0.4
2015,Beste teknologia batzuk,Araba / Álava,100 pertsonako,0.4
2016,Beste teknologia batzuk,Araba / Álava,100 pertsonako,0.4
2017,Beste teknologia batzuk,Araba / Álava,100 pertsonako,0.4
2020,Beste teknologia batzuk,Araba / Álava,100 pertsonako,0.3
2019,Beste teknologia batzuk,Araba / Álava,100 pertsonako,0.4
2022,Beste teknologia batzuk,Araba / Álava,100 pertsonako,0.3
2021,Beste teknologia batzuk,Araba / Álava,100 pertsonako,0.3
2018,Beste teknologia batzuk,Araba / Álava,100 pertsonako,0.5
2014,Beste teknologia batzuk,Araba / Álava,100 pertsonako,0.4
2013,Beste teknologia batzuk,Araba / Álava,100 pertsonako,0.4
2013,Beste teknologia batzuk,Bizkaia,100 pertsonako,0.1
2022,Beste teknologia batzuk,Bizkaia,100 pertsonako,0.3
2021,Beste teknologia batzuk,Bizkaia,100 pertsonako,0.3
2020,Beste teknologia batzuk,Bizkaia,100 pertsonako,0.4
2019,Beste teknologia batzuk,Bizkaia,100 pertsonako,0.3
2018,Beste teknologia batzuk,Bizkaia,100 pertsonako,0.3
2017,Beste teknologia batzuk,Bizkaia,100 pertsonako,0.3
2016,Beste teknologia batzuk,Bizkaia,100 pertsonako,0.2
2015,Beste teknologia batzuk,Bizkaia,100 pertsonako,0.2
2014,Beste teknologia batzuk,Bizkaia,100 pertsonako,0.2
2012,Beste teknologia batzuk,Bizkaia,100 pertsonako,0.1
2011,Beste teknologia batzuk,Bizkaia,100 pertsonako,0.2
2010,Beste teknologia batzuk,Bizkaia,100 pertsonako,0.2
2014,Beste teknologia batzuk,Gipuzkoa,100 pertsonako,0.2
2010,Beste teknologia batzuk,Gipuzkoa,100 pertsonako,0.3
2018,Beste teknologia batzuk,Gipuzkoa,100 pertsonako,0.3
2022,Beste teknologia batzuk,Gipuzkoa,100 pertsonako,0.4
2021,Beste teknologia batzuk,Gipuzkoa,100 pertsonako,0.3
2020,Beste teknologia batzuk,Gipuzkoa,100 pertsonako,0.3
2019,Beste teknologia batzuk,Gipuzkoa,100 pertsonako,0.3
2017,Beste teknologia batzuk,Gipuzkoa,100 pertsonako,0.3
2016,Beste teknologia batzuk,Gipuzkoa,100 pertsonako,0.2
2015,Beste teknologia batzuk,Gipuzkoa,100 pertsonako,0.2
2013,Beste teknologia batzuk,Gipuzkoa,100 pertsonako,0.2
2012,Beste teknologia batzuk,Gipuzkoa,100 pertsonako,0.2
2011,Beste teknologia batzuk,Gipuzkoa,100 pertsonako,0.2
