Year,Sexua,Lurralde historikoa,Units,Value
2010,,,%,58.4
2013,,,%,73.8
2018,,,%,87.9
2021,,,%,94.0
2024,,,%,97.6
2008,,,%,55.4
2014,,,%,76.4
2016,,,%,83.7
2023,,,%,96.3
2020,,,%,91.7
2015,,,%,80.2
2022,,,%,94.3
2017,,,%,84.3
2019,,,%,89.1
2012,,,%,64.3
2011,,,%,63.5
2009,,,%,57.7
2025,,,%,97.4
2020,,Araba / Álava,%,91.1
2010,,Araba / Álava,%,61.8
2017,,Araba / Álava,%,86.4
2013,,Araba / Álava,%,75.4
2018,,Araba / Álava,%,90.5
2025,,Araba / Álava,%,97.0
2009,,Araba / Álava,%,56.2
2011,,Araba / Álava,%,61.2
2008,,Araba / Álava,%,55.3
2024,,Araba / Álava,%,97.5
2022,,Araba / Álava,%,93.7
2021,,Araba / Álava,%,94.2
2014,,Araba / Álava,%,76.4
2023,,Araba / Álava,%,96.6
2019,,Araba / Álava,%,89.2
2015,,Araba / Álava,%,80.9
2016,,Araba / Álava,%,83.9
2012,,Araba / Álava,%,64.5
2023,,Bizkaia,%,96.5
2012,,Bizkaia,%,62.1
2009,,Bizkaia,%,57.8
2015,,Bizkaia,%,80.2
2011,,Bizkaia,%,62.6
2024,,Bizkaia,%,98.0
2013,,Bizkaia,%,74.0
2017,,Bizkaia,%,83.5
2008,,Bizkaia,%,55.2
2025,,Bizkaia,%,97.5
2022,,Bizkaia,%,94.5
2018,,Bizkaia,%,87.5
2014,,Bizkaia,%,77.2
2020,,Bizkaia,%,91.4
2019,,Bizkaia,%,89.7
2010,,Bizkaia,%,55.2
2021,,Bizkaia,%,94.0
2016,,Bizkaia,%,84.0
2011,,Gipuzkoa,%,66.0
2015,,Gipuzkoa,%,79.8
2024,,Gipuzkoa,%,97.0
2021,,Gipuzkoa,%,93.8
2016,,Gipuzkoa,%,83.0
2010,,Gipuzkoa,%,62.3
2013,,Gipuzkoa,%,72.8
2022,,Gipuzkoa,%,94.4
2014,,Gipuzkoa,%,75.1
2017,,Gipuzkoa,%,84.5
2025,,Gipuzkoa,%,97.4
2008,,Gipuzkoa,%,55.7
2009,,Gipuzkoa,%,58.2
2012,,Gipuzkoa,%,67.7
2020,,Gipuzkoa,%,92.5
2018,,Gipuzkoa,%,87.4
2019,,Gipuzkoa,%,88.2
2023,,Gipuzkoa,%,96.0
2022,Emakumea,,%,94.8
2014,Emakumea,,%,74.4
2013,Emakumea,,%,70.2
2020,Emakumea,,%,92.1
2025,Emakumea,,%,97.7
2010,Emakumea,,%,55.7
2009,Emakumea,,%,54.9
2016,Emakumea,,%,82.7
2023,Emakumea,,%,97.0
2008,Emakumea,,%,52.4
2024,Emakumea,,%,97.9
2019,Emakumea,,%,88.6
2015,Emakumea,,%,77.3
2017,Emakumea,,%,84.0
2021,Emakumea,,%,94.6
2011,Emakumea,,%,60.5
2012,Emakumea,,%,61.1
2018,Emakumea,,%,86.6
2017,Emakumea,Araba / Álava,%,86.9
2016,Emakumea,Araba / Álava,%,81.8
2015,Emakumea,Araba / Álava,%,77.6
2014,Emakumea,Araba / Álava,%,75.0
2013,Emakumea,Araba / Álava,%,72.9
2012,Emakumea,Araba / Álava,%,62.5
2009,Emakumea,Araba / Álava,%,54.0
2010,Emakumea,Araba / Álava,%,60.8
2011,Emakumea,Araba / Álava,%,60.2
2019,Emakumea,Araba / Álava,%,89.2
2025,Emakumea,Araba / Álava,%,96.3
2008,Emakumea,Araba / Álava,%,53.1
2023,Emakumea,Araba / Álava,%,97.6
2018,Emakumea,Araba / Álava,%,88.9
2024,Emakumea,Araba / Álava,%,98.6
2022,Emakumea,Araba / Álava,%,92.5
2020,Emakumea,Araba / Álava,%,92.4
2021,Emakumea,Araba / Álava,%,95.3
2025,Emakumea,Bizkaia,%,97.7
2024,Emakumea,Bizkaia,%,97.9
2023,Emakumea,Bizkaia,%,96.7
2021,Emakumea,Bizkaia,%,94.5
2020,Emakumea,Bizkaia,%,91.6
2019,Emakumea,Bizkaia,%,88.2
2017,Emakumea,Bizkaia,%,83.1
2016,Emakumea,Bizkaia,%,83.1
2014,Emakumea,Bizkaia,%,75.3
2013,Emakumea,Bizkaia,%,69.6
2012,Emakumea,Bizkaia,%,59.1
2009,Emakumea,Bizkaia,%,54.4
2008,Emakumea,Bizkaia,%,51.7
2015,Emakumea,Bizkaia,%,76.7
2010,Emakumea,Bizkaia,%,52.4
2018,Emakumea,Bizkaia,%,85.5
2022,Emakumea,Bizkaia,%,94.9
2011,Emakumea,Bizkaia,%,57.9
2014,Emakumea,Gipuzkoa,%,72.7
2013,Emakumea,Gipuzkoa,%,70.1
2020,Emakumea,Gipuzkoa,%,92.7
2024,Emakumea,Gipuzkoa,%,97.6
2012,Emakumea,Gipuzkoa,%,63.8
2011,Emakumea,Gipuzkoa,%,64.9
2009,Emakumea,Gipuzkoa,%,56.2
2008,Emakumea,Gipuzkoa,%,53.4
2010,Emakumea,Gipuzkoa,%,59.0
2019,Emakumea,Gipuzkoa,%,89.1
2015,Emakumea,Gipuzkoa,%,78.1
2016,Emakumea,Gipuzkoa,%,82.5
2025,Emakumea,Gipuzkoa,%,98.4
2021,Emakumea,Gipuzkoa,%,94.4
2023,Emakumea,Gipuzkoa,%,97.2
2022,Emakumea,Gipuzkoa,%,95.9
2017,Emakumea,Gipuzkoa,%,84.3
2018,Emakumea,Gipuzkoa,%,87.5
2014,Gizona,,%,78.4
2012,Gizona,,%,67.5
2023,Gizona,,%,95.7
2017,Gizona,,%,84.5
2019,Gizona,,%,89.6
2020,Gizona,,%,91.3
2011,Gizona,,%,66.5
2022,Gizona,,%,93.8
2015,Gizona,,%,83.1
2024,Gizona,,%,97.2
2021,Gizona,,%,93.4
2018,Gizona,,%,89.2
2025,Gizona,,%,97.1
2009,Gizona,,%,60.5
2016,Gizona,,%,84.6
2010,Gizona,,%,61.2
2013,Gizona,,%,77.4
2008,Gizona,,%,58.3
2012,Gizona,Araba / Álava,%,66.5
2022,Gizona,Araba / Álava,%,95.0
2015,Gizona,Araba / Álava,%,84.2
2023,Gizona,Araba / Álava,%,95.5
2009,Gizona,Araba / Álava,%,58.4
2008,Gizona,Araba / Álava,%,57.5
2014,Gizona,Araba / Álava,%,77.8
2021,Gizona,Araba / Álava,%,93.0
2016,Gizona,Araba / Álava,%,86.0
2024,Gizona,Araba / Álava,%,96.4
2020,Gizona,Araba / Álava,%,89.8
2025,Gizona,Araba / Álava,%,97.7
2013,Gizona,Araba / Álava,%,77.9
2017,Gizona,Araba / Álava,%,85.9
2018,Gizona,Araba / Álava,%,92.2
2010,Gizona,Araba / Álava,%,62.9
2019,Gizona,Araba / Álava,%,89.2
2011,Gizona,Araba / Álava,%,62.1
2025,Gizona,Bizkaia,%,97.3
2024,Gizona,Bizkaia,%,98.0
2023,Gizona,Bizkaia,%,96.3
2022,Gizona,Bizkaia,%,94.1
2021,Gizona,Bizkaia,%,93.6
2020,Gizona,Bizkaia,%,91.2
2019,Gizona,Bizkaia,%,91.3
2018,Gizona,Bizkaia,%,89.6
2017,Gizona,Bizkaia,%,83.9
2016,Gizona,Bizkaia,%,85.0
2015,Gizona,Bizkaia,%,83.8
2014,Gizona,Bizkaia,%,79.1
2013,Gizona,Bizkaia,%,78.5
2012,Gizona,Bizkaia,%,65.3
2011,Gizona,Bizkaia,%,67.3
2010,Gizona,Bizkaia,%,58.1
2009,Gizona,Bizkaia,%,61.2
2008,Gizona,Bizkaia,%,58.8
2008,Gizona,Gipuzkoa,%,57.9
2025,Gizona,Gipuzkoa,%,96.5
2024,Gizona,Gipuzkoa,%,96.3
2023,Gizona,Gipuzkoa,%,94.8
2022,Gizona,Gipuzkoa,%,92.9
2021,Gizona,Gipuzkoa,%,93.2
2020,Gizona,Gipuzkoa,%,92.3
2019,Gizona,Gipuzkoa,%,87.2
2018,Gizona,Gipuzkoa,%,87.3
2017,Gizona,Gipuzkoa,%,84.8
2016,Gizona,Gipuzkoa,%,83.4
2015,Gizona,Gipuzkoa,%,81.5
2014,Gizona,Gipuzkoa,%,77.5
2013,Gizona,Gipuzkoa,%,75.4
2011,Gizona,Gipuzkoa,%,67.2
2010,Gizona,Gipuzkoa,%,65.4
2009,Gizona,Gipuzkoa,%,60.1
2012,Gizona,Gipuzkoa,%,71.6
