Year,Series,Units,Value
2000,Elikagaien segurtasun-gabezia larriaren edo oso larriaren prebalentzia,PT,3.5
2004,Elikagaien segurtasun-gabezia larriaren edo oso larriaren prebalentzia,PT,5.2
2008,Elikagaien segurtasun-gabezia larriaren edo oso larriaren prebalentzia,PT,5.7
2012,Elikagaien segurtasun-gabezia larriaren edo oso larriaren prebalentzia,PT,7.7
2014,Elikagaien segurtasun-gabezia larriaren edo oso larriaren prebalentzia,PT,7.5
2016,Elikagaien segurtasun-gabezia larriaren edo oso larriaren prebalentzia,PT,6.7
2018,Elikagaien segurtasun-gabezia larriaren edo oso larriaren prebalentzia,PT,3.9
2020,Elikagaien segurtasun-gabezia larriaren edo oso larriaren prebalentzia,PT,3.7
2022,Elikagaien segurtasun-gabezia larriaren edo oso larriaren prebalentzia,PT,3.0
2000,Elikagaien segurtasun-gabezia oso larriaren prebalentzia,PT,1.1
2004,Elikagaien segurtasun-gabezia oso larriaren prebalentzia,PT,2.7
2008,Elikagaien segurtasun-gabezia oso larriaren prebalentzia,PT,2.1
2012,Elikagaien segurtasun-gabezia oso larriaren prebalentzia,PT,3.1
2014,Elikagaien segurtasun-gabezia oso larriaren prebalentzia,PT,2.9
2016,Elikagaien segurtasun-gabezia oso larriaren prebalentzia,PT,3.1
2018,Elikagaien segurtasun-gabezia oso larriaren prebalentzia,PT,1.8
2020,Elikagaien segurtasun-gabezia oso larriaren prebalentzia,PT,1.9
2022,Elikagaien segurtasun-gabezia oso larriaren prebalentzia,PT,1.1
