Year,Series,Units,Value
2014,Hektarea bakoitzeko nekazaritza-ekoizpenaren balio onargarria edo desiragarria lortu duen nekazaritza-azaleraren proportzioa,PT,27.73
2015,Hektarea bakoitzeko nekazaritza-ekoizpenaren balio onargarria edo desiragarria lortu duen nekazaritza-azaleraren proportzioa,PT,30.21
2016,Hektarea bakoitzeko nekazaritza-ekoizpenaren balio onargarria edo desiragarria lortu duen nekazaritza-azaleraren proportzioa,PT,20.46
2017,Hektarea bakoitzeko nekazaritza-ekoizpenaren balio onargarria edo desiragarria lortu duen nekazaritza-azaleraren proportzioa,PT,24.62
2018,Hektarea bakoitzeko nekazaritza-ekoizpenaren balio onargarria edo desiragarria lortu duen nekazaritza-azaleraren proportzioa,PT,23.52
2019,Hektarea bakoitzeko nekazaritza-ekoizpenaren balio onargarria edo desiragarria lortu duen nekazaritza-azaleraren proportzioa,PT,28.37
2020,Hektarea bakoitzeko nekazaritza-ekoizpenaren balio onargarria edo desiragarria lortu duen nekazaritza-azaleraren proportzioa,PT,18.38
2021,Hektarea bakoitzeko nekazaritza-ekoizpenaren balio onargarria edo desiragarria lortu duen nekazaritza-azaleraren proportzioa,PT,16.8
2022,Hektarea bakoitzeko nekazaritza-ekoizpenaren balio onargarria edo desiragarria lortu duen nekazaritza-azaleraren proportzioa,PT,16.86
2016,Nekazaritzako diru-sarrera garbien maila onargarria edo desiragarria lortu duten nekazaritza-lurren azaleraren proportzioa,PT,98.77
2017,Nekazaritzako diru-sarrera garbien maila onargarria edo desiragarria lortu duten nekazaritza-lurren azaleraren proportzioa,PT,97.65
2018,Nekazaritzako diru-sarrera garbien maila onargarria edo desiragarria lortu duten nekazaritza-lurren azaleraren proportzioa,PT,99.13
2019,Nekazaritzako diru-sarrera garbien maila onargarria edo desiragarria lortu duten nekazaritza-lurren azaleraren proportzioa,PT,99.91
2020,Nekazaritzako diru-sarrera garbien maila onargarria edo desiragarria lortu duten nekazaritza-lurren azaleraren proportzioa,PT,99.83
2021,Nekazaritzako diru-sarrera garbien maila onargarria edo desiragarria lortu duten nekazaritza-lurren azaleraren proportzioa,PT,99.39
2022,Nekazaritzako diru-sarrera garbien maila onargarria edo desiragarria lortu duten nekazaritza-lurren azaleraren proportzioa,PT,97.79
