Year,Lurralde historikoa,Eskualdea,Udalerria,Units,GeoCode,Value
2020,,,,%,,0.7
2016,,,,%,,0.7
2018,,,,%,,0.8
2024,,,,%,,0.8
2012,,,,%,,0.8
2019,,,,%,,0.8
2015,,,,%,,0.7
2022,,,,%,,0.8
2014,,,,%,,0.7
2017,,,,%,,0.9
2023,,,,%,,0.9
2013,,,,%,,0.8
2010,,,,%,,0.7
2011,,,,%,,0.7
2021,,,,%,,0.8
2021,,,Abadiño,%,Abadiño,0.2
2016,,,Abadiño,%,Abadiño,0.2
2014,,,Abadiño,%,Abadiño,0.1
2022,,,Abadiño,%,Abadiño,0.3
2020,,,Abadiño,%,Abadiño,0.2
2017,,,Abadiño,%,Abadiño,0.2
2015,,,Abadiño,%,Abadiño,0.1
2019,,,Abadiño,%,Abadiño,0.2
2018,,,Abadiño,%,Abadiño,0.2
2016,,,Abaltzisketa,%,Abaltzisketa,6.1
2015,,,Abaltzisketa,%,Abaltzisketa,7.6
2017,,,Abaltzisketa,%,Abaltzisketa,5.6
2021,,,Abaltzisketa,%,Abaltzisketa,6.2
2018,,,Abaltzisketa,%,Abaltzisketa,4.5
2020,,,Abaltzisketa,%,Abaltzisketa,5.2
2019,,,Abaltzisketa,%,Abaltzisketa,5.2
2014,,,Abaltzisketa,%,Abaltzisketa,5.2
2022,,,Abaltzisketa,%,Abaltzisketa,8.2
2021,,,Abanto y Ciérvana-Abanto Zierbena,%,Abanto y Ciérvana-Abanto Zierbena,0.2
2017,,,Abanto y Ciérvana-Abanto Zierbena,%,Abanto y Ciérvana-Abanto Zierbena,0.2
2018,,,Abanto y Ciérvana-Abanto Zierbena,%,Abanto y Ciérvana-Abanto Zierbena,0.2
2015,,,Abanto y Ciérvana-Abanto Zierbena,%,Abanto y Ciérvana-Abanto Zierbena,0.3
2014,,,Abanto y Ciérvana-Abanto Zierbena,%,Abanto y Ciérvana-Abanto Zierbena,0.4
2022,,,Abanto y Ciérvana-Abanto Zierbena,%,Abanto y Ciérvana-Abanto Zierbena,0.2
2020,,,Abanto y Ciérvana-Abanto Zierbena,%,Abanto y Ciérvana-Abanto Zierbena,0.2
2019,,,Abanto y Ciérvana-Abanto Zierbena,%,Abanto y Ciérvana-Abanto Zierbena,0.2
2016,,,Abanto y Ciérvana-Abanto Zierbena,%,Abanto y Ciérvana-Abanto Zierbena,0.2
2015,,,Aduna,%,Aduna,0.6
2019,,,Aduna,%,Aduna,0.5
2021,,,Aduna,%,Aduna,0.4
2018,,,Aduna,%,Aduna,0.4
2020,,,Aduna,%,Aduna,0.3
2014,,,Aduna,%,Aduna,0.5
2017,,,Aduna,%,Aduna,0.6
2016,,,Aduna,%,Aduna,0.5
2022,,,Aduna,%,Aduna,0.3
2014,,,Agurain / Salvatierra,%,Agurain / Salvatierra,2.4
2015,,,Agurain / Salvatierra,%,Agurain / Salvatierra,2.3
2018,,,Agurain / Salvatierra,%,Agurain / Salvatierra,1.3
2022,,,Agurain / Salvatierra,%,Agurain / Salvatierra,1.1
2017,,,Agurain / Salvatierra,%,Agurain / Salvatierra,1.5
2016,,,Agurain / Salvatierra,%,Agurain / Salvatierra,1.9
2021,,,Agurain / Salvatierra,%,Agurain / Salvatierra,1.3
2019,,,Agurain / Salvatierra,%,Agurain / Salvatierra,1.3
2020,,,Agurain / Salvatierra,%,Agurain / Salvatierra,1.2
2017,,,Aia,%,Aia,4.5
2020,,,Aia,%,Aia,4.1
2022,,,Aia,%,Aia,4.8
2018,,,Aia,%,Aia,3.6
2019,,,Aia,%,Aia,4.3
2021,,,Aia,%,Aia,3.9
2014,,,Aia,%,Aia,4.6
2016,,,Aia,%,Aia,4.0
2015,,,Aia,%,Aia,4.5
2017,,,Aizarnazabal,%,Aizarnazabal,0.9
2016,,,Aizarnazabal,%,Aizarnazabal,0.8
2020,,,Aizarnazabal,%,Aizarnazabal,1.0
2022,,,Aizarnazabal,%,Aizarnazabal,0.8
2021,,,Aizarnazabal,%,Aizarnazabal,0.8
2019,,,Aizarnazabal,%,Aizarnazabal,0.8
2018,,,Aizarnazabal,%,Aizarnazabal,0.8
2015,,,Aizarnazabal,%,Aizarnazabal,0.9
2014,,,Aizarnazabal,%,Aizarnazabal,0.7
2018,,,Ajangiz,%,Ajangiz,0.7
2017,,,Ajangiz,%,Ajangiz,0.9
2016,,,Ajangiz,%,Ajangiz,0.9
2019,,,Ajangiz,%,Ajangiz,0.8
2022,,,Ajangiz,%,Ajangiz,0.9
2015,,,Ajangiz,%,Ajangiz,0.8
2020,,,Ajangiz,%,Ajangiz,0.9
2021,,,Ajangiz,%,Ajangiz,0.9
2014,,,Ajangiz,%,Ajangiz,0.8
2016,,,Albiztur,%,Albiztur,3.3
2020,,,Albiztur,%,Albiztur,2.9
2018,,,Albiztur,%,Albiztur,2.5
2019,,,Albiztur,%,Albiztur,3.3
2015,,,Albiztur,%,Albiztur,3.1
2014,,,Albiztur,%,Albiztur,3.6
2022,,,Albiztur,%,Albiztur,3.8
2017,,,Albiztur,%,Albiztur,3.7
2021,,,Albiztur,%,Albiztur,3.0
2017,,,Alegia,%,Alegia,0.8
2022,,,Alegia,%,Alegia,0.8
2014,,,Alegia,%,Alegia,0.6
2016,,,Alegia,%,Alegia,0.7
2015,,,Alegia,%,Alegia,0.6
2018,,,Alegia,%,Alegia,0.5
2021,,,Alegia,%,Alegia,0.6
2020,,,Alegia,%,Alegia,0.5
2019,,,Alegia,%,Alegia,0.7
2014,,,Alegría-Dulantzi,%,Alegría-Dulantzi,2.0
2022,,,Alegría-Dulantzi,%,Alegría-Dulantzi,2.6
2015,,,Alegría-Dulantzi,%,Alegría-Dulantzi,2.9
2017,,,Alegría-Dulantzi,%,Alegría-Dulantzi,3.3
2021,,,Alegría-Dulantzi,%,Alegría-Dulantzi,3.0
2018,,,Alegría-Dulantzi,%,Alegría-Dulantzi,3.1
2016,,,Alegría-Dulantzi,%,Alegría-Dulantzi,2.7
2019,,,Alegría-Dulantzi,%,Alegría-Dulantzi,2.8
2020,,,Alegría-Dulantzi,%,Alegría-Dulantzi,2.6
2018,,,Alkiza,%,Alkiza,7.1
2021,,,Alkiza,%,Alkiza,9.4
2017,,,Alkiza,%,Alkiza,8.5
2020,,,Alkiza,%,Alkiza,8.8
2015,,,Alkiza,%,Alkiza,8.0
2019,,,Alkiza,%,Alkiza,8.8
2022,,,Alkiza,%,Alkiza,9.5
2016,,,Alkiza,%,Alkiza,7.2
2014,,,Alkiza,%,Alkiza,6.6
2017,,,Alonsotegi,%,Alonsotegi,0.7
2021,,,Alonsotegi,%,Alonsotegi,1.0
2018,,,Alonsotegi,%,Alonsotegi,0.6
2015,,,Alonsotegi,%,Alonsotegi,0.5
2022,,,Alonsotegi,%,Alonsotegi,1.2
2020,,,Alonsotegi,%,Alonsotegi,0.7
2019,,,Alonsotegi,%,Alonsotegi,0.7
2014,,,Alonsotegi,%,Alonsotegi,0.6
2016,,,Alonsotegi,%,Alonsotegi,0.7
2015,,,Altzaga,%,Altzaga,4.0
2022,,,Altzaga,%,Altzaga,8.1
2020,,,Altzaga,%,Altzaga,3.7
2016,,,Altzaga,%,Altzaga,4.0
2018,,,Altzaga,%,Altzaga,3.5
2021,,,Altzaga,%,Altzaga,5.0
2017,,,Altzaga,%,Altzaga,4.2
2014,,,Altzaga,%,Altzaga,3.4
2019,,,Altzaga,%,Altzaga,4.2
2015,,,Altzo,%,Altzo,1.0
2017,,,Altzo,%,Altzo,1.5
2022,,,Altzo,%,Altzo,0.9
2021,,,Altzo,%,Altzo,1.0
2020,,,Altzo,%,Altzo,0.8
2014,,,Altzo,%,Altzo,1.1
2019,,,Altzo,%,Altzo,1.1
2016,,,Altzo,%,Altzo,1.0
2018,,,Altzo,%,Altzo,1.0
2019,,,Amezketa,%,Amezketa,1.3
2017,,,Amezketa,%,Amezketa,1.7
2015,,,Amezketa,%,Amezketa,1.5
2014,,,Amezketa,%,Amezketa,1.6
2018,,,Amezketa,%,Amezketa,1.3
2021,,,Amezketa,%,Amezketa,1.2
2020,,,Amezketa,%,Amezketa,1.3
2016,,,Amezketa,%,Amezketa,1.6
2022,,,Amezketa,%,Amezketa,1.7
2020,,,Amorebieta-Etxano,%,Amorebieta-Etxano,0.3
2022,,,Amorebieta-Etxano,%,Amorebieta-Etxano,0.3
2021,,,Amorebieta-Etxano,%,Amorebieta-Etxano,0.3
2017,,,Amorebieta-Etxano,%,Amorebieta-Etxano,0.3
2018,,,Amorebieta-Etxano,%,Amorebieta-Etxano,0.2
2014,,,Amorebieta-Etxano,%,Amorebieta-Etxano,0.3
2019,,,Amorebieta-Etxano,%,Amorebieta-Etxano,0.3
2016,,,Amorebieta-Etxano,%,Amorebieta-Etxano,0.3
2015,,,Amorebieta-Etxano,%,Amorebieta-Etxano,0.4
2019,,,Amoroto,%,Amoroto,3.6
2018,,,Amoroto,%,Amoroto,3.5
2016,,,Amoroto,%,Amoroto,4.9
2020,,,Amoroto,%,Amoroto,3.6
2022,,,Amoroto,%,Amoroto,5.3
2021,,,Amoroto,%,Amoroto,5.0
2017,,,Amoroto,%,Amoroto,4.1
2015,,,Amoroto,%,Amoroto,5.1
2014,,,Amoroto,%,Amoroto,4.2
2014,,,Amurrio,%,Amurrio,1.3
2021,,,Amurrio,%,Amurrio,1.2
2019,,,Amurrio,%,Amurrio,0.8
2015,,,Amurrio,%,Amurrio,1.1
2018,,,Amurrio,%,Amurrio,1.0
2016,,,Amurrio,%,Amurrio,1.0
2020,,,Amurrio,%,Amurrio,0.8
2017,,,Amurrio,%,Amurrio,1.1
2022,,,Amurrio,%,Amurrio,1.5
2017,,,Andoain,%,Andoain,0.2
2014,,,Andoain,%,Andoain,0.2
2016,,,Andoain,%,Andoain,0.2
2022,,,Andoain,%,Andoain,0.2
2020,,,Andoain,%,Andoain,0.2
2021,,,Andoain,%,Andoain,0.2
2019,,,Andoain,%,Andoain,0.2
2015,,,Andoain,%,Andoain,0.3
2018,,,Andoain,%,Andoain,0.2
2019,,,Anoeta,%,Anoeta,0.4
2014,,,Anoeta,%,Anoeta,0.3
2021,,,Anoeta,%,Anoeta,0.4
2020,,,Anoeta,%,Anoeta,0.4
2022,,,Anoeta,%,Anoeta,0.4
2018,,,Anoeta,%,Anoeta,0.4
2017,,,Anoeta,%,Anoeta,0.4
2015,,,Anoeta,%,Anoeta,0.4
2016,,,Anoeta,%,Anoeta,0.4
2021,,,Antzuola,%,Antzuola,1.4
2014,,,Antzuola,%,Antzuola,0.9
2016,,,Antzuola,%,Antzuola,1.0
2019,,,Antzuola,%,Antzuola,1.3
2022,,,Antzuola,%,Antzuola,1.9
2017,,,Antzuola,%,Antzuola,1.3
2018,,,Antzuola,%,Antzuola,1.0
2015,,,Antzuola,%,Antzuola,1.1
2020,,,Antzuola,%,Antzuola,1.2
2020,,,Añana,%,Añana,12.1
2019,,,Añana,%,Añana,13.2
2022,,,Añana,%,Añana,11.0
2021,,,Añana,%,Añana,15.4
2015,,,Añana,%,Añana,14.4
2018,,,Añana,%,Añana,10.5
2017,,,Añana,%,Añana,12.4
2016,,,Añana,%,Añana,13.8
2014,,,Añana,%,Añana,11.6
2019,,,Arakaldo,%,Arakaldo,3.3
2018,,,Arakaldo,%,Arakaldo,3.1
2016,,,Arakaldo,%,Arakaldo,3.9
2021,,,Arakaldo,%,Arakaldo,5.5
2017,,,Arakaldo,%,Arakaldo,3.6
2014,,,Arakaldo,%,Arakaldo,2.1
2022,,,Arakaldo,%,Arakaldo,6.2
2015,,,Arakaldo,%,Arakaldo,3.8
2020,,,Arakaldo,%,Arakaldo,4.2
2016,,,Arama,%,Arama,0.4
2015,,,Arama,%,Arama,1.1
2017,,,Arama,%,Arama,0.4
2022,,,Arama,%,Arama,0.3
2021,,,Arama,%,Arama,0.3
2014,,,Arama,%,Arama,1.1
2020,,,Arama,%,Arama,0.4
2018,,,Arama,%,Arama,0.3
2019,,,Arama,%,Arama,0.3
2014,,,Aramaio,%,Aramaio,13.5
2018,,,Aramaio,%,Aramaio,14.8
2017,,,Aramaio,%,Aramaio,14.8
2015,,,Aramaio,%,Aramaio,14.6
2020,,,Aramaio,%,Aramaio,11.3
2022,,,Aramaio,%,Aramaio,21.3
2021,,,Aramaio,%,Aramaio,15.1
2016,,,Aramaio,%,Aramaio,13.0
2019,,,Aramaio,%,Aramaio,12.4
2018,,,Arantzazu,%,Arantzazu,4.2
2014,,,Arantzazu,%,Arantzazu,3.2
2021,,,Arantzazu,%,Arantzazu,7.2
2020,,,Arantzazu,%,Arantzazu,5.9
2016,,,Arantzazu,%,Arantzazu,3.7
2022,,,Arantzazu,%,Arantzazu,7.8
2019,,,Arantzazu,%,Arantzazu,5.1
2015,,,Arantzazu,%,Arantzazu,3.0
2017,,,Arantzazu,%,Arantzazu,3.6
2019,,,Areatza,%,Areatza,2.1
2015,,,Areatza,%,Areatza,1.6
2022,,,Areatza,%,Areatza,4.0
2018,,,Areatza,%,Areatza,1.9
2014,,,Areatza,%,Areatza,1.6
2020,,,Areatza,%,Areatza,2.5
2021,,,Areatza,%,Areatza,3.3
2017,,,Areatza,%,Areatza,1.9
2016,,,Areatza,%,Areatza,2.1
2017,,,Aretxabaleta,%,Aretxabaleta,0.4
2019,,,Aretxabaleta,%,Aretxabaleta,0.4
2014,,,Aretxabaleta,%,Aretxabaleta,0.3
2015,,,Aretxabaleta,%,Aretxabaleta,0.3
2016,,,Aretxabaleta,%,Aretxabaleta,0.4
2020,,,Aretxabaleta,%,Aretxabaleta,0.3
2018,,,Aretxabaleta,%,Aretxabaleta,0.3
2021,,,Aretxabaleta,%,Aretxabaleta,0.4
2022,,,Aretxabaleta,%,Aretxabaleta,0.6
2022,,,Armiñón,%,Armiñón,4.4
2018,,,Armiñón,%,Armiñón,6.3
2019,,,Armiñón,%,Armiñón,7.0
2016,,,Armiñón,%,Armiñón,7.9
2017,,,Armiñón,%,Armiñón,6.4
2015,,,Armiñón,%,Armiñón,6.3
2020,,,Armiñón,%,Armiñón,8.3
2014,,,Armiñón,%,Armiñón,5.7
2021,,,Armiñón,%,Armiñón,9.1
2020,,,Arraia-Maeztu,%,Arraia-Maeztu,10.4
2017,,,Arraia-Maeztu,%,Arraia-Maeztu,11.8
2016,,,Arraia-Maeztu,%,Arraia-Maeztu,11.2
2021,,,Arraia-Maeztu,%,Arraia-Maeztu,12.5
2015,,,Arraia-Maeztu,%,Arraia-Maeztu,9.2
2022,,,Arraia-Maeztu,%,Arraia-Maeztu,13.8
2018,,,Arraia-Maeztu,%,Arraia-Maeztu,11.6
2014,,,Arraia-Maeztu,%,Arraia-Maeztu,10.4
2019,,,Arraia-Maeztu,%,Arraia-Maeztu,10.8
2015,,,Arrankudiaga-Zollo,%,Arrankudiaga-Zollo,1.8
2020,,,Arrankudiaga-Zollo,%,Arrankudiaga-Zollo,1.5
2021,,,Arrankudiaga-Zollo,%,Arrankudiaga-Zollo,1.8
2014,,,Arrankudiaga-Zollo,%,Arrankudiaga-Zollo,2.0
2017,,,Arrankudiaga-Zollo,%,Arrankudiaga-Zollo,1.4
2018,,,Arrankudiaga-Zollo,%,Arrankudiaga-Zollo,1.3
2016,,,Arrankudiaga-Zollo,%,Arrankudiaga-Zollo,1.8
2022,,,Arrankudiaga-Zollo,%,Arrankudiaga-Zollo,2.5
2019,,,Arrankudiaga-Zollo,%,Arrankudiaga-Zollo,1.6
2021,,,Arrasate / Mondragón,%,Arrasate / Mondragón,0.2
2018,,,Arrasate / Mondragón,%,Arrasate / Mondragón,0.1
2020,,,Arrasate / Mondragón,%,Arrasate / Mondragón,0.1
2017,,,Arrasate / Mondragón,%,Arrasate / Mondragón,0.2
2022,,,Arrasate / Mondragón,%,Arrasate / Mondragón,0.2
2016,,,Arrasate / Mondragón,%,Arrasate / Mondragón,0.1
2015,,,Arrasate / Mondragón,%,Arrasate / Mondragón,0.1
2014,,,Arrasate / Mondragón,%,Arrasate / Mondragón,0.1
2019,,,Arrasate / Mondragón,%,Arrasate / Mondragón,0.2
2021,,,Arratzu,%,Arratzu,8.8
2017,,,Arratzu,%,Arratzu,9.3
2019,,,Arratzu,%,Arratzu,9.4
2022,,,Arratzu,%,Arratzu,10.2
2014,,,Arratzu,%,Arratzu,8.1
2018,,,Arratzu,%,Arratzu,8.1
2015,,,Arratzu,%,Arratzu,9.7
2016,,,Arratzu,%,Arratzu,9.6
2020,,,Arratzu,%,Arratzu,8.7
2020,,,Arratzua-Ubarrundia,%,Arratzua-Ubarrundia,5.2
2018,,,Arratzua-Ubarrundia,%,Arratzua-Ubarrundia,5.9
2019,,,Arratzua-Ubarrundia,%,Arratzua-Ubarrundia,5.5
2021,,,Arratzua-Ubarrundia,%,Arratzua-Ubarrundia,5.7
2015,,,Arratzua-Ubarrundia,%,Arratzua-Ubarrundia,7.5
2022,,,Arratzua-Ubarrundia,%,Arratzua-Ubarrundia,5.6
2017,,,Arratzua-Ubarrundia,%,Arratzua-Ubarrundia,6.8
2016,,,Arratzua-Ubarrundia,%,Arratzua-Ubarrundia,7.0
2014,,,Arratzua-Ubarrundia,%,Arratzua-Ubarrundia,8.6
2018,,,Arrieta,%,Arrieta,11.6
2016,,,Arrieta,%,Arrieta,13.2
2019,,,Arrieta,%,Arrieta,11.0
2020,,,Arrieta,%,Arrieta,12.1
2021,,,Arrieta,%,Arrieta,13.3
2017,,,Arrieta,%,Arrieta,12.7
2015,,,Arrieta,%,Arrieta,13.1
2014,,,Arrieta,%,Arrieta,11.8
2022,,,Arrieta,%,Arrieta,14.9
2018,,,Arrigorriaga,%,Arrigorriaga,0.2
2020,,,Arrigorriaga,%,Arrigorriaga,0.3
2016,,,Arrigorriaga,%,Arrigorriaga,0.2
2021,,,Arrigorriaga,%,Arrigorriaga,0.4
2014,,,Arrigorriaga,%,Arrigorriaga,0.2
2019,,,Arrigorriaga,%,Arrigorriaga,0.2
2022,,,Arrigorriaga,%,Arrigorriaga,0.4
2017,,,Arrigorriaga,%,Arrigorriaga,0.2
2015,,,Arrigorriaga,%,Arrigorriaga,0.2
2021,,,Artea,%,Artea,2.1
2018,,,Artea,%,Artea,1.5
2017,,,Artea,%,Artea,1.7
2022,,,Artea,%,Artea,2.3
2020,,,Artea,%,Artea,1.9
2019,,,Artea,%,Artea,1.7
2014,,,Artea,%,Artea,1.4
2016,,,Artea,%,Artea,1.8
2015,,,Artea,%,Artea,1.8
2015,,,Artzentales,%,Artzentales,8.6
2020,,,Artzentales,%,Artzentales,12.5
2021,,,Artzentales,%,Artzentales,16.6
2018,,,Artzentales,%,Artzentales,11.2
2016,,,Artzentales,%,Artzentales,10.3
2022,,,Artzentales,%,Artzentales,18.7
2017,,,Artzentales,%,Artzentales,10.6
2014,,,Artzentales,%,Artzentales,10.2
2019,,,Artzentales,%,Artzentales,11.6
2017,,,Artziniega,%,Artziniega,2.0
2021,,,Artziniega,%,Artziniega,2.2
2020,,,Artziniega,%,Artziniega,1.4
2019,,,Artziniega,%,Artziniega,1.6
2016,,,Artziniega,%,Artziniega,1.7
2014,,,Artziniega,%,Artziniega,2.4
2015,,,Artziniega,%,Artziniega,1.8
2018,,,Artziniega,%,Artziniega,2.2
2022,,,Artziniega,%,Artziniega,3.0
2015,,,Asparrena,%,Asparrena,2.6
2021,,,Asparrena,%,Asparrena,1.3
2014,,,Asparrena,%,Asparrena,2.9
2016,,,Asparrena,%,Asparrena,2.0
2022,,,Asparrena,%,Asparrena,1.5
2017,,,Asparrena,%,Asparrena,1.4
2018,,,Asparrena,%,Asparrena,1.3
2019,,,Asparrena,%,Asparrena,1.1
2020,,,Asparrena,%,Asparrena,1.4
2017,,,Asteasu,%,Asteasu,1.3
2014,,,Asteasu,%,Asteasu,1.9
2021,,,Asteasu,%,Asteasu,1.1
2015,,,Asteasu,%,Asteasu,1.8
2016,,,Asteasu,%,Asteasu,1.4
2019,,,Asteasu,%,Asteasu,1.3
2018,,,Asteasu,%,Asteasu,1.1
2020,,,Asteasu,%,Asteasu,1.3
2022,,,Asteasu,%,Asteasu,1.2
2014,,,Astigarraga,%,Astigarraga,0.1
2016,,,Astigarraga,%,Astigarraga,0.1
2017,,,Astigarraga,%,Astigarraga,0.1
2021,,,Astigarraga,%,Astigarraga,0.2
2019,,,Astigarraga,%,Astigarraga,0.2
2022,,,Astigarraga,%,Astigarraga,0.2
2018,,,Astigarraga,%,Astigarraga,0.1
2015,,,Astigarraga,%,Astigarraga,0.1
2020,,,Astigarraga,%,Astigarraga,0.2
2018,,,Ataun,%,Ataun,4.4
2014,,,Ataun,%,Ataun,6.0
2016,,,Ataun,%,Ataun,5.3
2015,,,Ataun,%,Ataun,5.5
2022,,,Ataun,%,Ataun,7.7
2021,,,Ataun,%,Ataun,6.4
2017,,,Ataun,%,Ataun,5.7
2019,,,Ataun,%,Ataun,5.6
2020,,,Ataun,%,Ataun,5.4
2016,,,Atxondo,%,Atxondo,0.8
2015,,,Atxondo,%,Atxondo,0.6
2018,,,Atxondo,%,Atxondo,0.8
2017,,,Atxondo,%,Atxondo,0.8
2014,,,Atxondo,%,Atxondo,0.6
2020,,,Atxondo,%,Atxondo,0.9
2019,,,Atxondo,%,Atxondo,0.9
2021,,,Atxondo,%,Atxondo,1.2
2022,,,Atxondo,%,Atxondo,1.5
2014,,,Aulesti,%,Aulesti,5.5
2021,,,Aulesti,%,Aulesti,9.8
2018,,,Aulesti,%,Aulesti,7.3
2022,,,Aulesti,%,Aulesti,11.0
2016,,,Aulesti,%,Aulesti,7.9
2015,,,Aulesti,%,Aulesti,5.8
2019,,,Aulesti,%,Aulesti,8.5
2020,,,Aulesti,%,Aulesti,6.7
2017,,,Aulesti,%,Aulesti,7.5
2015,,,Ayala / Aiara,%,Ayala / Aiara,7.4
2017,,,Ayala / Aiara,%,Ayala / Aiara,6.6
2018,,,Ayala / Aiara,%,Ayala / Aiara,6.3
2014,,,Ayala / Aiara,%,Ayala / Aiara,9.4
2022,,,Ayala / Aiara,%,Ayala / Aiara,9.5
2019,,,Ayala / Aiara,%,Ayala / Aiara,4.9
2020,,,Ayala / Aiara,%,Ayala / Aiara,4.8
2016,,,Ayala / Aiara,%,Ayala / Aiara,6.2
2021,,,Ayala / Aiara,%,Ayala / Aiara,6.2
2021,,,Azkoitia,%,Azkoitia,0.7
2020,,,Azkoitia,%,Azkoitia,0.7
2019,,,Azkoitia,%,Azkoitia,0.8
2018,,,Azkoitia,%,Azkoitia,0.6
2022,,,Azkoitia,%,Azkoitia,0.8
2017,,,Azkoitia,%,Azkoitia,0.8
2016,,,Azkoitia,%,Azkoitia,0.6
2015,,,Azkoitia,%,Azkoitia,0.5
2014,,,Azkoitia,%,Azkoitia,0.5
2015,,,Azpeitia,%,Azpeitia,0.6
2019,,,Azpeitia,%,Azpeitia,0.8
2014,,,Azpeitia,%,Azpeitia,0.5
2016,,,Azpeitia,%,Azpeitia,0.6
2017,,,Azpeitia,%,Azpeitia,0.8
2022,,,Azpeitia,%,Azpeitia,1.0
2020,,,Azpeitia,%,Azpeitia,0.8
2018,,,Azpeitia,%,Azpeitia,0.6
2021,,,Azpeitia,%,Azpeitia,0.9
2022,,,Bakio,%,Bakio,3.2
2021,,,Bakio,%,Bakio,3.5
2015,,,Bakio,%,Bakio,4.6
2018,,,Bakio,%,Bakio,2.5
2020,,,Bakio,%,Bakio,2.9
2019,,,Bakio,%,Bakio,2.7
2014,,,Bakio,%,Bakio,4.7
2017,,,Bakio,%,Bakio,3.1
2016,,,Bakio,%,Bakio,3.8
2015,,,Baliarrain,%,Baliarrain,7.0
2017,,,Baliarrain,%,Baliarrain,6.0
2014,,,Baliarrain,%,Baliarrain,7.8
2019,,,Baliarrain,%,Baliarrain,5.9
2018,,,Baliarrain,%,Baliarrain,5.2
2016,,,Baliarrain,%,Baliarrain,6.0
2021,,,Baliarrain,%,Baliarrain,4.4
2020,,,Baliarrain,%,Baliarrain,5.3
2022,,,Baliarrain,%,Baliarrain,5.6
2014,,,Balmaseda,%,Balmaseda,0.6
2017,,,Balmaseda,%,Balmaseda,0.8
2020,,,Balmaseda,%,Balmaseda,0.9
2018,,,Balmaseda,%,Balmaseda,0.8
2022,,,Balmaseda,%,Balmaseda,1.4
2021,,,Balmaseda,%,Balmaseda,1.2
2019,,,Balmaseda,%,Balmaseda,0.8
2016,,,Balmaseda,%,Balmaseda,0.8
2015,,,Balmaseda,%,Balmaseda,0.6
2016,,,Baños de Ebro / Mañueta,%,Baños de Ebro / Mañueta,30.0
2021,,,Baños de Ebro / Mañueta,%,Baños de Ebro / Mañueta,31.4
2020,,,Baños de Ebro / Mañueta,%,Baños de Ebro / Mañueta,34.1
2015,,,Baños de Ebro / Mañueta,%,Baños de Ebro / Mañueta,28.6
2019,,,Baños de Ebro / Mañueta,%,Baños de Ebro / Mañueta,30.3
2017,,,Baños de Ebro / Mañueta,%,Baños de Ebro / Mañueta,30.3
2014,,,Baños de Ebro / Mañueta,%,Baños de Ebro / Mañueta,23.2
2022,,,Baños de Ebro / Mañueta,%,Baños de Ebro / Mañueta,26.3
2018,,,Baños de Ebro / Mañueta,%,Baños de Ebro / Mañueta,32.6
2020,,,Barakaldo,%,Barakaldo,0.0
2015,,,Barakaldo,%,Barakaldo,0.0
2021,,,Barakaldo,%,Barakaldo,0.0
2017,,,Barakaldo,%,Barakaldo,0.0
2019,,,Barakaldo,%,Barakaldo,0.0
2018,,,Barakaldo,%,Barakaldo,0.0
2014,,,Barakaldo,%,Barakaldo,0.0
2022,,,Barakaldo,%,Barakaldo,0.0
2016,,,Barakaldo,%,Barakaldo,0.0
2015,,,Barrika,%,Barrika,1.0
2016,,,Barrika,%,Barrika,1.2
2020,,,Barrika,%,Barrika,1.6
2019,,,Barrika,%,Barrika,1.4
2017,,,Barrika,%,Barrika,1.5
2021,,,Barrika,%,Barrika,1.5
2014,,,Barrika,%,Barrika,0.9
2018,,,Barrika,%,Barrika,1.3
2022,,,Barrika,%,Barrika,1.3
2018,,,Barrundia,%,Barrundia,22.1
2015,,,Barrundia,%,Barrundia,20.7
2019,,,Barrundia,%,Barrundia,21.2
2022,,,Barrundia,%,Barrundia,25.5
2021,,,Barrundia,%,Barrundia,25.0
2017,,,Barrundia,%,Barrundia,22.4
2016,,,Barrundia,%,Barrundia,21.7
2014,,,Barrundia,%,Barrundia,24.4
2020,,,Barrundia,%,Barrundia,21.4
2014,,,Basauri,%,Basauri,0.1
2017,,,Basauri,%,Basauri,0.0
2020,,,Basauri,%,Basauri,0.0
2019,,,Basauri,%,Basauri,0.0
2018,,,Basauri,%,Basauri,0.0
2022,,,Basauri,%,Basauri,0.0
2015,,,Basauri,%,Basauri,0.1
2021,,,Basauri,%,Basauri,0.0
2016,,,Basauri,%,Basauri,0.0
2020,,,Beasain,%,Beasain,0.1
2021,,,Beasain,%,Beasain,0.1
2014,,,Beasain,%,Beasain,0.1
2018,,,Beasain,%,Beasain,0.1
2019,,,Beasain,%,Beasain,0.1
2015,,,Beasain,%,Beasain,0.1
2017,,,Beasain,%,Beasain,0.2
2016,,,Beasain,%,Beasain,0.2
2022,,,Beasain,%,Beasain,0.2
2018,,,Bedia,%,Bedia,2.1
2022,,,Bedia,%,Bedia,2.9
2020,,,Bedia,%,Bedia,2.6
2014,,,Bedia,%,Bedia,1.9
2016,,,Bedia,%,Bedia,2.0
2019,,,Bedia,%,Bedia,2.2
2021,,,Bedia,%,Bedia,2.8
2017,,,Bedia,%,Bedia,2.1
2015,,,Bedia,%,Bedia,1.8
2015,,,Beizama,%,Beizama,12.5
2021,,,Beizama,%,Beizama,20.7
2017,,,Beizama,%,Beizama,16.2
2016,,,Beizama,%,Beizama,14.5
2022,,,Beizama,%,Beizama,25.0
2020,,,Beizama,%,Beizama,17.1
2014,,,Beizama,%,Beizama,11.6
2018,,,Beizama,%,Beizama,14.8
2019,,,Beizama,%,Beizama,19.6
2020,,,Belauntza,%,Belauntza,0.9
2022,,,Belauntza,%,Belauntza,0.8
2015,,,Belauntza,%,Belauntza,1.2
2017,,,Belauntza,%,Belauntza,1.0
2018,,,Belauntza,%,Belauntza,0.8
2016,,,Belauntza,%,Belauntza,1.1
2014,,,Belauntza,%,Belauntza,1.4
2019,,,Belauntza,%,Belauntza,1.0
2021,,,Belauntza,%,Belauntza,0.8
2014,,,Berango,%,Berango,0.8
2017,,,Berango,%,Berango,0.5
2020,,,Berango,%,Berango,0.3
2015,,,Berango,%,Berango,0.7
2018,,,Berango,%,Berango,0.4
2022,,,Berango,%,Berango,0.2
2021,,,Berango,%,Berango,0.2
2016,,,Berango,%,Berango,0.6
2019,,,Berango,%,Berango,0.4
2017,,,Berantevilla,%,Berantevilla,3.5
2014,,,Berantevilla,%,Berantevilla,3.5
2022,,,Berantevilla,%,Berantevilla,4.4
2015,,,Berantevilla,%,Berantevilla,5.1
2020,,,Berantevilla,%,Berantevilla,3.8
2019,,,Berantevilla,%,Berantevilla,3.4
2021,,,Berantevilla,%,Berantevilla,5.3
2016,,,Berantevilla,%,Berantevilla,4.2
2018,,,Berantevilla,%,Berantevilla,3.8
2022,,,Berastegi,%,Berastegi,3.4
2020,,,Berastegi,%,Berastegi,2.6
2015,,,Berastegi,%,Berastegi,2.3
2021,,,Berastegi,%,Berastegi,2.7
2018,,,Berastegi,%,Berastegi,2.2
2017,,,Berastegi,%,Berastegi,3.0
2014,,,Berastegi,%,Berastegi,2.2
2019,,,Berastegi,%,Berastegi,3.0
2016,,,Berastegi,%,Berastegi,2.4
2021,,,Bergara,%,Bergara,0.7
2017,,,Bergara,%,Bergara,0.7
2014,,,Bergara,%,Bergara,0.6
2016,,,Bergara,%,Bergara,0.6
2019,,,Bergara,%,Bergara,0.7
2018,,,Bergara,%,Bergara,0.5
2015,,,Bergara,%,Bergara,0.6
2020,,,Bergara,%,Bergara,0.6
2022,,,Bergara,%,Bergara,0.8
2017,,,Bermeo,%,Bermeo,32.6
2015,,,Bermeo,%,Bermeo,13.1
2022,,,Bermeo,%,Bermeo,32.0
2016,,,Bermeo,%,Bermeo,14.5
2020,,,Bermeo,%,Bermeo,29.8
2021,,,Bermeo,%,Bermeo,24.2
2018,,,Bermeo,%,Bermeo,30.5
2019,,,Bermeo,%,Bermeo,32.3
2014,,,Bermeo,%,Bermeo,16.7
2020,,,Bernedo,%,Bernedo,5.4
2017,,,Bernedo,%,Bernedo,7.2
2016,,,Bernedo,%,Bernedo,7.4
2015,,,Bernedo,%,Bernedo,7.6
2021,,,Bernedo,%,Bernedo,6.9
2014,,,Bernedo,%,Bernedo,7.2
2019,,,Bernedo,%,Bernedo,6.5
2018,,,Bernedo,%,Bernedo,7.2
2022,,,Bernedo,%,Bernedo,6.2
2022,,,Berriatua,%,Berriatua,2.5
2016,,,Berriatua,%,Berriatua,1.3
2019,,,Berriatua,%,Berriatua,1.2
2017,,,Berriatua,%,Berriatua,1.1
2021,,,Berriatua,%,Berriatua,2.1
2014,,,Berriatua,%,Berriatua,1.4
2018,,,Berriatua,%,Berriatua,1.1
2020,,,Berriatua,%,Berriatua,1.5
2015,,,Berriatua,%,Berriatua,1.4
2015,,,Berriz,%,Berriz,0.7
2016,,,Berriz,%,Berriz,0.8
2014,,,Berriz,%,Berriz,0.7
2019,,,Berriz,%,Berriz,0.8
2022,,,Berriz,%,Berriz,1.4
2018,,,Berriz,%,Berriz,0.7
2020,,,Berriz,%,Berriz,0.9
2017,,,Berriz,%,Berriz,0.8
2021,,,Berriz,%,Berriz,1.1
2015,,,Berrobi,%,Berrobi,2.9
2016,,,Berrobi,%,Berrobi,2.7
2022,,,Berrobi,%,Berrobi,2.7
2021,,,Berrobi,%,Berrobi,2.9
2017,,,Berrobi,%,Berrobi,2.7
2019,,,Berrobi,%,Berrobi,2.6
2014,,,Berrobi,%,Berrobi,2.6
2020,,,Berrobi,%,Berrobi,2.7
2018,,,Berrobi,%,Berrobi,2.0
2015,,,Bidania-Goiatz,%,Bidania-Goiatz,5.3
2019,,,Bidania-Goiatz,%,Bidania-Goiatz,5.1
2014,,,Bidania-Goiatz,%,Bidania-Goiatz,4.3
2016,,,Bidania-Goiatz,%,Bidania-Goiatz,5.0
2021,,,Bidania-Goiatz,%,Bidania-Goiatz,4.2
2020,,,Bidania-Goiatz,%,Bidania-Goiatz,4.7
2018,,,Bidania-Goiatz,%,Bidania-Goiatz,4.4
2017,,,Bidania-Goiatz,%,Bidania-Goiatz,4.9
2022,,,Bidania-Goiatz,%,Bidania-Goiatz,4.4
2014,,,Bilbao,%,Bilbao,0.0
2021,,,Bilbao,%,Bilbao,0.0
2016,,,Bilbao,%,Bilbao,0.0
2020,,,Bilbao,%,Bilbao,0.0
2015,,,Bilbao,%,Bilbao,0.0
2017,,,Bilbao,%,Bilbao,0.1
2019,,,Bilbao,%,Bilbao,0.1
2018,,,Bilbao,%,Bilbao,0.1
2022,,,Bilbao,%,Bilbao,0.0
2022,,,Busturia,%,Busturia,5.0
2018,,,Busturia,%,Busturia,3.2
2021,,,Busturia,%,Busturia,4.3
2017,,,Busturia,%,Busturia,3.7
2015,,,Busturia,%,Busturia,4.5
2020,,,Busturia,%,Busturia,3.4
2019,,,Busturia,%,Busturia,3.5
2014,,,Busturia,%,Busturia,5.1
2016,,,Busturia,%,Busturia,3.9
2014,,,Campezo / Kanpezu,%,Campezo / Kanpezu,10.0
2017,,,Campezo / Kanpezu,%,Campezo / Kanpezu,9.9
2022,,,Campezo / Kanpezu,%,Campezo / Kanpezu,9.4
2018,,,Campezo / Kanpezu,%,Campezo / Kanpezu,11.0
2021,,,Campezo / Kanpezu,%,Campezo / Kanpezu,9.9
2016,,,Campezo / Kanpezu,%,Campezo / Kanpezu,11.6
2015,,,Campezo / Kanpezu,%,Campezo / Kanpezu,11.4
2020,,,Campezo / Kanpezu,%,Campezo / Kanpezu,8.3
2019,,,Campezo / Kanpezu,%,Campezo / Kanpezu,9.8
2015,,,Deba,%,Deba,0.9
2022,,,Deba,%,Deba,1.2
2018,,,Deba,%,Deba,0.8
2014,,,Deba,%,Deba,0.9
2020,,,Deba,%,Deba,1.0
2021,,,Deba,%,Deba,1.1
2019,,,Deba,%,Deba,1.0
2017,,,Deba,%,Deba,1.1
2016,,,Deba,%,Deba,0.9
2019,,,Derio,%,Derio,0.2
2022,,,Derio,%,Derio,0.1
2020,,,Derio,%,Derio,0.1
2014,,,Derio,%,Derio,0.2
2017,,,Derio,%,Derio,0.2
2016,,,Derio,%,Derio,0.2
2021,,,Derio,%,Derio,0.1
2018,,,Derio,%,Derio,0.1
2015,,,Derio,%,Derio,0.2
2018,,,Dima,%,Dima,6.0
2015,,,Dima,%,Dima,5.4
2019,,,Dima,%,Dima,7.1
2022,,,Dima,%,Dima,12.6
2014,,,Dima,%,Dima,5.1
2016,,,Dima,%,Dima,6.7
2020,,,Dima,%,Dima,7.0
2021,,,Dima,%,Dima,9.9
2017,,,Dima,%,Dima,6.5
2016,,,Donostia / San Sebastián,%,Donostia / San Sebastián,0.0
2017,,,Donostia / San Sebastián,%,Donostia / San Sebastián,0.0
2021,,,Donostia / San Sebastián,%,Donostia / San Sebastián,0.0
2020,,,Donostia / San Sebastián,%,Donostia / San Sebastián,0.0
2015,,,Donostia / San Sebastián,%,Donostia / San Sebastián,0.1
2019,,,Donostia / San Sebastián,%,Donostia / San Sebastián,0.0
2014,,,Donostia / San Sebastián,%,Donostia / San Sebastián,0.1
2018,,,Donostia / San Sebastián,%,Donostia / San Sebastián,0.0
2022,,,Donostia / San Sebastián,%,Donostia / San Sebastián,0.0
2017,,,Durango,%,Durango,0.1
2015,,,Durango,%,Durango,0.1
2018,,,Durango,%,Durango,0.1
2021,,,Durango,%,Durango,0.1
2022,,,Durango,%,Durango,0.1
2014,,,Durango,%,Durango,0.1
2016,,,Durango,%,Durango,0.1
2020,,,Durango,%,Durango,0.1
2019,,,Durango,%,Durango,0.1
2022,,,Ea,%,Ea,5.8
2016,,,Ea,%,Ea,5.2
2021,,,Ea,%,Ea,5.5
2020,,,Ea,%,Ea,5.1
2014,,,Ea,%,Ea,6.0
2018,,,Ea,%,Ea,4.5
2015,,,Ea,%,Ea,5.6
2019,,,Ea,%,Ea,5.2
2017,,,Ea,%,Ea,5.1
2019,,,Eibar,%,Eibar,0.2
2020,,,Eibar,%,Eibar,0.2
2016,,,Eibar,%,Eibar,0.1
2017,,,Eibar,%,Eibar,0.2
2014,,,Eibar,%,Eibar,0.1
2022,,,Eibar,%,Eibar,0.2
2015,,,Eibar,%,Eibar,0.1
2018,,,Eibar,%,Eibar,0.1
2021,,,Eibar,%,Eibar,0.2
2014,,,Elantxobe,%,Elantxobe,1.8
2016,,,Elantxobe,%,Elantxobe,1.3
2020,,,Elantxobe,%,Elantxobe,1.0
2019,,,Elantxobe,%,Elantxobe,1.1
2021,,,Elantxobe,%,Elantxobe,1.3
2018,,,Elantxobe,%,Elantxobe,1.0
2022,,,Elantxobe,%,Elantxobe,1.6
2015,,,Elantxobe,%,Elantxobe,1.6
2017,,,Elantxobe,%,Elantxobe,1.2
2018,,,Elburgo / Burgelu,%,Elburgo / Burgelu,13.9
2014,,,Elburgo / Burgelu,%,Elburgo / Burgelu,13.7
2015,,,Elburgo / Burgelu,%,Elburgo / Burgelu,20.6
2020,,,Elburgo / Burgelu,%,Elburgo / Burgelu,15.3
2019,,,Elburgo / Burgelu,%,Elburgo / Burgelu,14.6
2022,,,Elburgo / Burgelu,%,Elburgo / Burgelu,12.7
2016,,,Elburgo / Burgelu,%,Elburgo / Burgelu,16.2
2021,,,Elburgo / Burgelu,%,Elburgo / Burgelu,17.9
2017,,,Elburgo / Burgelu,%,Elburgo / Burgelu,13.9
2022,,,Elciego,%,Elciego,6.6
2020,,,Elciego,%,Elciego,10.4
2016,,,Elciego,%,Elciego,11.8
2015,,,Elciego,%,Elciego,11.4
2017,,,Elciego,%,Elciego,10.8
2019,,,Elciego,%,Elciego,10.5
2018,,,Elciego,%,Elciego,12.1
2021,,,Elciego,%,Elciego,9.2
2014,,,Elciego,%,Elciego,8.4
2019,,,Elduain,%,Elduain,6.6
2018,,,Elduain,%,Elduain,5.3
2020,,,Elduain,%,Elduain,6.2
2021,,,Elduain,%,Elduain,7.5
2015,,,Elduain,%,Elduain,6.0
2016,,,Elduain,%,Elduain,5.0
2022,,,Elduain,%,Elduain,9.5
2017,,,Elduain,%,Elduain,6.1
2014,,,Elduain,%,Elduain,6.6
2020,,,Elgeta,%,Elgeta,1.0
2016,,,Elgeta,%,Elgeta,1.0
2018,,,Elgeta,%,Elgeta,0.8
2019,,,Elgeta,%,Elgeta,1.1
2022,,,Elgeta,%,Elgeta,1.9
2014,,,Elgeta,%,Elgeta,0.7
2015,,,Elgeta,%,Elgeta,0.8
2017,,,Elgeta,%,Elgeta,1.2
2021,,,Elgeta,%,Elgeta,1.3
2019,,,Elgoibar,%,Elgoibar,0.4
2021,,,Elgoibar,%,Elgoibar,0.4
2017,,,Elgoibar,%,Elgoibar,0.4
2018,,,Elgoibar,%,Elgoibar,0.3
2022,,,Elgoibar,%,Elgoibar,0.5
2016,,,Elgoibar,%,Elgoibar,0.3
2020,,,Elgoibar,%,Elgoibar,0.4
2014,,,Elgoibar,%,Elgoibar,0.2
2015,,,Elgoibar,%,Elgoibar,0.3
2018,,,Elorrio,%,Elorrio,0.6
2020,,,Elorrio,%,Elorrio,0.6
2019,,,Elorrio,%,Elorrio,0.7
2022,,,Elorrio,%,Elorrio,1.1
2021,,,Elorrio,%,Elorrio,0.9
2016,,,Elorrio,%,Elorrio,0.7
2014,,,Elorrio,%,Elorrio,0.5
2015,,,Elorrio,%,Elorrio,0.4
2017,,,Elorrio,%,Elorrio,0.6
2018,,,Elvillar / Bilar,%,Elvillar / Bilar,44.1
2020,,,Elvillar / Bilar,%,Elvillar / Bilar,45.1
2021,,,Elvillar / Bilar,%,Elvillar / Bilar,43.5
2014,,,Elvillar / Bilar,%,Elvillar / Bilar,21.8
2022,,,Elvillar / Bilar,%,Elvillar / Bilar,38.9
2017,,,Elvillar / Bilar,%,Elvillar / Bilar,37.5
2016,,,Elvillar / Bilar,%,Elvillar / Bilar,33.7
2019,,,Elvillar / Bilar,%,Elvillar / Bilar,40.9
2015,,,Elvillar / Bilar,%,Elvillar / Bilar,28.6
2020,,,Erandio,%,Erandio,0.1
2017,,,Erandio,%,Erandio,0.1
2022,,,Erandio,%,Erandio,0.1
2015,,,Erandio,%,Erandio,0.1
2021,,,Erandio,%,Erandio,0.1
2016,,,Erandio,%,Erandio,0.1
2019,,,Erandio,%,Erandio,0.1
2014,,,Erandio,%,Erandio,0.1
2018,,,Erandio,%,Erandio,0.1
2016,,,Ereño,%,Ereño,8.6
2019,,,Ereño,%,Ereño,14.3
2015,,,Ereño,%,Ereño,9.6
2018,,,Ereño,%,Ereño,11.4
2022,,,Ereño,%,Ereño,19.4
2020,,,Ereño,%,Ereño,16.2
2014,,,Ereño,%,Ereño,12.1
2017,,,Ereño,%,Ereño,8.2
2021,,,Ereño,%,Ereño,16.8
2020,,,Ermua,%,Ermua,0.0
2019,,,Ermua,%,Ermua,0.0
2014,,,Ermua,%,Ermua,0.0
2018,,,Ermua,%,Ermua,0.0
2021,,,Ermua,%,Ermua,0.1
2022,,,Ermua,%,Ermua,0.1
2017,,,Ermua,%,Ermua,0.0
2016,,,Ermua,%,Ermua,0.1
2015,,,Ermua,%,Ermua,0.0
2015,,,Errenteria,%,Errenteria,0.1
2016,,,Errenteria,%,Errenteria,0.1
2022,,,Errenteria,%,Errenteria,0.2
2014,,,Errenteria,%,Errenteria,0.1
2018,,,Errenteria,%,Errenteria,0.1
2017,,,Errenteria,%,Errenteria,0.1
2019,,,Errenteria,%,Errenteria,0.1
2021,,,Errenteria,%,Errenteria,0.1
2020,,,Errenteria,%,Errenteria,0.1
2014,,,Errezil,%,Errezil,4.2
2015,,,Errezil,%,Errezil,4.3
2022,,,Errezil,%,Errezil,5.0
2019,,,Errezil,%,Errezil,6.2
2016,,,Errezil,%,Errezil,5.3
2018,,,Errezil,%,Errezil,4.9
2020,,,Errezil,%,Errezil,5.1
2021,,,Errezil,%,Errezil,4.7
2017,,,Errezil,%,Errezil,6.1
2021,,,Erriberagoitia / Ribera Alta,%,Erriberagoitia / Ribera Alta,24.9
2016,,,Erriberagoitia / Ribera Alta,%,Erriberagoitia / Ribera Alta,21.1
2019,,,Erriberagoitia / Ribera Alta,%,Erriberagoitia / Ribera Alta,22.3
2015,,,Erriberagoitia / Ribera Alta,%,Erriberagoitia / Ribera Alta,19.1
2017,,,Erriberagoitia / Ribera Alta,%,Erriberagoitia / Ribera Alta,19.3
2022,,,Erriberagoitia / Ribera Alta,%,Erriberagoitia / Ribera Alta,19.3
2018,,,Erriberagoitia / Ribera Alta,%,Erriberagoitia / Ribera Alta,21.4
2014,,,Erriberagoitia / Ribera Alta,%,Erriberagoitia / Ribera Alta,23.9
2020,,,Erriberagoitia / Ribera Alta,%,Erriberagoitia / Ribera Alta,22.3
2019,,,Errigoiti,%,Errigoiti,12.6
2020,,,Errigoiti,%,Errigoiti,13.6
2022,,,Errigoiti,%,Errigoiti,17.1
2017,,,Errigoiti,%,Errigoiti,12.8
2015,,,Errigoiti,%,Errigoiti,10.7
2016,,,Errigoiti,%,Errigoiti,12.2
2014,,,Errigoiti,%,Errigoiti,12.6
2018,,,Errigoiti,%,Errigoiti,10.9
2021,,,Errigoiti,%,Errigoiti,15.9
2018,,,Eskoriatza,%,Eskoriatza,0.7
2020,,,Eskoriatza,%,Eskoriatza,0.9
2021,,,Eskoriatza,%,Eskoriatza,1.1
2019,,,Eskoriatza,%,Eskoriatza,0.9
2017,,,Eskoriatza,%,Eskoriatza,0.8
2022,,,Eskoriatza,%,Eskoriatza,1.3
2014,,,Eskoriatza,%,Eskoriatza,0.6
2016,,,Eskoriatza,%,Eskoriatza,0.7
2015,,,Eskoriatza,%,Eskoriatza,0.6
2021,,,Etxebarri,%,Etxebarri,0.0
2022,,,Etxebarri,%,Etxebarri,0.0
2014,,,Etxebarri,%,Etxebarri,0.0
2017,,,Etxebarri,%,Etxebarri,0.0
2015,,,Etxebarri,%,Etxebarri,0.0
2020,,,Etxebarri,%,Etxebarri,0.0
2019,,,Etxebarri,%,Etxebarri,0.0
2018,,,Etxebarri,%,Etxebarri,0.0
2016,,,Etxebarri,%,Etxebarri,0.0
2022,,,Etxebarria,%,Etxebarria,1.6
2019,,,Etxebarria,%,Etxebarria,1.0
2016,,,Etxebarria,%,Etxebarria,0.8
2020,,,Etxebarria,%,Etxebarria,1.0
2018,,,Etxebarria,%,Etxebarria,0.8
2017,,,Etxebarria,%,Etxebarria,0.7
2021,,,Etxebarria,%,Etxebarria,1.4
2014,,,Etxebarria,%,Etxebarria,0.8
2015,,,Etxebarria,%,Etxebarria,0.8
2016,,,Ezkio-Itsaso,%,Ezkio-Itsaso,1.6
2018,,,Ezkio-Itsaso,%,Ezkio-Itsaso,1.4
2017,,,Ezkio-Itsaso,%,Ezkio-Itsaso,2.1
2014,,,Ezkio-Itsaso,%,Ezkio-Itsaso,1.5
2019,,,Ezkio-Itsaso,%,Ezkio-Itsaso,1.8
2021,,,Ezkio-Itsaso,%,Ezkio-Itsaso,1.9
2015,,,Ezkio-Itsaso,%,Ezkio-Itsaso,1.5
2022,,,Ezkio-Itsaso,%,Ezkio-Itsaso,2.7
2020,,,Ezkio-Itsaso,%,Ezkio-Itsaso,1.7
2022,,,Forua,%,Forua,6.2
2020,,,Forua,%,Forua,5.2
2014,,,Forua,%,Forua,4.3
2018,,,Forua,%,Forua,3.8
2017,,,Forua,%,Forua,4.1
2019,,,Forua,%,Forua,4.1
2016,,,Forua,%,Forua,4.5
2015,,,Forua,%,Forua,4.3
2021,,,Forua,%,Forua,5.7
2014,,,Fruiz,%,Fruiz,6.3
2018,,,Fruiz,%,Fruiz,3.5
2017,,,Fruiz,%,Fruiz,3.8
2016,,,Fruiz,%,Fruiz,4.7
2021,,,Fruiz,%,Fruiz,3.8
2020,,,Fruiz,%,Fruiz,3.3
2019,,,Fruiz,%,Fruiz,3.7
2015,,,Fruiz,%,Fruiz,5.4
2022,,,Fruiz,%,Fruiz,5.0
2021,,,Gabiria,%,Gabiria,6.1
2015,,,Gabiria,%,Gabiria,5.3
2017,,,Gabiria,%,Gabiria,5.3
2022,,,Gabiria,%,Gabiria,6.8
2016,,,Gabiria,%,Gabiria,5.1
2014,,,Gabiria,%,Gabiria,4.7
2020,,,Gabiria,%,Gabiria,5.1
2018,,,Gabiria,%,Gabiria,4.0
2019,,,Gabiria,%,Gabiria,4.8
2015,,,Gaintza,%,Gaintza,11.0
2017,,,Gaintza,%,Gaintza,13.0
2018,,,Gaintza,%,Gaintza,9.6
2020,,,Gaintza,%,Gaintza,11.7
2022,,,Gaintza,%,Gaintza,18.2
2016,,,Gaintza,%,Gaintza,11.0
2014,,,Gaintza,%,Gaintza,11.2
2019,,,Gaintza,%,Gaintza,12.7
2021,,,Gaintza,%,Gaintza,14.4
2022,,,Galdakao,%,Galdakao,0.2
2021,,,Galdakao,%,Galdakao,0.1
2014,,,Galdakao,%,Galdakao,0.2
2016,,,Galdakao,%,Galdakao,0.1
2015,,,Galdakao,%,Galdakao,0.2
2020,,,Galdakao,%,Galdakao,0.1
2019,,,Galdakao,%,Galdakao,0.1
2017,,,Galdakao,%,Galdakao,0.1
2018,,,Galdakao,%,Galdakao,0.1
2020,,,Galdames,%,Galdames,6.7
2021,,,Galdames,%,Galdames,7.6
2015,,,Galdames,%,Galdames,5.9
2019,,,Galdames,%,Galdames,6.5
2022,,,Galdames,%,Galdames,10.7
2017,,,Galdames,%,Galdames,6.9
2014,,,Galdames,%,Galdames,5.3
2016,,,Galdames,%,Galdames,7.5
2018,,,Galdames,%,Galdames,6.1
2020,,,Gamiz-Fika,%,Gamiz-Fika,9.0
2015,,,Gamiz-Fika,%,Gamiz-Fika,14.7
2014,,,Gamiz-Fika,%,Gamiz-Fika,13.9
2018,,,Gamiz-Fika,%,Gamiz-Fika,8.6
2022,,,Gamiz-Fika,%,Gamiz-Fika,10.2
2021,,,Gamiz-Fika,%,Gamiz-Fika,9.6
2017,,,Gamiz-Fika,%,Gamiz-Fika,9.7
2019,,,Gamiz-Fika,%,Gamiz-Fika,8.5
2016,,,Gamiz-Fika,%,Gamiz-Fika,11.1
2019,,,Garai,%,Garai,5.6
2022,,,Garai,%,Garai,11.5
2016,,,Garai,%,Garai,6.1
2021,,,Garai,%,Garai,8.9
2020,,,Garai,%,Garai,7.2
2015,,,Garai,%,Garai,5.2
2018,,,Garai,%,Garai,5.2
2017,,,Garai,%,Garai,5.5
2014,,,Garai,%,Garai,5.2
2021,,,Gatika,%,Gatika,3.0
2015,,,Gatika,%,Gatika,4.6
2019,,,Gatika,%,Gatika,3.1
2018,,,Gatika,%,Gatika,2.8
2020,,,Gatika,%,Gatika,3.5
2016,,,Gatika,%,Gatika,3.4
2014,,,Gatika,%,Gatika,3.7
2017,,,Gatika,%,Gatika,3.3
2022,,,Gatika,%,Gatika,3.2
2016,,,Gautegiz Arteaga,%,Gautegiz Arteaga,3.2
2019,,,Gautegiz Arteaga,%,Gautegiz Arteaga,2.5
2014,,,Gautegiz Arteaga,%,Gautegiz Arteaga,4.1
2017,,,Gautegiz Arteaga,%,Gautegiz Arteaga,2.6
2021,,,Gautegiz Arteaga,%,Gautegiz Arteaga,3.4
2015,,,Gautegiz Arteaga,%,Gautegiz Arteaga,3.7
2020,,,Gautegiz Arteaga,%,Gautegiz Arteaga,2.8
2018,,,Gautegiz Arteaga,%,Gautegiz Arteaga,2.3
2022,,,Gautegiz Arteaga,%,Gautegiz Arteaga,3.8
2017,,,Gaztelu,%,Gaztelu,14.1
2014,,,Gaztelu,%,Gaztelu,9.5
2019,,,Gaztelu,%,Gaztelu,16.0
2020,,,Gaztelu,%,Gaztelu,15.6
2015,,,Gaztelu,%,Gaztelu,10.8
2018,,,Gaztelu,%,Gaztelu,12.0
2022,,,Gaztelu,%,Gaztelu,17.3
2021,,,Gaztelu,%,Gaztelu,16.6
2016,,,Gaztelu,%,Gaztelu,13.0
2019,,,Gernika-Lumo,%,Gernika-Lumo,0.3
2014,,,Gernika-Lumo,%,Gernika-Lumo,0.2
2020,,,Gernika-Lumo,%,Gernika-Lumo,0.3
2016,,,Gernika-Lumo,%,Gernika-Lumo,0.2
2021,,,Gernika-Lumo,%,Gernika-Lumo,0.3
2017,,,Gernika-Lumo,%,Gernika-Lumo,0.2
2015,,,Gernika-Lumo,%,Gernika-Lumo,0.2
2022,,,Gernika-Lumo,%,Gernika-Lumo,0.3
2018,,,Gernika-Lumo,%,Gernika-Lumo,0.3
2018,,,Getaria,%,Getaria,22.4
2019,,,Getaria,%,Getaria,20.3
2017,,,Getaria,%,Getaria,24.1
2022,,,Getaria,%,Getaria,19.4
2016,,,Getaria,%,Getaria,19.1
2014,,,Getaria,%,Getaria,18.0
2015,,,Getaria,%,Getaria,20.6
2021,,,Getaria,%,Getaria,20.6
2020,,,Getaria,%,Getaria,17.2
2016,,,Getxo,%,Getxo,0.1
2014,,,Getxo,%,Getxo,0.1
2018,,,Getxo,%,Getxo,0.0
2019,,,Getxo,%,Getxo,0.0
2022,,,Getxo,%,Getxo,0.0
2015,,,Getxo,%,Getxo,0.1
2017,,,Getxo,%,Getxo,0.1
2020,,,Getxo,%,Getxo,0.0
2021,,,Getxo,%,Getxo,0.0
2017,,,Gizaburuaga,%,Gizaburuaga,1.4
2014,,,Gizaburuaga,%,Gizaburuaga,2.0
2021,,,Gizaburuaga,%,Gizaburuaga,2.5
2015,,,Gizaburuaga,%,Gizaburuaga,1.7
2016,,,Gizaburuaga,%,Gizaburuaga,1.8
2020,,,Gizaburuaga,%,Gizaburuaga,1.9
2019,,,Gizaburuaga,%,Gizaburuaga,1.9
2022,,,Gizaburuaga,%,Gizaburuaga,3.0
2018,,,Gizaburuaga,%,Gizaburuaga,1.5
2014,,,Gordexola,%,Gordexola,4.6
2022,,,Gordexola,%,Gordexola,6.5
2018,,,Gordexola,%,Gordexola,3.3
2017,,,Gordexola,%,Gordexola,3.5
2020,,,Gordexola,%,Gordexola,3.6
2019,,,Gordexola,%,Gordexola,3.8
2015,,,Gordexola,%,Gordexola,4.3
2016,,,Gordexola,%,Gordexola,4.3
2021,,,Gordexola,%,Gordexola,5.1
2020,,,Gorliz,%,Gorliz,0.4
2014,,,Gorliz,%,Gorliz,1.3
2018,,,Gorliz,%,Gorliz,0.6
2017,,,Gorliz,%,Gorliz,0.8
2015,,,Gorliz,%,Gorliz,1.3
2019,,,Gorliz,%,Gorliz,0.5
2021,,,Gorliz,%,Gorliz,0.4
2022,,,Gorliz,%,Gorliz,0.2
2016,,,Gorliz,%,Gorliz,1.0
2019,,,Güeñes,%,Güeñes,0.8
2014,,,Güeñes,%,Güeñes,1.2
2017,,,Güeñes,%,Güeñes,1.0
2022,,,Güeñes,%,Güeñes,2.0
2020,,,Güeñes,%,Güeñes,1.1
2015,,,Güeñes,%,Güeñes,1.2
2016,,,Güeñes,%,Güeñes,1.2
2018,,,Güeñes,%,Güeñes,1.0
2021,,,Güeñes,%,Güeñes,1.5
2022,,,Harana / Valle de Arana,%,Harana / Valle de Arana,26.7
2019,,,Harana / Valle de Arana,%,Harana / Valle de Arana,18.7
2016,,,Harana / Valle de Arana,%,Harana / Valle de Arana,24.2
2020,,,Harana / Valle de Arana,%,Harana / Valle de Arana,14.9
2014,,,Harana / Valle de Arana,%,Harana / Valle de Arana,26.4
2018,,,Harana / Valle de Arana,%,Harana / Valle de Arana,23.2
2021,,,Harana / Valle de Arana,%,Harana / Valle de Arana,35.9
2015,,,Harana / Valle de Arana,%,Harana / Valle de Arana,25.5
2017,,,Harana / Valle de Arana,%,Harana / Valle de Arana,22.6
2016,,,Hernani,%,Hernani,0.3
2021,,,Hernani,%,Hernani,0.2
2022,,,Hernani,%,Hernani,0.2
2018,,,Hernani,%,Hernani,0.2
2020,,,Hernani,%,Hernani,0.2
2019,,,Hernani,%,Hernani,0.2
2017,,,Hernani,%,Hernani,0.3
2015,,,Hernani,%,Hernani,0.4
2014,,,Hernani,%,Hernani,0.4
2019,,,Hernialde,%,Hernialde,4.4
2017,,,Hernialde,%,Hernialde,5.0
2014,,,Hernialde,%,Hernialde,3.6
2018,,,Hernialde,%,Hernialde,4.0
2016,,,Hernialde,%,Hernialde,4.3
2022,,,Hernialde,%,Hernialde,3.7
2020,,,Hernialde,%,Hernialde,4.4
2015,,,Hernialde,%,Hernialde,5.4
2021,,,Hernialde,%,Hernialde,4.0
2019,,,Hondarribia,%,Hondarribia,5.8
2015,,,Hondarribia,%,Hondarribia,5.3
2021,,,Hondarribia,%,Hondarribia,6.2
2022,,,Hondarribia,%,Hondarribia,5.1
2014,,,Hondarribia,%,Hondarribia,4.6
2020,,,Hondarribia,%,Hondarribia,4.6
2018,,,Hondarribia,%,Hondarribia,5.9
2016,,,Hondarribia,%,Hondarribia,4.9
2017,,,Hondarribia,%,Hondarribia,6.6
2022,,,Ibarra,%,Ibarra,0.4
2020,,,Ibarra,%,Ibarra,0.5
2014,,,Ibarra,%,Ibarra,0.6
2021,,,Ibarra,%,Ibarra,0.4
2019,,,Ibarra,%,Ibarra,0.4
2018,,,Ibarra,%,Ibarra,0.4
2016,,,Ibarra,%,Ibarra,0.4
2015,,,Ibarra,%,Ibarra,0.5
2017,,,Ibarra,%,Ibarra,0.5
2021,,,Ibarrangelu,%,Ibarrangelu,5.0
2016,,,Ibarrangelu,%,Ibarrangelu,4.7
2020,,,Ibarrangelu,%,Ibarrangelu,4.6
2014,,,Ibarrangelu,%,Ibarrangelu,4.6
2018,,,Ibarrangelu,%,Ibarrangelu,3.7
2022,,,Ibarrangelu,%,Ibarrangelu,6.1
2019,,,Ibarrangelu,%,Ibarrangelu,4.1
2017,,,Ibarrangelu,%,Ibarrangelu,4.7
2015,,,Ibarrangelu,%,Ibarrangelu,4.9
2018,,,Idiazabal,%,Idiazabal,1.1
2016,,,Idiazabal,%,Idiazabal,1.4
2015,,,Idiazabal,%,Idiazabal,2.2
2022,,,Idiazabal,%,Idiazabal,1.3
2020,,,Idiazabal,%,Idiazabal,0.9
2019,,,Idiazabal,%,Idiazabal,1.1
2021,,,Idiazabal,%,Idiazabal,1.0
2014,,,Idiazabal,%,Idiazabal,1.5
2017,,,Idiazabal,%,Idiazabal,1.6
2022,,,Igorre,%,Igorre,0.8
2021,,,Igorre,%,Igorre,0.6
2017,,,Igorre,%,Igorre,0.4
2014,,,Igorre,%,Igorre,0.3
2019,,,Igorre,%,Igorre,0.5
2020,,,Igorre,%,Igorre,0.5
2018,,,Igorre,%,Igorre,0.4
2016,,,Igorre,%,Igorre,0.4
2015,,,Igorre,%,Igorre,0.4
2015,,,Ikaztegieta,%,Ikaztegieta,0.7
2017,,,Ikaztegieta,%,Ikaztegieta,0.5
2021,,,Ikaztegieta,%,Ikaztegieta,0.4
2014,,,Ikaztegieta,%,Ikaztegieta,0.5
2019,,,Ikaztegieta,%,Ikaztegieta,0.4
2022,,,Ikaztegieta,%,Ikaztegieta,0.4
2016,,,Ikaztegieta,%,Ikaztegieta,0.5
2018,,,Ikaztegieta,%,Ikaztegieta,0.3
2020,,,Ikaztegieta,%,Ikaztegieta,0.4
2014,,,Irun,%,Irun,0.1
2021,,,Irun,%,Irun,0.1
2016,,,Irun,%,Irun,0.1
2022,,,Irun,%,Irun,0.1
2020,,,Irun,%,Irun,0.1
2018,,,Irun,%,Irun,0.1
2015,,,Irun,%,Irun,0.2
2017,,,Irun,%,Irun,0.1
2019,,,Irun,%,Irun,0.1
2018,,,Iruña Oka / Iruña de Oca,%,Iruña Oka / Iruña de Oca,0.8
2015,,,Iruña Oka / Iruña de Oca,%,Iruña Oka / Iruña de Oca,1.0
2019,,,Iruña Oka / Iruña de Oca,%,Iruña Oka / Iruña de Oca,0.7
2022,,,Iruña Oka / Iruña de Oca,%,Iruña Oka / Iruña de Oca,0.5
2016,,,Iruña Oka / Iruña de Oca,%,Iruña Oka / Iruña de Oca,0.8
2020,,,Iruña Oka / Iruña de Oca,%,Iruña Oka / Iruña de Oca,0.6
2014,,,Iruña Oka / Iruña de Oca,%,Iruña Oka / Iruña de Oca,1.2
2017,,,Iruña Oka / Iruña de Oca,%,Iruña Oka / Iruña de Oca,0.8
2021,,,Iruña Oka / Iruña de Oca,%,Iruña Oka / Iruña de Oca,0.6
2020,,,Irura,%,Irura,0.1
2021,,,Irura,%,Irura,0.1
2016,,,Irura,%,Irura,0.1
2014,,,Irura,%,Irura,0.1
2019,,,Irura,%,Irura,0.1
2017,,,Irura,%,Irura,0.1
2018,,,Irura,%,Irura,0.1
2015,,,Irura,%,Irura,0.1
2022,,,Irura,%,Irura,0.1
2015,,,Iruraiz-Gauna,%,Iruraiz-Gauna,35.4
2018,,,Iruraiz-Gauna,%,Iruraiz-Gauna,28.8
2020,,,Iruraiz-Gauna,%,Iruraiz-Gauna,30.6
2022,,,Iruraiz-Gauna,%,Iruraiz-Gauna,23.9
2016,,,Iruraiz-Gauna,%,Iruraiz-Gauna,30.4
2021,,,Iruraiz-Gauna,%,Iruraiz-Gauna,32.3
2017,,,Iruraiz-Gauna,%,Iruraiz-Gauna,28.7
2019,,,Iruraiz-Gauna,%,Iruraiz-Gauna,31.1
2014,,,Iruraiz-Gauna,%,Iruraiz-Gauna,28.7
2016,,,Ispaster,%,Ispaster,8.7
2019,,,Ispaster,%,Ispaster,11.4
2014,,,Ispaster,%,Ispaster,7.1
2017,,,Ispaster,%,Ispaster,8.0
2022,,,Ispaster,%,Ispaster,16.2
2021,,,Ispaster,%,Ispaster,13.4
2020,,,Ispaster,%,Ispaster,11.1
2018,,,Ispaster,%,Ispaster,10.0
2015,,,Ispaster,%,Ispaster,8.3
2022,,,Itsasondo,%,Itsasondo,1.5
2014,,,Itsasondo,%,Itsasondo,0.9
2021,,,Itsasondo,%,Itsasondo,1.3
2017,,,Itsasondo,%,Itsasondo,1.4
2019,,,Itsasondo,%,Itsasondo,1.6
2016,,,Itsasondo,%,Itsasondo,1.2
2015,,,Itsasondo,%,Itsasondo,1.0
2018,,,Itsasondo,%,Itsasondo,1.4
2020,,,Itsasondo,%,Itsasondo,1.1
2021,,,Iurreta,%,Iurreta,0.2
2019,,,Iurreta,%,Iurreta,0.2
2022,,,Iurreta,%,Iurreta,0.3
2016,,,Iurreta,%,Iurreta,0.2
2020,,,Iurreta,%,Iurreta,0.2
2018,,,Iurreta,%,Iurreta,0.1
2017,,,Iurreta,%,Iurreta,0.2
2014,,,Iurreta,%,Iurreta,0.2
2015,,,Iurreta,%,Iurreta,0.1
2014,,,Izurtza,%,Izurtza,0.3
2017,,,Izurtza,%,Izurtza,0.5
2022,,,Izurtza,%,Izurtza,1.2
2016,,,Izurtza,%,Izurtza,0.5
2015,,,Izurtza,%,Izurtza,0.3
2019,,,Izurtza,%,Izurtza,0.7
2020,,,Izurtza,%,Izurtza,0.7
2021,,,Izurtza,%,Izurtza,0.8
2018,,,Izurtza,%,Izurtza,0.5
2021,,,Karrantza Harana / Valle de Carranza,%,Karrantza Harana / Valle de Carranza,18.8
2020,,,Karrantza Harana / Valle de Carranza,%,Karrantza Harana / Valle de Carranza,14.4
2017,,,Karrantza Harana / Valle de Carranza,%,Karrantza Harana / Valle de Carranza,16.8
2016,,,Karrantza Harana / Valle de Carranza,%,Karrantza Harana / Valle de Carranza,16.0
2015,,,Karrantza Harana / Valle de Carranza,%,Karrantza Harana / Valle de Carranza,14.8
2014,,,Karrantza Harana / Valle de Carranza,%,Karrantza Harana / Valle de Carranza,19.0
2019,,,Karrantza Harana / Valle de Carranza,%,Karrantza Harana / Valle de Carranza,12.6
2018,,,Karrantza Harana / Valle de Carranza,%,Karrantza Harana / Valle de Carranza,13.0
2022,,,Karrantza Harana / Valle de Carranza,%,Karrantza Harana / Valle de Carranza,23.2
2018,,,Kortezubi,%,Kortezubi,15.1
2019,,,Kortezubi,%,Kortezubi,16.3
2015,,,Kortezubi,%,Kortezubi,25.8
2020,,,Kortezubi,%,Kortezubi,19.0
2021,,,Kortezubi,%,Kortezubi,17.0
2014,,,Kortezubi,%,Kortezubi,20.7
2016,,,Kortezubi,%,Kortezubi,20.5
2017,,,Kortezubi,%,Kortezubi,18.2
2022,,,Kortezubi,%,Kortezubi,17.6
2018,,,Kripan,%,Kripan,53.9
2021,,,Kripan,%,Kripan,53.3
2014,,,Kripan,%,Kripan,30.6
2016,,,Kripan,%,Kripan,51.3
2017,,,Kripan,%,Kripan,50.5
2022,,,Kripan,%,Kripan,43.5
2020,,,Kripan,%,Kripan,49.7
2019,,,Kripan,%,Kripan,50.5
2015,,,Kripan,%,Kripan,49.4
2021,,,Kuartango,%,Kuartango,28.1
2015,,,Kuartango,%,Kuartango,27.0
2018,,,Kuartango,%,Kuartango,34.0
2019,,,Kuartango,%,Kuartango,31.6
2022,,,Kuartango,%,Kuartango,31.4
2017,,,Kuartango,%,Kuartango,30.7
2020,,,Kuartango,%,Kuartango,30.9
2014,,,Kuartango,%,Kuartango,38.0
2016,,,Kuartango,%,Kuartango,29.6
2016,,,Labastida / Bastida,%,Labastida / Bastida,7.2
2014,,,Labastida / Bastida,%,Labastida / Bastida,6.7
2015,,,Labastida / Bastida,%,Labastida / Bastida,8.7
2020,,,Labastida / Bastida,%,Labastida / Bastida,5.7
2018,,,Labastida / Bastida,%,Labastida / Bastida,8.0
2017,,,Labastida / Bastida,%,Labastida / Bastida,6.9
2019,,,Labastida / Bastida,%,Labastida / Bastida,6.7
2022,,,Labastida / Bastida,%,Labastida / Bastida,4.2
2021,,,Labastida / Bastida,%,Labastida / Bastida,7.3
2022,,,Lagrán,%,Lagrán,18.8
2016,,,Lagrán,%,Lagrán,18.7
2014,,,Lagrán,%,Lagrán,16.4
2015,,,Lagrán,%,Lagrán,20.6
2018,,,Lagrán,%,Lagrán,18.7
2020,,,Lagrán,%,Lagrán,19.2
2017,,,Lagrán,%,Lagrán,15.4
2019,,,Lagrán,%,Lagrán,16.6
2021,,,Lagrán,%,Lagrán,19.2
2017,,,Laguardia,%,Laguardia,8.8
2015,,,Laguardia,%,Laguardia,8.3
2018,,,Laguardia,%,Laguardia,10.1
2022,,,Laguardia,%,Laguardia,5.2
2021,,,Laguardia,%,Laguardia,7.8
2020,,,Laguardia,%,Laguardia,7.8
2019,,,Laguardia,%,Laguardia,8.1
2014,,,Laguardia,%,Laguardia,7.3
2016,,,Laguardia,%,Laguardia,9.4
2016,,,Lanciego / Lantziego,%,Lanciego / Lantziego,14.4
2017,,,Lanciego / Lantziego,%,Lanciego / Lantziego,14.6
2021,,,Lanciego / Lantziego,%,Lanciego / Lantziego,10.7
2020,,,Lanciego / Lantziego,%,Lanciego / Lantziego,10.8
2015,,,Lanciego / Lantziego,%,Lanciego / Lantziego,15.1
2022,,,Lanciego / Lantziego,%,Lanciego / Lantziego,8.4
2014,,,Lanciego / Lantziego,%,Lanciego / Lantziego,10.9
2018,,,Lanciego / Lantziego,%,Lanciego / Lantziego,15.9
2019,,,Lanciego / Lantziego,%,Lanciego / Lantziego,13.5
2020,,,Lanestosa,%,Lanestosa,5.7
2017,,,Lanestosa,%,Lanestosa,4.9
2016,,,Lanestosa,%,Lanestosa,4.6
2015,,,Lanestosa,%,Lanestosa,4.1
2014,,,Lanestosa,%,Lanestosa,4.8
2019,,,Lanestosa,%,Lanestosa,5.0
2018,,,Lanestosa,%,Lanestosa,5.0
2022,,,Lanestosa,%,Lanestosa,7.2
2021,,,Lanestosa,%,Lanestosa,6.5
2016,,,Lantarón,%,Lantarón,3.2
2020,,,Lantarón,%,Lantarón,2.4
2015,,,Lantarón,%,Lantarón,3.8
2022,,,Lantarón,%,Lantarón,2.9
2021,,,Lantarón,%,Lantarón,2.6
2014,,,Lantarón,%,Lantarón,4.8
2019,,,Lantarón,%,Lantarón,2.6
2017,,,Lantarón,%,Lantarón,2.9
2018,,,Lantarón,%,Lantarón,2.6
2020,,,Lapuebla de Labarca,%,Lapuebla de Labarca,5.0
2022,,,Lapuebla de Labarca,%,Lapuebla de Labarca,4.2
2014,,,Lapuebla de Labarca,%,Lapuebla de Labarca,1.5
2017,,,Lapuebla de Labarca,%,Lapuebla de Labarca,3.2
2018,,,Lapuebla de Labarca,%,Lapuebla de Labarca,4.1
2016,,,Lapuebla de Labarca,%,Lapuebla de Labarca,2.6
2021,,,Lapuebla de Labarca,%,Lapuebla de Labarca,6.2
2015,,,Lapuebla de Labarca,%,Lapuebla de Labarca,2.1
2019,,,Lapuebla de Labarca,%,Lapuebla de Labarca,4.8
2020,,,Larrabetzu,%,Larrabetzu,1.2
2019,,,Larrabetzu,%,Larrabetzu,1.1
2015,,,Larrabetzu,%,Larrabetzu,2.4
2018,,,Larrabetzu,%,Larrabetzu,1.0
2017,,,Larrabetzu,%,Larrabetzu,1.3
2022,,,Larrabetzu,%,Larrabetzu,1.1
2021,,,Larrabetzu,%,Larrabetzu,0.9
2016,,,Larrabetzu,%,Larrabetzu,1.8
2014,,,Larrabetzu,%,Larrabetzu,2.6
2022,,,Larraul,%,Larraul,5.0
2021,,,Larraul,%,Larraul,4.7
2019,,,Larraul,%,Larraul,3.8
2018,,,Larraul,%,Larraul,3.7
2016,,,Larraul,%,Larraul,4.1
2014,,,Larraul,%,Larraul,5.4
2017,,,Larraul,%,Larraul,3.9
2015,,,Larraul,%,Larraul,6.3
2020,,,Larraul,%,Larraul,4.4
2017,,,Lasarte-Oria,%,Lasarte-Oria,0.1
2021,,,Lasarte-Oria,%,Lasarte-Oria,0.1
2016,,,Lasarte-Oria,%,Lasarte-Oria,0.1
2020,,,Lasarte-Oria,%,Lasarte-Oria,0.1
2015,,,Lasarte-Oria,%,Lasarte-Oria,0.1
2014,,,Lasarte-Oria,%,Lasarte-Oria,0.1
2019,,,Lasarte-Oria,%,Lasarte-Oria,0.1
2018,,,Lasarte-Oria,%,Lasarte-Oria,0.1
2022,,,Lasarte-Oria,%,Lasarte-Oria,0.1
2014,,,Laudio / Llodio,%,Laudio / Llodio,0.3
2017,,,Laudio / Llodio,%,Laudio / Llodio,0.3
2016,,,Laudio / Llodio,%,Laudio / Llodio,0.3
2015,,,Laudio / Llodio,%,Laudio / Llodio,0.3
2018,,,Laudio / Llodio,%,Laudio / Llodio,0.2
2019,,,Laudio / Llodio,%,Laudio / Llodio,0.2
2021,,,Laudio / Llodio,%,Laudio / Llodio,0.3
2022,,,Laudio / Llodio,%,Laudio / Llodio,0.4
2020,,,Laudio / Llodio,%,Laudio / Llodio,0.2
2018,,,Laukiz,%,Laukiz,2.7
2019,,,Laukiz,%,Laukiz,2.4
2014,,,Laukiz,%,Laukiz,3.2
2022,,,Laukiz,%,Laukiz,3.5
2017,,,Laukiz,%,Laukiz,2.9
2016,,,Laukiz,%,Laukiz,3.1
2021,,,Laukiz,%,Laukiz,3.4
2020,,,Laukiz,%,Laukiz,2.6
2015,,,Laukiz,%,Laukiz,3.2
2016,,,Lazkao,%,Lazkao,0.6
2021,,,Lazkao,%,Lazkao,0.6
2015,,,Lazkao,%,Lazkao,0.6
2022,,,Lazkao,%,Lazkao,0.6
2014,,,Lazkao,%,Lazkao,0.7
2018,,,Lazkao,%,Lazkao,0.5
2020,,,Lazkao,%,Lazkao,0.6
2017,,,Lazkao,%,Lazkao,0.7
2019,,,Lazkao,%,Lazkao,0.6
2015,,,Leaburu,%,Leaburu,1.6
2022,,,Leaburu,%,Leaburu,1.9
2016,,,Leaburu,%,Leaburu,1.5
2014,,,Leaburu,%,Leaburu,1.6
2020,,,Leaburu,%,Leaburu,1.6
2018,,,Leaburu,%,Leaburu,1.4
2017,,,Leaburu,%,Leaburu,1.7
2019,,,Leaburu,%,Leaburu,1.7
2021,,,Leaburu,%,Leaburu,1.7
2016,,,Legazpi,%,Legazpi,0.3
2017,,,Legazpi,%,Legazpi,0.4
2018,,,Legazpi,%,Legazpi,0.3
2020,,,Legazpi,%,Legazpi,0.4
2021,,,Legazpi,%,Legazpi,0.4
2022,,,Legazpi,%,Legazpi,0.6
2019,,,Legazpi,%,Legazpi,0.4
2015,,,Legazpi,%,Legazpi,0.3
2014,,,Legazpi,%,Legazpi,0.3
2015,,,Legorreta,%,Legorreta,1.7
2016,,,Legorreta,%,Legorreta,1.3
2017,,,Legorreta,%,Legorreta,1.3
2019,,,Legorreta,%,Legorreta,1.0
2020,,,Legorreta,%,Legorreta,0.8
2021,,,Legorreta,%,Legorreta,0.8
2022,,,Legorreta,%,Legorreta,0.8
2014,,,Legorreta,%,Legorreta,1.6
2018,,,Legorreta,%,Legorreta,1.0
2014,,,Legutio,%,Legutio,1.4
2017,,,Legutio,%,Legutio,0.5
2022,,,Legutio,%,Legutio,0.6
2016,,,Legutio,%,Legutio,0.7
2018,,,Legutio,%,Legutio,0.5
2015,,,Legutio,%,Legutio,1.0
2020,,,Legutio,%,Legutio,0.4
2019,,,Legutio,%,Legutio,0.3
2021,,,Legutio,%,Legutio,0.3
2017,,,Leintz-Gatzaga,%,Leintz-Gatzaga,5.4
2014,,,Leintz-Gatzaga,%,Leintz-Gatzaga,3.4
2016,,,Leintz-Gatzaga,%,Leintz-Gatzaga,4.8
2018,,,Leintz-Gatzaga,%,Leintz-Gatzaga,3.8
2020,,,Leintz-Gatzaga,%,Leintz-Gatzaga,6.4
2022,,,Leintz-Gatzaga,%,Leintz-Gatzaga,7.8
2015,,,Leintz-Gatzaga,%,Leintz-Gatzaga,4.4
2019,,,Leintz-Gatzaga,%,Leintz-Gatzaga,5.3
2021,,,Leintz-Gatzaga,%,Leintz-Gatzaga,6.4
2018,,,Leioa,%,Leioa,0.0
2022,,,Leioa,%,Leioa,0.0
2021,,,Leioa,%,Leioa,0.0
2016,,,Leioa,%,Leioa,0.0
2015,,,Leioa,%,Leioa,0.0
2020,,,Leioa,%,Leioa,0.0
2019,,,Leioa,%,Leioa,0.0
2014,,,Leioa,%,Leioa,0.0
2017,,,Leioa,%,Leioa,0.0
2022,,,Lekeitio,%,Lekeitio,1.6
2015,,,Lekeitio,%,Lekeitio,2.2
2018,,,Lekeitio,%,Lekeitio,3.7
2016,,,Lekeitio,%,Lekeitio,3.0
2020,,,Lekeitio,%,Lekeitio,2.6
2021,,,Lekeitio,%,Lekeitio,1.9
2017,,,Lekeitio,%,Lekeitio,3.6
2019,,,Lekeitio,%,Lekeitio,3.1
2014,,,Lekeitio,%,Lekeitio,1.9
2021,,,Lemoa,%,Lemoa,0.6
2017,,,Lemoa,%,Lemoa,0.5
2015,,,Lemoa,%,Lemoa,0.4
2014,,,Lemoa,%,Lemoa,0.4
2019,,,Lemoa,%,Lemoa,0.5
2018,,,Lemoa,%,Lemoa,0.5
2022,,,Lemoa,%,Lemoa,0.6
2020,,,Lemoa,%,Lemoa,0.5
2016,,,Lemoa,%,Lemoa,0.5
2020,,,Lemoiz,%,Lemoiz,11.9
2015,,,Lemoiz,%,Lemoiz,5.8
2019,,,Lemoiz,%,Lemoiz,9.5
2018,,,Lemoiz,%,Lemoiz,6.2
2017,,,Lemoiz,%,Lemoiz,7.4
2022,,,Lemoiz,%,Lemoiz,9.9
2021,,,Lemoiz,%,Lemoiz,10.9
2016,,,Lemoiz,%,Lemoiz,6.0
2014,,,Lemoiz,%,Lemoiz,7.6
2014,,,Leza,%,Leza,20.5
2019,,,Leza,%,Leza,37.8
2016,,,Leza,%,Leza,27.9
2021,,,Leza,%,Leza,30.4
2015,,,Leza,%,Leza,26.3
2017,,,Leza,%,Leza,25.5
2020,,,Leza,%,Leza,32.1
2022,,,Leza,%,Leza,24.3
2018,,,Leza,%,Leza,42.2
2022,,,Lezama,%,Lezama,0.5
2014,,,Lezama,%,Lezama,0.5
2021,,,Lezama,%,Lezama,0.5
2017,,,Lezama,%,Lezama,0.6
2018,,,Lezama,%,Lezama,0.6
2019,,,Lezama,%,Lezama,0.5
2016,,,Lezama,%,Lezama,0.6
2020,,,Lezama,%,Lezama,0.5
2015,,,Lezama,%,Lezama,0.5
2015,,,Lezo,%,Lezo,0.1
2014,,,Lezo,%,Lezo,0.1
2016,,,Lezo,%,Lezo,0.1
2022,,,Lezo,%,Lezo,0.1
2020,,,Lezo,%,Lezo,0.1
2017,,,Lezo,%,Lezo,0.1
2019,,,Lezo,%,Lezo,0.1
2018,,,Lezo,%,Lezo,0.1
2021,,,Lezo,%,Lezo,0.1
2021,,,Lizartza,%,Lizartza,1.5
2017,,,Lizartza,%,Lizartza,1.6
2022,,,Lizartza,%,Lizartza,1.5
2018,,,Lizartza,%,Lizartza,1.1
2020,,,Lizartza,%,Lizartza,1.3
2016,,,Lizartza,%,Lizartza,1.4
2014,,,Lizartza,%,Lizartza,1.4
2015,,,Lizartza,%,Lizartza,1.4
2019,,,Lizartza,%,Lizartza,1.5
2016,,,Loiu,%,Loiu,0.2
2018,,,Loiu,%,Loiu,0.1
2022,,,Loiu,%,Loiu,0.2
2020,,,Loiu,%,Loiu,0.2
2015,,,Loiu,%,Loiu,0.2
2017,,,Loiu,%,Loiu,0.1
2021,,,Loiu,%,Loiu,0.2
2019,,,Loiu,%,Loiu,0.1
2014,,,Loiu,%,Loiu,0.2
2018,,,Mallabia,%,Mallabia,0.7
2022,,,Mallabia,%,Mallabia,0.7
2017,,,Mallabia,%,Mallabia,0.8
2016,,,Mallabia,%,Mallabia,0.9
2020,,,Mallabia,%,Mallabia,0.7
2019,,,Mallabia,%,Mallabia,0.7
2014,,,Mallabia,%,Mallabia,0.9
2021,,,Mallabia,%,Mallabia,0.6
2015,,,Mallabia,%,Mallabia,0.9
2017,,,Mañaria,%,Mañaria,2.6
2021,,,Mañaria,%,Mañaria,3.4
2020,,,Mañaria,%,Mañaria,2.5
2015,,,Mañaria,%,Mañaria,1.6
2014,,,Mañaria,%,Mañaria,1.6
2019,,,Mañaria,%,Mañaria,2.3
2018,,,Mañaria,%,Mañaria,2.1
2022,,,Mañaria,%,Mañaria,4.4
2016,,,Mañaria,%,Mañaria,2.4
2018,,,Markina-Xemein,%,Markina-Xemein,2.1
2019,,,Markina-Xemein,%,Markina-Xemein,2.5
2022,,,Markina-Xemein,%,Markina-Xemein,4.4
2021,,,Markina-Xemein,%,Markina-Xemein,3.6
2016,,,Markina-Xemein,%,Markina-Xemein,2.3
2020,,,Markina-Xemein,%,Markina-Xemein,2.8
2014,,,Markina-Xemein,%,Markina-Xemein,1.7
2015,,,Markina-Xemein,%,Markina-Xemein,2.1
2017,,,Markina-Xemein,%,Markina-Xemein,2.2
2022,,,Maruri-Jatabe,%,Maruri-Jatabe,5.6
2014,,,Maruri-Jatabe,%,Maruri-Jatabe,5.4
2018,,,Maruri-Jatabe,%,Maruri-Jatabe,4.4
2021,,,Maruri-Jatabe,%,Maruri-Jatabe,6.1
2015,,,Maruri-Jatabe,%,Maruri-Jatabe,3.9
2020,,,Maruri-Jatabe,%,Maruri-Jatabe,6.6
2019,,,Maruri-Jatabe,%,Maruri-Jatabe,5.3
2016,,,Maruri-Jatabe,%,Maruri-Jatabe,6.0
2017,,,Maruri-Jatabe,%,Maruri-Jatabe,4.8
2022,,,Mendaro,%,Mendaro,0.9
2017,,,Mendaro,%,Mendaro,0.7
2014,,,Mendaro,%,Mendaro,0.5
2018,,,Mendaro,%,Mendaro,0.4
2021,,,Mendaro,%,Mendaro,0.7
2016,,,Mendaro,%,Mendaro,0.6
2015,,,Mendaro,%,Mendaro,0.5
2020,,,Mendaro,%,Mendaro,0.5
2019,,,Mendaro,%,Mendaro,0.6
2020,,,Mendata,%,Mendata,23.2
2015,,,Mendata,%,Mendata,20.2
2014,,,Mendata,%,Mendata,18.5
2018,,,Mendata,%,Mendata,23.1
2022,,,Mendata,%,Mendata,33.2
2016,,,Mendata,%,Mendata,24.3
2019,,,Mendata,%,Mendata,26.0
2017,,,Mendata,%,Mendata,25.9
2021,,,Mendata,%,Mendata,28.9
2020,,,Mendexa,%,Mendexa,10.0
2019,,,Mendexa,%,Mendexa,8.1
2018,,,Mendexa,%,Mendexa,6.2
2015,,,Mendexa,%,Mendexa,8.9
2016,,,Mendexa,%,Mendexa,7.5
2014,,,Mendexa,%,Mendexa,8.9
2017,,,Mendexa,%,Mendexa,7.3
2022,,,Mendexa,%,Mendexa,10.7
2021,,,Mendexa,%,Mendexa,10.3
2022,,,Meñaka,%,Meñaka,6.6
2015,,,Meñaka,%,Meñaka,4.4
2016,,,Meñaka,%,Meñaka,5.6
2018,,,Meñaka,%,Meñaka,5.3
2019,,,Meñaka,%,Meñaka,5.4
2014,,,Meñaka,%,Meñaka,4.4
2017,,,Meñaka,%,Meñaka,5.6
2021,,,Meñaka,%,Meñaka,6.9
2020,,,Meñaka,%,Meñaka,5.6
2015,,,Moreda de Álava / Moreda Araba,%,Moreda de Álava / Moreda Araba,26.2
2014,,,Moreda de Álava / Moreda Araba,%,Moreda de Álava / Moreda Araba,24.5
2016,,,Moreda de Álava / Moreda Araba,%,Moreda de Álava / Moreda Araba,31.8
2019,,,Moreda de Álava / Moreda Araba,%,Moreda de Álava / Moreda Araba,28.5
2018,,,Moreda de Álava / Moreda Araba,%,Moreda de Álava / Moreda Araba,32.4
2020,,,Moreda de Álava / Moreda Araba,%,Moreda de Álava / Moreda Araba,21.7
2022,,,Moreda de Álava / Moreda Araba,%,Moreda de Álava / Moreda Araba,17.8
2017,,,Moreda de Álava / Moreda Araba,%,Moreda de Álava / Moreda Araba,30.0
2021,,,Moreda de Álava / Moreda Araba,%,Moreda de Álava / Moreda Araba,21.5
2018,,,Morga,%,Morga,13.4
2021,,,Morga,%,Morga,19.5
2022,,,Morga,%,Morga,21.4
2017,,,Morga,%,Morga,16.7
2015,,,Morga,%,Morga,16.0
2019,,,Morga,%,Morga,12.6
2014,,,Morga,%,Morga,14.3
2016,,,Morga,%,Morga,17.9
2020,,,Morga,%,Morga,18.0
2014,,,Mundaka,%,Mundaka,0.9
2015,,,Mundaka,%,Mundaka,0.9
2016,,,Mundaka,%,Mundaka,0.9
2018,,,Mundaka,%,Mundaka,0.5
2020,,,Mundaka,%,Mundaka,0.5
2022,,,Mundaka,%,Mundaka,0.5
2021,,,Mundaka,%,Mundaka,0.6
2019,,,Mundaka,%,Mundaka,0.5
2017,,,Mundaka,%,Mundaka,0.4
2017,,,Mungia,%,Mungia,0.4
2021,,,Mungia,%,Mungia,0.4
2022,,,Mungia,%,Mungia,0.4
2015,,,Mungia,%,Mungia,0.6
2019,,,Mungia,%,Mungia,0.4
2014,,,Mungia,%,Mungia,0.5
2020,,,Mungia,%,Mungia,0.4
2018,,,Mungia,%,Mungia,0.3
2016,,,Mungia,%,Mungia,0.5
2018,,,Munitibar-Arbatzegi Gerrikaitz,%,Munitibar-Arbatzegi Gerrikaitz,9.0
2022,,,Munitibar-Arbatzegi Gerrikaitz,%,Munitibar-Arbatzegi Gerrikaitz,19.7
2014,,,Munitibar-Arbatzegi Gerrikaitz,%,Munitibar-Arbatzegi Gerrikaitz,6.6
2021,,,Munitibar-Arbatzegi Gerrikaitz,%,Munitibar-Arbatzegi Gerrikaitz,15.8
2017,,,Munitibar-Arbatzegi Gerrikaitz,%,Munitibar-Arbatzegi Gerrikaitz,9.2
2015,,,Munitibar-Arbatzegi Gerrikaitz,%,Munitibar-Arbatzegi Gerrikaitz,8.6
2016,,,Munitibar-Arbatzegi Gerrikaitz,%,Munitibar-Arbatzegi Gerrikaitz,10.1
2020,,,Munitibar-Arbatzegi Gerrikaitz,%,Munitibar-Arbatzegi Gerrikaitz,9.8
2019,,,Munitibar-Arbatzegi Gerrikaitz,%,Munitibar-Arbatzegi Gerrikaitz,11.0
2018,,,Murueta,%,Murueta,4.1
2020,,,Murueta,%,Murueta,9.5
2022,,,Murueta,%,Murueta,3.5
2021,,,Murueta,%,Murueta,4.2
2015,,,Murueta,%,Murueta,3.9
2019,,,Murueta,%,Murueta,4.1
2016,,,Murueta,%,Murueta,4.8
2014,,,Murueta,%,Murueta,3.5
2017,,,Murueta,%,Murueta,4.9
2021,,,Muskiz,%,Muskiz,0.3
2016,,,Muskiz,%,Muskiz,0.2
2017,,,Muskiz,%,Muskiz,0.3
2014,,,Muskiz,%,Muskiz,0.7
2018,,,Muskiz,%,Muskiz,0.3
2020,,,Muskiz,%,Muskiz,0.4
2022,,,Muskiz,%,Muskiz,0.1
2019,,,Muskiz,%,Muskiz,0.3
2015,,,Muskiz,%,Muskiz,0.3
2017,,,Mutiloa,%,Mutiloa,11.0
2021,,,Mutiloa,%,Mutiloa,10.7
2014,,,Mutiloa,%,Mutiloa,8.2
2015,,,Mutiloa,%,Mutiloa,8.1
2016,,,Mutiloa,%,Mutiloa,9.4
2018,,,Mutiloa,%,Mutiloa,7.6
2019,,,Mutiloa,%,Mutiloa,7.5
2020,,,Mutiloa,%,Mutiloa,8.3
2022,,,Mutiloa,%,Mutiloa,14.8
2014,,,Mutriku,%,Mutriku,1.8
2020,,,Mutriku,%,Mutriku,2.3
2019,,,Mutriku,%,Mutriku,2.2
2022,,,Mutriku,%,Mutriku,3.3
2017,,,Mutriku,%,Mutriku,2.2
2021,,,Mutriku,%,Mutriku,2.4
2015,,,Mutriku,%,Mutriku,1.9
2018,,,Mutriku,%,Mutriku,2.1
2016,,,Mutriku,%,Mutriku,2.0
2016,,,Muxika,%,Muxika,7.0
2020,,,Muxika,%,Muxika,7.1
2022,,,Muxika,%,Muxika,9.4
2014,,,Muxika,%,Muxika,5.8
2018,,,Muxika,%,Muxika,6.0
2015,,,Muxika,%,Muxika,6.6
2017,,,Muxika,%,Muxika,6.6
2019,,,Muxika,%,Muxika,7.2
2021,,,Muxika,%,Muxika,8.1
2019,,,Nabarniz,%,Nabarniz,13.1
2017,,,Nabarniz,%,Nabarniz,11.9
2022,,,Nabarniz,%,Nabarniz,21.7
2014,,,Nabarniz,%,Nabarniz,10.1
2018,,,Nabarniz,%,Nabarniz,11.6
2020,,,Nabarniz,%,Nabarniz,13.8
2016,,,Nabarniz,%,Nabarniz,12.7
2015,,,Nabarniz,%,Nabarniz,11.1
2021,,,Nabarniz,%,Nabarniz,17.7
2016,,,Navaridas,%,Navaridas,33.7
2015,,,Navaridas,%,Navaridas,29.8
2019,,,Navaridas,%,Navaridas,33.2
2018,,,Navaridas,%,Navaridas,37.5
2020,,,Navaridas,%,Navaridas,31.6
2022,,,Navaridas,%,Navaridas,29.1
2017,,,Navaridas,%,Navaridas,32.7
2021,,,Navaridas,%,Navaridas,34.6
2014,,,Navaridas,%,Navaridas,23.4
2014,,,Oiartzun,%,Oiartzun,0.4
2018,,,Oiartzun,%,Oiartzun,0.2
2022,,,Oiartzun,%,Oiartzun,0.3
2015,,,Oiartzun,%,Oiartzun,0.4
2016,,,Oiartzun,%,Oiartzun,0.3
2017,,,Oiartzun,%,Oiartzun,0.3
2019,,,Oiartzun,%,Oiartzun,0.3
2020,,,Oiartzun,%,Oiartzun,0.2
2021,,,Oiartzun,%,Oiartzun,0.3
2019,,,Okondo,%,Okondo,3.4
2020,,,Okondo,%,Okondo,3.8
2021,,,Okondo,%,Okondo,6.8
2014,,,Okondo,%,Okondo,4.8
2016,,,Okondo,%,Okondo,4.6
2015,,,Okondo,%,Okondo,3.9
2018,,,Okondo,%,Okondo,4.3
2017,,,Okondo,%,Okondo,4.8
2022,,,Okondo,%,Okondo,7.8
2014,,,Olaberria,%,Olaberria,0.2
2015,,,Olaberria,%,Olaberria,0.2
2017,,,Olaberria,%,Olaberria,0.2
2018,,,Olaberria,%,Olaberria,0.2
2019,,,Olaberria,%,Olaberria,0.2
2021,,,Olaberria,%,Olaberria,0.2
2022,,,Olaberria,%,Olaberria,0.2
2020,,,Olaberria,%,Olaberria,0.2
2016,,,Olaberria,%,Olaberria,0.2
2022,,,Ondarroa,%,Ondarroa,7.2
2021,,,Ondarroa,%,Ondarroa,9.9
2018,,,Ondarroa,%,Ondarroa,14.3
2015,,,Ondarroa,%,Ondarroa,17.3
2019,,,Ondarroa,%,Ondarroa,16.7
2014,,,Ondarroa,%,Ondarroa,13.3
2016,,,Ondarroa,%,Ondarroa,17.6
2020,,,Ondarroa,%,Ondarroa,12.2
2017,,,Ondarroa,%,Ondarroa,16.6
2015,,,Oñati,%,Oñati,0.6
2019,,,Oñati,%,Oñati,0.6
2014,,,Oñati,%,Oñati,0.7
2016,,,Oñati,%,Oñati,0.6
2017,,,Oñati,%,Oñati,0.7
2018,,,Oñati,%,Oñati,0.5
2020,,,Oñati,%,Oñati,0.6
2021,,,Oñati,%,Oñati,0.6
2022,,,Oñati,%,Oñati,0.9
2015,,,Ordizia,%,Ordizia,0.1
2016,,,Ordizia,%,Ordizia,0.1
2019,,,Ordizia,%,Ordizia,0.1
2014,,,Ordizia,%,Ordizia,0.1
2018,,,Ordizia,%,Ordizia,0.1
2017,,,Ordizia,%,Ordizia,0.1
2022,,,Ordizia,%,Ordizia,0.2
2021,,,Ordizia,%,Ordizia,0.1
2020,,,Ordizia,%,Ordizia,0.1
2022,,,Orendain,%,Orendain,13.0
2021,,,Orendain,%,Orendain,11.9
2014,,,Orendain,%,Orendain,14.6
2017,,,Orendain,%,Orendain,13.7
2016,,,Orendain,%,Orendain,14.1
2015,,,Orendain,%,Orendain,12.4
2020,,,Orendain,%,Orendain,12.7
2019,,,Orendain,%,Orendain,11.7
2018,,,Orendain,%,Orendain,10.7
2015,,,Orexa,%,Orexa,8.4
2021,,,Orexa,%,Orexa,11.8
2017,,,Orexa,%,Orexa,11.7
2014,,,Orexa,%,Orexa,6.3
2016,,,Orexa,%,Orexa,10.1
2018,,,Orexa,%,Orexa,10.1
2019,,,Orexa,%,Orexa,12.3
2020,,,Orexa,%,Orexa,11.7
2022,,,Orexa,%,Orexa,12.8
2016,,,Orio,%,Orio,5.9
2020,,,Orio,%,Orio,3.8
2022,,,Orio,%,Orio,5.0
2015,,,Orio,%,Orio,5.3
2017,,,Orio,%,Orio,7.8
2018,,,Orio,%,Orio,7.8
2019,,,Orio,%,Orio,6.5
2021,,,Orio,%,Orio,4.9
2014,,,Orio,%,Orio,4.9
2015,,,Ormaiztegi,%,Ormaiztegi,0.2
2014,,,Ormaiztegi,%,Ormaiztegi,0.3
2016,,,Ormaiztegi,%,Ormaiztegi,0.2
2017,,,Ormaiztegi,%,Ormaiztegi,0.3
2018,,,Ormaiztegi,%,Ormaiztegi,0.2
2020,,,Ormaiztegi,%,Ormaiztegi,0.3
2021,,,Ormaiztegi,%,Ormaiztegi,0.6
2022,,,Ormaiztegi,%,Ormaiztegi,0.6
2019,,,Ormaiztegi,%,Ormaiztegi,0.3
2014,,,Orozko,%,Orozko,2.1
2022,,,Orozko,%,Orozko,4.1
2021,,,Orozko,%,Orozko,3.1
2019,,,Orozko,%,Orozko,2.0
2017,,,Orozko,%,Orozko,2.3
2016,,,Orozko,%,Orozko,2.6
2018,,,Orozko,%,Orozko,1.9
2020,,,Orozko,%,Orozko,2.5
2015,,,Orozko,%,Orozko,2.2
2020,,,Ortuella,%,Ortuella,0.1
2017,,,Ortuella,%,Ortuella,0.1
2015,,,Ortuella,%,Ortuella,0.1
2021,,,Ortuella,%,Ortuella,0.1
2019,,,Ortuella,%,Ortuella,0.1
2014,,,Ortuella,%,Ortuella,0.1
2016,,,Ortuella,%,Ortuella,0.1
2018,,,Ortuella,%,Ortuella,0.1
2022,,,Ortuella,%,Ortuella,0.1
2017,,,Otxandio,%,Otxandio,0.8
2014,,,Otxandio,%,Otxandio,1.0
2022,,,Otxandio,%,Otxandio,1.2
2020,,,Otxandio,%,Otxandio,0.8
2015,,,Otxandio,%,Otxandio,0.9
2019,,,Otxandio,%,Otxandio,0.7
2021,,,Otxandio,%,Otxandio,0.9
2016,,,Otxandio,%,Otxandio,0.8
2018,,,Otxandio,%,Otxandio,0.7
2019,,,Oyón-Oion,%,Oyón-Oion,7.6
2015,,,Oyón-Oion,%,Oyón-Oion,4.3
2014,,,Oyón-Oion,%,Oyón-Oion,3.2
2017,,,Oyón-Oion,%,Oyón-Oion,6.1
2016,,,Oyón-Oion,%,Oyón-Oion,5.3
2021,,,Oyón-Oion,%,Oyón-Oion,6.8
2018,,,Oyón-Oion,%,Oyón-Oion,8.0
2020,,,Oyón-Oion,%,Oyón-Oion,5.9
2022,,,Oyón-Oion,%,Oyón-Oion,4.9
2017,,,Pasaia,%,Pasaia,2.2
2014,,,Pasaia,%,Pasaia,2.5
2015,,,Pasaia,%,Pasaia,2.7
2016,,,Pasaia,%,Pasaia,2.7
2018,,,Pasaia,%,Pasaia,2.8
2019,,,Pasaia,%,Pasaia,4.2
2020,,,Pasaia,%,Pasaia,3.9
2022,,,Pasaia,%,Pasaia,3.2
2021,,,Pasaia,%,Pasaia,2.9
2014,,,Peñacerrada-Urizaharra,%,Peñacerrada-Urizaharra,26.2
2022,,,Peñacerrada-Urizaharra,%,Peñacerrada-Urizaharra,33.7
2016,,,Peñacerrada-Urizaharra,%,Peñacerrada-Urizaharra,28.1
2020,,,Peñacerrada-Urizaharra,%,Peñacerrada-Urizaharra,31.0
2018,,,Peñacerrada-Urizaharra,%,Peñacerrada-Urizaharra,27.6
2017,,,Peñacerrada-Urizaharra,%,Peñacerrada-Urizaharra,27.0
2019,,,Peñacerrada-Urizaharra,%,Peñacerrada-Urizaharra,29.4
2021,,,Peñacerrada-Urizaharra,%,Peñacerrada-Urizaharra,36.5
2015,,,Peñacerrada-Urizaharra,%,Peñacerrada-Urizaharra,25.7
2017,,,Plentzia,%,Plentzia,1.4
2018,,,Plentzia,%,Plentzia,1.4
2021,,,Plentzia,%,Plentzia,1.5
2015,,,Plentzia,%,Plentzia,2.6
2014,,,Plentzia,%,Plentzia,2.5
2016,,,Plentzia,%,Plentzia,2.1
2020,,,Plentzia,%,Plentzia,1.6
2022,,,Plentzia,%,Plentzia,1.0
2019,,,Plentzia,%,Plentzia,1.2
2014,,,Portugalete,%,Portugalete,0.0
2018,,,Portugalete,%,Portugalete,0.0
2016,,,Portugalete,%,Portugalete,0.0
2022,,,Portugalete,%,Portugalete,0.0
2015,,,Portugalete,%,Portugalete,0.0
2017,,,Portugalete,%,Portugalete,0.0
2019,,,Portugalete,%,Portugalete,0.0
2021,,,Portugalete,%,Portugalete,0.0
2020,,,Portugalete,%,Portugalete,0.0
2020,,,Ribera Baja / Erriberabeitia,%,Ribera Baja / Erriberabeitia,1.2
2022,,,Ribera Baja / Erriberabeitia,%,Ribera Baja / Erriberabeitia,1.1
2016,,,Ribera Baja / Erriberabeitia,%,Ribera Baja / Erriberabeitia,1.3
2014,,,Ribera Baja / Erriberabeitia,%,Ribera Baja / Erriberabeitia,1.1
2018,,,Ribera Baja / Erriberabeitia,%,Ribera Baja / Erriberabeitia,1.6
2015,,,Ribera Baja / Erriberabeitia,%,Ribera Baja / Erriberabeitia,1.1
2017,,,Ribera Baja / Erriberabeitia,%,Ribera Baja / Erriberabeitia,1.4
2019,,,Ribera Baja / Erriberabeitia,%,Ribera Baja / Erriberabeitia,1.3
2021,,,Ribera Baja / Erriberabeitia,%,Ribera Baja / Erriberabeitia,1.4
2016,,,Samaniego,%,Samaniego,17.2
2020,,,Samaniego,%,Samaniego,11.1
2014,,,Samaniego,%,Samaniego,9.4
2018,,,Samaniego,%,Samaniego,18.3
2022,,,Samaniego,%,Samaniego,8.4
2015,,,Samaniego,%,Samaniego,14.6
2017,,,Samaniego,%,Samaniego,16.2
2019,,,Samaniego,%,Samaniego,15.0
2021,,,Samaniego,%,Samaniego,10.4
2021,,,San Millán / Donemiliaga,%,San Millán / Donemiliaga,18.2
2014,,,San Millán / Donemiliaga,%,San Millán / Donemiliaga,18.6
2022,,,San Millán / Donemiliaga,%,San Millán / Donemiliaga,17.1
2016,,,San Millán / Donemiliaga,%,San Millán / Donemiliaga,20.9
2019,,,San Millán / Donemiliaga,%,San Millán / Donemiliaga,17.9
2017,,,San Millán / Donemiliaga,%,San Millán / Donemiliaga,19.1
2018,,,San Millán / Donemiliaga,%,San Millán / Donemiliaga,20.0
2015,,,San Millán / Donemiliaga,%,San Millán / Donemiliaga,19.5
2020,,,San Millán / Donemiliaga,%,San Millán / Donemiliaga,17.3
2020,,,Santurtzi,%,Santurtzi,0.3
2022,,,Santurtzi,%,Santurtzi,0.1
2014,,,Santurtzi,%,Santurtzi,0.2
2018,,,Santurtzi,%,Santurtzi,0.2
2015,,,Santurtzi,%,Santurtzi,0.2
2017,,,Santurtzi,%,Santurtzi,0.2
2019,,,Santurtzi,%,Santurtzi,0.3
2021,,,Santurtzi,%,Santurtzi,0.2
2016,,,Santurtzi,%,Santurtzi,0.2
2021,,,Segura,%,Segura,2.7
2018,,,Segura,%,Segura,1.8
2014,,,Segura,%,Segura,2.0
2016,,,Segura,%,Segura,1.9
2022,,,Segura,%,Segura,3.0
2019,,,Segura,%,Segura,2.2
2017,,,Segura,%,Segura,2.2
2015,,,Segura,%,Segura,2.1
2020,,,Segura,%,Segura,2.2
2014,,,Sestao,%,Sestao,0.0
2016,,,Sestao,%,Sestao,0.0
2020,,,Sestao,%,Sestao,0.0
2022,,,Sestao,%,Sestao,0.0
2018,,,Sestao,%,Sestao,0.0
2015,,,Sestao,%,Sestao,0.0
2017,,,Sestao,%,Sestao,0.0
2019,,,Sestao,%,Sestao,0.0
2021,,,Sestao,%,Sestao,0.0
2017,,,Sondika,%,Sondika,0.1
2019,,,Sondika,%,Sondika,0.1
2014,,,Sondika,%,Sondika,0.1
2021,,,Sondika,%,Sondika,0.1
2015,,,Sondika,%,Sondika,0.1
2016,,,Sondika,%,Sondika,0.1
2018,,,Sondika,%,Sondika,0.1
2022,,,Sondika,%,Sondika,0.1
2020,,,Sondika,%,Sondika,0.1
2017,,,Sopela,%,Sopela,0.4
2019,,,Sopela,%,Sopela,0.2
2015,,,Sopela,%,Sopela,0.6
2014,,,Sopela,%,Sopela,0.7
2016,,,Sopela,%,Sopela,0.4
2018,,,Sopela,%,Sopela,0.3
2020,,,Sopela,%,Sopela,0.2
2022,,,Sopela,%,Sopela,0.2
2021,,,Sopela,%,Sopela,0.2
2016,,,Sopuerta,%,Sopuerta,3.3
2020,,,Sopuerta,%,Sopuerta,3.5
2018,,,Sopuerta,%,Sopuerta,3.5
2014,,,Sopuerta,%,Sopuerta,4.0
2022,,,Sopuerta,%,Sopuerta,6.7
2015,,,Sopuerta,%,Sopuerta,3.0
2017,,,Sopuerta,%,Sopuerta,3.6
2019,,,Sopuerta,%,Sopuerta,3.8
2021,,,Sopuerta,%,Sopuerta,5.1
2016,,,Soraluze-Placencia de las Armas,%,Soraluze-Placencia de las Armas,0.5
2020,,,Soraluze-Placencia de las Armas,%,Soraluze-Placencia de las Armas,0.6
2015,,,Soraluze-Placencia de las Armas,%,Soraluze-Placencia de las Armas,0.4
2017,,,Soraluze-Placencia de las Armas,%,Soraluze-Placencia de las Armas,0.6
2019,,,Soraluze-Placencia de las Armas,%,Soraluze-Placencia de las Armas,0.6
2021,,,Soraluze-Placencia de las Armas,%,Soraluze-Placencia de las Armas,0.8
2018,,,Soraluze-Placencia de las Armas,%,Soraluze-Placencia de las Armas,0.5
2014,,,Soraluze-Placencia de las Armas,%,Soraluze-Placencia de las Armas,0.4
2022,,,Soraluze-Placencia de las Armas,%,Soraluze-Placencia de las Armas,1.0
2014,,,Sukarrieta,%,Sukarrieta,0.4
2015,,,Sukarrieta,%,Sukarrieta,0.4
2020,,,Sukarrieta,%,Sukarrieta,1.1
2018,,,Sukarrieta,%,Sukarrieta,0.9
2016,,,Sukarrieta,%,Sukarrieta,0.6
2017,,,Sukarrieta,%,Sukarrieta,1.0
2019,,,Sukarrieta,%,Sukarrieta,1.2
2021,,,Sukarrieta,%,Sukarrieta,1.4
2022,,,Sukarrieta,%,Sukarrieta,1.3
2014,,,Tolosa,%,Tolosa,0.4
2018,,,Tolosa,%,Tolosa,0.3
2016,,,Tolosa,%,Tolosa,0.3
2021,,,Tolosa,%,Tolosa,0.3
2022,,,Tolosa,%,Tolosa,0.3
2015,,,Tolosa,%,Tolosa,0.4
2019,,,Tolosa,%,Tolosa,0.3
2017,,,Tolosa,%,Tolosa,0.3
2020,,,Tolosa,%,Tolosa,0.3
2021,,,Trucios-Turtzioz,%,Trucios-Turtzioz,13.7
2019,,,Trucios-Turtzioz,%,Trucios-Turtzioz,11.9
2017,,,Trucios-Turtzioz,%,Trucios-Turtzioz,9.7
2015,,,Trucios-Turtzioz,%,Trucios-Turtzioz,7.5
2014,,,Trucios-Turtzioz,%,Trucios-Turtzioz,9.0
2016,,,Trucios-Turtzioz,%,Trucios-Turtzioz,8.9
2018,,,Trucios-Turtzioz,%,Trucios-Turtzioz,10.4
2020,,,Trucios-Turtzioz,%,Trucios-Turtzioz,11.9
2022,,,Trucios-Turtzioz,%,Trucios-Turtzioz,17.2
2015,,,Ubide,%,Ubide,3.2
2018,,,Ubide,%,Ubide,3.5
2022,,,Ubide,%,Ubide,5.6
2014,,,Ubide,%,Ubide,4.0
2020,,,Ubide,%,Ubide,4.9
2017,,,Ubide,%,Ubide,3.8
2019,,,Ubide,%,Ubide,4.4
2021,,,Ubide,%,Ubide,5.2
2016,,,Ubide,%,Ubide,3.7
2014,,,Ugao-Miraballes,%,Ugao-Miraballes,0.3
2018,,,Ugao-Miraballes,%,Ugao-Miraballes,0.3
2022,,,Ugao-Miraballes,%,Ugao-Miraballes,0.4
2017,,,Ugao-Miraballes,%,Ugao-Miraballes,0.3
2020,,,Ugao-Miraballes,%,Ugao-Miraballes,0.3
2016,,,Ugao-Miraballes,%,Ugao-Miraballes,0.3
2015,,,Ugao-Miraballes,%,Ugao-Miraballes,0.3
2019,,,Ugao-Miraballes,%,Ugao-Miraballes,0.3
2021,,,Ugao-Miraballes,%,Ugao-Miraballes,0.4
2015,,,Urduliz,%,Urduliz,0.3
2021,,,Urduliz,%,Urduliz,0.2
2019,,,Urduliz,%,Urduliz,0.2
2014,,,Urduliz,%,Urduliz,0.3
2016,,,Urduliz,%,Urduliz,0.4
2018,,,Urduliz,%,Urduliz,0.2
2020,,,Urduliz,%,Urduliz,0.2
2022,,,Urduliz,%,Urduliz,0.2
2017,,,Urduliz,%,Urduliz,0.3
2016,,,Urduña / Orduña,%,Urduña / Orduña,3.4
2022,,,Urduña / Orduña,%,Urduña / Orduña,4.2
2020,,,Urduña / Orduña,%,Urduña / Orduña,4.4
2018,,,Urduña / Orduña,%,Urduña / Orduña,3.4
2015,,,Urduña / Orduña,%,Urduña / Orduña,3.1
2017,,,Urduña / Orduña,%,Urduña / Orduña,3.7
2019,,,Urduña / Orduña,%,Urduña / Orduña,3.8
2021,,,Urduña / Orduña,%,Urduña / Orduña,4.1
2014,,,Urduña / Orduña,%,Urduña / Orduña,3.5
2018,,,Urkabustaiz,%,Urkabustaiz,5.8
2014,,,Urkabustaiz,%,Urkabustaiz,8.2
2016,,,Urkabustaiz,%,Urkabustaiz,4.0
2015,,,Urkabustaiz,%,Urkabustaiz,5.9
2020,,,Urkabustaiz,%,Urkabustaiz,3.7
2022,,,Urkabustaiz,%,Urkabustaiz,7.2
2017,,,Urkabustaiz,%,Urkabustaiz,5.5
2019,,,Urkabustaiz,%,Urkabustaiz,4.0
2021,,,Urkabustaiz,%,Urkabustaiz,3.2
2020,,,Urnieta,%,Urnieta,0.5
2016,,,Urnieta,%,Urnieta,0.5
2019,,,Urnieta,%,Urnieta,0.5
2021,,,Urnieta,%,Urnieta,0.5
2017,,,Urnieta,%,Urnieta,0.5
2015,,,Urnieta,%,Urnieta,0.5
2018,,,Urnieta,%,Urnieta,0.4
2014,,,Urnieta,%,Urnieta,0.5
2022,,,Urnieta,%,Urnieta,0.5
2014,,,Urretxu,%,Urretxu,0.2
2019,,,Urretxu,%,Urretxu,0.3
2022,,,Urretxu,%,Urretxu,0.3
2015,,,Urretxu,%,Urretxu,0.2
2018,,,Urretxu,%,Urretxu,0.2
2017,,,Urretxu,%,Urretxu,0.3
2016,,,Urretxu,%,Urretxu,0.2
2020,,,Urretxu,%,Urretxu,0.2
2021,,,Urretxu,%,Urretxu,0.3
2018,,,Usurbil,%,Usurbil,0.4
2022,,,Usurbil,%,Usurbil,0.5
2014,,,Usurbil,%,Usurbil,0.4
2020,,,Usurbil,%,Usurbil,0.5
2015,,,Usurbil,%,Usurbil,0.5
2016,,,Usurbil,%,Usurbil,0.5
2019,,,Usurbil,%,Usurbil,0.5
2017,,,Usurbil,%,Usurbil,0.6
2021,,,Usurbil,%,Usurbil,0.5
2022,,,Valdegovía / Gaubea,%,Valdegovía / Gaubea,16.1
2014,,,Valdegovía / Gaubea,%,Valdegovía / Gaubea,20.3
2017,,,Valdegovía / Gaubea,%,Valdegovía / Gaubea,16.6
2015,,,Valdegovía / Gaubea,%,Valdegovía / Gaubea,17.4
2019,,,Valdegovía / Gaubea,%,Valdegovía / Gaubea,17.8
2021,,,Valdegovía / Gaubea,%,Valdegovía / Gaubea,19.5
2016,,,Valdegovía / Gaubea,%,Valdegovía / Gaubea,16.9
2018,,,Valdegovía / Gaubea,%,Valdegovía / Gaubea,17.3
2020,,,Valdegovía / Gaubea,%,Valdegovía / Gaubea,16.8
2016,,,Valle de Trápaga-Trapagaran,%,Valle de Trápaga-Trapagaran,0.0
2014,,,Valle de Trápaga-Trapagaran,%,Valle de Trápaga-Trapagaran,0.1
2022,,,Valle de Trápaga-Trapagaran,%,Valle de Trápaga-Trapagaran,0.1
2020,,,Valle de Trápaga-Trapagaran,%,Valle de Trápaga-Trapagaran,0.0
2015,,,Valle de Trápaga-Trapagaran,%,Valle de Trápaga-Trapagaran,0.0
2017,,,Valle de Trápaga-Trapagaran,%,Valle de Trápaga-Trapagaran,0.0
2019,,,Valle de Trápaga-Trapagaran,%,Valle de Trápaga-Trapagaran,0.0
2021,,,Valle de Trápaga-Trapagaran,%,Valle de Trápaga-Trapagaran,0.0
2018,,,Valle de Trápaga-Trapagaran,%,Valle de Trápaga-Trapagaran,0.0
2021,,,Villabona,%,Villabona,0.5
2016,,,Villabona,%,Villabona,0.5
2020,,,Villabona,%,Villabona,0.5
2014,,,Villabona,%,Villabona,0.5
2015,,,Villabona,%,Villabona,0.5
2019,,,Villabona,%,Villabona,0.5
2018,,,Villabona,%,Villabona,0.4
2022,,,Villabona,%,Villabona,0.6
2017,,,Villabona,%,Villabona,0.5
2022,,,Villabuena de Álava / Eskuernaga,%,Villabuena de Álava / Eskuernaga,9.7
2014,,,Villabuena de Álava / Eskuernaga,%,Villabuena de Álava / Eskuernaga,9.8
2019,,,Villabuena de Álava / Eskuernaga,%,Villabuena de Álava / Eskuernaga,12.0
2015,,,Villabuena de Álava / Eskuernaga,%,Villabuena de Álava / Eskuernaga,13.3
2020,,,Villabuena de Álava / Eskuernaga,%,Villabuena de Álava / Eskuernaga,12.8
2017,,,Villabuena de Álava / Eskuernaga,%,Villabuena de Álava / Eskuernaga,12.1
2016,,,Villabuena de Álava / Eskuernaga,%,Villabuena de Álava / Eskuernaga,13.4
2021,,,Villabuena de Álava / Eskuernaga,%,Villabuena de Álava / Eskuernaga,13.1
2018,,,Villabuena de Álava / Eskuernaga,%,Villabuena de Álava / Eskuernaga,14.3
2016,,,Vitoria-Gasteiz,%,Vitoria-Gasteiz,0.2
2021,,,Vitoria-Gasteiz,%,Vitoria-Gasteiz,0.2
2017,,,Vitoria-Gasteiz,%,Vitoria-Gasteiz,0.2
2015,,,Vitoria-Gasteiz,%,Vitoria-Gasteiz,0.2
2014,,,Vitoria-Gasteiz,%,Vitoria-Gasteiz,0.2
2019,,,Vitoria-Gasteiz,%,Vitoria-Gasteiz,0.2
2018,,,Vitoria-Gasteiz,%,Vitoria-Gasteiz,0.2
2020,,,Vitoria-Gasteiz,%,Vitoria-Gasteiz,0.1
2022,,,Vitoria-Gasteiz,%,Vitoria-Gasteiz,0.1
2019,,,Yécora / Iekora,%,Yécora / Iekora,51.0
2015,,,Yécora / Iekora,%,Yécora / Iekora,33.9
2021,,,Yécora / Iekora,%,Yécora / Iekora,57.5
2016,,,Yécora / Iekora,%,Yécora / Iekora,40.2
2017,,,Yécora / Iekora,%,Yécora / Iekora,46.2
2014,,,Yécora / Iekora,%,Yécora / Iekora,29.4
2018,,,Yécora / Iekora,%,Yécora / Iekora,53.3
2020,,,Yécora / Iekora,%,Yécora / Iekora,49.2
2022,,,Yécora / Iekora,%,Yécora / Iekora,50.0
2014,,,Zaldibar,%,Zaldibar,0.5
2019,,,Zaldibar,%,Zaldibar,0.4
2015,,,Zaldibar,%,Zaldibar,0.5
2021,,,Zaldibar,%,Zaldibar,0.5
2016,,,Zaldibar,%,Zaldibar,0.5
2018,,,Zaldibar,%,Zaldibar,0.4
2020,,,Zaldibar,%,Zaldibar,0.5
2022,,,Zaldibar,%,Zaldibar,0.7
2017,,,Zaldibar,%,Zaldibar,0.4
2021,,,Zaldibia,%,Zaldibia,2.7
2014,,,Zaldibia,%,Zaldibia,2.0
2022,,,Zaldibia,%,Zaldibia,2.7
2017,,,Zaldibia,%,Zaldibia,2.8
2016,,,Zaldibia,%,Zaldibia,2.3
2015,,,Zaldibia,%,Zaldibia,2.2
2020,,,Zaldibia,%,Zaldibia,2.6
2019,,,Zaldibia,%,Zaldibia,2.6
2018,,,Zaldibia,%,Zaldibia,2.2
2015,,,Zalduondo,%,Zalduondo,24.2
2018,,,Zalduondo,%,Zalduondo,22.3
2016,,,Zalduondo,%,Zalduondo,22.4
2022,,,Zalduondo,%,Zalduondo,20.9
2014,,,Zalduondo,%,Zalduondo,26.5
2020,,,Zalduondo,%,Zalduondo,20.6
2017,,,Zalduondo,%,Zalduondo,19.8
2019,,,Zalduondo,%,Zalduondo,21.4
2021,,,Zalduondo,%,Zalduondo,24.8
2020,,,Zalla,%,Zalla,0.7
2018,,,Zalla,%,Zalla,0.7
2016,,,Zalla,%,Zalla,0.9
2014,,,Zalla,%,Zalla,0.8
2022,,,Zalla,%,Zalla,1.3
2015,,,Zalla,%,Zalla,1.0
2021,,,Zalla,%,Zalla,1.0
2017,,,Zalla,%,Zalla,0.8
2019,,,Zalla,%,Zalla,0.7
2022,,,Zambrana,%,Zambrana,12.4
2021,,,Zambrana,%,Zambrana,14.1
2017,,,Zambrana,%,Zambrana,21.0
2014,,,Zambrana,%,Zambrana,26.2
2015,,,Zambrana,%,Zambrana,29.2
2019,,,Zambrana,%,Zambrana,18.2
2016,,,Zambrana,%,Zambrana,24.9
2018,,,Zambrana,%,Zambrana,19.4
2020,,,Zambrana,%,Zambrana,14.2
2018,,,Zamudio,%,Zamudio,0.1
2020,,,Zamudio,%,Zamudio,0.1
2022,,,Zamudio,%,Zamudio,0.1
2015,,,Zamudio,%,Zamudio,0.1
2017,,,Zamudio,%,Zamudio,0.1
2021,,,Zamudio,%,Zamudio,0.1
2016,,,Zamudio,%,Zamudio,0.1
2019,,,Zamudio,%,Zamudio,0.1
2014,,,Zamudio,%,Zamudio,0.1
2015,,,Zaratamo,%,Zaratamo,1.1
2017,,,Zaratamo,%,Zaratamo,1.2
2022,,,Zaratamo,%,Zaratamo,1.1
2021,,,Zaratamo,%,Zaratamo,1.1
2019,,,Zaratamo,%,Zaratamo,1.1
2014,,,Zaratamo,%,Zaratamo,1.2
2018,,,Zaratamo,%,Zaratamo,1.0
2016,,,Zaratamo,%,Zaratamo,1.3
2020,,,Zaratamo,%,Zaratamo,1.1
2017,,,Zarautz,%,Zarautz,0.5
2020,,,Zarautz,%,Zarautz,0.4
2016,,,Zarautz,%,Zarautz,0.4
2015,,,Zarautz,%,Zarautz,0.5
2014,,,Zarautz,%,Zarautz,0.4
2019,,,Zarautz,%,Zarautz,0.4
2018,,,Zarautz,%,Zarautz,0.4
2022,,,Zarautz,%,Zarautz,0.4
2021,,,Zarautz,%,Zarautz,0.5
2018,,,Zeanuri,%,Zeanuri,6.4
2015,,,Zeanuri,%,Zeanuri,9.1
2019,,,Zeanuri,%,Zeanuri,7.3
2014,,,Zeanuri,%,Zeanuri,6.0
2022,,,Zeanuri,%,Zeanuri,13.3
2017,,,Zeanuri,%,Zeanuri,7.2
2016,,,Zeanuri,%,Zeanuri,9.1
2021,,,Zeanuri,%,Zeanuri,10.1
2020,,,Zeanuri,%,Zeanuri,7.7
2014,,,Zeberio,%,Zeberio,11.4
2022,,,Zeberio,%,Zeberio,19.6
2018,,,Zeberio,%,Zeberio,9.7
2017,,,Zeberio,%,Zeberio,10.0
2021,,,Zeberio,%,Zeberio,15.6
2016,,,Zeberio,%,Zeberio,12.0
2015,,,Zeberio,%,Zeberio,10.8
2019,,,Zeberio,%,Zeberio,11.4
2020,,,Zeberio,%,Zeberio,11.1
2020,,,Zegama,%,Zegama,2.4
2022,,,Zegama,%,Zegama,4.0
2016,,,Zegama,%,Zegama,2.4
2018,,,Zegama,%,Zegama,1.9
2015,,,Zegama,%,Zegama,2.9
2017,,,Zegama,%,Zegama,2.8
2019,,,Zegama,%,Zegama,2.7
2021,,,Zegama,%,Zegama,3.2
2014,,,Zegama,%,Zegama,2.5
2021,,,Zerain,%,Zerain,6.9
2019,,,Zerain,%,Zerain,6.5
2017,,,Zerain,%,Zerain,7.3
2015,,,Zerain,%,Zerain,8.2
2014,,,Zerain,%,Zerain,9.0
2016,,,Zerain,%,Zerain,7.0
2018,,,Zerain,%,Zerain,6.5
2020,,,Zerain,%,Zerain,6.2
2022,,,Zerain,%,Zerain,8.9
2018,,,Zestoa,%,Zestoa,1.3
2020,,,Zestoa,%,Zestoa,1.3
2016,,,Zestoa,%,Zestoa,1.4
2014,,,Zestoa,%,Zestoa,1.4
2022,,,Zestoa,%,Zestoa,1.6
2015,,,Zestoa,%,Zestoa,1.3
2017,,,Zestoa,%,Zestoa,1.6
2019,,,Zestoa,%,Zestoa,1.6
2021,,,Zestoa,%,Zestoa,1.6
2020,,,Zierbena,%,Zierbena,0.8
2018,,,Zierbena,%,Zierbena,0.4
2016,,,Zierbena,%,Zierbena,0.7
2014,,,Zierbena,%,Zierbena,0.6
2022,,,Zierbena,%,Zierbena,0.2
2021,,,Zierbena,%,Zierbena,0.8
2017,,,Zierbena,%,Zierbena,0.6
2015,,,Zierbena,%,Zierbena,0.6
2019,,,Zierbena,%,Zierbena,0.8
2015,,,Zigoitia,%,Zigoitia,2.1
2016,,,Zigoitia,%,Zigoitia,2.3
2019,,,Zigoitia,%,Zigoitia,2.2
2014,,,Zigoitia,%,Zigoitia,3.5
2017,,,Zigoitia,%,Zigoitia,2.6
2018,,,Zigoitia,%,Zigoitia,2.7
2020,,,Zigoitia,%,Zigoitia,2.5
2021,,,Zigoitia,%,Zigoitia,2.7
2022,,,Zigoitia,%,Zigoitia,2.4
2020,,,Ziortza-Bolibar,%,Ziortza-Bolibar,11.3
2015,,,Ziortza-Bolibar,%,Ziortza-Bolibar,6.6
2014,,,Ziortza-Bolibar,%,Ziortza-Bolibar,5.0
2016,,,Ziortza-Bolibar,%,Ziortza-Bolibar,6.9
2018,,,Ziortza-Bolibar,%,Ziortza-Bolibar,7.5
2022,,,Ziortza-Bolibar,%,Ziortza-Bolibar,16.7
2021,,,Ziortza-Bolibar,%,Ziortza-Bolibar,12.7
2017,,,Ziortza-Bolibar,%,Ziortza-Bolibar,7.0
2019,,,Ziortza-Bolibar,%,Ziortza-Bolibar,9.0
2019,,,Zizurkil,%,Zizurkil,0.9
2017,,,Zizurkil,%,Zizurkil,0.9
2015,,,Zizurkil,%,Zizurkil,1.0
2021,,,Zizurkil,%,Zizurkil,0.8
2014,,,Zizurkil,%,Zizurkil,0.9
2016,,,Zizurkil,%,Zizurkil,0.9
2018,,,Zizurkil,%,Zizurkil,0.8
2020,,,Zizurkil,%,Zizurkil,0.9
2022,,,Zizurkil,%,Zizurkil,1.0
2020,,,Zuia,%,Zuia,2.6
2016,,,Zuia,%,Zuia,3.1
2022,,,Zuia,%,Zuia,4.7
2014,,,Zuia,%,Zuia,4.5
2018,,,Zuia,%,Zuia,3.7
2015,,,Zuia,%,Zuia,3.1
2017,,,Zuia,%,Zuia,3.2
2019,,,Zuia,%,Zuia,2.5
2021,,,Zuia,%,Zuia,2.6
2015,,,Zumaia,%,Zumaia,0.3
2019,,,Zumaia,%,Zumaia,0.3
2018,,,Zumaia,%,Zumaia,0.3
2014,,,Zumaia,%,Zumaia,0.2
2022,,,Zumaia,%,Zumaia,0.3
2016,,,Zumaia,%,Zumaia,0.3
2017,,,Zumaia,%,Zumaia,0.4
2021,,,Zumaia,%,Zumaia,0.4
2020,,,Zumaia,%,Zumaia,0.3
2019,,,Zumarraga,%,Zumarraga,0.3
2016,,,Zumarraga,%,Zumarraga,0.3
2020,,,Zumarraga,%,Zumarraga,0.3
2015,,,Zumarraga,%,Zumarraga,0.2
2014,,,Zumarraga,%,Zumarraga,0.2
2018,,,Zumarraga,%,Zumarraga,0.2
2017,,,Zumarraga,%,Zumarraga,0.4
2022,,,Zumarraga,%,Zumarraga,0.4
2021,,,Zumarraga,%,Zumarraga,0.3
2015,,Añana (eskualdea),,%,Añana (eskualdea),6.3
2017,,Añana (eskualdea),,%,Añana (eskualdea),5.8
2014,,Añana (eskualdea),,%,Añana (eskualdea),6.8
2020,,Añana (eskualdea),,%,Añana (eskualdea),5.4
2018,,Añana (eskualdea),,%,Añana (eskualdea),6.0
2016,,Añana (eskualdea),,%,Añana (eskualdea),6.1
2022,,Añana (eskualdea),,%,Añana (eskualdea),5.6
2021,,Añana (eskualdea),,%,Añana (eskualdea),6.2
2019,,Añana (eskualdea),,%,Añana (eskualdea),5.6
2018,,Arabako Errioxa / Rioja Alavesa,,%,Arabako Errioxa / Rioja Alavesa,12.8
2020,,Arabako Errioxa / Rioja Alavesa,,%,Arabako Errioxa / Rioja Alavesa,9.7
2016,,Arabako Errioxa / Rioja Alavesa,,%,Arabako Errioxa / Rioja Alavesa,10.9
2021,,Arabako Errioxa / Rioja Alavesa,,%,Arabako Errioxa / Rioja Alavesa,10.3
2019,,Arabako Errioxa / Rioja Alavesa,,%,Arabako Errioxa / Rioja Alavesa,11.0
2015,,Arabako Errioxa / Rioja Alavesa,,%,Arabako Errioxa / Rioja Alavesa,9.9
2017,,Arabako Errioxa / Rioja Alavesa,,%,Arabako Errioxa / Rioja Alavesa,10.9
2014,,Arabako Errioxa / Rioja Alavesa,,%,Arabako Errioxa / Rioja Alavesa,7.6
2022,,Arabako Errioxa / Rioja Alavesa,,%,Arabako Errioxa / Rioja Alavesa,7.3
2016,,Arabako Kantaurialdea / Cantábrica Alavesa,,%,Arabako Kantaurialdea / Cantábrica Alavesa,1.1
2019,,Arabako Kantaurialdea / Cantábrica Alavesa,,%,Arabako Kantaurialdea / Cantábrica Alavesa,0.8
2021,,Arabako Kantaurialdea / Cantábrica Alavesa,,%,Arabako Kantaurialdea / Cantábrica Alavesa,1.2
2017,,Arabako Kantaurialdea / Cantábrica Alavesa,,%,Arabako Kantaurialdea / Cantábrica Alavesa,1.1
2014,,Arabako Kantaurialdea / Cantábrica Alavesa,,%,Arabako Kantaurialdea / Cantábrica Alavesa,1.4
2015,,Arabako Kantaurialdea / Cantábrica Alavesa,,%,Arabako Kantaurialdea / Cantábrica Alavesa,1.1
2018,,Arabako Kantaurialdea / Cantábrica Alavesa,,%,Arabako Kantaurialdea / Cantábrica Alavesa,1.0
2022,,Arabako Kantaurialdea / Cantábrica Alavesa,,%,Arabako Kantaurialdea / Cantábrica Alavesa,1.6
2020,,Arabako Kantaurialdea / Cantábrica Alavesa,,%,Arabako Kantaurialdea / Cantábrica Alavesa,0.8
2014,,Arabako Lautada / Llanada Alavesa,,%,Arabako Lautada / Llanada Alavesa,0.5
2017,,Arabako Lautada / Llanada Alavesa,,%,Arabako Lautada / Llanada Alavesa,0.4
2016,,Arabako Lautada / Llanada Alavesa,,%,Arabako Lautada / Llanada Alavesa,0.5
2015,,Arabako Lautada / Llanada Alavesa,,%,Arabako Lautada / Llanada Alavesa,0.5
2021,,Arabako Lautada / Llanada Alavesa,,%,Arabako Lautada / Llanada Alavesa,0.4
2018,,Arabako Lautada / Llanada Alavesa,,%,Arabako Lautada / Llanada Alavesa,0.4
2020,,Arabako Lautada / Llanada Alavesa,,%,Arabako Lautada / Llanada Alavesa,0.4
2022,,Arabako Lautada / Llanada Alavesa,,%,Arabako Lautada / Llanada Alavesa,0.3
2019,,Arabako Lautada / Llanada Alavesa,,%,Arabako Lautada / Llanada Alavesa,0.4
2022,,Arabako Mendialdea / Montaña Alavesa,,%,Arabako Mendialdea / Montaña Alavesa,10.8
2020,,Arabako Mendialdea / Montaña Alavesa,,%,Arabako Mendialdea / Montaña Alavesa,8.9
2015,,Arabako Mendialdea / Montaña Alavesa,,%,Arabako Mendialdea / Montaña Alavesa,11.1
2018,,Arabako Mendialdea / Montaña Alavesa,,%,Arabako Mendialdea / Montaña Alavesa,11.2
2016,,Arabako Mendialdea / Montaña Alavesa,,%,Arabako Mendialdea / Montaña Alavesa,11.5
2014,,Arabako Mendialdea / Montaña Alavesa,,%,Arabako Mendialdea / Montaña Alavesa,10.7
2021,,Arabako Mendialdea / Montaña Alavesa,,%,Arabako Mendialdea / Montaña Alavesa,11.4
2017,,Arabako Mendialdea / Montaña Alavesa,,%,Arabako Mendialdea / Montaña Alavesa,10.9
2019,,Arabako Mendialdea / Montaña Alavesa,,%,Arabako Mendialdea / Montaña Alavesa,10.2
2021,,Arratia Nerbioi / Arratia-Nervión,,%,Arratia Nerbioi / Arratia-Nervión,2.8
2017,,Arratia Nerbioi / Arratia-Nervión,,%,Arratia Nerbioi / Arratia-Nervión,2.0
2016,,Arratia Nerbioi / Arratia-Nervión,,%,Arratia Nerbioi / Arratia-Nervión,2.2
2019,,Arratia Nerbioi / Arratia-Nervión,,%,Arratia Nerbioi / Arratia-Nervión,2.1
2020,,Arratia Nerbioi / Arratia-Nervión,,%,Arratia Nerbioi / Arratia-Nervión,2.2
2022,,Arratia Nerbioi / Arratia-Nervión,,%,Arratia Nerbioi / Arratia-Nervión,3.5
2015,,Arratia Nerbioi / Arratia-Nervión,,%,Arratia Nerbioi / Arratia-Nervión,1.9
2018,,Arratia Nerbioi / Arratia-Nervión,,%,Arratia Nerbioi / Arratia-Nervión,1.8
2014,,Arratia Nerbioi / Arratia-Nervión,,%,Arratia Nerbioi / Arratia-Nervión,1.8
2018,,Bidasoa Beherea / Bajo Bidasoa,,%,Bidasoa Beherea / Bajo Bidasoa,1.4
2019,,Bidasoa Beherea / Bajo Bidasoa,,%,Bidasoa Beherea / Bajo Bidasoa,1.4
2014,,Bidasoa Beherea / Bajo Bidasoa,,%,Bidasoa Beherea / Bajo Bidasoa,1.1
2022,,Bidasoa Beherea / Bajo Bidasoa,,%,Bidasoa Beherea / Bajo Bidasoa,1.0
2020,,Bidasoa Beherea / Bajo Bidasoa,,%,Bidasoa Beherea / Bajo Bidasoa,1.1
2015,,Bidasoa Beherea / Bajo Bidasoa,,%,Bidasoa Beherea / Bajo Bidasoa,1.2
2017,,Bidasoa Beherea / Bajo Bidasoa,,%,Bidasoa Beherea / Bajo Bidasoa,1.4
2021,,Bidasoa Beherea / Bajo Bidasoa,,%,Bidasoa Beherea / Bajo Bidasoa,1.2
2016,,Bidasoa Beherea / Bajo Bidasoa,,%,Bidasoa Beherea / Bajo Bidasoa,1.1
2015,,Bilbo Handia / Gran Bilbao,,%,Bilbo Handia / Gran Bilbao,0.1
2022,,Bilbo Handia / Gran Bilbao,,%,Bilbo Handia / Gran Bilbao,0.1
2021,,Bilbo Handia / Gran Bilbao,,%,Bilbo Handia / Gran Bilbao,0.1
2014,,Bilbo Handia / Gran Bilbao,,%,Bilbo Handia / Gran Bilbao,0.1
2016,,Bilbo Handia / Gran Bilbao,,%,Bilbo Handia / Gran Bilbao,0.1
2019,,Bilbo Handia / Gran Bilbao,,%,Bilbo Handia / Gran Bilbao,0.1
2020,,Bilbo Handia / Gran Bilbao,,%,Bilbo Handia / Gran Bilbao,0.1
2018,,Bilbo Handia / Gran Bilbao,,%,Bilbo Handia / Gran Bilbao,0.1
2017,,Bilbo Handia / Gran Bilbao,,%,Bilbo Handia / Gran Bilbao,0.1
2014,,Debabarrena / Bajo Deba,,%,Debabarrena / Bajo Deba,0.4
2016,,Debabarrena / Bajo Deba,,%,Debabarrena / Bajo Deba,0.4
2021,,Debabarrena / Bajo Deba,,%,Debabarrena / Bajo Deba,0.6
2022,,Debabarrena / Bajo Deba,,%,Debabarrena / Bajo Deba,0.7
2017,,Debabarrena / Bajo Deba,,%,Debabarrena / Bajo Deba,0.5
2019,,Debabarrena / Bajo Deba,,%,Debabarrena / Bajo Deba,0.5
2020,,Debabarrena / Bajo Deba,,%,Debabarrena / Bajo Deba,0.5
2018,,Debabarrena / Bajo Deba,,%,Debabarrena / Bajo Deba,0.4
2015,,Debabarrena / Bajo Deba,,%,Debabarrena / Bajo Deba,0.4
2018,,Debagoiena / Alto Deba,,%,Debagoiena / Alto Deba,0.4
2022,,Debagoiena / Alto Deba,,%,Debagoiena / Alto Deba,0.7
2020,,Debagoiena / Alto Deba,,%,Debagoiena / Alto Deba,0.4
2014,,Debagoiena / Alto Deba,,%,Debagoiena / Alto Deba,0.4
2017,,Debagoiena / Alto Deba,,%,Debagoiena / Alto Deba,0.6
2019,,Debagoiena / Alto Deba,,%,Debagoiena / Alto Deba,0.5
2016,,Debagoiena / Alto Deba,,%,Debagoiena / Alto Deba,0.5
2021,,Debagoiena / Alto Deba,,%,Debagoiena / Alto Deba,0.5
2015,,Debagoiena / Alto Deba,,%,Debagoiena / Alto Deba,0.4
2022,,Donostialdea,,%,Donostialdea,0.2
2021,,Donostialdea,,%,Donostialdea,0.2
2019,,Donostialdea,,%,Donostialdea,0.2
2015,,Donostialdea,,%,Donostialdea,0.2
2020,,Donostialdea,,%,Donostialdea,0.2
2016,,Donostialdea,,%,Donostialdea,0.2
2017,,Donostialdea,,%,Donostialdea,0.2
2018,,Donostialdea,,%,Donostialdea,0.2
2014,,Donostialdea,,%,Donostialdea,0.2
2014,,Durangaldea / Duranguesado,,%,Durangaldea / Duranguesado,0.3
2015,,Durangaldea / Duranguesado,,%,Durangaldea / Duranguesado,0.3
2021,,Durangaldea / Duranguesado,,%,Durangaldea / Duranguesado,0.4
2016,,Durangaldea / Duranguesado,,%,Durangaldea / Duranguesado,0.4
2019,,Durangaldea / Duranguesado,,%,Durangaldea / Duranguesado,0.4
2020,,Durangaldea / Duranguesado,,%,Durangaldea / Duranguesado,0.4
2018,,Durangaldea / Duranguesado,,%,Durangaldea / Duranguesado,0.3
2022,,Durangaldea / Duranguesado,,%,Durangaldea / Duranguesado,0.5
2017,,Durangaldea / Duranguesado,,%,Durangaldea / Duranguesado,0.3
2021,,Enkartazioak / Encartaciones,,%,Enkartazioak / Encartaciones,3.9
2017,,Enkartazioak / Encartaciones,,%,Enkartazioak / Encartaciones,3.2
2019,,Enkartazioak / Encartaciones,,%,Enkartazioak / Encartaciones,2.8
2020,,Enkartazioak / Encartaciones,,%,Enkartazioak / Encartaciones,3.1
2018,,Enkartazioak / Encartaciones,,%,Enkartazioak / Encartaciones,2.9
2014,,Enkartazioak / Encartaciones,,%,Enkartazioak / Encartaciones,3.6
2022,,Enkartazioak / Encartaciones,,%,Enkartazioak / Encartaciones,5.2
2015,,Enkartazioak / Encartaciones,,%,Enkartazioak / Encartaciones,3.0
2016,,Enkartazioak / Encartaciones,,%,Enkartazioak / Encartaciones,3.2
2017,,Gernika-Bermeo,,%,Gernika-Bermeo,14.4
2018,,Gernika-Bermeo,,%,Gernika-Bermeo,12.8
2015,,Gernika-Bermeo,,%,Gernika-Bermeo,6.4
2022,,Gernika-Bermeo,,%,Gernika-Bermeo,15.3
2019,,Gernika-Bermeo,,%,Gernika-Bermeo,13.9
2014,,Gernika-Bermeo,,%,Gernika-Bermeo,7.6
2016,,Gernika-Bermeo,,%,Gernika-Bermeo,6.8
2020,,Gernika-Bermeo,,%,Gernika-Bermeo,12.7
2021,,Gernika-Bermeo,,%,Gernika-Bermeo,11.5
2017,,Goierri,,%,Goierri,0.6
2020,,Goierri,,%,Goierri,0.5
2019,,Goierri,,%,Goierri,0.5
2018,,Goierri,,%,Goierri,0.4
2014,,Goierri,,%,Goierri,0.5
2022,,Goierri,,%,Goierri,0.7
2021,,Goierri,,%,Goierri,0.5
2015,,Goierri,,%,Goierri,0.6
2016,,Goierri,,%,Goierri,0.5
2022,,Gorbeialdea / Estribaciones del Gorbea,,%,Gorbeialdea / Estribaciones del Gorbea,2.6
2018,,Gorbeialdea / Estribaciones del Gorbea,,%,Gorbeialdea / Estribaciones del Gorbea,2.1
2020,,Gorbeialdea / Estribaciones del Gorbea,,%,Gorbeialdea / Estribaciones del Gorbea,1.7
2015,,Gorbeialdea / Estribaciones del Gorbea,,%,Gorbeialdea / Estribaciones del Gorbea,2.6
2017,,Gorbeialdea / Estribaciones del Gorbea,,%,Gorbeialdea / Estribaciones del Gorbea,2.2
2016,,Gorbeialdea / Estribaciones del Gorbea,,%,Gorbeialdea / Estribaciones del Gorbea,2.3
2014,,Gorbeialdea / Estribaciones del Gorbea,,%,Gorbeialdea / Estribaciones del Gorbea,3.5
2021,,Gorbeialdea / Estribaciones del Gorbea,,%,Gorbeialdea / Estribaciones del Gorbea,1.6
2019,,Gorbeialdea / Estribaciones del Gorbea,,%,Gorbeialdea / Estribaciones del Gorbea,1.6
2015,,Markina-Ondarroa,,%,Markina-Ondarroa,6.3
2014,,Markina-Ondarroa,,%,Markina-Ondarroa,5.4
2020,,Markina-Ondarroa,,%,Markina-Ondarroa,5.3
2021,,Markina-Ondarroa,,%,Markina-Ondarroa,5.0
2019,,Markina-Ondarroa,,%,Markina-Ondarroa,6.5
2017,,Markina-Ondarroa,,%,Markina-Ondarroa,6.2
2018,,Markina-Ondarroa,,%,Markina-Ondarroa,5.7
2022,,Markina-Ondarroa,,%,Markina-Ondarroa,4.6
2016,,Markina-Ondarroa,,%,Markina-Ondarroa,6.6
2021,,Plentzia-Mungia,,%,Plentzia-Mungia,1.0
2015,,Plentzia-Mungia,,%,Plentzia-Mungia,1.4
2019,,Plentzia-Mungia,,%,Plentzia-Mungia,0.9
2018,,Plentzia-Mungia,,%,Plentzia-Mungia,0.9
2020,,Plentzia-Mungia,,%,Plentzia-Mungia,1.0
2016,,Plentzia-Mungia,,%,Plentzia-Mungia,1.2
2017,,Plentzia-Mungia,,%,Plentzia-Mungia,1.1
2022,,Plentzia-Mungia,,%,Plentzia-Mungia,1.0
2014,,Plentzia-Mungia,,%,Plentzia-Mungia,1.4
2022,,Tolosaldea,,%,Tolosaldea,0.9
2015,,Tolosaldea,,%,Tolosaldea,1.0
2019,,Tolosaldea,,%,Tolosaldea,0.9
2016,,Tolosaldea,,%,Tolosaldea,0.9
2020,,Tolosaldea,,%,Tolosaldea,0.8
2021,,Tolosaldea,,%,Tolosaldea,0.8
2017,,Tolosaldea,,%,Tolosaldea,0.9
2018,,Tolosaldea,,%,Tolosaldea,0.7
2014,,Tolosaldea,,%,Tolosaldea,0.9
2017,,Urola Kosta,,%,Urola Kosta,2.3
2021,,Urola Kosta,,%,Urola Kosta,2.0
2019,,Urola Kosta,,%,Urola Kosta,2.1
2016,,Urola Kosta,,%,Urola Kosta,1.8
2022,,Urola Kosta,,%,Urola Kosta,2.0
2020,,Urola Kosta,,%,Urola Kosta,1.7
2014,,Urola Kosta,,%,Urola Kosta,1.7
2015,,Urola Kosta,,%,Urola Kosta,1.8
2018,,Urola Kosta,,%,Urola Kosta,2.0
2022,Araba / Álava,,,%,Araba / Álava,1.1
2021,Araba / Álava,,,%,Araba / Álava,1.3
2020,Araba / Álava,,,%,Araba / Álava,1.2
2019,Araba / Álava,,,%,Araba / Álava,1.3
2024,Araba / Álava,,,%,Araba / Álava,0.9
2017,Araba / Álava,,,%,Araba / Álava,1.4
2011,Araba / Álava,,,%,Araba / Álava,1.0
2018,Araba / Álava,,,%,Araba / Álava,1.5
2014,Araba / Álava,,,%,Araba / Álava,1.4
2015,Araba / Álava,,,%,Araba / Álava,1.4
2013,Araba / Álava,,,%,Araba / Álava,1.0
2012,Araba / Álava,,,%,Araba / Álava,1.0
2016,Araba / Álava,,,%,Araba / Álava,1.5
2010,Araba / Álava,,,%,Araba / Álava,1.1
2023,Araba / Álava,,,%,Araba / Álava,1.1
2024,Bizkaia,,,%,Bizkaia,0.9
2020,Bizkaia,,,%,Bizkaia,0.7
2018,Bizkaia,,,%,Bizkaia,0.7
2013,Bizkaia,,,%,Bizkaia,1.0
2023,Bizkaia,,,%,Bizkaia,1.0
2016,Bizkaia,,,%,Bizkaia,0.6
2010,Bizkaia,,,%,Bizkaia,0.6
2014,Bizkaia,,,%,Bizkaia,0.6
2022,Bizkaia,,,%,Bizkaia,0.9
2012,Bizkaia,,,%,Bizkaia,0.8
2021,Bizkaia,,,%,Bizkaia,0.7
2011,Bizkaia,,,%,Bizkaia,0.7
2017,Bizkaia,,,%,Bizkaia,0.9
2015,Bizkaia,,,%,Bizkaia,0.6
2019,Bizkaia,,,%,Bizkaia,0.8
2019,Gipuzkoa,,,%,Gipuzkoa,0.6
2018,Gipuzkoa,,,%,Gipuzkoa,0.6
2016,Gipuzkoa,,,%,Gipuzkoa,0.5
2014,Gipuzkoa,,,%,Gipuzkoa,0.5
2021,Gipuzkoa,,,%,Gipuzkoa,0.6
2010,Gipuzkoa,,,%,Gipuzkoa,0.5
2011,Gipuzkoa,,,%,Gipuzkoa,0.5
2023,Gipuzkoa,,,%,Gipuzkoa,0.6
2012,Gipuzkoa,,,%,Gipuzkoa,0.6
2022,Gipuzkoa,,,%,Gipuzkoa,0.6
2017,Gipuzkoa,,,%,Gipuzkoa,0.6
2020,Gipuzkoa,,,%,Gipuzkoa,0.5
2015,Gipuzkoa,,,%,Gipuzkoa,0.6
2024,Gipuzkoa,,,%,Gipuzkoa,0.6
2013,Gipuzkoa,,,%,Gipuzkoa,0.5
