Year,Lurralde historikoa,Eskualdea,Udalerria,Units,GeoCode,Value
2021,All,,,PT,,0.8
2011,All,,,PT,,0.7
2017,All,,,PT,,0.9
2019,All,,,PT,,0.8
2014,All,,,PT,,0.7
2010,All,,,PT,,0.7
2018,All,,,PT,,0.8
2012,All,,,PT,,0.8
2016,All,,,PT,,0.7
2022,All,,,PT,,0.8
2020,All,,,PT,,0.7
2013,All,,,PT,,0.8
2015,All,,,PT,,0.7
2023,All,,,PT,,0.8
2015,,,ES48001,PT,ES48001,0.2
2016,,,ES48001,PT,ES48001,0.2
2019,,,ES48001,PT,ES48001,0.2
2018,,,ES48001,PT,ES48001,0.2
2017,,,ES48001,PT,ES48001,0.2
2021,,,ES48001,PT,ES48001,0.2
2014,,,ES48001,PT,ES48001,0.2
2020,,,ES48001,PT,ES48001,0.3
2019,,,Abaltzisketa,PT,Abaltzisketa,5.8
2016,,,Abaltzisketa,PT,Abaltzisketa,6.9
2015,,,Abaltzisketa,PT,Abaltzisketa,8.8
2018,,,Abaltzisketa,PT,Abaltzisketa,5.1
2020,,,Abaltzisketa,PT,Abaltzisketa,5.9
2017,,,Abaltzisketa,PT,Abaltzisketa,6.3
2014,,,Abaltzisketa,PT,Abaltzisketa,6.0
2021,,,Abaltzisketa,PT,Abaltzisketa,7.1
2016,,,ES48002,PT,ES48002,0.3
2018,,,ES48002,PT,ES48002,0.2
2014,,,ES48002,PT,ES48002,0.4
2020,,,ES48002,PT,ES48002,0.2
2021,,,ES48002,PT,ES48002,0.2
2017,,,ES48002,PT,ES48002,0.2
2019,,,ES48002,PT,ES48002,0.2
2015,,,ES48002,PT,ES48002,0.3
2015,,,Aduna,PT,Aduna,0.7
2021,,,Aduna,PT,Aduna,0.4
2019,,,Aduna,PT,Aduna,0.5
2016,,,Aduna,PT,Aduna,0.6
2020,,,Aduna,PT,Aduna,0.3
2018,,,Aduna,PT,Aduna,0.4
2017,,,Aduna,PT,Aduna,0.6
2014,,,Aduna,PT,Aduna,0.5
2021,,,Agurain / Salvatierra,PT,Agurain / Salvatierra,1.4
2014,,,Agurain / Salvatierra,PT,Agurain / Salvatierra,2.6
2018,,,Agurain / Salvatierra,PT,Agurain / Salvatierra,1.4
2017,,,Agurain / Salvatierra,PT,Agurain / Salvatierra,1.6
2019,,,Agurain / Salvatierra,PT,Agurain / Salvatierra,1.4
2015,,,Agurain / Salvatierra,PT,Agurain / Salvatierra,2.4
2016,,,Agurain / Salvatierra,PT,Agurain / Salvatierra,2.0
2020,,,Agurain / Salvatierra,PT,Agurain / Salvatierra,1.3
2016,,,Aia,PT,Aia,4.2
2017,,,Aia,PT,Aia,4.7
2021,,,Aia,PT,Aia,4.2
2015,,,Aia,PT,Aia,4.7
2020,,,Aia,PT,Aia,4.4
2014,,,Aia,PT,Aia,4.8
2019,,,Aia,PT,Aia,4.5
2018,,,Aia,PT,Aia,3.8
2021,,,Aizarnazabal,PT,Aizarnazabal,0.8
2014,,,Aizarnazabal,PT,Aizarnazabal,0.8
2018,,,Aizarnazabal,PT,Aizarnazabal,0.9
2019,,,Aizarnazabal,PT,Aizarnazabal,0.9
2015,,,Aizarnazabal,PT,Aizarnazabal,1.0
2020,,,Aizarnazabal,PT,Aizarnazabal,1.1
2017,,,Aizarnazabal,PT,Aizarnazabal,0.9
2016,,,Aizarnazabal,PT,Aizarnazabal,0.9
2019,,,ES48911,PT,ES48911,0.9
2021,,,ES48911,PT,ES48911,0.9
2018,,,ES48911,PT,ES48911,0.7
2014,,,ES48911,PT,ES48911,0.8
2020,,,ES48911,PT,ES48911,0.9
2017,,,ES48911,PT,ES48911,0.9
2016,,,ES48911,PT,ES48911,0.9
2015,,,ES48911,PT,ES48911,0.8
2014,,,Albiztur,PT,Albiztur,4.4
2019,,,Albiztur,PT,Albiztur,3.7
2017,,,Albiztur,PT,Albiztur,4.2
2015,,,Albiztur,PT,Albiztur,3.6
2020,,,Albiztur,PT,Albiztur,3.2
2021,,,Albiztur,PT,Albiztur,3.3
2016,,,Albiztur,PT,Albiztur,3.8
2018,,,Albiztur,PT,Albiztur,2.9
2021,,,Alegia,PT,Alegia,0.6
2019,,,Alegia,PT,Alegia,0.8
2020,,,Alegia,PT,Alegia,0.6
2015,,,Alegia,PT,Alegia,0.6
2014,,,Alegia,PT,Alegia,0.7
2018,,,Alegia,PT,Alegia,0.6
2016,,,Alegia,PT,Alegia,0.7
2017,,,Alegia,PT,Alegia,0.8
2015,,,Alegría-Dulantzi,PT,Alegría-Dulantzi,3.3
2017,,,Alegría-Dulantzi,PT,Alegría-Dulantzi,3.7
2014,,,Alegría-Dulantzi,PT,Alegría-Dulantzi,2.3
2018,,,Alegría-Dulantzi,PT,Alegría-Dulantzi,3.6
2016,,,Alegría-Dulantzi,PT,Alegría-Dulantzi,3.0
2019,,,Alegría-Dulantzi,PT,Alegría-Dulantzi,3.1
2021,,,Alegría-Dulantzi,PT,Alegría-Dulantzi,3.3
2020,,,Alegría-Dulantzi,PT,Alegría-Dulantzi,2.8
2015,,,Alkiza,PT,Alkiza,9.5
2014,,,Alkiza,PT,Alkiza,7.9
2020,,,Alkiza,PT,Alkiza,10.4
2016,,,Alkiza,PT,Alkiza,8.5
2017,,,Alkiza,PT,Alkiza,10.2
2018,,,Alkiza,PT,Alkiza,8.5
2019,,,Alkiza,PT,Alkiza,10.2
2021,,,Alkiza,PT,Alkiza,11.0
2015,,,ES48912,PT,ES48912,0.5
2021,,,ES48912,PT,ES48912,1.0
2014,,,ES48912,PT,ES48912,0.6
2018,,,ES48912,PT,ES48912,0.6
2017,,,ES48912,PT,ES48912,0.7
2019,,,ES48912,PT,ES48912,0.7
2016,,,ES48912,PT,ES48912,0.7
2020,,,ES48912,PT,ES48912,0.7
2019,,,ES20906,PT,ES20906,4.5
2016,,,ES20906,PT,ES20906,4.9
2020,,,ES20906,PT,ES20906,4.3
2017,,,ES20906,PT,ES20906,5.4
2021,,,ES20906,PT,ES20906,5.8
2015,,,ES20906,PT,ES20906,5.0
2014,,,ES20906,PT,ES20906,4.3
2018,,,ES20906,PT,ES20906,4.2
2015,,,Altzo,PT,Altzo,1.1
2018,,,Altzo,PT,Altzo,1.1
2014,,,Altzo,PT,Altzo,1.2
2016,,,Altzo,PT,Altzo,1.1
2020,,,Altzo,PT,Altzo,0.9
2021,,,Altzo,PT,Altzo,1.1
2017,,,Altzo,PT,Altzo,1.7
2019,,,Altzo,PT,Altzo,1.1
2014,,,Amezketa,PT,Amezketa,1.7
2017,,,Amezketa,PT,Amezketa,1.9
2020,,,Amezketa,PT,Amezketa,1.4
2021,,,Amezketa,PT,Amezketa,1.2
2019,,,Amezketa,PT,Amezketa,1.4
2016,,,Amezketa,PT,Amezketa,1.7
2015,,,Amezketa,PT,Amezketa,1.5
2018,,,Amezketa,PT,Amezketa,1.4
2019,,,ES48003,PT,ES48003,0.3
2018,,,ES48003,PT,ES48003,0.2
2017,,,ES48003,PT,ES48003,0.3
2016,,,ES48003,PT,ES48003,0.3
2020,,,ES48003,PT,ES48003,0.3
2021,,,ES48003,PT,ES48003,0.3
2015,,,ES48003,PT,ES48003,0.4
2014,,,ES48003,PT,ES48003,0.3
2019,,,ES48004,PT,ES48004,3.6
2015,,,ES48004,PT,ES48004,5.2
2018,,,ES48004,PT,ES48004,3.6
2017,,,ES48004,PT,ES48004,4.3
2014,,,ES48004,PT,ES48004,4.2
2020,,,ES48004,PT,ES48004,3.6
2021,,,ES48004,PT,ES48004,5.1
2016,,,ES48004,PT,ES48004,5.0
2020,,,Amurrio,PT,Amurrio,0.9
2019,,,Amurrio,PT,Amurrio,0.9
2017,,,Amurrio,PT,Amurrio,1.2
2014,,,Amurrio,PT,Amurrio,1.4
2018,,,Amurrio,PT,Amurrio,1.1
2021,,,Amurrio,PT,Amurrio,1.3
2016,,,Amurrio,PT,Amurrio,1.1
2015,,,Amurrio,PT,Amurrio,1.2
2014,,,Andoain,PT,Andoain,0.2
2020,,,Andoain,PT,Andoain,0.2
2018,,,Andoain,PT,Andoain,0.2
2017,,,Andoain,PT,Andoain,0.2
2019,,,Andoain,PT,Andoain,0.2
2016,,,Andoain,PT,Andoain,0.2
2021,,,Andoain,PT,Andoain,0.2
2015,,,Andoain,PT,Andoain,0.3
2018,,,Anoeta,PT,Anoeta,0.4
2014,,,Anoeta,PT,Anoeta,0.3
2019,,,Anoeta,PT,Anoeta,0.4
2017,,,Anoeta,PT,Anoeta,0.5
2016,,,Anoeta,PT,Anoeta,0.4
2021,,,Anoeta,PT,Anoeta,0.4
2020,,,Anoeta,PT,Anoeta,0.4
2015,,,Anoeta,PT,Anoeta,0.4
2017,,,Antzuola,PT,Antzuola,1.4
2016,,,Antzuola,PT,Antzuola,1.1
2018,,,Antzuola,PT,Antzuola,1.1
2020,,,Antzuola,PT,Antzuola,1.2
2015,,,Antzuola,PT,Antzuola,1.2
2019,,,Antzuola,PT,Antzuola,1.4
2014,,,Antzuola,PT,Antzuola,1.0
2021,,,Antzuola,PT,Antzuola,1.5
2016,,,Añana,PT,Añana,14.2
2019,,,Añana,PT,Añana,13.2
2017,,,Añana,PT,Añana,12.9
2014,,,Añana,PT,Añana,12.3
2021,,,Añana,PT,Añana,15.4
2020,,,Añana,PT,Añana,12.2
2015,,,Añana,PT,Añana,15.2
2018,,,Añana,PT,Añana,10.7
2016,,,ES48005,PT,ES48005,4.2
2018,,,ES48005,PT,ES48005,3.4
2014,,,ES48005,PT,ES48005,2.2
2021,,,ES48005,PT,ES48005,5.9
2015,,,ES48005,PT,ES48005,4.1
2020,,,ES48005,PT,ES48005,4.7
2019,,,ES48005,PT,ES48005,3.6
2017,,,ES48005,PT,ES48005,4.0
2019,,,Arama,PT,Arama,0.3
2017,,,Arama,PT,Arama,0.4
2015,,,Arama,PT,Arama,1.3
2020,,,Arama,PT,Arama,0.4
2021,,,Arama,PT,Arama,0.3
2014,,,Arama,PT,Arama,1.4
2018,,,Arama,PT,Arama,0.3
2016,,,Arama,PT,Arama,0.4
2018,,,Aramaio,PT,Aramaio,14.9
2020,,,Aramaio,PT,Aramaio,11.3
2014,,,Aramaio,PT,Aramaio,15.7
2021,,,Aramaio,PT,Aramaio,15.3
2017,,,Aramaio,PT,Aramaio,14.8
2016,,,Aramaio,PT,Aramaio,12.9
2019,,,Aramaio,PT,Aramaio,12.4
2015,,,Aramaio,PT,Aramaio,14.4
2019,,,ES48006,PT,ES48006,5.3
2014,,,ES48006,PT,ES48006,3.3
2016,,,ES48006,PT,ES48006,3.8
2015,,,ES48006,PT,ES48006,3.1
2020,,,ES48006,PT,ES48006,6.0
2021,,,ES48006,PT,ES48006,7.6
2018,,,ES48006,PT,ES48006,4.4
2017,,,ES48006,PT,ES48006,3.8
2016,,,ES48093,PT,ES48093,2.2
2018,,,ES48093,PT,ES48093,2.0
2020,,,ES48093,PT,ES48093,2.7
2019,,,ES48093,PT,ES48093,2.2
2021,,,ES48093,PT,ES48093,3.5
2017,,,ES48093,PT,ES48093,2.1
2014,,,ES48093,PT,ES48093,1.7
2015,,,ES48093,PT,ES48093,1.7
2017,,,Aretxabaleta,PT,Aretxabaleta,0.5
2018,,,Aretxabaleta,PT,Aretxabaleta,0.3
2016,,,Aretxabaleta,PT,Aretxabaleta,0.4
2019,,,Aretxabaleta,PT,Aretxabaleta,0.4
2015,,,Aretxabaleta,PT,Aretxabaleta,0.3
2014,,,Aretxabaleta,PT,Aretxabaleta,0.3
2021,,,Aretxabaleta,PT,Aretxabaleta,0.4
2020,,,Aretxabaleta,PT,Aretxabaleta,0.4
2018,,,Armiñón,PT,Armiñón,6.5
2015,,,Armiñón,PT,Armiñón,6.6
2014,,,Armiñón,PT,Armiñón,6.0
2021,,,Armiñón,PT,Armiñón,10.0
2020,,,Armiñón,PT,Armiñón,8.6
2019,,,Armiñón,PT,Armiñón,7.3
2017,,,Armiñón,PT,Armiñón,6.7
2016,,,Armiñón,PT,Armiñón,8.2
2020,,,Arraia-Maeztu,PT,Arraia-Maeztu,10.8
2014,,,Arraia-Maeztu,PT,Arraia-Maeztu,11.4
2016,,,Arraia-Maeztu,PT,Arraia-Maeztu,11.4
2015,,,Arraia-Maeztu,PT,Arraia-Maeztu,9.9
2019,,,Arraia-Maeztu,PT,Arraia-Maeztu,10.9
2021,,,Arraia-Maeztu,PT,Arraia-Maeztu,12.8
2017,,,Arraia-Maeztu,PT,Arraia-Maeztu,12.1
2018,,,Arraia-Maeztu,PT,Arraia-Maeztu,12.1
2020,,,ES48009,PT,ES48009,1.6
2015,,,ES48009,PT,ES48009,1.8
2021,,,ES48009,PT,ES48009,1.9
2019,,,ES48009,PT,ES48009,1.7
2017,,,ES48009,PT,ES48009,1.5
2018,,,ES48009,PT,ES48009,1.3
2014,,,ES48009,PT,ES48009,2.0
2016,,,ES48009,PT,ES48009,1.9
2017,,,Arrasate / Mondragón,PT,Arrasate / Mondragón,0.2
2014,,,Arrasate / Mondragón,PT,Arrasate / Mondragón,0.1
2020,,,Arrasate / Mondragón,PT,Arrasate / Mondragón,0.1
2016,,,Arrasate / Mondragón,PT,Arrasate / Mondragón,0.1
2019,,,Arrasate / Mondragón,PT,Arrasate / Mondragón,0.2
2018,,,Arrasate / Mondragón,PT,Arrasate / Mondragón,0.1
2021,,,Arrasate / Mondragón,PT,Arrasate / Mondragón,0.2
2015,,,Arrasate / Mondragón,PT,Arrasate / Mondragón,0.1
2018,,,ES48914,PT,ES48914,10.1
2021,,,ES48914,PT,ES48914,10.8
2016,,,ES48914,PT,ES48914,11.8
2020,,,ES48914,PT,ES48914,10.7
2014,,,ES48914,PT,ES48914,10.1
2019,,,ES48914,PT,ES48914,11.6
2015,,,ES48914,PT,ES48914,12.2
2017,,,ES48914,PT,ES48914,11.6
2018,,,Arratzua-Ubarrundia,PT,Arratzua-Ubarrundia,6.8
2021,,,Arratzua-Ubarrundia,PT,Arratzua-Ubarrundia,6.4
2016,,,Arratzua-Ubarrundia,PT,Arratzua-Ubarrundia,8.1
2020,,,Arratzua-Ubarrundia,PT,Arratzua-Ubarrundia,5.8
2015,,,Arratzua-Ubarrundia,PT,Arratzua-Ubarrundia,8.4
2014,,,Arratzua-Ubarrundia,PT,Arratzua-Ubarrundia,9.6
2019,,,Arratzua-Ubarrundia,PT,Arratzua-Ubarrundia,6.1
2017,,,Arratzua-Ubarrundia,PT,Arratzua-Ubarrundia,8.0
2021,,,ES48010,PT,ES48010,13.8
2020,,,ES48010,PT,ES48010,12.4
2014,,,ES48010,PT,ES48010,12.6
2016,,,ES48010,PT,ES48010,14.0
2017,,,ES48010,PT,ES48010,13.6
2019,,,ES48010,PT,ES48010,11.0
2018,,,ES48010,PT,ES48010,12.2
2015,,,ES48010,PT,ES48010,14.2
2015,,,ES48011,PT,ES48011,0.2
2018,,,ES48011,PT,ES48011,0.2
2019,,,ES48011,PT,ES48011,0.3
2014,,,ES48011,PT,ES48011,0.2
2016,,,ES48011,PT,ES48011,0.2
2017,,,ES48011,PT,ES48011,0.2
2020,,,ES48011,PT,ES48011,0.3
2021,,,ES48011,PT,ES48011,0.4
2014,,,ES48023,PT,ES48023,1.5
2017,,,ES48023,PT,ES48023,1.8
2016,,,ES48023,PT,ES48023,1.9
2021,,,ES48023,PT,ES48023,2.1
2015,,,ES48023,PT,ES48023,1.9
2018,,,ES48023,PT,ES48023,1.6
2019,,,ES48023,PT,ES48023,1.7
2020,,,ES48023,PT,ES48023,1.9
2021,,,ES48008,PT,ES48008,17.7
2017,,,ES48008,PT,ES48008,11.3
2014,,,ES48008,PT,ES48008,11.0
2016,,,ES48008,PT,ES48008,10.9
2020,,,ES48008,PT,ES48008,13.5
2015,,,ES48008,PT,ES48008,9.1
2018,,,ES48008,PT,ES48008,12.2
2019,,,ES48008,PT,ES48008,12.2
2015,,,Artziniega,PT,Artziniega,2.0
2014,,,Artziniega,PT,Artziniega,2.6
2021,,,Artziniega,PT,Artziniega,2.5
2017,,,Artziniega,PT,Artziniega,2.1
2018,,,Artziniega,PT,Artziniega,2.4
2020,,,Artziniega,PT,Artziniega,1.5
2016,,,Artziniega,PT,Artziniega,1.9
2019,,,Artziniega,PT,Artziniega,1.8
2017,,,Asparrena,PT,Asparrena,1.5
2015,,,Asparrena,PT,Asparrena,2.8
2021,,,Asparrena,PT,Asparrena,1.4
2018,,,Asparrena,PT,Asparrena,1.4
2014,,,Asparrena,PT,Asparrena,3.1
2019,,,Asparrena,PT,Asparrena,1.2
2016,,,Asparrena,PT,Asparrena,2.2
2020,,,Asparrena,PT,Asparrena,1.5
2014,,,Asteasu,PT,Asteasu,2.0
2019,,,Asteasu,PT,Asteasu,1.3
2017,,,Asteasu,PT,Asteasu,1.4
2020,,,Asteasu,PT,Asteasu,1.3
2018,,,Asteasu,PT,Asteasu,1.2
2015,,,Asteasu,PT,Asteasu,1.9
2021,,,Asteasu,PT,Asteasu,1.1
2016,,,Asteasu,PT,Asteasu,1.5
2014,,,ES20903,PT,ES20903,0.1
2018,,,ES20903,PT,ES20903,0.1
2016,,,ES20903,PT,ES20903,0.1
2020,,,ES20903,PT,ES20903,0.2
2019,,,ES20903,PT,ES20903,0.2
2015,,,ES20903,PT,ES20903,0.1
2017,,,ES20903,PT,ES20903,0.1
2021,,,ES20903,PT,ES20903,0.3
2014,,,Ataun,PT,Ataun,7.6
2017,,,Ataun,PT,Ataun,7.1
2016,,,Ataun,PT,Ataun,6.5
2015,,,Ataun,PT,Ataun,6.8
2021,,,Ataun,PT,Ataun,7.6
2020,,,Ataun,PT,Ataun,6.5
2018,,,Ataun,PT,Ataun,5.5
2019,,,Ataun,PT,Ataun,6.9
2019,,,ES48091,PT,ES48091,1.0
2014,,,ES48091,PT,ES48091,0.7
2021,,,ES48091,PT,ES48091,1.2
2017,,,ES48091,PT,ES48091,0.8
2018,,,ES48091,PT,ES48091,0.9
2016,,,ES48091,PT,ES48091,0.8
2015,,,ES48091,PT,ES48091,0.6
2020,,,ES48091,PT,ES48091,0.9
2014,,,ES48070,PT,ES48070,5.3
2018,,,ES48070,PT,ES48070,7.1
2019,,,ES48070,PT,ES48070,7.9
2015,,,ES48070,PT,ES48070,5.6
2017,,,ES48070,PT,ES48070,7.4
2021,,,ES48070,PT,ES48070,9.4
2020,,,ES48070,PT,ES48070,6.5
2016,,,ES48070,PT,ES48070,7.5
2018,,,Ayala / Aiara,PT,Ayala / Aiara,7.0
2020,,,Ayala / Aiara,PT,Ayala / Aiara,5.4
2021,,,Ayala / Aiara,PT,Ayala / Aiara,6.9
2016,,,Ayala / Aiara,PT,Ayala / Aiara,7.1
2015,,,Ayala / Aiara,PT,Ayala / Aiara,8.3
2014,,,Ayala / Aiara,PT,Ayala / Aiara,10.7
2017,,,Ayala / Aiara,PT,Ayala / Aiara,7.6
2019,,,Ayala / Aiara,PT,Ayala / Aiara,5.5
2019,,,Azkoitia,PT,Azkoitia,0.8
2015,,,Azkoitia,PT,Azkoitia,0.5
2021,,,Azkoitia,PT,Azkoitia,0.8
2016,,,Azkoitia,PT,Azkoitia,0.6
2018,,,Azkoitia,PT,Azkoitia,0.6
2014,,,Azkoitia,PT,Azkoitia,0.5
2020,,,Azkoitia,PT,Azkoitia,0.7
2017,,,Azkoitia,PT,Azkoitia,0.8
2014,,,Azpeitia,PT,Azpeitia,0.5
2021,,,Azpeitia,PT,Azpeitia,0.9
2015,,,Azpeitia,PT,Azpeitia,0.6
2016,,,Azpeitia,PT,Azpeitia,0.7
2018,,,Azpeitia,PT,Azpeitia,0.6
2017,,,Azpeitia,PT,Azpeitia,0.8
2020,,,Azpeitia,PT,Azpeitia,0.8
2019,,,Azpeitia,PT,Azpeitia,0.8
2021,,,ES48012,PT,ES48012,3.3
2019,,,ES48012,PT,ES48012,2.6
2016,,,ES48012,PT,ES48012,3.6
2014,,,ES48012,PT,ES48012,4.5
2017,,,ES48012,PT,ES48012,3.0
2020,,,ES48012,PT,ES48012,2.8
2018,,,ES48012,PT,ES48012,2.4
2015,,,ES48012,PT,ES48012,4.4
2018,,,ES20904,PT,ES20904,5.6
2015,,,ES20904,PT,ES20904,7.4
2021,,,ES20904,PT,ES20904,4.6
2019,,,ES20904,PT,ES20904,6.1
2014,,,ES20904,PT,ES20904,8.6
2016,,,ES20904,PT,ES20904,6.5
2017,,,ES20904,PT,ES20904,6.4
2020,,,ES20904,PT,ES20904,5.6
2017,,,ES48090,PT,ES48090,0.8
2018,,,ES48090,PT,ES48090,0.8
2020,,,ES48090,PT,ES48090,0.9
2016,,,ES48090,PT,ES48090,0.8
2014,,,ES48090,PT,ES48090,0.6
2021,,,ES48090,PT,ES48090,1.2
2015,,,ES48090,PT,ES48090,0.6
2019,,,ES48090,PT,ES48090,0.8
2016,,,Baños de Ebro / Mañueta,PT,Baños de Ebro / Mañueta,30.7
2014,,,Baños de Ebro / Mañueta,PT,Baños de Ebro / Mañueta,24.0
2017,,,Baños de Ebro / Mañueta,PT,Baños de Ebro / Mañueta,31.1
2019,,,Baños de Ebro / Mañueta,PT,Baños de Ebro / Mañueta,32.1
2015,,,Baños de Ebro / Mañueta,PT,Baños de Ebro / Mañueta,29.4
2018,,,Baños de Ebro / Mañueta,PT,Baños de Ebro / Mañueta,33.4
2021,,,Baños de Ebro / Mañueta,PT,Baños de Ebro / Mañueta,32.6
2020,,,Baños de Ebro / Mañueta,PT,Baños de Ebro / Mañueta,35.6
2016,,,ES48013,PT,ES48013,0.0
2014,,,ES48013,PT,ES48013,0.0
2017,,,ES48013,PT,ES48013,0.0
2021,,,ES48013,PT,ES48013,0.0
2020,,,ES48013,PT,ES48013,0.0
2015,,,ES48013,PT,ES48013,0.0
2019,,,ES48013,PT,ES48013,0.0
2018,,,ES48013,PT,ES48013,0.0
2019,,,ES48014,PT,ES48014,1.6
2016,,,ES48014,PT,ES48014,1.4
2018,,,ES48014,PT,ES48014,1.5
2020,,,ES48014,PT,ES48014,1.8
2021,,,ES48014,PT,ES48014,1.6
2015,,,ES48014,PT,ES48014,1.2
2017,,,ES48014,PT,ES48014,1.7
2014,,,ES48014,PT,ES48014,1.0
2014,,,Barrundia,PT,Barrundia,27.9
2016,,,Barrundia,PT,Barrundia,24.5
2021,,,Barrundia,PT,Barrundia,27.4
2017,,,Barrundia,PT,Barrundia,25.4
2015,,,Barrundia,PT,Barrundia,23.3
2020,,,Barrundia,PT,Barrundia,24.0
2019,,,Barrundia,PT,Barrundia,23.9
2018,,,Barrundia,PT,Barrundia,24.8
2014,,,ES48015,PT,ES48015,0.1
2015,,,ES48015,PT,ES48015,0.1
2019,,,ES48015,PT,ES48015,0.0
2017,,,ES48015,PT,ES48015,0.0
2021,,,ES48015,PT,ES48015,0.0
2020,,,ES48015,PT,ES48015,0.0
2018,,,ES48015,PT,ES48015,0.0
2016,,,ES48015,PT,ES48015,0.0
2019,,,Beasain,PT,Beasain,0.1
2015,,,Beasain,PT,Beasain,0.2
2018,,,Beasain,PT,Beasain,0.1
2016,,,Beasain,PT,Beasain,0.2
2021,,,Beasain,PT,Beasain,0.2
2014,,,Beasain,PT,Beasain,0.2
2017,,,Beasain,PT,Beasain,0.2
2020,,,Beasain,PT,Beasain,0.1
2016,,,ES48092,PT,ES48092,2.1
2017,,,ES48092,PT,ES48092,2.3
2014,,,ES48092,PT,ES48092,2.0
2019,,,ES48092,PT,ES48092,2.3
2018,,,ES48092,PT,ES48092,2.3
2015,,,ES48092,PT,ES48092,1.9
2021,,,ES48092,PT,ES48092,2.9
2020,,,ES48092,PT,ES48092,2.7
2021,,,Beizama,PT,Beizama,22.2
2014,,,Beizama,PT,Beizama,14.1
2017,,,Beizama,PT,Beizama,18.0
2018,,,Beizama,PT,Beizama,16.7
2016,,,Beizama,PT,Beizama,17.3
2015,,,Beizama,PT,Beizama,14.9
2020,,,Beizama,PT,Beizama,18.5
2019,,,Beizama,PT,Beizama,21.4
2020,,,Belauntza,PT,Belauntza,0.9
2019,,,Belauntza,PT,Belauntza,1.0
2017,,,Belauntza,PT,Belauntza,1.1
2016,,,Belauntza,PT,Belauntza,1.2
2021,,,Belauntza,PT,Belauntza,0.9
2018,,,Belauntza,PT,Belauntza,0.8
2015,,,Belauntza,PT,Belauntza,1.3
2014,,,Belauntza,PT,Belauntza,1.5
2014,,,ES48016,PT,ES48016,1.0
2018,,,ES48016,PT,ES48016,0.5
2016,,,ES48016,PT,ES48016,0.7
2020,,,ES48016,PT,ES48016,0.4
2019,,,ES48016,PT,ES48016,0.4
2021,,,ES48016,PT,ES48016,0.3
2017,,,ES48016,PT,ES48016,0.6
2015,,,ES48016,PT,ES48016,0.8
2014,,,Berantevilla,PT,Berantevilla,3.7
2019,,,Berantevilla,PT,Berantevilla,3.5
2015,,,Berantevilla,PT,Berantevilla,5.4
2020,,,Berantevilla,PT,Berantevilla,3.9
2017,,,Berantevilla,PT,Berantevilla,3.6
2016,,,Berantevilla,PT,Berantevilla,4.4
2018,,,Berantevilla,PT,Berantevilla,3.9
2021,,,Berantevilla,PT,Berantevilla,5.4
2019,,,Berastegi,PT,Berastegi,3.3
2020,,,Berastegi,PT,Berastegi,2.8
2016,,,Berastegi,PT,Berastegi,2.6
2015,,,Berastegi,PT,Berastegi,2.5
2014,,,Berastegi,PT,Berastegi,2.4
2021,,,Berastegi,PT,Berastegi,2.9
2017,,,Berastegi,PT,Berastegi,3.3
2018,,,Berastegi,PT,Berastegi,2.4
2015,,,Bergara,PT,Bergara,0.7
2018,,,Bergara,PT,Bergara,0.5
2016,,,Bergara,PT,Bergara,0.7
2021,,,Bergara,PT,Bergara,0.7
2014,,,Bergara,PT,Bergara,0.6
2017,,,Bergara,PT,Bergara,0.8
2019,,,Bergara,PT,Bergara,0.7
2020,,,Bergara,PT,Bergara,0.6
2016,,,ES48017,PT,ES48017,12.9
2017,,,ES48017,PT,ES48017,30.1
2021,,,ES48017,PT,ES48017,21.9
2020,,,ES48017,PT,ES48017,26.6
2018,,,ES48017,PT,ES48017,27.7
2019,,,ES48017,PT,ES48017,29.3
2014,,,ES48017,PT,ES48017,14.9
2015,,,ES48017,PT,ES48017,11.7
2017,,,Bernedo,PT,Bernedo,6.8
2015,,,Bernedo,PT,Bernedo,7.1
2021,,,Bernedo,PT,Bernedo,6.6
2016,,,Bernedo,PT,Bernedo,6.9
2019,,,Bernedo,PT,Bernedo,6.2
2018,,,Bernedo,PT,Bernedo,6.7
2014,,,Bernedo,PT,Bernedo,6.8
2020,,,Bernedo,PT,Bernedo,5.0
2017,,,ES48018,PT,ES48018,1.1
2019,,,ES48018,PT,ES48018,1.2
2020,,,ES48018,PT,ES48018,1.4
2021,,,ES48018,PT,ES48018,2.1
2015,,,ES48018,PT,ES48018,1.4
2018,,,ES48018,PT,ES48018,1.1
2016,,,ES48018,PT,ES48018,1.3
2014,,,ES48018,PT,ES48018,1.4
2018,,,ES48019,PT,ES48019,0.7
2014,,,ES48019,PT,ES48019,0.6
2015,,,ES48019,PT,ES48019,0.7
2017,,,ES48019,PT,ES48019,0.8
2021,,,ES48019,PT,ES48019,1.1
2020,,,ES48019,PT,ES48019,1.0
2019,,,ES48019,PT,ES48019,0.8
2016,,,ES48019,PT,ES48019,0.8
2015,,,Berrobi,PT,Berrobi,3.3
2014,,,Berrobi,PT,Berrobi,2.9
2019,,,Berrobi,PT,Berrobi,2.9
2021,,,Berrobi,PT,Berrobi,3.2
2018,,,Berrobi,PT,Berrobi,2.3
2020,,,Berrobi,PT,Berrobi,3.1
2017,,,Berrobi,PT,Berrobi,3.1
2016,,,Berrobi,PT,Berrobi,3.0
2015,,,Bidania-Goiatz,PT,Bidania-Goiatz,6.1
2017,,,Bidania-Goiatz,PT,Bidania-Goiatz,5.7
2014,,,Bidania-Goiatz,PT,Bidania-Goiatz,5.0
2021,,,Bidania-Goiatz,PT,Bidania-Goiatz,4.9
2019,,,Bidania-Goiatz,PT,Bidania-Goiatz,5.8
2020,,,Bidania-Goiatz,PT,Bidania-Goiatz,5.4
2016,,,Bidania-Goiatz,PT,Bidania-Goiatz,5.8
2018,,,Bidania-Goiatz,PT,Bidania-Goiatz,5.2
2021,,,ES48020,PT,ES48020,0.0
2018,,,ES48020,PT,ES48020,0.1
2019,,,ES48020,PT,ES48020,0.0
2017,,,ES48020,PT,ES48020,0.1
2016,,,ES48020,PT,ES48020,0.0
2020,,,ES48020,PT,ES48020,0.0
2015,,,ES48020,PT,ES48020,0.0
2014,,,ES48020,PT,ES48020,0.0
2019,,,ES48021,PT,ES48021,4.3
2018,,,ES48021,PT,ES48021,3.9
2015,,,ES48021,PT,ES48021,5.3
2017,,,ES48021,PT,ES48021,4.5
2021,,,ES48021,PT,ES48021,5.6
2020,,,ES48021,PT,ES48021,4.3
2016,,,ES48021,PT,ES48021,4.5
2014,,,ES48021,PT,ES48021,5.8
2019,,,Campezo / Kanpezu,PT,Campezo / Kanpezu,10.1
2017,,,Campezo / Kanpezu,PT,Campezo / Kanpezu,10.2
2020,,,Campezo / Kanpezu,PT,Campezo / Kanpezu,8.7
2014,,,Campezo / Kanpezu,PT,Campezo / Kanpezu,10.3
2016,,,Campezo / Kanpezu,PT,Campezo / Kanpezu,11.8
2015,,,Campezo / Kanpezu,PT,Campezo / Kanpezu,11.7
2018,,,Campezo / Kanpezu,PT,Campezo / Kanpezu,11.4
2021,,,Campezo / Kanpezu,PT,Campezo / Kanpezu,10.2
2019,,,Deba,PT,Deba,1.1
2021,,,Deba,PT,Deba,1.2
2020,,,Deba,PT,Deba,1.1
2017,,,Deba,PT,Deba,1.2
2018,,,Deba,PT,Deba,0.8
2014,,,Deba,PT,Deba,1.0
2015,,,Deba,PT,Deba,1.0
2016,,,Deba,PT,Deba,1.0
2021,,,ES48901,PT,ES48901,0.1
2015,,,ES48901,PT,ES48901,0.2
2018,,,ES48901,PT,ES48901,0.1
2016,,,ES48901,PT,ES48901,0.2
2014,,,ES48901,PT,ES48901,0.2
2020,,,ES48901,PT,ES48901,0.1
2019,,,ES48901,PT,ES48901,0.2
2017,,,ES48901,PT,ES48901,0.2
2017,,,ES48026,PT,ES48026,6.9
2015,,,ES48026,PT,ES48026,5.7
2016,,,ES48026,PT,ES48026,7.0
2020,,,ES48026,PT,ES48026,7.4
2021,,,ES48026,PT,ES48026,10.4
2019,,,ES48026,PT,ES48026,7.7
2014,,,ES48026,PT,ES48026,5.2
2018,,,ES48026,PT,ES48026,6.4
2015,,,Donostia / San Sebastián,PT,Donostia / San Sebastián,0.1
2014,,,Donostia / San Sebastián,PT,Donostia / San Sebastián,0.1
2021,,,Donostia / San Sebastián,PT,Donostia / San Sebastián,0.0
2016,,,Donostia / San Sebastián,PT,Donostia / San Sebastián,0.0
2018,,,Donostia / San Sebastián,PT,Donostia / San Sebastián,0.0
2020,,,Donostia / San Sebastián,PT,Donostia / San Sebastián,0.0
2017,,,Donostia / San Sebastián,PT,Donostia / San Sebastián,0.0
2019,,,Donostia / San Sebastián,PT,Donostia / San Sebastián,0.0
2014,,,ES48027,PT,ES48027,0.1
2016,,,ES48027,PT,ES48027,0.1
2021,,,ES48027,PT,ES48027,0.1
2020,,,ES48027,PT,ES48027,0.1
2015,,,ES48027,PT,ES48027,0.1
2018,,,ES48027,PT,ES48027,0.1
2017,,,ES48027,PT,ES48027,0.1
2019,,,ES48027,PT,ES48027,0.1
2016,,,ES48028,PT,ES48028,4.2
2015,,,ES48028,PT,ES48028,4.7
2017,,,ES48028,PT,ES48028,4.4
2021,,,ES48028,PT,ES48028,5.0
2020,,,ES48028,PT,ES48028,4.3
2019,,,ES48028,PT,ES48028,4.4
2014,,,ES48028,PT,ES48028,5.0
2018,,,ES48028,PT,ES48028,3.8
2018,,,Eibar,PT,Eibar,0.1
2020,,,Eibar,PT,Eibar,0.2
2016,,,Eibar,PT,Eibar,0.1
2014,,,Eibar,PT,Eibar,0.1
2017,,,Eibar,PT,Eibar,0.2
2015,,,Eibar,PT,Eibar,0.1
2019,,,Eibar,PT,Eibar,0.2
2021,,,Eibar,PT,Eibar,0.2
2018,,,ES48031,PT,ES48031,0.9
2015,,,ES48031,PT,ES48031,1.5
2019,,,ES48031,PT,ES48031,1.0
2017,,,ES48031,PT,ES48031,1.1
2021,,,ES48031,PT,ES48031,1.1
2020,,,ES48031,PT,ES48031,0.9
2014,,,ES48031,PT,ES48031,1.6
2016,,,ES48031,PT,ES48031,1.2
2017,,,Elburgo / Burgelu,PT,Elburgo / Burgelu,15.6
2015,,,Elburgo / Burgelu,PT,Elburgo / Burgelu,23.1
2018,,,Elburgo / Burgelu,PT,Elburgo / Burgelu,15.6
2016,,,Elburgo / Burgelu,PT,Elburgo / Burgelu,18.1
2020,,,Elburgo / Burgelu,PT,Elburgo / Burgelu,17.0
2019,,,Elburgo / Burgelu,PT,Elburgo / Burgelu,16.3
2014,,,Elburgo / Burgelu,PT,Elburgo / Burgelu,15.4
2021,,,Elburgo / Burgelu,PT,Elburgo / Burgelu,19.5
2019,,,Elciego,PT,Elciego,11.2
2018,,,Elciego,PT,Elciego,12.7
2014,,,Elciego,PT,Elciego,8.9
2015,,,Elciego,PT,Elciego,12.0
2017,,,Elciego,PT,Elciego,11.4
2016,,,Elciego,PT,Elciego,12.4
2021,,,Elciego,PT,Elciego,9.6
2020,,,Elciego,PT,Elciego,11.1
2020,,,Elduain,PT,Elduain,6.5
2018,,,Elduain,PT,Elduain,5.9
2016,,,Elduain,PT,Elduain,5.2
2021,,,Elduain,PT,Elduain,7.9
2015,,,Elduain,PT,Elduain,6.3
2019,,,Elduain,PT,Elduain,7.0
2017,,,Elduain,PT,Elduain,6.5
2014,,,Elduain,PT,Elduain,7.1
2015,,,Elgeta,PT,Elgeta,0.9
2019,,,Elgeta,PT,Elgeta,1.2
2021,,,Elgeta,PT,Elgeta,1.3
2017,,,Elgeta,PT,Elgeta,1.3
2018,,,Elgeta,PT,Elgeta,0.8
2016,,,Elgeta,PT,Elgeta,1.1
2020,,,Elgeta,PT,Elgeta,1.1
2014,,,Elgeta,PT,Elgeta,0.8
2019,,,Elgoibar,PT,Elgoibar,0.4
2016,,,Elgoibar,PT,Elgoibar,0.3
2014,,,Elgoibar,PT,Elgoibar,0.2
2015,,,Elgoibar,PT,Elgoibar,0.3
2017,,,Elgoibar,PT,Elgoibar,0.4
2020,,,Elgoibar,PT,Elgoibar,0.4
2021,,,Elgoibar,PT,Elgoibar,0.5
2018,,,Elgoibar,PT,Elgoibar,0.3
2014,,,ES48032,PT,ES48032,0.5
2016,,,ES48032,PT,ES48032,0.7
2020,,,ES48032,PT,ES48032,0.7
2019,,,ES48032,PT,ES48032,0.8
2021,,,ES48032,PT,ES48032,0.9
2017,,,ES48032,PT,ES48032,0.7
2015,,,ES48032,PT,ES48032,0.5
2018,,,ES48032,PT,ES48032,0.7
2017,,,Elvillar / Bilar,PT,Elvillar / Bilar,38.8
2016,,,Elvillar / Bilar,PT,Elvillar / Bilar,35.7
2014,,,Elvillar / Bilar,PT,Elvillar / Bilar,23.0
2015,,,Elvillar / Bilar,PT,Elvillar / Bilar,30.3
2018,,,Elvillar / Bilar,PT,Elvillar / Bilar,45.6
2021,,,Elvillar / Bilar,PT,Elvillar / Bilar,45.4
2020,,,Elvillar / Bilar,PT,Elvillar / Bilar,48.0
2019,,,Elvillar / Bilar,PT,Elvillar / Bilar,43.9
2018,,,ES48902,PT,ES48902,0.1
2020,,,ES48902,PT,ES48902,0.1
2021,,,ES48902,PT,ES48902,0.1
2014,,,ES48902,PT,ES48902,0.1
2015,,,ES48902,PT,ES48902,0.1
2016,,,ES48902,PT,ES48902,0.1
2017,,,ES48902,PT,ES48902,0.1
2019,,,ES48902,PT,ES48902,0.1
2016,,,ES48033,PT,ES48033,7.8
2018,,,ES48033,PT,ES48033,10.7
2017,,,ES48033,PT,ES48033,7.7
2021,,,ES48033,PT,ES48033,16.0
2020,,,ES48033,PT,ES48033,14.8
2014,,,ES48033,PT,ES48033,12.2
2015,,,ES48033,PT,ES48033,9.5
2019,,,ES48033,PT,ES48033,13.4
2016,,,ES48034,PT,ES48034,0.1
2018,,,ES48034,PT,ES48034,0.0
2014,,,ES48034,PT,ES48034,0.1
2017,,,ES48034,PT,ES48034,0.0
2020,,,ES48034,PT,ES48034,0.1
2021,,,ES48034,PT,ES48034,0.1
2015,,,ES48034,PT,ES48034,0.0
2019,,,ES48034,PT,ES48034,0.0
2014,,,Errenteria,PT,Errenteria,0.1
2015,,,Errenteria,PT,Errenteria,0.1
2018,,,Errenteria,PT,Errenteria,0.1
2017,,,Errenteria,PT,Errenteria,0.1
2021,,,Errenteria,PT,Errenteria,0.1
2016,,,Errenteria,PT,Errenteria,0.1
2020,,,Errenteria,PT,Errenteria,0.1
2019,,,Errenteria,PT,Errenteria,0.1
2015,,,Errezil,PT,Errezil,4.6
2018,,,Errezil,PT,Errezil,5.4
2016,,,Errezil,PT,Errezil,5.7
2020,,,Errezil,PT,Errezil,5.3
2014,,,Errezil,PT,Errezil,4.6
2019,,,Errezil,PT,Errezil,6.5
2017,,,Errezil,PT,Errezil,6.7
2021,,,Errezil,PT,Errezil,4.8
2020,,,Erriberagoitia / Ribera Alta,PT,Erriberagoitia / Ribera Alta,24.4
2019,,,Erriberagoitia / Ribera Alta,PT,Erriberagoitia / Ribera Alta,24.2
2015,,,Erriberagoitia / Ribera Alta,PT,Erriberagoitia / Ribera Alta,20.3
2017,,,Erriberagoitia / Ribera Alta,PT,Erriberagoitia / Ribera Alta,20.8
2016,,,Erriberagoitia / Ribera Alta,PT,Erriberagoitia / Ribera Alta,22.5
2021,,,Erriberagoitia / Ribera Alta,PT,Erriberagoitia / Ribera Alta,26.9
2018,,,Erriberagoitia / Ribera Alta,PT,Erriberagoitia / Ribera Alta,23.3
2014,,,Erriberagoitia / Ribera Alta,PT,Erriberagoitia / Ribera Alta,25.8
2017,,,ES48079,PT,ES48079,14.0
2015,,,ES48079,PT,ES48079,11.5
2016,,,ES48079,PT,ES48079,12.9
2018,,,ES48079,PT,ES48079,12.0
2021,,,ES48079,PT,ES48079,16.4
2014,,,ES48079,PT,ES48079,13.4
2019,,,ES48079,PT,ES48079,13.2
2020,,,ES48079,PT,ES48079,14.3
2019,,,Eskoriatza,PT,Eskoriatza,0.9
2018,,,Eskoriatza,PT,Eskoriatza,0.8
2020,,,Eskoriatza,PT,Eskoriatza,0.9
2016,,,Eskoriatza,PT,Eskoriatza,0.7
2021,,,Eskoriatza,PT,Eskoriatza,1.1
2014,,,Eskoriatza,PT,Eskoriatza,0.6
2015,,,Eskoriatza,PT,Eskoriatza,0.6
2017,,,Eskoriatza,PT,Eskoriatza,0.9
2019,,,ES48029,PT,ES48029,0.0
2015,,,ES48029,PT,ES48029,0.0
2018,,,ES48029,PT,ES48029,0.0
2017,,,ES48029,PT,ES48029,0.0
2021,,,ES48029,PT,ES48029,0.0
2020,,,ES48029,PT,ES48029,0.0
2014,,,ES48029,PT,ES48029,0.0
2016,,,ES48029,PT,ES48029,0.0
2019,,,ES48030,PT,ES48030,1.0
2015,,,ES48030,PT,ES48030,0.8
2017,,,ES48030,PT,ES48030,0.7
2016,,,ES48030,PT,ES48030,0.8
2020,,,ES48030,PT,ES48030,1.0
2021,,,ES48030,PT,ES48030,1.4
2018,,,ES48030,PT,ES48030,0.8
2014,,,ES48030,PT,ES48030,0.8
2015,,,Ezkio-Itsaso,PT,Ezkio-Itsaso,1.6
2021,,,Ezkio-Itsaso,PT,Ezkio-Itsaso,2.0
2020,,,Ezkio-Itsaso,PT,Ezkio-Itsaso,1.8
2019,,,Ezkio-Itsaso,PT,Ezkio-Itsaso,1.9
2017,,,Ezkio-Itsaso,PT,Ezkio-Itsaso,2.2
2014,,,Ezkio-Itsaso,PT,Ezkio-Itsaso,1.5
2016,,,Ezkio-Itsaso,PT,Ezkio-Itsaso,1.7
2018,,,Ezkio-Itsaso,PT,Ezkio-Itsaso,1.5
2020,,,ES48906,PT,ES48906,5.5
2021,,,ES48906,PT,ES48906,5.7
2019,,,ES48906,PT,ES48906,4.4
2017,,,ES48906,PT,ES48906,4.5
2018,,,ES48906,PT,ES48906,4.1
2015,,,ES48906,PT,ES48906,4.7
2016,,,ES48906,PT,ES48906,4.7
2014,,,ES48906,PT,ES48906,4.6
2016,,,ES48035,PT,ES48035,5.6
2015,,,ES48035,PT,ES48035,6.4
2019,,,ES48035,PT,ES48035,4.6
2017,,,ES48035,PT,ES48035,4.7
2021,,,ES48035,PT,ES48035,4.6
2020,,,ES48035,PT,ES48035,4.0
2014,,,ES48035,PT,ES48035,7.4
2018,,,ES48035,PT,ES48035,4.3
2020,,,Gabiria,PT,Gabiria,5.7
2016,,,Gabiria,PT,Gabiria,5.7
2014,,,Gabiria,PT,Gabiria,5.2
2021,,,Gabiria,PT,Gabiria,6.8
2019,,,Gabiria,PT,Gabiria,5.2
2017,,,Gabiria,PT,Gabiria,6.0
2015,,,Gabiria,PT,Gabiria,5.9
2018,,,Gabiria,PT,Gabiria,4.4
2018,,,Gaintza,PT,Gaintza,11.1
2016,,,Gaintza,PT,Gaintza,12.4
2020,,,Gaintza,PT,Gaintza,13.2
2017,,,Gaintza,PT,Gaintza,14.8
2015,,,Gaintza,PT,Gaintza,12.5
2019,,,Gaintza,PT,Gaintza,14.1
2021,,,Gaintza,PT,Gaintza,16.3
2014,,,Gaintza,PT,Gaintza,12.4
2016,,,ES48036,PT,ES48036,0.1
2014,,,ES48036,PT,ES48036,0.2
2018,,,ES48036,PT,ES48036,0.1
2019,,,ES48036,PT,ES48036,0.1
2015,,,ES48036,PT,ES48036,0.2
2017,,,ES48036,PT,ES48036,0.1
2021,,,ES48036,PT,ES48036,0.1
2020,,,ES48036,PT,ES48036,0.1
2015,,,ES48037,PT,ES48037,6.3
2014,,,ES48037,PT,ES48037,5.6
2017,,,ES48037,PT,ES48037,7.6
2021,,,ES48037,PT,ES48037,8.1
2020,,,ES48037,PT,ES48037,7.2
2018,,,ES48037,PT,ES48037,6.7
2019,,,ES48037,PT,ES48037,7.0
2016,,,ES48037,PT,ES48037,8.1
2014,,,ES48038,PT,ES48038,16.4
2019,,,ES48038,PT,ES48038,10.2
2018,,,ES48038,PT,ES48038,10.3
2016,,,ES48038,PT,ES48038,13.0
2015,,,ES48038,PT,ES48038,17.1
2017,,,ES48038,PT,ES48038,11.6
2021,,,ES48038,PT,ES48038,11.6
2020,,,ES48038,PT,ES48038,11.1
2018,,,ES48039,PT,ES48039,5.5
2019,,,ES48039,PT,ES48039,5.8
2016,,,ES48039,PT,ES48039,6.3
2014,,,ES48039,PT,ES48039,5.4
2017,,,ES48039,PT,ES48039,5.8
2021,,,ES48039,PT,ES48039,8.9
2020,,,ES48039,PT,ES48039,7.6
2015,,,ES48039,PT,ES48039,5.5
2019,,,ES48040,PT,ES48040,2.3
2021,,,ES48040,PT,ES48040,2.5
2015,,,ES48040,PT,ES48040,3.3
2014,,,ES48040,PT,ES48040,2.6
2018,,,ES48040,PT,ES48040,2.1
2017,,,ES48040,PT,ES48040,2.4
2016,,,ES48040,PT,ES48040,2.5
2020,,,ES48040,PT,ES48040,2.7
2016,,,ES48041,PT,ES48041,3.1
2018,,,ES48041,PT,ES48041,2.4
2014,,,ES48041,PT,ES48041,4.1
2015,,,ES48041,PT,ES48041,3.6
2017,,,ES48041,PT,ES48041,2.6
2020,,,ES48041,PT,ES48041,2.8
2021,,,ES48041,PT,ES48041,3.4
2019,,,ES48041,PT,ES48041,2.5
2014,,,ES20907,PT,ES20907,10.9
2020,,,ES20907,PT,ES20907,18.1
2021,,,ES20907,PT,ES20907,18.5
2016,,,ES20907,PT,ES20907,14.8
2015,,,ES20907,PT,ES20907,12.4
2019,,,ES20907,PT,ES20907,17.9
2018,,,ES20907,PT,ES20907,14.0
2017,,,ES20907,PT,ES20907,16.2
2018,,,ES48046,PT,ES48046,0.3
2014,,,ES48046,PT,ES48046,0.2
2017,,,ES48046,PT,ES48046,0.2
2021,,,ES48046,PT,ES48046,0.3
2019,,,ES48046,PT,ES48046,0.3
2016,,,ES48046,PT,ES48046,0.2
2020,,,ES48046,PT,ES48046,0.3
2015,,,ES48046,PT,ES48046,0.2
2020,,,Getaria,PT,Getaria,15.9
2014,,,Getaria,PT,Getaria,16.4
2018,,,Getaria,PT,Getaria,20.8
2016,,,Getaria,PT,Getaria,17.3
2021,,,Getaria,PT,Getaria,19.0
2019,,,Getaria,PT,Getaria,18.7
2015,,,Getaria,PT,Getaria,18.7
2017,,,Getaria,PT,Getaria,22.3
2016,,,ES48044,PT,ES48044,0.1
2014,,,ES48044,PT,ES48044,0.1
2018,,,ES48044,PT,ES48044,0.0
2021,,,ES48044,PT,ES48044,0.0
2020,,,ES48044,PT,ES48044,0.0
2017,,,ES48044,PT,ES48044,0.1
2015,,,ES48044,PT,ES48044,0.1
2019,,,ES48044,PT,ES48044,0.0
2019,,,ES48047,PT,ES48047,1.9
2015,,,ES48047,PT,ES48047,1.7
2018,,,ES48047,PT,ES48047,1.5
2016,,,ES48047,PT,ES48047,1.9
2021,,,ES48047,PT,ES48047,2.5
2020,,,ES48047,PT,ES48047,1.9
2017,,,ES48047,PT,ES48047,1.4
2014,,,ES48047,PT,ES48047,2.0
2015,,,ES48042,PT,ES48042,4.6
2017,,,ES48042,PT,ES48042,3.8
2021,,,ES48042,PT,ES48042,5.5
2020,,,ES48042,PT,ES48042,3.9
2018,,,ES48042,PT,ES48042,3.6
2016,,,ES48042,PT,ES48042,4.6
2019,,,ES48042,PT,ES48042,4.1
2014,,,ES48042,PT,ES48042,4.9
2019,,,ES48043,PT,ES48043,0.5
2015,,,ES48043,PT,ES48043,1.4
2017,,,ES48043,PT,ES48043,0.8
2021,,,ES48043,PT,ES48043,0.4
2020,,,ES48043,PT,ES48043,0.5
2016,,,ES48043,PT,ES48043,1.1
2014,,,ES48043,PT,ES48043,1.5
2018,,,ES48043,PT,ES48043,0.7
2019,,,ES48045,PT,ES48045,0.9
2015,,,ES48045,PT,ES48045,1.2
2018,,,ES48045,PT,ES48045,1.0
2017,,,ES48045,PT,ES48045,1.1
2020,,,ES48045,PT,ES48045,1.1
2021,,,ES48045,PT,ES48045,1.5
2014,,,ES48045,PT,ES48045,1.2
2016,,,ES48045,PT,ES48045,1.2
2017,,,Harana / Valle de Arana,PT,Harana / Valle de Arana,26.6
2020,,,Harana / Valle de Arana,PT,Harana / Valle de Arana,22.1
2015,,,Harana / Valle de Arana,PT,Harana / Valle de Arana,29.1
2014,,,Harana / Valle de Arana,PT,Harana / Valle de Arana,31.5
2019,,,Harana / Valle de Arana,PT,Harana / Valle de Arana,21.5
2016,,,Harana / Valle de Arana,PT,Harana / Valle de Arana,27.8
2021,,,Harana / Valle de Arana,PT,Harana / Valle de Arana,35.0
2018,,,Harana / Valle de Arana,PT,Harana / Valle de Arana,27.6
2017,,,Hernani,PT,Hernani,0.3
2015,,,Hernani,PT,Hernani,0.4
2021,,,Hernani,PT,Hernani,0.3
2014,,,Hernani,PT,Hernani,0.4
2019,,,Hernani,PT,Hernani,0.2
2018,,,Hernani,PT,Hernani,0.2
2016,,,Hernani,PT,Hernani,0.3
2020,,,Hernani,PT,Hernani,0.2
2014,,,Hernialde,PT,Hernialde,4.4
2017,,,Hernialde,PT,Hernialde,6.3
2015,,,Hernialde,PT,Hernialde,6.6
2021,,,Hernialde,PT,Hernialde,4.5
2020,,,Hernialde,PT,Hernialde,5.0
2019,,,Hernialde,PT,Hernialde,4.9
2018,,,Hernialde,PT,Hernialde,4.9
2016,,,Hernialde,PT,Hernialde,5.2
2019,,,Hondarribia,PT,Hondarribia,5.2
2020,,,Hondarribia,PT,Hondarribia,4.2
2016,,,Hondarribia,PT,Hondarribia,4.3
2014,,,Hondarribia,PT,Hondarribia,4.1
2018,,,Hondarribia,PT,Hondarribia,5.4
2017,,,Hondarribia,PT,Hondarribia,5.9
2021,,,Hondarribia,PT,Hondarribia,5.5
2015,,,Hondarribia,PT,Hondarribia,4.7
2017,,,Ibarra,PT,Ibarra,0.5
2021,,,Ibarra,PT,Ibarra,0.5
2020,,,Ibarra,PT,Ibarra,0.5
2016,,,Ibarra,PT,Ibarra,0.5
2019,,,Ibarra,PT,Ibarra,0.4
2014,,,Ibarra,PT,Ibarra,0.6
2018,,,Ibarra,PT,Ibarra,0.4
2015,,,Ibarra,PT,Ibarra,0.6
2018,,,ES48048,PT,ES48048,3.1
2016,,,ES48048,PT,ES48048,3.8
2015,,,ES48048,PT,ES48048,4.0
2019,,,ES48048,PT,ES48048,3.5
2017,,,ES48048,PT,ES48048,3.9
2020,,,ES48048,PT,ES48048,3.9
2021,,,ES48048,PT,ES48048,4.3
2014,,,ES48048,PT,ES48048,3.8
2017,,,Idiazabal,PT,Idiazabal,1.7
2015,,,Idiazabal,PT,Idiazabal,2.3
2019,,,Idiazabal,PT,Idiazabal,1.1
2021,,,Idiazabal,PT,Idiazabal,1.0
2014,,,Idiazabal,PT,Idiazabal,1.5
2018,,,Idiazabal,PT,Idiazabal,1.2
2016,,,Idiazabal,PT,Idiazabal,1.4
2020,,,Idiazabal,PT,Idiazabal,0.9
2018,,,ES48094,PT,ES48094,0.5
2019,,,ES48094,PT,ES48094,0.5
2021,,,ES48094,PT,ES48094,0.7
2014,,,ES48094,PT,ES48094,0.3
2017,,,ES48094,PT,ES48094,0.5
2016,,,ES48094,PT,ES48094,0.5
2015,,,ES48094,PT,ES48094,0.4
2020,,,ES48094,PT,ES48094,0.5
2017,,,Ikaztegieta,PT,Ikaztegieta,0.5
2015,,,Ikaztegieta,PT,Ikaztegieta,0.7
2019,,,Ikaztegieta,PT,Ikaztegieta,0.4
2021,,,Ikaztegieta,PT,Ikaztegieta,0.4
2014,,,Ikaztegieta,PT,Ikaztegieta,0.6
2016,,,Ikaztegieta,PT,Ikaztegieta,0.5
2020,,,Ikaztegieta,PT,Ikaztegieta,0.4
2018,,,Ikaztegieta,PT,Ikaztegieta,0.3
2019,,,Irun,PT,Irun,0.1
2021,,,Irun,PT,Irun,0.1
2016,,,Irun,PT,Irun,0.1
2018,,,Irun,PT,Irun,0.1
2020,,,Irun,PT,Irun,0.1
2015,,,Irun,PT,Irun,0.1
2017,,,Irun,PT,Irun,0.1
2014,,,Irun,PT,Irun,0.1
2015,,,Iruña Oka / Iruña de Oca,PT,Iruña Oka / Iruña de Oca,1.0
2017,,,Iruña Oka / Iruña de Oca,PT,Iruña Oka / Iruña de Oca,0.8
2019,,,Iruña Oka / Iruña de Oca,PT,Iruña Oka / Iruña de Oca,0.8
2014,,,Iruña Oka / Iruña de Oca,PT,Iruña Oka / Iruña de Oca,1.3
2016,,,Iruña Oka / Iruña de Oca,PT,Iruña Oka / Iruña de Oca,0.9
2021,,,Iruña Oka / Iruña de Oca,PT,Iruña Oka / Iruña de Oca,0.7
2018,,,Iruña Oka / Iruña de Oca,PT,Iruña Oka / Iruña de Oca,0.8
2020,,,Iruña Oka / Iruña de Oca,PT,Iruña Oka / Iruña de Oca,0.6
2021,,,Irura,PT,Irura,0.1
2015,,,Irura,PT,Irura,0.1
2017,,,Irura,PT,Irura,0.1
2014,,,Irura,PT,Irura,0.1
2019,,,Irura,PT,Irura,0.1
2020,,,Irura,PT,Irura,0.1
2016,,,Irura,PT,Irura,0.1
2018,,,Irura,PT,Irura,0.1
2015,,,Iruraiz-Gauna,PT,Iruraiz-Gauna,39.8
2014,,,Iruraiz-Gauna,PT,Iruraiz-Gauna,32.4
2016,,,Iruraiz-Gauna,PT,Iruraiz-Gauna,33.4
2019,,,Iruraiz-Gauna,PT,Iruraiz-Gauna,32.7
2017,,,Iruraiz-Gauna,PT,Iruraiz-Gauna,31.1
2021,,,Iruraiz-Gauna,PT,Iruraiz-Gauna,33.3
2018,,,Iruraiz-Gauna,PT,Iruraiz-Gauna,30.3
2020,,,Iruraiz-Gauna,PT,Iruraiz-Gauna,31.7
2016,,,ES48049,PT,ES48049,8.4
2018,,,ES48049,PT,ES48049,10.3
2014,,,ES48049,PT,ES48049,6.8
2015,,,ES48049,PT,ES48049,7.9
2017,,,ES48049,PT,ES48049,7.9
2021,,,ES48049,PT,ES48049,13.2
2020,,,ES48049,PT,ES48049,11.0
2019,,,ES48049,PT,ES48049,11.3
2015,,,Itsasondo,PT,Itsasondo,1.1
2017,,,Itsasondo,PT,Itsasondo,1.6
2014,,,Itsasondo,PT,Itsasondo,0.9
2021,,,Itsasondo,PT,Itsasondo,1.4
2016,,,Itsasondo,PT,Itsasondo,1.3
2019,,,Itsasondo,PT,Itsasondo,1.6
2020,,,Itsasondo,PT,Itsasondo,1.2
2018,,,Itsasondo,PT,Itsasondo,1.5
2017,,,ES48910,PT,ES48910,0.2
2016,,,ES48910,PT,ES48910,0.2
2015,,,ES48910,PT,ES48910,0.1
2021,,,ES48910,PT,ES48910,0.2
2018,,,ES48910,PT,ES48910,0.2
2019,,,ES48910,PT,ES48910,0.2
2014,,,ES48910,PT,ES48910,0.2
2020,,,ES48910,PT,ES48910,0.2
2019,,,ES48050,PT,ES48050,0.7
2015,,,ES48050,PT,ES48050,0.3
2017,,,ES48050,PT,ES48050,0.5
2016,,,ES48050,PT,ES48050,0.5
2020,,,ES48050,PT,ES48050,0.8
2018,,,ES48050,PT,ES48050,0.6
2014,,,ES48050,PT,ES48050,0.3
2021,,,ES48050,PT,ES48050,0.8
2019,,,ES48022,PT,ES48022,13.5
2015,,,ES48022,PT,ES48022,15.4
2014,,,ES48022,PT,ES48022,19.9
2018,,,ES48022,PT,ES48022,14.1
2017,,,ES48022,PT,ES48022,17.7
2016,,,ES48022,PT,ES48022,16.7
2021,,,ES48022,PT,ES48022,18.8
2020,,,ES48022,PT,ES48022,15.1
2015,,,ES48907,PT,ES48907,26.9
2016,,,ES48907,PT,ES48907,20.9
2017,,,ES48907,PT,ES48907,19.1
2021,,,ES48907,PT,ES48907,17.7
2014,,,ES48907,PT,ES48907,21.8
2020,,,ES48907,PT,ES48907,19.7
2018,,,ES48907,PT,ES48907,15.7
2019,,,ES48907,PT,ES48907,17.1
2019,,,Kripan,PT,Kripan,54.1
2018,,,Kripan,PT,Kripan,57.5
2015,,,Kripan,PT,Kripan,53.2
2021,,,Kripan,PT,Kripan,55.8
2016,,,Kripan,PT,Kripan,54.5
2014,,,Kripan,PT,Kripan,41.3
2020,,,Kripan,PT,Kripan,53.0
2017,,,Kripan,PT,Kripan,54.0
2017,,,Kuartango,PT,Kuartango,29.8
2021,,,Kuartango,PT,Kuartango,27.1
2019,,,Kuartango,PT,Kuartango,31.8
2015,,,Kuartango,PT,Kuartango,26.6
2014,,,Kuartango,PT,Kuartango,37.2
2016,,,Kuartango,PT,Kuartango,29.4
2018,,,Kuartango,PT,Kuartango,33.6
2020,,,Kuartango,PT,Kuartango,29.9
2017,,,Labastida / Bastida,PT,Labastida / Bastida,7.8
2019,,,Labastida / Bastida,PT,Labastida / Bastida,7.3
2020,,,Labastida / Bastida,PT,Labastida / Bastida,6.2
2014,,,Labastida / Bastida,PT,Labastida / Bastida,7.4
2016,,,Labastida / Bastida,PT,Labastida / Bastida,8.0
2018,,,Labastida / Bastida,PT,Labastida / Bastida,8.8
2021,,,Labastida / Bastida,PT,Labastida / Bastida,7.9
2015,,,Labastida / Bastida,PT,Labastida / Bastida,9.8
2018,,,Lagrán,PT,Lagrán,19.8
2021,,,Lagrán,PT,Lagrán,19.9
2020,,,Lagrán,PT,Lagrán,19.8
2015,,,Lagrán,PT,Lagrán,21.6
2014,,,Lagrán,PT,Lagrán,17.1
2019,,,Lagrán,PT,Lagrán,17.0
2016,,,Lagrán,PT,Lagrán,19.3
2017,,,Lagrán,PT,Lagrán,16.2
2019,,,Laguardia,PT,Laguardia,8.1
2018,,,Laguardia,PT,Laguardia,10.1
2016,,,Laguardia,PT,Laguardia,9.3
2014,,,Laguardia,PT,Laguardia,7.5
2017,,,Laguardia,PT,Laguardia,8.8
2021,,,Laguardia,PT,Laguardia,7.7
2020,,,Laguardia,PT,Laguardia,7.8
2015,,,Laguardia,PT,Laguardia,8.4
2018,,,Lanciego / Lantziego,PT,Lanciego / Lantziego,17.1
2014,,,Lanciego / Lantziego,PT,Lanciego / Lantziego,11.7
2015,,,Lanciego / Lantziego,PT,Lanciego / Lantziego,16.0
2017,,,Lanciego / Lantziego,PT,Lanciego / Lantziego,15.7
2020,,,Lanciego / Lantziego,PT,Lanciego / Lantziego,11.6
2016,,,Lanciego / Lantziego,PT,Lanciego / Lantziego,15.5
2019,,,Lanciego / Lantziego,PT,Lanciego / Lantziego,14.6
2021,,,Lanciego / Lantziego,PT,Lanciego / Lantziego,11.5
2019,,,ES48051,PT,ES48051,5.0
2015,,,ES48051,PT,ES48051,4.1
2018,,,ES48051,PT,ES48051,5.1
2017,,,ES48051,PT,ES48051,5.0
2016,,,ES48051,PT,ES48051,4.6
2021,,,ES48051,PT,ES48051,6.6
2020,,,ES48051,PT,ES48051,5.7
2014,,,ES48051,PT,ES48051,4.9
2015,,,Lantarón,PT,Lantarón,4.0
2019,,,Lantarón,PT,Lantarón,2.8
2017,,,Lantarón,PT,Lantarón,3.0
2014,,,Lantarón,PT,Lantarón,5.1
2016,,,Lantarón,PT,Lantarón,3.4
2021,,,Lantarón,PT,Lantarón,2.8
2018,,,Lantarón,PT,Lantarón,2.7
2020,,,Lantarón,PT,Lantarón,2.5
2021,,,Lapuebla de Labarca,PT,Lapuebla de Labarca,6.3
2016,,,Lapuebla de Labarca,PT,Lapuebla de Labarca,2.7
2015,,,Lapuebla de Labarca,PT,Lapuebla de Labarca,2.2
2017,,,Lapuebla de Labarca,PT,Lapuebla de Labarca,3.3
2014,,,Lapuebla de Labarca,PT,Lapuebla de Labarca,1.6
2020,,,Lapuebla de Labarca,PT,Lapuebla de Labarca,5.2
2018,,,Lapuebla de Labarca,PT,Lapuebla de Labarca,4.3
2019,,,Lapuebla de Labarca,PT,Lapuebla de Labarca,5.0
2014,,,ES48052,PT,ES48052,2.6
2015,,,ES48052,PT,ES48052,2.4
2018,,,ES48052,PT,ES48052,1.0
2017,,,ES48052,PT,ES48052,1.3
2016,,,ES48052,PT,ES48052,1.8
2021,,,ES48052,PT,ES48052,0.9
2020,,,ES48052,PT,ES48052,1.2
2019,,,ES48052,PT,ES48052,1.1
2014,,,Larraul,PT,Larraul,6.1
2019,,,Larraul,PT,Larraul,3.9
2017,,,Larraul,PT,Larraul,4.1
2020,,,Larraul,PT,Larraul,4.6
2015,,,Larraul,PT,Larraul,6.8
2021,,,Larraul,PT,Larraul,5.0
2016,,,Larraul,PT,Larraul,4.4
2018,,,Larraul,PT,Larraul,3.9
2021,,,ES20902,PT,ES20902,0.1
2020,,,ES20902,PT,ES20902,0.1
2016,,,ES20902,PT,ES20902,0.1
2015,,,ES20902,PT,ES20902,0.1
2014,,,ES20902,PT,ES20902,0.1
2018,,,ES20902,PT,ES20902,0.1
2019,,,ES20902,PT,ES20902,0.1
2017,,,ES20902,PT,ES20902,0.1
2018,,,Laudio / Llodio,PT,Laudio / Llodio,0.3
2021,,,Laudio / Llodio,PT,Laudio / Llodio,0.3
2017,,,Laudio / Llodio,PT,Laudio / Llodio,0.3
2015,,,Laudio / Llodio,PT,Laudio / Llodio,0.3
2019,,,Laudio / Llodio,PT,Laudio / Llodio,0.2
2014,,,Laudio / Llodio,PT,Laudio / Llodio,0.3
2016,,,Laudio / Llodio,PT,Laudio / Llodio,0.3
2020,,,Laudio / Llodio,PT,Laudio / Llodio,0.2
2019,,,ES48053,PT,ES48053,2.9
2015,,,ES48053,PT,ES48053,3.9
2018,,,ES48053,PT,ES48053,3.4
2017,,,ES48053,PT,ES48053,3.6
2016,,,ES48053,PT,ES48053,3.8
2021,,,ES48053,PT,ES48053,4.2
2020,,,ES48053,PT,ES48053,3.2
2014,,,ES48053,PT,ES48053,3.8
2019,,,Lazkao,PT,Lazkao,0.7
2021,,,Lazkao,PT,Lazkao,0.7
2014,,,Lazkao,PT,Lazkao,0.7
2015,,,Lazkao,PT,Lazkao,0.7
2017,,,Lazkao,PT,Lazkao,0.8
2020,,,Lazkao,PT,Lazkao,0.6
2018,,,Lazkao,PT,Lazkao,0.5
2016,,,Lazkao,PT,Lazkao,0.7
2017,,,Leaburu,PT,Leaburu,1.9
2015,,,Leaburu,PT,Leaburu,1.7
2021,,,Leaburu,PT,Leaburu,1.8
2014,,,Leaburu,PT,Leaburu,1.8
2018,,,Leaburu,PT,Leaburu,1.5
2020,,,Leaburu,PT,Leaburu,1.8
2016,,,Leaburu,PT,Leaburu,1.6
2019,,,Leaburu,PT,Leaburu,1.9
2017,,,Legazpi,PT,Legazpi,0.4
2019,,,Legazpi,PT,Legazpi,0.4
2015,,,Legazpi,PT,Legazpi,0.3
2021,,,Legazpi,PT,Legazpi,0.5
2014,,,Legazpi,PT,Legazpi,0.3
2016,,,Legazpi,PT,Legazpi,0.4
2018,,,Legazpi,PT,Legazpi,0.3
2020,,,Legazpi,PT,Legazpi,0.4
2019,,,Legorreta,PT,Legorreta,1.1
2015,,,Legorreta,PT,Legorreta,2.0
2017,,,Legorreta,PT,Legorreta,1.4
2021,,,Legorreta,PT,Legorreta,0.9
2014,,,Legorreta,PT,Legorreta,1.9
2016,,,Legorreta,PT,Legorreta,1.5
2018,,,Legorreta,PT,Legorreta,1.1
2020,,,Legorreta,PT,Legorreta,0.9
2015,,,Legutio,PT,Legutio,1.1
2017,,,Legutio,PT,Legutio,0.6
2019,,,Legutio,PT,Legutio,0.4
2014,,,Legutio,PT,Legutio,1.5
2016,,,Legutio,PT,Legutio,0.8
2021,,,Legutio,PT,Legutio,0.4
2018,,,Legutio,PT,Legutio,0.5
2020,,,Legutio,PT,Legutio,0.5
2014,,,Leintz-Gatzaga,PT,Leintz-Gatzaga,4.1
2015,,,Leintz-Gatzaga,PT,Leintz-Gatzaga,5.2
2016,,,Leintz-Gatzaga,PT,Leintz-Gatzaga,5.6
2018,,,Leintz-Gatzaga,PT,Leintz-Gatzaga,4.5
2020,,,Leintz-Gatzaga,PT,Leintz-Gatzaga,7.5
2019,,,Leintz-Gatzaga,PT,Leintz-Gatzaga,6.0
2021,,,Leintz-Gatzaga,PT,Leintz-Gatzaga,7.3
2017,,,Leintz-Gatzaga,PT,Leintz-Gatzaga,6.5
2019,,,ES48054,PT,ES48054,0.0
2015,,,ES48054,PT,ES48054,0.0
2018,,,ES48054,PT,ES48054,0.0
2017,,,ES48054,PT,ES48054,0.0
2016,,,ES48054,PT,ES48054,0.0
2021,,,ES48054,PT,ES48054,0.0
2020,,,ES48054,PT,ES48054,0.0
2014,,,ES48054,PT,ES48054,0.0
2015,,,ES48057,PT,ES48057,1.8
2016,,,ES48057,PT,ES48057,2.5
2019,,,ES48057,PT,ES48057,2.8
2014,,,ES48057,PT,ES48057,1.6
2018,,,ES48057,PT,ES48057,3.1
2017,,,ES48057,PT,ES48057,3.1
2021,,,ES48057,PT,ES48057,1.6
2020,,,ES48057,PT,ES48057,2.3
2015,,,ES48055,PT,ES48055,0.4
2014,,,ES48055,PT,ES48055,0.4
2018,,,ES48055,PT,ES48055,0.5
2017,,,ES48055,PT,ES48055,0.5
2016,,,ES48055,PT,ES48055,0.5
2021,,,ES48055,PT,ES48055,0.7
2020,,,ES48055,PT,ES48055,0.6
2019,,,ES48055,PT,ES48055,0.5
2014,,,ES48056,PT,ES48056,6.9
2015,,,ES48056,PT,ES48056,5.3
2018,,,ES48056,PT,ES48056,5.8
2017,,,ES48056,PT,ES48056,7.0
2016,,,ES48056,PT,ES48056,5.6
2021,,,ES48056,PT,ES48056,10.4
2020,,,ES48056,PT,ES48056,11.0
2019,,,ES48056,PT,ES48056,8.9
2021,,,Leza,PT,Leza,31.8
2017,,,Leza,PT,Leza,26.2
2019,,,Leza,PT,Leza,39.8
2015,,,Leza,PT,Leza,26.8
2020,,,Leza,PT,Leza,33.7
2014,,,Leza,PT,Leza,21.1
2016,,,Leza,PT,Leza,28.8
2018,,,Leza,PT,Leza,43.8
2019,,,ES48081,PT,ES48081,0.9
2017,,,ES48081,PT,ES48081,1.1
2021,,,ES48081,PT,ES48081,1.0
2020,,,ES48081,PT,ES48081,0.9
2018,,,ES48081,PT,ES48081,1.1
2015,,,ES48081,PT,ES48081,1.0
2014,,,ES48081,PT,ES48081,0.9
2016,,,ES48081,PT,ES48081,1.0
2020,,,Lezo,PT,Lezo,0.1
2016,,,Lezo,PT,Lezo,0.1
2018,,,Lezo,PT,Lezo,0.1
2015,,,Lezo,PT,Lezo,0.1
2019,,,Lezo,PT,Lezo,0.1
2017,,,Lezo,PT,Lezo,0.1
2014,,,Lezo,PT,Lezo,0.1
2021,,,Lezo,PT,Lezo,0.1
2020,,,Lizartza,PT,Lizartza,1.3
2016,,,Lizartza,PT,Lizartza,1.5
2018,,,Lizartza,PT,Lizartza,1.2
2019,,,Lizartza,PT,Lizartza,1.4
2017,,,Lizartza,PT,Lizartza,1.7
2015,,,Lizartza,PT,Lizartza,1.5
2021,,,Lizartza,PT,Lizartza,1.4
2014,,,Lizartza,PT,Lizartza,1.4
2021,,,ES48903,PT,ES48903,0.2
2014,,,ES48903,PT,ES48903,0.2
2020,,,ES48903,PT,ES48903,0.2
2017,,,ES48903,PT,ES48903,0.2
2016,,,ES48903,PT,ES48903,0.2
2015,,,ES48903,PT,ES48903,0.2
2018,,,ES48903,PT,ES48903,0.1
2019,,,ES48903,PT,ES48903,0.1
2019,,,ES48058,PT,ES48058,0.7
2015,,,ES48058,PT,ES48058,0.9
2017,,,ES48058,PT,ES48058,0.8
2021,,,ES48058,PT,ES48058,0.6
2020,,,ES48058,PT,ES48058,0.7
2016,,,ES48058,PT,ES48058,0.9
2018,,,ES48058,PT,ES48058,0.7
2014,,,ES48058,PT,ES48058,0.9
2015,,,ES48059,PT,ES48059,1.6
2014,,,ES48059,PT,ES48059,1.6
2018,,,ES48059,PT,ES48059,2.2
2017,,,ES48059,PT,ES48059,2.7
2021,,,ES48059,PT,ES48059,3.4
2020,,,ES48059,PT,ES48059,2.5
2019,,,ES48059,PT,ES48059,2.3
2016,,,ES48059,PT,ES48059,2.4
2019,,,ES48060,PT,ES48060,2.5
2014,,,ES48060,PT,ES48060,1.7
2018,,,ES48060,PT,ES48060,2.1
2017,,,ES48060,PT,ES48060,2.2
2016,,,ES48060,PT,ES48060,2.2
2020,,,ES48060,PT,ES48060,2.7
2021,,,ES48060,PT,ES48060,3.4
2015,,,ES48060,PT,ES48060,2.0
2019,,,ES48061,PT,ES48061,6.0
2015,,,ES48061,PT,ES48061,4.7
2018,,,ES48061,PT,ES48061,5.1
2017,,,ES48061,PT,ES48061,5.7
2021,,,ES48061,PT,ES48061,7.1
2020,,,ES48061,PT,ES48061,7.3
2014,,,ES48061,PT,ES48061,6.2
2016,,,ES48061,PT,ES48061,6.6
2017,,,ES20901,PT,ES20901,0.7
2021,,,ES20901,PT,ES20901,0.7
2016,,,ES20901,PT,ES20901,0.6
2015,,,ES20901,PT,ES20901,0.5
2014,,,ES20901,PT,ES20901,0.5
2019,,,ES20901,PT,ES20901,0.6
2018,,,ES20901,PT,ES20901,0.5
2020,,,ES20901,PT,ES20901,0.6
2015,,,ES48062,PT,ES48062,22.6
2014,,,ES48062,PT,ES48062,20.1
2017,,,ES48062,PT,ES48062,28.8
2020,,,ES48062,PT,ES48062,24.8
2021,,,ES48062,PT,ES48062,30.3
2016,,,ES48062,PT,ES48062,26.4
2019,,,ES48062,PT,ES48062,27.9
2018,,,ES48062,PT,ES48062,25.7
2019,,,ES48063,PT,ES48063,7.8
2016,,,ES48063,PT,ES48063,7.0
2014,,,ES48063,PT,ES48063,8.4
2015,,,ES48063,PT,ES48063,8.5
2018,,,ES48063,PT,ES48063,6.0
2017,,,ES48063,PT,ES48063,7.0
2021,,,ES48063,PT,ES48063,9.6
2020,,,ES48063,PT,ES48063,9.5
2019,,,ES48064,PT,ES48064,6.0
2014,,,ES48064,PT,ES48064,5.0
2017,,,ES48064,PT,ES48064,6.5
2021,,,ES48064,PT,ES48064,8.0
2020,,,ES48064,PT,ES48064,6.5
2016,,,ES48064,PT,ES48064,6.5
2018,,,ES48064,PT,ES48064,6.2
2015,,,ES48064,PT,ES48064,4.9
2014,,,Moreda de Álava / Moreda Araba,PT,Moreda de Álava / Moreda Araba,30.7
2016,,,Moreda de Álava / Moreda Araba,PT,Moreda de Álava / Moreda Araba,34.7
2019,,,Moreda de Álava / Moreda Araba,PT,Moreda de Álava / Moreda Araba,31.2
2018,,,Moreda de Álava / Moreda Araba,PT,Moreda de Álava / Moreda Araba,35.5
2020,,,Moreda de Álava / Moreda Araba,PT,Moreda de Álava / Moreda Araba,23.3
2017,,,Moreda de Álava / Moreda Araba,PT,Moreda de Álava / Moreda Araba,33.0
2021,,,Moreda de Álava / Moreda Araba,PT,Moreda de Álava / Moreda Araba,22.5
2015,,,Moreda de Álava / Moreda Araba,PT,Moreda de Álava / Moreda Araba,28.1
2015,,,ES48066,PT,ES48066,15.8
2014,,,ES48066,PT,ES48066,14.2
2016,,,ES48066,PT,ES48066,17.7
2020,,,ES48066,PT,ES48066,18.2
2021,,,ES48066,PT,ES48066,19.6
2019,,,ES48066,PT,ES48066,12.1
2018,,,ES48066,PT,ES48066,13.5
2017,,,ES48066,PT,ES48066,16.9
2015,,,ES48068,PT,ES48068,1.0
2019,,,ES48068,PT,ES48068,0.5
2017,,,ES48068,PT,ES48068,0.6
2021,,,ES48068,PT,ES48068,0.5
2020,,,ES48068,PT,ES48068,0.5
2016,,,ES48068,PT,ES48068,1.1
2018,,,ES48068,PT,ES48068,0.6
2014,,,ES48068,PT,ES48068,1.1
2019,,,ES48069,PT,ES48069,0.4
2015,,,ES48069,PT,ES48069,0.6
2018,,,ES48069,PT,ES48069,0.4
2017,,,ES48069,PT,ES48069,0.4
2021,,,ES48069,PT,ES48069,0.4
2020,,,ES48069,PT,ES48069,0.4
2014,,,ES48069,PT,ES48069,0.5
2016,,,ES48069,PT,ES48069,0.5
2019,,,ES48007,PT,ES48007,12.2
2014,,,ES48007,PT,ES48007,9.0
2015,,,ES48007,PT,ES48007,9.5
2018,,,ES48007,PT,ES48007,10.0
2016,,,ES48007,PT,ES48007,11.0
2017,,,ES48007,PT,ES48007,10.3
2021,,,ES48007,PT,ES48007,17.7
2020,,,ES48007,PT,ES48007,11.1
2019,,,ES48908,PT,ES48908,3.9
2017,,,ES48908,PT,ES48908,5.1
2020,,,ES48908,PT,ES48908,9.2
2014,,,ES48908,PT,ES48908,3.6
2016,,,ES48908,PT,ES48908,4.8
2018,,,ES48908,PT,ES48908,4.1
2015,,,ES48908,PT,ES48908,3.9
2021,,,ES48908,PT,ES48908,4.0
2019,,,ES48071,PT,ES48071,0.2
2015,,,ES48071,PT,ES48071,0.2
2018,,,ES48071,PT,ES48071,0.2
2017,,,ES48071,PT,ES48071,0.2
2021,,,ES48071,PT,ES48071,0.2
2020,,,ES48071,PT,ES48071,0.4
2014,,,ES48071,PT,ES48071,0.6
2016,,,ES48071,PT,ES48071,0.2
2017,,,Mutiloa,PT,Mutiloa,12.6
2019,,,Mutiloa,PT,Mutiloa,6.9
2015,,,Mutiloa,PT,Mutiloa,9.2
2021,,,Mutiloa,PT,Mutiloa,10.5
2014,,,Mutiloa,PT,Mutiloa,9.2
2016,,,Mutiloa,PT,Mutiloa,10.7
2018,,,Mutiloa,PT,Mutiloa,6.4
2020,,,Mutiloa,PT,Mutiloa,7.3
2020,,,Mutriku,PT,Mutriku,2.4
2018,,,Mutriku,PT,Mutriku,2.2
2014,,,Mutriku,PT,Mutriku,1.9
2017,,,Mutriku,PT,Mutriku,2.2
2015,,,Mutriku,PT,Mutriku,1.9
2016,,,Mutriku,PT,Mutriku,2.1
2019,,,Mutriku,PT,Mutriku,2.3
2021,,,Mutriku,PT,Mutriku,2.4
2014,,,ES48067,PT,ES48067,6.4
2015,,,ES48067,PT,ES48067,7.3
2018,,,ES48067,PT,ES48067,6.7
2016,,,ES48067,PT,ES48067,7.6
2021,,,ES48067,PT,ES48067,8.5
2020,,,ES48067,PT,ES48067,7.7
2017,,,ES48067,PT,ES48067,7.3
2019,,,ES48067,PT,ES48067,7.8
2020,,,ES48909,PT,ES48909,13.0
2018,,,ES48909,PT,ES48909,11.2
2016,,,ES48909,PT,ES48909,12.0
2021,,,ES48909,PT,ES48909,17.0
2014,,,ES48909,PT,ES48909,9.7
2017,,,ES48909,PT,ES48909,11.7
2019,,,ES48909,PT,ES48909,12.3
2015,,,ES48909,PT,ES48909,10.7
2015,,,Navaridas,PT,Navaridas,32.6
2016,,,Navaridas,PT,Navaridas,36.2
2018,,,Navaridas,PT,Navaridas,38.9
2021,,,Navaridas,PT,Navaridas,36.2
2020,,,Navaridas,PT,Navaridas,33.8
2014,,,Navaridas,PT,Navaridas,25.1
2019,,,Navaridas,PT,Navaridas,35.4
2017,,,Navaridas,PT,Navaridas,34.4
2017,,,Oiartzun,PT,Oiartzun,0.3
2021,,,Oiartzun,PT,Oiartzun,0.3
2014,,,Oiartzun,PT,Oiartzun,0.4
2015,,,Oiartzun,PT,Oiartzun,0.4
2016,,,Oiartzun,PT,Oiartzun,0.3
2018,,,Oiartzun,PT,Oiartzun,0.2
2019,,,Oiartzun,PT,Oiartzun,0.3
2020,,,Oiartzun,PT,Oiartzun,0.2
2019,,,Okondo,PT,Okondo,3.7
2014,,,Okondo,PT,Okondo,5.2
2016,,,Okondo,PT,Okondo,5.0
2018,,,Okondo,PT,Okondo,4.7
2021,,,Okondo,PT,Okondo,7.3
2020,,,Okondo,PT,Okondo,4.0
2017,,,Okondo,PT,Okondo,5.1
2015,,,Okondo,PT,Okondo,4.3
2019,,,Olaberria,PT,Olaberria,0.2
2017,,,Olaberria,PT,Olaberria,0.3
2015,,,Olaberria,PT,Olaberria,0.2
2021,,,Olaberria,PT,Olaberria,0.2
2014,,,Olaberria,PT,Olaberria,0.2
2016,,,Olaberria,PT,Olaberria,0.2
2018,,,Olaberria,PT,Olaberria,0.2
2020,,,Olaberria,PT,Olaberria,0.2
2015,,,ES48073,PT,ES48073,15.8
2014,,,ES48073,PT,ES48073,12.3
2017,,,ES48073,PT,ES48073,15.5
2020,,,ES48073,PT,ES48073,11.2
2021,,,ES48073,PT,ES48073,9.0
2018,,,ES48073,PT,ES48073,13.2
2019,,,ES48073,PT,ES48073,15.4
2016,,,ES48073,PT,ES48073,16.0
2017,,,Oñati,PT,Oñati,0.8
2019,,,Oñati,PT,Oñati,0.6
2015,,,Oñati,PT,Oñati,0.6
2021,,,Oñati,PT,Oñati,0.7
2014,,,Oñati,PT,Oñati,0.7
2016,,,Oñati,PT,Oñati,0.7
2018,,,Oñati,PT,Oñati,0.5
2020,,,Oñati,PT,Oñati,0.6
2020,,,Ordizia,PT,Ordizia,0.1
2016,,,Ordizia,PT,Ordizia,0.1
2021,,,Ordizia,PT,Ordizia,0.1
2015,,,Ordizia,PT,Ordizia,0.1
2014,,,Ordizia,PT,Ordizia,0.1
2019,,,Ordizia,PT,Ordizia,0.1
2018,,,Ordizia,PT,Ordizia,0.1
2017,,,Ordizia,PT,Ordizia,0.1
2017,,,ES20905,PT,ES20905,16.2
2021,,,ES20905,PT,ES20905,13.6
2016,,,ES20905,PT,ES20905,16.7
2015,,,ES20905,PT,ES20905,15.1
2014,,,ES20905,PT,ES20905,17.7
2019,,,ES20905,PT,ES20905,13.6
2018,,,ES20905,PT,ES20905,12.8
2020,,,ES20905,PT,ES20905,14.6
2021,,,Orexa,PT,Orexa,11.1
2015,,,Orexa,PT,Orexa,10.2
2019,,,Orexa,PT,Orexa,9.4
2017,,,Orexa,PT,Orexa,14.8
2014,,,Orexa,PT,Orexa,7.3
2016,,,Orexa,PT,Orexa,12.6
2018,,,Orexa,PT,Orexa,12.8
2020,,,Orexa,PT,Orexa,9.8
2021,,,Orio,PT,Orio,4.3
2014,,,Orio,PT,Orio,4.3
2015,,,Orio,PT,Orio,4.6
2017,,,Orio,PT,Orio,6.9
2019,,,Orio,PT,Orio,5.7
2016,,,Orio,PT,Orio,5.2
2018,,,Orio,PT,Orio,6.9
2020,,,Orio,PT,Orio,3.3
2017,,,Ormaiztegi,PT,Ormaiztegi,0.3
2021,,,Ormaiztegi,PT,Ormaiztegi,0.6
2015,,,Ormaiztegi,PT,Ormaiztegi,0.3
2019,,,Ormaiztegi,PT,Ormaiztegi,0.3
2018,,,Ormaiztegi,PT,Ormaiztegi,0.2
2014,,,Ormaiztegi,PT,Ormaiztegi,0.3
2020,,,Ormaiztegi,PT,Ormaiztegi,0.4
2016,,,Ormaiztegi,PT,Ormaiztegi,0.3
2014,,,ES48075,PT,ES48075,2.2
2019,,,ES48075,PT,ES48075,1.6
2018,,,ES48075,PT,ES48075,1.5
2016,,,ES48075,PT,ES48075,2.2
2021,,,ES48075,PT,ES48075,3.1
2020,,,ES48075,PT,ES48075,2.1
2017,,,ES48075,PT,ES48075,2.0
2015,,,ES48075,PT,ES48075,2.3
2019,,,ES48083,PT,ES48083,0.1
2014,,,ES48083,PT,ES48083,0.1
2018,,,ES48083,PT,ES48083,0.1
2017,,,ES48083,PT,ES48083,0.1
2021,,,ES48083,PT,ES48083,0.1
2020,,,ES48083,PT,ES48083,0.1
2015,,,ES48083,PT,ES48083,0.1
2016,,,ES48083,PT,ES48083,0.1
2019,,,ES48072,PT,ES48072,0.7
2015,,,ES48072,PT,ES48072,0.9
2017,,,ES48072,PT,ES48072,0.8
2021,,,ES48072,PT,ES48072,0.9
2020,,,ES48072,PT,ES48072,0.8
2018,,,ES48072,PT,ES48072,0.7
2014,,,ES48072,PT,ES48072,0.9
2016,,,ES48072,PT,ES48072,0.8
2015,,,Oyón-Oion,PT,Oyón-Oion,4.4
2017,,,Oyón-Oion,PT,Oyón-Oion,6.3
2019,,,Oyón-Oion,PT,Oyón-Oion,7.7
2014,,,Oyón-Oion,PT,Oyón-Oion,3.2
2016,,,Oyón-Oion,PT,Oyón-Oion,5.3
2018,,,Oyón-Oion,PT,Oyón-Oion,8.1
2021,,,Oyón-Oion,PT,Oyón-Oion,7.0
2020,,,Oyón-Oion,PT,Oyón-Oion,6.0
2018,,,Pasaia,PT,Pasaia,2.3
2019,,,Pasaia,PT,Pasaia,3.5
2020,,,Pasaia,PT,Pasaia,3.1
2021,,,Pasaia,PT,Pasaia,2.4
2017,,,Pasaia,PT,Pasaia,1.9
2014,,,Pasaia,PT,Pasaia,2.1
2015,,,Pasaia,PT,Pasaia,2.2
2016,,,Pasaia,PT,Pasaia,2.2
2016,,,Peñacerrada-Urizaharra,PT,Peñacerrada-Urizaharra,28.3
2019,,,Peñacerrada-Urizaharra,PT,Peñacerrada-Urizaharra,29.8
2017,,,Peñacerrada-Urizaharra,PT,Peñacerrada-Urizaharra,27.2
2014,,,Peñacerrada-Urizaharra,PT,Peñacerrada-Urizaharra,26.8
2021,,,Peñacerrada-Urizaharra,PT,Peñacerrada-Urizaharra,36.8
2018,,,Peñacerrada-Urizaharra,PT,Peñacerrada-Urizaharra,28.6
2020,,,Peñacerrada-Urizaharra,PT,Peñacerrada-Urizaharra,30.7
2015,,,Peñacerrada-Urizaharra,PT,Peñacerrada-Urizaharra,25.9
2015,,,ES48077,PT,ES48077,2.3
2019,,,ES48077,PT,ES48077,1.1
2018,,,ES48077,PT,ES48077,1.3
2017,,,ES48077,PT,ES48077,1.3
2016,,,ES48077,PT,ES48077,1.8
2021,,,ES48077,PT,ES48077,1.4
2020,,,ES48077,PT,ES48077,1.4
2014,,,ES48077,PT,ES48077,2.2
2014,,,ES48078,PT,ES48078,0.0
2015,,,ES48078,PT,ES48078,0.0
2018,,,ES48078,PT,ES48078,0.0
2017,,,ES48078,PT,ES48078,0.0
2016,,,ES48078,PT,ES48078,0.0
2021,,,ES48078,PT,ES48078,0.0
2020,,,ES48078,PT,ES48078,0.0
2019,,,ES48078,PT,ES48078,0.0
2019,,,Ribera Baja / Erriberabeitia,PT,Ribera Baja / Erriberabeitia,1.5
2014,,,Ribera Baja / Erriberabeitia,PT,Ribera Baja / Erriberabeitia,1.2
2016,,,Ribera Baja / Erriberabeitia,PT,Ribera Baja / Erriberabeitia,1.4
2021,,,Ribera Baja / Erriberabeitia,PT,Ribera Baja / Erriberabeitia,1.5
2018,,,Ribera Baja / Erriberabeitia,PT,Ribera Baja / Erriberabeitia,1.7
2020,,,Ribera Baja / Erriberabeitia,PT,Ribera Baja / Erriberabeitia,1.3
2015,,,Ribera Baja / Erriberabeitia,PT,Ribera Baja / Erriberabeitia,1.2
2017,,,Ribera Baja / Erriberabeitia,PT,Ribera Baja / Erriberabeitia,1.5
2015,,,Samaniego,PT,Samaniego,17.6
2019,,,Samaniego,PT,Samaniego,17.6
2016,,,Samaniego,PT,Samaniego,20.7
2017,,,Samaniego,PT,Samaniego,19.0
2014,,,Samaniego,PT,Samaniego,12.6
2018,,,Samaniego,PT,Samaniego,21.0
2020,,,Samaniego,PT,Samaniego,12.8
2021,,,Samaniego,PT,Samaniego,13.7
2014,,,San Millán / Donemiliaga,PT,San Millán / Donemiliaga,20.1
2021,,,San Millán / Donemiliaga,PT,San Millán / Donemiliaga,18.8
2017,,,San Millán / Donemiliaga,PT,San Millán / Donemiliaga,20.6
2018,,,San Millán / Donemiliaga,PT,San Millán / Donemiliaga,21.6
2016,,,San Millán / Donemiliaga,PT,San Millán / Donemiliaga,21.4
2019,,,San Millán / Donemiliaga,PT,San Millán / Donemiliaga,18.3
2015,,,San Millán / Donemiliaga,PT,San Millán / Donemiliaga,20.8
2020,,,San Millán / Donemiliaga,PT,San Millán / Donemiliaga,17.9
2014,,,ES48082,PT,ES48082,0.2
2015,,,ES48082,PT,ES48082,0.1
2018,,,ES48082,PT,ES48082,0.2
2017,,,ES48082,PT,ES48082,0.1
2016,,,ES48082,PT,ES48082,0.2
2021,,,ES48082,PT,ES48082,0.2
2020,,,ES48082,PT,ES48082,0.3
2019,,,ES48082,PT,ES48082,0.2
2016,,,Segura,PT,Segura,2.1
2015,,,Segura,PT,Segura,2.5
2017,,,Segura,PT,Segura,2.6
2018,,,Segura,PT,Segura,2.1
2019,,,Segura,PT,Segura,2.6
2020,,,Segura,PT,Segura,2.5
2014,,,Segura,PT,Segura,2.4
2021,,,Segura,PT,Segura,3.1
2019,,,ES48084,PT,ES48084,0.0
2015,,,ES48084,PT,ES48084,0.0
2018,,,ES48084,PT,ES48084,0.0
2017,,,ES48084,PT,ES48084,0.0
2016,,,ES48084,PT,ES48084,0.0
2021,,,ES48084,PT,ES48084,0.0
2020,,,ES48084,PT,ES48084,0.0
2014,,,ES48084,PT,ES48084,0.0
2018,,,ES48904,PT,ES48904,0.1
2021,,,ES48904,PT,ES48904,0.1
2016,,,ES48904,PT,ES48904,0.1
2019,,,ES48904,PT,ES48904,0.1
2015,,,ES48904,PT,ES48904,0.1
2014,,,ES48904,PT,ES48904,0.1
2020,,,ES48904,PT,ES48904,0.1
2017,,,ES48904,PT,ES48904,0.1
2015,,,ES48085,PT,ES48085,0.7
2019,,,ES48085,PT,ES48085,0.3
2018,,,ES48085,PT,ES48085,0.3
2017,,,ES48085,PT,ES48085,0.4
2016,,,ES48085,PT,ES48085,0.5
2021,,,ES48085,PT,ES48085,0.2
2020,,,ES48085,PT,ES48085,0.2
2014,,,ES48085,PT,ES48085,0.7
2014,,,ES48086,PT,ES48086,4.3
2015,,,ES48086,PT,ES48086,3.1
2018,,,ES48086,PT,ES48086,3.6
2017,,,ES48086,PT,ES48086,3.7
2016,,,ES48086,PT,ES48086,3.4
2020,,,ES48086,PT,ES48086,3.6
2021,,,ES48086,PT,ES48086,5.2
2019,,,ES48086,PT,ES48086,3.9
2014,,,Soraluze-Placencia de las Armas,PT,Soraluze-Placencia de las Armas,0.4
2016,,,Soraluze-Placencia de las Armas,PT,Soraluze-Placencia de las Armas,0.5
2018,,,Soraluze-Placencia de las Armas,PT,Soraluze-Placencia de las Armas,0.5
2020,,,Soraluze-Placencia de las Armas,PT,Soraluze-Placencia de las Armas,0.7
2019,,,Soraluze-Placencia de las Armas,PT,Soraluze-Placencia de las Armas,0.7
2015,,,Soraluze-Placencia de las Armas,PT,Soraluze-Placencia de las Armas,0.5
2017,,,Soraluze-Placencia de las Armas,PT,Soraluze-Placencia de las Armas,0.7
2021,,,Soraluze-Placencia de las Armas,PT,Soraluze-Placencia de las Armas,0.8
2019,,,ES48076,PT,ES48076,1.0
2015,,,ES48076,PT,ES48076,0.4
2018,,,ES48076,PT,ES48076,0.8
2017,,,ES48076,PT,ES48076,0.9
2016,,,ES48076,PT,ES48076,0.6
2020,,,ES48076,PT,ES48076,1.0
2021,,,ES48076,PT,ES48076,1.2
2014,,,ES48076,PT,ES48076,0.4
2017,,,Tolosa,PT,Tolosa,0.3
2020,,,Tolosa,PT,Tolosa,0.3
2015,,,Tolosa,PT,Tolosa,0.4
2019,,,Tolosa,PT,Tolosa,0.3
2014,,,Tolosa,PT,Tolosa,0.4
2016,,,Tolosa,PT,Tolosa,0.3
2018,,,Tolosa,PT,Tolosa,0.3
2021,,,Tolosa,PT,Tolosa,0.3
2019,,,ES48087,PT,ES48087,12.2
2014,,,ES48087,PT,ES48087,9.3
2018,,,ES48087,PT,ES48087,10.9
2016,,,ES48087,PT,ES48087,9.2
2017,,,ES48087,PT,ES48087,10.2
2020,,,ES48087,PT,ES48087,12.4
2021,,,ES48087,PT,ES48087,14.0
2015,,,ES48087,PT,ES48087,7.7
2019,,,ES48088,PT,ES48088,3.9
2015,,,ES48088,PT,ES48088,2.9
2018,,,ES48088,PT,ES48088,3.2
2016,,,ES48088,PT,ES48088,3.4
2017,,,ES48088,PT,ES48088,3.2
2021,,,ES48088,PT,ES48088,4.7
2020,,,ES48088,PT,ES48088,4.3
2014,,,ES48088,PT,ES48088,3.5
2019,,,ES48065,PT,ES48065,0.3
2015,,,ES48065,PT,ES48065,0.3
2018,,,ES48065,PT,ES48065,0.3
2017,,,ES48065,PT,ES48065,0.3
2016,,,ES48065,PT,ES48065,0.3
2020,,,ES48065,PT,ES48065,0.3
2021,,,ES48065,PT,ES48065,0.3
2014,,,ES48065,PT,ES48065,0.2
2015,,,ES48089,PT,ES48089,0.3
2014,,,ES48089,PT,ES48089,0.3
2018,,,ES48089,PT,ES48089,0.2
2017,,,ES48089,PT,ES48089,0.3
2016,,,ES48089,PT,ES48089,0.5
2021,,,ES48089,PT,ES48089,0.2
2020,,,ES48089,PT,ES48089,0.2
2019,,,ES48089,PT,ES48089,0.2
2014,,,ES48074,PT,ES48074,3.5
2019,,,ES48074,PT,ES48074,4.0
2015,,,ES48074,PT,ES48074,3.1
2018,,,ES48074,PT,ES48074,3.5
2017,,,ES48074,PT,ES48074,3.9
2016,,,ES48074,PT,ES48074,3.5
2021,,,ES48074,PT,ES48074,4.2
2020,,,ES48074,PT,ES48074,4.5
2015,,,Urkabustaiz,PT,Urkabustaiz,6.2
2014,,,Urkabustaiz,PT,Urkabustaiz,8.7
2017,,,Urkabustaiz,PT,Urkabustaiz,5.7
2019,,,Urkabustaiz,PT,Urkabustaiz,4.2
2016,,,Urkabustaiz,PT,Urkabustaiz,5.4
2021,,,Urkabustaiz,PT,Urkabustaiz,3.4
2018,,,Urkabustaiz,PT,Urkabustaiz,6.2
2020,,,Urkabustaiz,PT,Urkabustaiz,3.8
2020,,,Urnieta,PT,Urnieta,0.5
2021,,,Urnieta,PT,Urnieta,0.5
2018,,,Urnieta,PT,Urnieta,0.4
2016,,,Urnieta,PT,Urnieta,0.5
2014,,,Urnieta,PT,Urnieta,0.5
2019,,,Urnieta,PT,Urnieta,0.5
2015,,,Urnieta,PT,Urnieta,0.6
2017,,,Urnieta,PT,Urnieta,0.5
2021,,,Urretxu,PT,Urretxu,0.3
2020,,,Urretxu,PT,Urretxu,0.3
2016,,,Urretxu,PT,Urretxu,0.3
2015,,,Urretxu,PT,Urretxu,0.2
2014,,,Urretxu,PT,Urretxu,0.2
2019,,,Urretxu,PT,Urretxu,0.3
2018,,,Urretxu,PT,Urretxu,0.2
2017,,,Urretxu,PT,Urretxu,0.3
2020,,,Usurbil,PT,Usurbil,0.5
2016,,,Usurbil,PT,Usurbil,0.5
2014,,,Usurbil,PT,Usurbil,0.4
2018,,,Usurbil,PT,Usurbil,0.5
2021,,,Usurbil,PT,Usurbil,0.6
2015,,,Usurbil,PT,Usurbil,0.6
2019,,,Usurbil,PT,Usurbil,0.5
2017,,,Usurbil,PT,Usurbil,0.6
2019,,,Valdegovía / Gaubea,PT,Valdegovía / Gaubea,18.4
2016,,,Valdegovía / Gaubea,PT,Valdegovía / Gaubea,17.2
2014,,,Valdegovía / Gaubea,PT,Valdegovía / Gaubea,20.6
2015,,,Valdegovía / Gaubea,PT,Valdegovía / Gaubea,17.9
2017,,,Valdegovía / Gaubea,PT,Valdegovía / Gaubea,17.0
2021,,,Valdegovía / Gaubea,PT,Valdegovía / Gaubea,20.0
2018,,,Valdegovía / Gaubea,PT,Valdegovía / Gaubea,17.8
2020,,,Valdegovía / Gaubea,PT,Valdegovía / Gaubea,17.3
2019,,,ES48080,PT,ES48080,0.0
2014,,,ES48080,PT,ES48080,0.1
2015,,,ES48080,PT,ES48080,0.0
2018,,,ES48080,PT,ES48080,0.0
2017,,,ES48080,PT,ES48080,0.1
2016,,,ES48080,PT,ES48080,0.0
2021,,,ES48080,PT,ES48080,0.0
2020,,,ES48080,PT,ES48080,0.0
2017,,,Villabona,PT,Villabona,0.6
2021,,,Villabona,PT,Villabona,0.5
2020,,,Villabona,PT,Villabona,0.5
2016,,,Villabona,PT,Villabona,0.5
2014,,,Villabona,PT,Villabona,0.5
2015,,,Villabona,PT,Villabona,0.5
2019,,,Villabona,PT,Villabona,0.5
2018,,,Villabona,PT,Villabona,0.4
2014,,,Villabuena de Álava / Eskuernaga,PT,Villabuena de Álava / Eskuernaga,10.2
2015,,,Villabuena de Álava / Eskuernaga,PT,Villabuena de Álava / Eskuernaga,13.9
2019,,,Villabuena de Álava / Eskuernaga,PT,Villabuena de Álava / Eskuernaga,12.4
2016,,,Villabuena de Álava / Eskuernaga,PT,Villabuena de Álava / Eskuernaga,13.9
2020,,,Villabuena de Álava / Eskuernaga,PT,Villabuena de Álava / Eskuernaga,13.2
2017,,,Villabuena de Álava / Eskuernaga,PT,Villabuena de Álava / Eskuernaga,12.5
2021,,,Villabuena de Álava / Eskuernaga,PT,Villabuena de Álava / Eskuernaga,13.7
2018,,,Villabuena de Álava / Eskuernaga,PT,Villabuena de Álava / Eskuernaga,14.6
2019,,,Vitoria-Gasteiz,PT,Vitoria-Gasteiz,0.2
2018,,,Vitoria-Gasteiz,PT,Vitoria-Gasteiz,0.2
2015,,,Vitoria-Gasteiz,PT,Vitoria-Gasteiz,0.2
2017,,,Vitoria-Gasteiz,PT,Vitoria-Gasteiz,0.2
2014,,,Vitoria-Gasteiz,PT,Vitoria-Gasteiz,0.2
2016,,,Vitoria-Gasteiz,PT,Vitoria-Gasteiz,0.2
2021,,,Vitoria-Gasteiz,PT,Vitoria-Gasteiz,0.2
2020,,,Vitoria-Gasteiz,PT,Vitoria-Gasteiz,0.2
2019,,,Yécora / Iekora,PT,Yécora / Iekora,56.9
2015,,,Yécora / Iekora,PT,Yécora / Iekora,42.1
2017,,,Yécora / Iekora,PT,Yécora / Iekora,52.7
2014,,,Yécora / Iekora,PT,Yécora / Iekora,37.0
2016,,,Yécora / Iekora,PT,Yécora / Iekora,47.5
2021,,,Yécora / Iekora,PT,Yécora / Iekora,62.6
2018,,,Yécora / Iekora,PT,Yécora / Iekora,59.6
2020,,,Yécora / Iekora,PT,Yécora / Iekora,54.2
2017,,,ES48095,PT,ES48095,0.4
2020,,,ES48095,PT,ES48095,0.5
2019,,,ES48095,PT,ES48095,0.4
2015,,,ES48095,PT,ES48095,0.5
2021,,,ES48095,PT,ES48095,0.5
2014,,,ES48095,PT,ES48095,0.5
2016,,,ES48095,PT,ES48095,0.5
2018,,,ES48095,PT,ES48095,0.4
2021,,,Zaldibia,PT,Zaldibia,3.0
2016,,,Zaldibia,PT,Zaldibia,2.5
2015,,,Zaldibia,PT,Zaldibia,2.5
2014,,,Zaldibia,PT,Zaldibia,2.2
2018,,,Zaldibia,PT,Zaldibia,2.5
2019,,,Zaldibia,PT,Zaldibia,2.9
2017,,,Zaldibia,PT,Zaldibia,3.1
2020,,,Zaldibia,PT,Zaldibia,2.8
2015,,,Zalduondo,PT,Zalduondo,26.6
2019,,,Zalduondo,PT,Zalduondo,23.2
2017,,,Zalduondo,PT,Zalduondo,21.6
2014,,,Zalduondo,PT,Zalduondo,29.0
2016,,,Zalduondo,PT,Zalduondo,24.5
2021,,,Zalduondo,PT,Zalduondo,25.9
2018,,,Zalduondo,PT,Zalduondo,24.4
2020,,,Zalduondo,PT,Zalduondo,21.4
2016,,,ES48096,PT,ES48096,1.1
2014,,,ES48096,PT,ES48096,1.0
2018,,,ES48096,PT,ES48096,0.9
2020,,,ES48096,PT,ES48096,0.9
2019,,,ES48096,PT,ES48096,0.9
2017,,,ES48096,PT,ES48096,1.0
2015,,,ES48096,PT,ES48096,1.2
2021,,,ES48096,PT,ES48096,1.2
2019,,,Zambrana,PT,Zambrana,18.7
2015,,,Zambrana,PT,Zambrana,30.0
2018,,,Zambrana,PT,Zambrana,20.6
2020,,,Zambrana,PT,Zambrana,14.5
2017,,,Zambrana,PT,Zambrana,21.9
2021,,,Zambrana,PT,Zambrana,14.5
2014,,,Zambrana,PT,Zambrana,27.3
2016,,,Zambrana,PT,Zambrana,25.8
2021,,,ES48905,PT,ES48905,0.1
2017,,,ES48905,PT,ES48905,0.1
2016,,,ES48905,PT,ES48905,0.1
2020,,,ES48905,PT,ES48905,0.1
2018,,,ES48905,PT,ES48905,0.1
2015,,,ES48905,PT,ES48905,0.1
2014,,,ES48905,PT,ES48905,0.1
2019,,,ES48905,PT,ES48905,0.1
2020,,,ES48097,PT,ES48097,1.1
2018,,,ES48097,PT,ES48097,1.0
2016,,,ES48097,PT,ES48097,1.3
2014,,,ES48097,PT,ES48097,1.2
2019,,,ES48097,PT,ES48097,1.1
2017,,,ES48097,PT,ES48097,1.2
2015,,,ES48097,PT,ES48097,1.1
2021,,,ES48097,PT,ES48097,1.1
2020,,,Zarautz,PT,Zarautz,0.5
2021,,,Zarautz,PT,Zarautz,0.5
2016,,,Zarautz,PT,Zarautz,0.4
2015,,,Zarautz,PT,Zarautz,0.5
2014,,,Zarautz,PT,Zarautz,0.4
2018,,,Zarautz,PT,Zarautz,0.4
2019,,,Zarautz,PT,Zarautz,0.4
2017,,,Zarautz,PT,Zarautz,0.5
2019,,,ES48024,PT,ES48024,7.3
2015,,,ES48024,PT,ES48024,9.0
2014,,,ES48024,PT,ES48024,6.1
2018,,,ES48024,PT,ES48024,6.4
2017,,,ES48024,PT,ES48024,7.3
2016,,,ES48024,PT,ES48024,9.0
2021,,,ES48024,PT,ES48024,10.0
2020,,,ES48024,PT,ES48024,7.8
2019,,,ES48025,PT,ES48025,11.5
2014,,,ES48025,PT,ES48025,11.3
2015,,,ES48025,PT,ES48025,10.7
2018,,,ES48025,PT,ES48025,9.9
2017,,,ES48025,PT,ES48025,10.0
2016,,,ES48025,PT,ES48025,11.8
2020,,,ES48025,PT,ES48025,11.3
2021,,,ES48025,PT,ES48025,15.6
2019,,,Zegama,PT,Zegama,3.4
2017,,,Zegama,PT,Zegama,3.6
2015,,,Zegama,PT,Zegama,3.7
2021,,,Zegama,PT,Zegama,4.1
2014,,,Zegama,PT,Zegama,3.2
2016,,,Zegama,PT,Zegama,3.0
2018,,,Zegama,PT,Zegama,2.4
2020,,,Zegama,PT,Zegama,3.1
2020,,,Zerain,PT,Zerain,7.1
2019,,,Zerain,PT,Zerain,7.4
2015,,,Zerain,PT,Zerain,9.8
2021,,,Zerain,PT,Zerain,7.9
2014,,,Zerain,PT,Zerain,10.8
2016,,,Zerain,PT,Zerain,8.4
2018,,,Zerain,PT,Zerain,8.1
2017,,,Zerain,PT,Zerain,8.9
2017,,,Zestoa,PT,Zestoa,1.8
2015,,,Zestoa,PT,Zestoa,1.4
2021,,,Zestoa,PT,Zestoa,1.7
2014,,,Zestoa,PT,Zestoa,1.5
2016,,,Zestoa,PT,Zestoa,1.6
2018,,,Zestoa,PT,Zestoa,1.5
2020,,,Zestoa,PT,Zestoa,1.4
2019,,,Zestoa,PT,Zestoa,1.7
2017,,,ES48913,PT,ES48913,0.5
2019,,,ES48913,PT,ES48913,0.8
2021,,,ES48913,PT,ES48913,0.7
2020,,,ES48913,PT,ES48913,0.7
2018,,,ES48913,PT,ES48913,0.4
2016,,,ES48913,PT,ES48913,0.6
2015,,,ES48913,PT,ES48913,0.5
2014,,,ES48913,PT,ES48913,0.5
2019,,,Zigoitia,PT,Zigoitia,2.6
2020,,,Zigoitia,PT,Zigoitia,2.9
2015,,,Zigoitia,PT,Zigoitia,2.4
2021,,,Zigoitia,PT,Zigoitia,3.2
2016,,,Zigoitia,PT,Zigoitia,2.6
2014,,,Zigoitia,PT,Zigoitia,4.0
2018,,,Zigoitia,PT,Zigoitia,3.2
2017,,,Zigoitia,PT,Zigoitia,3.0
2015,,,ES48915,PT,ES48915,6.3
2021,,,ES48915,PT,ES48915,11.6
2016,,,ES48915,PT,ES48915,6.5
2018,,,ES48915,PT,ES48915,7.1
2020,,,ES48915,PT,ES48915,10.3
2014,,,ES48915,PT,ES48915,6.6
2019,,,ES48915,PT,ES48915,8.3
2017,,,ES48915,PT,ES48915,7.0
2017,,,Zizurkil,PT,Zizurkil,1.1
2019,,,Zizurkil,PT,Zizurkil,1.0
2015,,,Zizurkil,PT,Zizurkil,1.1
2021,,,Zizurkil,PT,Zizurkil,0.9
2014,,,Zizurkil,PT,Zizurkil,1.1
2016,,,Zizurkil,PT,Zizurkil,1.0
2018,,,Zizurkil,PT,Zizurkil,0.8
2020,,,Zizurkil,PT,Zizurkil,0.9
2015,,,Zuia,PT,Zuia,3.5
2019,,,Zuia,PT,Zuia,2.9
2017,,,Zuia,PT,Zuia,3.7
2014,,,Zuia,PT,Zuia,5.2
2016,,,Zuia,PT,Zuia,3.5
2021,,,Zuia,PT,Zuia,3.0
2018,,,Zuia,PT,Zuia,4.3
2020,,,Zuia,PT,Zuia,2.9
2020,,,Zumaia,PT,Zumaia,0.3
2016,,,Zumaia,PT,Zumaia,0.3
2015,,,Zumaia,PT,Zumaia,0.3
2014,,,Zumaia,PT,Zumaia,0.2
2019,,,Zumaia,PT,Zumaia,0.3
2018,,,Zumaia,PT,Zumaia,0.3
2017,,,Zumaia,PT,Zumaia,0.4
2021,,,Zumaia,PT,Zumaia,0.4
2020,,,Zumarraga,PT,Zumarraga,0.3
2021,,,Zumarraga,PT,Zumarraga,0.4
2016,,,Zumarraga,PT,Zumarraga,0.3
2015,,,Zumarraga,PT,Zumarraga,0.3
2014,,,Zumarraga,PT,Zumarraga,0.2
2019,,,Zumarraga,PT,Zumarraga,0.4
2018,,,Zumarraga,PT,Zumarraga,0.3
2017,,,Zumarraga,PT,Zumarraga,0.4
2018,,Añana (eskualdea),,PT,Añana (eskualdea),6.3
2014,,Añana (eskualdea),,PT,Añana (eskualdea),7.3
2017,,Añana (eskualdea),,PT,Añana (eskualdea),6.1
2019,,Añana (eskualdea),,PT,Añana (eskualdea),5.8
2015,,Añana (eskualdea),,PT,Añana (eskualdea),6.7
2016,,Añana (eskualdea),,PT,Añana (eskualdea),6.4
2021,,Añana (eskualdea),,PT,Añana (eskualdea),6.6
2020,,Añana (eskualdea),,PT,Añana (eskualdea),5.7
2017,,Arabako Errioxa / Rioja Alavesa,,PT,Arabako Errioxa / Rioja Alavesa,11.3
2015,,Arabako Errioxa / Rioja Alavesa,,PT,Arabako Errioxa / Rioja Alavesa,10.3
2021,,Arabako Errioxa / Rioja Alavesa,,PT,Arabako Errioxa / Rioja Alavesa,10.7
2020,,Arabako Errioxa / Rioja Alavesa,,PT,Arabako Errioxa / Rioja Alavesa,10.0
2018,,Arabako Errioxa / Rioja Alavesa,,PT,Arabako Errioxa / Rioja Alavesa,13.3
2019,,Arabako Errioxa / Rioja Alavesa,,PT,Arabako Errioxa / Rioja Alavesa,11.4
2016,,Arabako Errioxa / Rioja Alavesa,,PT,Arabako Errioxa / Rioja Alavesa,11.3
2014,,Arabako Errioxa / Rioja Alavesa,,PT,Arabako Errioxa / Rioja Alavesa,8.0
2016,,Arabako Kantaurialdea / Cantábrica Alavesa,,PT,Arabako Kantaurialdea / Cantábrica Alavesa,1.1
2014,,Arabako Kantaurialdea / Cantábrica Alavesa,,PT,Arabako Kantaurialdea / Cantábrica Alavesa,1.5
2019,,Arabako Kantaurialdea / Cantábrica Alavesa,,PT,Arabako Kantaurialdea / Cantábrica Alavesa,0.8
2018,,Arabako Kantaurialdea / Cantábrica Alavesa,,PT,Arabako Kantaurialdea / Cantábrica Alavesa,1.1
2021,,Arabako Kantaurialdea / Cantábrica Alavesa,,PT,Arabako Kantaurialdea / Cantábrica Alavesa,1.3
2015,,Arabako Kantaurialdea / Cantábrica Alavesa,,PT,Arabako Kantaurialdea / Cantábrica Alavesa,1.2
2017,,Arabako Kantaurialdea / Cantábrica Alavesa,,PT,Arabako Kantaurialdea / Cantábrica Alavesa,1.2
2020,,Arabako Kantaurialdea / Cantábrica Alavesa,,PT,Arabako Kantaurialdea / Cantábrica Alavesa,0.8
2015,,Arabako Lautada / Llanada Alavesa,,PT,Arabako Lautada / Llanada Alavesa,0.5
2016,,Arabako Lautada / Llanada Alavesa,,PT,Arabako Lautada / Llanada Alavesa,0.5
2017,,Arabako Lautada / Llanada Alavesa,,PT,Arabako Lautada / Llanada Alavesa,0.4
2021,,Arabako Lautada / Llanada Alavesa,,PT,Arabako Lautada / Llanada Alavesa,0.4
2018,,Arabako Lautada / Llanada Alavesa,,PT,Arabako Lautada / Llanada Alavesa,0.4
2014,,Arabako Lautada / Llanada Alavesa,,PT,Arabako Lautada / Llanada Alavesa,0.5
2020,,Arabako Lautada / Llanada Alavesa,,PT,Arabako Lautada / Llanada Alavesa,0.4
2019,,Arabako Lautada / Llanada Alavesa,,PT,Arabako Lautada / Llanada Alavesa,0.4
2016,,Arabako Mendialdea / Montaña Alavesa,,PT,Arabako Mendialdea / Montaña Alavesa,11.3
2020,,Arabako Mendialdea / Montaña Alavesa,,PT,Arabako Mendialdea / Montaña Alavesa,9.0
2017,,Arabako Mendialdea / Montaña Alavesa,,PT,Arabako Mendialdea / Montaña Alavesa,10.8
2019,,Arabako Mendialdea / Montaña Alavesa,,PT,Arabako Mendialdea / Montaña Alavesa,10.2
2014,,Arabako Mendialdea / Montaña Alavesa,,PT,Arabako Mendialdea / Montaña Alavesa,10.8
2015,,Arabako Mendialdea / Montaña Alavesa,,PT,Arabako Mendialdea / Montaña Alavesa,11.0
2021,,Arabako Mendialdea / Montaña Alavesa,,PT,Arabako Mendialdea / Montaña Alavesa,11.3
2018,,Arabako Mendialdea / Montaña Alavesa,,PT,Arabako Mendialdea / Montaña Alavesa,11.2
2019,,Arratia Nerbioi / Arratia-Nervión,,PT,Arratia Nerbioi / Arratia-Nervión,2.0
2017,,Arratia Nerbioi / Arratia-Nervión,,PT,Arratia Nerbioi / Arratia-Nervión,2.0
2016,,Arratia Nerbioi / Arratia-Nervión,,PT,Arratia Nerbioi / Arratia-Nervión,2.2
2015,,Arratia Nerbioi / Arratia-Nervión,,PT,Arratia Nerbioi / Arratia-Nervión,2.0
2014,,Arratia Nerbioi / Arratia-Nervión,,PT,Arratia Nerbioi / Arratia-Nervión,1.9
2020,,Arratia Nerbioi / Arratia-Nervión,,PT,Arratia Nerbioi / Arratia-Nervión,2.2
2021,,Arratia Nerbioi / Arratia-Nervión,,PT,Arratia Nerbioi / Arratia-Nervión,2.8
2018,,Arratia Nerbioi / Arratia-Nervión,,PT,Arratia Nerbioi / Arratia-Nervión,1.8
2020,,Bidasoa Beherea / Bajo Bidasoa,,PT,Bidasoa Beherea / Bajo Bidasoa,0.9
2015,,Bidasoa Beherea / Bajo Bidasoa,,PT,Bidasoa Beherea / Bajo Bidasoa,1.0
2016,,Bidasoa Beherea / Bajo Bidasoa,,PT,Bidasoa Beherea / Bajo Bidasoa,0.9
2019,,Bidasoa Beherea / Bajo Bidasoa,,PT,Bidasoa Beherea / Bajo Bidasoa,1.2
2017,,Bidasoa Beherea / Bajo Bidasoa,,PT,Bidasoa Beherea / Bajo Bidasoa,1.2
2018,,Bidasoa Beherea / Bajo Bidasoa,,PT,Bidasoa Beherea / Bajo Bidasoa,1.2
2021,,Bidasoa Beherea / Bajo Bidasoa,,PT,Bidasoa Beherea / Bajo Bidasoa,1.0
2014,,Bidasoa Beherea / Bajo Bidasoa,,PT,Bidasoa Beherea / Bajo Bidasoa,0.9
2017,,Bilbo Handia / Gran Bilbao,,PT,Bilbo Handia / Gran Bilbao,0.1
2019,,Bilbo Handia / Gran Bilbao,,PT,Bilbo Handia / Gran Bilbao,0.1
2016,,Bilbo Handia / Gran Bilbao,,PT,Bilbo Handia / Gran Bilbao,0.1
2020,,Bilbo Handia / Gran Bilbao,,PT,Bilbo Handia / Gran Bilbao,0.1
2021,,Bilbo Handia / Gran Bilbao,,PT,Bilbo Handia / Gran Bilbao,0.1
2015,,Bilbo Handia / Gran Bilbao,,PT,Bilbo Handia / Gran Bilbao,0.1
2018,,Bilbo Handia / Gran Bilbao,,PT,Bilbo Handia / Gran Bilbao,0.1
2014,,Bilbo Handia / Gran Bilbao,,PT,Bilbo Handia / Gran Bilbao,0.1
2015,,Debabarrena / Bajo Deba,,PT,Debabarrena / Bajo Deba,0.4
2014,,Debabarrena / Bajo Deba,,PT,Debabarrena / Bajo Deba,0.4
2020,,Debabarrena / Bajo Deba,,PT,Debabarrena / Bajo Deba,0.5
2021,,Debabarrena / Bajo Deba,,PT,Debabarrena / Bajo Deba,0.6
2019,,Debabarrena / Bajo Deba,,PT,Debabarrena / Bajo Deba,0.5
2018,,Debabarrena / Bajo Deba,,PT,Debabarrena / Bajo Deba,0.4
2017,,Debabarrena / Bajo Deba,,PT,Debabarrena / Bajo Deba,0.5
2016,,Debabarrena / Bajo Deba,,PT,Debabarrena / Bajo Deba,0.4
2016,,Debagoiena / Alto Deba,,PT,Debagoiena / Alto Deba,0.5
2018,,Debagoiena / Alto Deba,,PT,Debagoiena / Alto Deba,0.4
2014,,Debagoiena / Alto Deba,,PT,Debagoiena / Alto Deba,0.4
2017,,Debagoiena / Alto Deba,,PT,Debagoiena / Alto Deba,0.6
2015,,Debagoiena / Alto Deba,,PT,Debagoiena / Alto Deba,0.5
2020,,Debagoiena / Alto Deba,,PT,Debagoiena / Alto Deba,0.5
2021,,Debagoiena / Alto Deba,,PT,Debagoiena / Alto Deba,0.5
2019,,Debagoiena / Alto Deba,,PT,Debagoiena / Alto Deba,0.5
2016,,Donostialdea,,PT,Donostialdea,0.2
2017,,Donostialdea,,PT,Donostialdea,0.2
2015,,Donostialdea,,PT,Donostialdea,0.2
2020,,Donostialdea,,PT,Donostialdea,0.2
2019,,Donostialdea,,PT,Donostialdea,0.2
2021,,Donostialdea,,PT,Donostialdea,0.2
2018,,Donostialdea,,PT,Donostialdea,0.2
2014,,Donostialdea,,PT,Donostialdea,0.2
2014,,Durangaldea / Duranguesado,,PT,Durangaldea / Duranguesado,0.3
2018,,Durangaldea / Duranguesado,,PT,Durangaldea / Duranguesado,0.3
2019,,Durangaldea / Duranguesado,,PT,Durangaldea / Duranguesado,0.4
2016,,Durangaldea / Duranguesado,,PT,Durangaldea / Duranguesado,0.4
2015,,Durangaldea / Duranguesado,,PT,Durangaldea / Duranguesado,0.3
2021,,Durangaldea / Duranguesado,,PT,Durangaldea / Duranguesado,0.4
2017,,Durangaldea / Duranguesado,,PT,Durangaldea / Duranguesado,0.3
2020,,Durangaldea / Duranguesado,,PT,Durangaldea / Duranguesado,0.4
2019,,Enkartazioak / Encartaciones,,PT,Enkartazioak / Encartaciones,3.0
2014,,Enkartazioak / Encartaciones,,PT,Enkartazioak / Encartaciones,3.7
2021,,Enkartazioak / Encartaciones,,PT,Enkartazioak / Encartaciones,4.0
2016,,Enkartazioak / Encartaciones,,PT,Enkartazioak / Encartaciones,3.4
2018,,Enkartazioak / Encartaciones,,PT,Enkartazioak / Encartaciones,3.1
2015,,Enkartazioak / Encartaciones,,PT,Enkartazioak / Encartaciones,3.1
2020,,Enkartazioak / Encartaciones,,PT,Enkartazioak / Encartaciones,3.2
2017,,Enkartazioak / Encartaciones,,PT,Enkartazioak / Encartaciones,3.4
2018,,Gernika-Bermeo,,PT,Gernika-Bermeo,11.8
2021,,Gernika-Bermeo,,PT,Gernika-Bermeo,10.4
2017,,Gernika-Bermeo,,PT,Gernika-Bermeo,13.5
2020,,Gernika-Bermeo,,PT,Gernika-Bermeo,11.5
2015,,Gernika-Bermeo,,PT,Gernika-Bermeo,5.9
2019,,Gernika-Bermeo,,PT,Gernika-Bermeo,12.7
2016,,Gernika-Bermeo,,PT,Gernika-Bermeo,6.2
2014,,Gernika-Bermeo,,PT,Gernika-Bermeo,7.0
2020,,Goierri,,PT,Goierri,0.5
2021,,Goierri,,PT,Goierri,0.6
2015,,Goierri,,PT,Goierri,0.6
2018,,Goierri,,PT,Goierri,0.5
2017,,Goierri,,PT,Goierri,0.7
2019,,Goierri,,PT,Goierri,0.5
2016,,Goierri,,PT,Goierri,0.6
2014,,Goierri,,PT,Goierri,0.6
2018,,Gorbeialdea / Estribaciones del Gorbea,,PT,Gorbeialdea / Estribaciones del Gorbea,2.4
2020,,Gorbeialdea / Estribaciones del Gorbea,,PT,Gorbeialdea / Estribaciones del Gorbea,1.9
2021,,Gorbeialdea / Estribaciones del Gorbea,,PT,Gorbeialdea / Estribaciones del Gorbea,1.8
2014,,Gorbeialdea / Estribaciones del Gorbea,,PT,Gorbeialdea / Estribaciones del Gorbea,3.9
2019,,Gorbeialdea / Estribaciones del Gorbea,,PT,Gorbeialdea / Estribaciones del Gorbea,1.8
2016,,Gorbeialdea / Estribaciones del Gorbea,,PT,Gorbeialdea / Estribaciones del Gorbea,2.6
2017,,Gorbeialdea / Estribaciones del Gorbea,,PT,Gorbeialdea / Estribaciones del Gorbea,2.5
2015,,Gorbeialdea / Estribaciones del Gorbea,,PT,Gorbeialdea / Estribaciones del Gorbea,2.8
2019,,Markina-Ondarroa,,PT,Markina-Ondarroa,6.0
2021,,Markina-Ondarroa,,PT,Markina-Ondarroa,4.7
2017,,Markina-Ondarroa,,PT,Markina-Ondarroa,5.7
2018,,Markina-Ondarroa,,PT,Markina-Ondarroa,5.2
2020,,Markina-Ondarroa,,PT,Markina-Ondarroa,4.9
2016,,Markina-Ondarroa,,PT,Markina-Ondarroa,6.0
2015,,Markina-Ondarroa,,PT,Markina-Ondarroa,5.7
2014,,Markina-Ondarroa,,PT,Markina-Ondarroa,5.0
2016,,Plentzia-Mungia,,PT,Plentzia-Mungia,1.3
2018,,Plentzia-Mungia,,PT,Plentzia-Mungia,1.0
2021,,Plentzia-Mungia,,PT,Plentzia-Mungia,1.1
2015,,Plentzia-Mungia,,PT,Plentzia-Mungia,1.5
2019,,Plentzia-Mungia,,PT,Plentzia-Mungia,1.0
2020,,Plentzia-Mungia,,PT,Plentzia-Mungia,1.0
2017,,Plentzia-Mungia,,PT,Plentzia-Mungia,1.2
2014,,Plentzia-Mungia,,PT,Plentzia-Mungia,1.5
2017,,Tolosaldea,,PT,Tolosaldea,1.0
2014,,Tolosaldea,,PT,Tolosaldea,1.0
2021,,Tolosaldea,,PT,Tolosaldea,0.9
2018,,Tolosaldea,,PT,Tolosaldea,0.8
2016,,Tolosaldea,,PT,Tolosaldea,0.9
2020,,Tolosaldea,,PT,Tolosaldea,0.8
2015,,Tolosaldea,,PT,Tolosaldea,1.0
2019,,Tolosaldea,,PT,Tolosaldea,0.9
2019,,Urola Kosta,,PT,Urola Kosta,2.0
2016,,Urola Kosta,,PT,Urola Kosta,1.7
2018,,Urola Kosta,,PT,Urola Kosta,1.9
2015,,Urola Kosta,,PT,Urola Kosta,1.7
2014,,Urola Kosta,,PT,Urola Kosta,1.6
2017,,Urola Kosta,,PT,Urola Kosta,2.2
2021,,Urola Kosta,,PT,Urola Kosta,1.9
2020,,Urola Kosta,,PT,Urola Kosta,1.7
2013,ES211,,,PT,ES211,1.0
2016,ES211,,,PT,ES211,1.5
2017,ES211,,,PT,ES211,1.4
2019,ES211,,,PT,ES211,1.3
2010,ES211,,,PT,ES211,1.1
2018,ES211,,,PT,ES211,1.5
2012,ES211,,,PT,ES211,1.0
2015,ES211,,,PT,ES211,1.4
2023,ES211,,,PT,ES211,1.1
2014,ES211,,,PT,ES211,1.4
2022,ES211,,,PT,ES211,1.1
2011,ES211,,,PT,ES211,1.0
2020,ES211,,,PT,ES211,1.2
2021,ES211,,,PT,ES211,1.3
2011,ES213,,,PT,ES213,0.7
2017,ES213,,,PT,ES213,0.9
2014,ES213,,,PT,ES213,0.6
2012,ES213,,,PT,ES213,0.8
2022,ES213,,,PT,ES213,0.9
2016,ES213,,,PT,ES213,0.6
2013,ES213,,,PT,ES213,1.0
2023,ES213,,,PT,ES213,0.9
2021,ES213,,,PT,ES213,0.7
2010,ES213,,,PT,ES213,0.6
2015,ES213,,,PT,ES213,0.6
2018,ES213,,,PT,ES213,0.7
2020,ES213,,,PT,ES213,0.7
2019,ES213,,,PT,ES213,0.8
2019,ES212,,,PT,ES212,0.6
2023,ES212,,,PT,ES212,0.6
2010,ES212,,,PT,ES212,0.5
2011,ES212,,,PT,ES212,0.5
2018,ES212,,,PT,ES212,0.6
2013,ES212,,,PT,ES212,0.5
2015,ES212,,,PT,ES212,0.6
2014,ES212,,,PT,ES212,0.5
2021,ES212,,,PT,ES212,0.6
2022,ES212,,,PT,ES212,0.6
2020,ES212,,,PT,ES212,0.5
2012,ES212,,,PT,ES212,0.6
2016,ES212,,,PT,ES212,0.5
2017,ES212,,,PT,ES212,0.6
