Year,Lurraldea,Eskualdea,Udalerria,Units,GeoCode,Value
2010,Araba/Álava,,,Ehunekoa,Araba/Álava,1.1
2011,Araba/Álava,,,Ehunekoa,Araba/Álava,1.0
2012,Araba/Álava,,,Ehunekoa,Araba/Álava,1.1
2013,Araba/Álava,,,Ehunekoa,Araba/Álava,1.0
2014,Araba/Álava,,,Ehunekoa,Araba/Álava,1.4
2015,Araba/Álava,,,Ehunekoa,Araba/Álava,1.5
2016,Araba/Álava,,,Ehunekoa,Araba/Álava,1.5
2017,Araba/Álava,,,Ehunekoa,Araba/Álava,1.5
2018,Araba/Álava,,,Ehunekoa,Araba/Álava,1.6
2019,Araba/Álava,,,Ehunekoa,Araba/Álava,1.4
2020,Araba/Álava,,,Ehunekoa,Araba/Álava,1.2
2021,Araba/Álava,,,Ehunekoa,Araba/Álava,1.4
2022,Araba/Álava,,,Ehunekoa,Araba/Álava,1.4
2014,,,Alegría-Dulantzi,Ehunekoa,Alegría-Dulantzi,2.5
2015,,,Alegría-Dulantzi,Ehunekoa,Alegría-Dulantzi,3.6
2016,,,Alegría-Dulantzi,Ehunekoa,Alegría-Dulantzi,3.4
2017,,,Alegría-Dulantzi,Ehunekoa,Alegría-Dulantzi,4.1
2018,,,Alegría-Dulantzi,Ehunekoa,Alegría-Dulantzi,4.0
2019,,,Alegría-Dulantzi,Ehunekoa,Alegría-Dulantzi,3.5
2020,,,Alegría-Dulantzi,Ehunekoa,Alegría-Dulantzi,3.2
2014,,,Amurrio,Ehunekoa,Amurrio,1.5
2015,,,Amurrio,Ehunekoa,Amurrio,1.3
2016,,,Amurrio,Ehunekoa,Amurrio,1.2
2017,,,Amurrio,Ehunekoa,Amurrio,1.3
2018,,,Amurrio,Ehunekoa,Amurrio,1.2
2019,,,Amurrio,Ehunekoa,Amurrio,0.9
2020,,,Amurrio,Ehunekoa,Amurrio,1.0
2014,,,Aramaio,Ehunekoa,Aramaio,17.4
2015,,,Aramaio,Ehunekoa,Aramaio,15.9
2016,,,Aramaio,Ehunekoa,Aramaio,14.4
2017,,,Aramaio,Ehunekoa,Aramaio,16.4
2018,,,Aramaio,Ehunekoa,Aramaio,16.5
2019,,,Aramaio,Ehunekoa,Aramaio,13.8
2020,,,Aramaio,Ehunekoa,Aramaio,12.5
2014,,,Artziniega,Ehunekoa,Artziniega,2.9
2015,,,Artziniega,Ehunekoa,Artziniega,2.2
2016,,,Artziniega,Ehunekoa,Artziniega,2.1
2017,,,Artziniega,Ehunekoa,Artziniega,2.4
2018,,,Artziniega,Ehunekoa,Artziniega,2.7
2019,,,Artziniega,Ehunekoa,Artziniega,2.0
2020,,,Artziniega,Ehunekoa,Artziniega,1.7
2014,,,Armiñón,Ehunekoa,Armiñón,6.6
2015,,,Armiñón,Ehunekoa,Armiñón,7.3
2016,,,Armiñón,Ehunekoa,Armiñón,9.2
2017,,,Armiñón,Ehunekoa,Armiñón,7.4
2018,,,Armiñón,Ehunekoa,Armiñón,7.2
2019,,,Armiñón,Ehunekoa,Armiñón,8.1
2020,,,Armiñón,Ehunekoa,Armiñón,9.6
2014,,,Arratzua-Ubarrundia,Ehunekoa,Arratzua-Ubarrundia,10.7
2015,,,Arratzua-Ubarrundia,Ehunekoa,Arratzua-Ubarrundia,9.3
2016,,,Arratzua-Ubarrundia,Ehunekoa,Arratzua-Ubarrundia,9.0
2017,,,Arratzua-Ubarrundia,Ehunekoa,Arratzua-Ubarrundia,8.8
2018,,,Arratzua-Ubarrundia,Ehunekoa,Arratzua-Ubarrundia,7.5
2019,,,Arratzua-Ubarrundia,Ehunekoa,Arratzua-Ubarrundia,6.8
2020,,,Arratzua-Ubarrundia,Ehunekoa,Arratzua-Ubarrundia,6.4
2014,,,Asparrena,Ehunekoa,Asparrena,3.5
2015,,,Asparrena,Ehunekoa,Asparrena,3.1
2016,,,Asparrena,Ehunekoa,Asparrena,2.4
2017,,,Asparrena,Ehunekoa,Asparrena,1.7
2018,,,Asparrena,Ehunekoa,Asparrena,1.5
2019,,,Asparrena,Ehunekoa,Asparrena,1.3
2020,,,Asparrena,Ehunekoa,Asparrena,1.7
2014,,EU0101,,Ehunekoa,EU0101,8.1
2015,,EU0101,,Ehunekoa,EU0101,7.4
2016,,EU0101,,Ehunekoa,EU0101,7.1
2017,,EU0101,,Ehunekoa,EU0101,6.7
2018,,EU0101,,Ehunekoa,EU0101,7.0
2019,,EU0101,,Ehunekoa,EU0101,6.5
2020,,EU0101,,Ehunekoa,EU0101,6.3
2014,,,Ayala/Aiara,Ehunekoa,Ayala/Aiara,11.9
2015,,,Ayala/Aiara,Ehunekoa,Ayala/Aiara,9.2
2016,,,Ayala/Aiara,Ehunekoa,Ayala/Aiara,7.9
2017,,,Ayala/Aiara,Ehunekoa,Ayala/Aiara,8.4
2018,,,Ayala/Aiara,Ehunekoa,Ayala/Aiara,7.8
2019,,,Ayala/Aiara,Ehunekoa,Ayala/Aiara,6.1
2020,,,Ayala/Aiara,Ehunekoa,Ayala/Aiara,6.0
2014,,,Baños de Ebro/Mañueta,Ehunekoa,Baños de Ebro/Mañueta,26.6
2015,,,Baños de Ebro/Mañueta,Ehunekoa,Baños de Ebro/Mañueta,32.6
2016,,,Baños de Ebro/Mañueta,Ehunekoa,Baños de Ebro/Mañueta,34.2
2017,,,Baños de Ebro/Mañueta,Ehunekoa,Baños de Ebro/Mañueta,34.5
2018,,,Baños de Ebro/Mañueta,Ehunekoa,Baños de Ebro/Mañueta,37.1
2019,,,Baños de Ebro/Mañueta,Ehunekoa,Baños de Ebro/Mañueta,35.7
2020,,,Baños de Ebro/Mañueta,Ehunekoa,Baños de Ebro/Mañueta,39.7
2014,,,Barrundia,Ehunekoa,Barrundia,30.9
2015,,,Barrundia,Ehunekoa,Barrundia,25.8
2016,,,Barrundia,Ehunekoa,Barrundia,27.3
2017,,,Barrundia,Ehunekoa,Barrundia,28.2
2018,,,Barrundia,Ehunekoa,Barrundia,27.5
2019,,,Barrundia,Ehunekoa,Barrundia,26.6
2020,,,Barrundia,Ehunekoa,Barrundia,26.7
2014,,,Berantevilla,Ehunekoa,Berantevilla,4.1
2015,,,Berantevilla,Ehunekoa,Berantevilla,6.0
2016,,,Berantevilla,Ehunekoa,Berantevilla,4.9
2017,,,Berantevilla,Ehunekoa,Berantevilla,4.0
2018,,,Berantevilla,Ehunekoa,Berantevilla,4.4
2019,,,Berantevilla,Ehunekoa,Berantevilla,3.9
2020,,,Berantevilla,Ehunekoa,Berantevilla,4.4
2014,,,Bernedo,Ehunekoa,Bernedo,7.5
2015,,,Bernedo,Ehunekoa,Bernedo,7.8
2016,,,Bernedo,Ehunekoa,Bernedo,7.6
2017,,,Bernedo,Ehunekoa,Bernedo,7.5
2018,,,Bernedo,Ehunekoa,Bernedo,7.4
2019,,,Bernedo,Ehunekoa,Bernedo,7.0
2020,,,Bernedo,Ehunekoa,Bernedo,5.6
2014,,,Campezo/Kanpezu,Ehunekoa,Campezo/Kanpezu,11.5
2015,,,Campezo/Kanpezu,Ehunekoa,Campezo/Kanpezu,12.9
2016,,,Campezo/Kanpezu,Ehunekoa,Campezo/Kanpezu,13.1
2017,,,Campezo/Kanpezu,Ehunekoa,Campezo/Kanpezu,11.3
2018,,,Campezo/Kanpezu,Ehunekoa,Campezo/Kanpezu,12.6
2019,,,Campezo/Kanpezu,Ehunekoa,Campezo/Kanpezu,11.3
2020,,,Campezo/Kanpezu,Ehunekoa,Campezo/Kanpezu,9.7
2014,,,Zigoitia,Ehunekoa,Zigoitia,4.4
2015,,,Zigoitia,Ehunekoa,Zigoitia,2.7
2016,,,Zigoitia,Ehunekoa,Zigoitia,2.9
2017,,,Zigoitia,Ehunekoa,Zigoitia,3.4
2018,,,Zigoitia,Ehunekoa,Zigoitia,3.5
2019,,,Zigoitia,Ehunekoa,Zigoitia,2.8
2020,,,Zigoitia,Ehunekoa,Zigoitia,3.2
2014,,,Kripan,Ehunekoa,Kripan,45.8
2015,,,Kripan,Ehunekoa,Kripan,59.0
2016,,,Kripan,Ehunekoa,Kripan,60.7
2017,,,Kripan,Ehunekoa,Kripan,59.9
2018,,,Kripan,Ehunekoa,Kripan,63.8
2019,,,Kripan,Ehunekoa,Kripan,60.2
2020,,,Kripan,Ehunekoa,Kripan,58.9
2014,,EU0102,,Ehunekoa,EU0102,0.5
2015,,EU0102,,Ehunekoa,EU0102,0.6
2016,,EU0102,,Ehunekoa,EU0102,0.5
2017,,EU0102,,Ehunekoa,EU0102,0.5
2018,,EU0102,,Ehunekoa,EU0102,0.5
2019,,EU0102,,Ehunekoa,EU0102,0.4
2020,,EU0102,,Ehunekoa,EU0102,0.4
2014,,,Kuartango,Ehunekoa,Kuartango,41.3
2015,,,Kuartango,Ehunekoa,Kuartango,29.5
2016,,,Kuartango,Ehunekoa,Kuartango,32.8
2017,,,Kuartango,Ehunekoa,Kuartango,33.0
2018,,,Kuartango,Ehunekoa,Kuartango,37.3
2019,,,Kuartango,Ehunekoa,Kuartango,35.4
2020,,,Kuartango,Ehunekoa,Kuartango,33.3
2014,,,Elburgo/Burgelu,Ehunekoa,Elburgo/Burgelu,17.0
2015,,,Elburgo/Burgelu,Ehunekoa,Elburgo/Burgelu,25.6
2016,,,Elburgo/Burgelu,Ehunekoa,Elburgo/Burgelu,20.2
2017,,,Elburgo/Burgelu,Ehunekoa,Elburgo/Burgelu,17.3
2018,,,Elburgo/Burgelu,Ehunekoa,Elburgo/Burgelu,17.3
2019,,,Elburgo/Burgelu,Ehunekoa,Elburgo/Burgelu,18.1
2020,,,Elburgo/Burgelu,Ehunekoa,Elburgo/Burgelu,18.9
2014,,,Elciego,Ehunekoa,Elciego,9.8
2015,,,Elciego,Ehunekoa,Elciego,13.3
2016,,,Elciego,Ehunekoa,Elciego,13.8
2017,,,Elciego,Ehunekoa,Elciego,12.6
2018,,,Elciego,Ehunekoa,Elciego,14.1
2019,,,Elciego,Ehunekoa,Elciego,12.5
2020,,,Elciego,Ehunekoa,Elciego,12.3
2014,,,Elvillar/Bilar,Ehunekoa,Elvillar/Bilar,25.5
2015,,,Elvillar/Bilar,Ehunekoa,Elvillar/Bilar,33.6
2016,,,Elvillar/Bilar,Ehunekoa,Elvillar/Bilar,39.7
2017,,,Elvillar/Bilar,Ehunekoa,Elvillar/Bilar,43.1
2018,,,Elvillar/Bilar,Ehunekoa,Elvillar/Bilar,50.6
2019,,,Elvillar/Bilar,Ehunekoa,Elvillar/Bilar,48.9
2020,,,Elvillar/Bilar,Ehunekoa,Elvillar/Bilar,53.4
2014,,,Iruraiz-Gauna,Ehunekoa,Iruraiz-Gauna,35.9
2015,,,Iruraiz-Gauna,Ehunekoa,Iruraiz-Gauna,44.1
2016,,,Iruraiz-Gauna,Ehunekoa,Iruraiz-Gauna,37.2
2017,,,Iruraiz-Gauna,Ehunekoa,Iruraiz-Gauna,34.5
2018,,,Iruraiz-Gauna,Ehunekoa,Iruraiz-Gauna,33.5
2019,,,Iruraiz-Gauna,Ehunekoa,Iruraiz-Gauna,36.5
2020,,,Iruraiz-Gauna,Ehunekoa,Iruraiz-Gauna,35.3
2014,,,Labastida/Bastida,Ehunekoa,Labastida/Bastida,8.2
2015,,,Labastida/Bastida,Ehunekoa,Labastida/Bastida,10.8
2016,,,Labastida/Bastida,Ehunekoa,Labastida/Bastida,8.9
2017,,,Labastida/Bastida,Ehunekoa,Labastida/Bastida,8.6
2018,,,Labastida/Bastida,Ehunekoa,Labastida/Bastida,9.8
2019,,,Labastida/Bastida,Ehunekoa,Labastida/Bastida,8.2
2020,,,Labastida/Bastida,Ehunekoa,Labastida/Bastida,6.8
2014,,EU0103,,Ehunekoa,EU0103,12.0
2015,,EU0103,,Ehunekoa,EU0103,12.2
2016,,EU0103,,Ehunekoa,EU0103,12.6
2017,,EU0103,,Ehunekoa,EU0103,12.0
2018,,EU0103,,Ehunekoa,EU0103,12.4
2019,,EU0103,,Ehunekoa,EU0103,11.4
2020,,EU0103,,Ehunekoa,EU0103,10.0
2014,,,Lagrán,Ehunekoa,Lagrán,18.9
2015,,,Lagrán,Ehunekoa,Lagrán,24.0
2016,,,Lagrán,Ehunekoa,Lagrán,21.5
2017,,,Lagrán,Ehunekoa,Lagrán,17.9
2018,,,Lagrán,Ehunekoa,Lagrán,22.0
2019,,,Lagrán,Ehunekoa,Lagrán,18.9
2020,,,Lagrán,Ehunekoa,Lagrán,22.1
2014,,,Laguardia,Ehunekoa,Laguardia,8.3
2015,,,Laguardia,Ehunekoa,Laguardia,9.3
2016,,,Laguardia,Ehunekoa,Laguardia,10.4
2017,,,Laguardia,Ehunekoa,Laguardia,9.8
2018,,,Laguardia,Ehunekoa,Laguardia,11.2
2019,,,Laguardia,Ehunekoa,Laguardia,9.0
2020,,,Laguardia,Ehunekoa,Laguardia,8.6
2014,,,Lanciego/Lantziego,Ehunekoa,Lanciego/Lantziego,13.0
2015,,,Lanciego/Lantziego,Ehunekoa,Lanciego/Lantziego,17.7
2016,,,Lanciego/Lantziego,Ehunekoa,Lanciego/Lantziego,17.3
2017,,,Lanciego/Lantziego,Ehunekoa,Lanciego/Lantziego,17.4
2018,,,Lanciego/Lantziego,Ehunekoa,Lanciego/Lantziego,18.9
2019,,,Lanciego/Lantziego,Ehunekoa,Lanciego/Lantziego,16.3
2020,,,Lanciego/Lantziego,Ehunekoa,Lanciego/Lantziego,12.9
2014,,,Lapuebla de Labarca,Ehunekoa,Lapuebla de Labarca,1.8
2015,,,Lapuebla de Labarca,Ehunekoa,Lapuebla de Labarca,2.5
2016,,,Lapuebla de Labarca,Ehunekoa,Lapuebla de Labarca,3.0
2017,,,Lapuebla de Labarca,Ehunekoa,Lapuebla de Labarca,3.7
2018,,,Lapuebla de Labarca,Ehunekoa,Lapuebla de Labarca,4.8
2019,,,Lapuebla de Labarca,Ehunekoa,Lapuebla de Labarca,5.6
2020,,,Lapuebla de Labarca,Ehunekoa,Lapuebla de Labarca,5.8
2014,,,Leza,Ehunekoa,Leza,23.4
2015,,,Leza,Ehunekoa,Leza,29.8
2016,,,Leza,Ehunekoa,Leza,32.1
2017,,,Leza,Ehunekoa,Leza,29.1
2018,,,Leza,Ehunekoa,Leza,48.6
2019,,,Leza,Ehunekoa,Leza,44.3
2020,,,Leza,Ehunekoa,Leza,37.5
2014,,,Laudio/Llodio,Ehunekoa,Laudio/Llodio,0.3
2015,,,Laudio/Llodio,Ehunekoa,Laudio/Llodio,0.3
2016,,,Laudio/Llodio,Ehunekoa,Laudio/Llodio,0.3
2017,,,Laudio/Llodio,Ehunekoa,Laudio/Llodio,0.3
2018,,,Laudio/Llodio,Ehunekoa,Laudio/Llodio,0.3
2019,,,Laudio/Llodio,Ehunekoa,Laudio/Llodio,0.2
2020,,,Laudio/Llodio,Ehunekoa,Laudio/Llodio,0.2
2014,,,Arraia-Maeztu,Ehunekoa,Arraia-Maeztu,12.6
2015,,,Arraia-Maeztu,Ehunekoa,Arraia-Maeztu,11.0
2016,,,Arraia-Maeztu,Ehunekoa,Arraia-Maeztu,12.7
2017,,,Arraia-Maeztu,Ehunekoa,Arraia-Maeztu,13.4
2018,,,Arraia-Maeztu,Ehunekoa,Arraia-Maeztu,13.4
2019,,,Arraia-Maeztu,Ehunekoa,Arraia-Maeztu,12.2
2020,,,Arraia-Maeztu,Ehunekoa,Arraia-Maeztu,12.0
2014,,,Moreda de Álava/Moreda Araba,Ehunekoa,Moreda de Álava/Moreda Araba,34.0
2015,,,Moreda de Álava/Moreda Araba,Ehunekoa,Moreda de Álava/Moreda Araba,31.2
2016,,,Moreda de Álava/Moreda Araba,Ehunekoa,Moreda de Álava/Moreda Araba,38.6
2017,,,Moreda de Álava/Moreda Araba,Ehunekoa,Moreda de Álava/Moreda Araba,36.7
2018,,,Moreda de Álava/Moreda Araba,Ehunekoa,Moreda de Álava/Moreda Araba,39.4
2019,,,Moreda de Álava/Moreda Araba,Ehunekoa,Moreda de Álava/Moreda Araba,34.7
2020,,,Moreda de Álava/Moreda Araba,Ehunekoa,Moreda de Álava/Moreda Araba,26.0
2014,,EU0104,,Ehunekoa,EU0104,8.9
2015,,EU0104,,Ehunekoa,EU0104,11.4
2016,,EU0104,,Ehunekoa,EU0104,12.6
2017,,EU0104,,Ehunekoa,EU0104,12.6
2018,,EU0104,,Ehunekoa,EU0104,14.8
2019,,EU0104,,Ehunekoa,EU0104,12.7
2020,,EU0104,,Ehunekoa,EU0104,11.2
2014,,,Navaridas,Ehunekoa,Navaridas,27.9
2015,,,Navaridas,Ehunekoa,Navaridas,36.1
2016,,,Navaridas,Ehunekoa,Navaridas,40.4
2017,,,Navaridas,Ehunekoa,Navaridas,38.1
2018,,,Navaridas,Ehunekoa,Navaridas,43.2
2019,,,Navaridas,Ehunekoa,Navaridas,39.5
2020,,,Navaridas,Ehunekoa,Navaridas,37.6
2014,,,Okondo,Ehunekoa,Okondo,5.7
2015,,,Okondo,Ehunekoa,Okondo,4.8
2016,,,Okondo,Ehunekoa,Okondo,5.5
2017,,,Okondo,Ehunekoa,Okondo,5.7
2018,,,Okondo,Ehunekoa,Okondo,5.2
2019,,,Okondo,Ehunekoa,Okondo,4.1
2020,,,Okondo,Ehunekoa,Okondo,4.4
2014,,,Oyón-Oion,Ehunekoa,Oyón-Oion,3.6
2015,,,Oyón-Oion,Ehunekoa,Oyón-Oion,4.9
2016,,,Oyón-Oion,Ehunekoa,Oyón-Oion,5.9
2017,,,Oyón-Oion,Ehunekoa,Oyón-Oion,7.0
2018,,,Oyón-Oion,Ehunekoa,Oyón-Oion,9.0
2019,,,Oyón-Oion,Ehunekoa,Oyón-Oion,8.6
2020,,,Oyón-Oion,Ehunekoa,Oyón-Oion,6.7
2014,,,Peñacerrada-Urizaharra,Ehunekoa,Peñacerrada-Urizaharra,29.7
2015,,,Peñacerrada-Urizaharra,Ehunekoa,Peñacerrada-Urizaharra,28.7
2016,,,Peñacerrada-Urizaharra,Ehunekoa,Peñacerrada-Urizaharra,31.5
2017,,,Peñacerrada-Urizaharra,Ehunekoa,Peñacerrada-Urizaharra,30.2
2018,,,Peñacerrada-Urizaharra,Ehunekoa,Peñacerrada-Urizaharra,31.7
2019,,,Peñacerrada-Urizaharra,Ehunekoa,Peñacerrada-Urizaharra,33.2
2020,,,Peñacerrada-Urizaharra,Ehunekoa,Peñacerrada-Urizaharra,34.2
2014,,,Erriberagoitia/Ribera Alta,Ehunekoa,Erriberagoitia/Ribera Alta,28.5
2015,,,Erriberagoitia/Ribera Alta,Ehunekoa,Erriberagoitia/Ribera Alta,22.5
2016,,,Erriberagoitia/Ribera Alta,Ehunekoa,Erriberagoitia/Ribera Alta,25.1
2017,,,Erriberagoitia/Ribera Alta,Ehunekoa,Erriberagoitia/Ribera Alta,23.0
2018,,,Erriberagoitia/Ribera Alta,Ehunekoa,Erriberagoitia/Ribera Alta,25.8
2019,,,Erriberagoitia/Ribera Alta,Ehunekoa,Erriberagoitia/Ribera Alta,26.9
2020,,,Erriberagoitia/Ribera Alta,Ehunekoa,Erriberagoitia/Ribera Alta,27.1
2014,,,Ribera Baja/Erribera Beitia,Ehunekoa,Ribera Baja/Erribera Beitia,1.3
2015,,,Ribera Baja/Erribera Beitia,Ehunekoa,Ribera Baja/Erribera Beitia,1.3
2016,,,Ribera Baja/Erribera Beitia,Ehunekoa,Ribera Baja/Erribera Beitia,1.5
2017,,,Ribera Baja/Erribera Beitia,Ehunekoa,Ribera Baja/Erribera Beitia,1.7
2018,,,Ribera Baja/Erribera Beitia,Ehunekoa,Ribera Baja/Erribera Beitia,1.8
2019,,,Ribera Baja/Erribera Beitia,Ehunekoa,Ribera Baja/Erribera Beitia,1.6
2020,,,Ribera Baja/Erribera Beitia,Ehunekoa,Ribera Baja/Erribera Beitia,1.5
2014,,,Añana,Ehunekoa,Añana,13.6
2015,,,Añana,Ehunekoa,Añana,16.8
2016,,,Añana,Ehunekoa,Añana,15.8
2017,,,Añana,Ehunekoa,Añana,14.3
2018,,,Añana,Ehunekoa,Añana,11.8
2019,,,Añana,Ehunekoa,Añana,14.7
2020,,,Añana,Ehunekoa,Añana,13.6
2014,,EU0105,,Ehunekoa,EU0105,4.3
2015,,EU0105,,Ehunekoa,EU0105,3.1
2016,,EU0105,,Ehunekoa,EU0105,2.8
2017,,EU0105,,Ehunekoa,EU0105,2.7
2018,,EU0105,,Ehunekoa,EU0105,2.6
2019,,EU0105,,Ehunekoa,EU0105,2.0
2020,,EU0105,,Ehunekoa,EU0105,2.1
2014,,,Agurain/Salvatierra,Ehunekoa,Agurain/Salvatierra,2.8
2015,,,Agurain/Salvatierra,Ehunekoa,Agurain/Salvatierra,2.7
2016,,,Agurain/Salvatierra,Ehunekoa,Agurain/Salvatierra,2.2
2017,,,Agurain/Salvatierra,Ehunekoa,Agurain/Salvatierra,1.7
2018,,,Agurain/Salvatierra,Ehunekoa,Agurain/Salvatierra,1.6
2019,,,Agurain/Salvatierra,Ehunekoa,Agurain/Salvatierra,1.5
2020,,,Agurain/Salvatierra,Ehunekoa,Agurain/Salvatierra,1.5
2014,,,Samaniego,Ehunekoa,Samaniego,13.9
2015,,,Samaniego,Ehunekoa,Samaniego,19.5
2016,,,Samaniego,Ehunekoa,Samaniego,23.0
2017,,,Samaniego,Ehunekoa,Samaniego,21.1
2018,,,Samaniego,Ehunekoa,Samaniego,23.3
2019,,,Samaniego,Ehunekoa,Samaniego,19.6
2020,,,Samaniego,Ehunekoa,Samaniego,14.2
2014,,,San Millán/Donemiliaga,Ehunekoa,San Millán/Donemiliaga,22.3
2015,,,San Millán/Donemiliaga,Ehunekoa,San Millán/Donemiliaga,23.0
2016,,,San Millán/Donemiliaga,Ehunekoa,San Millán/Donemiliaga,23.9
2017,,,San Millán/Donemiliaga,Ehunekoa,San Millán/Donemiliaga,22.8
2018,,,San Millán/Donemiliaga,Ehunekoa,San Millán/Donemiliaga,23.9
2019,,,San Millán/Donemiliaga,Ehunekoa,San Millán/Donemiliaga,20.4
2020,,,San Millán/Donemiliaga,Ehunekoa,San Millán/Donemiliaga,19.9
2014,,,Urkabustaiz,Ehunekoa,Urkabustaiz,9.6
2015,,,Urkabustaiz,Ehunekoa,Urkabustaiz,6.9
2016,,,Urkabustaiz,Ehunekoa,Urkabustaiz,6.0
2017,,,Urkabustaiz,Ehunekoa,Urkabustaiz,6.3
2018,,,Urkabustaiz,Ehunekoa,Urkabustaiz,6.9
2019,,,Urkabustaiz,Ehunekoa,Urkabustaiz,4.6
2020,,,Urkabustaiz,Ehunekoa,Urkabustaiz,4.2
2014,,,Valdegovía/Gaubea,Ehunekoa,Valdegovía/Gaubea,22.8
2015,,,Valdegovía/Gaubea,Ehunekoa,Valdegovía/Gaubea,19.8
2016,,,Valdegovía/Gaubea,Ehunekoa,Valdegovía/Gaubea,19.2
2017,,,Valdegovía/Gaubea,Ehunekoa,Valdegovía/Gaubea,18.9
2018,,,Valdegovía/Gaubea,Ehunekoa,Valdegovía/Gaubea,19.8
2019,,,Valdegovía/Gaubea,Ehunekoa,Valdegovía/Gaubea,20.5
2020,,,Valdegovía/Gaubea,Ehunekoa,Valdegovía/Gaubea,19.3
2014,,,Harana/Valle de Arana,Ehunekoa,Harana/Valle de Arana,34.9
2015,,,Harana/Valle de Arana,Ehunekoa,Harana/Valle de Arana,32.3
2016,,,Harana/Valle de Arana,Ehunekoa,Harana/Valle de Arana,30.9
2017,,,Harana/Valle de Arana,Ehunekoa,Harana/Valle de Arana,29.5
2018,,,Harana/Valle de Arana,Ehunekoa,Harana/Valle de Arana,30.6
2019,,,Harana/Valle de Arana,Ehunekoa,Harana/Valle de Arana,23.9
2020,,,Harana/Valle de Arana,Ehunekoa,Harana/Valle de Arana,24.6
2014,,,Villabuena de Álava/Eskuernaga,Ehunekoa,Villabuena de Álava/Eskuernaga,11.3
2015,,,Villabuena de Álava/Eskuernaga,Ehunekoa,Villabuena de Álava/Eskuernaga,15.4
2016,,,Villabuena de Álava/Eskuernaga,Ehunekoa,Villabuena de Álava/Eskuernaga,15.5
2017,,,Villabuena de Álava/Eskuernaga,Ehunekoa,Villabuena de Álava/Eskuernaga,13.8
2018,,,Villabuena de Álava/Eskuernaga,Ehunekoa,Villabuena de Álava/Eskuernaga,16.2
2019,,,Villabuena de Álava/Eskuernaga,Ehunekoa,Villabuena de Álava/Eskuernaga,13.8
2020,,,Villabuena de Álava/Eskuernaga,Ehunekoa,Villabuena de Álava/Eskuernaga,14.7
2014,,,Legutio,Ehunekoa,Legutio,1.6
2015,,,Legutio,Ehunekoa,Legutio,1.2
2016,,,Legutio,Ehunekoa,Legutio,0.9
2017,,,Legutio,Ehunekoa,Legutio,0.6
2018,,,Legutio,Ehunekoa,Legutio,0.6
2019,,,Legutio,Ehunekoa,Legutio,0.4
2020,,,Legutio,Ehunekoa,Legutio,0.5
2014,,,Vitoria-Gasteiz,Ehunekoa,Vitoria-Gasteiz,0.2
2015,,,Vitoria-Gasteiz,Ehunekoa,Vitoria-Gasteiz,0.2
2016,,,Vitoria-Gasteiz,Ehunekoa,Vitoria-Gasteiz,0.2
2017,,,Vitoria-Gasteiz,Ehunekoa,Vitoria-Gasteiz,0.2
2018,,,Vitoria-Gasteiz,Ehunekoa,Vitoria-Gasteiz,0.2
2019,,,Vitoria-Gasteiz,Ehunekoa,Vitoria-Gasteiz,0.2
2020,,,Vitoria-Gasteiz,Ehunekoa,Vitoria-Gasteiz,0.2
2014,,EU0106,,Ehunekoa,EU0106,1.7
2015,,EU0106,,Ehunekoa,EU0106,1.3
2016,,EU0106,,Ehunekoa,EU0106,1.3
2017,,EU0106,,Ehunekoa,EU0106,1.3
2018,,EU0106,,Ehunekoa,EU0106,1.2
2019,,EU0106,,Ehunekoa,EU0106,0.9
2020,,EU0106,,Ehunekoa,EU0106,0.9
2014,,,Yécora/Iekora,Ehunekoa,Yécora/Iekora,41.0
2015,,,Yécora/Iekora,Ehunekoa,Yécora/Iekora,46.7
2016,,,Yécora/Iekora,Ehunekoa,Yécora/Iekora,53.0
2017,,,Yécora/Iekora,Ehunekoa,Yécora/Iekora,58.5
2018,,,Yécora/Iekora,Ehunekoa,Yécora/Iekora,66.1
2019,,,Yécora/Iekora,Ehunekoa,Yécora/Iekora,63.4
2020,,,Yécora/Iekora,Ehunekoa,Yécora/Iekora,60.3
2014,,,Zalduondo,Ehunekoa,Zalduondo,32.1
2015,,,Zalduondo,Ehunekoa,Zalduondo,29.5
2016,,,Zalduondo,Ehunekoa,Zalduondo,27.3
2017,,,Zalduondo,Ehunekoa,Zalduondo,23.9
2018,,,Zalduondo,Ehunekoa,Zalduondo,27.1
2019,,,Zalduondo,Ehunekoa,Zalduondo,25.8
2020,,,Zalduondo,Ehunekoa,Zalduondo,23.8
2014,,,Zambrana,Ehunekoa,Zambrana,30.2
2015,,,Zambrana,Ehunekoa,Zambrana,33.3
2016,,,Zambrana,Ehunekoa,Zambrana,28.7
2017,,,Zambrana,Ehunekoa,Zambrana,24.3
2018,,,Zambrana,Ehunekoa,Zambrana,22.8
2019,,,Zambrana,Ehunekoa,Zambrana,20.9
2020,,,Zambrana,Ehunekoa,Zambrana,16.1
2014,,,Zuia,Ehunekoa,Zuia,5.8
2015,,,Zuia,Ehunekoa,Zuia,3.9
2016,,,Zuia,Ehunekoa,Zuia,3.9
2017,,,Zuia,Ehunekoa,Zuia,4.1
2018,,,Zuia,Ehunekoa,Zuia,4.7
2019,,,Zuia,Ehunekoa,Zuia,3.2
2020,,,Zuia,Ehunekoa,Zuia,3.3
2014,,,Iruña Oka/Iruña de Oca,Ehunekoa,Iruña Oka/Iruña de Oca,1.4
2015,,,Iruña Oka/Iruña de Oca,Ehunekoa,Iruña Oka/Iruña de Oca,1.2
2016,,,Iruña Oka/Iruña de Oca,Ehunekoa,Iruña Oka/Iruña de Oca,1.0
2017,,,Iruña Oka/Iruña de Oca,Ehunekoa,Iruña Oka/Iruña de Oca,0.9
2018,,,Iruña Oka/Iruña de Oca,Ehunekoa,Iruña Oka/Iruña de Oca,0.9
2019,,,Iruña Oka/Iruña de Oca,Ehunekoa,Iruña Oka/Iruña de Oca,0.9
2020,,,Iruña Oka/Iruña de Oca,Ehunekoa,Iruña Oka/Iruña de Oca,0.7
2014,,,Lantarón,Ehunekoa,Lantarón,5.7
2015,,,Lantarón,Ehunekoa,Lantarón,4.5
2016,,,Lantarón,Ehunekoa,Lantarón,3.8
2017,,,Lantarón,Ehunekoa,Lantarón,3.4
2018,,,Lantarón,Ehunekoa,Lantarón,3.0
2019,,,Lantarón,Ehunekoa,Lantarón,3.1
2020,,,Lantarón,Ehunekoa,Lantarón,2.8
2010,Gipuzkoa,,,Ehunekoa,Gipuzkoa,0.5
2011,Gipuzkoa,,,Ehunekoa,Gipuzkoa,0.5
2012,Gipuzkoa,,,Ehunekoa,Gipuzkoa,0.6
2013,Gipuzkoa,,,Ehunekoa,Gipuzkoa,0.5
2014,Gipuzkoa,,,Ehunekoa,Gipuzkoa,0.5
2015,Gipuzkoa,,,Ehunekoa,Gipuzkoa,0.5
2016,Gipuzkoa,,,Ehunekoa,Gipuzkoa,0.5
2017,Gipuzkoa,,,Ehunekoa,Gipuzkoa,0.6
2018,Gipuzkoa,,,Ehunekoa,Gipuzkoa,0.5
2019,Gipuzkoa,,,Ehunekoa,Gipuzkoa,0.6
2020,Gipuzkoa,,,Ehunekoa,Gipuzkoa,0.5
2021,Gipuzkoa,,,Ehunekoa,Gipuzkoa,0.6
2022,Gipuzkoa,,,Ehunekoa,Gipuzkoa,0.7
2014,,,Abaltzisketa,Ehunekoa,Abaltzisketa,6.7
2015,,,Abaltzisketa,Ehunekoa,Abaltzisketa,9.7
2016,,,Abaltzisketa,Ehunekoa,Abaltzisketa,7.7
2017,,,Abaltzisketa,Ehunekoa,Abaltzisketa,7.0
2018,,,Abaltzisketa,Ehunekoa,Abaltzisketa,5.6
2019,,,Abaltzisketa,Ehunekoa,Abaltzisketa,6.5
2020,,,Abaltzisketa,Ehunekoa,Abaltzisketa,6.5
2014,,,Aduna,Ehunekoa,Aduna,0.6
2015,,,Aduna,Ehunekoa,Aduna,0.7
2016,,,Aduna,Ehunekoa,Aduna,0.6
2017,,,Aduna,Ehunekoa,Aduna,0.7
2018,,,Aduna,Ehunekoa,Aduna,0.5
2019,,,Aduna,Ehunekoa,Aduna,0.5
2020,,,Aduna,Ehunekoa,Aduna,0.4
2014,,,Aizarnazabal,Ehunekoa,Aizarnazabal,0.8
2015,,,Aizarnazabal,Ehunekoa,Aizarnazabal,1.1
2016,,,Aizarnazabal,Ehunekoa,Aizarnazabal,1.0
2017,,,Aizarnazabal,Ehunekoa,Aizarnazabal,1.0
2018,,,Aizarnazabal,Ehunekoa,Aizarnazabal,1.0
2019,,,Aizarnazabal,Ehunekoa,Aizarnazabal,1.0
2020,,,Aizarnazabal,Ehunekoa,Aizarnazabal,1.2
2014,,,Albiztur,Ehunekoa,Albiztur,4.9
2015,,,Albiztur,Ehunekoa,Albiztur,4.0
2016,,,Albiztur,Ehunekoa,Albiztur,4.2
2017,,,Albiztur,Ehunekoa,Albiztur,4.7
2018,,,Albiztur,Ehunekoa,Albiztur,3.2
2019,,,Albiztur,Ehunekoa,Albiztur,4.1
2020,,,Albiztur,Ehunekoa,Albiztur,3.5
2014,,,Alegia,Ehunekoa,Alegia,0.8
2015,,,Alegia,Ehunekoa,Alegia,0.7
2016,,,Alegia,Ehunekoa,Alegia,0.8
2017,,,Alegia,Ehunekoa,Alegia,0.9
2018,,,Alegia,Ehunekoa,Alegia,0.6
2019,,,Alegia,Ehunekoa,Alegia,0.8
2020,,,Alegia,Ehunekoa,Alegia,0.6
2014,,,Alkiza,Ehunekoa,Alkiza,8.8
2015,,,Alkiza,Ehunekoa,Alkiza,10.6
2016,,,Alkiza,Ehunekoa,Alkiza,9.4
2017,,,Alkiza,Ehunekoa,Alkiza,11.3
2018,,,Alkiza,Ehunekoa,Alkiza,9.5
2019,,,Alkiza,Ehunekoa,Alkiza,11.3
2020,,,Alkiza,Ehunekoa,Alkiza,11.5
2014,,,Altzo,Ehunekoa,Altzo,1.3
2015,,,Altzo,Ehunekoa,Altzo,1.2
2016,,,Altzo,Ehunekoa,Altzo,1.2
2017,,,Altzo,Ehunekoa,Altzo,1.8
2018,,,Altzo,Ehunekoa,Altzo,1.2
2019,,,Altzo,Ehunekoa,Altzo,1.3
2020,,,Altzo,Ehunekoa,Altzo,1.0
2014,,,Amezketa,Ehunekoa,Amezketa,1.9
2015,,,Amezketa,Ehunekoa,Amezketa,1.7
2016,,,Amezketa,Ehunekoa,Amezketa,1.8
2017,,,Amezketa,Ehunekoa,Amezketa,2.1
2018,,,Amezketa,Ehunekoa,Amezketa,1.6
2019,,,Amezketa,Ehunekoa,Amezketa,1.5
2020,,,Amezketa,Ehunekoa,Amezketa,1.5
2014,,,Andoain,Ehunekoa,Andoain,0.2
2015,,,Andoain,Ehunekoa,Andoain,0.3
2016,,,Andoain,Ehunekoa,Andoain,0.2
2017,,,Andoain,Ehunekoa,Andoain,0.2
2018,,,Andoain,Ehunekoa,Andoain,0.2
2019,,,Andoain,Ehunekoa,Andoain,0.2
2020,,,Andoain,Ehunekoa,Andoain,0.2
2014,,EU2001,,Ehunekoa,EU2001,1.0
2015,,EU2001,,Ehunekoa,EU2001,1.1
2016,,EU2001,,Ehunekoa,EU2001,1.0
2017,,EU2001,,Ehunekoa,EU2001,1.3
2018,,EU2001,,Ehunekoa,EU2001,1.3
2019,,EU2001,,Ehunekoa,EU2001,1.3
2020,,EU2001,,Ehunekoa,EU2001,1.0
2014,,,Anoeta,Ehunekoa,Anoeta,0.3
2015,,,Anoeta,Ehunekoa,Anoeta,0.4
2016,,,Anoeta,Ehunekoa,Anoeta,0.4
2017,,,Anoeta,Ehunekoa,Anoeta,0.5
2018,,,Anoeta,Ehunekoa,Anoeta,0.4
2019,,,Anoeta,Ehunekoa,Anoeta,0.5
2020,,,Anoeta,Ehunekoa,Anoeta,0.5
2014,,,Antzuola,Ehunekoa,Antzuola,1.1
2015,,,Antzuola,Ehunekoa,Antzuola,1.3
2016,,,Antzuola,Ehunekoa,Antzuola,1.2
2017,,,Antzuola,Ehunekoa,Antzuola,1.5
2018,,,Antzuola,Ehunekoa,Antzuola,1.2
2019,,,Antzuola,Ehunekoa,Antzuola,1.6
2020,,,Antzuola,Ehunekoa,Antzuola,1.4
2014,,,Arama,Ehunekoa,Arama,1.5
2015,,,Arama,Ehunekoa,Arama,1.5
2016,,,Arama,Ehunekoa,Arama,0.4
2017,,,Arama,Ehunekoa,Arama,0.5
2018,,,Arama,Ehunekoa,Arama,0.4
2019,,,Arama,Ehunekoa,Arama,0.3
2020,,,Arama,Ehunekoa,Arama,0.4
2014,,,Aretxabaleta,Ehunekoa,Aretxabaleta,0.3
2015,,,Aretxabaleta,Ehunekoa,Aretxabaleta,0.4
2016,,,Aretxabaleta,Ehunekoa,Aretxabaleta,0.4
2017,,,Aretxabaleta,Ehunekoa,Aretxabaleta,0.5
2018,,,Aretxabaleta,Ehunekoa,Aretxabaleta,0.4
2019,,,Aretxabaleta,Ehunekoa,Aretxabaleta,0.5
2020,,,Aretxabaleta,Ehunekoa,Aretxabaleta,0.4
2014,,,Asteasu,Ehunekoa,Asteasu,2.2
2015,,,Asteasu,Ehunekoa,Asteasu,2.1
2016,,,Asteasu,Ehunekoa,Asteasu,1.6
2017,,,Asteasu,Ehunekoa,Asteasu,1.6
2018,,,Asteasu,Ehunekoa,Asteasu,1.4
2019,,,Asteasu,Ehunekoa,Asteasu,1.5
2020,,,Asteasu,Ehunekoa,Asteasu,1.5
2014,,,Ataun,Ehunekoa,Ataun,8.4
2015,,,Ataun,Ehunekoa,Ataun,7.5
2016,,,Ataun,Ehunekoa,Ataun,7.2
2017,,,Ataun,Ehunekoa,Ataun,7.9
2018,,,Ataun,Ehunekoa,Ataun,6.1
2019,,,Ataun,Ehunekoa,Ataun,7.7
2020,,,Ataun,Ehunekoa,Ataun,7.2
2014,,,Aia,Ehunekoa,Aia,5.3
2015,,,Aia,Ehunekoa,Aia,5.2
2016,,,Aia,Ehunekoa,Aia,4.7
2017,,,Aia,Ehunekoa,Aia,5.2
2018,,,Aia,Ehunekoa,Aia,4.2
2019,,,Aia,Ehunekoa,Aia,5.0
2020,,,Aia,Ehunekoa,Aia,4.9
2014,,,Azkoitia,Ehunekoa,Azkoitia,0.5
2015,,,Azkoitia,Ehunekoa,Azkoitia,0.6
2016,,,Azkoitia,Ehunekoa,Azkoitia,0.7
2017,,,Azkoitia,Ehunekoa,Azkoitia,0.9
2018,,,Azkoitia,Ehunekoa,Azkoitia,0.7
2019,,,Azkoitia,Ehunekoa,Azkoitia,0.9
2020,,,Azkoitia,Ehunekoa,Azkoitia,0.8
2014,,,Azpeitia,Ehunekoa,Azpeitia,0.6
2015,,,Azpeitia,Ehunekoa,Azpeitia,0.7
2016,,,Azpeitia,Ehunekoa,Azpeitia,0.7
2017,,,Azpeitia,Ehunekoa,Azpeitia,0.9
2018,,,Azpeitia,Ehunekoa,Azpeitia,0.7
2019,,,Azpeitia,Ehunekoa,Azpeitia,0.9
2020,,,Azpeitia,Ehunekoa,Azpeitia,0.9
2014,,,Beasain,Ehunekoa,Beasain,0.2
2015,,,Beasain,Ehunekoa,Beasain,0.2
2016,,,Beasain,Ehunekoa,Beasain,0.2
2017,,,Beasain,Ehunekoa,Beasain,0.2
2018,,,Beasain,Ehunekoa,Beasain,0.1
2019,,,Beasain,Ehunekoa,Beasain,0.2
2020,,,Beasain,Ehunekoa,Beasain,0.1
2014,,EU2002,,Ehunekoa,EU2002,0.4
2015,,EU2002,,Ehunekoa,EU2002,0.4
2016,,EU2002,,Ehunekoa,EU2002,0.5
2017,,EU2002,,Ehunekoa,EU2002,0.6
2018,,EU2002,,Ehunekoa,EU2002,0.5
2019,,EU2002,,Ehunekoa,EU2002,0.6
2020,,EU2002,,Ehunekoa,EU2002,0.6
2014,,,Beizama,Ehunekoa,Beizama,15.6
2015,,,Beizama,Ehunekoa,Beizama,16.5
2016,,,Beizama,Ehunekoa,Beizama,19.2
2017,,,Beizama,Ehunekoa,Beizama,19.9
2018,,,Beizama,Ehunekoa,Beizama,18.5
2019,,,Beizama,Ehunekoa,Beizama,23.8
2020,,,Beizama,Ehunekoa,Beizama,20.4
2014,,,Belauntza,Ehunekoa,Belauntza,1.7
2015,,,Belauntza,Ehunekoa,Belauntza,1.4
2016,,,Belauntza,Ehunekoa,Belauntza,1.3
2017,,,Belauntza,Ehunekoa,Belauntza,1.2
2018,,,Belauntza,Ehunekoa,Belauntza,0.9
2019,,,Belauntza,Ehunekoa,Belauntza,1.1
2020,,,Belauntza,Ehunekoa,Belauntza,1.0
2014,,,Berastegi,Ehunekoa,Berastegi,2.7
2015,,,Berastegi,Ehunekoa,Berastegi,2.7
2016,,,Berastegi,Ehunekoa,Berastegi,2.9
2017,,,Berastegi,Ehunekoa,Berastegi,3.7
2018,,,Berastegi,Ehunekoa,Berastegi,2.7
2019,,,Berastegi,Ehunekoa,Berastegi,3.7
2020,,,Berastegi,Ehunekoa,Berastegi,3.1
2014,,,Berrobi,Ehunekoa,Berrobi,3.2
2015,,,Berrobi,Ehunekoa,Berrobi,3.6
2016,,,Berrobi,Ehunekoa,Berrobi,3.3
2017,,,Berrobi,Ehunekoa,Berrobi,3.4
2018,,,Berrobi,Ehunekoa,Berrobi,2.6
2019,,,Berrobi,Ehunekoa,Berrobi,3.2
2020,,,Berrobi,Ehunekoa,Berrobi,3.4
2014,,,Bidania-Goiatz,Ehunekoa,Bidania-Goiatz,5.5
2015,,,Bidania-Goiatz,Ehunekoa,Bidania-Goiatz,6.8
2016,,,Bidania-Goiatz,Ehunekoa,Bidania-Goiatz,6.4
2017,,,Bidania-Goiatz,Ehunekoa,Bidania-Goiatz,6.4
2018,,,Bidania-Goiatz,Ehunekoa,Bidania-Goiatz,5.8
2019,,,Bidania-Goiatz,Ehunekoa,Bidania-Goiatz,6.5
2020,,,Bidania-Goiatz,Ehunekoa,Bidania-Goiatz,5.9
2014,,,Zegama,Ehunekoa,Zegama,3.6
2015,,,Zegama,Ehunekoa,Zegama,4.1
2016,,,Zegama,Ehunekoa,Zegama,3.3
2017,,,Zegama,Ehunekoa,Zegama,4.0
2018,,,Zegama,Ehunekoa,Zegama,2.6
2019,,,Zegama,Ehunekoa,Zegama,3.8
2020,,,Zegama,Ehunekoa,Zegama,3.4
2014,,,Zerain,Ehunekoa,Zerain,12.0
2015,,,Zerain,Ehunekoa,Zerain,10.9
2016,,,Zerain,Ehunekoa,Zerain,9.4
2017,,,Zerain,Ehunekoa,Zerain,9.9
2018,,,Zerain,Ehunekoa,Zerain,9.0
2019,,,Zerain,Ehunekoa,Zerain,8.2
2020,,,Zerain,Ehunekoa,Zerain,7.8
2014,,,Zestoa,Ehunekoa,Zestoa,1.6
2015,,,Zestoa,Ehunekoa,Zestoa,1.6
2016,,,Zestoa,Ehunekoa,Zestoa,1.7
2017,,,Zestoa,Ehunekoa,Zestoa,2.0
2018,,,Zestoa,Ehunekoa,Zestoa,1.7
2019,,,Zestoa,Ehunekoa,Zestoa,1.9
2020,,,Zestoa,Ehunekoa,Zestoa,1.6
2014,,,Zizurkil,Ehunekoa,Zizurkil,1.2
2015,,,Zizurkil,Ehunekoa,Zizurkil,1.2
2016,,,Zizurkil,Ehunekoa,Zizurkil,1.1
2017,,,Zizurkil,Ehunekoa,Zizurkil,1.2
2018,,,Zizurkil,Ehunekoa,Zizurkil,0.9
2019,,,Zizurkil,Ehunekoa,Zizurkil,1.1
2020,,,Zizurkil,Ehunekoa,Zizurkil,1.0
2014,,,Deba,Ehunekoa,Deba,1.1
2015,,,Deba,Ehunekoa,Deba,1.1
2016,,,Deba,Ehunekoa,Deba,1.1
2017,,,Deba,Ehunekoa,Deba,1.3
2018,,,Deba,Ehunekoa,Deba,0.9
2019,,,Deba,Ehunekoa,Deba,1.2
2020,,,Deba,Ehunekoa,Deba,1.2
2014,,EU2003,,Ehunekoa,EU2003,0.5
2015,,EU2003,,Ehunekoa,EU2003,0.5
2016,,EU2003,,Ehunekoa,EU2003,0.5
2017,,EU2003,,Ehunekoa,EU2003,0.7
2018,,EU2003,,Ehunekoa,EU2003,0.4
2019,,EU2003,,Ehunekoa,EU2003,0.6
2020,,EU2003,,Ehunekoa,EU2003,0.5
2014,,,Eibar,Ehunekoa,Eibar,0.1
2015,,,Eibar,Ehunekoa,Eibar,0.1
2016,,,Eibar,Ehunekoa,Eibar,0.2
2017,,,Eibar,Ehunekoa,Eibar,0.2
2018,,,Eibar,Ehunekoa,Eibar,0.2
2019,,,Eibar,Ehunekoa,Eibar,0.2
2020,,,Eibar,Ehunekoa,Eibar,0.2
2014,,,Elduain,Ehunekoa,Elduain,7.9
2015,,,Elduain,Ehunekoa,Elduain,7.0
2016,,,Elduain,Ehunekoa,Elduain,5.8
2017,,,Elduain,Ehunekoa,Elduain,7.2
2018,,,Elduain,Ehunekoa,Elduain,6.5
2019,,,Elduain,Ehunekoa,Elduain,7.8
2020,,,Elduain,Ehunekoa,Elduain,7.2
2014,,,Elgoibar,Ehunekoa,Elgoibar,0.3
2015,,,Elgoibar,Ehunekoa,Elgoibar,0.3
2016,,,Elgoibar,Ehunekoa,Elgoibar,0.3
2017,,,Elgoibar,Ehunekoa,Elgoibar,0.4
2018,,,Elgoibar,Ehunekoa,Elgoibar,0.3
2019,,,Elgoibar,Ehunekoa,Elgoibar,0.5
2020,,,Elgoibar,Ehunekoa,Elgoibar,0.4
2014,,,Elgeta,Ehunekoa,Elgeta,0.9
2015,,,Elgeta,Ehunekoa,Elgeta,1.0
2016,,,Elgeta,Ehunekoa,Elgeta,1.2
2017,,,Elgeta,Ehunekoa,Elgeta,1.5
2018,,,Elgeta,Ehunekoa,Elgeta,0.9
2019,,,Elgeta,Ehunekoa,Elgeta,1.3
2020,,,Elgeta,Ehunekoa,Elgeta,1.3
2014,,,Eskoriatza,Ehunekoa,Eskoriatza,0.7
2015,,,Eskoriatza,Ehunekoa,Eskoriatza,0.7
2016,,,Eskoriatza,Ehunekoa,Eskoriatza,0.8
2017,,,Eskoriatza,Ehunekoa,Eskoriatza,1.0
2018,,,Eskoriatza,Ehunekoa,Eskoriatza,0.9
2019,,,Eskoriatza,Ehunekoa,Eskoriatza,1.0
2020,,,Eskoriatza,Ehunekoa,Eskoriatza,1.0
2014,,,Ezkio-Itsaso,Ehunekoa,Ezkio-Itsaso,1.7
2015,,,Ezkio-Itsaso,Ehunekoa,Ezkio-Itsaso,1.7
2016,,,Ezkio-Itsaso,Ehunekoa,Ezkio-Itsaso,1.9
2017,,,Ezkio-Itsaso,Ehunekoa,Ezkio-Itsaso,2.5
2018,,,Ezkio-Itsaso,Ehunekoa,Ezkio-Itsaso,1.6
2019,,,Ezkio-Itsaso,Ehunekoa,Ezkio-Itsaso,2.1
2020,,,Ezkio-Itsaso,Ehunekoa,Ezkio-Itsaso,1.9
2014,,,Hondarribia,Ehunekoa,Hondarribia,4.5
2015,,,Hondarribia,Ehunekoa,Hondarribia,5.2
2016,,,Hondarribia,Ehunekoa,Hondarribia,4.8
2017,,,Hondarribia,Ehunekoa,Hondarribia,6.6
2018,,,Hondarribia,Ehunekoa,Hondarribia,6.0
2019,,,Hondarribia,Ehunekoa,Hondarribia,5.8
2020,,,Hondarribia,Ehunekoa,Hondarribia,4.7
2014,,,Gaintza,Ehunekoa,Gaintza,13.7
2015,,,Gaintza,Ehunekoa,Gaintza,13.9
2016,,,Gaintza,Ehunekoa,Gaintza,13.8
2017,,,Gaintza,Ehunekoa,Gaintza,16.5
2018,,,Gaintza,Ehunekoa,Gaintza,12.3
2019,,,Gaintza,Ehunekoa,Gaintza,15.7
2020,,,Gaintza,Ehunekoa,Gaintza,14.6
2014,,,Gabiria,Ehunekoa,Gabiria,5.7
2015,,,Gabiria,Ehunekoa,Gabiria,6.6
2016,,,Gabiria,Ehunekoa,Gabiria,6.3
2017,,,Gabiria,Ehunekoa,Gabiria,6.6
2018,,,Gabiria,Ehunekoa,Gabiria,4.9
2019,,,Gabiria,Ehunekoa,Gabiria,5.8
2020,,,Gabiria,Ehunekoa,Gabiria,6.2
2014,,,Getaria,Ehunekoa,Getaria,18.1
2015,,,Getaria,Ehunekoa,Getaria,20.7
2016,,,Getaria,Ehunekoa,Getaria,19.2
2017,,,Getaria,Ehunekoa,Getaria,24.7
2018,,,Getaria,Ehunekoa,Getaria,23.0
2019,,,Getaria,Ehunekoa,Getaria,20.8
2020,,,Getaria,Ehunekoa,Getaria,17.6
2014,,EU2004,,Ehunekoa,EU2004,0.2
2015,,EU2004,,Ehunekoa,EU2004,0.2
2016,,EU2004,,Ehunekoa,EU2004,0.2
2017,,EU2004,,Ehunekoa,EU2004,0.2
2018,,EU2004,,Ehunekoa,EU2004,0.2
2019,,EU2004,,Ehunekoa,EU2004,0.2
2020,,EU2004,,Ehunekoa,EU2004,0.2
2014,,,Hernani,Ehunekoa,Hernani,0.5
2015,,,Hernani,Ehunekoa,Hernani,0.5
2016,,,Hernani,Ehunekoa,Hernani,0.4
2017,,,Hernani,Ehunekoa,Hernani,0.3
2018,,,Hernani,Ehunekoa,Hernani,0.3
2019,,,Hernani,Ehunekoa,Hernani,0.3
2020,,,Hernani,Ehunekoa,Hernani,0.3
2014,,,Hernialde,Ehunekoa,Hernialde,4.9
2015,,,Hernialde,Ehunekoa,Hernialde,7.3
2016,,,Hernialde,Ehunekoa,Hernialde,5.8
2017,,,Hernialde,Ehunekoa,Hernialde,7.0
2018,,,Hernialde,Ehunekoa,Hernialde,5.4
2019,,,Hernialde,Ehunekoa,Hernialde,5.5
2020,,,Hernialde,Ehunekoa,Hernialde,5.5
2014,,,Ibarra,Ehunekoa,Ibarra,0.6
2015,,,Ibarra,Ehunekoa,Ibarra,0.6
2016,,,Ibarra,Ehunekoa,Ibarra,0.5
2017,,,Ibarra,Ehunekoa,Ibarra,0.6
2018,,,Ibarra,Ehunekoa,Ibarra,0.5
2019,,,Ibarra,Ehunekoa,Ibarra,0.5
2020,,,Ibarra,Ehunekoa,Ibarra,0.5
2014,,,Idiazabal,Ehunekoa,Idiazabal,1.6
2015,,,Idiazabal,Ehunekoa,Idiazabal,2.5
2016,,,Idiazabal,Ehunekoa,Idiazabal,1.6
2017,,,Idiazabal,Ehunekoa,Idiazabal,1.9
2018,,,Idiazabal,Ehunekoa,Idiazabal,1.3
2019,,,Idiazabal,Ehunekoa,Idiazabal,1.2
2020,,,Idiazabal,Ehunekoa,Idiazabal,1.0
2014,,,Ikaztegieta,Ehunekoa,Ikaztegieta,0.6
2015,,,Ikaztegieta,Ehunekoa,Ikaztegieta,0.8
2016,,,Ikaztegieta,Ehunekoa,Ikaztegieta,0.5
2017,,,Ikaztegieta,Ehunekoa,Ikaztegieta,0.5
2018,,,Ikaztegieta,Ehunekoa,Ikaztegieta,0.4
2019,,,Ikaztegieta,Ehunekoa,Ikaztegieta,0.4
2020,,,Ikaztegieta,Ehunekoa,Ikaztegieta,0.5
2014,,,Irun,Ehunekoa,Irun,0.1
2015,,,Irun,Ehunekoa,Irun,0.2
2016,,,Irun,Ehunekoa,Irun,0.1
2017,,,Irun,Ehunekoa,Irun,0.1
2018,,,Irun,Ehunekoa,Irun,0.1
2019,,,Irun,Ehunekoa,Irun,0.1
2020,,,Irun,Ehunekoa,Irun,0.1
2014,,,Irura,Ehunekoa,Irura,0.1
2015,,,Irura,Ehunekoa,Irura,0.1
2016,,,Irura,Ehunekoa,Irura,0.1
2017,,,Irura,Ehunekoa,Irura,0.1
2018,,,Irura,Ehunekoa,Irura,0.1
2019,,,Irura,Ehunekoa,Irura,0.1
2020,,,Irura,Ehunekoa,Irura,0.1
2014,,,Itsasondo,Ehunekoa,Itsasondo,1.0
2015,,,Itsasondo,Ehunekoa,Itsasondo,1.2
2016,,,Itsasondo,Ehunekoa,Itsasondo,1.4
2017,,,Itsasondo,Ehunekoa,Itsasondo,1.7
2018,,,Itsasondo,Ehunekoa,Itsasondo,1.6
2019,,,Itsasondo,Ehunekoa,Itsasondo,1.8
2020,,,Itsasondo,Ehunekoa,Itsasondo,1.3
2014,,,Larraul,Ehunekoa,Larraul,6.8
2015,,,Larraul,Ehunekoa,Larraul,7.5
2016,,,Larraul,Ehunekoa,Larraul,4.8
2017,,,Larraul,Ehunekoa,Larraul,4.5
2018,,,Larraul,Ehunekoa,Larraul,4.3
2019,,,Larraul,Ehunekoa,Larraul,4.3
2020,,,Larraul,Ehunekoa,Larraul,5.1
2014,,,Lazkao,Ehunekoa,Lazkao,0.8
2015,,,Lazkao,Ehunekoa,Lazkao,0.8
2016,,,Lazkao,Ehunekoa,Lazkao,0.8
2017,,,Lazkao,Ehunekoa,Lazkao,0.9
2018,,,Lazkao,Ehunekoa,Lazkao,0.6
2019,,,Lazkao,Ehunekoa,Lazkao,0.7
2020,,,Lazkao,Ehunekoa,Lazkao,0.7
2014,,EU2005,,Ehunekoa,EU2005,0.6
2015,,EU2005,,Ehunekoa,EU2005,0.7
2016,,EU2005,,Ehunekoa,EU2005,0.6
2017,,EU2005,,Ehunekoa,EU2005,0.7
2018,,EU2005,,Ehunekoa,EU2005,0.5
2019,,EU2005,,Ehunekoa,EU2005,0.6
2020,,EU2005,,Ehunekoa,EU2005,0.6
2014,,,Leaburu,Ehunekoa,Leaburu,2.0
2015,,,Leaburu,Ehunekoa,Leaburu,1.9
2016,,,Leaburu,Ehunekoa,Leaburu,1.8
2017,,,Leaburu,Ehunekoa,Leaburu,2.1
2018,,,Leaburu,Ehunekoa,Leaburu,1.7
2019,,,Leaburu,Ehunekoa,Leaburu,2.1
2020,,,Leaburu,Ehunekoa,Leaburu,2.0
2014,,,Legazpi,Ehunekoa,Legazpi,0.4
2015,,,Legazpi,Ehunekoa,Legazpi,0.3
2016,,,Legazpi,Ehunekoa,Legazpi,0.4
2017,,,Legazpi,Ehunekoa,Legazpi,0.5
2018,,,Legazpi,Ehunekoa,Legazpi,0.3
2019,,,Legazpi,Ehunekoa,Legazpi,0.5
2020,,,Legazpi,Ehunekoa,Legazpi,0.4
2014,,,Legorreta,Ehunekoa,Legorreta,2.1
2015,,,Legorreta,Ehunekoa,Legorreta,2.3
2016,,,Legorreta,Ehunekoa,Legorreta,1.6
2017,,,Legorreta,Ehunekoa,Legorreta,1.5
2018,,,Legorreta,Ehunekoa,Legorreta,1.2
2019,,,Legorreta,Ehunekoa,Legorreta,1.2
2020,,,Legorreta,Ehunekoa,Legorreta,1.0
2014,,,Lezo,Ehunekoa,Lezo,0.1
2015,,,Lezo,Ehunekoa,Lezo,0.2
2016,,,Lezo,Ehunekoa,Lezo,0.1
2017,,,Lezo,Ehunekoa,Lezo,0.2
2018,,,Lezo,Ehunekoa,Lezo,0.1
2019,,,Lezo,Ehunekoa,Lezo,0.1
2020,,,Lezo,Ehunekoa,Lezo,0.1
2014,,,Lizartza,Ehunekoa,Lizartza,1.6
2015,,,Lizartza,Ehunekoa,Lizartza,1.7
2016,,,Lizartza,Ehunekoa,Lizartza,1.6
2017,,,Lizartza,Ehunekoa,Lizartza,1.8
2018,,,Lizartza,Ehunekoa,Lizartza,1.3
2019,,,Lizartza,Ehunekoa,Lizartza,1.6
2020,,,Lizartza,Ehunekoa,Lizartza,1.4
2014,,,Arrasate/Mondragón,Ehunekoa,Arrasate/Mondragón,0.1
2015,,,Arrasate/Mondragón,Ehunekoa,Arrasate/Mondragón,0.1
2016,,,Arrasate/Mondragón,Ehunekoa,Arrasate/Mondragón,0.2
2017,,,Arrasate/Mondragón,Ehunekoa,Arrasate/Mondragón,0.2
2018,,,Arrasate/Mondragón,Ehunekoa,Arrasate/Mondragón,0.1
2019,,,Arrasate/Mondragón,Ehunekoa,Arrasate/Mondragón,0.2
2020,,,Arrasate/Mondragón,Ehunekoa,Arrasate/Mondragón,0.2
2014,,,Mutriku,Ehunekoa,Mutriku,2.1
2015,,,Mutriku,Ehunekoa,Mutriku,2.1
2016,,,Mutriku,Ehunekoa,Mutriku,2.3
2017,,,Mutriku,Ehunekoa,Mutriku,2.5
2018,,,Mutriku,Ehunekoa,Mutriku,2.4
2019,,,Mutriku,Ehunekoa,Mutriku,2.5
2020,,,Mutriku,Ehunekoa,Mutriku,2.6
2014,,,Mutiloa,Ehunekoa,Mutiloa,10.1
2015,,,Mutiloa,Ehunekoa,Mutiloa,10.2
2016,,,Mutiloa,Ehunekoa,Mutiloa,11.8
2017,,,Mutiloa,Ehunekoa,Mutiloa,14.0
2018,,,Mutiloa,Ehunekoa,Mutiloa,7.0
2019,,,Mutiloa,Ehunekoa,Mutiloa,7.7
2020,,,Mutiloa,Ehunekoa,Mutiloa,8.0
2014,,,Olaberria,Ehunekoa,Olaberria,0.2
2015,,,Olaberria,Ehunekoa,Olaberria,0.2
2016,,,Olaberria,Ehunekoa,Olaberria,0.2
2017,,,Olaberria,Ehunekoa,Olaberria,0.3
2018,,,Olaberria,Ehunekoa,Olaberria,0.2
2019,,,Olaberria,Ehunekoa,Olaberria,0.2
2020,,,Olaberria,Ehunekoa,Olaberria,0.2
2014,,,Oñati,Ehunekoa,Oñati,0.7
2015,,,Oñati,Ehunekoa,Oñati,0.7
2016,,,Oñati,Ehunekoa,Oñati,0.7
2017,,,Oñati,Ehunekoa,Oñati,0.8
2018,,,Oñati,Ehunekoa,Oñati,0.6
2019,,,Oñati,Ehunekoa,Oñati,0.7
2020,,,Oñati,Ehunekoa,Oñati,0.7
2014,,EU2006,,Ehunekoa,EU2006,1.1
2015,,EU2006,,Ehunekoa,EU2006,1.1
2016,,EU2006,,Ehunekoa,EU2006,1.0
2017,,EU2006,,Ehunekoa,EU2006,1.1
2018,,EU2006,,Ehunekoa,EU2006,0.9
2019,,EU2006,,Ehunekoa,EU2006,1.0
2020,,EU2006,,Ehunekoa,EU2006,0.9
2014,,,Orexa,Ehunekoa,Orexa,8.1
2015,,,Orexa,Ehunekoa,Orexa,11.2
2016,,,Orexa,Ehunekoa,Orexa,14.0
2017,,,Orexa,Ehunekoa,Orexa,16.5
2018,,,Orexa,Ehunekoa,Orexa,14.2
2019,,,Orexa,Ehunekoa,Orexa,10.5
2020,,,Orexa,Ehunekoa,Orexa,10.8
2014,,,Orio,Ehunekoa,Orio,4.7
2015,,,Orio,Ehunekoa,Orio,5.1
2016,,,Orio,Ehunekoa,Orio,5.7
2017,,,Orio,Ehunekoa,Orio,7.7
2018,,,Orio,Ehunekoa,Orio,7.7
2019,,,Orio,Ehunekoa,Orio,6.3
2020,,,Orio,Ehunekoa,Orio,3.6
2014,,,Ormaiztegi,Ehunekoa,Ormaiztegi,0.4
2015,,,Ormaiztegi,Ehunekoa,Ormaiztegi,0.3
2016,,,Ormaiztegi,Ehunekoa,Ormaiztegi,0.3
2017,,,Ormaiztegi,Ehunekoa,Ormaiztegi,0.3
2018,,,Ormaiztegi,Ehunekoa,Ormaiztegi,0.2
2019,,,Ormaiztegi,Ehunekoa,Ormaiztegi,0.3
2020,,,Ormaiztegi,Ehunekoa,Ormaiztegi,0.4
2014,,,Oiartzun,Ehunekoa,Oiartzun,0.5
2015,,,Oiartzun,Ehunekoa,Oiartzun,0.5
2016,,,Oiartzun,Ehunekoa,Oiartzun,0.4
2017,,,Oiartzun,Ehunekoa,Oiartzun,0.4
2018,,,Oiartzun,Ehunekoa,Oiartzun,0.3
2019,,,Oiartzun,Ehunekoa,Oiartzun,0.3
2020,,,Oiartzun,Ehunekoa,Oiartzun,0.3
2014,,,Pasaia,Ehunekoa,Pasaia,2.3
2015,,,Pasaia,Ehunekoa,Pasaia,2.4
2016,,,Pasaia,Ehunekoa,Pasaia,2.4
2017,,,Pasaia,Ehunekoa,Pasaia,2.1
2018,,,Pasaia,Ehunekoa,Pasaia,2.6
2019,,,Pasaia,Ehunekoa,Pasaia,3.8
2020,,,Pasaia,Ehunekoa,Pasaia,3.5
2014,,,Soraluze/Placencia de las Armas,Ehunekoa,Soraluze/Placencia de las Armas,0.5
2015,,,Soraluze/Placencia de las Armas,Ehunekoa,Soraluze/Placencia de las Armas,0.5
2016,,,Soraluze/Placencia de las Armas,Ehunekoa,Soraluze/Placencia de las Armas,0.6
2017,,,Soraluze/Placencia de las Armas,Ehunekoa,Soraluze/Placencia de las Armas,0.8
2018,,,Soraluze/Placencia de las Armas,Ehunekoa,Soraluze/Placencia de las Armas,0.6
2019,,,Soraluze/Placencia de las Armas,Ehunekoa,Soraluze/Placencia de las Armas,0.8
2020,,,Soraluze/Placencia de las Armas,Ehunekoa,Soraluze/Placencia de las Armas,0.8
2014,,,Errezil,Ehunekoa,Errezil,5.1
2015,,,Errezil,Ehunekoa,Errezil,5.1
2016,,,Errezil,Ehunekoa,Errezil,6.4
2017,,,Errezil,Ehunekoa,Errezil,7.4
2018,,,Errezil,Ehunekoa,Errezil,6.0
2019,,,Errezil,Ehunekoa,Errezil,7.3
2020,,,Errezil,Ehunekoa,Errezil,5.9
2014,,,Errenteria,Ehunekoa,Errenteria,0.1
2015,,,Errenteria,Ehunekoa,Errenteria,0.1
2016,,,Errenteria,Ehunekoa,Errenteria,0.1
2017,,,Errenteria,Ehunekoa,Errenteria,0.2
2018,,,Errenteria,Ehunekoa,Errenteria,0.1
2019,,,Errenteria,Ehunekoa,Errenteria,0.1
2020,,,Errenteria,Ehunekoa,Errenteria,0.1
2014,,,Leintz-Gatzaga,Ehunekoa,Leintz-Gatzaga,4.5
2015,,,Leintz-Gatzaga,Ehunekoa,Leintz-Gatzaga,5.8
2016,,,Leintz-Gatzaga,Ehunekoa,Leintz-Gatzaga,6.3
2017,,,Leintz-Gatzaga,Ehunekoa,Leintz-Gatzaga,7.2
2018,,,Leintz-Gatzaga,Ehunekoa,Leintz-Gatzaga,5.0
2019,,,Leintz-Gatzaga,Ehunekoa,Leintz-Gatzaga,6.7
2020,,,Leintz-Gatzaga,Ehunekoa,Leintz-Gatzaga,8.3
2014,,,Donostia / San Sebastián,Ehunekoa,Donostia / San Sebastián,0.1
2015,,,Donostia / San Sebastián,Ehunekoa,Donostia / San Sebastián,0.1
2016,,,Donostia / San Sebastián,Ehunekoa,Donostia / San Sebastián,0.0
2017,,,Donostia / San Sebastián,Ehunekoa,Donostia / San Sebastián,0.0
2018,,,Donostia / San Sebastián,Ehunekoa,Donostia / San Sebastián,0.0
2019,,,Donostia / San Sebastián,Ehunekoa,Donostia / San Sebastián,0.0
2020,,,Donostia / San Sebastián,Ehunekoa,Donostia / San Sebastián,0.0
2014,,EU2007,,Ehunekoa,EU2007,1.7
2015,,EU2007,,Ehunekoa,EU2007,1.9
2016,,EU2007,,Ehunekoa,EU2007,1.9
2017,,EU2007,,Ehunekoa,EU2007,2.5
2018,,EU2007,,Ehunekoa,EU2007,2.1
2019,,EU2007,,Ehunekoa,EU2007,2.2
2020,,EU2007,,Ehunekoa,EU2007,1.9
2014,,,Segura,Ehunekoa,Segura,2.6
2015,,,Segura,Ehunekoa,Segura,2.7
2016,,,Segura,Ehunekoa,Segura,2.4
2017,,,Segura,Ehunekoa,Segura,2.9
2018,,,Segura,Ehunekoa,Segura,2.4
2019,,,Segura,Ehunekoa,Segura,2.9
2020,,,Segura,Ehunekoa,Segura,2.8
2014,,,Tolosa,Ehunekoa,Tolosa,0.5
2015,,,Tolosa,Ehunekoa,Tolosa,0.4
2016,,,Tolosa,Ehunekoa,Tolosa,0.4
2017,,,Tolosa,Ehunekoa,Tolosa,0.4
2018,,,Tolosa,Ehunekoa,Tolosa,0.3
2019,,,Tolosa,Ehunekoa,Tolosa,0.3
2020,,,Tolosa,Ehunekoa,Tolosa,0.3
2014,,,Urnieta,Ehunekoa,Urnieta,0.6
2015,,,Urnieta,Ehunekoa,Urnieta,0.6
2016,,,Urnieta,Ehunekoa,Urnieta,0.6
2017,,,Urnieta,Ehunekoa,Urnieta,0.6
2018,,,Urnieta,Ehunekoa,Urnieta,0.5
2019,,,Urnieta,Ehunekoa,Urnieta,0.6
2020,,,Urnieta,Ehunekoa,Urnieta,0.6
2014,,,Usurbil,Ehunekoa,Usurbil,0.5
2015,,,Usurbil,Ehunekoa,Usurbil,0.6
2016,,,Usurbil,Ehunekoa,Usurbil,0.6
2017,,,Usurbil,Ehunekoa,Usurbil,0.7
2018,,,Usurbil,Ehunekoa,Usurbil,0.5
2019,,,Usurbil,Ehunekoa,Usurbil,0.6
2020,,,Usurbil,Ehunekoa,Usurbil,0.6
2014,,,Bergara,Ehunekoa,Bergara,0.7
2015,,,Bergara,Ehunekoa,Bergara,0.8
2016,,,Bergara,Ehunekoa,Bergara,0.8
2017,,,Bergara,Ehunekoa,Bergara,0.9
2018,,,Bergara,Ehunekoa,Bergara,0.6
2019,,,Bergara,Ehunekoa,Bergara,0.8
2020,,,Bergara,Ehunekoa,Bergara,0.7
2014,,,Villabona,Ehunekoa,Villabona,0.6
2015,,,Villabona,Ehunekoa,Villabona,0.6
2016,,,Villabona,Ehunekoa,Villabona,0.5
2017,,,Villabona,Ehunekoa,Villabona,0.6
2018,,,Villabona,Ehunekoa,Villabona,0.5
2019,,,Villabona,Ehunekoa,Villabona,0.6
2020,,,Villabona,Ehunekoa,Villabona,0.5
2014,,,Ordizia,Ehunekoa,Ordizia,0.1
2015,,,Ordizia,Ehunekoa,Ordizia,0.1
2016,,,Ordizia,Ehunekoa,Ordizia,0.1
2017,,,Ordizia,Ehunekoa,Ordizia,0.2
2018,,,Ordizia,Ehunekoa,Ordizia,0.1
2019,,,Ordizia,Ehunekoa,Ordizia,0.2
2020,,,Ordizia,Ehunekoa,Ordizia,0.2
2014,,,Urretxu,Ehunekoa,Urretxu,0.3
2015,,,Urretxu,Ehunekoa,Urretxu,0.3
2016,,,Urretxu,Ehunekoa,Urretxu,0.3
2017,,,Urretxu,Ehunekoa,Urretxu,0.3
2018,,,Urretxu,Ehunekoa,Urretxu,0.3
2019,,,Urretxu,Ehunekoa,Urretxu,0.3
2020,,,Urretxu,Ehunekoa,Urretxu,0.3
2014,,,Zaldibia,Ehunekoa,Zaldibia,2.4
2015,,,Zaldibia,Ehunekoa,Zaldibia,2.7
2016,,,Zaldibia,Ehunekoa,Zaldibia,2.8
2017,,,Zaldibia,Ehunekoa,Zaldibia,3.5
2018,,,Zaldibia,Ehunekoa,Zaldibia,2.8
2019,,,Zaldibia,Ehunekoa,Zaldibia,3.2
2020,,,Zaldibia,Ehunekoa,Zaldibia,3.1
2014,,,Zarautz,Ehunekoa,Zarautz,0.4
2015,,,Zarautz,Ehunekoa,Zarautz,0.5
2016,,,Zarautz,Ehunekoa,Zarautz,0.4
2017,,,Zarautz,Ehunekoa,Zarautz,0.5
2018,,,Zarautz,Ehunekoa,Zarautz,0.4
2019,,,Zarautz,Ehunekoa,Zarautz,0.5
2020,,,Zarautz,Ehunekoa,Zarautz,0.5
2014,,,Zumarraga,Ehunekoa,Zumarraga,0.3
2015,,,Zumarraga,Ehunekoa,Zumarraga,0.3
2016,,,Zumarraga,Ehunekoa,Zumarraga,0.4
2017,,,Zumarraga,Ehunekoa,Zumarraga,0.4
2018,,,Zumarraga,Ehunekoa,Zumarraga,0.3
2019,,,Zumarraga,Ehunekoa,Zumarraga,0.4
2020,,,Zumarraga,Ehunekoa,Zumarraga,0.3
2014,,,Zumaia,Ehunekoa,Zumaia,0.3
2015,,,Zumaia,Ehunekoa,Zumaia,0.3
2016,,,Zumaia,Ehunekoa,Zumaia,0.3
2017,,,Zumaia,Ehunekoa,Zumaia,0.4
2018,,,Zumaia,Ehunekoa,Zumaia,0.3
2019,,,Zumaia,Ehunekoa,Zumaia,0.3
2020,,,Zumaia,Ehunekoa,Zumaia,0.4
2014,,,Mendaro,Ehunekoa,Mendaro,0.5
2015,,,Mendaro,Ehunekoa,Mendaro,0.6
2016,,,Mendaro,Ehunekoa,Mendaro,0.7
2017,,,Mendaro,Ehunekoa,Mendaro,0.8
2018,,,Mendaro,Ehunekoa,Mendaro,0.5
2019,,,Mendaro,Ehunekoa,Mendaro,0.7
2020,,,Mendaro,Ehunekoa,Mendaro,0.6
2014,,,Lasarte-Oria,Ehunekoa,Lasarte-Oria,0.1
2015,,,Lasarte-Oria,Ehunekoa,Lasarte-Oria,0.1
2016,,,Lasarte-Oria,Ehunekoa,Lasarte-Oria,0.1
2017,,,Lasarte-Oria,Ehunekoa,Lasarte-Oria,0.1
2018,,,Lasarte-Oria,Ehunekoa,Lasarte-Oria,0.1
2019,,,Lasarte-Oria,Ehunekoa,Lasarte-Oria,0.1
2020,,,Lasarte-Oria,Ehunekoa,Lasarte-Oria,0.1
2014,,,Astigarraga,Ehunekoa,Astigarraga,0.1
2015,,,Astigarraga,Ehunekoa,Astigarraga,0.1
2016,,,Astigarraga,Ehunekoa,Astigarraga,0.1
2017,,,Astigarraga,Ehunekoa,Astigarraga,0.2
2018,,,Astigarraga,Ehunekoa,Astigarraga,0.2
2019,,,Astigarraga,Ehunekoa,Astigarraga,0.2
2020,,,Astigarraga,Ehunekoa,Astigarraga,0.3
2014,,,Baliarrain,Ehunekoa,Baliarrain,9.5
2015,,,Baliarrain,Ehunekoa,Baliarrain,8.2
2016,,,Baliarrain,Ehunekoa,Baliarrain,7.2
2017,,,Baliarrain,Ehunekoa,Baliarrain,7.1
2018,,,Baliarrain,Ehunekoa,Baliarrain,6.2
2019,,,Baliarrain,Ehunekoa,Baliarrain,6.8
2020,,,Baliarrain,Ehunekoa,Baliarrain,6.1
2014,,,Orendain,Ehunekoa,Orendain,19.7
2015,,,Orendain,Ehunekoa,Orendain,16.8
2016,,,Orendain,Ehunekoa,Orendain,18.6
2017,,,Orendain,Ehunekoa,Orendain,18.0
2018,,,Orendain,Ehunekoa,Orendain,14.2
2019,,,Orendain,Ehunekoa,Orendain,15.1
2020,,,Orendain,Ehunekoa,Orendain,16.1
2014,,,Altzaga,Ehunekoa,Altzaga,4.7
2015,,,Altzaga,Ehunekoa,Altzaga,5.5
2016,,,Altzaga,Ehunekoa,Altzaga,5.4
2017,,,Altzaga,Ehunekoa,Altzaga,6.0
2018,,,Altzaga,Ehunekoa,Altzaga,4.7
2019,,,Altzaga,Ehunekoa,Altzaga,4.9
2020,,,Altzaga,Ehunekoa,Altzaga,4.8
2014,,,Gaztelu,Ehunekoa,Gaztelu,12.1
2015,,,Gaztelu,Ehunekoa,Gaztelu,13.8
2016,,,Gaztelu,Ehunekoa,Gaztelu,16.4
2017,,,Gaztelu,Ehunekoa,Gaztelu,18.0
2018,,,Gaztelu,Ehunekoa,Gaztelu,15.6
2019,,,Gaztelu,Ehunekoa,Gaztelu,19.9
2020,,,Gaztelu,Ehunekoa,Gaztelu,20.0
2010,Bizkaia,,,Ehunekoa,Bizkaia,0.6
2011,Bizkaia,,,Ehunekoa,Bizkaia,0.7
2012,Bizkaia,,,Ehunekoa,Bizkaia,0.8
2013,Bizkaia,,,Ehunekoa,Bizkaia,0.9
2014,Bizkaia,,,Ehunekoa,Bizkaia,0.6
2015,Bizkaia,,,Ehunekoa,Bizkaia,0.6
2016,Bizkaia,,,Ehunekoa,Bizkaia,0.6
2017,Bizkaia,,,Ehunekoa,Bizkaia,0.8
2018,Bizkaia,,,Ehunekoa,Bizkaia,0.7
2019,Bizkaia,,,Ehunekoa,Bizkaia,0.7
2020,Bizkaia,,,Ehunekoa,Bizkaia,0.7
2021,Bizkaia,,,Ehunekoa,Bizkaia,0.7
2022,Bizkaia,,,Ehunekoa,Bizkaia,0.9
2014,,,Abadiño,Ehunekoa,Abadiño,0.2
2015,,,Abadiño,Ehunekoa,Abadiño,0.2
2016,,,Abadiño,Ehunekoa,Abadiño,0.2
2017,,,Abadiño,Ehunekoa,Abadiño,0.2
2018,,,Abadiño,Ehunekoa,Abadiño,0.2
2019,,,Abadiño,Ehunekoa,Abadiño,0.2
2020,,,Abadiño,Ehunekoa,Abadiño,0.3
2014,,,Abanto y Ciérvana-Abanto Zierbena,Ehunekoa,Abanto y Ciérvana-Abanto Zierbena,0.5
2015,,,Abanto y Ciérvana-Abanto Zierbena,Ehunekoa,Abanto y Ciérvana-Abanto Zierbena,0.3
2016,,,Abanto y Ciérvana-Abanto Zierbena,Ehunekoa,Abanto y Ciérvana-Abanto Zierbena,0.3
2017,,,Abanto y Ciérvana-Abanto Zierbena,Ehunekoa,Abanto y Ciérvana-Abanto Zierbena,0.3
2018,,,Abanto y Ciérvana-Abanto Zierbena,Ehunekoa,Abanto y Ciérvana-Abanto Zierbena,0.2
2019,,,Abanto y Ciérvana-Abanto Zierbena,Ehunekoa,Abanto y Ciérvana-Abanto Zierbena,0.2
2020,,,Abanto y Ciérvana-Abanto Zierbena,Ehunekoa,Abanto y Ciérvana-Abanto Zierbena,0.2
2014,,,Amorebieta-Etxano,Ehunekoa,Amorebieta-Etxano,0.4
2015,,,Amorebieta-Etxano,Ehunekoa,Amorebieta-Etxano,0.4
2016,,,Amorebieta-Etxano,Ehunekoa,Amorebieta-Etxano,0.4
2017,,,Amorebieta-Etxano,Ehunekoa,Amorebieta-Etxano,0.3
2018,,,Amorebieta-Etxano,Ehunekoa,Amorebieta-Etxano,0.3
2019,,,Amorebieta-Etxano,Ehunekoa,Amorebieta-Etxano,0.3
2020,,,Amorebieta-Etxano,Ehunekoa,Amorebieta-Etxano,0.3
2014,,,Amoroto,Ehunekoa,Amoroto,4.7
2015,,,Amoroto,Ehunekoa,Amoroto,5.7
2016,,,Amoroto,Ehunekoa,Amoroto,5.6
2017,,,Amoroto,Ehunekoa,Amoroto,4.8
2018,,,Amoroto,Ehunekoa,Amoroto,4.0
2019,,,Amoroto,Ehunekoa,Amoroto,4.0
2020,,,Amoroto,Ehunekoa,Amoroto,4.0
2014,,,Arakaldo,Ehunekoa,Arakaldo,2.5
2015,,,Arakaldo,Ehunekoa,Arakaldo,4.6
2016,,,Arakaldo,Ehunekoa,Arakaldo,4.7
2017,,,Arakaldo,Ehunekoa,Arakaldo,4.4
2018,,,Arakaldo,Ehunekoa,Arakaldo,3.8
2019,,,Arakaldo,Ehunekoa,Arakaldo,4.0
2020,,,Arakaldo,Ehunekoa,Arakaldo,5.2
2014,,,Arantzazu,Ehunekoa,Arantzazu,3.7
2015,,,Arantzazu,Ehunekoa,Arantzazu,3.4
2016,,,Arantzazu,Ehunekoa,Arantzazu,4.2
2017,,,Arantzazu,Ehunekoa,Arantzazu,4.2
2018,,,Arantzazu,Ehunekoa,Arantzazu,4.9
2019,,,Arantzazu,Ehunekoa,Arantzazu,5.8
2020,,,Arantzazu,Ehunekoa,Arantzazu,6.6
2014,,,Munitibar-Arbatzegi Gerrikaitz,Ehunekoa,Munitibar-Arbatzegi Gerrikaitz,10.1
2015,,,Munitibar-Arbatzegi Gerrikaitz,Ehunekoa,Munitibar-Arbatzegi Gerrikaitz,10.5
2016,,,Munitibar-Arbatzegi Gerrikaitz,Ehunekoa,Munitibar-Arbatzegi Gerrikaitz,12.2
2017,,,Munitibar-Arbatzegi Gerrikaitz,Ehunekoa,Munitibar-Arbatzegi Gerrikaitz,11.4
2018,,,Munitibar-Arbatzegi Gerrikaitz,Ehunekoa,Munitibar-Arbatzegi Gerrikaitz,11.1
2019,,,Munitibar-Arbatzegi Gerrikaitz,Ehunekoa,Munitibar-Arbatzegi Gerrikaitz,13.6
2020,,,Munitibar-Arbatzegi Gerrikaitz,Ehunekoa,Munitibar-Arbatzegi Gerrikaitz,12.3
2014,,,Artzentales,Ehunekoa,Artzentales,12.3
2015,,,Artzentales,Ehunekoa,Artzentales,10.1
2016,,,Artzentales,Ehunekoa,Artzentales,12.1
2017,,,Artzentales,Ehunekoa,Artzentales,12.5
2018,,,Artzentales,Ehunekoa,Artzentales,13.6
2019,,,Artzentales,Ehunekoa,Artzentales,13.6
2020,,,Artzentales,Ehunekoa,Artzentales,15.0
2014,,,Arrankudiaga-Zollo,Ehunekoa,Arrankudiaga-Zollo,2.2
2015,,,Arrankudiaga-Zollo,Ehunekoa,Arrankudiaga-Zollo,2.0
2016,,,Arrankudiaga-Zollo,Ehunekoa,Arrankudiaga-Zollo,2.1
2017,,,Arrankudiaga-Zollo,Ehunekoa,Arrankudiaga-Zollo,1.7
2018,,,Arrankudiaga-Zollo,Ehunekoa,Arrankudiaga-Zollo,1.5
2019,,,Arrankudiaga-Zollo,Ehunekoa,Arrankudiaga-Zollo,1.9
2020,,,Arrankudiaga-Zollo,Ehunekoa,Arrankudiaga-Zollo,1.7
2014,,EU4801,,Ehunekoa,EU4801,2.1
2015,,EU4801,,Ehunekoa,EU4801,2.2
2016,,EU4801,,Ehunekoa,EU4801,2.4
2017,,EU4801,,Ehunekoa,EU4801,2.2
2018,,EU4801,,Ehunekoa,EU4801,2.0
2019,,EU4801,,Ehunekoa,EU4801,2.2
2020,,EU4801,,Ehunekoa,EU4801,2.4
2014,,,Arrieta,Ehunekoa,Arrieta,14.1
2015,,,Arrieta,Ehunekoa,Arrieta,15.7
2016,,,Arrieta,Ehunekoa,Arrieta,15.6
2017,,,Arrieta,Ehunekoa,Arrieta,15.1
2018,,,Arrieta,Ehunekoa,Arrieta,13.6
2019,,,Arrieta,Ehunekoa,Arrieta,12.2
2020,,,Arrieta,Ehunekoa,Arrieta,13.7
2014,,,Arrigorriaga,Ehunekoa,Arrigorriaga,0.2
2015,,,Arrigorriaga,Ehunekoa,Arrigorriaga,0.2
2016,,,Arrigorriaga,Ehunekoa,Arrigorriaga,0.2
2017,,,Arrigorriaga,Ehunekoa,Arrigorriaga,0.2
2018,,,Arrigorriaga,Ehunekoa,Arrigorriaga,0.2
2019,,,Arrigorriaga,Ehunekoa,Arrigorriaga,0.3
2020,,,Arrigorriaga,Ehunekoa,Arrigorriaga,0.4
2014,,,Bakio,Ehunekoa,Bakio,5.0
2015,,,Bakio,Ehunekoa,Bakio,4.9
2016,,,Bakio,Ehunekoa,Bakio,4.0
2017,,,Bakio,Ehunekoa,Bakio,3.3
2018,,,Bakio,Ehunekoa,Bakio,2.7
2019,,,Bakio,Ehunekoa,Bakio,2.8
2020,,,Bakio,Ehunekoa,Bakio,3.1
2014,,,Barakaldo,Ehunekoa,Barakaldo,0.0
2015,,,Barakaldo,Ehunekoa,Barakaldo,0.0
2016,,,Barakaldo,Ehunekoa,Barakaldo,0.0
2017,,,Barakaldo,Ehunekoa,Barakaldo,0.0
2018,,,Barakaldo,Ehunekoa,Barakaldo,0.0
2019,,,Barakaldo,Ehunekoa,Barakaldo,0.0
2020,,,Barakaldo,Ehunekoa,Barakaldo,0.0
2014,,,Barrika,Ehunekoa,Barrika,1.1
2015,,,Barrika,Ehunekoa,Barrika,1.3
2016,,,Barrika,Ehunekoa,Barrika,1.6
2017,,,Barrika,Ehunekoa,Barrika,1.8
2018,,,Barrika,Ehunekoa,Barrika,1.7
2019,,,Barrika,Ehunekoa,Barrika,1.8
2020,,,Barrika,Ehunekoa,Barrika,1.9
2014,,,Basauri,Ehunekoa,Basauri,0.1
2015,,,Basauri,Ehunekoa,Basauri,0.1
2016,,,Basauri,Ehunekoa,Basauri,0.1
2017,,,Basauri,Ehunekoa,Basauri,0.1
2018,,,Basauri,Ehunekoa,Basauri,0.0
2019,,,Basauri,Ehunekoa,Basauri,0.0
2020,,,Basauri,Ehunekoa,Basauri,0.1
2014,,,Berango,Ehunekoa,Berango,1.1
2015,,,Berango,Ehunekoa,Berango,0.9
2016,,,Berango,Ehunekoa,Berango,0.7
2017,,,Berango,Ehunekoa,Berango,0.7
2018,,,Berango,Ehunekoa,Berango,0.5
2019,,,Berango,Ehunekoa,Berango,0.5
2020,,,Berango,Ehunekoa,Berango,0.4
2014,,,Bermeo,Ehunekoa,Bermeo,16.6
2015,,,Bermeo,Ehunekoa,Bermeo,13.0
2016,,,Bermeo,Ehunekoa,Bermeo,14.3
2017,,,Bermeo,Ehunekoa,Bermeo,33.4
2018,,,Bermeo,Ehunekoa,Bermeo,30.8
2019,,,Bermeo,Ehunekoa,Bermeo,32.5
2020,,,Bermeo,Ehunekoa,Bermeo,29.4
2014,,,Berriatua,Ehunekoa,Berriatua,1.5
2015,,,Berriatua,Ehunekoa,Berriatua,1.5
2016,,,Berriatua,Ehunekoa,Berriatua,1.4
2017,,,Berriatua,Ehunekoa,Berriatua,1.2
2018,,,Berriatua,Ehunekoa,Berriatua,1.2
2019,,,Berriatua,Ehunekoa,Berriatua,1.4
2020,,,Berriatua,Ehunekoa,Berriatua,1.6
2014,,,Berriz,Ehunekoa,Berriz,0.7
2015,,,Berriz,Ehunekoa,Berriz,0.7
2016,,,Berriz,Ehunekoa,Berriz,0.9
2017,,,Berriz,Ehunekoa,Berriz,0.9
2018,,,Berriz,Ehunekoa,Berriz,0.8
2019,,,Berriz,Ehunekoa,Berriz,0.9
2020,,,Berriz,Ehunekoa,Berriz,1.1
2014,,EU4802,,Ehunekoa,EU4802,0.1
2015,,EU4802,,Ehunekoa,EU4802,0.1
2016,,EU4802,,Ehunekoa,EU4802,0.1
2017,,EU4802,,Ehunekoa,EU4802,0.1
2018,,EU4802,,Ehunekoa,EU4802,0.1
2019,,EU4802,,Ehunekoa,EU4802,0.1
2020,,EU4802,,Ehunekoa,EU4802,0.1
2014,,,Bilbao,Ehunekoa,Bilbao,0.0
2015,,,Bilbao,Ehunekoa,Bilbao,0.0
2016,,,Bilbao,Ehunekoa,Bilbao,0.0
2017,,,Bilbao,Ehunekoa,Bilbao,0.1
2018,,,Bilbao,Ehunekoa,Bilbao,0.1
2019,,,Bilbao,Ehunekoa,Bilbao,0.1
2020,,,Bilbao,Ehunekoa,Bilbao,0.0
2014,,,Busturia,Ehunekoa,Busturia,6.5
2015,,,Busturia,Ehunekoa,Busturia,5.8
2016,,,Busturia,Ehunekoa,Busturia,5.0
2017,,,Busturia,Ehunekoa,Busturia,5.0
2018,,,Busturia,Ehunekoa,Busturia,4.3
2019,,,Busturia,Ehunekoa,Busturia,4.8
2020,,,Busturia,Ehunekoa,Busturia,4.7
2014,,,Karrantza Harana/Valle de Carranza,Ehunekoa,Karrantza Harana/Valle de Carranza,22.2
2015,,,Karrantza Harana/Valle de Carranza,Ehunekoa,Karrantza Harana/Valle de Carranza,17.0
2016,,,Karrantza Harana/Valle de Carranza,Ehunekoa,Karrantza Harana/Valle de Carranza,18.6
2017,,,Karrantza Harana/Valle de Carranza,Ehunekoa,Karrantza Harana/Valle de Carranza,19.6
2018,,,Karrantza Harana/Valle de Carranza,Ehunekoa,Karrantza Harana/Valle de Carranza,15.7
2019,,,Karrantza Harana/Valle de Carranza,Ehunekoa,Karrantza Harana/Valle de Carranza,15.0
2020,,,Karrantza Harana/Valle de Carranza,Ehunekoa,Karrantza Harana/Valle de Carranza,16.7
2014,,,Artea,Ehunekoa,Artea,1.7
2015,,,Artea,Ehunekoa,Artea,2.1
2016,,,Artea,Ehunekoa,Artea,2.1
2017,,,Artea,Ehunekoa,Artea,2.0
2018,,,Artea,Ehunekoa,Artea,1.7
2019,,,Artea,Ehunekoa,Artea,1.9
2020,,,Artea,Ehunekoa,Artea,2.1
2014,,,Zeanuri,Ehunekoa,Zeanuri,6.8
2015,,,Zeanuri,Ehunekoa,Zeanuri,10.0
2016,,,Zeanuri,Ehunekoa,Zeanuri,10.0
2017,,,Zeanuri,Ehunekoa,Zeanuri,8.1
2018,,,Zeanuri,Ehunekoa,Zeanuri,7.2
2019,,,Zeanuri,Ehunekoa,Zeanuri,8.1
2020,,,Zeanuri,Ehunekoa,Zeanuri,8.7
2014,,,Zeberio,Ehunekoa,Zeberio,12.7
2015,,,Zeberio,Ehunekoa,Zeberio,11.8
2016,,,Zeberio,Ehunekoa,Zeberio,13.2
2017,,,Zeberio,Ehunekoa,Zeberio,11.1
2018,,,Zeberio,Ehunekoa,Zeberio,11.0
2019,,,Zeberio,Ehunekoa,Zeberio,12.8
2020,,,Zeberio,Ehunekoa,Zeberio,12.5
2014,,,Dima,Ehunekoa,Dima,5.9
2015,,,Dima,Ehunekoa,Dima,6.3
2016,,,Dima,Ehunekoa,Dima,7.8
2017,,,Dima,Ehunekoa,Dima,7.7
2018,,,Dima,Ehunekoa,Dima,7.1
2019,,,Dima,Ehunekoa,Dima,8.6
2020,,,Dima,Ehunekoa,Dima,8.2
2014,,,Durango,Ehunekoa,Durango,0.1
2015,,,Durango,Ehunekoa,Durango,0.1
2016,,,Durango,Ehunekoa,Durango,0.1
2017,,,Durango,Ehunekoa,Durango,0.1
2018,,,Durango,Ehunekoa,Durango,0.1
2019,,,Durango,Ehunekoa,Durango,0.1
2020,,,Durango,Ehunekoa,Durango,0.1
2014,,,Ea,Ehunekoa,Ea,5.6
2015,,,Ea,Ehunekoa,Ea,5.2
2016,,,Ea,Ehunekoa,Ea,4.7
2017,,,Ea,Ehunekoa,Ea,4.9
2018,,,Ea,Ehunekoa,Ea,4.3
2019,,,Ea,Ehunekoa,Ea,4.9
2020,,,Ea,Ehunekoa,Ea,4.7
2014,,,Etxebarri,Ehunekoa,Etxebarri,0.0
2015,,,Etxebarri,Ehunekoa,Etxebarri,0.0
2016,,,Etxebarri,Ehunekoa,Etxebarri,0.0
2017,,,Etxebarri,Ehunekoa,Etxebarri,0.0
2018,,,Etxebarri,Ehunekoa,Etxebarri,0.0
2019,,,Etxebarri,Ehunekoa,Etxebarri,0.0
2020,,,Etxebarri,Ehunekoa,Etxebarri,0.0
2014,,EU4803,,Ehunekoa,EU4803,0.4
2015,,EU4803,,Ehunekoa,EU4803,0.4
2016,,EU4803,,Ehunekoa,EU4803,0.4
2017,,EU4803,,Ehunekoa,EU4803,0.4
2018,,EU4803,,Ehunekoa,EU4803,0.4
2019,,EU4803,,Ehunekoa,EU4803,0.4
2020,,EU4803,,Ehunekoa,EU4803,0.4
2014,,,Etxebarria,Ehunekoa,Etxebarria,0.9
2015,,,Etxebarria,Ehunekoa,Etxebarria,0.9
2016,,,Etxebarria,Ehunekoa,Etxebarria,0.9
2017,,,Etxebarria,Ehunekoa,Etxebarria,0.8
2018,,,Etxebarria,Ehunekoa,Etxebarria,0.9
2019,,,Etxebarria,Ehunekoa,Etxebarria,1.1
2020,,,Etxebarria,Ehunekoa,Etxebarria,1.1
2014,,,Elantxobe,Ehunekoa,Elantxobe,1.8
2015,,,Elantxobe,Ehunekoa,Elantxobe,1.6
2016,,,Elantxobe,Ehunekoa,Elantxobe,1.4
2017,,,Elantxobe,Ehunekoa,Elantxobe,1.2
2018,,,Elantxobe,Ehunekoa,Elantxobe,1.0
2019,,,Elantxobe,Ehunekoa,Elantxobe,1.1
2020,,,Elantxobe,Ehunekoa,Elantxobe,1.0
2014,,,Elorrio,Ehunekoa,Elorrio,0.6
2015,,,Elorrio,Ehunekoa,Elorrio,0.5
2016,,,Elorrio,Ehunekoa,Elorrio,0.8
2017,,,Elorrio,Ehunekoa,Elorrio,0.7
2018,,,Elorrio,Ehunekoa,Elorrio,0.7
2019,,,Elorrio,Ehunekoa,Elorrio,0.8
2020,,,Elorrio,Ehunekoa,Elorrio,0.8
2014,,,Ereño,Ehunekoa,Ereño,13.6
2015,,,Ereño,Ehunekoa,Ereño,10.6
2016,,,Ereño,Ehunekoa,Ereño,8.7
2017,,,Ereño,Ehunekoa,Ereño,8.5
2018,,,Ereño,Ehunekoa,Ereño,11.9
2019,,,Ereño,Ehunekoa,Ereño,14.9
2020,,,Ereño,Ehunekoa,Ereño,16.4
2014,,,Ermua,Ehunekoa,Ermua,0.1
2015,,,Ermua,Ehunekoa,Ermua,0.1
2016,,,Ermua,Ehunekoa,Ermua,0.1
2017,,,Ermua,Ehunekoa,Ermua,0.1
2018,,,Ermua,Ehunekoa,Ermua,0.0
2019,,,Ermua,Ehunekoa,Ermua,0.1
2020,,,Ermua,Ehunekoa,Ermua,0.1
2014,,,Fruiz,Ehunekoa,Fruiz,8.3
2015,,,Fruiz,Ehunekoa,Fruiz,7.1
2016,,,Fruiz,Ehunekoa,Fruiz,6.2
2017,,,Fruiz,Ehunekoa,Fruiz,5.3
2018,,,Fruiz,Ehunekoa,Fruiz,4.8
2019,,,Fruiz,Ehunekoa,Fruiz,5.1
2020,,,Fruiz,Ehunekoa,Fruiz,4.5
2014,,,Galdakao,Ehunekoa,Galdakao,0.2
2015,,,Galdakao,Ehunekoa,Galdakao,0.2
2016,,,Galdakao,Ehunekoa,Galdakao,0.2
2017,,,Galdakao,Ehunekoa,Galdakao,0.1
2018,,,Galdakao,Ehunekoa,Galdakao,0.1
2019,,,Galdakao,Ehunekoa,Galdakao,0.1
2020,,,Galdakao,Ehunekoa,Galdakao,0.1
2014,,,Galdames,Ehunekoa,Galdames,6.2
2015,,,Galdames,Ehunekoa,Galdames,7.0
2016,,,Galdames,Ehunekoa,Galdames,9.0
2017,,,Galdames,Ehunekoa,Galdames,8.4
2018,,,Galdames,Ehunekoa,Galdames,7.4
2019,,,Galdames,Ehunekoa,Galdames,7.8
2020,,,Galdames,Ehunekoa,Galdames,8.0
2014,,,Gamiz-Fika,Ehunekoa,Gamiz-Fika,18.3
2015,,,Gamiz-Fika,Ehunekoa,Gamiz-Fika,18.9
2016,,,Gamiz-Fika,Ehunekoa,Gamiz-Fika,14.5
2017,,,Gamiz-Fika,Ehunekoa,Gamiz-Fika,12.9
2018,,,Gamiz-Fika,Ehunekoa,Gamiz-Fika,11.4
2019,,,Gamiz-Fika,Ehunekoa,Gamiz-Fika,11.4
2020,,,Gamiz-Fika,Ehunekoa,Gamiz-Fika,12.3
2014,,,Garai,Ehunekoa,Garai,6.1
2015,,,Garai,Ehunekoa,Garai,6.0
2016,,,Garai,Ehunekoa,Garai,7.0
2017,,,Garai,Ehunekoa,Garai,6.4
2018,,,Garai,Ehunekoa,Garai,6.1
2019,,,Garai,Ehunekoa,Garai,6.4
2020,,,Garai,Ehunekoa,Garai,8.4
2014,,EU4804,,Ehunekoa,EU4804,4.2
2015,,EU4804,,Ehunekoa,EU4804,3.4
2016,,EU4804,,Ehunekoa,EU4804,3.8
2017,,EU4804,,Ehunekoa,EU4804,3.8
2018,,EU4804,,Ehunekoa,EU4804,3.5
2019,,EU4804,,Ehunekoa,EU4804,3.3
2020,,EU4804,,Ehunekoa,EU4804,3.5
2014,,,Gatika,Ehunekoa,Gatika,2.9
2015,,,Gatika,Ehunekoa,Gatika,3.6
2016,,,Gatika,Ehunekoa,Gatika,2.7
2017,,,Gatika,Ehunekoa,Gatika,2.7
2018,,,Gatika,Ehunekoa,Gatika,2.3
2019,,,Gatika,Ehunekoa,Gatika,2.6
2020,,,Gatika,Ehunekoa,Gatika,3.0
2014,,,Gautegiz Arteaga,Ehunekoa,Gautegiz Arteaga,4.5
2015,,,Gautegiz Arteaga,Ehunekoa,Gautegiz Arteaga,4.0
2016,,,Gautegiz Arteaga,Ehunekoa,Gautegiz Arteaga,3.5
2017,,,Gautegiz Arteaga,Ehunekoa,Gautegiz Arteaga,2.9
2018,,,Gautegiz Arteaga,Ehunekoa,Gautegiz Arteaga,2.6
2019,,,Gautegiz Arteaga,Ehunekoa,Gautegiz Arteaga,2.8
2020,,,Gautegiz Arteaga,Ehunekoa,Gautegiz Arteaga,3.1
2014,,,Gordexola,Ehunekoa,Gordexola,5.5
2015,,,Gordexola,Ehunekoa,Gordexola,5.1
2016,,,Gordexola,Ehunekoa,Gordexola,5.1
2017,,,Gordexola,Ehunekoa,Gordexola,4.3
2018,,,Gordexola,Ehunekoa,Gordexola,4.0
2019,,,Gordexola,Ehunekoa,Gordexola,4.5
2020,,,Gordexola,Ehunekoa,Gordexola,4.3
2014,,,Gorliz,Ehunekoa,Gorliz,1.6
2015,,,Gorliz,Ehunekoa,Gorliz,1.5
2016,,,Gorliz,Ehunekoa,Gorliz,1.2
2017,,,Gorliz,Ehunekoa,Gorliz,0.9
2018,,,Gorliz,Ehunekoa,Gorliz,0.8
2019,,,Gorliz,Ehunekoa,Gorliz,0.6
2020,,,Gorliz,Ehunekoa,Gorliz,0.5
2014,,,Getxo,Ehunekoa,Getxo,0.1
2015,,,Getxo,Ehunekoa,Getxo,0.1
2016,,,Getxo,Ehunekoa,Getxo,0.1
2017,,,Getxo,Ehunekoa,Getxo,0.1
2018,,,Getxo,Ehunekoa,Getxo,0.1
2019,,,Getxo,Ehunekoa,Getxo,0.0
2020,,,Getxo,Ehunekoa,Getxo,0.0
2014,,,Güeñes,Ehunekoa,Güeñes,1.4
2015,,,Güeñes,Ehunekoa,Güeñes,1.3
2016,,,Güeñes,Ehunekoa,Güeñes,1.4
2017,,,Güeñes,Ehunekoa,Güeñes,1.2
2018,,,Güeñes,Ehunekoa,Güeñes,1.2
2019,,,Güeñes,Ehunekoa,Güeñes,1.0
2020,,,Güeñes,Ehunekoa,Güeñes,1.2
2014,,,Gernika-Lumo,Ehunekoa,Gernika-Lumo,0.2
2015,,,Gernika-Lumo,Ehunekoa,Gernika-Lumo,0.2
2016,,,Gernika-Lumo,Ehunekoa,Gernika-Lumo,0.2
2017,,,Gernika-Lumo,Ehunekoa,Gernika-Lumo,0.3
2018,,,Gernika-Lumo,Ehunekoa,Gernika-Lumo,0.3
2019,,,Gernika-Lumo,Ehunekoa,Gernika-Lumo,0.3
2020,,,Gernika-Lumo,Ehunekoa,Gernika-Lumo,0.4
2014,,,Gizaburuaga,Ehunekoa,Gizaburuaga,2.2
2015,,,Gizaburuaga,Ehunekoa,Gizaburuaga,1.9
2016,,,Gizaburuaga,Ehunekoa,Gizaburuaga,2.1
2017,,,Gizaburuaga,Ehunekoa,Gizaburuaga,1.6
2018,,,Gizaburuaga,Ehunekoa,Gizaburuaga,1.7
2019,,,Gizaburuaga,Ehunekoa,Gizaburuaga,2.1
2020,,,Gizaburuaga,Ehunekoa,Gizaburuaga,2.1
2014,,,Ibarrangelu,Ehunekoa,Ibarrangelu,4.2
2015,,,Ibarrangelu,Ehunekoa,Ibarrangelu,4.4
2016,,,Ibarrangelu,Ehunekoa,Ibarrangelu,4.2
2017,,,Ibarrangelu,Ehunekoa,Ibarrangelu,4.3
2018,,,Ibarrangelu,Ehunekoa,Ibarrangelu,3.5
2019,,,Ibarrangelu,Ehunekoa,Ibarrangelu,3.9
2020,,,Ibarrangelu,Ehunekoa,Ibarrangelu,4.3
2014,,,Ispaster,Ehunekoa,Ispaster,7.6
2015,,,Ispaster,Ehunekoa,Ispaster,8.7
2016,,,Ispaster,Ehunekoa,Ispaster,9.4
2017,,,Ispaster,Ehunekoa,Ispaster,8.8
2018,,,Ispaster,Ehunekoa,Ispaster,11.5
2019,,,Ispaster,Ehunekoa,Ispaster,12.6
2020,,,Ispaster,Ehunekoa,Ispaster,12.2
2014,,EU4805,,Ehunekoa,EU4805,7.8
2015,,EU4805,,Ehunekoa,EU4805,6.5
2016,,EU4805,,Ehunekoa,EU4805,6.9
2017,,EU4805,,Ehunekoa,EU4805,14.9
2018,,EU4805,,Ehunekoa,EU4805,13.2
2019,,EU4805,,Ehunekoa,EU4805,14.1
2020,,EU4805,,Ehunekoa,EU4805,12.7
2014,,,Izurtza,Ehunekoa,Izurtza,0.4
2015,,,Izurtza,Ehunekoa,Izurtza,0.4
2016,,,Izurtza,Ehunekoa,Izurtza,0.6
2017,,,Izurtza,Ehunekoa,Izurtza,0.6
2018,,,Izurtza,Ehunekoa,Izurtza,0.6
2019,,,Izurtza,Ehunekoa,Izurtza,0.8
2020,,,Izurtza,Ehunekoa,Izurtza,0.9
2014,,,Lanestosa,Ehunekoa,Lanestosa,5.4
2015,,,Lanestosa,Ehunekoa,Lanestosa,4.5
2016,,,Lanestosa,Ehunekoa,Lanestosa,5.1
2017,,,Lanestosa,Ehunekoa,Lanestosa,5.5
2018,,,Lanestosa,Ehunekoa,Lanestosa,5.7
2019,,,Lanestosa,Ehunekoa,Lanestosa,5.6
2020,,,Lanestosa,Ehunekoa,Lanestosa,6.3
2014,,,Larrabetzu,Ehunekoa,Larrabetzu,2.9
2015,,,Larrabetzu,Ehunekoa,Larrabetzu,2.6
2016,,,Larrabetzu,Ehunekoa,Larrabetzu,2.0
2017,,,Larrabetzu,Ehunekoa,Larrabetzu,1.4
2018,,,Larrabetzu,Ehunekoa,Larrabetzu,1.1
2019,,,Larrabetzu,Ehunekoa,Larrabetzu,1.2
2020,,,Larrabetzu,Ehunekoa,Larrabetzu,1.3
2014,,,Laukiz,Ehunekoa,Laukiz,4.3
2015,,,Laukiz,Ehunekoa,Laukiz,4.3
2016,,,Laukiz,Ehunekoa,Laukiz,4.2
2017,,,Laukiz,Ehunekoa,Laukiz,4.0
2018,,,Laukiz,Ehunekoa,Laukiz,3.8
2019,,,Laukiz,Ehunekoa,Laukiz,3.2
2020,,,Laukiz,Ehunekoa,Laukiz,3.5
2014,,,Leioa,Ehunekoa,Leioa,0.0
2015,,,Leioa,Ehunekoa,Leioa,0.0
2016,,,Leioa,Ehunekoa,Leioa,0.0
2017,,,Leioa,Ehunekoa,Leioa,0.0
2018,,,Leioa,Ehunekoa,Leioa,0.0
2019,,,Leioa,Ehunekoa,Leioa,0.0
2020,,,Leioa,Ehunekoa,Leioa,0.0
2014,,,Lemoa,Ehunekoa,Lemoa,0.5
2015,,,Lemoa,Ehunekoa,Lemoa,0.5
2016,,,Lemoa,Ehunekoa,Lemoa,0.6
2017,,,Lemoa,Ehunekoa,Lemoa,0.5
2018,,,Lemoa,Ehunekoa,Lemoa,0.5
2019,,,Lemoa,Ehunekoa,Lemoa,0.6
2020,,,Lemoa,Ehunekoa,Lemoa,0.6
2014,,,Lemoiz,Ehunekoa,Lemoiz,7.7
2015,,,Lemoiz,Ehunekoa,Lemoiz,5.9
2016,,,Lemoiz,Ehunekoa,Lemoiz,6.2
2017,,,Lemoiz,Ehunekoa,Lemoiz,7.8
2018,,,Lemoiz,Ehunekoa,Lemoiz,6.4
2019,,,Lemoiz,Ehunekoa,Lemoiz,9.9
2020,,,Lemoiz,Ehunekoa,Lemoiz,12.2
2014,,,Lekeitio,Ehunekoa,Lekeitio,1.8
2015,,,Lekeitio,Ehunekoa,Lekeitio,2.0
2016,,,Lekeitio,Ehunekoa,Lekeitio,2.8
2017,,,Lekeitio,Ehunekoa,Lekeitio,3.5
2018,,,Lekeitio,Ehunekoa,Lekeitio,3.5
2019,,,Lekeitio,Ehunekoa,Lekeitio,3.1
2020,,,Lekeitio,Ehunekoa,Lekeitio,2.5
2014,,,Mallabia,Ehunekoa,Mallabia,1.0
2015,,,Mallabia,Ehunekoa,Mallabia,1.0
2016,,,Mallabia,Ehunekoa,Mallabia,1.1
2017,,,Mallabia,Ehunekoa,Mallabia,0.9
2018,,,Mallabia,Ehunekoa,Mallabia,0.8
2019,,,Mallabia,Ehunekoa,Mallabia,0.8
2020,,,Mallabia,Ehunekoa,Mallabia,0.8
2014,,,Mañaria,Ehunekoa,Mañaria,1.8
2015,,,Mañaria,Ehunekoa,Mañaria,1.8
2016,,,Mañaria,Ehunekoa,Mañaria,2.7
2017,,,Mañaria,Ehunekoa,Mañaria,2.9
2018,,,Mañaria,Ehunekoa,Mañaria,2.4
2019,,,Mañaria,Ehunekoa,Mañaria,2.6
2020,,,Mañaria,Ehunekoa,Mañaria,2.8
2014,,EU4806,,Ehunekoa,EU4806,5.6
2015,,EU4806,,Ehunekoa,EU4806,6.3
2016,,EU4806,,Ehunekoa,EU4806,6.7
2017,,EU4806,,Ehunekoa,EU4806,6.4
2018,,EU4806,,Ehunekoa,EU4806,5.8
2019,,EU4806,,Ehunekoa,EU4806,6.7
2020,,EU4806,,Ehunekoa,EU4806,5.4
2014,,,Markina-Xemein,Ehunekoa,Markina-Xemein,1.9
2015,,,Markina-Xemein,Ehunekoa,Markina-Xemein,2.2
2016,,,Markina-Xemein,Ehunekoa,Markina-Xemein,2.5
2017,,,Markina-Xemein,Ehunekoa,Markina-Xemein,2.4
2018,,,Markina-Xemein,Ehunekoa,Markina-Xemein,2.3
2019,,,Markina-Xemein,Ehunekoa,Markina-Xemein,2.7
2020,,,Markina-Xemein,Ehunekoa,Markina-Xemein,3.0
2014,,,Maruri-Jatabe,Ehunekoa,Maruri-Jatabe,6.9
2015,,,Maruri-Jatabe,Ehunekoa,Maruri-Jatabe,5.3
2016,,,Maruri-Jatabe,Ehunekoa,Maruri-Jatabe,7.4
2017,,,Maruri-Jatabe,Ehunekoa,Maruri-Jatabe,6.3
2018,,,Maruri-Jatabe,Ehunekoa,Maruri-Jatabe,5.7
2019,,,Maruri-Jatabe,Ehunekoa,Maruri-Jatabe,6.7
2020,,,Maruri-Jatabe,Ehunekoa,Maruri-Jatabe,8.0
2014,,,Mendata,Ehunekoa,Mendata,22.4
2015,,,Mendata,Ehunekoa,Mendata,25.0
2016,,,Mendata,Ehunekoa,Mendata,29.4
2017,,,Mendata,Ehunekoa,Mendata,32.0
2018,,,Mendata,Ehunekoa,Mendata,28.6
2019,,,Mendata,Ehunekoa,Mendata,31.1
2020,,,Mendata,Ehunekoa,Mendata,27.4
2014,,,Mendexa,Ehunekoa,Mendexa,9.4
2015,,,Mendexa,Ehunekoa,Mendexa,9.4
2016,,,Mendexa,Ehunekoa,Mendexa,7.8
2017,,,Mendexa,Ehunekoa,Mendexa,7.8
2018,,,Mendexa,Ehunekoa,Mendexa,6.6
2019,,,Mendexa,Ehunekoa,Mendexa,8.7
2020,,,Mendexa,Ehunekoa,Mendexa,10.6
2014,,,Meñaka,Ehunekoa,Meñaka,5.6
2015,,,Meñaka,Ehunekoa,Meñaka,5.4
2016,,,Meñaka,Ehunekoa,Meñaka,7.2
2017,,,Meñaka,Ehunekoa,Meñaka,7.2
2018,,,Meñaka,Ehunekoa,Meñaka,6.9
2019,,,Meñaka,Ehunekoa,Meñaka,6.7
2020,,,Meñaka,Ehunekoa,Meñaka,7.2
2014,,,Ugao-Miraballes,Ehunekoa,Ugao-Miraballes,0.3
2015,,,Ugao-Miraballes,Ehunekoa,Ugao-Miraballes,0.3
2016,,,Ugao-Miraballes,Ehunekoa,Ugao-Miraballes,0.3
2017,,,Ugao-Miraballes,Ehunekoa,Ugao-Miraballes,0.3
2018,,,Ugao-Miraballes,Ehunekoa,Ugao-Miraballes,0.3
2019,,,Ugao-Miraballes,Ehunekoa,Ugao-Miraballes,0.3
2020,,,Ugao-Miraballes,Ehunekoa,Ugao-Miraballes,0.3
2014,,,Morga,Ehunekoa,Morga,15.8
2015,,,Morga,Ehunekoa,Morga,17.5
2016,,,Morga,Ehunekoa,Morga,19.7
2017,,,Morga,Ehunekoa,Morga,18.8
2018,,,Morga,Ehunekoa,Morga,15.1
2019,,,Morga,Ehunekoa,Morga,13.5
2020,,,Morga,Ehunekoa,Morga,20.1
2014,,,Muxika,Ehunekoa,Muxika,7.1
2015,,,Muxika,Ehunekoa,Muxika,8.1
2016,,,Muxika,Ehunekoa,Muxika,8.4
2017,,,Muxika,Ehunekoa,Muxika,8.1
2018,,,Muxika,Ehunekoa,Muxika,7.4
2019,,,Muxika,Ehunekoa,Muxika,8.7
2020,,,Muxika,Ehunekoa,Muxika,8.5
2014,,,Mundaka,Ehunekoa,Mundaka,1.3
2015,,,Mundaka,Ehunekoa,Mundaka,1.2
2016,,,Mundaka,Ehunekoa,Mundaka,1.3
2017,,,Mundaka,Ehunekoa,Mundaka,0.6
2018,,,Mundaka,Ehunekoa,Mundaka,0.7
2019,,,Mundaka,Ehunekoa,Mundaka,0.5
2020,,,Mundaka,Ehunekoa,Mundaka,0.6
2014,,,Mungia,Ehunekoa,Mungia,0.6
2015,,,Mungia,Ehunekoa,Mungia,0.7
2016,,,Mungia,Ehunekoa,Mungia,0.6
2017,,,Mungia,Ehunekoa,Mungia,0.5
2018,,,Mungia,Ehunekoa,Mungia,0.4
2019,,,Mungia,Ehunekoa,Mungia,0.4
2020,,,Mungia,Ehunekoa,Mungia,0.5
2014,,EU4807,,Ehunekoa,EU4807,1.6
2015,,EU4807,,Ehunekoa,EU4807,1.7
2016,,EU4807,,Ehunekoa,EU4807,1.4
2017,,EU4807,,Ehunekoa,EU4807,1.3
2018,,EU4807,,Ehunekoa,EU4807,1.1
2019,,EU4807,,Ehunekoa,EU4807,1.1
2020,,EU4807,,Ehunekoa,EU4807,1.2
2014,,,Aulesti,Ehunekoa,Aulesti,5.9
2015,,,Aulesti,Ehunekoa,Aulesti,6.2
2016,,,Aulesti,Ehunekoa,Aulesti,8.3
2017,,,Aulesti,Ehunekoa,Aulesti,8.2
2018,,,Aulesti,Ehunekoa,Aulesti,7.9
2019,,,Aulesti,Ehunekoa,Aulesti,8.8
2020,,,Aulesti,Ehunekoa,Aulesti,7.1
2014,,,Muskiz,Ehunekoa,Muskiz,0.7
2015,,,Muskiz,Ehunekoa,Muskiz,0.2
2016,,,Muskiz,Ehunekoa,Muskiz,0.2
2017,,,Muskiz,Ehunekoa,Muskiz,0.2
2018,,,Muskiz,Ehunekoa,Muskiz,0.2
2019,,,Muskiz,Ehunekoa,Muskiz,0.2
2020,,,Muskiz,Ehunekoa,Muskiz,0.4
2014,,,Otxandio,Ehunekoa,Otxandio,1.0
2015,,,Otxandio,Ehunekoa,Otxandio,1.0
2016,,,Otxandio,Ehunekoa,Otxandio,0.9
2017,,,Otxandio,Ehunekoa,Otxandio,0.8
2018,,,Otxandio,Ehunekoa,Otxandio,0.7
2019,,,Otxandio,Ehunekoa,Otxandio,0.7
2020,,,Otxandio,Ehunekoa,Otxandio,0.9
2014,,,Ondarroa,Ehunekoa,Ondarroa,13.7
2015,,,Ondarroa,Ehunekoa,Ondarroa,17.5
2016,,,Ondarroa,Ehunekoa,Ondarroa,17.7
2017,,,Ondarroa,Ehunekoa,Ondarroa,17.2
2018,,,Ondarroa,Ehunekoa,Ondarroa,14.8
2019,,,Ondarroa,Ehunekoa,Ondarroa,17.1
2020,,,Ondarroa,Ehunekoa,Ondarroa,12.4
2014,,,Urduña/Orduña,Ehunekoa,Urduña/Orduña,4.0
2015,,,Urduña/Orduña,Ehunekoa,Urduña/Orduña,3.5
2016,,,Urduña/Orduña,Ehunekoa,Urduña/Orduña,3.8
2017,,,Urduña/Orduña,Ehunekoa,Urduña/Orduña,4.3
2018,,,Urduña/Orduña,Ehunekoa,Urduña/Orduña,3.9
2019,,,Urduña/Orduña,Ehunekoa,Urduña/Orduña,4.4
2020,,,Urduña/Orduña,Ehunekoa,Urduña/Orduña,5.0
2014,,,Orozko,Ehunekoa,Orozko,2.5
2015,,,Orozko,Ehunekoa,Orozko,2.6
2016,,,Orozko,Ehunekoa,Orozko,2.5
2017,,,Orozko,Ehunekoa,Orozko,2.2
2018,,,Orozko,Ehunekoa,Orozko,1.6
2019,,,Orozko,Ehunekoa,Orozko,1.8
2020,,,Orozko,Ehunekoa,Orozko,2.3
2014,,,Sukarrieta,Ehunekoa,Sukarrieta,0.5
2015,,,Sukarrieta,Ehunekoa,Sukarrieta,0.4
2016,,,Sukarrieta,Ehunekoa,Sukarrieta,0.6
2017,,,Sukarrieta,Ehunekoa,Sukarrieta,1.0
2018,,,Sukarrieta,Ehunekoa,Sukarrieta,0.9
2019,,,Sukarrieta,Ehunekoa,Sukarrieta,1.1
2020,,,Sukarrieta,Ehunekoa,Sukarrieta,1.1
2014,,,Plentzia,Ehunekoa,Plentzia,2.5
2015,,,Plentzia,Ehunekoa,Plentzia,2.6
2016,,,Plentzia,Ehunekoa,Plentzia,2.1
2017,,,Plentzia,Ehunekoa,Plentzia,1.4
2018,,,Plentzia,Ehunekoa,Plentzia,1.4
2019,,,Plentzia,Ehunekoa,Plentzia,1.3
2020,,,Plentzia,Ehunekoa,Plentzia,1.6
2014,,,Portugalete,Ehunekoa,Portugalete,0.0
2015,,,Portugalete,Ehunekoa,Portugalete,0.0
2016,,,Portugalete,Ehunekoa,Portugalete,0.0
2017,,,Portugalete,Ehunekoa,Portugalete,0.0
2018,,,Portugalete,Ehunekoa,Portugalete,0.0
2019,,,Portugalete,Ehunekoa,Portugalete,0.0
2020,,,Portugalete,Ehunekoa,Portugalete,0.0
2014,,,Errigoiti,Ehunekoa,Errigoiti,14.9
2015,,,Errigoiti,Ehunekoa,Errigoiti,12.7
2016,,,Errigoiti,Ehunekoa,Errigoiti,14.3
2017,,,Errigoiti,Ehunekoa,Errigoiti,15.5
2018,,,Errigoiti,Ehunekoa,Errigoiti,13.4
2019,,,Errigoiti,Ehunekoa,Errigoiti,14.7
2020,,,Errigoiti,Ehunekoa,Errigoiti,15.8
2014,,,Valle de Trápaga-Trapagaran,Ehunekoa,Valle de Trápaga-Trapagaran,0.1
2015,,,Valle de Trápaga-Trapagaran,Ehunekoa,Valle de Trápaga-Trapagaran,0.0
2016,,,Valle de Trápaga-Trapagaran,Ehunekoa,Valle de Trápaga-Trapagaran,0.1
2017,,,Valle de Trápaga-Trapagaran,Ehunekoa,Valle de Trápaga-Trapagaran,0.1
2018,,,Valle de Trápaga-Trapagaran,Ehunekoa,Valle de Trápaga-Trapagaran,0.1
2019,,,Valle de Trápaga-Trapagaran,Ehunekoa,Valle de Trápaga-Trapagaran,0.0
2020,,,Valle de Trápaga-Trapagaran,Ehunekoa,Valle de Trápaga-Trapagaran,0.1
2014,,,Lezama,Ehunekoa,Lezama,1.0
2015,,,Lezama,Ehunekoa,Lezama,1.1
2016,,,Lezama,Ehunekoa,Lezama,1.1
2017,,,Lezama,Ehunekoa,Lezama,1.2
2018,,,Lezama,Ehunekoa,Lezama,1.2
2019,,,Lezama,Ehunekoa,Lezama,1.1
2020,,,Lezama,Ehunekoa,Lezama,1.0
2014,,,Santurtzi,Ehunekoa,Santurtzi,0.2
2015,,,Santurtzi,Ehunekoa,Santurtzi,0.2
2016,,,Santurtzi,Ehunekoa,Santurtzi,0.2
2017,,,Santurtzi,Ehunekoa,Santurtzi,0.2
2018,,,Santurtzi,Ehunekoa,Santurtzi,0.2
2019,,,Santurtzi,Ehunekoa,Santurtzi,0.3
2020,,,Santurtzi,Ehunekoa,Santurtzi,0.3
2014,,,Ortuella,Ehunekoa,Ortuella,0.1
2015,,,Ortuella,Ehunekoa,Ortuella,0.1
2016,,,Ortuella,Ehunekoa,Ortuella,0.1
2017,,,Ortuella,Ehunekoa,Ortuella,0.1
2018,,,Ortuella,Ehunekoa,Ortuella,0.1
2019,,,Ortuella,Ehunekoa,Ortuella,0.1
2020,,,Ortuella,Ehunekoa,Ortuella,0.1
2014,,,Sestao,Ehunekoa,Sestao,0.0
2015,,,Sestao,Ehunekoa,Sestao,0.0
2016,,,Sestao,Ehunekoa,Sestao,0.0
2017,,,Sestao,Ehunekoa,Sestao,0.0
2018,,,Sestao,Ehunekoa,Sestao,0.0
2019,,,Sestao,Ehunekoa,Sestao,0.0
2020,,,Sestao,Ehunekoa,Sestao,0.0
2014,,,Sopela,Ehunekoa,Sopela,0.8
2015,,,Sopela,Ehunekoa,Sopela,0.8
2016,,,Sopela,Ehunekoa,Sopela,0.5
2017,,,Sopela,Ehunekoa,Sopela,0.5
2018,,,Sopela,Ehunekoa,Sopela,0.3
2019,,,Sopela,Ehunekoa,Sopela,0.3
2020,,,Sopela,Ehunekoa,Sopela,0.2
2014,,,Sopuerta,Ehunekoa,Sopuerta,4.8
2015,,,Sopuerta,Ehunekoa,Sopuerta,3.5
2016,,,Sopuerta,Ehunekoa,Sopuerta,3.8
2017,,,Sopuerta,Ehunekoa,Sopuerta,4.1
2018,,,Sopuerta,Ehunekoa,Sopuerta,4.0
2019,,,Sopuerta,Ehunekoa,Sopuerta,4.3
2020,,,Sopuerta,Ehunekoa,Sopuerta,4.0
2014,,,Trucios-Turtzioz,Ehunekoa,Trucios-Turtzioz,10.3
2015,,,Trucios-Turtzioz,Ehunekoa,Trucios-Turtzioz,8.6
2016,,,Trucios-Turtzioz,Ehunekoa,Trucios-Turtzioz,10.2
2017,,,Trucios-Turtzioz,Ehunekoa,Trucios-Turtzioz,11.3
2018,,,Trucios-Turtzioz,Ehunekoa,Trucios-Turtzioz,12.1
2019,,,Trucios-Turtzioz,Ehunekoa,Trucios-Turtzioz,13.6
2020,,,Trucios-Turtzioz,Ehunekoa,Trucios-Turtzioz,13.7
2014,,,Ubide,Ehunekoa,Ubide,3.9
2015,,,Ubide,Ehunekoa,Ubide,3.3
2016,,,Ubide,Ehunekoa,Ubide,3.8
2017,,,Ubide,Ehunekoa,Ubide,3.6
2018,,,Ubide,Ehunekoa,Ubide,3.6
2019,,,Ubide,Ehunekoa,Ubide,4.3
2020,,,Ubide,Ehunekoa,Ubide,4.7
2014,,,Urduliz,Ehunekoa,Urduliz,0.4
2015,,,Urduliz,Ehunekoa,Urduliz,0.4
2016,,,Urduliz,Ehunekoa,Urduliz,0.5
2017,,,Urduliz,Ehunekoa,Urduliz,0.4
2018,,,Urduliz,Ehunekoa,Urduliz,0.2
2019,,,Urduliz,Ehunekoa,Urduliz,0.2
2020,,,Urduliz,Ehunekoa,Urduliz,0.2
2014,,,Balmaseda,Ehunekoa,Balmaseda,0.7
2015,,,Balmaseda,Ehunekoa,Balmaseda,0.7
2016,,,Balmaseda,Ehunekoa,Balmaseda,0.9
2017,,,Balmaseda,Ehunekoa,Balmaseda,0.9
2018,,,Balmaseda,Ehunekoa,Balmaseda,0.9
2019,,,Balmaseda,Ehunekoa,Balmaseda,0.9
2020,,,Balmaseda,Ehunekoa,Balmaseda,1.0
2014,,,Atxondo,Ehunekoa,Atxondo,0.7
2015,,,Atxondo,Ehunekoa,Atxondo,0.7
2016,,,Atxondo,Ehunekoa,Atxondo,0.9
2017,,,Atxondo,Ehunekoa,Atxondo,0.9
2018,,,Atxondo,Ehunekoa,Atxondo,1.0
2019,,,Atxondo,Ehunekoa,Atxondo,1.1
2020,,,Atxondo,Ehunekoa,Atxondo,1.0
2014,,,Bedia,Ehunekoa,Bedia,2.2
2015,,,Bedia,Ehunekoa,Bedia,2.1
2016,,,Bedia,Ehunekoa,Bedia,2.3
2017,,,Bedia,Ehunekoa,Bedia,2.5
2018,,,Bedia,Ehunekoa,Bedia,2.5
2019,,,Bedia,Ehunekoa,Bedia,2.6
2020,,,Bedia,Ehunekoa,Bedia,3.0
2014,,,Areatza,Ehunekoa,Areatza,1.9
2015,,,Areatza,Ehunekoa,Areatza,1.9
2016,,,Areatza,Ehunekoa,Areatza,2.5
2017,,,Areatza,Ehunekoa,Areatza,2.3
2018,,,Areatza,Ehunekoa,Areatza,2.2
2019,,,Areatza,Ehunekoa,Areatza,2.4
2020,,,Areatza,Ehunekoa,Areatza,3.0
2014,,,Igorre,Ehunekoa,Igorre,0.4
2015,,,Igorre,Ehunekoa,Igorre,0.4
2016,,,Igorre,Ehunekoa,Igorre,0.5
2017,,,Igorre,Ehunekoa,Igorre,0.5
2018,,,Igorre,Ehunekoa,Igorre,0.5
2019,,,Igorre,Ehunekoa,Igorre,0.6
2020,,,Igorre,Ehunekoa,Igorre,0.6
2014,,,Zaldibar,Ehunekoa,Zaldibar,0.5
2015,,,Zaldibar,Ehunekoa,Zaldibar,0.5
2016,,,Zaldibar,Ehunekoa,Zaldibar,0.5
2017,,,Zaldibar,Ehunekoa,Zaldibar,0.4
2018,,,Zaldibar,Ehunekoa,Zaldibar,0.4
2019,,,Zaldibar,Ehunekoa,Zaldibar,0.5
2020,,,Zaldibar,Ehunekoa,Zaldibar,0.5
2014,,,Zalla,Ehunekoa,Zalla,1.1
2015,,,Zalla,Ehunekoa,Zalla,1.3
2016,,,Zalla,Ehunekoa,Zalla,1.2
2017,,,Zalla,Ehunekoa,Zalla,1.1
2018,,,Zalla,Ehunekoa,Zalla,1.0
2019,,,Zalla,Ehunekoa,Zalla,1.0
2020,,,Zalla,Ehunekoa,Zalla,1.0
2014,,,Zaratamo,Ehunekoa,Zaratamo,1.3
2015,,,Zaratamo,Ehunekoa,Zaratamo,1.2
2016,,,Zaratamo,Ehunekoa,Zaratamo,1.4
2017,,,Zaratamo,Ehunekoa,Zaratamo,1.4
2018,,,Zaratamo,Ehunekoa,Zaratamo,1.1
2019,,,Zaratamo,Ehunekoa,Zaratamo,1.2
2020,,,Zaratamo,Ehunekoa,Zaratamo,1.3
2014,,,Derio,Ehunekoa,Derio,0.2
2015,,,Derio,Ehunekoa,Derio,0.2
2016,,,Derio,Ehunekoa,Derio,0.2
2017,,,Derio,Ehunekoa,Derio,0.2
2018,,,Derio,Ehunekoa,Derio,0.2
2019,,,Derio,Ehunekoa,Derio,0.2
2020,,,Derio,Ehunekoa,Derio,0.1
2014,,,Erandio,Ehunekoa,Erandio,0.2
2015,,,Erandio,Ehunekoa,Erandio,0.1
2016,,,Erandio,Ehunekoa,Erandio,0.1
2017,,,Erandio,Ehunekoa,Erandio,0.1
2018,,,Erandio,Ehunekoa,Erandio,0.1
2019,,,Erandio,Ehunekoa,Erandio,0.1
2020,,,Erandio,Ehunekoa,Erandio,0.1
2014,,,Loiu,Ehunekoa,Loiu,0.2
2015,,,Loiu,Ehunekoa,Loiu,0.2
2016,,,Loiu,Ehunekoa,Loiu,0.2
2017,,,Loiu,Ehunekoa,Loiu,0.2
2018,,,Loiu,Ehunekoa,Loiu,0.1
2019,,,Loiu,Ehunekoa,Loiu,0.2
2020,,,Loiu,Ehunekoa,Loiu,0.2
2014,,,Sondika,Ehunekoa,Sondika,0.1
2015,,,Sondika,Ehunekoa,Sondika,0.1
2016,,,Sondika,Ehunekoa,Sondika,0.1
2017,,,Sondika,Ehunekoa,Sondika,0.1
2018,,,Sondika,Ehunekoa,Sondika,0.1
2019,,,Sondika,Ehunekoa,Sondika,0.1
2020,,,Sondika,Ehunekoa,Sondika,0.1
2014,,,Zamudio,Ehunekoa,Zamudio,0.1
2015,,,Zamudio,Ehunekoa,Zamudio,0.1
2016,,,Zamudio,Ehunekoa,Zamudio,0.1
2017,,,Zamudio,Ehunekoa,Zamudio,0.1
2018,,,Zamudio,Ehunekoa,Zamudio,0.1
2019,,,Zamudio,Ehunekoa,Zamudio,0.1
2020,,,Zamudio,Ehunekoa,Zamudio,0.1
2014,,,Forua,Ehunekoa,Forua,5.1
2015,,,Forua,Ehunekoa,Forua,5.2
2016,,,Forua,Ehunekoa,Forua,5.2
2017,,,Forua,Ehunekoa,Forua,4.9
2018,,,Forua,Ehunekoa,Forua,4.5
2019,,,Forua,Ehunekoa,Forua,4.9
2020,,,Forua,Ehunekoa,Forua,6.0
2014,,,Kortezubi,Ehunekoa,Kortezubi,24.4
2015,,,Kortezubi,Ehunekoa,Kortezubi,29.7
2016,,,Kortezubi,Ehunekoa,Kortezubi,23.3
2017,,,Kortezubi,Ehunekoa,Kortezubi,21.2
2018,,,Kortezubi,Ehunekoa,Kortezubi,17.5
2019,,,Kortezubi,Ehunekoa,Kortezubi,19.1
2020,,,Kortezubi,Ehunekoa,Kortezubi,21.8
2014,,,Murueta,Ehunekoa,Murueta,4.0
2015,,,Murueta,Ehunekoa,Murueta,4.3
2016,,,Murueta,Ehunekoa,Murueta,5.3
2017,,,Murueta,Ehunekoa,Murueta,5.7
2018,,,Murueta,Ehunekoa,Murueta,4.6
2019,,,Murueta,Ehunekoa,Murueta,4.4
2020,,,Murueta,Ehunekoa,Murueta,10.2
2014,,,Nabarniz,Ehunekoa,Nabarniz,10.8
2015,,,Nabarniz,Ehunekoa,Nabarniz,11.8
2016,,,Nabarniz,Ehunekoa,Nabarniz,13.3
2017,,,Nabarniz,Ehunekoa,Nabarniz,12.9
2018,,,Nabarniz,Ehunekoa,Nabarniz,12.5
2019,,,Nabarniz,Ehunekoa,Nabarniz,13.7
2020,,,Nabarniz,Ehunekoa,Nabarniz,14.4
2014,,,Iurreta,Ehunekoa,Iurreta,0.2
2015,,,Iurreta,Ehunekoa,Iurreta,0.2
2016,,,Iurreta,Ehunekoa,Iurreta,0.2
2017,,,Iurreta,Ehunekoa,Iurreta,0.2
2018,,,Iurreta,Ehunekoa,Iurreta,0.2
2019,,,Iurreta,Ehunekoa,Iurreta,0.2
2020,,,Iurreta,Ehunekoa,Iurreta,0.2
2014,,,Ajangiz,Ehunekoa,Ajangiz,0.8
2015,,,Ajangiz,Ehunekoa,Ajangiz,0.9
2016,,,Ajangiz,Ehunekoa,Ajangiz,1.0
2017,,,Ajangiz,Ehunekoa,Ajangiz,0.9
2018,,,Ajangiz,Ehunekoa,Ajangiz,0.8
2019,,,Ajangiz,Ehunekoa,Ajangiz,0.9
2020,,,Ajangiz,Ehunekoa,Ajangiz,1.0
2014,,,Alonsotegi,Ehunekoa,Alonsotegi,0.7
2015,,,Alonsotegi,Ehunekoa,Alonsotegi,0.6
2016,,,Alonsotegi,Ehunekoa,Alonsotegi,0.8
2017,,,Alonsotegi,Ehunekoa,Alonsotegi,0.8
2018,,,Alonsotegi,Ehunekoa,Alonsotegi,0.7
2019,,,Alonsotegi,Ehunekoa,Alonsotegi,0.7
2020,,,Alonsotegi,Ehunekoa,Alonsotegi,0.7
2014,,,Zierbena,Ehunekoa,Zierbena,0.6
2015,,,Zierbena,Ehunekoa,Zierbena,0.6
2016,,,Zierbena,Ehunekoa,Zierbena,0.7
2017,,,Zierbena,Ehunekoa,Zierbena,0.6
2018,,,Zierbena,Ehunekoa,Zierbena,0.4
2019,,,Zierbena,Ehunekoa,Zierbena,0.9
2020,,,Zierbena,Ehunekoa,Zierbena,0.8
2014,,,Arratzu,Ehunekoa,Arratzu,11.3
2015,,,Arratzu,Ehunekoa,Arratzu,13.4
2016,,,Arratzu,Ehunekoa,Arratzu,13.1
2017,,,Arratzu,Ehunekoa,Arratzu,12.8
2018,,,Arratzu,Ehunekoa,Arratzu,11.3
2019,,,Arratzu,Ehunekoa,Arratzu,12.9
2020,,,Arratzu,Ehunekoa,Arratzu,11.8
2014,,,Ziortza-Bolibar,Ehunekoa,Ziortza-Bolibar,7.3
2015,,,Ziortza-Bolibar,Ehunekoa,Ziortza-Bolibar,7.0
2016,,,Ziortza-Bolibar,Ehunekoa,Ziortza-Bolibar,7.2
2017,,,Ziortza-Bolibar,Ehunekoa,Ziortza-Bolibar,7.8
2018,,,Ziortza-Bolibar,Ehunekoa,Ziortza-Bolibar,7.9
2019,,,Ziortza-Bolibar,Ehunekoa,Ziortza-Bolibar,9.2
2020,,,Ziortza-Bolibar,Ehunekoa,Ziortza-Bolibar,11.4
2010,,,,Ehunekoa,,0.6
2011,,,,Ehunekoa,,0.7
2012,,,,Ehunekoa,,0.8
2013,,,,Ehunekoa,,0.8
2014,,,,Ehunekoa,,0.7
2015,,,,Ehunekoa,,0.7
2016,,,,Ehunekoa,,0.7
2017,,,,Ehunekoa,,0.9
2018,,,,Ehunekoa,,0.8
2019,,,,Ehunekoa,,0.8
2020,,,,Ehunekoa,,0.7
2021,,,,Ehunekoa,,0.8
2022,,,,Ehunekoa,,0.9
