Year,Lurralde historikoa,Eskualdea,Udalerria,Units,GeoCode,Value
2021,All,,,PT,,0.8
2011,All,,,PT,,0.7
2017,All,,,PT,,0.9
2019,All,,,PT,,0.8
2014,All,,,PT,,0.7
2010,All,,,PT,,0.7
2018,All,,,PT,,0.8
2012,All,,,PT,,0.8
2016,All,,,PT,,0.7
2022,All,,,PT,,0.8
2020,All,,,PT,,0.7
2013,All,,,PT,,0.8
2015,All,,,PT,,0.7
2023,All,,,PT,,0.8
2015,,,Abadiño,PT,Abadiño,0.2
2016,,,Abadiño,PT,Abadiño,0.2
2019,,,Abadiño,PT,Abadiño,0.2
2018,,,Abadiño,PT,Abadiño,0.2
2017,,,Abadiño,PT,Abadiño,0.2
2021,,,Abadiño,PT,Abadiño,0.2
2014,,,Abadiño,PT,Abadiño,0.2
2020,,,Abadiño,PT,Abadiño,0.3
2019,,,Abaltzisketa,PT,Abaltzisketa,5.8
2016,,,Abaltzisketa,PT,Abaltzisketa,6.9
2015,,,Abaltzisketa,PT,Abaltzisketa,8.8
2018,,,Abaltzisketa,PT,Abaltzisketa,5.1
2020,,,Abaltzisketa,PT,Abaltzisketa,5.9
2017,,,Abaltzisketa,PT,Abaltzisketa,6.3
2014,,,Abaltzisketa,PT,Abaltzisketa,6.0
2021,,,Abaltzisketa,PT,Abaltzisketa,7.1
2016,,,Abanto y Ciérvana-Abanto Zierbena,PT,Abanto y Ciérvana-Abanto Zierbena,0.3
2018,,,Abanto y Ciérvana-Abanto Zierbena,PT,Abanto y Ciérvana-Abanto Zierbena,0.2
2014,,,Abanto y Ciérvana-Abanto Zierbena,PT,Abanto y Ciérvana-Abanto Zierbena,0.4
2020,,,Abanto y Ciérvana-Abanto Zierbena,PT,Abanto y Ciérvana-Abanto Zierbena,0.2
2021,,,Abanto y Ciérvana-Abanto Zierbena,PT,Abanto y Ciérvana-Abanto Zierbena,0.2
2017,,,Abanto y Ciérvana-Abanto Zierbena,PT,Abanto y Ciérvana-Abanto Zierbena,0.2
2019,,,Abanto y Ciérvana-Abanto Zierbena,PT,Abanto y Ciérvana-Abanto Zierbena,0.2
2015,,,Abanto y Ciérvana-Abanto Zierbena,PT,Abanto y Ciérvana-Abanto Zierbena,0.3
2015,,,Aduna,PT,Aduna,0.7
2021,,,Aduna,PT,Aduna,0.4
2019,,,Aduna,PT,Aduna,0.5
2016,,,Aduna,PT,Aduna,0.6
2020,,,Aduna,PT,Aduna,0.3
2018,,,Aduna,PT,Aduna,0.4
2017,,,Aduna,PT,Aduna,0.6
2014,,,Aduna,PT,Aduna,0.5
2021,,,Agurain / Salvatierra,PT,Agurain / Salvatierra,1.4
2014,,,Agurain / Salvatierra,PT,Agurain / Salvatierra,2.6
2018,,,Agurain / Salvatierra,PT,Agurain / Salvatierra,1.4
2017,,,Agurain / Salvatierra,PT,Agurain / Salvatierra,1.6
2019,,,Agurain / Salvatierra,PT,Agurain / Salvatierra,1.4
2015,,,Agurain / Salvatierra,PT,Agurain / Salvatierra,2.4
2016,,,Agurain / Salvatierra,PT,Agurain / Salvatierra,2.0
2020,,,Agurain / Salvatierra,PT,Agurain / Salvatierra,1.3
2016,,,Aia,PT,Aia,4.2
2017,,,Aia,PT,Aia,4.7
2021,,,Aia,PT,Aia,4.2
2015,,,Aia,PT,Aia,4.7
2020,,,Aia,PT,Aia,4.4
2014,,,Aia,PT,Aia,4.8
2019,,,Aia,PT,Aia,4.5
2018,,,Aia,PT,Aia,3.8
2021,,,Aizarnazabal,PT,Aizarnazabal,0.8
2014,,,Aizarnazabal,PT,Aizarnazabal,0.8
2018,,,Aizarnazabal,PT,Aizarnazabal,0.9
2019,,,Aizarnazabal,PT,Aizarnazabal,0.9
2015,,,Aizarnazabal,PT,Aizarnazabal,1.0
2020,,,Aizarnazabal,PT,Aizarnazabal,1.1
2017,,,Aizarnazabal,PT,Aizarnazabal,0.9
2016,,,Aizarnazabal,PT,Aizarnazabal,0.9
2019,,,Ajangiz,PT,Ajangiz,0.9
2021,,,Ajangiz,PT,Ajangiz,0.9
2018,,,Ajangiz,PT,Ajangiz,0.7
2014,,,Ajangiz,PT,Ajangiz,0.8
2020,,,Ajangiz,PT,Ajangiz,0.9
2017,,,Ajangiz,PT,Ajangiz,0.9
2016,,,Ajangiz,PT,Ajangiz,0.9
2015,,,Ajangiz,PT,Ajangiz,0.8
2014,,,Albiztur,PT,Albiztur,4.4
2019,,,Albiztur,PT,Albiztur,3.7
2017,,,Albiztur,PT,Albiztur,4.2
2015,,,Albiztur,PT,Albiztur,3.6
2020,,,Albiztur,PT,Albiztur,3.2
2021,,,Albiztur,PT,Albiztur,3.3
2016,,,Albiztur,PT,Albiztur,3.8
2018,,,Albiztur,PT,Albiztur,2.9
2021,,,Alegia,PT,Alegia,0.6
2019,,,Alegia,PT,Alegia,0.8
2020,,,Alegia,PT,Alegia,0.6
2015,,,Alegia,PT,Alegia,0.6
2014,,,Alegia,PT,Alegia,0.7
2018,,,Alegia,PT,Alegia,0.6
2016,,,Alegia,PT,Alegia,0.7
2017,,,Alegia,PT,Alegia,0.8
2015,,,Alegría-Dulantzi,PT,Alegría-Dulantzi,3.3
2017,,,Alegría-Dulantzi,PT,Alegría-Dulantzi,3.7
2014,,,Alegría-Dulantzi,PT,Alegría-Dulantzi,2.3
2018,,,Alegría-Dulantzi,PT,Alegría-Dulantzi,3.6
2016,,,Alegría-Dulantzi,PT,Alegría-Dulantzi,3.0
2019,,,Alegría-Dulantzi,PT,Alegría-Dulantzi,3.1
2021,,,Alegría-Dulantzi,PT,Alegría-Dulantzi,3.3
2020,,,Alegría-Dulantzi,PT,Alegría-Dulantzi,2.8
2015,,,Alkiza,PT,Alkiza,9.5
2014,,,Alkiza,PT,Alkiza,7.9
2020,,,Alkiza,PT,Alkiza,10.4
2016,,,Alkiza,PT,Alkiza,8.5
2017,,,Alkiza,PT,Alkiza,10.2
2018,,,Alkiza,PT,Alkiza,8.5
2019,,,Alkiza,PT,Alkiza,10.2
2021,,,Alkiza,PT,Alkiza,11.0
2015,,,Alonsotegi,PT,Alonsotegi,0.5
2021,,,Alonsotegi,PT,Alonsotegi,1.0
2014,,,Alonsotegi,PT,Alonsotegi,0.6
2018,,,Alonsotegi,PT,Alonsotegi,0.6
2017,,,Alonsotegi,PT,Alonsotegi,0.7
2019,,,Alonsotegi,PT,Alonsotegi,0.7
2016,,,Alonsotegi,PT,Alonsotegi,0.7
2020,,,Alonsotegi,PT,Alonsotegi,0.7
2019,,,Altzaga,PT,Altzaga,4.5
2016,,,Altzaga,PT,Altzaga,4.9
2020,,,Altzaga,PT,Altzaga,4.3
2017,,,Altzaga,PT,Altzaga,5.4
2021,,,Altzaga,PT,Altzaga,5.8
2015,,,Altzaga,PT,Altzaga,5.0
2014,,,Altzaga,PT,Altzaga,4.3
2018,,,Altzaga,PT,Altzaga,4.2
2015,,,Altzo,PT,Altzo,1.1
2018,,,Altzo,PT,Altzo,1.1
2014,,,Altzo,PT,Altzo,1.2
2016,,,Altzo,PT,Altzo,1.1
2020,,,Altzo,PT,Altzo,0.9
2021,,,Altzo,PT,Altzo,1.1
2017,,,Altzo,PT,Altzo,1.7
2019,,,Altzo,PT,Altzo,1.1
2014,,,Amezketa,PT,Amezketa,1.7
2017,,,Amezketa,PT,Amezketa,1.9
2020,,,Amezketa,PT,Amezketa,1.4
2021,,,Amezketa,PT,Amezketa,1.2
2019,,,Amezketa,PT,Amezketa,1.4
2016,,,Amezketa,PT,Amezketa,1.7
2015,,,Amezketa,PT,Amezketa,1.5
2018,,,Amezketa,PT,Amezketa,1.4
2019,,,Amorebieta-Etxano,PT,Amorebieta-Etxano,0.3
2018,,,Amorebieta-Etxano,PT,Amorebieta-Etxano,0.2
2017,,,Amorebieta-Etxano,PT,Amorebieta-Etxano,0.3
2016,,,Amorebieta-Etxano,PT,Amorebieta-Etxano,0.3
2020,,,Amorebieta-Etxano,PT,Amorebieta-Etxano,0.3
2021,,,Amorebieta-Etxano,PT,Amorebieta-Etxano,0.3
2015,,,Amorebieta-Etxano,PT,Amorebieta-Etxano,0.4
2014,,,Amorebieta-Etxano,PT,Amorebieta-Etxano,0.3
2019,,,Amoroto,PT,Amoroto,3.6
2015,,,Amoroto,PT,Amoroto,5.2
2018,,,Amoroto,PT,Amoroto,3.6
2017,,,Amoroto,PT,Amoroto,4.3
2014,,,Amoroto,PT,Amoroto,4.2
2020,,,Amoroto,PT,Amoroto,3.6
2021,,,Amoroto,PT,Amoroto,5.1
2016,,,Amoroto,PT,Amoroto,5.0
2020,,,Amurrio,PT,Amurrio,0.9
2019,,,Amurrio,PT,Amurrio,0.9
2017,,,Amurrio,PT,Amurrio,1.2
2014,,,Amurrio,PT,Amurrio,1.4
2018,,,Amurrio,PT,Amurrio,1.1
2021,,,Amurrio,PT,Amurrio,1.3
2016,,,Amurrio,PT,Amurrio,1.1
2015,,,Amurrio,PT,Amurrio,1.2
2014,,,Andoain,PT,Andoain,0.2
2020,,,Andoain,PT,Andoain,0.2
2018,,,Andoain,PT,Andoain,0.2
2017,,,Andoain,PT,Andoain,0.2
2019,,,Andoain,PT,Andoain,0.2
2016,,,Andoain,PT,Andoain,0.2
2021,,,Andoain,PT,Andoain,0.2
2015,,,Andoain,PT,Andoain,0.3
2018,,,Anoeta,PT,Anoeta,0.4
2014,,,Anoeta,PT,Anoeta,0.3
2019,,,Anoeta,PT,Anoeta,0.4
2017,,,Anoeta,PT,Anoeta,0.5
2016,,,Anoeta,PT,Anoeta,0.4
2021,,,Anoeta,PT,Anoeta,0.4
2020,,,Anoeta,PT,Anoeta,0.4
2015,,,Anoeta,PT,Anoeta,0.4
2017,,,Antzuola,PT,Antzuola,1.4
2016,,,Antzuola,PT,Antzuola,1.1
2018,,,Antzuola,PT,Antzuola,1.1
2020,,,Antzuola,PT,Antzuola,1.2
2015,,,Antzuola,PT,Antzuola,1.2
2019,,,Antzuola,PT,Antzuola,1.4
2014,,,Antzuola,PT,Antzuola,1.0
2021,,,Antzuola,PT,Antzuola,1.5
2016,,,Añana,PT,Añana,14.2
2019,,,Añana,PT,Añana,13.2
2017,,,Añana,PT,Añana,12.9
2014,,,Añana,PT,Añana,12.3
2021,,,Añana,PT,Añana,15.4
2020,,,Añana,PT,Añana,12.2
2015,,,Añana,PT,Añana,15.2
2018,,,Añana,PT,Añana,10.7
2016,,,Arakaldo,PT,Arakaldo,4.2
2018,,,Arakaldo,PT,Arakaldo,3.4
2014,,,Arakaldo,PT,Arakaldo,2.2
2021,,,Arakaldo,PT,Arakaldo,5.9
2015,,,Arakaldo,PT,Arakaldo,4.1
2020,,,Arakaldo,PT,Arakaldo,4.7
2019,,,Arakaldo,PT,Arakaldo,3.6
2017,,,Arakaldo,PT,Arakaldo,4.0
2019,,,Arama,PT,Arama,0.3
2017,,,Arama,PT,Arama,0.4
2015,,,Arama,PT,Arama,1.3
2020,,,Arama,PT,Arama,0.4
2021,,,Arama,PT,Arama,0.3
2014,,,Arama,PT,Arama,1.4
2018,,,Arama,PT,Arama,0.3
2016,,,Arama,PT,Arama,0.4
2018,,,Aramaio,PT,Aramaio,14.9
2020,,,Aramaio,PT,Aramaio,11.3
2014,,,Aramaio,PT,Aramaio,15.7
2021,,,Aramaio,PT,Aramaio,15.3
2017,,,Aramaio,PT,Aramaio,14.8
2016,,,Aramaio,PT,Aramaio,12.9
2019,,,Aramaio,PT,Aramaio,12.4
2015,,,Aramaio,PT,Aramaio,14.4
2019,,,Arantzazu,PT,Arantzazu,5.3
2014,,,Arantzazu,PT,Arantzazu,3.3
2016,,,Arantzazu,PT,Arantzazu,3.8
2015,,,Arantzazu,PT,Arantzazu,3.1
2020,,,Arantzazu,PT,Arantzazu,6.0
2021,,,Arantzazu,PT,Arantzazu,7.6
2018,,,Arantzazu,PT,Arantzazu,4.4
2017,,,Arantzazu,PT,Arantzazu,3.8
2016,,,Areatza,PT,Areatza,2.2
2018,,,Areatza,PT,Areatza,2.0
2020,,,Areatza,PT,Areatza,2.7
2019,,,Areatza,PT,Areatza,2.2
2021,,,Areatza,PT,Areatza,3.5
2017,,,Areatza,PT,Areatza,2.1
2014,,,Areatza,PT,Areatza,1.7
2015,,,Areatza,PT,Areatza,1.7
2017,,,Aretxabaleta,PT,Aretxabaleta,0.5
2018,,,Aretxabaleta,PT,Aretxabaleta,0.3
2016,,,Aretxabaleta,PT,Aretxabaleta,0.4
2019,,,Aretxabaleta,PT,Aretxabaleta,0.4
2015,,,Aretxabaleta,PT,Aretxabaleta,0.3
2014,,,Aretxabaleta,PT,Aretxabaleta,0.3
2021,,,Aretxabaleta,PT,Aretxabaleta,0.4
2020,,,Aretxabaleta,PT,Aretxabaleta,0.4
2018,,,Armiñón,PT,Armiñón,6.5
2015,,,Armiñón,PT,Armiñón,6.6
2014,,,Armiñón,PT,Armiñón,6.0
2021,,,Armiñón,PT,Armiñón,10.0
2020,,,Armiñón,PT,Armiñón,8.6
2019,,,Armiñón,PT,Armiñón,7.3
2017,,,Armiñón,PT,Armiñón,6.7
2016,,,Armiñón,PT,Armiñón,8.2
2020,,,Arraia-Maeztu,PT,Arraia-Maeztu,10.8
2014,,,Arraia-Maeztu,PT,Arraia-Maeztu,11.4
2016,,,Arraia-Maeztu,PT,Arraia-Maeztu,11.4
2015,,,Arraia-Maeztu,PT,Arraia-Maeztu,9.9
2019,,,Arraia-Maeztu,PT,Arraia-Maeztu,10.9
2021,,,Arraia-Maeztu,PT,Arraia-Maeztu,12.8
2017,,,Arraia-Maeztu,PT,Arraia-Maeztu,12.1
2018,,,Arraia-Maeztu,PT,Arraia-Maeztu,12.1
2020,,,Arrankudiaga-Zollo,PT,Arrankudiaga-Zollo,1.6
2015,,,Arrankudiaga-Zollo,PT,Arrankudiaga-Zollo,1.8
2021,,,Arrankudiaga-Zollo,PT,Arrankudiaga-Zollo,1.9
2019,,,Arrankudiaga-Zollo,PT,Arrankudiaga-Zollo,1.7
2017,,,Arrankudiaga-Zollo,PT,Arrankudiaga-Zollo,1.5
2018,,,Arrankudiaga-Zollo,PT,Arrankudiaga-Zollo,1.3
2014,,,Arrankudiaga-Zollo,PT,Arrankudiaga-Zollo,2.0
2016,,,Arrankudiaga-Zollo,PT,Arrankudiaga-Zollo,1.9
2017,,,Arrasate / Mondragón,PT,Arrasate / Mondragón,0.2
2014,,,Arrasate / Mondragón,PT,Arrasate / Mondragón,0.1
2020,,,Arrasate / Mondragón,PT,Arrasate / Mondragón,0.1
2016,,,Arrasate / Mondragón,PT,Arrasate / Mondragón,0.1
2019,,,Arrasate / Mondragón,PT,Arrasate / Mondragón,0.2
2018,,,Arrasate / Mondragón,PT,Arrasate / Mondragón,0.1
2021,,,Arrasate / Mondragón,PT,Arrasate / Mondragón,0.2
2015,,,Arrasate / Mondragón,PT,Arrasate / Mondragón,0.1
2018,,,Arratzu,PT,Arratzu,10.1
2021,,,Arratzu,PT,Arratzu,10.8
2016,,,Arratzu,PT,Arratzu,11.8
2020,,,Arratzu,PT,Arratzu,10.7
2014,,,Arratzu,PT,Arratzu,10.1
2019,,,Arratzu,PT,Arratzu,11.6
2015,,,Arratzu,PT,Arratzu,12.2
2017,,,Arratzu,PT,Arratzu,11.6
2018,,,Arratzua-Ubarrundia,PT,Arratzua-Ubarrundia,6.8
2021,,,Arratzua-Ubarrundia,PT,Arratzua-Ubarrundia,6.4
2016,,,Arratzua-Ubarrundia,PT,Arratzua-Ubarrundia,8.1
2020,,,Arratzua-Ubarrundia,PT,Arratzua-Ubarrundia,5.8
2015,,,Arratzua-Ubarrundia,PT,Arratzua-Ubarrundia,8.4
2014,,,Arratzua-Ubarrundia,PT,Arratzua-Ubarrundia,9.6
2019,,,Arratzua-Ubarrundia,PT,Arratzua-Ubarrundia,6.1
2017,,,Arratzua-Ubarrundia,PT,Arratzua-Ubarrundia,8.0
2021,,,Arrieta,PT,Arrieta,13.8
2020,,,Arrieta,PT,Arrieta,12.4
2014,,,Arrieta,PT,Arrieta,12.6
2016,,,Arrieta,PT,Arrieta,14.0
2017,,,Arrieta,PT,Arrieta,13.6
2019,,,Arrieta,PT,Arrieta,11.0
2018,,,Arrieta,PT,Arrieta,12.2
2015,,,Arrieta,PT,Arrieta,14.2
2015,,,Arrigorriaga,PT,Arrigorriaga,0.2
2018,,,Arrigorriaga,PT,Arrigorriaga,0.2
2019,,,Arrigorriaga,PT,Arrigorriaga,0.3
2014,,,Arrigorriaga,PT,Arrigorriaga,0.2
2016,,,Arrigorriaga,PT,Arrigorriaga,0.2
2017,,,Arrigorriaga,PT,Arrigorriaga,0.2
2020,,,Arrigorriaga,PT,Arrigorriaga,0.3
2021,,,Arrigorriaga,PT,Arrigorriaga,0.4
2014,,,Artea,PT,Artea,1.5
2017,,,Artea,PT,Artea,1.8
2016,,,Artea,PT,Artea,1.9
2021,,,Artea,PT,Artea,2.1
2015,,,Artea,PT,Artea,1.9
2018,,,Artea,PT,Artea,1.6
2019,,,Artea,PT,Artea,1.7
2020,,,Artea,PT,Artea,1.9
2021,,,Artzentales,PT,Artzentales,17.7
2017,,,Artzentales,PT,Artzentales,11.3
2014,,,Artzentales,PT,Artzentales,11.0
2016,,,Artzentales,PT,Artzentales,10.9
2020,,,Artzentales,PT,Artzentales,13.5
2015,,,Artzentales,PT,Artzentales,9.1
2018,,,Artzentales,PT,Artzentales,12.2
2019,,,Artzentales,PT,Artzentales,12.2
2015,,,Artziniega,PT,Artziniega,2.0
2014,,,Artziniega,PT,Artziniega,2.6
2021,,,Artziniega,PT,Artziniega,2.5
2017,,,Artziniega,PT,Artziniega,2.1
2018,,,Artziniega,PT,Artziniega,2.4
2020,,,Artziniega,PT,Artziniega,1.5
2016,,,Artziniega,PT,Artziniega,1.9
2019,,,Artziniega,PT,Artziniega,1.8
2017,,,Asparrena,PT,Asparrena,1.5
2015,,,Asparrena,PT,Asparrena,2.8
2021,,,Asparrena,PT,Asparrena,1.4
2018,,,Asparrena,PT,Asparrena,1.4
2014,,,Asparrena,PT,Asparrena,3.1
2019,,,Asparrena,PT,Asparrena,1.2
2016,,,Asparrena,PT,Asparrena,2.2
2020,,,Asparrena,PT,Asparrena,1.5
2014,,,Asteasu,PT,Asteasu,2.0
2019,,,Asteasu,PT,Asteasu,1.3
2017,,,Asteasu,PT,Asteasu,1.4
2020,,,Asteasu,PT,Asteasu,1.3
2018,,,Asteasu,PT,Asteasu,1.2
2015,,,Asteasu,PT,Asteasu,1.9
2021,,,Asteasu,PT,Asteasu,1.1
2016,,,Asteasu,PT,Asteasu,1.5
2014,,,Astigarraga,PT,Astigarraga,0.1
2018,,,Astigarraga,PT,Astigarraga,0.1
2016,,,Astigarraga,PT,Astigarraga,0.1
2020,,,Astigarraga,PT,Astigarraga,0.2
2019,,,Astigarraga,PT,Astigarraga,0.2
2015,,,Astigarraga,PT,Astigarraga,0.1
2017,,,Astigarraga,PT,Astigarraga,0.1
2021,,,Astigarraga,PT,Astigarraga,0.3
2014,,,Ataun,PT,Ataun,7.6
2017,,,Ataun,PT,Ataun,7.1
2016,,,Ataun,PT,Ataun,6.5
2015,,,Ataun,PT,Ataun,6.8
2021,,,Ataun,PT,Ataun,7.6
2020,,,Ataun,PT,Ataun,6.5
2018,,,Ataun,PT,Ataun,5.5
2019,,,Ataun,PT,Ataun,6.9
2019,,,Atxondo,PT,Atxondo,1.0
2014,,,Atxondo,PT,Atxondo,0.7
2021,,,Atxondo,PT,Atxondo,1.2
2017,,,Atxondo,PT,Atxondo,0.8
2018,,,Atxondo,PT,Atxondo,0.9
2016,,,Atxondo,PT,Atxondo,0.8
2015,,,Atxondo,PT,Atxondo,0.6
2020,,,Atxondo,PT,Atxondo,0.9
2014,,,Aulesti,PT,Aulesti,5.3
2018,,,Aulesti,PT,Aulesti,7.1
2019,,,Aulesti,PT,Aulesti,7.9
2015,,,Aulesti,PT,Aulesti,5.6
2017,,,Aulesti,PT,Aulesti,7.4
2021,,,Aulesti,PT,Aulesti,9.4
2020,,,Aulesti,PT,Aulesti,6.5
2016,,,Aulesti,PT,Aulesti,7.5
2018,,,Ayala / Aiara,PT,Ayala / Aiara,7.0
2020,,,Ayala / Aiara,PT,Ayala / Aiara,5.4
2021,,,Ayala / Aiara,PT,Ayala / Aiara,6.9
2016,,,Ayala / Aiara,PT,Ayala / Aiara,7.1
2015,,,Ayala / Aiara,PT,Ayala / Aiara,8.3
2014,,,Ayala / Aiara,PT,Ayala / Aiara,10.7
2017,,,Ayala / Aiara,PT,Ayala / Aiara,7.6
2019,,,Ayala / Aiara,PT,Ayala / Aiara,5.5
2019,,,Azkoitia,PT,Azkoitia,0.8
2015,,,Azkoitia,PT,Azkoitia,0.5
2021,,,Azkoitia,PT,Azkoitia,0.8
2016,,,Azkoitia,PT,Azkoitia,0.6
2018,,,Azkoitia,PT,Azkoitia,0.6
2014,,,Azkoitia,PT,Azkoitia,0.5
2020,,,Azkoitia,PT,Azkoitia,0.7
2017,,,Azkoitia,PT,Azkoitia,0.8
2014,,,Azpeitia,PT,Azpeitia,0.5
2021,,,Azpeitia,PT,Azpeitia,0.9
2015,,,Azpeitia,PT,Azpeitia,0.6
2016,,,Azpeitia,PT,Azpeitia,0.7
2018,,,Azpeitia,PT,Azpeitia,0.6
2017,,,Azpeitia,PT,Azpeitia,0.8
2020,,,Azpeitia,PT,Azpeitia,0.8
2019,,,Azpeitia,PT,Azpeitia,0.8
2021,,,Bakio,PT,Bakio,3.3
2019,,,Bakio,PT,Bakio,2.6
2016,,,Bakio,PT,Bakio,3.6
2014,,,Bakio,PT,Bakio,4.5
2017,,,Bakio,PT,Bakio,3.0
2020,,,Bakio,PT,Bakio,2.8
2018,,,Bakio,PT,Bakio,2.4
2015,,,Bakio,PT,Bakio,4.4
2018,,,Baliarrain,PT,Baliarrain,5.6
2015,,,Baliarrain,PT,Baliarrain,7.4
2021,,,Baliarrain,PT,Baliarrain,4.6
2019,,,Baliarrain,PT,Baliarrain,6.1
2014,,,Baliarrain,PT,Baliarrain,8.6
2016,,,Baliarrain,PT,Baliarrain,6.5
2017,,,Baliarrain,PT,Baliarrain,6.4
2020,,,Baliarrain,PT,Baliarrain,5.6
2017,,,Balmaseda,PT,Balmaseda,0.8
2018,,,Balmaseda,PT,Balmaseda,0.8
2020,,,Balmaseda,PT,Balmaseda,0.9
2016,,,Balmaseda,PT,Balmaseda,0.8
2014,,,Balmaseda,PT,Balmaseda,0.6
2021,,,Balmaseda,PT,Balmaseda,1.2
2015,,,Balmaseda,PT,Balmaseda,0.6
2019,,,Balmaseda,PT,Balmaseda,0.8
2016,,,Baños de Ebro / Mañueta,PT,Baños de Ebro / Mañueta,30.7
2014,,,Baños de Ebro / Mañueta,PT,Baños de Ebro / Mañueta,24.0
2017,,,Baños de Ebro / Mañueta,PT,Baños de Ebro / Mañueta,31.1
2019,,,Baños de Ebro / Mañueta,PT,Baños de Ebro / Mañueta,32.1
2015,,,Baños de Ebro / Mañueta,PT,Baños de Ebro / Mañueta,29.4
2018,,,Baños de Ebro / Mañueta,PT,Baños de Ebro / Mañueta,33.4
2021,,,Baños de Ebro / Mañueta,PT,Baños de Ebro / Mañueta,32.6
2020,,,Baños de Ebro / Mañueta,PT,Baños de Ebro / Mañueta,35.6
2016,,,Barakaldo,PT,Barakaldo,0.0
2014,,,Barakaldo,PT,Barakaldo,0.0
2017,,,Barakaldo,PT,Barakaldo,0.0
2021,,,Barakaldo,PT,Barakaldo,0.0
2020,,,Barakaldo,PT,Barakaldo,0.0
2015,,,Barakaldo,PT,Barakaldo,0.0
2019,,,Barakaldo,PT,Barakaldo,0.0
2018,,,Barakaldo,PT,Barakaldo,0.0
2019,,,Barrika,PT,Barrika,1.6
2016,,,Barrika,PT,Barrika,1.4
2018,,,Barrika,PT,Barrika,1.5
2020,,,Barrika,PT,Barrika,1.8
2021,,,Barrika,PT,Barrika,1.6
2015,,,Barrika,PT,Barrika,1.2
2017,,,Barrika,PT,Barrika,1.7
2014,,,Barrika,PT,Barrika,1.0
2014,,,Barrundia,PT,Barrundia,27.9
2016,,,Barrundia,PT,Barrundia,24.5
2021,,,Barrundia,PT,Barrundia,27.4
2017,,,Barrundia,PT,Barrundia,25.4
2015,,,Barrundia,PT,Barrundia,23.3
2020,,,Barrundia,PT,Barrundia,24.0
2019,,,Barrundia,PT,Barrundia,23.9
2018,,,Barrundia,PT,Barrundia,24.8
2014,,,Basauri,PT,Basauri,0.1
2015,,,Basauri,PT,Basauri,0.1
2019,,,Basauri,PT,Basauri,0.0
2017,,,Basauri,PT,Basauri,0.0
2021,,,Basauri,PT,Basauri,0.0
2020,,,Basauri,PT,Basauri,0.0
2018,,,Basauri,PT,Basauri,0.0
2016,,,Basauri,PT,Basauri,0.0
2019,,,Beasain,PT,Beasain,0.1
2015,,,Beasain,PT,Beasain,0.2
2018,,,Beasain,PT,Beasain,0.1
2016,,,Beasain,PT,Beasain,0.2
2021,,,Beasain,PT,Beasain,0.2
2014,,,Beasain,PT,Beasain,0.2
2017,,,Beasain,PT,Beasain,0.2
2020,,,Beasain,PT,Beasain,0.1
2016,,,Bedia,PT,Bedia,2.1
2017,,,Bedia,PT,Bedia,2.3
2014,,,Bedia,PT,Bedia,2.0
2019,,,Bedia,PT,Bedia,2.3
2018,,,Bedia,PT,Bedia,2.3
2015,,,Bedia,PT,Bedia,1.9
2021,,,Bedia,PT,Bedia,2.9
2020,,,Bedia,PT,Bedia,2.7
2021,,,Beizama,PT,Beizama,22.2
2014,,,Beizama,PT,Beizama,14.1
2017,,,Beizama,PT,Beizama,18.0
2018,,,Beizama,PT,Beizama,16.7
2016,,,Beizama,PT,Beizama,17.3
2015,,,Beizama,PT,Beizama,14.9
2020,,,Beizama,PT,Beizama,18.5
2019,,,Beizama,PT,Beizama,21.4
2020,,,Belauntza,PT,Belauntza,0.9
2019,,,Belauntza,PT,Belauntza,1.0
2017,,,Belauntza,PT,Belauntza,1.1
2016,,,Belauntza,PT,Belauntza,1.2
2021,,,Belauntza,PT,Belauntza,0.9
2018,,,Belauntza,PT,Belauntza,0.8
2015,,,Belauntza,PT,Belauntza,1.3
2014,,,Belauntza,PT,Belauntza,1.5
2014,,,Berango,PT,Berango,1.0
2018,,,Berango,PT,Berango,0.5
2016,,,Berango,PT,Berango,0.7
2020,,,Berango,PT,Berango,0.4
2019,,,Berango,PT,Berango,0.4
2021,,,Berango,PT,Berango,0.3
2017,,,Berango,PT,Berango,0.6
2015,,,Berango,PT,Berango,0.8
2014,,,Berantevilla,PT,Berantevilla,3.7
2019,,,Berantevilla,PT,Berantevilla,3.5
2015,,,Berantevilla,PT,Berantevilla,5.4
2020,,,Berantevilla,PT,Berantevilla,3.9
2017,,,Berantevilla,PT,Berantevilla,3.6
2016,,,Berantevilla,PT,Berantevilla,4.4
2018,,,Berantevilla,PT,Berantevilla,3.9
2021,,,Berantevilla,PT,Berantevilla,5.4
2019,,,Berastegi,PT,Berastegi,3.3
2020,,,Berastegi,PT,Berastegi,2.8
2016,,,Berastegi,PT,Berastegi,2.6
2015,,,Berastegi,PT,Berastegi,2.5
2014,,,Berastegi,PT,Berastegi,2.4
2021,,,Berastegi,PT,Berastegi,2.9
2017,,,Berastegi,PT,Berastegi,3.3
2018,,,Berastegi,PT,Berastegi,2.4
2015,,,Bergara,PT,Bergara,0.7
2018,,,Bergara,PT,Bergara,0.5
2016,,,Bergara,PT,Bergara,0.7
2021,,,Bergara,PT,Bergara,0.7
2014,,,Bergara,PT,Bergara,0.6
2017,,,Bergara,PT,Bergara,0.8
2019,,,Bergara,PT,Bergara,0.7
2020,,,Bergara,PT,Bergara,0.6
2016,,,Bermeo,PT,Bermeo,12.9
2017,,,Bermeo,PT,Bermeo,30.1
2021,,,Bermeo,PT,Bermeo,21.9
2020,,,Bermeo,PT,Bermeo,26.6
2018,,,Bermeo,PT,Bermeo,27.7
2019,,,Bermeo,PT,Bermeo,29.3
2014,,,Bermeo,PT,Bermeo,14.9
2015,,,Bermeo,PT,Bermeo,11.7
2017,,,Bernedo,PT,Bernedo,6.8
2015,,,Bernedo,PT,Bernedo,7.1
2021,,,Bernedo,PT,Bernedo,6.6
2016,,,Bernedo,PT,Bernedo,6.9
2019,,,Bernedo,PT,Bernedo,6.2
2018,,,Bernedo,PT,Bernedo,6.7
2014,,,Bernedo,PT,Bernedo,6.8
2020,,,Bernedo,PT,Bernedo,5.0
2017,,,Berriatua,PT,Berriatua,1.1
2019,,,Berriatua,PT,Berriatua,1.2
2020,,,Berriatua,PT,Berriatua,1.4
2021,,,Berriatua,PT,Berriatua,2.1
2015,,,Berriatua,PT,Berriatua,1.4
2018,,,Berriatua,PT,Berriatua,1.1
2016,,,Berriatua,PT,Berriatua,1.3
2014,,,Berriatua,PT,Berriatua,1.4
2018,,,Berriz,PT,Berriz,0.7
2014,,,Berriz,PT,Berriz,0.6
2015,,,Berriz,PT,Berriz,0.7
2017,,,Berriz,PT,Berriz,0.8
2021,,,Berriz,PT,Berriz,1.1
2020,,,Berriz,PT,Berriz,1.0
2019,,,Berriz,PT,Berriz,0.8
2016,,,Berriz,PT,Berriz,0.8
2015,,,Berrobi,PT,Berrobi,3.3
2014,,,Berrobi,PT,Berrobi,2.9
2019,,,Berrobi,PT,Berrobi,2.9
2021,,,Berrobi,PT,Berrobi,3.2
2018,,,Berrobi,PT,Berrobi,2.3
2020,,,Berrobi,PT,Berrobi,3.1
2017,,,Berrobi,PT,Berrobi,3.1
2016,,,Berrobi,PT,Berrobi,3.0
2015,,,Bidania-Goiatz,PT,Bidania-Goiatz,6.1
2017,,,Bidania-Goiatz,PT,Bidania-Goiatz,5.7
2014,,,Bidania-Goiatz,PT,Bidania-Goiatz,5.0
2021,,,Bidania-Goiatz,PT,Bidania-Goiatz,4.9
2019,,,Bidania-Goiatz,PT,Bidania-Goiatz,5.8
2020,,,Bidania-Goiatz,PT,Bidania-Goiatz,5.4
2016,,,Bidania-Goiatz,PT,Bidania-Goiatz,5.8
2018,,,Bidania-Goiatz,PT,Bidania-Goiatz,5.2
2021,,,Bilbao,PT,Bilbao,0.0
2018,,,Bilbao,PT,Bilbao,0.1
2019,,,Bilbao,PT,Bilbao,0.0
2017,,,Bilbao,PT,Bilbao,0.1
2016,,,Bilbao,PT,Bilbao,0.0
2020,,,Bilbao,PT,Bilbao,0.0
2015,,,Bilbao,PT,Bilbao,0.0
2014,,,Bilbao,PT,Bilbao,0.0
2019,,,Busturia,PT,Busturia,4.3
2018,,,Busturia,PT,Busturia,3.9
2015,,,Busturia,PT,Busturia,5.3
2017,,,Busturia,PT,Busturia,4.5
2021,,,Busturia,PT,Busturia,5.6
2020,,,Busturia,PT,Busturia,4.3
2016,,,Busturia,PT,Busturia,4.5
2014,,,Busturia,PT,Busturia,5.8
2019,,,Campezo / Kanpezu,PT,Campezo / Kanpezu,10.1
2017,,,Campezo / Kanpezu,PT,Campezo / Kanpezu,10.2
2020,,,Campezo / Kanpezu,PT,Campezo / Kanpezu,8.7
2014,,,Campezo / Kanpezu,PT,Campezo / Kanpezu,10.3
2016,,,Campezo / Kanpezu,PT,Campezo / Kanpezu,11.8
2015,,,Campezo / Kanpezu,PT,Campezo / Kanpezu,11.7
2018,,,Campezo / Kanpezu,PT,Campezo / Kanpezu,11.4
2021,,,Campezo / Kanpezu,PT,Campezo / Kanpezu,10.2
2019,,,Deba,PT,Deba,1.1
2021,,,Deba,PT,Deba,1.2
2020,,,Deba,PT,Deba,1.1
2017,,,Deba,PT,Deba,1.2
2018,,,Deba,PT,Deba,0.8
2014,,,Deba,PT,Deba,1.0
2015,,,Deba,PT,Deba,1.0
2016,,,Deba,PT,Deba,1.0
2021,,,Derio,PT,Derio,0.1
2015,,,Derio,PT,Derio,0.2
2018,,,Derio,PT,Derio,0.1
2016,,,Derio,PT,Derio,0.2
2014,,,Derio,PT,Derio,0.2
2020,,,Derio,PT,Derio,0.1
2019,,,Derio,PT,Derio,0.2
2017,,,Derio,PT,Derio,0.2
2017,,,Dima,PT,Dima,6.9
2015,,,Dima,PT,Dima,5.7
2016,,,Dima,PT,Dima,7.0
2020,,,Dima,PT,Dima,7.4
2021,,,Dima,PT,Dima,10.4
2019,,,Dima,PT,Dima,7.7
2014,,,Dima,PT,Dima,5.2
2018,,,Dima,PT,Dima,6.4
2015,,,Donostia / San Sebastián,PT,Donostia / San Sebastián,0.1
2014,,,Donostia / San Sebastián,PT,Donostia / San Sebastián,0.1
2021,,,Donostia / San Sebastián,PT,Donostia / San Sebastián,0.0
2016,,,Donostia / San Sebastián,PT,Donostia / San Sebastián,0.0
2018,,,Donostia / San Sebastián,PT,Donostia / San Sebastián,0.0
2020,,,Donostia / San Sebastián,PT,Donostia / San Sebastián,0.0
2017,,,Donostia / San Sebastián,PT,Donostia / San Sebastián,0.0
2019,,,Donostia / San Sebastián,PT,Donostia / San Sebastián,0.0
2014,,,Durango,PT,Durango,0.1
2016,,,Durango,PT,Durango,0.1
2021,,,Durango,PT,Durango,0.1
2020,,,Durango,PT,Durango,0.1
2015,,,Durango,PT,Durango,0.1
2018,,,Durango,PT,Durango,0.1
2017,,,Durango,PT,Durango,0.1
2019,,,Durango,PT,Durango,0.1
2016,,,Ea,PT,Ea,4.2
2015,,,Ea,PT,Ea,4.7
2017,,,Ea,PT,Ea,4.4
2021,,,Ea,PT,Ea,5.0
2020,,,Ea,PT,Ea,4.3
2019,,,Ea,PT,Ea,4.4
2014,,,Ea,PT,Ea,5.0
2018,,,Ea,PT,Ea,3.8
2018,,,Eibar,PT,Eibar,0.1
2020,,,Eibar,PT,Eibar,0.2
2016,,,Eibar,PT,Eibar,0.1
2014,,,Eibar,PT,Eibar,0.1
2017,,,Eibar,PT,Eibar,0.2
2015,,,Eibar,PT,Eibar,0.1
2019,,,Eibar,PT,Eibar,0.2
2021,,,Eibar,PT,Eibar,0.2
2018,,,Elantxobe,PT,Elantxobe,0.9
2015,,,Elantxobe,PT,Elantxobe,1.5
2019,,,Elantxobe,PT,Elantxobe,1.0
2017,,,Elantxobe,PT,Elantxobe,1.1
2021,,,Elantxobe,PT,Elantxobe,1.1
2020,,,Elantxobe,PT,Elantxobe,0.9
2014,,,Elantxobe,PT,Elantxobe,1.6
2016,,,Elantxobe,PT,Elantxobe,1.2
2017,,,Elburgo / Burgelu,PT,Elburgo / Burgelu,15.6
2015,,,Elburgo / Burgelu,PT,Elburgo / Burgelu,23.1
2018,,,Elburgo / Burgelu,PT,Elburgo / Burgelu,15.6
2016,,,Elburgo / Burgelu,PT,Elburgo / Burgelu,18.1
2020,,,Elburgo / Burgelu,PT,Elburgo / Burgelu,17.0
2019,,,Elburgo / Burgelu,PT,Elburgo / Burgelu,16.3
2014,,,Elburgo / Burgelu,PT,Elburgo / Burgelu,15.4
2021,,,Elburgo / Burgelu,PT,Elburgo / Burgelu,19.5
2019,,,Elciego,PT,Elciego,11.2
2018,,,Elciego,PT,Elciego,12.7
2014,,,Elciego,PT,Elciego,8.9
2015,,,Elciego,PT,Elciego,12.0
2017,,,Elciego,PT,Elciego,11.4
2016,,,Elciego,PT,Elciego,12.4
2021,,,Elciego,PT,Elciego,9.6
2020,,,Elciego,PT,Elciego,11.1
2020,,,Elduain,PT,Elduain,6.5
2018,,,Elduain,PT,Elduain,5.9
2016,,,Elduain,PT,Elduain,5.2
2021,,,Elduain,PT,Elduain,7.9
2015,,,Elduain,PT,Elduain,6.3
2019,,,Elduain,PT,Elduain,7.0
2017,,,Elduain,PT,Elduain,6.5
2014,,,Elduain,PT,Elduain,7.1
2015,,,Elgeta,PT,Elgeta,0.9
2019,,,Elgeta,PT,Elgeta,1.2
2021,,,Elgeta,PT,Elgeta,1.3
2017,,,Elgeta,PT,Elgeta,1.3
2018,,,Elgeta,PT,Elgeta,0.8
2016,,,Elgeta,PT,Elgeta,1.1
2020,,,Elgeta,PT,Elgeta,1.1
2014,,,Elgeta,PT,Elgeta,0.8
2019,,,Elgoibar,PT,Elgoibar,0.4
2016,,,Elgoibar,PT,Elgoibar,0.3
2014,,,Elgoibar,PT,Elgoibar,0.2
2015,,,Elgoibar,PT,Elgoibar,0.3
2017,,,Elgoibar,PT,Elgoibar,0.4
2020,,,Elgoibar,PT,Elgoibar,0.4
2021,,,Elgoibar,PT,Elgoibar,0.5
2018,,,Elgoibar,PT,Elgoibar,0.3
2014,,,Elorrio,PT,Elorrio,0.5
2016,,,Elorrio,PT,Elorrio,0.7
2020,,,Elorrio,PT,Elorrio,0.7
2019,,,Elorrio,PT,Elorrio,0.8
2021,,,Elorrio,PT,Elorrio,0.9
2017,,,Elorrio,PT,Elorrio,0.7
2015,,,Elorrio,PT,Elorrio,0.5
2018,,,Elorrio,PT,Elorrio,0.7
2017,,,Elvillar / Bilar,PT,Elvillar / Bilar,38.8
2016,,,Elvillar / Bilar,PT,Elvillar / Bilar,35.7
2014,,,Elvillar / Bilar,PT,Elvillar / Bilar,23.0
2015,,,Elvillar / Bilar,PT,Elvillar / Bilar,30.3
2018,,,Elvillar / Bilar,PT,Elvillar / Bilar,45.6
2021,,,Elvillar / Bilar,PT,Elvillar / Bilar,45.4
2020,,,Elvillar / Bilar,PT,Elvillar / Bilar,48.0
2019,,,Elvillar / Bilar,PT,Elvillar / Bilar,43.9
2018,,,Erandio,PT,Erandio,0.1
2020,,,Erandio,PT,Erandio,0.1
2021,,,Erandio,PT,Erandio,0.1
2014,,,Erandio,PT,Erandio,0.1
2015,,,Erandio,PT,Erandio,0.1
2016,,,Erandio,PT,Erandio,0.1
2017,,,Erandio,PT,Erandio,0.1
2019,,,Erandio,PT,Erandio,0.1
2016,,,Ereño,PT,Ereño,7.8
2018,,,Ereño,PT,Ereño,10.7
2017,,,Ereño,PT,Ereño,7.7
2021,,,Ereño,PT,Ereño,16.0
2020,,,Ereño,PT,Ereño,14.8
2014,,,Ereño,PT,Ereño,12.2
2015,,,Ereño,PT,Ereño,9.5
2019,,,Ereño,PT,Ereño,13.4
2016,,,Ermua,PT,Ermua,0.1
2018,,,Ermua,PT,Ermua,0.0
2014,,,Ermua,PT,Ermua,0.1
2017,,,Ermua,PT,Ermua,0.0
2020,,,Ermua,PT,Ermua,0.1
2021,,,Ermua,PT,Ermua,0.1
2015,,,Ermua,PT,Ermua,0.0
2019,,,Ermua,PT,Ermua,0.0
2014,,,Errenteria,PT,Errenteria,0.1
2015,,,Errenteria,PT,Errenteria,0.1
2018,,,Errenteria,PT,Errenteria,0.1
2017,,,Errenteria,PT,Errenteria,0.1
2021,,,Errenteria,PT,Errenteria,0.1
2016,,,Errenteria,PT,Errenteria,0.1
2020,,,Errenteria,PT,Errenteria,0.1
2019,,,Errenteria,PT,Errenteria,0.1
2015,,,Errezil,PT,Errezil,4.6
2018,,,Errezil,PT,Errezil,5.4
2016,,,Errezil,PT,Errezil,5.7
2020,,,Errezil,PT,Errezil,5.3
2014,,,Errezil,PT,Errezil,4.6
2019,,,Errezil,PT,Errezil,6.5
2017,,,Errezil,PT,Errezil,6.7
2021,,,Errezil,PT,Errezil,4.8
2020,,,Erriberagoitia / Ribera Alta,PT,Erriberagoitia / Ribera Alta,24.4
2019,,,Erriberagoitia / Ribera Alta,PT,Erriberagoitia / Ribera Alta,24.2
2015,,,Erriberagoitia / Ribera Alta,PT,Erriberagoitia / Ribera Alta,20.3
2017,,,Erriberagoitia / Ribera Alta,PT,Erriberagoitia / Ribera Alta,20.8
2016,,,Erriberagoitia / Ribera Alta,PT,Erriberagoitia / Ribera Alta,22.5
2021,,,Erriberagoitia / Ribera Alta,PT,Erriberagoitia / Ribera Alta,26.9
2018,,,Erriberagoitia / Ribera Alta,PT,Erriberagoitia / Ribera Alta,23.3
2014,,,Erriberagoitia / Ribera Alta,PT,Erriberagoitia / Ribera Alta,25.8
2017,,,Errigoiti,PT,Errigoiti,14.0
2015,,,Errigoiti,PT,Errigoiti,11.5
2016,,,Errigoiti,PT,Errigoiti,12.9
2018,,,Errigoiti,PT,Errigoiti,12.0
2021,,,Errigoiti,PT,Errigoiti,16.4
2014,,,Errigoiti,PT,Errigoiti,13.4
2019,,,Errigoiti,PT,Errigoiti,13.2
2020,,,Errigoiti,PT,Errigoiti,14.3
2019,,,Eskoriatza,PT,Eskoriatza,0.9
2018,,,Eskoriatza,PT,Eskoriatza,0.8
2020,,,Eskoriatza,PT,Eskoriatza,0.9
2016,,,Eskoriatza,PT,Eskoriatza,0.7
2021,,,Eskoriatza,PT,Eskoriatza,1.1
2014,,,Eskoriatza,PT,Eskoriatza,0.6
2015,,,Eskoriatza,PT,Eskoriatza,0.6
2017,,,Eskoriatza,PT,Eskoriatza,0.9
2019,,,Etxebarri,PT,Etxebarri,0.0
2015,,,Etxebarri,PT,Etxebarri,0.0
2018,,,Etxebarri,PT,Etxebarri,0.0
2017,,,Etxebarri,PT,Etxebarri,0.0
2021,,,Etxebarri,PT,Etxebarri,0.0
2020,,,Etxebarri,PT,Etxebarri,0.0
2014,,,Etxebarri,PT,Etxebarri,0.0
2016,,,Etxebarri,PT,Etxebarri,0.0
2019,,,Etxebarria,PT,Etxebarria,1.0
2015,,,Etxebarria,PT,Etxebarria,0.8
2017,,,Etxebarria,PT,Etxebarria,0.7
2016,,,Etxebarria,PT,Etxebarria,0.8
2020,,,Etxebarria,PT,Etxebarria,1.0
2021,,,Etxebarria,PT,Etxebarria,1.4
2018,,,Etxebarria,PT,Etxebarria,0.8
2014,,,Etxebarria,PT,Etxebarria,0.8
2015,,,Ezkio-Itsaso,PT,Ezkio-Itsaso,1.6
2021,,,Ezkio-Itsaso,PT,Ezkio-Itsaso,2.0
2020,,,Ezkio-Itsaso,PT,Ezkio-Itsaso,1.8
2019,,,Ezkio-Itsaso,PT,Ezkio-Itsaso,1.9
2017,,,Ezkio-Itsaso,PT,Ezkio-Itsaso,2.2
2014,,,Ezkio-Itsaso,PT,Ezkio-Itsaso,1.5
2016,,,Ezkio-Itsaso,PT,Ezkio-Itsaso,1.7
2018,,,Ezkio-Itsaso,PT,Ezkio-Itsaso,1.5
2020,,,Forua,PT,Forua,5.5
2021,,,Forua,PT,Forua,5.7
2019,,,Forua,PT,Forua,4.4
2017,,,Forua,PT,Forua,4.5
2018,,,Forua,PT,Forua,4.1
2015,,,Forua,PT,Forua,4.7
2016,,,Forua,PT,Forua,4.7
2014,,,Forua,PT,Forua,4.6
2016,,,Fruiz,PT,Fruiz,5.6
2015,,,Fruiz,PT,Fruiz,6.4
2019,,,Fruiz,PT,Fruiz,4.6
2017,,,Fruiz,PT,Fruiz,4.7
2021,,,Fruiz,PT,Fruiz,4.6
2020,,,Fruiz,PT,Fruiz,4.0
2014,,,Fruiz,PT,Fruiz,7.4
2018,,,Fruiz,PT,Fruiz,4.3
2020,,,Gabiria,PT,Gabiria,5.7
2016,,,Gabiria,PT,Gabiria,5.7
2014,,,Gabiria,PT,Gabiria,5.2
2021,,,Gabiria,PT,Gabiria,6.8
2019,,,Gabiria,PT,Gabiria,5.2
2017,,,Gabiria,PT,Gabiria,6.0
2015,,,Gabiria,PT,Gabiria,5.9
2018,,,Gabiria,PT,Gabiria,4.4
2018,,,Gaintza,PT,Gaintza,11.1
2016,,,Gaintza,PT,Gaintza,12.4
2020,,,Gaintza,PT,Gaintza,13.2
2017,,,Gaintza,PT,Gaintza,14.8
2015,,,Gaintza,PT,Gaintza,12.5
2019,,,Gaintza,PT,Gaintza,14.1
2021,,,Gaintza,PT,Gaintza,16.3
2014,,,Gaintza,PT,Gaintza,12.4
2016,,,Galdakao,PT,Galdakao,0.1
2014,,,Galdakao,PT,Galdakao,0.2
2018,,,Galdakao,PT,Galdakao,0.1
2019,,,Galdakao,PT,Galdakao,0.1
2015,,,Galdakao,PT,Galdakao,0.2
2017,,,Galdakao,PT,Galdakao,0.1
2021,,,Galdakao,PT,Galdakao,0.1
2020,,,Galdakao,PT,Galdakao,0.1
2015,,,Galdames,PT,Galdames,6.3
2014,,,Galdames,PT,Galdames,5.6
2017,,,Galdames,PT,Galdames,7.6
2021,,,Galdames,PT,Galdames,8.1
2020,,,Galdames,PT,Galdames,7.2
2018,,,Galdames,PT,Galdames,6.7
2019,,,Galdames,PT,Galdames,7.0
2016,,,Galdames,PT,Galdames,8.1
2014,,,Gamiz-Fika,PT,Gamiz-Fika,16.4
2019,,,Gamiz-Fika,PT,Gamiz-Fika,10.2
2018,,,Gamiz-Fika,PT,Gamiz-Fika,10.3
2016,,,Gamiz-Fika,PT,Gamiz-Fika,13.0
2015,,,Gamiz-Fika,PT,Gamiz-Fika,17.1
2017,,,Gamiz-Fika,PT,Gamiz-Fika,11.6
2021,,,Gamiz-Fika,PT,Gamiz-Fika,11.6
2020,,,Gamiz-Fika,PT,Gamiz-Fika,11.1
2018,,,Garai,PT,Garai,5.5
2019,,,Garai,PT,Garai,5.8
2016,,,Garai,PT,Garai,6.3
2014,,,Garai,PT,Garai,5.4
2017,,,Garai,PT,Garai,5.8
2021,,,Garai,PT,Garai,8.9
2020,,,Garai,PT,Garai,7.6
2015,,,Garai,PT,Garai,5.5
2019,,,Gatika,PT,Gatika,2.3
2021,,,Gatika,PT,Gatika,2.5
2015,,,Gatika,PT,Gatika,3.3
2014,,,Gatika,PT,Gatika,2.6
2018,,,Gatika,PT,Gatika,2.1
2017,,,Gatika,PT,Gatika,2.4
2016,,,Gatika,PT,Gatika,2.5
2020,,,Gatika,PT,Gatika,2.7
2016,,,Gautegiz Arteaga,PT,Gautegiz Arteaga,3.1
2018,,,Gautegiz Arteaga,PT,Gautegiz Arteaga,2.4
2014,,,Gautegiz Arteaga,PT,Gautegiz Arteaga,4.1
2015,,,Gautegiz Arteaga,PT,Gautegiz Arteaga,3.6
2017,,,Gautegiz Arteaga,PT,Gautegiz Arteaga,2.6
2020,,,Gautegiz Arteaga,PT,Gautegiz Arteaga,2.8
2021,,,Gautegiz Arteaga,PT,Gautegiz Arteaga,3.4
2019,,,Gautegiz Arteaga,PT,Gautegiz Arteaga,2.5
2014,,,Gaztelu,PT,Gaztelu,10.9
2020,,,Gaztelu,PT,Gaztelu,18.1
2021,,,Gaztelu,PT,Gaztelu,18.5
2016,,,Gaztelu,PT,Gaztelu,14.8
2015,,,Gaztelu,PT,Gaztelu,12.4
2019,,,Gaztelu,PT,Gaztelu,17.9
2018,,,Gaztelu,PT,Gaztelu,14.0
2017,,,Gaztelu,PT,Gaztelu,16.2
2018,,,Gernika-Lumo,PT,Gernika-Lumo,0.3
2014,,,Gernika-Lumo,PT,Gernika-Lumo,0.2
2017,,,Gernika-Lumo,PT,Gernika-Lumo,0.2
2021,,,Gernika-Lumo,PT,Gernika-Lumo,0.3
2019,,,Gernika-Lumo,PT,Gernika-Lumo,0.3
2016,,,Gernika-Lumo,PT,Gernika-Lumo,0.2
2020,,,Gernika-Lumo,PT,Gernika-Lumo,0.3
2015,,,Gernika-Lumo,PT,Gernika-Lumo,0.2
2020,,,Getaria,PT,Getaria,15.9
2014,,,Getaria,PT,Getaria,16.4
2018,,,Getaria,PT,Getaria,20.8
2016,,,Getaria,PT,Getaria,17.3
2021,,,Getaria,PT,Getaria,19.0
2019,,,Getaria,PT,Getaria,18.7
2015,,,Getaria,PT,Getaria,18.7
2017,,,Getaria,PT,Getaria,22.3
2016,,,Getxo,PT,Getxo,0.1
2014,,,Getxo,PT,Getxo,0.1
2018,,,Getxo,PT,Getxo,0.0
2021,,,Getxo,PT,Getxo,0.0
2020,,,Getxo,PT,Getxo,0.0
2017,,,Getxo,PT,Getxo,0.1
2015,,,Getxo,PT,Getxo,0.1
2019,,,Getxo,PT,Getxo,0.0
2019,,,Gizaburuaga,PT,Gizaburuaga,1.9
2015,,,Gizaburuaga,PT,Gizaburuaga,1.7
2018,,,Gizaburuaga,PT,Gizaburuaga,1.5
2016,,,Gizaburuaga,PT,Gizaburuaga,1.9
2021,,,Gizaburuaga,PT,Gizaburuaga,2.5
2020,,,Gizaburuaga,PT,Gizaburuaga,1.9
2017,,,Gizaburuaga,PT,Gizaburuaga,1.4
2014,,,Gizaburuaga,PT,Gizaburuaga,2.0
2015,,,Gordexola,PT,Gordexola,4.6
2017,,,Gordexola,PT,Gordexola,3.8
2021,,,Gordexola,PT,Gordexola,5.5
2020,,,Gordexola,PT,Gordexola,3.9
2018,,,Gordexola,PT,Gordexola,3.6
2016,,,Gordexola,PT,Gordexola,4.6
2019,,,Gordexola,PT,Gordexola,4.1
2014,,,Gordexola,PT,Gordexola,4.9
2019,,,Gorliz,PT,Gorliz,0.5
2015,,,Gorliz,PT,Gorliz,1.4
2017,,,Gorliz,PT,Gorliz,0.8
2021,,,Gorliz,PT,Gorliz,0.4
2020,,,Gorliz,PT,Gorliz,0.5
2016,,,Gorliz,PT,Gorliz,1.1
2014,,,Gorliz,PT,Gorliz,1.5
2018,,,Gorliz,PT,Gorliz,0.7
2019,,,Güeñes,PT,Güeñes,0.9
2015,,,Güeñes,PT,Güeñes,1.2
2018,,,Güeñes,PT,Güeñes,1.0
2017,,,Güeñes,PT,Güeñes,1.1
2020,,,Güeñes,PT,Güeñes,1.1
2021,,,Güeñes,PT,Güeñes,1.5
2014,,,Güeñes,PT,Güeñes,1.2
2016,,,Güeñes,PT,Güeñes,1.2
2017,,,Harana / Valle de Arana,PT,Harana / Valle de Arana,26.6
2020,,,Harana / Valle de Arana,PT,Harana / Valle de Arana,22.1
2015,,,Harana / Valle de Arana,PT,Harana / Valle de Arana,29.1
2014,,,Harana / Valle de Arana,PT,Harana / Valle de Arana,31.5
2019,,,Harana / Valle de Arana,PT,Harana / Valle de Arana,21.5
2016,,,Harana / Valle de Arana,PT,Harana / Valle de Arana,27.8
2021,,,Harana / Valle de Arana,PT,Harana / Valle de Arana,35.0
2018,,,Harana / Valle de Arana,PT,Harana / Valle de Arana,27.6
2017,,,Hernani,PT,Hernani,0.3
2015,,,Hernani,PT,Hernani,0.4
2021,,,Hernani,PT,Hernani,0.3
2014,,,Hernani,PT,Hernani,0.4
2019,,,Hernani,PT,Hernani,0.2
2018,,,Hernani,PT,Hernani,0.2
2016,,,Hernani,PT,Hernani,0.3
2020,,,Hernani,PT,Hernani,0.2
2014,,,Hernialde,PT,Hernialde,4.4
2017,,,Hernialde,PT,Hernialde,6.3
2015,,,Hernialde,PT,Hernialde,6.6
2021,,,Hernialde,PT,Hernialde,4.5
2020,,,Hernialde,PT,Hernialde,5.0
2019,,,Hernialde,PT,Hernialde,4.9
2018,,,Hernialde,PT,Hernialde,4.9
2016,,,Hernialde,PT,Hernialde,5.2
2019,,,Hondarribia,PT,Hondarribia,5.2
2020,,,Hondarribia,PT,Hondarribia,4.2
2016,,,Hondarribia,PT,Hondarribia,4.3
2014,,,Hondarribia,PT,Hondarribia,4.1
2018,,,Hondarribia,PT,Hondarribia,5.4
2017,,,Hondarribia,PT,Hondarribia,5.9
2021,,,Hondarribia,PT,Hondarribia,5.5
2015,,,Hondarribia,PT,Hondarribia,4.7
2017,,,Ibarra,PT,Ibarra,0.5
2021,,,Ibarra,PT,Ibarra,0.5
2020,,,Ibarra,PT,Ibarra,0.5
2016,,,Ibarra,PT,Ibarra,0.5
2019,,,Ibarra,PT,Ibarra,0.4
2014,,,Ibarra,PT,Ibarra,0.6
2018,,,Ibarra,PT,Ibarra,0.4
2015,,,Ibarra,PT,Ibarra,0.6
2018,,,Ibarrangelu,PT,Ibarrangelu,3.1
2016,,,Ibarrangelu,PT,Ibarrangelu,3.8
2015,,,Ibarrangelu,PT,Ibarrangelu,4.0
2019,,,Ibarrangelu,PT,Ibarrangelu,3.5
2017,,,Ibarrangelu,PT,Ibarrangelu,3.9
2020,,,Ibarrangelu,PT,Ibarrangelu,3.9
2021,,,Ibarrangelu,PT,Ibarrangelu,4.3
2014,,,Ibarrangelu,PT,Ibarrangelu,3.8
2017,,,Idiazabal,PT,Idiazabal,1.7
2015,,,Idiazabal,PT,Idiazabal,2.3
2019,,,Idiazabal,PT,Idiazabal,1.1
2021,,,Idiazabal,PT,Idiazabal,1.0
2014,,,Idiazabal,PT,Idiazabal,1.5
2018,,,Idiazabal,PT,Idiazabal,1.2
2016,,,Idiazabal,PT,Idiazabal,1.4
2020,,,Idiazabal,PT,Idiazabal,0.9
2018,,,Igorre,PT,Igorre,0.5
2019,,,Igorre,PT,Igorre,0.5
2021,,,Igorre,PT,Igorre,0.7
2014,,,Igorre,PT,Igorre,0.3
2017,,,Igorre,PT,Igorre,0.5
2016,,,Igorre,PT,Igorre,0.5
2015,,,Igorre,PT,Igorre,0.4
2020,,,Igorre,PT,Igorre,0.5
2017,,,Ikaztegieta,PT,Ikaztegieta,0.5
2015,,,Ikaztegieta,PT,Ikaztegieta,0.7
2019,,,Ikaztegieta,PT,Ikaztegieta,0.4
2021,,,Ikaztegieta,PT,Ikaztegieta,0.4
2014,,,Ikaztegieta,PT,Ikaztegieta,0.6
2016,,,Ikaztegieta,PT,Ikaztegieta,0.5
2020,,,Ikaztegieta,PT,Ikaztegieta,0.4
2018,,,Ikaztegieta,PT,Ikaztegieta,0.3
2019,,,Irun,PT,Irun,0.1
2021,,,Irun,PT,Irun,0.1
2016,,,Irun,PT,Irun,0.1
2018,,,Irun,PT,Irun,0.1
2020,,,Irun,PT,Irun,0.1
2015,,,Irun,PT,Irun,0.1
2017,,,Irun,PT,Irun,0.1
2014,,,Irun,PT,Irun,0.1
2015,,,Iruña Oka / Iruña de Oca,PT,Iruña Oka / Iruña de Oca,1.0
2017,,,Iruña Oka / Iruña de Oca,PT,Iruña Oka / Iruña de Oca,0.8
2019,,,Iruña Oka / Iruña de Oca,PT,Iruña Oka / Iruña de Oca,0.8
2014,,,Iruña Oka / Iruña de Oca,PT,Iruña Oka / Iruña de Oca,1.3
2016,,,Iruña Oka / Iruña de Oca,PT,Iruña Oka / Iruña de Oca,0.9
2021,,,Iruña Oka / Iruña de Oca,PT,Iruña Oka / Iruña de Oca,0.7
2018,,,Iruña Oka / Iruña de Oca,PT,Iruña Oka / Iruña de Oca,0.8
2020,,,Iruña Oka / Iruña de Oca,PT,Iruña Oka / Iruña de Oca,0.6
2021,,,Irura,PT,Irura,0.1
2015,,,Irura,PT,Irura,0.1
2017,,,Irura,PT,Irura,0.1
2014,,,Irura,PT,Irura,0.1
2019,,,Irura,PT,Irura,0.1
2020,,,Irura,PT,Irura,0.1
2016,,,Irura,PT,Irura,0.1
2018,,,Irura,PT,Irura,0.1
2015,,,Iruraiz-Gauna,PT,Iruraiz-Gauna,39.8
2014,,,Iruraiz-Gauna,PT,Iruraiz-Gauna,32.4
2016,,,Iruraiz-Gauna,PT,Iruraiz-Gauna,33.4
2019,,,Iruraiz-Gauna,PT,Iruraiz-Gauna,32.7
2017,,,Iruraiz-Gauna,PT,Iruraiz-Gauna,31.1
2021,,,Iruraiz-Gauna,PT,Iruraiz-Gauna,33.3
2018,,,Iruraiz-Gauna,PT,Iruraiz-Gauna,30.3
2020,,,Iruraiz-Gauna,PT,Iruraiz-Gauna,31.7
2016,,,Ispaster,PT,Ispaster,8.4
2018,,,Ispaster,PT,Ispaster,10.3
2014,,,Ispaster,PT,Ispaster,6.8
2015,,,Ispaster,PT,Ispaster,7.9
2017,,,Ispaster,PT,Ispaster,7.9
2021,,,Ispaster,PT,Ispaster,13.2
2020,,,Ispaster,PT,Ispaster,11.0
2019,,,Ispaster,PT,Ispaster,11.3
2015,,,Itsasondo,PT,Itsasondo,1.1
2017,,,Itsasondo,PT,Itsasondo,1.6
2014,,,Itsasondo,PT,Itsasondo,0.9
2021,,,Itsasondo,PT,Itsasondo,1.4
2016,,,Itsasondo,PT,Itsasondo,1.3
2019,,,Itsasondo,PT,Itsasondo,1.6
2020,,,Itsasondo,PT,Itsasondo,1.2
2018,,,Itsasondo,PT,Itsasondo,1.5
2017,,,Iurreta,PT,Iurreta,0.2
2016,,,Iurreta,PT,Iurreta,0.2
2015,,,Iurreta,PT,Iurreta,0.1
2021,,,Iurreta,PT,Iurreta,0.2
2018,,,Iurreta,PT,Iurreta,0.2
2019,,,Iurreta,PT,Iurreta,0.2
2014,,,Iurreta,PT,Iurreta,0.2
2020,,,Iurreta,PT,Iurreta,0.2
2019,,,Izurtza,PT,Izurtza,0.7
2015,,,Izurtza,PT,Izurtza,0.3
2017,,,Izurtza,PT,Izurtza,0.5
2016,,,Izurtza,PT,Izurtza,0.5
2020,,,Izurtza,PT,Izurtza,0.8
2018,,,Izurtza,PT,Izurtza,0.6
2014,,,Izurtza,PT,Izurtza,0.3
2021,,,Izurtza,PT,Izurtza,0.8
2019,,,Karrantza Harana / Valle de Carranza,PT,Karrantza Harana / Valle de Carranza,13.5
2015,,,Karrantza Harana / Valle de Carranza,PT,Karrantza Harana / Valle de Carranza,15.4
2014,,,Karrantza Harana / Valle de Carranza,PT,Karrantza Harana / Valle de Carranza,19.9
2018,,,Karrantza Harana / Valle de Carranza,PT,Karrantza Harana / Valle de Carranza,14.1
2017,,,Karrantza Harana / Valle de Carranza,PT,Karrantza Harana / Valle de Carranza,17.7
2016,,,Karrantza Harana / Valle de Carranza,PT,Karrantza Harana / Valle de Carranza,16.7
2021,,,Karrantza Harana / Valle de Carranza,PT,Karrantza Harana / Valle de Carranza,18.8
2020,,,Karrantza Harana / Valle de Carranza,PT,Karrantza Harana / Valle de Carranza,15.1
2015,,,Kortezubi,PT,Kortezubi,26.9
2016,,,Kortezubi,PT,Kortezubi,20.9
2017,,,Kortezubi,PT,Kortezubi,19.1
2021,,,Kortezubi,PT,Kortezubi,17.7
2014,,,Kortezubi,PT,Kortezubi,21.8
2020,,,Kortezubi,PT,Kortezubi,19.7
2018,,,Kortezubi,PT,Kortezubi,15.7
2019,,,Kortezubi,PT,Kortezubi,17.1
2019,,,Kripan,PT,Kripan,54.1
2018,,,Kripan,PT,Kripan,57.5
2015,,,Kripan,PT,Kripan,53.2
2021,,,Kripan,PT,Kripan,55.8
2016,,,Kripan,PT,Kripan,54.5
2014,,,Kripan,PT,Kripan,41.3
2020,,,Kripan,PT,Kripan,53.0
2017,,,Kripan,PT,Kripan,54.0
2017,,,Kuartango,PT,Kuartango,29.8
2021,,,Kuartango,PT,Kuartango,27.1
2019,,,Kuartango,PT,Kuartango,31.8
2015,,,Kuartango,PT,Kuartango,26.6
2014,,,Kuartango,PT,Kuartango,37.2
2016,,,Kuartango,PT,Kuartango,29.4
2018,,,Kuartango,PT,Kuartango,33.6
2020,,,Kuartango,PT,Kuartango,29.9
2017,,,Labastida / Bastida,PT,Labastida / Bastida,7.8
2019,,,Labastida / Bastida,PT,Labastida / Bastida,7.3
2020,,,Labastida / Bastida,PT,Labastida / Bastida,6.2
2014,,,Labastida / Bastida,PT,Labastida / Bastida,7.4
2016,,,Labastida / Bastida,PT,Labastida / Bastida,8.0
2018,,,Labastida / Bastida,PT,Labastida / Bastida,8.8
2021,,,Labastida / Bastida,PT,Labastida / Bastida,7.9
2015,,,Labastida / Bastida,PT,Labastida / Bastida,9.8
2018,,,Lagrán,PT,Lagrán,19.8
2021,,,Lagrán,PT,Lagrán,19.9
2020,,,Lagrán,PT,Lagrán,19.8
2015,,,Lagrán,PT,Lagrán,21.6
2014,,,Lagrán,PT,Lagrán,17.1
2019,,,Lagrán,PT,Lagrán,17.0
2016,,,Lagrán,PT,Lagrán,19.3
2017,,,Lagrán,PT,Lagrán,16.2
2019,,,Laguardia,PT,Laguardia,8.1
2018,,,Laguardia,PT,Laguardia,10.1
2016,,,Laguardia,PT,Laguardia,9.3
2014,,,Laguardia,PT,Laguardia,7.5
2017,,,Laguardia,PT,Laguardia,8.8
2021,,,Laguardia,PT,Laguardia,7.7
2020,,,Laguardia,PT,Laguardia,7.8
2015,,,Laguardia,PT,Laguardia,8.4
2018,,,Lanciego / Lantziego,PT,Lanciego / Lantziego,17.1
2014,,,Lanciego / Lantziego,PT,Lanciego / Lantziego,11.7
2015,,,Lanciego / Lantziego,PT,Lanciego / Lantziego,16.0
2017,,,Lanciego / Lantziego,PT,Lanciego / Lantziego,15.7
2020,,,Lanciego / Lantziego,PT,Lanciego / Lantziego,11.6
2016,,,Lanciego / Lantziego,PT,Lanciego / Lantziego,15.5
2019,,,Lanciego / Lantziego,PT,Lanciego / Lantziego,14.6
2021,,,Lanciego / Lantziego,PT,Lanciego / Lantziego,11.5
2019,,,Lanestosa,PT,Lanestosa,5.0
2015,,,Lanestosa,PT,Lanestosa,4.1
2018,,,Lanestosa,PT,Lanestosa,5.1
2017,,,Lanestosa,PT,Lanestosa,5.0
2016,,,Lanestosa,PT,Lanestosa,4.6
2021,,,Lanestosa,PT,Lanestosa,6.6
2020,,,Lanestosa,PT,Lanestosa,5.7
2014,,,Lanestosa,PT,Lanestosa,4.9
2015,,,Lantarón,PT,Lantarón,4.0
2019,,,Lantarón,PT,Lantarón,2.8
2017,,,Lantarón,PT,Lantarón,3.0
2014,,,Lantarón,PT,Lantarón,5.1
2016,,,Lantarón,PT,Lantarón,3.4
2021,,,Lantarón,PT,Lantarón,2.8
2018,,,Lantarón,PT,Lantarón,2.7
2020,,,Lantarón,PT,Lantarón,2.5
2021,,,Lapuebla de Labarca,PT,Lapuebla de Labarca,6.3
2016,,,Lapuebla de Labarca,PT,Lapuebla de Labarca,2.7
2015,,,Lapuebla de Labarca,PT,Lapuebla de Labarca,2.2
2017,,,Lapuebla de Labarca,PT,Lapuebla de Labarca,3.3
2014,,,Lapuebla de Labarca,PT,Lapuebla de Labarca,1.6
2020,,,Lapuebla de Labarca,PT,Lapuebla de Labarca,5.2
2018,,,Lapuebla de Labarca,PT,Lapuebla de Labarca,4.3
2019,,,Lapuebla de Labarca,PT,Lapuebla de Labarca,5.0
2014,,,Larrabetzu,PT,Larrabetzu,2.6
2015,,,Larrabetzu,PT,Larrabetzu,2.4
2018,,,Larrabetzu,PT,Larrabetzu,1.0
2017,,,Larrabetzu,PT,Larrabetzu,1.3
2016,,,Larrabetzu,PT,Larrabetzu,1.8
2021,,,Larrabetzu,PT,Larrabetzu,0.9
2020,,,Larrabetzu,PT,Larrabetzu,1.2
2019,,,Larrabetzu,PT,Larrabetzu,1.1
2014,,,Larraul,PT,Larraul,6.1
2019,,,Larraul,PT,Larraul,3.9
2017,,,Larraul,PT,Larraul,4.1
2020,,,Larraul,PT,Larraul,4.6
2015,,,Larraul,PT,Larraul,6.8
2021,,,Larraul,PT,Larraul,5.0
2016,,,Larraul,PT,Larraul,4.4
2018,,,Larraul,PT,Larraul,3.9
2021,,,Lasarte-Oria,PT,Lasarte-Oria,0.1
2020,,,Lasarte-Oria,PT,Lasarte-Oria,0.1
2016,,,Lasarte-Oria,PT,Lasarte-Oria,0.1
2015,,,Lasarte-Oria,PT,Lasarte-Oria,0.1
2014,,,Lasarte-Oria,PT,Lasarte-Oria,0.1
2018,,,Lasarte-Oria,PT,Lasarte-Oria,0.1
2019,,,Lasarte-Oria,PT,Lasarte-Oria,0.1
2017,,,Lasarte-Oria,PT,Lasarte-Oria,0.1
2018,,,Laudio / Llodio,PT,Laudio / Llodio,0.3
2021,,,Laudio / Llodio,PT,Laudio / Llodio,0.3
2017,,,Laudio / Llodio,PT,Laudio / Llodio,0.3
2015,,,Laudio / Llodio,PT,Laudio / Llodio,0.3
2019,,,Laudio / Llodio,PT,Laudio / Llodio,0.2
2014,,,Laudio / Llodio,PT,Laudio / Llodio,0.3
2016,,,Laudio / Llodio,PT,Laudio / Llodio,0.3
2020,,,Laudio / Llodio,PT,Laudio / Llodio,0.2
2019,,,Laukiz,PT,Laukiz,2.9
2015,,,Laukiz,PT,Laukiz,3.9
2018,,,Laukiz,PT,Laukiz,3.4
2017,,,Laukiz,PT,Laukiz,3.6
2016,,,Laukiz,PT,Laukiz,3.8
2021,,,Laukiz,PT,Laukiz,4.2
2020,,,Laukiz,PT,Laukiz,3.2
2014,,,Laukiz,PT,Laukiz,3.8
2019,,,Lazkao,PT,Lazkao,0.7
2021,,,Lazkao,PT,Lazkao,0.7
2014,,,Lazkao,PT,Lazkao,0.7
2015,,,Lazkao,PT,Lazkao,0.7
2017,,,Lazkao,PT,Lazkao,0.8
2020,,,Lazkao,PT,Lazkao,0.6
2018,,,Lazkao,PT,Lazkao,0.5
2016,,,Lazkao,PT,Lazkao,0.7
2017,,,Leaburu,PT,Leaburu,1.9
2015,,,Leaburu,PT,Leaburu,1.7
2021,,,Leaburu,PT,Leaburu,1.8
2014,,,Leaburu,PT,Leaburu,1.8
2018,,,Leaburu,PT,Leaburu,1.5
2020,,,Leaburu,PT,Leaburu,1.8
2016,,,Leaburu,PT,Leaburu,1.6
2019,,,Leaburu,PT,Leaburu,1.9
2017,,,Legazpi,PT,Legazpi,0.4
2019,,,Legazpi,PT,Legazpi,0.4
2015,,,Legazpi,PT,Legazpi,0.3
2021,,,Legazpi,PT,Legazpi,0.5
2014,,,Legazpi,PT,Legazpi,0.3
2016,,,Legazpi,PT,Legazpi,0.4
2018,,,Legazpi,PT,Legazpi,0.3
2020,,,Legazpi,PT,Legazpi,0.4
2019,,,Legorreta,PT,Legorreta,1.1
2015,,,Legorreta,PT,Legorreta,2.0
2017,,,Legorreta,PT,Legorreta,1.4
2021,,,Legorreta,PT,Legorreta,0.9
2014,,,Legorreta,PT,Legorreta,1.9
2016,,,Legorreta,PT,Legorreta,1.5
2018,,,Legorreta,PT,Legorreta,1.1
2020,,,Legorreta,PT,Legorreta,0.9
2015,,,Legutio,PT,Legutio,1.1
2017,,,Legutio,PT,Legutio,0.6
2019,,,Legutio,PT,Legutio,0.4
2014,,,Legutio,PT,Legutio,1.5
2016,,,Legutio,PT,Legutio,0.8
2021,,,Legutio,PT,Legutio,0.4
2018,,,Legutio,PT,Legutio,0.5
2020,,,Legutio,PT,Legutio,0.5
2014,,,Leintz-Gatzaga,PT,Leintz-Gatzaga,4.1
2015,,,Leintz-Gatzaga,PT,Leintz-Gatzaga,5.2
2016,,,Leintz-Gatzaga,PT,Leintz-Gatzaga,5.6
2018,,,Leintz-Gatzaga,PT,Leintz-Gatzaga,4.5
2020,,,Leintz-Gatzaga,PT,Leintz-Gatzaga,7.5
2019,,,Leintz-Gatzaga,PT,Leintz-Gatzaga,6.0
2021,,,Leintz-Gatzaga,PT,Leintz-Gatzaga,7.3
2017,,,Leintz-Gatzaga,PT,Leintz-Gatzaga,6.5
2019,,,Leioa,PT,Leioa,0.0
2015,,,Leioa,PT,Leioa,0.0
2018,,,Leioa,PT,Leioa,0.0
2017,,,Leioa,PT,Leioa,0.0
2016,,,Leioa,PT,Leioa,0.0
2021,,,Leioa,PT,Leioa,0.0
2020,,,Leioa,PT,Leioa,0.0
2014,,,Leioa,PT,Leioa,0.0
2015,,,Lekeitio,PT,Lekeitio,1.8
2016,,,Lekeitio,PT,Lekeitio,2.5
2019,,,Lekeitio,PT,Lekeitio,2.8
2014,,,Lekeitio,PT,Lekeitio,1.6
2018,,,Lekeitio,PT,Lekeitio,3.1
2017,,,Lekeitio,PT,Lekeitio,3.1
2021,,,Lekeitio,PT,Lekeitio,1.6
2020,,,Lekeitio,PT,Lekeitio,2.3
2015,,,Lemoa,PT,Lemoa,0.4
2014,,,Lemoa,PT,Lemoa,0.4
2018,,,Lemoa,PT,Lemoa,0.5
2017,,,Lemoa,PT,Lemoa,0.5
2016,,,Lemoa,PT,Lemoa,0.5
2021,,,Lemoa,PT,Lemoa,0.7
2020,,,Lemoa,PT,Lemoa,0.6
2019,,,Lemoa,PT,Lemoa,0.5
2014,,,Lemoiz,PT,Lemoiz,6.9
2015,,,Lemoiz,PT,Lemoiz,5.3
2018,,,Lemoiz,PT,Lemoiz,5.8
2017,,,Lemoiz,PT,Lemoiz,7.0
2016,,,Lemoiz,PT,Lemoiz,5.6
2021,,,Lemoiz,PT,Lemoiz,10.4
2020,,,Lemoiz,PT,Lemoiz,11.0
2019,,,Lemoiz,PT,Lemoiz,8.9
2021,,,Leza,PT,Leza,31.8
2017,,,Leza,PT,Leza,26.2
2019,,,Leza,PT,Leza,39.8
2015,,,Leza,PT,Leza,26.8
2020,,,Leza,PT,Leza,33.7
2014,,,Leza,PT,Leza,21.1
2016,,,Leza,PT,Leza,28.8
2018,,,Leza,PT,Leza,43.8
2019,,,Lezama,PT,Lezama,0.9
2017,,,Lezama,PT,Lezama,1.1
2021,,,Lezama,PT,Lezama,1.0
2020,,,Lezama,PT,Lezama,0.9
2018,,,Lezama,PT,Lezama,1.1
2015,,,Lezama,PT,Lezama,1.0
2014,,,Lezama,PT,Lezama,0.9
2016,,,Lezama,PT,Lezama,1.0
2020,,,Lezo,PT,Lezo,0.1
2016,,,Lezo,PT,Lezo,0.1
2018,,,Lezo,PT,Lezo,0.1
2015,,,Lezo,PT,Lezo,0.1
2019,,,Lezo,PT,Lezo,0.1
2017,,,Lezo,PT,Lezo,0.1
2014,,,Lezo,PT,Lezo,0.1
2021,,,Lezo,PT,Lezo,0.1
2020,,,Lizartza,PT,Lizartza,1.3
2016,,,Lizartza,PT,Lizartza,1.5
2018,,,Lizartza,PT,Lizartza,1.2
2019,,,Lizartza,PT,Lizartza,1.4
2017,,,Lizartza,PT,Lizartza,1.7
2015,,,Lizartza,PT,Lizartza,1.5
2021,,,Lizartza,PT,Lizartza,1.4
2014,,,Lizartza,PT,Lizartza,1.4
2021,,,Loiu,PT,Loiu,0.2
2014,,,Loiu,PT,Loiu,0.2
2020,,,Loiu,PT,Loiu,0.2
2017,,,Loiu,PT,Loiu,0.2
2016,,,Loiu,PT,Loiu,0.2
2015,,,Loiu,PT,Loiu,0.2
2018,,,Loiu,PT,Loiu,0.1
2019,,,Loiu,PT,Loiu,0.1
2019,,,Mallabia,PT,Mallabia,0.7
2015,,,Mallabia,PT,Mallabia,0.9
2017,,,Mallabia,PT,Mallabia,0.8
2021,,,Mallabia,PT,Mallabia,0.6
2020,,,Mallabia,PT,Mallabia,0.7
2016,,,Mallabia,PT,Mallabia,0.9
2018,,,Mallabia,PT,Mallabia,0.7
2014,,,Mallabia,PT,Mallabia,0.9
2015,,,Mañaria,PT,Mañaria,1.6
2014,,,Mañaria,PT,Mañaria,1.6
2018,,,Mañaria,PT,Mañaria,2.2
2017,,,Mañaria,PT,Mañaria,2.7
2021,,,Mañaria,PT,Mañaria,3.4
2020,,,Mañaria,PT,Mañaria,2.5
2019,,,Mañaria,PT,Mañaria,2.3
2016,,,Mañaria,PT,Mañaria,2.4
2019,,,Markina-Xemein,PT,Markina-Xemein,2.5
2014,,,Markina-Xemein,PT,Markina-Xemein,1.7
2018,,,Markina-Xemein,PT,Markina-Xemein,2.1
2017,,,Markina-Xemein,PT,Markina-Xemein,2.2
2016,,,Markina-Xemein,PT,Markina-Xemein,2.2
2020,,,Markina-Xemein,PT,Markina-Xemein,2.7
2021,,,Markina-Xemein,PT,Markina-Xemein,3.4
2015,,,Markina-Xemein,PT,Markina-Xemein,2.0
2019,,,Maruri-Jatabe,PT,Maruri-Jatabe,6.0
2015,,,Maruri-Jatabe,PT,Maruri-Jatabe,4.7
2018,,,Maruri-Jatabe,PT,Maruri-Jatabe,5.1
2017,,,Maruri-Jatabe,PT,Maruri-Jatabe,5.7
2021,,,Maruri-Jatabe,PT,Maruri-Jatabe,7.1
2020,,,Maruri-Jatabe,PT,Maruri-Jatabe,7.3
2014,,,Maruri-Jatabe,PT,Maruri-Jatabe,6.2
2016,,,Maruri-Jatabe,PT,Maruri-Jatabe,6.6
2017,,,Mendaro,PT,Mendaro,0.7
2021,,,Mendaro,PT,Mendaro,0.7
2016,,,Mendaro,PT,Mendaro,0.6
2015,,,Mendaro,PT,Mendaro,0.5
2014,,,Mendaro,PT,Mendaro,0.5
2019,,,Mendaro,PT,Mendaro,0.6
2018,,,Mendaro,PT,Mendaro,0.5
2020,,,Mendaro,PT,Mendaro,0.6
2015,,,Mendata,PT,Mendata,22.6
2014,,,Mendata,PT,Mendata,20.1
2017,,,Mendata,PT,Mendata,28.8
2020,,,Mendata,PT,Mendata,24.8
2021,,,Mendata,PT,Mendata,30.3
2016,,,Mendata,PT,Mendata,26.4
2019,,,Mendata,PT,Mendata,27.9
2018,,,Mendata,PT,Mendata,25.7
2019,,,Mendexa,PT,Mendexa,7.8
2016,,,Mendexa,PT,Mendexa,7.0
2014,,,Mendexa,PT,Mendexa,8.4
2015,,,Mendexa,PT,Mendexa,8.5
2018,,,Mendexa,PT,Mendexa,6.0
2017,,,Mendexa,PT,Mendexa,7.0
2021,,,Mendexa,PT,Mendexa,9.6
2020,,,Mendexa,PT,Mendexa,9.5
2019,,,Meñaka,PT,Meñaka,6.0
2014,,,Meñaka,PT,Meñaka,5.0
2017,,,Meñaka,PT,Meñaka,6.5
2021,,,Meñaka,PT,Meñaka,8.0
2020,,,Meñaka,PT,Meñaka,6.5
2016,,,Meñaka,PT,Meñaka,6.5
2018,,,Meñaka,PT,Meñaka,6.2
2015,,,Meñaka,PT,Meñaka,4.9
2014,,,Moreda de Álava / Moreda Araba,PT,Moreda de Álava / Moreda Araba,30.7
2016,,,Moreda de Álava / Moreda Araba,PT,Moreda de Álava / Moreda Araba,34.7
2019,,,Moreda de Álava / Moreda Araba,PT,Moreda de Álava / Moreda Araba,31.2
2018,,,Moreda de Álava / Moreda Araba,PT,Moreda de Álava / Moreda Araba,35.5
2020,,,Moreda de Álava / Moreda Araba,PT,Moreda de Álava / Moreda Araba,23.3
2017,,,Moreda de Álava / Moreda Araba,PT,Moreda de Álava / Moreda Araba,33.0
2021,,,Moreda de Álava / Moreda Araba,PT,Moreda de Álava / Moreda Araba,22.5
2015,,,Moreda de Álava / Moreda Araba,PT,Moreda de Álava / Moreda Araba,28.1
2015,,,Morga,PT,Morga,15.8
2014,,,Morga,PT,Morga,14.2
2016,,,Morga,PT,Morga,17.7
2020,,,Morga,PT,Morga,18.2
2021,,,Morga,PT,Morga,19.6
2019,,,Morga,PT,Morga,12.1
2018,,,Morga,PT,Morga,13.5
2017,,,Morga,PT,Morga,16.9
2015,,,Mundaka,PT,Mundaka,1.0
2019,,,Mundaka,PT,Mundaka,0.5
2017,,,Mundaka,PT,Mundaka,0.6
2021,,,Mundaka,PT,Mundaka,0.5
2020,,,Mundaka,PT,Mundaka,0.5
2016,,,Mundaka,PT,Mundaka,1.1
2018,,,Mundaka,PT,Mundaka,0.6
2014,,,Mundaka,PT,Mundaka,1.1
2019,,,Mungia,PT,Mungia,0.4
2015,,,Mungia,PT,Mungia,0.6
2018,,,Mungia,PT,Mungia,0.4
2017,,,Mungia,PT,Mungia,0.4
2021,,,Mungia,PT,Mungia,0.4
2020,,,Mungia,PT,Mungia,0.4
2014,,,Mungia,PT,Mungia,0.5
2016,,,Mungia,PT,Mungia,0.5
2019,,,Munitibar-Arbatzegi Gerrikaitz,PT,Munitibar-Arbatzegi Gerrikaitz,12.2
2014,,,Munitibar-Arbatzegi Gerrikaitz,PT,Munitibar-Arbatzegi Gerrikaitz,9.0
2015,,,Munitibar-Arbatzegi Gerrikaitz,PT,Munitibar-Arbatzegi Gerrikaitz,9.5
2018,,,Munitibar-Arbatzegi Gerrikaitz,PT,Munitibar-Arbatzegi Gerrikaitz,10.0
2016,,,Munitibar-Arbatzegi Gerrikaitz,PT,Munitibar-Arbatzegi Gerrikaitz,11.0
2017,,,Munitibar-Arbatzegi Gerrikaitz,PT,Munitibar-Arbatzegi Gerrikaitz,10.3
2021,,,Munitibar-Arbatzegi Gerrikaitz,PT,Munitibar-Arbatzegi Gerrikaitz,17.7
2020,,,Munitibar-Arbatzegi Gerrikaitz,PT,Munitibar-Arbatzegi Gerrikaitz,11.1
2019,,,Murueta,PT,Murueta,3.9
2017,,,Murueta,PT,Murueta,5.1
2020,,,Murueta,PT,Murueta,9.2
2014,,,Murueta,PT,Murueta,3.6
2016,,,Murueta,PT,Murueta,4.8
2018,,,Murueta,PT,Murueta,4.1
2015,,,Murueta,PT,Murueta,3.9
2021,,,Murueta,PT,Murueta,4.0
2019,,,Muskiz,PT,Muskiz,0.2
2015,,,Muskiz,PT,Muskiz,0.2
2018,,,Muskiz,PT,Muskiz,0.2
2017,,,Muskiz,PT,Muskiz,0.2
2021,,,Muskiz,PT,Muskiz,0.2
2020,,,Muskiz,PT,Muskiz,0.4
2014,,,Muskiz,PT,Muskiz,0.6
2016,,,Muskiz,PT,Muskiz,0.2
2017,,,Mutiloa,PT,Mutiloa,12.6
2019,,,Mutiloa,PT,Mutiloa,6.9
2015,,,Mutiloa,PT,Mutiloa,9.2
2021,,,Mutiloa,PT,Mutiloa,10.5
2014,,,Mutiloa,PT,Mutiloa,9.2
2016,,,Mutiloa,PT,Mutiloa,10.7
2018,,,Mutiloa,PT,Mutiloa,6.4
2020,,,Mutiloa,PT,Mutiloa,7.3
2020,,,Mutriku,PT,Mutriku,2.4
2018,,,Mutriku,PT,Mutriku,2.2
2014,,,Mutriku,PT,Mutriku,1.9
2017,,,Mutriku,PT,Mutriku,2.2
2015,,,Mutriku,PT,Mutriku,1.9
2016,,,Mutriku,PT,Mutriku,2.1
2019,,,Mutriku,PT,Mutriku,2.3
2021,,,Mutriku,PT,Mutriku,2.4
2014,,,Muxika,PT,Muxika,6.4
2015,,,Muxika,PT,Muxika,7.3
2018,,,Muxika,PT,Muxika,6.7
2016,,,Muxika,PT,Muxika,7.6
2021,,,Muxika,PT,Muxika,8.5
2020,,,Muxika,PT,Muxika,7.7
2017,,,Muxika,PT,Muxika,7.3
2019,,,Muxika,PT,Muxika,7.8
2020,,,Nabarniz,PT,Nabarniz,13.0
2018,,,Nabarniz,PT,Nabarniz,11.2
2016,,,Nabarniz,PT,Nabarniz,12.0
2021,,,Nabarniz,PT,Nabarniz,17.0
2014,,,Nabarniz,PT,Nabarniz,9.7
2017,,,Nabarniz,PT,Nabarniz,11.7
2019,,,Nabarniz,PT,Nabarniz,12.3
2015,,,Nabarniz,PT,Nabarniz,10.7
2015,,,Navaridas,PT,Navaridas,32.6
2016,,,Navaridas,PT,Navaridas,36.2
2018,,,Navaridas,PT,Navaridas,38.9
2021,,,Navaridas,PT,Navaridas,36.2
2020,,,Navaridas,PT,Navaridas,33.8
2014,,,Navaridas,PT,Navaridas,25.1
2019,,,Navaridas,PT,Navaridas,35.4
2017,,,Navaridas,PT,Navaridas,34.4
2017,,,Oiartzun,PT,Oiartzun,0.3
2021,,,Oiartzun,PT,Oiartzun,0.3
2014,,,Oiartzun,PT,Oiartzun,0.4
2015,,,Oiartzun,PT,Oiartzun,0.4
2016,,,Oiartzun,PT,Oiartzun,0.3
2018,,,Oiartzun,PT,Oiartzun,0.2
2019,,,Oiartzun,PT,Oiartzun,0.3
2020,,,Oiartzun,PT,Oiartzun,0.2
2019,,,Okondo,PT,Okondo,3.7
2014,,,Okondo,PT,Okondo,5.2
2016,,,Okondo,PT,Okondo,5.0
2018,,,Okondo,PT,Okondo,4.7
2021,,,Okondo,PT,Okondo,7.3
2020,,,Okondo,PT,Okondo,4.0
2017,,,Okondo,PT,Okondo,5.1
2015,,,Okondo,PT,Okondo,4.3
2019,,,Olaberria,PT,Olaberria,0.2
2017,,,Olaberria,PT,Olaberria,0.3
2015,,,Olaberria,PT,Olaberria,0.2
2021,,,Olaberria,PT,Olaberria,0.2
2014,,,Olaberria,PT,Olaberria,0.2
2016,,,Olaberria,PT,Olaberria,0.2
2018,,,Olaberria,PT,Olaberria,0.2
2020,,,Olaberria,PT,Olaberria,0.2
2015,,,Ondarroa,PT,Ondarroa,15.8
2014,,,Ondarroa,PT,Ondarroa,12.3
2017,,,Ondarroa,PT,Ondarroa,15.5
2020,,,Ondarroa,PT,Ondarroa,11.2
2021,,,Ondarroa,PT,Ondarroa,9.0
2018,,,Ondarroa,PT,Ondarroa,13.2
2019,,,Ondarroa,PT,Ondarroa,15.4
2016,,,Ondarroa,PT,Ondarroa,16.0
2017,,,Oñati,PT,Oñati,0.8
2019,,,Oñati,PT,Oñati,0.6
2015,,,Oñati,PT,Oñati,0.6
2021,,,Oñati,PT,Oñati,0.7
2014,,,Oñati,PT,Oñati,0.7
2016,,,Oñati,PT,Oñati,0.7
2018,,,Oñati,PT,Oñati,0.5
2020,,,Oñati,PT,Oñati,0.6
2020,,,Ordizia,PT,Ordizia,0.1
2016,,,Ordizia,PT,Ordizia,0.1
2021,,,Ordizia,PT,Ordizia,0.1
2015,,,Ordizia,PT,Ordizia,0.1
2014,,,Ordizia,PT,Ordizia,0.1
2019,,,Ordizia,PT,Ordizia,0.1
2018,,,Ordizia,PT,Ordizia,0.1
2017,,,Ordizia,PT,Ordizia,0.1
2017,,,Orendain,PT,Orendain,16.2
2021,,,Orendain,PT,Orendain,13.6
2016,,,Orendain,PT,Orendain,16.7
2015,,,Orendain,PT,Orendain,15.1
2014,,,Orendain,PT,Orendain,17.7
2019,,,Orendain,PT,Orendain,13.6
2018,,,Orendain,PT,Orendain,12.8
2020,,,Orendain,PT,Orendain,14.6
2021,,,Orexa,PT,Orexa,11.1
2015,,,Orexa,PT,Orexa,10.2
2019,,,Orexa,PT,Orexa,9.4
2017,,,Orexa,PT,Orexa,14.8
2014,,,Orexa,PT,Orexa,7.3
2016,,,Orexa,PT,Orexa,12.6
2018,,,Orexa,PT,Orexa,12.8
2020,,,Orexa,PT,Orexa,9.8
2021,,,Orio,PT,Orio,4.3
2014,,,Orio,PT,Orio,4.3
2015,,,Orio,PT,Orio,4.6
2017,,,Orio,PT,Orio,6.9
2019,,,Orio,PT,Orio,5.7
2016,,,Orio,PT,Orio,5.2
2018,,,Orio,PT,Orio,6.9
2020,,,Orio,PT,Orio,3.3
2017,,,Ormaiztegi,PT,Ormaiztegi,0.3
2021,,,Ormaiztegi,PT,Ormaiztegi,0.6
2015,,,Ormaiztegi,PT,Ormaiztegi,0.3
2019,,,Ormaiztegi,PT,Ormaiztegi,0.3
2018,,,Ormaiztegi,PT,Ormaiztegi,0.2
2014,,,Ormaiztegi,PT,Ormaiztegi,0.3
2020,,,Ormaiztegi,PT,Ormaiztegi,0.4
2016,,,Ormaiztegi,PT,Ormaiztegi,0.3
2014,,,Orozko,PT,Orozko,2.2
2019,,,Orozko,PT,Orozko,1.6
2018,,,Orozko,PT,Orozko,1.5
2016,,,Orozko,PT,Orozko,2.2
2021,,,Orozko,PT,Orozko,3.1
2020,,,Orozko,PT,Orozko,2.1
2017,,,Orozko,PT,Orozko,2.0
2015,,,Orozko,PT,Orozko,2.3
2019,,,Ortuella,PT,Ortuella,0.1
2014,,,Ortuella,PT,Ortuella,0.1
2018,,,Ortuella,PT,Ortuella,0.1
2017,,,Ortuella,PT,Ortuella,0.1
2021,,,Ortuella,PT,Ortuella,0.1
2020,,,Ortuella,PT,Ortuella,0.1
2015,,,Ortuella,PT,Ortuella,0.1
2016,,,Ortuella,PT,Ortuella,0.1
2019,,,Otxandio,PT,Otxandio,0.7
2015,,,Otxandio,PT,Otxandio,0.9
2017,,,Otxandio,PT,Otxandio,0.8
2021,,,Otxandio,PT,Otxandio,0.9
2020,,,Otxandio,PT,Otxandio,0.8
2018,,,Otxandio,PT,Otxandio,0.7
2014,,,Otxandio,PT,Otxandio,0.9
2016,,,Otxandio,PT,Otxandio,0.8
2015,,,Oyón-Oion,PT,Oyón-Oion,4.4
2017,,,Oyón-Oion,PT,Oyón-Oion,6.3
2019,,,Oyón-Oion,PT,Oyón-Oion,7.7
2014,,,Oyón-Oion,PT,Oyón-Oion,3.2
2016,,,Oyón-Oion,PT,Oyón-Oion,5.3
2018,,,Oyón-Oion,PT,Oyón-Oion,8.1
2021,,,Oyón-Oion,PT,Oyón-Oion,7.0
2020,,,Oyón-Oion,PT,Oyón-Oion,6.0
2018,,,Pasaia,PT,Pasaia,2.3
2019,,,Pasaia,PT,Pasaia,3.5
2020,,,Pasaia,PT,Pasaia,3.1
2021,,,Pasaia,PT,Pasaia,2.4
2017,,,Pasaia,PT,Pasaia,1.9
2014,,,Pasaia,PT,Pasaia,2.1
2015,,,Pasaia,PT,Pasaia,2.2
2016,,,Pasaia,PT,Pasaia,2.2
2016,,,Peñacerrada-Urizaharra,PT,Peñacerrada-Urizaharra,28.3
2019,,,Peñacerrada-Urizaharra,PT,Peñacerrada-Urizaharra,29.8
2017,,,Peñacerrada-Urizaharra,PT,Peñacerrada-Urizaharra,27.2
2014,,,Peñacerrada-Urizaharra,PT,Peñacerrada-Urizaharra,26.8
2021,,,Peñacerrada-Urizaharra,PT,Peñacerrada-Urizaharra,36.8
2018,,,Peñacerrada-Urizaharra,PT,Peñacerrada-Urizaharra,28.6
2020,,,Peñacerrada-Urizaharra,PT,Peñacerrada-Urizaharra,30.7
2015,,,Peñacerrada-Urizaharra,PT,Peñacerrada-Urizaharra,25.9
2015,,,Plentzia,PT,Plentzia,2.3
2019,,,Plentzia,PT,Plentzia,1.1
2018,,,Plentzia,PT,Plentzia,1.3
2017,,,Plentzia,PT,Plentzia,1.3
2016,,,Plentzia,PT,Plentzia,1.8
2021,,,Plentzia,PT,Plentzia,1.4
2020,,,Plentzia,PT,Plentzia,1.4
2014,,,Plentzia,PT,Plentzia,2.2
2014,,,Portugalete,PT,Portugalete,0.0
2015,,,Portugalete,PT,Portugalete,0.0
2018,,,Portugalete,PT,Portugalete,0.0
2017,,,Portugalete,PT,Portugalete,0.0
2016,,,Portugalete,PT,Portugalete,0.0
2021,,,Portugalete,PT,Portugalete,0.0
2020,,,Portugalete,PT,Portugalete,0.0
2019,,,Portugalete,PT,Portugalete,0.0
2019,,,Ribera Baja / Erriberabeitia,PT,Ribera Baja / Erriberabeitia,1.5
2014,,,Ribera Baja / Erriberabeitia,PT,Ribera Baja / Erriberabeitia,1.2
2016,,,Ribera Baja / Erriberabeitia,PT,Ribera Baja / Erriberabeitia,1.4
2021,,,Ribera Baja / Erriberabeitia,PT,Ribera Baja / Erriberabeitia,1.5
2018,,,Ribera Baja / Erriberabeitia,PT,Ribera Baja / Erriberabeitia,1.7
2020,,,Ribera Baja / Erriberabeitia,PT,Ribera Baja / Erriberabeitia,1.3
2015,,,Ribera Baja / Erriberabeitia,PT,Ribera Baja / Erriberabeitia,1.2
2017,,,Ribera Baja / Erriberabeitia,PT,Ribera Baja / Erriberabeitia,1.5
2015,,,Samaniego,PT,Samaniego,17.6
2019,,,Samaniego,PT,Samaniego,17.6
2016,,,Samaniego,PT,Samaniego,20.7
2017,,,Samaniego,PT,Samaniego,19.0
2014,,,Samaniego,PT,Samaniego,12.6
2018,,,Samaniego,PT,Samaniego,21.0
2020,,,Samaniego,PT,Samaniego,12.8
2021,,,Samaniego,PT,Samaniego,13.7
2014,,,San Millán / Donemiliaga,PT,San Millán / Donemiliaga,20.1
2021,,,San Millán / Donemiliaga,PT,San Millán / Donemiliaga,18.8
2017,,,San Millán / Donemiliaga,PT,San Millán / Donemiliaga,20.6
2018,,,San Millán / Donemiliaga,PT,San Millán / Donemiliaga,21.6
2016,,,San Millán / Donemiliaga,PT,San Millán / Donemiliaga,21.4
2019,,,San Millán / Donemiliaga,PT,San Millán / Donemiliaga,18.3
2015,,,San Millán / Donemiliaga,PT,San Millán / Donemiliaga,20.8
2020,,,San Millán / Donemiliaga,PT,San Millán / Donemiliaga,17.9
2014,,,Santurtzi,PT,Santurtzi,0.2
2015,,,Santurtzi,PT,Santurtzi,0.1
2018,,,Santurtzi,PT,Santurtzi,0.2
2017,,,Santurtzi,PT,Santurtzi,0.1
2016,,,Santurtzi,PT,Santurtzi,0.2
2021,,,Santurtzi,PT,Santurtzi,0.2
2020,,,Santurtzi,PT,Santurtzi,0.3
2019,,,Santurtzi,PT,Santurtzi,0.2
2016,,,Segura,PT,Segura,2.1
2015,,,Segura,PT,Segura,2.5
2017,,,Segura,PT,Segura,2.6
2018,,,Segura,PT,Segura,2.1
2019,,,Segura,PT,Segura,2.6
2020,,,Segura,PT,Segura,2.5
2014,,,Segura,PT,Segura,2.4
2021,,,Segura,PT,Segura,3.1
2019,,,Sestao,PT,Sestao,0.0
2015,,,Sestao,PT,Sestao,0.0
2018,,,Sestao,PT,Sestao,0.0
2017,,,Sestao,PT,Sestao,0.0
2016,,,Sestao,PT,Sestao,0.0
2021,,,Sestao,PT,Sestao,0.0
2020,,,Sestao,PT,Sestao,0.0
2014,,,Sestao,PT,Sestao,0.0
2018,,,Sondika,PT,Sondika,0.1
2021,,,Sondika,PT,Sondika,0.1
2016,,,Sondika,PT,Sondika,0.1
2019,,,Sondika,PT,Sondika,0.1
2015,,,Sondika,PT,Sondika,0.1
2014,,,Sondika,PT,Sondika,0.1
2020,,,Sondika,PT,Sondika,0.1
2017,,,Sondika,PT,Sondika,0.1
2015,,,Sopela,PT,Sopela,0.7
2019,,,Sopela,PT,Sopela,0.3
2018,,,Sopela,PT,Sopela,0.3
2017,,,Sopela,PT,Sopela,0.4
2016,,,Sopela,PT,Sopela,0.5
2021,,,Sopela,PT,Sopela,0.2
2020,,,Sopela,PT,Sopela,0.2
2014,,,Sopela,PT,Sopela,0.7
2014,,,Sopuerta,PT,Sopuerta,4.3
2015,,,Sopuerta,PT,Sopuerta,3.1
2018,,,Sopuerta,PT,Sopuerta,3.6
2017,,,Sopuerta,PT,Sopuerta,3.7
2016,,,Sopuerta,PT,Sopuerta,3.4
2020,,,Sopuerta,PT,Sopuerta,3.6
2021,,,Sopuerta,PT,Sopuerta,5.2
2019,,,Sopuerta,PT,Sopuerta,3.9
2014,,,Soraluze-Placencia de las Armas,PT,Soraluze-Placencia de las Armas,0.4
2016,,,Soraluze-Placencia de las Armas,PT,Soraluze-Placencia de las Armas,0.5
2018,,,Soraluze-Placencia de las Armas,PT,Soraluze-Placencia de las Armas,0.5
2020,,,Soraluze-Placencia de las Armas,PT,Soraluze-Placencia de las Armas,0.7
2019,,,Soraluze-Placencia de las Armas,PT,Soraluze-Placencia de las Armas,0.7
2015,,,Soraluze-Placencia de las Armas,PT,Soraluze-Placencia de las Armas,0.5
2017,,,Soraluze-Placencia de las Armas,PT,Soraluze-Placencia de las Armas,0.7
2021,,,Soraluze-Placencia de las Armas,PT,Soraluze-Placencia de las Armas,0.8
2019,,,Sukarrieta,PT,Sukarrieta,1.0
2015,,,Sukarrieta,PT,Sukarrieta,0.4
2018,,,Sukarrieta,PT,Sukarrieta,0.8
2017,,,Sukarrieta,PT,Sukarrieta,0.9
2016,,,Sukarrieta,PT,Sukarrieta,0.6
2020,,,Sukarrieta,PT,Sukarrieta,1.0
2021,,,Sukarrieta,PT,Sukarrieta,1.2
2014,,,Sukarrieta,PT,Sukarrieta,0.4
2017,,,Tolosa,PT,Tolosa,0.3
2020,,,Tolosa,PT,Tolosa,0.3
2015,,,Tolosa,PT,Tolosa,0.4
2019,,,Tolosa,PT,Tolosa,0.3
2014,,,Tolosa,PT,Tolosa,0.4
2016,,,Tolosa,PT,Tolosa,0.3
2018,,,Tolosa,PT,Tolosa,0.3
2021,,,Tolosa,PT,Tolosa,0.3
2019,,,Trucios-Turtzioz,PT,Trucios-Turtzioz,12.2
2014,,,Trucios-Turtzioz,PT,Trucios-Turtzioz,9.3
2018,,,Trucios-Turtzioz,PT,Trucios-Turtzioz,10.9
2016,,,Trucios-Turtzioz,PT,Trucios-Turtzioz,9.2
2017,,,Trucios-Turtzioz,PT,Trucios-Turtzioz,10.2
2020,,,Trucios-Turtzioz,PT,Trucios-Turtzioz,12.4
2021,,,Trucios-Turtzioz,PT,Trucios-Turtzioz,14.0
2015,,,Trucios-Turtzioz,PT,Trucios-Turtzioz,7.7
2019,,,Ubide,PT,Ubide,3.9
2015,,,Ubide,PT,Ubide,2.9
2018,,,Ubide,PT,Ubide,3.2
2016,,,Ubide,PT,Ubide,3.4
2017,,,Ubide,PT,Ubide,3.2
2021,,,Ubide,PT,Ubide,4.7
2020,,,Ubide,PT,Ubide,4.3
2014,,,Ubide,PT,Ubide,3.5
2019,,,Ugao-Miraballes,PT,Ugao-Miraballes,0.3
2015,,,Ugao-Miraballes,PT,Ugao-Miraballes,0.3
2018,,,Ugao-Miraballes,PT,Ugao-Miraballes,0.3
2017,,,Ugao-Miraballes,PT,Ugao-Miraballes,0.3
2016,,,Ugao-Miraballes,PT,Ugao-Miraballes,0.3
2020,,,Ugao-Miraballes,PT,Ugao-Miraballes,0.3
2021,,,Ugao-Miraballes,PT,Ugao-Miraballes,0.3
2014,,,Ugao-Miraballes,PT,Ugao-Miraballes,0.2
2015,,,Urduliz,PT,Urduliz,0.3
2014,,,Urduliz,PT,Urduliz,0.3
2018,,,Urduliz,PT,Urduliz,0.2
2017,,,Urduliz,PT,Urduliz,0.3
2016,,,Urduliz,PT,Urduliz,0.5
2021,,,Urduliz,PT,Urduliz,0.2
2020,,,Urduliz,PT,Urduliz,0.2
2019,,,Urduliz,PT,Urduliz,0.2
2014,,,Urduña / Orduña,PT,Urduña / Orduña,3.5
2019,,,Urduña / Orduña,PT,Urduña / Orduña,4.0
2015,,,Urduña / Orduña,PT,Urduña / Orduña,3.1
2018,,,Urduña / Orduña,PT,Urduña / Orduña,3.5
2017,,,Urduña / Orduña,PT,Urduña / Orduña,3.9
2016,,,Urduña / Orduña,PT,Urduña / Orduña,3.5
2021,,,Urduña / Orduña,PT,Urduña / Orduña,4.2
2020,,,Urduña / Orduña,PT,Urduña / Orduña,4.5
2015,,,Urkabustaiz,PT,Urkabustaiz,6.2
2014,,,Urkabustaiz,PT,Urkabustaiz,8.7
2017,,,Urkabustaiz,PT,Urkabustaiz,5.7
2019,,,Urkabustaiz,PT,Urkabustaiz,4.2
2016,,,Urkabustaiz,PT,Urkabustaiz,5.4
2021,,,Urkabustaiz,PT,Urkabustaiz,3.4
2018,,,Urkabustaiz,PT,Urkabustaiz,6.2
2020,,,Urkabustaiz,PT,Urkabustaiz,3.8
2020,,,Urnieta,PT,Urnieta,0.5
2021,,,Urnieta,PT,Urnieta,0.5
2018,,,Urnieta,PT,Urnieta,0.4
2016,,,Urnieta,PT,Urnieta,0.5
2014,,,Urnieta,PT,Urnieta,0.5
2019,,,Urnieta,PT,Urnieta,0.5
2015,,,Urnieta,PT,Urnieta,0.6
2017,,,Urnieta,PT,Urnieta,0.5
2021,,,Urretxu,PT,Urretxu,0.3
2020,,,Urretxu,PT,Urretxu,0.3
2016,,,Urretxu,PT,Urretxu,0.3
2015,,,Urretxu,PT,Urretxu,0.2
2014,,,Urretxu,PT,Urretxu,0.2
2019,,,Urretxu,PT,Urretxu,0.3
2018,,,Urretxu,PT,Urretxu,0.2
2017,,,Urretxu,PT,Urretxu,0.3
2020,,,Usurbil,PT,Usurbil,0.5
2016,,,Usurbil,PT,Usurbil,0.5
2014,,,Usurbil,PT,Usurbil,0.4
2018,,,Usurbil,PT,Usurbil,0.5
2021,,,Usurbil,PT,Usurbil,0.6
2015,,,Usurbil,PT,Usurbil,0.6
2019,,,Usurbil,PT,Usurbil,0.5
2017,,,Usurbil,PT,Usurbil,0.6
2019,,,Valdegovía / Gaubea,PT,Valdegovía / Gaubea,18.4
2016,,,Valdegovía / Gaubea,PT,Valdegovía / Gaubea,17.2
2014,,,Valdegovía / Gaubea,PT,Valdegovía / Gaubea,20.6
2015,,,Valdegovía / Gaubea,PT,Valdegovía / Gaubea,17.9
2017,,,Valdegovía / Gaubea,PT,Valdegovía / Gaubea,17.0
2021,,,Valdegovía / Gaubea,PT,Valdegovía / Gaubea,20.0
2018,,,Valdegovía / Gaubea,PT,Valdegovía / Gaubea,17.8
2020,,,Valdegovía / Gaubea,PT,Valdegovía / Gaubea,17.3
2019,,,Valle de Trápaga-Trapagaran,PT,Valle de Trápaga-Trapagaran,0.0
2014,,,Valle de Trápaga-Trapagaran,PT,Valle de Trápaga-Trapagaran,0.1
2015,,,Valle de Trápaga-Trapagaran,PT,Valle de Trápaga-Trapagaran,0.0
2018,,,Valle de Trápaga-Trapagaran,PT,Valle de Trápaga-Trapagaran,0.0
2017,,,Valle de Trápaga-Trapagaran,PT,Valle de Trápaga-Trapagaran,0.1
2016,,,Valle de Trápaga-Trapagaran,PT,Valle de Trápaga-Trapagaran,0.0
2021,,,Valle de Trápaga-Trapagaran,PT,Valle de Trápaga-Trapagaran,0.0
2020,,,Valle de Trápaga-Trapagaran,PT,Valle de Trápaga-Trapagaran,0.0
2017,,,Villabona,PT,Villabona,0.6
2021,,,Villabona,PT,Villabona,0.5
2020,,,Villabona,PT,Villabona,0.5
2016,,,Villabona,PT,Villabona,0.5
2014,,,Villabona,PT,Villabona,0.5
2015,,,Villabona,PT,Villabona,0.5
2019,,,Villabona,PT,Villabona,0.5
2018,,,Villabona,PT,Villabona,0.4
2014,,,Villabuena de Álava / Eskuernaga,PT,Villabuena de Álava / Eskuernaga,10.2
2015,,,Villabuena de Álava / Eskuernaga,PT,Villabuena de Álava / Eskuernaga,13.9
2019,,,Villabuena de Álava / Eskuernaga,PT,Villabuena de Álava / Eskuernaga,12.4
2016,,,Villabuena de Álava / Eskuernaga,PT,Villabuena de Álava / Eskuernaga,13.9
2020,,,Villabuena de Álava / Eskuernaga,PT,Villabuena de Álava / Eskuernaga,13.2
2017,,,Villabuena de Álava / Eskuernaga,PT,Villabuena de Álava / Eskuernaga,12.5
2021,,,Villabuena de Álava / Eskuernaga,PT,Villabuena de Álava / Eskuernaga,13.7
2018,,,Villabuena de Álava / Eskuernaga,PT,Villabuena de Álava / Eskuernaga,14.6
2019,,,Vitoria-Gasteiz,PT,Vitoria-Gasteiz,0.2
2018,,,Vitoria-Gasteiz,PT,Vitoria-Gasteiz,0.2
2015,,,Vitoria-Gasteiz,PT,Vitoria-Gasteiz,0.2
2017,,,Vitoria-Gasteiz,PT,Vitoria-Gasteiz,0.2
2014,,,Vitoria-Gasteiz,PT,Vitoria-Gasteiz,0.2
2016,,,Vitoria-Gasteiz,PT,Vitoria-Gasteiz,0.2
2021,,,Vitoria-Gasteiz,PT,Vitoria-Gasteiz,0.2
2020,,,Vitoria-Gasteiz,PT,Vitoria-Gasteiz,0.2
2019,,,Yécora / Iekora,PT,Yécora / Iekora,56.9
2015,,,Yécora / Iekora,PT,Yécora / Iekora,42.1
2017,,,Yécora / Iekora,PT,Yécora / Iekora,52.7
2014,,,Yécora / Iekora,PT,Yécora / Iekora,37.0
2016,,,Yécora / Iekora,PT,Yécora / Iekora,47.5
2021,,,Yécora / Iekora,PT,Yécora / Iekora,62.6
2018,,,Yécora / Iekora,PT,Yécora / Iekora,59.6
2020,,,Yécora / Iekora,PT,Yécora / Iekora,54.2
2017,,,Zaldibar,PT,Zaldibar,0.4
2020,,,Zaldibar,PT,Zaldibar,0.5
2019,,,Zaldibar,PT,Zaldibar,0.4
2015,,,Zaldibar,PT,Zaldibar,0.5
2021,,,Zaldibar,PT,Zaldibar,0.5
2014,,,Zaldibar,PT,Zaldibar,0.5
2016,,,Zaldibar,PT,Zaldibar,0.5
2018,,,Zaldibar,PT,Zaldibar,0.4
2021,,,Zaldibia,PT,Zaldibia,3.0
2016,,,Zaldibia,PT,Zaldibia,2.5
2015,,,Zaldibia,PT,Zaldibia,2.5
2014,,,Zaldibia,PT,Zaldibia,2.2
2018,,,Zaldibia,PT,Zaldibia,2.5
2019,,,Zaldibia,PT,Zaldibia,2.9
2017,,,Zaldibia,PT,Zaldibia,3.1
2020,,,Zaldibia,PT,Zaldibia,2.8
2015,,,Zalduondo,PT,Zalduondo,26.6
2019,,,Zalduondo,PT,Zalduondo,23.2
2017,,,Zalduondo,PT,Zalduondo,21.6
2014,,,Zalduondo,PT,Zalduondo,29.0
2016,,,Zalduondo,PT,Zalduondo,24.5
2021,,,Zalduondo,PT,Zalduondo,25.9
2018,,,Zalduondo,PT,Zalduondo,24.4
2020,,,Zalduondo,PT,Zalduondo,21.4
2016,,,Zalla,PT,Zalla,1.1
2014,,,Zalla,PT,Zalla,1.0
2018,,,Zalla,PT,Zalla,0.9
2020,,,Zalla,PT,Zalla,0.9
2019,,,Zalla,PT,Zalla,0.9
2017,,,Zalla,PT,Zalla,1.0
2015,,,Zalla,PT,Zalla,1.2
2021,,,Zalla,PT,Zalla,1.2
2019,,,Zambrana,PT,Zambrana,18.7
2015,,,Zambrana,PT,Zambrana,30.0
2018,,,Zambrana,PT,Zambrana,20.6
2020,,,Zambrana,PT,Zambrana,14.5
2017,,,Zambrana,PT,Zambrana,21.9
2021,,,Zambrana,PT,Zambrana,14.5
2014,,,Zambrana,PT,Zambrana,27.3
2016,,,Zambrana,PT,Zambrana,25.8
2021,,,Zamudio,PT,Zamudio,0.1
2017,,,Zamudio,PT,Zamudio,0.1
2016,,,Zamudio,PT,Zamudio,0.1
2020,,,Zamudio,PT,Zamudio,0.1
2018,,,Zamudio,PT,Zamudio,0.1
2015,,,Zamudio,PT,Zamudio,0.1
2014,,,Zamudio,PT,Zamudio,0.1
2019,,,Zamudio,PT,Zamudio,0.1
2020,,,Zaratamo,PT,Zaratamo,1.1
2018,,,Zaratamo,PT,Zaratamo,1.0
2016,,,Zaratamo,PT,Zaratamo,1.3
2014,,,Zaratamo,PT,Zaratamo,1.2
2019,,,Zaratamo,PT,Zaratamo,1.1
2017,,,Zaratamo,PT,Zaratamo,1.2
2015,,,Zaratamo,PT,Zaratamo,1.1
2021,,,Zaratamo,PT,Zaratamo,1.1
2020,,,Zarautz,PT,Zarautz,0.5
2021,,,Zarautz,PT,Zarautz,0.5
2016,,,Zarautz,PT,Zarautz,0.4
2015,,,Zarautz,PT,Zarautz,0.5
2014,,,Zarautz,PT,Zarautz,0.4
2018,,,Zarautz,PT,Zarautz,0.4
2019,,,Zarautz,PT,Zarautz,0.4
2017,,,Zarautz,PT,Zarautz,0.5
2019,,,Zeanuri,PT,Zeanuri,7.3
2015,,,Zeanuri,PT,Zeanuri,9.0
2014,,,Zeanuri,PT,Zeanuri,6.1
2018,,,Zeanuri,PT,Zeanuri,6.4
2017,,,Zeanuri,PT,Zeanuri,7.3
2016,,,Zeanuri,PT,Zeanuri,9.0
2021,,,Zeanuri,PT,Zeanuri,10.0
2020,,,Zeanuri,PT,Zeanuri,7.8
2019,,,Zeberio,PT,Zeberio,11.5
2014,,,Zeberio,PT,Zeberio,11.3
2015,,,Zeberio,PT,Zeberio,10.7
2018,,,Zeberio,PT,Zeberio,9.9
2017,,,Zeberio,PT,Zeberio,10.0
2016,,,Zeberio,PT,Zeberio,11.8
2020,,,Zeberio,PT,Zeberio,11.3
2021,,,Zeberio,PT,Zeberio,15.6
2019,,,Zegama,PT,Zegama,3.4
2017,,,Zegama,PT,Zegama,3.6
2015,,,Zegama,PT,Zegama,3.7
2021,,,Zegama,PT,Zegama,4.1
2014,,,Zegama,PT,Zegama,3.2
2016,,,Zegama,PT,Zegama,3.0
2018,,,Zegama,PT,Zegama,2.4
2020,,,Zegama,PT,Zegama,3.1
2020,,,Zerain,PT,Zerain,7.1
2019,,,Zerain,PT,Zerain,7.4
2015,,,Zerain,PT,Zerain,9.8
2021,,,Zerain,PT,Zerain,7.9
2014,,,Zerain,PT,Zerain,10.8
2016,,,Zerain,PT,Zerain,8.4
2018,,,Zerain,PT,Zerain,8.1
2017,,,Zerain,PT,Zerain,8.9
2017,,,Zestoa,PT,Zestoa,1.8
2015,,,Zestoa,PT,Zestoa,1.4
2021,,,Zestoa,PT,Zestoa,1.7
2014,,,Zestoa,PT,Zestoa,1.5
2016,,,Zestoa,PT,Zestoa,1.6
2018,,,Zestoa,PT,Zestoa,1.5
2020,,,Zestoa,PT,Zestoa,1.4
2019,,,Zestoa,PT,Zestoa,1.7
2017,,,Zierbena,PT,Zierbena,0.5
2019,,,Zierbena,PT,Zierbena,0.8
2021,,,Zierbena,PT,Zierbena,0.7
2020,,,Zierbena,PT,Zierbena,0.7
2018,,,Zierbena,PT,Zierbena,0.4
2016,,,Zierbena,PT,Zierbena,0.6
2015,,,Zierbena,PT,Zierbena,0.5
2014,,,Zierbena,PT,Zierbena,0.5
2019,,,Zigoitia,PT,Zigoitia,2.6
2020,,,Zigoitia,PT,Zigoitia,2.9
2015,,,Zigoitia,PT,Zigoitia,2.4
2021,,,Zigoitia,PT,Zigoitia,3.2
2016,,,Zigoitia,PT,Zigoitia,2.6
2014,,,Zigoitia,PT,Zigoitia,4.0
2018,,,Zigoitia,PT,Zigoitia,3.2
2017,,,Zigoitia,PT,Zigoitia,3.0
2015,,,Ziortza-Bolibar,PT,Ziortza-Bolibar,6.3
2021,,,Ziortza-Bolibar,PT,Ziortza-Bolibar,11.6
2016,,,Ziortza-Bolibar,PT,Ziortza-Bolibar,6.5
2018,,,Ziortza-Bolibar,PT,Ziortza-Bolibar,7.1
2020,,,Ziortza-Bolibar,PT,Ziortza-Bolibar,10.3
2014,,,Ziortza-Bolibar,PT,Ziortza-Bolibar,6.6
2019,,,Ziortza-Bolibar,PT,Ziortza-Bolibar,8.3
2017,,,Ziortza-Bolibar,PT,Ziortza-Bolibar,7.0
2017,,,Zizurkil,PT,Zizurkil,1.1
2019,,,Zizurkil,PT,Zizurkil,1.0
2015,,,Zizurkil,PT,Zizurkil,1.1
2021,,,Zizurkil,PT,Zizurkil,0.9
2014,,,Zizurkil,PT,Zizurkil,1.1
2016,,,Zizurkil,PT,Zizurkil,1.0
2018,,,Zizurkil,PT,Zizurkil,0.8
2020,,,Zizurkil,PT,Zizurkil,0.9
2015,,,Zuia,PT,Zuia,3.5
2019,,,Zuia,PT,Zuia,2.9
2017,,,Zuia,PT,Zuia,3.7
2014,,,Zuia,PT,Zuia,5.2
2016,,,Zuia,PT,Zuia,3.5
2021,,,Zuia,PT,Zuia,3.0
2018,,,Zuia,PT,Zuia,4.3
2020,,,Zuia,PT,Zuia,2.9
2020,,,Zumaia,PT,Zumaia,0.3
2016,,,Zumaia,PT,Zumaia,0.3
2015,,,Zumaia,PT,Zumaia,0.3
2014,,,Zumaia,PT,Zumaia,0.2
2019,,,Zumaia,PT,Zumaia,0.3
2018,,,Zumaia,PT,Zumaia,0.3
2017,,,Zumaia,PT,Zumaia,0.4
2021,,,Zumaia,PT,Zumaia,0.4
2020,,,Zumarraga,PT,Zumarraga,0.3
2021,,,Zumarraga,PT,Zumarraga,0.4
2016,,,Zumarraga,PT,Zumarraga,0.3
2015,,,Zumarraga,PT,Zumarraga,0.3
2014,,,Zumarraga,PT,Zumarraga,0.2
2019,,,Zumarraga,PT,Zumarraga,0.4
2018,,,Zumarraga,PT,Zumarraga,0.3
2017,,,Zumarraga,PT,Zumarraga,0.4
2018,,Añana (eskualdea),,PT,Añana (eskualdea),6.3
2014,,Añana (eskualdea),,PT,Añana (eskualdea),7.3
2017,,Añana (eskualdea),,PT,Añana (eskualdea),6.1
2019,,Añana (eskualdea),,PT,Añana (eskualdea),5.8
2015,,Añana (eskualdea),,PT,Añana (eskualdea),6.7
2016,,Añana (eskualdea),,PT,Añana (eskualdea),6.4
2021,,Añana (eskualdea),,PT,Añana (eskualdea),6.6
2020,,Añana (eskualdea),,PT,Añana (eskualdea),5.7
2017,,Arabako Errioxa / Rioja Alavesa,,PT,Arabako Errioxa / Rioja Alavesa,11.3
2015,,Arabako Errioxa / Rioja Alavesa,,PT,Arabako Errioxa / Rioja Alavesa,10.3
2021,,Arabako Errioxa / Rioja Alavesa,,PT,Arabako Errioxa / Rioja Alavesa,10.7
2020,,Arabako Errioxa / Rioja Alavesa,,PT,Arabako Errioxa / Rioja Alavesa,10.0
2018,,Arabako Errioxa / Rioja Alavesa,,PT,Arabako Errioxa / Rioja Alavesa,13.3
2019,,Arabako Errioxa / Rioja Alavesa,,PT,Arabako Errioxa / Rioja Alavesa,11.4
2016,,Arabako Errioxa / Rioja Alavesa,,PT,Arabako Errioxa / Rioja Alavesa,11.3
2014,,Arabako Errioxa / Rioja Alavesa,,PT,Arabako Errioxa / Rioja Alavesa,8.0
2016,,Arabako Kantaurialdea / Cantábrica Alavesa,,PT,Arabako Kantaurialdea / Cantábrica Alavesa,1.1
2014,,Arabako Kantaurialdea / Cantábrica Alavesa,,PT,Arabako Kantaurialdea / Cantábrica Alavesa,1.5
2019,,Arabako Kantaurialdea / Cantábrica Alavesa,,PT,Arabako Kantaurialdea / Cantábrica Alavesa,0.8
2018,,Arabako Kantaurialdea / Cantábrica Alavesa,,PT,Arabako Kantaurialdea / Cantábrica Alavesa,1.1
2021,,Arabako Kantaurialdea / Cantábrica Alavesa,,PT,Arabako Kantaurialdea / Cantábrica Alavesa,1.3
2015,,Arabako Kantaurialdea / Cantábrica Alavesa,,PT,Arabako Kantaurialdea / Cantábrica Alavesa,1.2
2017,,Arabako Kantaurialdea / Cantábrica Alavesa,,PT,Arabako Kantaurialdea / Cantábrica Alavesa,1.2
2020,,Arabako Kantaurialdea / Cantábrica Alavesa,,PT,Arabako Kantaurialdea / Cantábrica Alavesa,0.8
2015,,Arabako Lautada / Llanada Alavesa,,PT,Arabako Lautada / Llanada Alavesa,0.5
2016,,Arabako Lautada / Llanada Alavesa,,PT,Arabako Lautada / Llanada Alavesa,0.5
2017,,Arabako Lautada / Llanada Alavesa,,PT,Arabako Lautada / Llanada Alavesa,0.4
2021,,Arabako Lautada / Llanada Alavesa,,PT,Arabako Lautada / Llanada Alavesa,0.4
2018,,Arabako Lautada / Llanada Alavesa,,PT,Arabako Lautada / Llanada Alavesa,0.4
2014,,Arabako Lautada / Llanada Alavesa,,PT,Arabako Lautada / Llanada Alavesa,0.5
2020,,Arabako Lautada / Llanada Alavesa,,PT,Arabako Lautada / Llanada Alavesa,0.4
2019,,Arabako Lautada / Llanada Alavesa,,PT,Arabako Lautada / Llanada Alavesa,0.4
2016,,Arabako Mendialdea / Montaña Alavesa,,PT,Arabako Mendialdea / Montaña Alavesa,11.3
2020,,Arabako Mendialdea / Montaña Alavesa,,PT,Arabako Mendialdea / Montaña Alavesa,9.0
2017,,Arabako Mendialdea / Montaña Alavesa,,PT,Arabako Mendialdea / Montaña Alavesa,10.8
2019,,Arabako Mendialdea / Montaña Alavesa,,PT,Arabako Mendialdea / Montaña Alavesa,10.2
2014,,Arabako Mendialdea / Montaña Alavesa,,PT,Arabako Mendialdea / Montaña Alavesa,10.8
2015,,Arabako Mendialdea / Montaña Alavesa,,PT,Arabako Mendialdea / Montaña Alavesa,11.0
2021,,Arabako Mendialdea / Montaña Alavesa,,PT,Arabako Mendialdea / Montaña Alavesa,11.3
2018,,Arabako Mendialdea / Montaña Alavesa,,PT,Arabako Mendialdea / Montaña Alavesa,11.2
2019,,Arratia Nerbioi / Arratia-Nervión,,PT,Arratia Nerbioi / Arratia-Nervión,2.0
2017,,Arratia Nerbioi / Arratia-Nervión,,PT,Arratia Nerbioi / Arratia-Nervión,2.0
2016,,Arratia Nerbioi / Arratia-Nervión,,PT,Arratia Nerbioi / Arratia-Nervión,2.2
2015,,Arratia Nerbioi / Arratia-Nervión,,PT,Arratia Nerbioi / Arratia-Nervión,2.0
2014,,Arratia Nerbioi / Arratia-Nervión,,PT,Arratia Nerbioi / Arratia-Nervión,1.9
2020,,Arratia Nerbioi / Arratia-Nervión,,PT,Arratia Nerbioi / Arratia-Nervión,2.2
2021,,Arratia Nerbioi / Arratia-Nervión,,PT,Arratia Nerbioi / Arratia-Nervión,2.8
2018,,Arratia Nerbioi / Arratia-Nervión,,PT,Arratia Nerbioi / Arratia-Nervión,1.8
2020,,Bidasoa Beherea / Bajo Bidasoa,,PT,Bidasoa Beherea / Bajo Bidasoa,0.9
2015,,Bidasoa Beherea / Bajo Bidasoa,,PT,Bidasoa Beherea / Bajo Bidasoa,1.0
2016,,Bidasoa Beherea / Bajo Bidasoa,,PT,Bidasoa Beherea / Bajo Bidasoa,0.9
2019,,Bidasoa Beherea / Bajo Bidasoa,,PT,Bidasoa Beherea / Bajo Bidasoa,1.2
2017,,Bidasoa Beherea / Bajo Bidasoa,,PT,Bidasoa Beherea / Bajo Bidasoa,1.2
2018,,Bidasoa Beherea / Bajo Bidasoa,,PT,Bidasoa Beherea / Bajo Bidasoa,1.2
2021,,Bidasoa Beherea / Bajo Bidasoa,,PT,Bidasoa Beherea / Bajo Bidasoa,1.0
2014,,Bidasoa Beherea / Bajo Bidasoa,,PT,Bidasoa Beherea / Bajo Bidasoa,0.9
2017,,Bilbo Handia / Gran Bilbao,,PT,Bilbo Handia / Gran Bilbao,0.1
2019,,Bilbo Handia / Gran Bilbao,,PT,Bilbo Handia / Gran Bilbao,0.1
2016,,Bilbo Handia / Gran Bilbao,,PT,Bilbo Handia / Gran Bilbao,0.1
2020,,Bilbo Handia / Gran Bilbao,,PT,Bilbo Handia / Gran Bilbao,0.1
2021,,Bilbo Handia / Gran Bilbao,,PT,Bilbo Handia / Gran Bilbao,0.1
2015,,Bilbo Handia / Gran Bilbao,,PT,Bilbo Handia / Gran Bilbao,0.1
2018,,Bilbo Handia / Gran Bilbao,,PT,Bilbo Handia / Gran Bilbao,0.1
2014,,Bilbo Handia / Gran Bilbao,,PT,Bilbo Handia / Gran Bilbao,0.1
2015,,Debabarrena / Bajo Deba,,PT,Debabarrena / Bajo Deba,0.4
2014,,Debabarrena / Bajo Deba,,PT,Debabarrena / Bajo Deba,0.4
2020,,Debabarrena / Bajo Deba,,PT,Debabarrena / Bajo Deba,0.5
2021,,Debabarrena / Bajo Deba,,PT,Debabarrena / Bajo Deba,0.6
2019,,Debabarrena / Bajo Deba,,PT,Debabarrena / Bajo Deba,0.5
2018,,Debabarrena / Bajo Deba,,PT,Debabarrena / Bajo Deba,0.4
2017,,Debabarrena / Bajo Deba,,PT,Debabarrena / Bajo Deba,0.5
2016,,Debabarrena / Bajo Deba,,PT,Debabarrena / Bajo Deba,0.4
2016,,Debagoiena / Alto Deba,,PT,Debagoiena / Alto Deba,0.5
2018,,Debagoiena / Alto Deba,,PT,Debagoiena / Alto Deba,0.4
2014,,Debagoiena / Alto Deba,,PT,Debagoiena / Alto Deba,0.4
2017,,Debagoiena / Alto Deba,,PT,Debagoiena / Alto Deba,0.6
2015,,Debagoiena / Alto Deba,,PT,Debagoiena / Alto Deba,0.5
2020,,Debagoiena / Alto Deba,,PT,Debagoiena / Alto Deba,0.5
2021,,Debagoiena / Alto Deba,,PT,Debagoiena / Alto Deba,0.5
2019,,Debagoiena / Alto Deba,,PT,Debagoiena / Alto Deba,0.5
2016,,Donostialdea,,PT,Donostialdea,0.2
2017,,Donostialdea,,PT,Donostialdea,0.2
2015,,Donostialdea,,PT,Donostialdea,0.2
2020,,Donostialdea,,PT,Donostialdea,0.2
2019,,Donostialdea,,PT,Donostialdea,0.2
2021,,Donostialdea,,PT,Donostialdea,0.2
2018,,Donostialdea,,PT,Donostialdea,0.2
2014,,Donostialdea,,PT,Donostialdea,0.2
2014,,Durangaldea / Duranguesado,,PT,Durangaldea / Duranguesado,0.3
2018,,Durangaldea / Duranguesado,,PT,Durangaldea / Duranguesado,0.3
2019,,Durangaldea / Duranguesado,,PT,Durangaldea / Duranguesado,0.4
2016,,Durangaldea / Duranguesado,,PT,Durangaldea / Duranguesado,0.4
2015,,Durangaldea / Duranguesado,,PT,Durangaldea / Duranguesado,0.3
2021,,Durangaldea / Duranguesado,,PT,Durangaldea / Duranguesado,0.4
2017,,Durangaldea / Duranguesado,,PT,Durangaldea / Duranguesado,0.3
2020,,Durangaldea / Duranguesado,,PT,Durangaldea / Duranguesado,0.4
2019,,Enkartazioak / Encartaciones,,PT,Enkartazioak / Encartaciones,3.0
2014,,Enkartazioak / Encartaciones,,PT,Enkartazioak / Encartaciones,3.7
2021,,Enkartazioak / Encartaciones,,PT,Enkartazioak / Encartaciones,4.0
2016,,Enkartazioak / Encartaciones,,PT,Enkartazioak / Encartaciones,3.4
2018,,Enkartazioak / Encartaciones,,PT,Enkartazioak / Encartaciones,3.1
2015,,Enkartazioak / Encartaciones,,PT,Enkartazioak / Encartaciones,3.1
2020,,Enkartazioak / Encartaciones,,PT,Enkartazioak / Encartaciones,3.2
2017,,Enkartazioak / Encartaciones,,PT,Enkartazioak / Encartaciones,3.4
2018,,Gernika-Bermeo,,PT,Gernika-Bermeo,11.8
2021,,Gernika-Bermeo,,PT,Gernika-Bermeo,10.4
2017,,Gernika-Bermeo,,PT,Gernika-Bermeo,13.5
2020,,Gernika-Bermeo,,PT,Gernika-Bermeo,11.5
2015,,Gernika-Bermeo,,PT,Gernika-Bermeo,5.9
2019,,Gernika-Bermeo,,PT,Gernika-Bermeo,12.7
2016,,Gernika-Bermeo,,PT,Gernika-Bermeo,6.2
2014,,Gernika-Bermeo,,PT,Gernika-Bermeo,7.0
2020,,Goierri,,PT,Goierri,0.5
2021,,Goierri,,PT,Goierri,0.6
2015,,Goierri,,PT,Goierri,0.6
2018,,Goierri,,PT,Goierri,0.5
2017,,Goierri,,PT,Goierri,0.7
2019,,Goierri,,PT,Goierri,0.5
2016,,Goierri,,PT,Goierri,0.6
2014,,Goierri,,PT,Goierri,0.6
2018,,Gorbeialdea / Estribaciones del Gorbea,,PT,Gorbeialdea / Estribaciones del Gorbea,2.4
2020,,Gorbeialdea / Estribaciones del Gorbea,,PT,Gorbeialdea / Estribaciones del Gorbea,1.9
2021,,Gorbeialdea / Estribaciones del Gorbea,,PT,Gorbeialdea / Estribaciones del Gorbea,1.8
2014,,Gorbeialdea / Estribaciones del Gorbea,,PT,Gorbeialdea / Estribaciones del Gorbea,3.9
2019,,Gorbeialdea / Estribaciones del Gorbea,,PT,Gorbeialdea / Estribaciones del Gorbea,1.8
2016,,Gorbeialdea / Estribaciones del Gorbea,,PT,Gorbeialdea / Estribaciones del Gorbea,2.6
2017,,Gorbeialdea / Estribaciones del Gorbea,,PT,Gorbeialdea / Estribaciones del Gorbea,2.5
2015,,Gorbeialdea / Estribaciones del Gorbea,,PT,Gorbeialdea / Estribaciones del Gorbea,2.8
2019,,Markina-Ondarroa,,PT,Markina-Ondarroa,6.0
2021,,Markina-Ondarroa,,PT,Markina-Ondarroa,4.7
2017,,Markina-Ondarroa,,PT,Markina-Ondarroa,5.7
2018,,Markina-Ondarroa,,PT,Markina-Ondarroa,5.2
2020,,Markina-Ondarroa,,PT,Markina-Ondarroa,4.9
2016,,Markina-Ondarroa,,PT,Markina-Ondarroa,6.0
2015,,Markina-Ondarroa,,PT,Markina-Ondarroa,5.7
2014,,Markina-Ondarroa,,PT,Markina-Ondarroa,5.0
2016,,Plentzia-Mungia,,PT,Plentzia-Mungia,1.3
2018,,Plentzia-Mungia,,PT,Plentzia-Mungia,1.0
2021,,Plentzia-Mungia,,PT,Plentzia-Mungia,1.1
2015,,Plentzia-Mungia,,PT,Plentzia-Mungia,1.5
2019,,Plentzia-Mungia,,PT,Plentzia-Mungia,1.0
2020,,Plentzia-Mungia,,PT,Plentzia-Mungia,1.0
2017,,Plentzia-Mungia,,PT,Plentzia-Mungia,1.2
2014,,Plentzia-Mungia,,PT,Plentzia-Mungia,1.5
2017,,Tolosaldea,,PT,Tolosaldea,1.0
2014,,Tolosaldea,,PT,Tolosaldea,1.0
2021,,Tolosaldea,,PT,Tolosaldea,0.9
2018,,Tolosaldea,,PT,Tolosaldea,0.8
2016,,Tolosaldea,,PT,Tolosaldea,0.9
2020,,Tolosaldea,,PT,Tolosaldea,0.8
2015,,Tolosaldea,,PT,Tolosaldea,1.0
2019,,Tolosaldea,,PT,Tolosaldea,0.9
2019,,Urola Kosta,,PT,Urola Kosta,2.0
2016,,Urola Kosta,,PT,Urola Kosta,1.7
2018,,Urola Kosta,,PT,Urola Kosta,1.9
2015,,Urola Kosta,,PT,Urola Kosta,1.7
2014,,Urola Kosta,,PT,Urola Kosta,1.6
2017,,Urola Kosta,,PT,Urola Kosta,2.2
2021,,Urola Kosta,,PT,Urola Kosta,1.9
2020,,Urola Kosta,,PT,Urola Kosta,1.7
2013,Araba / Álava,,,PT,Araba / Álava,1.0
2016,Araba / Álava,,,PT,Araba / Álava,1.5
2017,Araba / Álava,,,PT,Araba / Álava,1.4
2019,Araba / Álava,,,PT,Araba / Álava,1.3
2010,Araba / Álava,,,PT,Araba / Álava,1.1
2018,Araba / Álava,,,PT,Araba / Álava,1.5
2012,Araba / Álava,,,PT,Araba / Álava,1.0
2015,Araba / Álava,,,PT,Araba / Álava,1.4
2023,Araba / Álava,,,PT,Araba / Álava,1.1
2014,Araba / Álava,,,PT,Araba / Álava,1.4
2022,Araba / Álava,,,PT,Araba / Álava,1.1
2011,Araba / Álava,,,PT,Araba / Álava,1.0
2020,Araba / Álava,,,PT,Araba / Álava,1.2
2021,Araba / Álava,,,PT,Araba / Álava,1.3
2011,Bizkaia,,,PT,Bizkaia,0.7
2017,Bizkaia,,,PT,Bizkaia,0.9
2014,Bizkaia,,,PT,Bizkaia,0.6
2012,Bizkaia,,,PT,Bizkaia,0.8
2022,Bizkaia,,,PT,Bizkaia,0.9
2016,Bizkaia,,,PT,Bizkaia,0.6
2013,Bizkaia,,,PT,Bizkaia,1.0
2023,Bizkaia,,,PT,Bizkaia,0.9
2021,Bizkaia,,,PT,Bizkaia,0.7
2010,Bizkaia,,,PT,Bizkaia,0.6
2015,Bizkaia,,,PT,Bizkaia,0.6
2018,Bizkaia,,,PT,Bizkaia,0.7
2020,Bizkaia,,,PT,Bizkaia,0.7
2019,Bizkaia,,,PT,Bizkaia,0.8
2019,Gipuzkoa,,,PT,Gipuzkoa,0.6
2023,Gipuzkoa,,,PT,Gipuzkoa,0.6
2010,Gipuzkoa,,,PT,Gipuzkoa,0.5
2011,Gipuzkoa,,,PT,Gipuzkoa,0.5
2018,Gipuzkoa,,,PT,Gipuzkoa,0.6
2013,Gipuzkoa,,,PT,Gipuzkoa,0.5
2015,Gipuzkoa,,,PT,Gipuzkoa,0.6
2014,Gipuzkoa,,,PT,Gipuzkoa,0.5
2021,Gipuzkoa,,,PT,Gipuzkoa,0.6
2022,Gipuzkoa,,,PT,Gipuzkoa,0.6
2020,Gipuzkoa,,,PT,Gipuzkoa,0.5
2012,Gipuzkoa,,,PT,Gipuzkoa,0.6
2016,Gipuzkoa,,,PT,Gipuzkoa,0.5
2017,Gipuzkoa,,,PT,Gipuzkoa,0.6
