Year,Series,Elikagaiak,Lurralde historikoa,Units,Value
2022,Elikagaien prezioen anomalien adierazlea,,,Aurkibidea,2.6
2009,Elikagaien prezioen anomalien adierazlea,,,Aurkibidea,-1.0
2008,Elikagaien prezioen anomalien adierazlea,,,Aurkibidea,0.6
2021,Elikagaien prezioen anomalien adierazlea,,,Aurkibidea,-0.3
2004,Elikagaien prezioen anomalien adierazlea,,,Aurkibidea,0.3
2014,Elikagaien prezioen anomalien adierazlea,,,Aurkibidea,-0.9
2019,Elikagaien prezioen anomalien adierazlea,,,Aurkibidea,-0.5
2017,Elikagaien prezioen anomalien adierazlea,,,Aurkibidea,-0.4
2006,Elikagaien prezioen anomalien adierazlea,,,Aurkibidea,0.2
2011,Elikagaien prezioen anomalien adierazlea,,,Aurkibidea,-0.3
2023,Elikagaien prezioen anomalien adierazlea,,,Aurkibidea,1.9
2003,Elikagaien prezioen anomalien adierazlea,,,Aurkibidea,0.4
2010,Elikagaien prezioen anomalien adierazlea,,,Aurkibidea,-0.9
2020,Elikagaien prezioen anomalien adierazlea,,,Aurkibidea,-0.2
2012,Elikagaien prezioen anomalien adierazlea,,,Aurkibidea,0.0
2016,Elikagaien prezioen anomalien adierazlea,,,Aurkibidea,-0.5
2005,Elikagaien prezioen anomalien adierazlea,,,Aurkibidea,0.1
2007,Elikagaien prezioen anomalien adierazlea,,,Aurkibidea,0.5
2015,Elikagaien prezioen anomalien adierazlea,,,Aurkibidea,-0.4
2018,Elikagaien prezioen anomalien adierazlea,,,Aurkibidea,-0.5
2024,Elikagaien prezioen anomalien adierazlea,,,Aurkibidea,0.2
2013,Elikagaien prezioen anomalien adierazlea,,,Aurkibidea,-0.2
2006,Elikagaien prezioen anomalien adierazlea,,Araba / Álava,Aurkibidea,0.5
2018,Elikagaien prezioen anomalien adierazlea,,Araba / Álava,Aurkibidea,-0.5
2005,Elikagaien prezioen anomalien adierazlea,,Araba / Álava,Aurkibidea,0.3
2014,Elikagaien prezioen anomalien adierazlea,,Araba / Álava,Aurkibidea,-1.0
2008,Elikagaien prezioen anomalien adierazlea,,Araba / Álava,Aurkibidea,0.8
2017,Elikagaien prezioen anomalien adierazlea,,Araba / Álava,Aurkibidea,-0.5
2022,Elikagaien prezioen anomalien adierazlea,,Araba / Álava,Aurkibidea,2.3
2020,Elikagaien prezioen anomalien adierazlea,,Araba / Álava,Aurkibidea,-0.2
2007,Elikagaien prezioen anomalien adierazlea,,Araba / Álava,Aurkibidea,0.8
2012,Elikagaien prezioen anomalien adierazlea,,Araba / Álava,Aurkibidea,-0.2
2004,Elikagaien prezioen anomalien adierazlea,,Araba / Álava,Aurkibidea,0.5
2010,Elikagaien prezioen anomalien adierazlea,,Araba / Álava,Aurkibidea,-0.8
2011,Elikagaien prezioen anomalien adierazlea,,Araba / Álava,Aurkibidea,-0.3
2023,Elikagaien prezioen anomalien adierazlea,,Araba / Álava,Aurkibidea,1.8
2016,Elikagaien prezioen anomalien adierazlea,,Araba / Álava,Aurkibidea,-0.6
2015,Elikagaien prezioen anomalien adierazlea,,Araba / Álava,Aurkibidea,-0.4
2009,Elikagaien prezioen anomalien adierazlea,,Araba / Álava,Aurkibidea,-1.0
2024,Elikagaien prezioen anomalien adierazlea,,Araba / Álava,Aurkibidea,-0.1
2013,Elikagaien prezioen anomalien adierazlea,,Araba / Álava,Aurkibidea,-0.2
2003,Elikagaien prezioen anomalien adierazlea,,Araba / Álava,Aurkibidea,0.4
2019,Elikagaien prezioen anomalien adierazlea,,Araba / Álava,Aurkibidea,-0.5
2021,Elikagaien prezioen anomalien adierazlea,,Araba / Álava,Aurkibidea,-0.2
2007,Elikagaien prezioen anomalien adierazlea,,Bizkaia,Aurkibidea,0.3
2023,Elikagaien prezioen anomalien adierazlea,,Bizkaia,Aurkibidea,1.9
2003,Elikagaien prezioen anomalien adierazlea,,Bizkaia,Aurkibidea,0.3
2022,Elikagaien prezioen anomalien adierazlea,,Bizkaia,Aurkibidea,2.6
2016,Elikagaien prezioen anomalien adierazlea,,Bizkaia,Aurkibidea,-0.4
2018,Elikagaien prezioen anomalien adierazlea,,Bizkaia,Aurkibidea,-0.6
2011,Elikagaien prezioen anomalien adierazlea,,Bizkaia,Aurkibidea,-0.2
2019,Elikagaien prezioen anomalien adierazlea,,Bizkaia,Aurkibidea,-0.5
2017,Elikagaien prezioen anomalien adierazlea,,Bizkaia,Aurkibidea,-0.4
2021,Elikagaien prezioen anomalien adierazlea,,Bizkaia,Aurkibidea,-0.3
2015,Elikagaien prezioen anomalien adierazlea,,Bizkaia,Aurkibidea,-0.4
2005,Elikagaien prezioen anomalien adierazlea,,Bizkaia,Aurkibidea,0.1
2010,Elikagaien prezioen anomalien adierazlea,,Bizkaia,Aurkibidea,-0.9
2008,Elikagaien prezioen anomalien adierazlea,,Bizkaia,Aurkibidea,0.5
2014,Elikagaien prezioen anomalien adierazlea,,Bizkaia,Aurkibidea,-0.9
2004,Elikagaien prezioen anomalien adierazlea,,Bizkaia,Aurkibidea,0.3
2009,Elikagaien prezioen anomalien adierazlea,,Bizkaia,Aurkibidea,-1.0
2013,Elikagaien prezioen anomalien adierazlea,,Bizkaia,Aurkibidea,-0.2
2020,Elikagaien prezioen anomalien adierazlea,,Bizkaia,Aurkibidea,-0.1
2024,Elikagaien prezioen anomalien adierazlea,,Bizkaia,Aurkibidea,0.3
2006,Elikagaien prezioen anomalien adierazlea,,Bizkaia,Aurkibidea,0.2
2012,Elikagaien prezioen anomalien adierazlea,,Bizkaia,Aurkibidea,0.0
2015,Elikagaien prezioen anomalien adierazlea,,Gipuzkoa,Aurkibidea,-0.3
2017,Elikagaien prezioen anomalien adierazlea,,Gipuzkoa,Aurkibidea,-0.5
2003,Elikagaien prezioen anomalien adierazlea,,Gipuzkoa,Aurkibidea,0.4
2010,Elikagaien prezioen anomalien adierazlea,,Gipuzkoa,Aurkibidea,-1.0
2020,Elikagaien prezioen anomalien adierazlea,,Gipuzkoa,Aurkibidea,-0.3
2019,Elikagaien prezioen anomalien adierazlea,,Gipuzkoa,Aurkibidea,-0.5
2024,Elikagaien prezioen anomalien adierazlea,,Gipuzkoa,Aurkibidea,0.1
2018,Elikagaien prezioen anomalien adierazlea,,Gipuzkoa,Aurkibidea,-0.4
2023,Elikagaien prezioen anomalien adierazlea,,Gipuzkoa,Aurkibidea,1.9
2004,Elikagaien prezioen anomalien adierazlea,,Gipuzkoa,Aurkibidea,0.3
2016,Elikagaien prezioen anomalien adierazlea,,Gipuzkoa,Aurkibidea,-0.5
2011,Elikagaien prezioen anomalien adierazlea,,Gipuzkoa,Aurkibidea,-0.4
2013,Elikagaien prezioen anomalien adierazlea,,Gipuzkoa,Aurkibidea,-0.2
2009,Elikagaien prezioen anomalien adierazlea,,Gipuzkoa,Aurkibidea,-1.0
2022,Elikagaien prezioen anomalien adierazlea,,Gipuzkoa,Aurkibidea,2.6
2012,Elikagaien prezioen anomalien adierazlea,,Gipuzkoa,Aurkibidea,0.0
2021,Elikagaien prezioen anomalien adierazlea,,Gipuzkoa,Aurkibidea,-0.3
2008,Elikagaien prezioen anomalien adierazlea,,Gipuzkoa,Aurkibidea,0.7
2007,Elikagaien prezioen anomalien adierazlea,,Gipuzkoa,Aurkibidea,0.5
2005,Elikagaien prezioen anomalien adierazlea,,Gipuzkoa,Aurkibidea,0.1
2006,Elikagaien prezioen anomalien adierazlea,,Gipuzkoa,Aurkibidea,0.2
2014,Elikagaien prezioen anomalien adierazlea,,Gipuzkoa,Aurkibidea,-0.9
2012,Elikagaien prezioen anomalien adierazlea,Ogia,,Aurkibidea,-0.3
2004,Elikagaien prezioen anomalien adierazlea,Ogia,,Aurkibidea,1.0
2020,Elikagaien prezioen anomalien adierazlea,Ogia,,Aurkibidea,-0.3
2008,Elikagaien prezioen anomalien adierazlea,Ogia,,Aurkibidea,0.9
2003,Elikagaien prezioen anomalien adierazlea,Ogia,,Aurkibidea,0.8
2010,Elikagaien prezioen anomalien adierazlea,Ogia,,Aurkibidea,-0.6
2024,Elikagaien prezioen anomalien adierazlea,Ogia,,Aurkibidea,0.0
2014,Elikagaien prezioen anomalien adierazlea,Ogia,,Aurkibidea,-0.8
2016,Elikagaien prezioen anomalien adierazlea,Ogia,,Aurkibidea,-0.9
2009,Elikagaien prezioen anomalien adierazlea,Ogia,,Aurkibidea,-0.6
2005,Elikagaien prezioen anomalien adierazlea,Ogia,,Aurkibidea,0.6
2018,Elikagaien prezioen anomalien adierazlea,Ogia,,Aurkibidea,-0.3
2015,Elikagaien prezioen anomalien adierazlea,Ogia,,Aurkibidea,-0.7
2013,Elikagaien prezioen anomalien adierazlea,Ogia,,Aurkibidea,-0.6
2019,Elikagaien prezioen anomalien adierazlea,Ogia,,Aurkibidea,0.1
2006,Elikagaien prezioen anomalien adierazlea,Ogia,,Aurkibidea,0.3
2022,Elikagaien prezioen anomalien adierazlea,Ogia,,Aurkibidea,2.0
2023,Elikagaien prezioen anomalien adierazlea,Ogia,,Aurkibidea,0.6
2021,Elikagaien prezioen anomalien adierazlea,Ogia,,Aurkibidea,-0.9
2011,Elikagaien prezioen anomalien adierazlea,Ogia,,Aurkibidea,-0.1
2017,Elikagaien prezioen anomalien adierazlea,Ogia,,Aurkibidea,-1.0
2007,Elikagaien prezioen anomalien adierazlea,Ogia,,Aurkibidea,1.3
2010,Elikagaien prezioen anomalien adierazlea,Zerealak eta deribatuak,,Aurkibidea,-0.7
2003,Elikagaien prezioen anomalien adierazlea,Zerealak eta deribatuak,,Aurkibidea,-0.4
2014,Elikagaien prezioen anomalien adierazlea,Zerealak eta deribatuak,,Aurkibidea,-0.8
2007,Elikagaien prezioen anomalien adierazlea,Zerealak eta deribatuak,,Aurkibidea,0.1
2004,Elikagaien prezioen anomalien adierazlea,Zerealak eta deribatuak,,Aurkibidea,-0.2
2022,Elikagaien prezioen anomalien adierazlea,Zerealak eta deribatuak,,Aurkibidea,2.6
2009,Elikagaien prezioen anomalien adierazlea,Zerealak eta deribatuak,,Aurkibidea,-0.4
2011,Elikagaien prezioen anomalien adierazlea,Zerealak eta deribatuak,,Aurkibidea,0.3
2020,Elikagaien prezioen anomalien adierazlea,Zerealak eta deribatuak,,Aurkibidea,-0.3
2015,Elikagaien prezioen anomalien adierazlea,Zerealak eta deribatuak,,Aurkibidea,-0.5
2021,Elikagaien prezioen anomalien adierazlea,Zerealak eta deribatuak,,Aurkibidea,-0.1
2013,Elikagaien prezioen anomalien adierazlea,Zerealak eta deribatuak,,Aurkibidea,-0.1
2016,Elikagaien prezioen anomalien adierazlea,Zerealak eta deribatuak,,Aurkibidea,-0.2
2024,Elikagaien prezioen anomalien adierazlea,Zerealak eta deribatuak,,Aurkibidea,0.0
2005,Elikagaien prezioen anomalien adierazlea,Zerealak eta deribatuak,,Aurkibidea,-0.2
2018,Elikagaien prezioen anomalien adierazlea,Zerealak eta deribatuak,,Aurkibidea,-0.2
2019,Elikagaien prezioen anomalien adierazlea,Zerealak eta deribatuak,,Aurkibidea,-0.4
2012,Elikagaien prezioen anomalien adierazlea,Zerealak eta deribatuak,,Aurkibidea,-0.1
2008,Elikagaien prezioen anomalien adierazlea,Zerealak eta deribatuak,,Aurkibidea,1.2
2017,Elikagaien prezioen anomalien adierazlea,Zerealak eta deribatuak,,Aurkibidea,-0.7
2006,Elikagaien prezioen anomalien adierazlea,Zerealak eta deribatuak,,Aurkibidea,-0.1
2023,Elikagaien prezioen anomalien adierazlea,Zerealak eta deribatuak,,Aurkibidea,1.6
2016,Elikagaien prezioen anomalien adierazlea,Arrautzak,,Aurkibidea,-0.6
2020,Elikagaien prezioen anomalien adierazlea,Arrautzak,,Aurkibidea,-0.4
2019,Elikagaien prezioen anomalien adierazlea,Arrautzak,,Aurkibidea,-0.4
2017,Elikagaien prezioen anomalien adierazlea,Arrautzak,,Aurkibidea,-0.5
2021,Elikagaien prezioen anomalien adierazlea,Arrautzak,,Aurkibidea,-0.1
2015,Elikagaien prezioen anomalien adierazlea,Arrautzak,,Aurkibidea,-0.5
2014,Elikagaien prezioen anomalien adierazlea,Arrautzak,,Aurkibidea,-0.7
2022,Elikagaien prezioen anomalien adierazlea,Arrautzak,,Aurkibidea,1.9
2024,Elikagaien prezioen anomalien adierazlea,Arrautzak,,Aurkibidea,-0.3
2013,Elikagaien prezioen anomalien adierazlea,Arrautzak,,Aurkibidea,0.1
2004,Elikagaien prezioen anomalien adierazlea,Arrautzak,,Aurkibidea,0.6
2006,Elikagaien prezioen anomalien adierazlea,Arrautzak,,Aurkibidea,-0.4
2003,Elikagaien prezioen anomalien adierazlea,Arrautzak,,Aurkibidea,0.6
2018,Elikagaien prezioen anomalien adierazlea,Arrautzak,,Aurkibidea,0.2
2007,Elikagaien prezioen anomalien adierazlea,Arrautzak,,Aurkibidea,0.6
2011,Elikagaien prezioen anomalien adierazlea,Arrautzak,,Aurkibidea,-0.3
2009,Elikagaien prezioen anomalien adierazlea,Arrautzak,,Aurkibidea,-0.5
2012,Elikagaien prezioen anomalien adierazlea,Arrautzak,,Aurkibidea,1.3
2010,Elikagaien prezioen anomalien adierazlea,Arrautzak,,Aurkibidea,-0.6
2005,Elikagaien prezioen anomalien adierazlea,Arrautzak,,Aurkibidea,-0.8
2008,Elikagaien prezioen anomalien adierazlea,Arrautzak,,Aurkibidea,0.6
2023,Elikagaien prezioen anomalien adierazlea,Arrautzak,,Aurkibidea,0.5
2016,Elikagaien prezioen anomalien adierazlea,Esnea,,Aurkibidea,-0.7
2006,Elikagaien prezioen anomalien adierazlea,Esnea,,Aurkibidea,0.1
2004,Elikagaien prezioen anomalien adierazlea,Esnea,,Aurkibidea,0.2
2008,Elikagaien prezioen anomalien adierazlea,Esnea,,Aurkibidea,0.8
2010,Elikagaien prezioen anomalien adierazlea,Esnea,,Aurkibidea,-1.1
2003,Elikagaien prezioen anomalien adierazlea,Esnea,,Aurkibidea,0.1
2007,Elikagaien prezioen anomalien adierazlea,Esnea,,Aurkibidea,1.1
2014,Elikagaien prezioen anomalien adierazlea,Esnea,,Aurkibidea,-0.2
2013,Elikagaien prezioen anomalien adierazlea,Esnea,,Aurkibidea,-0.1
2020,Elikagaien prezioen anomalien adierazlea,Esnea,,Aurkibidea,-0.2
2012,Elikagaien prezioen anomalien adierazlea,Esnea,,Aurkibidea,0.0
2022,Elikagaien prezioen anomalien adierazlea,Esnea,,Aurkibidea,2.1
2011,Elikagaien prezioen anomalien adierazlea,Esnea,,Aurkibidea,-0.3
2021,Elikagaien prezioen anomalien adierazlea,Esnea,,Aurkibidea,-0.1
2017,Elikagaien prezioen anomalien adierazlea,Esnea,,Aurkibidea,-0.4
2024,Elikagaien prezioen anomalien adierazlea,Esnea,,Aurkibidea,-0.4
2009,Elikagaien prezioen anomalien adierazlea,Esnea,,Aurkibidea,-0.9
2023,Elikagaien prezioen anomalien adierazlea,Esnea,,Aurkibidea,1.3
2019,Elikagaien prezioen anomalien adierazlea,Esnea,,Aurkibidea,-0.2
2005,Elikagaien prezioen anomalien adierazlea,Esnea,,Aurkibidea,0.0
2018,Elikagaien prezioen anomalien adierazlea,Esnea,,Aurkibidea,-0.4
2015,Elikagaien prezioen anomalien adierazlea,Esnea,,Aurkibidea,-0.5
2004,Elikagaien prezioen anomalien adierazlea,Olioak eta koipeak,,Aurkibidea,0.4
2008,Elikagaien prezioen anomalien adierazlea,Olioak eta koipeak,,Aurkibidea,-0.2
2022,Elikagaien prezioen anomalien adierazlea,Olioak eta koipeak,,Aurkibidea,1.4
2017,Elikagaien prezioen anomalien adierazlea,Olioak eta koipeak,,Aurkibidea,-0.2
2013,Elikagaien prezioen anomalien adierazlea,Olioak eta koipeak,,Aurkibidea,0.4
2023,Elikagaien prezioen anomalien adierazlea,Olioak eta koipeak,,Aurkibidea,1.3
2007,Elikagaien prezioen anomalien adierazlea,Olioak eta koipeak,,Aurkibidea,-1.1
2019,Elikagaien prezioen anomalien adierazlea,Olioak eta koipeak,,Aurkibidea,-1.0
2020,Elikagaien prezioen anomalien adierazlea,Olioak eta koipeak,,Aurkibidea,-0.6
2016,Elikagaien prezioen anomalien adierazlea,Olioak eta koipeak,,Aurkibidea,0.0
2011,Elikagaien prezioen anomalien adierazlea,Olioak eta koipeak,,Aurkibidea,-0.3
2024,Elikagaien prezioen anomalien adierazlea,Olioak eta koipeak,,Aurkibidea,0.9
2018,Elikagaien prezioen anomalien adierazlea,Olioak eta koipeak,,Aurkibidea,-0.6
2012,Elikagaien prezioen anomalien adierazlea,Olioak eta koipeak,,Aurkibidea,0.2
2015,Elikagaien prezioen anomalien adierazlea,Olioak eta koipeak,,Aurkibidea,0.8
2005,Elikagaien prezioen anomalien adierazlea,Olioak eta koipeak,,Aurkibidea,0.2
2003,Elikagaien prezioen anomalien adierazlea,Olioak eta koipeak,,Aurkibidea,-0.2
2009,Elikagaien prezioen anomalien adierazlea,Olioak eta koipeak,,Aurkibidea,-0.8
2010,Elikagaien prezioen anomalien adierazlea,Olioak eta koipeak,,Aurkibidea,-0.6
2014,Elikagaien prezioen anomalien adierazlea,Olioak eta koipeak,,Aurkibidea,-0.8
2006,Elikagaien prezioen anomalien adierazlea,Olioak eta koipeak,,Aurkibidea,0.7
2021,Elikagaien prezioen anomalien adierazlea,Olioak eta koipeak,,Aurkibidea,0.6
2020,Elikagaien prezioen anomalien adierazlea,Fruta freskoak,,Aurkibidea,0.7
2012,Elikagaien prezioen anomalien adierazlea,Fruta freskoak,,Aurkibidea,-0.1
2006,Elikagaien prezioen anomalien adierazlea,Fruta freskoak,,Aurkibidea,-0.8
2010,Elikagaien prezioen anomalien adierazlea,Fruta freskoak,,Aurkibidea,-0.7
2024,Elikagaien prezioen anomalien adierazlea,Fruta freskoak,,Aurkibidea,0.1
2015,Elikagaien prezioen anomalien adierazlea,Fruta freskoak,,Aurkibidea,-0.3
2003,Elikagaien prezioen anomalien adierazlea,Fruta freskoak,,Aurkibidea,0.7
2021,Elikagaien prezioen anomalien adierazlea,Fruta freskoak,,Aurkibidea,0.1
2013,Elikagaien prezioen anomalien adierazlea,Fruta freskoak,,Aurkibidea,0.6
2009,Elikagaien prezioen anomalien adierazlea,Fruta freskoak,,Aurkibidea,-0.4
2008,Elikagaien prezioen anomalien adierazlea,Fruta freskoak,,Aurkibidea,0.6
2022,Elikagaien prezioen anomalien adierazlea,Fruta freskoak,,Aurkibidea,0.7
2019,Elikagaien prezioen anomalien adierazlea,Fruta freskoak,,Aurkibidea,-0.5
2011,Elikagaien prezioen anomalien adierazlea,Fruta freskoak,,Aurkibidea,-0.4
2007,Elikagaien prezioen anomalien adierazlea,Fruta freskoak,,Aurkibidea,-0.2
2018,Elikagaien prezioen anomalien adierazlea,Fruta freskoak,,Aurkibidea,0.0
2005,Elikagaien prezioen anomalien adierazlea,Fruta freskoak,,Aurkibidea,0.1
2016,Elikagaien prezioen anomalien adierazlea,Fruta freskoak,,Aurkibidea,-0.2
2017,Elikagaien prezioen anomalien adierazlea,Fruta freskoak,,Aurkibidea,0.4
2014,Elikagaien prezioen anomalien adierazlea,Fruta freskoak,,Aurkibidea,-0.8
2004,Elikagaien prezioen anomalien adierazlea,Fruta freskoak,,Aurkibidea,0.7
2023,Elikagaien prezioen anomalien adierazlea,Fruta freskoak,,Aurkibidea,0.2
2019,Elikagaien prezioen anomalien adierazlea,Lekale eta barazki freskoak,,Aurkibidea,0.1
2011,Elikagaien prezioen anomalien adierazlea,Lekale eta barazki freskoak,,Aurkibidea,-0.7
2023,Elikagaien prezioen anomalien adierazlea,Lekale eta barazki freskoak,,Aurkibidea,0.8
2021,Elikagaien prezioen anomalien adierazlea,Lekale eta barazki freskoak,,Aurkibidea,-0.3
2005,Elikagaien prezioen anomalien adierazlea,Lekale eta barazki freskoak,,Aurkibidea,0.3
2016,Elikagaien prezioen anomalien adierazlea,Lekale eta barazki freskoak,,Aurkibidea,-0.4
2009,Elikagaien prezioen anomalien adierazlea,Lekale eta barazki freskoak,,Aurkibidea,-0.1
2015,Elikagaien prezioen anomalien adierazlea,Lekale eta barazki freskoak,,Aurkibidea,0.5
2020,Elikagaien prezioen anomalien adierazlea,Lekale eta barazki freskoak,,Aurkibidea,0.1
2018,Elikagaien prezioen anomalien adierazlea,Lekale eta barazki freskoak,,Aurkibidea,-0.3
2024,Elikagaien prezioen anomalien adierazlea,Lekale eta barazki freskoak,,Aurkibidea,-0.3
2006,Elikagaien prezioen anomalien adierazlea,Lekale eta barazki freskoak,,Aurkibidea,-0.3
2010,Elikagaien prezioen anomalien adierazlea,Lekale eta barazki freskoak,,Aurkibidea,-0.4
2022,Elikagaien prezioen anomalien adierazlea,Lekale eta barazki freskoak,,Aurkibidea,1.4
2007,Elikagaien prezioen anomalien adierazlea,Lekale eta barazki freskoak,,Aurkibidea,0.2
2003,Elikagaien prezioen anomalien adierazlea,Lekale eta barazki freskoak,,Aurkibidea,0.3
2014,Elikagaien prezioen anomalien adierazlea,Lekale eta barazki freskoak,,Aurkibidea,-0.7
2017,Elikagaien prezioen anomalien adierazlea,Lekale eta barazki freskoak,,Aurkibidea,0.7
2008,Elikagaien prezioen anomalien adierazlea,Lekale eta barazki freskoak,,Aurkibidea,0.0
2012,Elikagaien prezioen anomalien adierazlea,Lekale eta barazki freskoak,,Aurkibidea,-0.2
2004,Elikagaien prezioen anomalien adierazlea,Lekale eta barazki freskoak,,Aurkibidea,0.0
2013,Elikagaien prezioen anomalien adierazlea,Lekale eta barazki freskoak,,Aurkibidea,-0.3
2024,Elikagaien prezioaren indizea,,,Aurkibidea,129.1
2019,Elikagaien prezioaren indizea,,,Aurkibidea,95.6
2009,Elikagaien prezioaren indizea,,,Aurkibidea,83.9
2012,Elikagaien prezioaren indizea,,,Aurkibidea,87.3
2021,Elikagaien prezioaren indizea,,,Aurkibidea,100.0
2016,Elikagaien prezioaren indizea,,,Aurkibidea,92.1
2002,Elikagaien prezioaren indizea,,,Aurkibidea,64.9
2004,Elikagaien prezioaren indizea,,,Aurkibidea,70.6
2003,Elikagaien prezioaren indizea,,,Aurkibidea,67.7
2018,Elikagaien prezioaren indizea,,,Aurkibidea,94.7
2011,Elikagaien prezioaren indizea,,,Aurkibidea,85.0
2020,Elikagaien prezioaren indizea,,,Aurkibidea,98.2
2008,Elikagaien prezioaren indizea,,,Aurkibidea,84.1
2023,Elikagaien prezioaren indizea,,,Aurkibidea,123.7
2005,Elikagaien prezioaren indizea,,,Aurkibidea,73.2
2010,Elikagaien prezioaren indizea,,,Aurkibidea,83.3
2015,Elikagaien prezioaren indizea,,,Aurkibidea,90.6
2017,Elikagaien prezioaren indizea,,,Aurkibidea,93.3
2007,Elikagaien prezioaren indizea,,,Aurkibidea,79.1
2013,Elikagaien prezioaren indizea,,,Aurkibidea,89.9
2006,Elikagaien prezioaren indizea,,,Aurkibidea,76.2
2022,Elikagaien prezioaren indizea,,,Aurkibidea,111.4
2014,Elikagaien prezioaren indizea,,,Aurkibidea,89.3
2009,Elikagaien prezioaren indizea,Ogia eta zerealak,,Aurkibidea,92.7
2014,Elikagaien prezioaren indizea,Ogia eta zerealak,,Aurkibidea,97.1
2019,Elikagaien prezioaren indizea,Ogia eta zerealak,,Aurkibidea,98.4
2017,Elikagaien prezioaren indizea,Ogia eta zerealak,,Aurkibidea,95.5
2020,Elikagaien prezioaren indizea,Ogia eta zerealak,,Aurkibidea,99.9
2002,Elikagaien prezioaren indizea,Ogia eta zerealak,,Aurkibidea,70.2
2004,Elikagaien prezioaren indizea,Ogia eta zerealak,,Aurkibidea,75.3
2012,Elikagaien prezioaren indizea,Ogia eta zerealak,,Aurkibidea,97.0
2010,Elikagaien prezioaren indizea,Ogia eta zerealak,,Aurkibidea,92.2
2007,Elikagaien prezioaren indizea,Ogia eta zerealak,,Aurkibidea,84.1
2022,Elikagaien prezioaren indizea,Ogia eta zerealak,,Aurkibidea,113.9
2003,Elikagaien prezioaren indizea,Ogia eta zerealak,,Aurkibidea,72.4
2018,Elikagaien prezioaren indizea,Ogia eta zerealak,,Aurkibidea,96.9
2016,Elikagaien prezioaren indizea,Ogia eta zerealak,,Aurkibidea,97.2
2021,Elikagaien prezioaren indizea,Ogia eta zerealak,,Aurkibidea,100.0
2011,Elikagaien prezioaren indizea,Ogia eta zerealak,,Aurkibidea,95.0
2008,Elikagaien prezioaren indizea,Ogia eta zerealak,,Aurkibidea,91.9
2013,Elikagaien prezioaren indizea,Ogia eta zerealak,,Aurkibidea,98.3
2006,Elikagaien prezioaren indizea,Ogia eta zerealak,,Aurkibidea,80.4
2023,Elikagaien prezioaren indizea,Ogia eta zerealak,,Aurkibidea,126.4
2024,Elikagaien prezioaren indizea,Ogia eta zerealak,,Aurkibidea,129.5
2015,Elikagaien prezioaren indizea,Ogia eta zerealak,,Aurkibidea,96.8
2005,Elikagaien prezioaren indizea,Ogia eta zerealak,,Aurkibidea,78.0
