Year,Sexua,Lurralde historikoa,Units,Value
2019,,,PER_1000_LIVE_BIRTHS,3.57
2021,,,PER_1000_LIVE_BIRTHS,2.95
2023,,,PER_1000_LIVE_BIRTHS,3.12
2020,,,PER_1000_LIVE_BIRTHS,3.05
2022,,,PER_1000_LIVE_BIRTHS,3.59
2010,,,PER_1000_LIVE_BIRTHS,3.5
2016,,,PER_1000_LIVE_BIRTHS,3.18
2013,,,PER_1000_LIVE_BIRTHS,2.77
2014,,,PER_1000_LIVE_BIRTHS,2.89
2017,,,PER_1000_LIVE_BIRTHS,2.75
2015,,,PER_1000_LIVE_BIRTHS,3.45
2011,,,PER_1000_LIVE_BIRTHS,3.35
2012,,,PER_1000_LIVE_BIRTHS,3.17
2018,,,PER_1000_LIVE_BIRTHS,3.6
2010,,Araba / Álava,PER_1000_LIVE_BIRTHS,2.99
2017,,Araba / Álava,PER_1000_LIVE_BIRTHS,3.04
2019,,Araba / Álava,PER_1000_LIVE_BIRTHS,2.34
2013,,Araba / Álava,PER_1000_LIVE_BIRTHS,3.23
2012,,Araba / Álava,PER_1000_LIVE_BIRTHS,3.34
2016,,Araba / Álava,PER_1000_LIVE_BIRTHS,3.25
2023,,Araba / Álava,PER_1000_LIVE_BIRTHS,4.96
2011,,Araba / Álava,PER_1000_LIVE_BIRTHS,3.79
2018,,Araba / Álava,PER_1000_LIVE_BIRTHS,4.47
2022,,Araba / Álava,PER_1000_LIVE_BIRTHS,4.41
2014,,Araba / Álava,PER_1000_LIVE_BIRTHS,3.05
2015,,Araba / Álava,PER_1000_LIVE_BIRTHS,2.53
2020,,Araba / Álava,PER_1000_LIVE_BIRTHS,3.34
2021,,Araba / Álava,PER_1000_LIVE_BIRTHS,3.8
2011,,Bizkaia,PER_1000_LIVE_BIRTHS,3.74
2012,,Bizkaia,PER_1000_LIVE_BIRTHS,3.19
2013,,Bizkaia,PER_1000_LIVE_BIRTHS,2.47
2016,,Bizkaia,PER_1000_LIVE_BIRTHS,3.39
2022,,Bizkaia,PER_1000_LIVE_BIRTHS,3.35
2019,,Bizkaia,PER_1000_LIVE_BIRTHS,3.89
2014,,Bizkaia,PER_1000_LIVE_BIRTHS,2.57
2023,,Bizkaia,PER_1000_LIVE_BIRTHS,3.45
2020,,Bizkaia,PER_1000_LIVE_BIRTHS,3.01
2018,,Bizkaia,PER_1000_LIVE_BIRTHS,3.65
2010,,Bizkaia,PER_1000_LIVE_BIRTHS,4.15
2015,,Bizkaia,PER_1000_LIVE_BIRTHS,4.39
2021,,Bizkaia,PER_1000_LIVE_BIRTHS,2.73
2017,,Bizkaia,PER_1000_LIVE_BIRTHS,2.82
2017,,Gipuzkoa,PER_1000_LIVE_BIRTHS,2.5
2018,,Gipuzkoa,PER_1000_LIVE_BIRTHS,3.11
2022,,Gipuzkoa,PER_1000_LIVE_BIRTHS,3.55
2013,,Gipuzkoa,PER_1000_LIVE_BIRTHS,3.02
2021,,Gipuzkoa,PER_1000_LIVE_BIRTHS,2.84
2010,,Gipuzkoa,PER_1000_LIVE_BIRTHS,2.77
2019,,Gipuzkoa,PER_1000_LIVE_BIRTHS,3.7
2015,,Gipuzkoa,PER_1000_LIVE_BIRTHS,2.52
2016,,Gipuzkoa,PER_1000_LIVE_BIRTHS,2.66
2011,,Gipuzkoa,PER_1000_LIVE_BIRTHS,2.55
2012,,Gipuzkoa,PER_1000_LIVE_BIRTHS,3.04
2020,,Gipuzkoa,PER_1000_LIVE_BIRTHS,2.99
2023,,Gipuzkoa,PER_1000_LIVE_BIRTHS,1.75
2014,,Gipuzkoa,PER_1000_LIVE_BIRTHS,3.3
2016,Emakumea,,PER_1000_LIVE_BIRTHS,2.8
2015,Emakumea,,PER_1000_LIVE_BIRTHS,3.4
2013,Emakumea,,PER_1000_LIVE_BIRTHS,2.58
2012,Emakumea,,PER_1000_LIVE_BIRTHS,3.57
2014,Emakumea,,PER_1000_LIVE_BIRTHS,2.84
2022,Emakumea,,PER_1000_LIVE_BIRTHS,2.42
2021,Emakumea,,PER_1000_LIVE_BIRTHS,2.77
2019,Emakumea,,PER_1000_LIVE_BIRTHS,3.33
2017,Emakumea,,PER_1000_LIVE_BIRTHS,2.18
2010,Emakumea,,PER_1000_LIVE_BIRTHS,3.77
2020,Emakumea,,PER_1000_LIVE_BIRTHS,2.82
2018,Emakumea,,PER_1000_LIVE_BIRTHS,3.7
2023,Emakumea,,PER_1000_LIVE_BIRTHS,3.05
2011,Emakumea,,PER_1000_LIVE_BIRTHS,4.23
2022,Emakumea,Araba / Álava,PER_1000_LIVE_BIRTHS,1.83
2018,Emakumea,Araba / Álava,PER_1000_LIVE_BIRTHS,3.08
2020,Emakumea,Araba / Álava,PER_1000_LIVE_BIRTHS,1.72
2010,Emakumea,Araba / Álava,PER_1000_LIVE_BIRTHS,2.49
2021,Emakumea,Araba / Álava,PER_1000_LIVE_BIRTHS,3.53
2019,Emakumea,Araba / Álava,PER_1000_LIVE_BIRTHS,2.39
2017,Emakumea,Araba / Álava,PER_1000_LIVE_BIRTHS,2.73
2015,Emakumea,Araba / Álava,PER_1000_LIVE_BIRTHS,1.31
2016,Emakumea,Araba / Álava,PER_1000_LIVE_BIRTHS,2.62
2013,Emakumea,Araba / Álava,PER_1000_LIVE_BIRTHS,2.03
2012,Emakumea,Araba / Álava,PER_1000_LIVE_BIRTHS,4.5
2011,Emakumea,Araba / Álava,PER_1000_LIVE_BIRTHS,5.34
2014,Emakumea,Araba / Álava,PER_1000_LIVE_BIRTHS,2.5
2023,Emakumea,Araba / Álava,PER_1000_LIVE_BIRTHS,2.86
2022,Emakumea,Bizkaia,PER_1000_LIVE_BIRTHS,2.37
2023,Emakumea,Bizkaia,PER_1000_LIVE_BIRTHS,3.68
2019,Emakumea,Bizkaia,PER_1000_LIVE_BIRTHS,4.02
2018,Emakumea,Bizkaia,PER_1000_LIVE_BIRTHS,4.1
2016,Emakumea,Bizkaia,PER_1000_LIVE_BIRTHS,2.92
2017,Emakumea,Bizkaia,PER_1000_LIVE_BIRTHS,2.44
2014,Emakumea,Bizkaia,PER_1000_LIVE_BIRTHS,2.93
2021,Emakumea,Bizkaia,PER_1000_LIVE_BIRTHS,2.7
2013,Emakumea,Bizkaia,PER_1000_LIVE_BIRTHS,2.75
2012,Emakumea,Bizkaia,PER_1000_LIVE_BIRTHS,3.2
2015,Emakumea,Bizkaia,PER_1000_LIVE_BIRTHS,5.42
2011,Emakumea,Bizkaia,PER_1000_LIVE_BIRTHS,4.72
2010,Emakumea,Bizkaia,PER_1000_LIVE_BIRTHS,4.24
2020,Emakumea,Bizkaia,PER_1000_LIVE_BIRTHS,3.14
2022,Emakumea,Gipuzkoa,PER_1000_LIVE_BIRTHS,2.8
2021,Emakumea,Gipuzkoa,PER_1000_LIVE_BIRTHS,2.51
2020,Emakumea,Gipuzkoa,PER_1000_LIVE_BIRTHS,2.87
2019,Emakumea,Gipuzkoa,PER_1000_LIVE_BIRTHS,2.77
2018,Emakumea,Gipuzkoa,PER_1000_LIVE_BIRTHS,3.41
2017,Emakumea,Gipuzkoa,PER_1000_LIVE_BIRTHS,1.49
2023,Emakumea,Gipuzkoa,PER_1000_LIVE_BIRTHS,2.22
2016,Emakumea,Gipuzkoa,PER_1000_LIVE_BIRTHS,2.73
2015,Emakumea,Gipuzkoa,PER_1000_LIVE_BIRTHS,1.58
2014,Emakumea,Gipuzkoa,PER_1000_LIVE_BIRTHS,2.88
2013,Emakumea,Gipuzkoa,PER_1000_LIVE_BIRTHS,2.61
2012,Emakumea,Gipuzkoa,PER_1000_LIVE_BIRTHS,3.7
2011,Emakumea,Gipuzkoa,PER_1000_LIVE_BIRTHS,2.91
2010,Emakumea,Gipuzkoa,PER_1000_LIVE_BIRTHS,3.66
2021,Gizona,,PER_1000_LIVE_BIRTHS,3.1
2023,Gizona,,PER_1000_LIVE_BIRTHS,3.19
2019,Gizona,,PER_1000_LIVE_BIRTHS,3.8
2013,Gizona,,PER_1000_LIVE_BIRTHS,2.95
2020,Gizona,,PER_1000_LIVE_BIRTHS,3.27
2016,Gizona,,PER_1000_LIVE_BIRTHS,3.43
2015,Gizona,,PER_1000_LIVE_BIRTHS,3.49
2010,Gizona,,PER_1000_LIVE_BIRTHS,3.24
2018,Gizona,,PER_1000_LIVE_BIRTHS,3.52
2017,Gizona,,PER_1000_LIVE_BIRTHS,3.29
2012,Gizona,,PER_1000_LIVE_BIRTHS,2.8
2022,Gizona,,PER_1000_LIVE_BIRTHS,4.7
2014,Gizona,,PER_1000_LIVE_BIRTHS,2.94
2011,Gizona,,PER_1000_LIVE_BIRTHS,2.51
2021,Gizona,Araba / Álava,PER_1000_LIVE_BIRTHS,4.05
2022,Gizona,Araba / Álava,PER_1000_LIVE_BIRTHS,6.8
2012,Gizona,Araba / Álava,PER_1000_LIVE_BIRTHS,2.3
2015,Gizona,Araba / Álava,PER_1000_LIVE_BIRTHS,3.67
2013,Gizona,Araba / Álava,PER_1000_LIVE_BIRTHS,4.33
2020,Gizona,Araba / Álava,PER_1000_LIVE_BIRTHS,4.85
2011,Gizona,Araba / Álava,PER_1000_LIVE_BIRTHS,2.29
2018,Gizona,Araba / Álava,PER_1000_LIVE_BIRTHS,5.77
2016,Gizona,Araba / Álava,PER_1000_LIVE_BIRTHS,3.88
2014,Gizona,Araba / Álava,PER_1000_LIVE_BIRTHS,3.58
2010,Gizona,Araba / Álava,PER_1000_LIVE_BIRTHS,3.45
2023,Gizona,Araba / Álava,PER_1000_LIVE_BIRTHS,6.85
2017,Gizona,Araba / Álava,PER_1000_LIVE_BIRTHS,3.34
2019,Gizona,Araba / Álava,PER_1000_LIVE_BIRTHS,2.29
2023,Gizona,Bizkaia,PER_1000_LIVE_BIRTHS,3.22
2022,Gizona,Bizkaia,PER_1000_LIVE_BIRTHS,4.31
2021,Gizona,Bizkaia,PER_1000_LIVE_BIRTHS,2.76
2020,Gizona,Bizkaia,PER_1000_LIVE_BIRTHS,2.88
2019,Gizona,Bizkaia,PER_1000_LIVE_BIRTHS,3.76
2018,Gizona,Bizkaia,PER_1000_LIVE_BIRTHS,3.22
2016,Gizona,Bizkaia,PER_1000_LIVE_BIRTHS,3.83
2017,Gizona,Bizkaia,PER_1000_LIVE_BIRTHS,3.17
2015,Gizona,Bizkaia,PER_1000_LIVE_BIRTHS,3.47
2014,Gizona,Bizkaia,PER_1000_LIVE_BIRTHS,2.22
2013,Gizona,Bizkaia,PER_1000_LIVE_BIRTHS,2.2
2012,Gizona,Bizkaia,PER_1000_LIVE_BIRTHS,3.19
2011,Gizona,Bizkaia,PER_1000_LIVE_BIRTHS,2.78
2010,Gizona,Bizkaia,PER_1000_LIVE_BIRTHS,4.07
2020,Gizona,Gipuzkoa,PER_1000_LIVE_BIRTHS,3.09
2019,Gizona,Gipuzkoa,PER_1000_LIVE_BIRTHS,4.61
2018,Gizona,Gipuzkoa,PER_1000_LIVE_BIRTHS,2.83
2017,Gizona,Gipuzkoa,PER_1000_LIVE_BIRTHS,3.44
2016,Gizona,Gipuzkoa,PER_1000_LIVE_BIRTHS,2.6
2015,Gizona,Gipuzkoa,PER_1000_LIVE_BIRTHS,3.44
2011,Gizona,Gipuzkoa,PER_1000_LIVE_BIRTHS,2.2
2014,Gizona,Gipuzkoa,PER_1000_LIVE_BIRTHS,3.71
2012,Gizona,Gipuzkoa,PER_1000_LIVE_BIRTHS,2.46
2013,Gizona,Gipuzkoa,PER_1000_LIVE_BIRTHS,3.42
2010,Gizona,Gipuzkoa,PER_1000_LIVE_BIRTHS,1.91
2023,Gizona,Gipuzkoa,PER_1000_LIVE_BIRTHS,1.3
2022,Gizona,Gipuzkoa,PER_1000_LIVE_BIRTHS,4.22
2021,Gizona,Gipuzkoa,PER_1000_LIVE_BIRTHS,3.15
