Year,Sexua,Lurralde historikoa,Units,Value
2019,,,Bizirik jaiotako 1.000 umeko,3.57
2021,,,Bizirik jaiotako 1.000 umeko,2.95
2023,,,Bizirik jaiotako 1.000 umeko,3.12
2020,,,Bizirik jaiotako 1.000 umeko,3.05
2022,,,Bizirik jaiotako 1.000 umeko,3.59
2010,,,Bizirik jaiotako 1.000 umeko,3.5
2016,,,Bizirik jaiotako 1.000 umeko,3.18
2013,,,Bizirik jaiotako 1.000 umeko,2.77
2014,,,Bizirik jaiotako 1.000 umeko,2.89
2017,,,Bizirik jaiotako 1.000 umeko,2.75
2015,,,Bizirik jaiotako 1.000 umeko,3.45
2011,,,Bizirik jaiotako 1.000 umeko,3.35
2012,,,Bizirik jaiotako 1.000 umeko,3.17
2018,,,Bizirik jaiotako 1.000 umeko,3.6
2010,,Araba / Álava,Bizirik jaiotako 1.000 umeko,2.99
2017,,Araba / Álava,Bizirik jaiotako 1.000 umeko,3.04
2019,,Araba / Álava,Bizirik jaiotako 1.000 umeko,2.34
2013,,Araba / Álava,Bizirik jaiotako 1.000 umeko,3.23
2012,,Araba / Álava,Bizirik jaiotako 1.000 umeko,3.34
2016,,Araba / Álava,Bizirik jaiotako 1.000 umeko,3.25
2023,,Araba / Álava,Bizirik jaiotako 1.000 umeko,4.96
2011,,Araba / Álava,Bizirik jaiotako 1.000 umeko,3.79
2018,,Araba / Álava,Bizirik jaiotako 1.000 umeko,4.47
2022,,Araba / Álava,Bizirik jaiotako 1.000 umeko,4.41
2014,,Araba / Álava,Bizirik jaiotako 1.000 umeko,3.05
2015,,Araba / Álava,Bizirik jaiotako 1.000 umeko,2.53
2020,,Araba / Álava,Bizirik jaiotako 1.000 umeko,3.34
2021,,Araba / Álava,Bizirik jaiotako 1.000 umeko,3.8
2011,,Bizkaia,Bizirik jaiotako 1.000 umeko,3.74
2012,,Bizkaia,Bizirik jaiotako 1.000 umeko,3.19
2013,,Bizkaia,Bizirik jaiotako 1.000 umeko,2.47
2016,,Bizkaia,Bizirik jaiotako 1.000 umeko,3.39
2022,,Bizkaia,Bizirik jaiotako 1.000 umeko,3.35
2019,,Bizkaia,Bizirik jaiotako 1.000 umeko,3.89
2014,,Bizkaia,Bizirik jaiotako 1.000 umeko,2.57
2023,,Bizkaia,Bizirik jaiotako 1.000 umeko,3.45
2020,,Bizkaia,Bizirik jaiotako 1.000 umeko,3.01
2018,,Bizkaia,Bizirik jaiotako 1.000 umeko,3.65
2010,,Bizkaia,Bizirik jaiotako 1.000 umeko,4.15
2015,,Bizkaia,Bizirik jaiotako 1.000 umeko,4.39
2021,,Bizkaia,Bizirik jaiotako 1.000 umeko,2.73
2017,,Bizkaia,Bizirik jaiotako 1.000 umeko,2.82
2017,,Gipuzkoa,Bizirik jaiotako 1.000 umeko,2.5
2018,,Gipuzkoa,Bizirik jaiotako 1.000 umeko,3.11
2022,,Gipuzkoa,Bizirik jaiotako 1.000 umeko,3.55
2013,,Gipuzkoa,Bizirik jaiotako 1.000 umeko,3.02
2021,,Gipuzkoa,Bizirik jaiotako 1.000 umeko,2.84
2010,,Gipuzkoa,Bizirik jaiotako 1.000 umeko,2.77
2019,,Gipuzkoa,Bizirik jaiotako 1.000 umeko,3.7
2015,,Gipuzkoa,Bizirik jaiotako 1.000 umeko,2.52
2016,,Gipuzkoa,Bizirik jaiotako 1.000 umeko,2.66
2011,,Gipuzkoa,Bizirik jaiotako 1.000 umeko,2.55
2012,,Gipuzkoa,Bizirik jaiotako 1.000 umeko,3.04
2020,,Gipuzkoa,Bizirik jaiotako 1.000 umeko,2.99
2023,,Gipuzkoa,Bizirik jaiotako 1.000 umeko,1.75
2014,,Gipuzkoa,Bizirik jaiotako 1.000 umeko,3.3
2016,Emakumea,,Bizirik jaiotako 1.000 umeko,2.8
2015,Emakumea,,Bizirik jaiotako 1.000 umeko,3.4
2013,Emakumea,,Bizirik jaiotako 1.000 umeko,2.58
2012,Emakumea,,Bizirik jaiotako 1.000 umeko,3.57
2014,Emakumea,,Bizirik jaiotako 1.000 umeko,2.84
2022,Emakumea,,Bizirik jaiotako 1.000 umeko,2.42
2021,Emakumea,,Bizirik jaiotako 1.000 umeko,2.77
2019,Emakumea,,Bizirik jaiotako 1.000 umeko,3.33
2017,Emakumea,,Bizirik jaiotako 1.000 umeko,2.18
2010,Emakumea,,Bizirik jaiotako 1.000 umeko,3.77
2020,Emakumea,,Bizirik jaiotako 1.000 umeko,2.82
2018,Emakumea,,Bizirik jaiotako 1.000 umeko,3.7
2023,Emakumea,,Bizirik jaiotako 1.000 umeko,3.05
2011,Emakumea,,Bizirik jaiotako 1.000 umeko,4.23
2022,Emakumea,Araba / Álava,Bizirik jaiotako 1.000 umeko,1.83
2018,Emakumea,Araba / Álava,Bizirik jaiotako 1.000 umeko,3.08
2020,Emakumea,Araba / Álava,Bizirik jaiotako 1.000 umeko,1.72
2010,Emakumea,Araba / Álava,Bizirik jaiotako 1.000 umeko,2.49
2021,Emakumea,Araba / Álava,Bizirik jaiotako 1.000 umeko,3.53
2019,Emakumea,Araba / Álava,Bizirik jaiotako 1.000 umeko,2.39
2017,Emakumea,Araba / Álava,Bizirik jaiotako 1.000 umeko,2.73
2015,Emakumea,Araba / Álava,Bizirik jaiotako 1.000 umeko,1.31
2016,Emakumea,Araba / Álava,Bizirik jaiotako 1.000 umeko,2.62
2013,Emakumea,Araba / Álava,Bizirik jaiotako 1.000 umeko,2.03
2012,Emakumea,Araba / Álava,Bizirik jaiotako 1.000 umeko,4.5
2011,Emakumea,Araba / Álava,Bizirik jaiotako 1.000 umeko,5.34
2014,Emakumea,Araba / Álava,Bizirik jaiotako 1.000 umeko,2.5
2023,Emakumea,Araba / Álava,Bizirik jaiotako 1.000 umeko,2.86
2022,Emakumea,Bizkaia,Bizirik jaiotako 1.000 umeko,2.37
2023,Emakumea,Bizkaia,Bizirik jaiotako 1.000 umeko,3.68
2019,Emakumea,Bizkaia,Bizirik jaiotako 1.000 umeko,4.02
2018,Emakumea,Bizkaia,Bizirik jaiotako 1.000 umeko,4.1
2016,Emakumea,Bizkaia,Bizirik jaiotako 1.000 umeko,2.92
2017,Emakumea,Bizkaia,Bizirik jaiotako 1.000 umeko,2.44
2014,Emakumea,Bizkaia,Bizirik jaiotako 1.000 umeko,2.93
2021,Emakumea,Bizkaia,Bizirik jaiotako 1.000 umeko,2.7
2013,Emakumea,Bizkaia,Bizirik jaiotako 1.000 umeko,2.75
2012,Emakumea,Bizkaia,Bizirik jaiotako 1.000 umeko,3.2
2015,Emakumea,Bizkaia,Bizirik jaiotako 1.000 umeko,5.42
2011,Emakumea,Bizkaia,Bizirik jaiotako 1.000 umeko,4.72
2010,Emakumea,Bizkaia,Bizirik jaiotako 1.000 umeko,4.24
2020,Emakumea,Bizkaia,Bizirik jaiotako 1.000 umeko,3.14
2022,Emakumea,Gipuzkoa,Bizirik jaiotako 1.000 umeko,2.8
2021,Emakumea,Gipuzkoa,Bizirik jaiotako 1.000 umeko,2.51
2020,Emakumea,Gipuzkoa,Bizirik jaiotako 1.000 umeko,2.87
2019,Emakumea,Gipuzkoa,Bizirik jaiotako 1.000 umeko,2.77
2018,Emakumea,Gipuzkoa,Bizirik jaiotako 1.000 umeko,3.41
2017,Emakumea,Gipuzkoa,Bizirik jaiotako 1.000 umeko,1.49
2023,Emakumea,Gipuzkoa,Bizirik jaiotako 1.000 umeko,2.22
2016,Emakumea,Gipuzkoa,Bizirik jaiotako 1.000 umeko,2.73
2015,Emakumea,Gipuzkoa,Bizirik jaiotako 1.000 umeko,1.58
2014,Emakumea,Gipuzkoa,Bizirik jaiotako 1.000 umeko,2.88
2013,Emakumea,Gipuzkoa,Bizirik jaiotako 1.000 umeko,2.61
2012,Emakumea,Gipuzkoa,Bizirik jaiotako 1.000 umeko,3.7
2011,Emakumea,Gipuzkoa,Bizirik jaiotako 1.000 umeko,2.91
2010,Emakumea,Gipuzkoa,Bizirik jaiotako 1.000 umeko,3.66
2021,Gizona,,Bizirik jaiotako 1.000 umeko,3.1
2023,Gizona,,Bizirik jaiotako 1.000 umeko,3.19
2019,Gizona,,Bizirik jaiotako 1.000 umeko,3.8
2013,Gizona,,Bizirik jaiotako 1.000 umeko,2.95
2020,Gizona,,Bizirik jaiotako 1.000 umeko,3.27
2016,Gizona,,Bizirik jaiotako 1.000 umeko,3.43
2015,Gizona,,Bizirik jaiotako 1.000 umeko,3.49
2010,Gizona,,Bizirik jaiotako 1.000 umeko,3.24
2018,Gizona,,Bizirik jaiotako 1.000 umeko,3.52
2017,Gizona,,Bizirik jaiotako 1.000 umeko,3.29
2012,Gizona,,Bizirik jaiotako 1.000 umeko,2.8
2022,Gizona,,Bizirik jaiotako 1.000 umeko,4.7
2014,Gizona,,Bizirik jaiotako 1.000 umeko,2.94
2011,Gizona,,Bizirik jaiotako 1.000 umeko,2.51
2021,Gizona,Araba / Álava,Bizirik jaiotako 1.000 umeko,4.05
2022,Gizona,Araba / Álava,Bizirik jaiotako 1.000 umeko,6.8
2012,Gizona,Araba / Álava,Bizirik jaiotako 1.000 umeko,2.3
2015,Gizona,Araba / Álava,Bizirik jaiotako 1.000 umeko,3.67
2013,Gizona,Araba / Álava,Bizirik jaiotako 1.000 umeko,4.33
2020,Gizona,Araba / Álava,Bizirik jaiotako 1.000 umeko,4.85
2011,Gizona,Araba / Álava,Bizirik jaiotako 1.000 umeko,2.29
2018,Gizona,Araba / Álava,Bizirik jaiotako 1.000 umeko,5.77
2016,Gizona,Araba / Álava,Bizirik jaiotako 1.000 umeko,3.88
2014,Gizona,Araba / Álava,Bizirik jaiotako 1.000 umeko,3.58
2010,Gizona,Araba / Álava,Bizirik jaiotako 1.000 umeko,3.45
2023,Gizona,Araba / Álava,Bizirik jaiotako 1.000 umeko,6.85
2017,Gizona,Araba / Álava,Bizirik jaiotako 1.000 umeko,3.34
2019,Gizona,Araba / Álava,Bizirik jaiotako 1.000 umeko,2.29
2023,Gizona,Bizkaia,Bizirik jaiotako 1.000 umeko,3.22
2022,Gizona,Bizkaia,Bizirik jaiotako 1.000 umeko,4.31
2021,Gizona,Bizkaia,Bizirik jaiotako 1.000 umeko,2.76
2020,Gizona,Bizkaia,Bizirik jaiotako 1.000 umeko,2.88
2019,Gizona,Bizkaia,Bizirik jaiotako 1.000 umeko,3.76
2018,Gizona,Bizkaia,Bizirik jaiotako 1.000 umeko,3.22
2016,Gizona,Bizkaia,Bizirik jaiotako 1.000 umeko,3.83
2017,Gizona,Bizkaia,Bizirik jaiotako 1.000 umeko,3.17
2015,Gizona,Bizkaia,Bizirik jaiotako 1.000 umeko,3.47
2014,Gizona,Bizkaia,Bizirik jaiotako 1.000 umeko,2.22
2013,Gizona,Bizkaia,Bizirik jaiotako 1.000 umeko,2.2
2012,Gizona,Bizkaia,Bizirik jaiotako 1.000 umeko,3.19
2011,Gizona,Bizkaia,Bizirik jaiotako 1.000 umeko,2.78
2010,Gizona,Bizkaia,Bizirik jaiotako 1.000 umeko,4.07
2020,Gizona,Gipuzkoa,Bizirik jaiotako 1.000 umeko,3.09
2019,Gizona,Gipuzkoa,Bizirik jaiotako 1.000 umeko,4.61
2018,Gizona,Gipuzkoa,Bizirik jaiotako 1.000 umeko,2.83
2017,Gizona,Gipuzkoa,Bizirik jaiotako 1.000 umeko,3.44
2016,Gizona,Gipuzkoa,Bizirik jaiotako 1.000 umeko,2.6
2015,Gizona,Gipuzkoa,Bizirik jaiotako 1.000 umeko,3.44
2011,Gizona,Gipuzkoa,Bizirik jaiotako 1.000 umeko,2.2
2014,Gizona,Gipuzkoa,Bizirik jaiotako 1.000 umeko,3.71
2012,Gizona,Gipuzkoa,Bizirik jaiotako 1.000 umeko,2.46
2013,Gizona,Gipuzkoa,Bizirik jaiotako 1.000 umeko,3.42
2010,Gizona,Gipuzkoa,Bizirik jaiotako 1.000 umeko,1.91
2023,Gizona,Gipuzkoa,Bizirik jaiotako 1.000 umeko,1.3
2022,Gizona,Gipuzkoa,Bizirik jaiotako 1.000 umeko,4.22
2021,Gizona,Gipuzkoa,Bizirik jaiotako 1.000 umeko,3.15
