Year,Series,Gaixotasun ez-kutsakorra,Sexua,Lurralde historikoa,Eskualdea,Udalerria,Units,GeoCode,Value
2023,Heriotza-tasa,Diabetesa,,,,,100.000 biztanleko,,21.7
2015,Heriotza-tasa,Minbizia,,,,,100.000 biztanleko,,284.0
2019,Hilkortasun goiztiarraren tasa (30-70 urte),"Gaixotasun kardiobaskularrak, arnas gaixotasun kronikoak, minbizia edo diabetesa",,,,,Porcentaje,,9.6
2023,Heriotza-tasa,"Gaixotasun kardiobaskularrak, arnas gaixotasun kronikoak, minbizia edo diabetesa",,,,,100.000 biztanleko,,612.8
2020,Heriotza-tasa,Gaixotasun kardiobaskularrak,,,,,100.000 biztanleko,,255.5
2019,Heriotza-tasa,Gaixotasun kardiobaskularrak,,,,,100.000 biztanleko,,256.3
2016,Heriotza-tasa,Arnas gaixotasun kronikoak,,,,,100.000 biztanleko,,76.3
2018,Heriotza-tasa,Minbizia,,,,,100.000 biztanleko,,281.7
2011,Heriotza-tasa,Diabetesa,,,,,100.000 biztanleko,,22.0
2012,Heriotza-tasa,Diabetesa,,,,,100.000 biztanleko,,21.8
2012,Heriotza-tasa,Arnas gaixotasun kronikoak,,,,,100.000 biztanleko,,71.1
2010,Heriotza-tasa,"Gaixotasun kardiobaskularrak, arnas gaixotasun kronikoak, minbizia edo diabetesa",,,,,100.000 biztanleko,,616.2
2015,Heriotza-tasa,Arnas gaixotasun kronikoak,,,,,100.000 biztanleko,,78.8
2013,Heriotza-tasa,Arnas gaixotasun kronikoak,,,,,100.000 biztanleko,,69.2
2019,Heriotza-tasa,Arnas gaixotasun kronikoak,,,,,100.000 biztanleko,,76.6
2016,Heriotza-tasa,Gaixotasun kardiobaskularrak,,,,,100.000 biztanleko,,263.8
2020,Heriotza-tasa,Arnas gaixotasun kronikoak,,,,,100.000 biztanleko,,56.0
2020,Heriotza-tasa,"Gaixotasun kardiobaskularrak, arnas gaixotasun kronikoak, minbizia edo diabetesa",,,,,100.000 biztanleko,,607.8
2011,Heriotza-tasa,Arnas gaixotasun kronikoak,,,,,100.000 biztanleko,,65.4
2010,Heriotza-tasa,Diabetesa,,,,,100.000 biztanleko,,23.9
2022,Heriotza-tasa,"Gaixotasun kardiobaskularrak, arnas gaixotasun kronikoak, minbizia edo diabetesa",,,,,100.000 biztanleko,,625.9
2019,Heriotza-tasa,Minbizia,,,,,100.000 biztanleko,,277.6
2014,Heriotza-tasa,"Gaixotasun kardiobaskularrak, arnas gaixotasun kronikoak, minbizia edo diabetesa",,,,,100.000 biztanleko,,620.7
2017,Heriotza-tasa,"Gaixotasun kardiobaskularrak, arnas gaixotasun kronikoak, minbizia edo diabetesa",,,,,100.000 biztanleko,,647.2
2014,Heriotza-tasa,Arnas gaixotasun kronikoak,,,,,100.000 biztanleko,,68.7
2017,Heriotza-tasa,Gaixotasun kardiobaskularrak,,,,,100.000 biztanleko,,264.6
2023,Heriotza-tasa,Minbizia,,,,,100.000 biztanleko,,274.9
2022,Heriotza-tasa,Minbizia,,,,,100.000 biztanleko,,282.3
2012,Heriotza-tasa,"Gaixotasun kardiobaskularrak, arnas gaixotasun kronikoak, minbizia edo diabetesa",,,,,100.000 biztanleko,,628.5
2018,Heriotza-tasa,Diabetesa,,,,,100.000 biztanleko,,20.6
2017,Heriotza-tasa,Minbizia,,,,,100.000 biztanleko,,282.4
2016,Heriotza-tasa,Diabetesa,,,,,100.000 biztanleko,,19.5
2014,Heriotza-tasa,Gaixotasun kardiobaskularrak,,,,,100.000 biztanleko,,248.1
2020,Heriotza-tasa,Diabetesa,,,,,100.000 biztanleko,,22.8
2019,Heriotza-tasa,Diabetesa,,,,,100.000 biztanleko,,20.7
2023,Heriotza-tasa,Gaixotasun kardiobaskularrak,,,,,100.000 biztanleko,,257.1
2018,Heriotza-tasa,"Gaixotasun kardiobaskularrak, arnas gaixotasun kronikoak, minbizia edo diabetesa",,,,,100.000 biztanleko,,648.9
2020,Heriotza-tasa,Minbizia,,,,,100.000 biztanleko,,273.5
2014,Heriotza-tasa,Minbizia,,,,,100.000 biztanleko,,283.9
2010,Heriotza-tasa,Gaixotasun kardiobaskularrak,,,,,100.000 biztanleko,,261.3
2012,Heriotza-tasa,Gaixotasun kardiobaskularrak,,,,,100.000 biztanleko,,263.2
2021,Heriotza-tasa,Minbizia,,,,,100.000 biztanleko,,276.7
2018,Heriotza-tasa,Gaixotasun kardiobaskularrak,,,,,100.000 biztanleko,,265.0
2015,Hilkortasun goiztiarraren tasa (30-70 urte),"Gaixotasun kardiobaskularrak, arnas gaixotasun kronikoak, minbizia edo diabetesa",,,,,Porcentaje,,10.3
2015,Heriotza-tasa,Diabetesa,,,,,100.000 biztanleko,,22.2
2010,Hilkortasun goiztiarraren tasa (30-70 urte),"Gaixotasun kardiobaskularrak, arnas gaixotasun kronikoak, minbizia edo diabetesa",,,,,Porcentaje,,11.0
2018,Heriotza-tasa,Arnas gaixotasun kronikoak,,,,,100.000 biztanleko,,81.7
2013,Heriotza-tasa,"Gaixotasun kardiobaskularrak, arnas gaixotasun kronikoak, minbizia edo diabetesa",,,,,100.000 biztanleko,,613.0
2013,Heriotza-tasa,Diabetesa,,,,,100.000 biztanleko,,23.2
2013,Heriotza-tasa,Gaixotasun kardiobaskularrak,,,,,100.000 biztanleko,,248.6
2019,Heriotza-tasa,"Gaixotasun kardiobaskularrak, arnas gaixotasun kronikoak, minbizia edo diabetesa",,,,,100.000 biztanleko,,631.2
2022,Heriotza-tasa,Diabetesa,,,,,100.000 biztanleko,,22.1
2014,Heriotza-tasa,Diabetesa,,,,,100.000 biztanleko,,20.1
2010,Heriotza-tasa,Arnas gaixotasun kronikoak,,,,,100.000 biztanleko,,63.5
2013,Heriotza-tasa,Minbizia,,,,,100.000 biztanleko,,272.0
2011,Heriotza-tasa,Gaixotasun kardiobaskularrak,,,,,100.000 biztanleko,,259.7
2011,Heriotza-tasa,"Gaixotasun kardiobaskularrak, arnas gaixotasun kronikoak, minbizia edo diabetesa",,,,,100.000 biztanleko,,626.2
2021,Heriotza-tasa,Diabetesa,,,,,100.000 biztanleko,,21.0
2021,Heriotza-tasa,Arnas gaixotasun kronikoak,,,,,100.000 biztanleko,,54.6
2017,Heriotza-tasa,Diabetesa,,,,,100.000 biztanleko,,17.4
2021,Heriotza-tasa,"Gaixotasun kardiobaskularrak, arnas gaixotasun kronikoak, minbizia edo diabetesa",,,,,100.000 biztanleko,,622.4
2016,Heriotza-tasa,"Gaixotasun kardiobaskularrak, arnas gaixotasun kronikoak, minbizia edo diabetesa",,,,,100.000 biztanleko,,641.2
2015,Heriotza-tasa,"Gaixotasun kardiobaskularrak, arnas gaixotasun kronikoak, minbizia edo diabetesa",,,,,100.000 biztanleko,,651.4
2012,Heriotza-tasa,Minbizia,,,,,100.000 biztanleko,,272.4
2021,Heriotza-tasa,Gaixotasun kardiobaskularrak,,,,,100.000 biztanleko,,270.2
2015,Heriotza-tasa,Gaixotasun kardiobaskularrak,,,,,100.000 biztanleko,,266.4
2022,Heriotza-tasa,Gaixotasun kardiobaskularrak,,,,,100.000 biztanleko,,263.1
2023,Heriotza-tasa,Arnas gaixotasun kronikoak,,,,,100.000 biztanleko,,59.1
2017,Heriotza-tasa,Arnas gaixotasun kronikoak,,,,,100.000 biztanleko,,82.8
2022,Heriotza-tasa,Arnas gaixotasun kronikoak,,,,,100.000 biztanleko,,58.3
2011,Heriotza-tasa,Minbizia,,,,,100.000 biztanleko,,279.1
2016,Heriotza-tasa,Minbizia,,,,,100.000 biztanleko,,281.6
2010,Heriotza-tasa,Minbizia,,,,,100.000 biztanleko,,267.5
2012,Heriotza-tasa,"Gaixotasun kardiobaskularrak, arnas gaixotasun kronikoak, minbizia edo diabetesa",,Araba / Álava,,,100.000 biztanleko,Araba / Álava,524.5
2014,Heriotza-tasa,Arnas gaixotasun kronikoak,,Araba / Álava,,,100.000 biztanleko,Araba / Álava,57.6
2022,Heriotza-tasa,Gaixotasun kardiobaskularrak,,Araba / Álava,,,100.000 biztanleko,Araba / Álava,218.9
2017,Heriotza-tasa,Diabetesa,,Araba / Álava,,,100.000 biztanleko,Araba / Álava,16.9
2010,Heriotza-tasa,Gaixotasun kardiobaskularrak,,Araba / Álava,,,100.000 biztanleko,Araba / Álava,216.1
2023,Heriotza-tasa,Gaixotasun kardiobaskularrak,,Araba / Álava,,,100.000 biztanleko,Araba / Álava,232.4
2011,Heriotza-tasa,"Gaixotasun kardiobaskularrak, arnas gaixotasun kronikoak, minbizia edo diabetesa",,Araba / Álava,,,100.000 biztanleko,Araba / Álava,539.2
2020,Heriotza-tasa,Diabetesa,,Araba / Álava,,,100.000 biztanleko,Araba / Álava,19.4
2019,Heriotza-tasa,Minbizia,,Araba / Álava,,,100.000 biztanleko,Araba / Álava,250.4
2020,Heriotza-tasa,Arnas gaixotasun kronikoak,,Araba / Álava,,,100.000 biztanleko,Araba / Álava,57.8
2016,Heriotza-tasa,Gaixotasun kardiobaskularrak,,Araba / Álava,,,100.000 biztanleko,Araba / Álava,218.3
2019,Heriotza-tasa,Gaixotasun kardiobaskularrak,,Araba / Álava,,,100.000 biztanleko,Araba / Álava,204.2
2014,Heriotza-tasa,"Gaixotasun kardiobaskularrak, arnas gaixotasun kronikoak, minbizia edo diabetesa",,Araba / Álava,,,100.000 biztanleko,Araba / Álava,496.1
2012,Heriotza-tasa,Arnas gaixotasun kronikoak,,Araba / Álava,,,100.000 biztanleko,Araba / Álava,66.0
2013,Heriotza-tasa,Diabetesa,,Araba / Álava,,,100.000 biztanleko,Araba / Álava,21.2
2016,Heriotza-tasa,Diabetesa,,Araba / Álava,,,100.000 biztanleko,Araba / Álava,17.3
2016,Heriotza-tasa,Minbizia,,Araba / Álava,,,100.000 biztanleko,Araba / Álava,250.5
2018,Heriotza-tasa,"Gaixotasun kardiobaskularrak, arnas gaixotasun kronikoak, minbizia edo diabetesa",,Araba / Álava,,,100.000 biztanleko,Araba / Álava,538.3
2010,Heriotza-tasa,"Gaixotasun kardiobaskularrak, arnas gaixotasun kronikoak, minbizia edo diabetesa",,Araba / Álava,,,100.000 biztanleko,Araba / Álava,521.0
2020,Heriotza-tasa,Gaixotasun kardiobaskularrak,,Araba / Álava,,,100.000 biztanleko,Araba / Álava,190.5
2013,Heriotza-tasa,Gaixotasun kardiobaskularrak,,Araba / Álava,,,100.000 biztanleko,Araba / Álava,206.2
2018,Heriotza-tasa,Diabetesa,,Araba / Álava,,,100.000 biztanleko,Araba / Álava,17.1
2023,Heriotza-tasa,Minbizia,,Araba / Álava,,,100.000 biztanleko,Araba / Álava,241.4
2010,Heriotza-tasa,Minbizia,,Araba / Álava,,,100.000 biztanleko,Araba / Álava,224.0
2021,Heriotza-tasa,Minbizia,,Araba / Álava,,,100.000 biztanleko,Araba / Álava,250.6
2014,Heriotza-tasa,Minbizia,,Araba / Álava,,,100.000 biztanleko,Araba / Álava,234.3
2021,Heriotza-tasa,Arnas gaixotasun kronikoak,,Araba / Álava,,,100.000 biztanleko,Araba / Álava,45.1
2017,Heriotza-tasa,"Gaixotasun kardiobaskularrak, arnas gaixotasun kronikoak, minbizia edo diabetesa",,Araba / Álava,,,100.000 biztanleko,Araba / Álava,567.5
2015,Heriotza-tasa,Gaixotasun kardiobaskularrak,,Araba / Álava,,,100.000 biztanleko,Araba / Álava,220.1
2022,Heriotza-tasa,Arnas gaixotasun kronikoak,,Araba / Álava,,,100.000 biztanleko,Araba / Álava,56.0
2023,Heriotza-tasa,Diabetesa,,Araba / Álava,,,100.000 biztanleko,Araba / Álava,19.5
2011,Heriotza-tasa,Gaixotasun kardiobaskularrak,,Araba / Álava,,,100.000 biztanleko,Araba / Álava,201.4
2017,Heriotza-tasa,Arnas gaixotasun kronikoak,,Araba / Álava,,,100.000 biztanleko,Araba / Álava,68.7
2018,Heriotza-tasa,Arnas gaixotasun kronikoak,,Araba / Álava,,,100.000 biztanleko,Araba / Álava,68.9
2019,Heriotza-tasa,Diabetesa,,Araba / Álava,,,100.000 biztanleko,Araba / Álava,14.0
2017,Heriotza-tasa,Gaixotasun kardiobaskularrak,,Araba / Álava,,,100.000 biztanleko,Araba / Álava,213.2
2018,Heriotza-tasa,Minbizia,,Araba / Álava,,,100.000 biztanleko,Araba / Álava,243.0
2020,Heriotza-tasa,Minbizia,,Araba / Álava,,,100.000 biztanleko,Araba / Álava,224.1
2021,Heriotza-tasa,Gaixotasun kardiobaskularrak,,Araba / Álava,,,100.000 biztanleko,Araba / Álava,217.6
2019,Heriotza-tasa,"Gaixotasun kardiobaskularrak, arnas gaixotasun kronikoak, minbizia edo diabetesa",,Araba / Álava,,,100.000 biztanleko,Araba / Álava,546.4
2012,Heriotza-tasa,Minbizia,,Araba / Álava,,,100.000 biztanleko,Araba / Álava,232.0
2011,Heriotza-tasa,Minbizia,,Araba / Álava,,,100.000 biztanleko,Araba / Álava,257.9
2023,Heriotza-tasa,Arnas gaixotasun kronikoak,,Araba / Álava,,,100.000 biztanleko,Araba / Álava,51.5
2021,Heriotza-tasa,"Gaixotasun kardiobaskularrak, arnas gaixotasun kronikoak, minbizia edo diabetesa",,Araba / Álava,,,100.000 biztanleko,Araba / Álava,536.3
2022,Heriotza-tasa,Minbizia,,Araba / Álava,,,100.000 biztanleko,Araba / Álava,243.6
2016,Heriotza-tasa,"Gaixotasun kardiobaskularrak, arnas gaixotasun kronikoak, minbizia edo diabetesa",,Araba / Álava,,,100.000 biztanleko,Araba / Álava,553.9
2022,Heriotza-tasa,Diabetesa,,Araba / Álava,,,100.000 biztanleko,Araba / Álava,19.6
2019,Heriotza-tasa,Arnas gaixotasun kronikoak,,Araba / Álava,,,100.000 biztanleko,Araba / Álava,77.8
2015,Heriotza-tasa,"Gaixotasun kardiobaskularrak, arnas gaixotasun kronikoak, minbizia edo diabetesa",,Araba / Álava,,,100.000 biztanleko,Araba / Álava,574.1
2013,Heriotza-tasa,Minbizia,,Araba / Álava,,,100.000 biztanleko,Araba / Álava,247.7
2010,Heriotza-tasa,Arnas gaixotasun kronikoak,,Araba / Álava,,,100.000 biztanleko,Araba / Álava,55.4
2016,Heriotza-tasa,Arnas gaixotasun kronikoak,,Araba / Álava,,,100.000 biztanleko,Araba / Álava,67.8
2012,Heriotza-tasa,Gaixotasun kardiobaskularrak,,Araba / Álava,,,100.000 biztanleko,Araba / Álava,207.1
2017,Heriotza-tasa,Minbizia,,Araba / Álava,,,100.000 biztanleko,Araba / Álava,268.7
2013,Heriotza-tasa,Arnas gaixotasun kronikoak,,Araba / Álava,,,100.000 biztanleko,Araba / Álava,71.5
2022,Heriotza-tasa,"Gaixotasun kardiobaskularrak, arnas gaixotasun kronikoak, minbizia edo diabetesa",,Araba / Álava,,,100.000 biztanleko,Araba / Álava,538.1
2013,Heriotza-tasa,"Gaixotasun kardiobaskularrak, arnas gaixotasun kronikoak, minbizia edo diabetesa",,Araba / Álava,,,100.000 biztanleko,Araba / Álava,546.6
2015,Heriotza-tasa,Diabetesa,,Araba / Álava,,,100.000 biztanleko,Araba / Álava,21.1
2012,Heriotza-tasa,Diabetesa,,Araba / Álava,,,100.000 biztanleko,Araba / Álava,19.3
2018,Heriotza-tasa,Gaixotasun kardiobaskularrak,,Araba / Álava,,,100.000 biztanleko,Araba / Álava,209.3
2014,Heriotza-tasa,Gaixotasun kardiobaskularrak,,Araba / Álava,,,100.000 biztanleko,Araba / Álava,191.6
2021,Heriotza-tasa,Diabetesa,,Araba / Álava,,,100.000 biztanleko,Araba / Álava,23.0
2020,Heriotza-tasa,"Gaixotasun kardiobaskularrak, arnas gaixotasun kronikoak, minbizia edo diabetesa",,Araba / Álava,,,100.000 biztanleko,Araba / Álava,491.8
2014,Heriotza-tasa,Diabetesa,,Araba / Álava,,,100.000 biztanleko,Araba / Álava,12.5
2023,Heriotza-tasa,"Gaixotasun kardiobaskularrak, arnas gaixotasun kronikoak, minbizia edo diabetesa",,Araba / Álava,,,100.000 biztanleko,Araba / Álava,544.7
2011,Heriotza-tasa,Diabetesa,,Araba / Álava,,,100.000 biztanleko,Araba / Álava,22.5
2015,Heriotza-tasa,Minbizia,,Araba / Álava,,,100.000 biztanleko,Araba / Álava,263.6
2011,Heriotza-tasa,Arnas gaixotasun kronikoak,,Araba / Álava,,,100.000 biztanleko,Araba / Álava,57.4
2010,Heriotza-tasa,Diabetesa,,Araba / Álava,,,100.000 biztanleko,Araba / Álava,25.5
2015,Heriotza-tasa,Arnas gaixotasun kronikoak,,Araba / Álava,,,100.000 biztanleko,Araba / Álava,69.2
2017,Heriotza-tasa,"Gaixotasun kardiobaskularrak, arnas gaixotasun kronikoak, minbizia edo diabetesa",,Bizkaia,,,100.000 biztanleko,Bizkaia,684.1
2022,Heriotza-tasa,Minbizia,,Bizkaia,,,100.000 biztanleko,Bizkaia,301.6
2016,Heriotza-tasa,Gaixotasun kardiobaskularrak,,Bizkaia,,,100.000 biztanleko,Bizkaia,285.3
2012,Heriotza-tasa,Arnas gaixotasun kronikoak,,Bizkaia,,,100.000 biztanleko,Bizkaia,72.9
2018,Heriotza-tasa,"Gaixotasun kardiobaskularrak, arnas gaixotasun kronikoak, minbizia edo diabetesa",,Bizkaia,,,100.000 biztanleko,Bizkaia,691.0
2023,Heriotza-tasa,Gaixotasun kardiobaskularrak,,Bizkaia,,,100.000 biztanleko,Bizkaia,259.4
2016,Heriotza-tasa,Minbizia,,Bizkaia,,,100.000 biztanleko,Bizkaia,303.7
2012,Heriotza-tasa,Gaixotasun kardiobaskularrak,,Bizkaia,,,100.000 biztanleko,Bizkaia,285.8
2016,Heriotza-tasa,Arnas gaixotasun kronikoak,,Bizkaia,,,100.000 biztanleko,Bizkaia,79.5
2020,Heriotza-tasa,Minbizia,,Bizkaia,,,100.000 biztanleko,Bizkaia,292.3
2015,Heriotza-tasa,Diabetesa,,Bizkaia,,,100.000 biztanleko,Bizkaia,23.8
2020,Heriotza-tasa,Diabetesa,,Bizkaia,,,100.000 biztanleko,Bizkaia,24.4
2013,Heriotza-tasa,Gaixotasun kardiobaskularrak,,Bizkaia,,,100.000 biztanleko,Bizkaia,263.0
2015,Heriotza-tasa,"Gaixotasun kardiobaskularrak, arnas gaixotasun kronikoak, minbizia edo diabetesa",,Bizkaia,,,100.000 biztanleko,Bizkaia,696.8
2015,Heriotza-tasa,Arnas gaixotasun kronikoak,,Bizkaia,,,100.000 biztanleko,Bizkaia,83.8
2013,Heriotza-tasa,Diabetesa,,Bizkaia,,,100.000 biztanleko,Bizkaia,22.4
2020,Heriotza-tasa,"Gaixotasun kardiobaskularrak, arnas gaixotasun kronikoak, minbizia edo diabetesa",,Bizkaia,,,100.000 biztanleko,Bizkaia,651.0
2022,Heriotza-tasa,Arnas gaixotasun kronikoak,,Bizkaia,,,100.000 biztanleko,Bizkaia,61.3
2018,Heriotza-tasa,Arnas gaixotasun kronikoak,,Bizkaia,,,100.000 biztanleko,Bizkaia,89.1
2019,Heriotza-tasa,Gaixotasun kardiobaskularrak,,Bizkaia,,,100.000 biztanleko,Bizkaia,276.2
2014,Heriotza-tasa,Gaixotasun kardiobaskularrak,,Bizkaia,,,100.000 biztanleko,Bizkaia,274.4
2018,Heriotza-tasa,Minbizia,,Bizkaia,,,100.000 biztanleko,Bizkaia,293.8
2012,Heriotza-tasa,Diabetesa,,Bizkaia,,,100.000 biztanleko,Bizkaia,21.8
2022,Heriotza-tasa,Gaixotasun kardiobaskularrak,,Bizkaia,,,100.000 biztanleko,Bizkaia,275.1
2020,Heriotza-tasa,Gaixotasun kardiobaskularrak,,Bizkaia,,,100.000 biztanleko,Bizkaia,277.0
2017,Heriotza-tasa,Gaixotasun kardiobaskularrak,,Bizkaia,,,100.000 biztanleko,Bizkaia,285.9
2014,Heriotza-tasa,Diabetesa,,Bizkaia,,,100.000 biztanleko,Bizkaia,22.3
2019,Heriotza-tasa,"Gaixotasun kardiobaskularrak, arnas gaixotasun kronikoak, minbizia edo diabetesa",,Bizkaia,,,100.000 biztanleko,Bizkaia,676.6
2010,Heriotza-tasa,Minbizia,,Bizkaia,,,100.000 biztanleko,Bizkaia,287.6
2012,Heriotza-tasa,"Gaixotasun kardiobaskularrak, arnas gaixotasun kronikoak, minbizia edo diabetesa",,Bizkaia,,,100.000 biztanleko,Bizkaia,669.6
2018,Heriotza-tasa,Gaixotasun kardiobaskularrak,,Bizkaia,,,100.000 biztanleko,Bizkaia,287.8
2016,Heriotza-tasa,"Gaixotasun kardiobaskularrak, arnas gaixotasun kronikoak, minbizia edo diabetesa",,Bizkaia,,,100.000 biztanleko,Bizkaia,689.2
2013,Heriotza-tasa,Minbizia,,Bizkaia,,,100.000 biztanleko,Bizkaia,285.8
2015,Heriotza-tasa,Minbizia,,Bizkaia,,,100.000 biztanleko,Bizkaia,295.8
2019,Heriotza-tasa,Arnas gaixotasun kronikoak,,Bizkaia,,,100.000 biztanleko,Bizkaia,79.1
2023,Heriotza-tasa,Diabetesa,,Bizkaia,,,100.000 biztanleko,Bizkaia,20.1
2014,Heriotza-tasa,Minbizia,,Bizkaia,,,100.000 biztanleko,Bizkaia,303.4
2013,Heriotza-tasa,Arnas gaixotasun kronikoak,,Bizkaia,,,100.000 biztanleko,Bizkaia,71.0
2017,Heriotza-tasa,Minbizia,,Bizkaia,,,100.000 biztanleko,Bizkaia,291.2
2012,Heriotza-tasa,Minbizia,,Bizkaia,,,100.000 biztanleko,Bizkaia,289.1
2023,Heriotza-tasa,"Gaixotasun kardiobaskularrak, arnas gaixotasun kronikoak, minbizia edo diabetesa",,Bizkaia,,,100.000 biztanleko,Bizkaia,623.5
2021,Heriotza-tasa,Diabetesa,,Bizkaia,,,100.000 biztanleko,Bizkaia,22.1
2014,Heriotza-tasa,Arnas gaixotasun kronikoak,,Bizkaia,,,100.000 biztanleko,Bizkaia,68.9
2017,Heriotza-tasa,Arnas gaixotasun kronikoak,,Bizkaia,,,100.000 biztanleko,Bizkaia,89.0
2021,Heriotza-tasa,Gaixotasun kardiobaskularrak,,Bizkaia,,,100.000 biztanleko,Bizkaia,276.1
2016,Heriotza-tasa,Diabetesa,,Bizkaia,,,100.000 biztanleko,Bizkaia,20.7
2023,Heriotza-tasa,Arnas gaixotasun kronikoak,,Bizkaia,,,100.000 biztanleko,Bizkaia,61.7
2015,Heriotza-tasa,Gaixotasun kardiobaskularrak,,Bizkaia,,,100.000 biztanleko,Bizkaia,293.5
2010,Heriotza-tasa,Gaixotasun kardiobaskularrak,,Bizkaia,,,100.000 biztanleko,Bizkaia,280.5
2017,Heriotza-tasa,Diabetesa,,Bizkaia,,,100.000 biztanleko,Bizkaia,18.0
2011,Heriotza-tasa,Minbizia,,Bizkaia,,,100.000 biztanleko,Bizkaia,291.5
2021,Heriotza-tasa,Minbizia,,Bizkaia,,,100.000 biztanleko,Bizkaia,291.9
2010,Heriotza-tasa,Arnas gaixotasun kronikoak,,Bizkaia,,,100.000 biztanleko,Bizkaia,64.1
2023,Heriotza-tasa,Minbizia,,Bizkaia,,,100.000 biztanleko,Bizkaia,282.4
2019,Heriotza-tasa,Diabetesa,,Bizkaia,,,100.000 biztanleko,Bizkaia,23.4
2013,Heriotza-tasa,"Gaixotasun kardiobaskularrak, arnas gaixotasun kronikoak, minbizia edo diabetesa",,Bizkaia,,,100.000 biztanleko,Bizkaia,642.3
2011,Heriotza-tasa,Diabetesa,,Bizkaia,,,100.000 biztanleko,Bizkaia,21.9
2019,Heriotza-tasa,Minbizia,,Bizkaia,,,100.000 biztanleko,Bizkaia,297.8
2010,Heriotza-tasa,"Gaixotasun kardiobaskularrak, arnas gaixotasun kronikoak, minbizia edo diabetesa",,Bizkaia,,,100.000 biztanleko,Bizkaia,654.2
2018,Heriotza-tasa,Diabetesa,,Bizkaia,,,100.000 biztanleko,Bizkaia,20.4
2014,Heriotza-tasa,"Gaixotasun kardiobaskularrak, arnas gaixotasun kronikoak, minbizia edo diabetesa",,Bizkaia,,,100.000 biztanleko,Bizkaia,669.0
2022,Heriotza-tasa,"Gaixotasun kardiobaskularrak, arnas gaixotasun kronikoak, minbizia edo diabetesa",,Bizkaia,,,100.000 biztanleko,Bizkaia,659.6
2011,Heriotza-tasa,Gaixotasun kardiobaskularrak,,Bizkaia,,,100.000 biztanleko,Bizkaia,282.1
2021,Heriotza-tasa,Arnas gaixotasun kronikoak,,Bizkaia,,,100.000 biztanleko,Bizkaia,57.9
2021,Heriotza-tasa,"Gaixotasun kardiobaskularrak, arnas gaixotasun kronikoak, minbizia edo diabetesa",,Bizkaia,,,100.000 biztanleko,Bizkaia,648.0
2011,Heriotza-tasa,"Gaixotasun kardiobaskularrak, arnas gaixotasun kronikoak, minbizia edo diabetesa",,Bizkaia,,,100.000 biztanleko,Bizkaia,662.9
2022,Heriotza-tasa,Diabetesa,,Bizkaia,,,100.000 biztanleko,Bizkaia,21.6
2020,Heriotza-tasa,Arnas gaixotasun kronikoak,,Bizkaia,,,100.000 biztanleko,Bizkaia,57.2
2010,Heriotza-tasa,Diabetesa,,Bizkaia,,,100.000 biztanleko,Bizkaia,22.0
2011,Heriotza-tasa,Arnas gaixotasun kronikoak,,Bizkaia,,,100.000 biztanleko,Bizkaia,67.4
2010,Heriotza-tasa,"Gaixotasun kardiobaskularrak, arnas gaixotasun kronikoak, minbizia edo diabetesa",,Gipuzkoa,,,100.000 biztanleko,Gipuzkoa,596.9
2011,Heriotza-tasa,Minbizia,,Gipuzkoa,,,100.000 biztanleko,Gipuzkoa,268.4
2018,Heriotza-tasa,"Gaixotasun kardiobaskularrak, arnas gaixotasun kronikoak, minbizia edo diabetesa",,Gipuzkoa,,,100.000 biztanleko,Gipuzkoa,631.8
2017,Heriotza-tasa,"Gaixotasun kardiobaskularrak, arnas gaixotasun kronikoak, minbizia edo diabetesa",,Gipuzkoa,,,100.000 biztanleko,Gipuzkoa,624.4
2018,Heriotza-tasa,Diabetesa,,Gipuzkoa,,,100.000 biztanleko,Gipuzkoa,22.2
2020,Heriotza-tasa,Arnas gaixotasun kronikoak,,Gipuzkoa,,,100.000 biztanleko,Gipuzkoa,53.2
2019,Heriotza-tasa,"Gaixotasun kardiobaskularrak, arnas gaixotasun kronikoak, minbizia edo diabetesa",,Gipuzkoa,,,100.000 biztanleko,Gipuzkoa,597.6
2010,Heriotza-tasa,Arnas gaixotasun kronikoak,,Gipuzkoa,,,100.000 biztanleko,Gipuzkoa,66.3
2018,Heriotza-tasa,Minbizia,,Gipuzkoa,,,100.000 biztanleko,Gipuzkoa,280.0
2012,Heriotza-tasa,Arnas gaixotasun kronikoak,,Gipuzkoa,,,100.000 biztanleko,Gipuzkoa,70.5
2014,Heriotza-tasa,Minbizia,,Gipuzkoa,,,100.000 biztanleko,Gipuzkoa,274.9
2020,Heriotza-tasa,Gaixotasun kardiobaskularrak,,Gipuzkoa,,,100.000 biztanleko,Gipuzkoa,251.1
2011,Heriotza-tasa,Arnas gaixotasun kronikoak,,Gipuzkoa,,,100.000 biztanleko,Gipuzkoa,65.7
2018,Heriotza-tasa,Arnas gaixotasun kronikoak,,Gipuzkoa,,,100.000 biztanleko,Gipuzkoa,75.7
2016,Heriotza-tasa,Minbizia,,Gipuzkoa,,,100.000 biztanleko,Gipuzkoa,260.3
2015,Heriotza-tasa,Gaixotasun kardiobaskularrak,,Gipuzkoa,,,100.000 biztanleko,Gipuzkoa,244.0
2016,Heriotza-tasa,Arnas gaixotasun kronikoak,,Gipuzkoa,,,100.000 biztanleko,Gipuzkoa,75.0
2017,Heriotza-tasa,Diabetesa,,Gipuzkoa,,,100.000 biztanleko,Gipuzkoa,16.7
2016,Heriotza-tasa,Gaixotasun kardiobaskularrak,,Gipuzkoa,,,100.000 biztanleko,Gipuzkoa,249.8
2014,Heriotza-tasa,Arnas gaixotasun kronikoak,,Gipuzkoa,,,100.000 biztanleko,Gipuzkoa,73.5
2013,Heriotza-tasa,Arnas gaixotasun kronikoak,,Gipuzkoa,,,100.000 biztanleko,Gipuzkoa,65.2
2012,Heriotza-tasa,Minbizia,,Gipuzkoa,,,100.000 biztanleko,Gipuzkoa,263.6
2019,Heriotza-tasa,Gaixotasun kardiobaskularrak,,Gipuzkoa,,,100.000 biztanleko,Gipuzkoa,248.3
2021,Heriotza-tasa,Minbizia,,Gipuzkoa,,,100.000 biztanleko,Gipuzkoa,264.4
2019,Heriotza-tasa,Diabetesa,,Gipuzkoa,,,100.000 biztanleko,Gipuzkoa,19.5
2013,Heriotza-tasa,Diabetesa,,Gipuzkoa,,,100.000 biztanleko,Gipuzkoa,25.3
2015,Heriotza-tasa,Minbizia,,Gipuzkoa,,,100.000 biztanleko,Gipuzkoa,274.1
2013,Heriotza-tasa,Minbizia,,Gipuzkoa,,,100.000 biztanleko,Gipuzkoa,260.5
2022,Heriotza-tasa,Diabetesa,,Gipuzkoa,,,100.000 biztanleko,Gipuzkoa,24.1
2022,Heriotza-tasa,Minbizia,,Gipuzkoa,,,100.000 biztanleko,Gipuzkoa,269.7
2022,Heriotza-tasa,Arnas gaixotasun kronikoak,,Gipuzkoa,,,100.000 biztanleko,Gipuzkoa,54.6
2023,Heriotza-tasa,Minbizia,,Gipuzkoa,,,100.000 biztanleko,Gipuzkoa,278.5
2014,Heriotza-tasa,Diabetesa,,Gipuzkoa,,,100.000 biztanleko,Gipuzkoa,19.9
2023,Heriotza-tasa,Arnas gaixotasun kronikoak,,Gipuzkoa,,,100.000 biztanleko,Gipuzkoa,58.7
2016,Heriotza-tasa,Diabetesa,,Gipuzkoa,,,100.000 biztanleko,Gipuzkoa,18.4
2017,Heriotza-tasa,Arnas gaixotasun kronikoak,,Gipuzkoa,,,100.000 biztanleko,Gipuzkoa,79.3
2022,Heriotza-tasa,"Gaixotasun kardiobaskularrak, arnas gaixotasun kronikoak, minbizia edo diabetesa",,Gipuzkoa,,,100.000 biztanleko,Gipuzkoa,613.0
2010,Heriotza-tasa,Minbizia,,Gipuzkoa,,,100.000 biztanleko,Gipuzkoa,254.3
2012,Heriotza-tasa,"Gaixotasun kardiobaskularrak, arnas gaixotasun kronikoak, minbizia edo diabetesa",,Gipuzkoa,,,100.000 biztanleko,Gipuzkoa,608.3
2011,Heriotza-tasa,Gaixotasun kardiobaskularrak,,Gipuzkoa,,,100.000 biztanleko,Gipuzkoa,249.5
2014,Heriotza-tasa,Gaixotasun kardiobaskularrak,,Gipuzkoa,,,100.000 biztanleko,Gipuzkoa,230.9
2012,Heriotza-tasa,Diabetesa,,Gipuzkoa,,,100.000 biztanleko,Gipuzkoa,22.8
2012,Heriotza-tasa,Gaixotasun kardiobaskularrak,,Gipuzkoa,,,100.000 biztanleko,Gipuzkoa,251.4
2018,Heriotza-tasa,Gaixotasun kardiobaskularrak,,Gipuzkoa,,,100.000 biztanleko,Gipuzkoa,253.9
2023,Heriotza-tasa,Gaixotasun kardiobaskularrak,,Gipuzkoa,,,100.000 biztanleko,Gipuzkoa,264.8
2017,Heriotza-tasa,Gaixotasun kardiobaskularrak,,Gipuzkoa,,,100.000 biztanleko,Gipuzkoa,253.9
2019,Heriotza-tasa,Minbizia,,Gipuzkoa,,,100.000 biztanleko,Gipuzkoa,257.9
2021,Heriotza-tasa,Gaixotasun kardiobaskularrak,,Gipuzkoa,,,100.000 biztanleko,Gipuzkoa,284.9
2015,Heriotza-tasa,Arnas gaixotasun kronikoak,,Gipuzkoa,,,100.000 biztanleko,Gipuzkoa,75.2
2021,Heriotza-tasa,Diabetesa,,Gipuzkoa,,,100.000 biztanleko,Gipuzkoa,18.3
2021,Heriotza-tasa,"Gaixotasun kardiobaskularrak, arnas gaixotasun kronikoak, minbizia edo diabetesa",,Gipuzkoa,,,100.000 biztanleko,Gipuzkoa,621.2
2010,Heriotza-tasa,Diabetesa,,Gipuzkoa,,,100.000 biztanleko,Gipuzkoa,26.1
2020,Heriotza-tasa,Minbizia,,Gipuzkoa,,,100.000 biztanleko,Gipuzkoa,266.1
2013,Heriotza-tasa,"Gaixotasun kardiobaskularrak, arnas gaixotasun kronikoak, minbizia edo diabetesa",,Gipuzkoa,,,100.000 biztanleko,Gipuzkoa,595.4
2014,Heriotza-tasa,"Gaixotasun kardiobaskularrak, arnas gaixotasun kronikoak, minbizia edo diabetesa",,Gipuzkoa,,,100.000 biztanleko,Gipuzkoa,599.2
2023,Heriotza-tasa,"Gaixotasun kardiobaskularrak, arnas gaixotasun kronikoak, minbizia edo diabetesa",,Gipuzkoa,,,100.000 biztanleko,Gipuzkoa,627.4
2021,Heriotza-tasa,Arnas gaixotasun kronikoak,,Gipuzkoa,,,100.000 biztanleko,Gipuzkoa,53.6
2010,Heriotza-tasa,Gaixotasun kardiobaskularrak,,Gipuzkoa,,,100.000 biztanleko,Gipuzkoa,250.3
2017,Heriotza-tasa,Minbizia,,Gipuzkoa,,,100.000 biztanleko,Gipuzkoa,274.4
2019,Heriotza-tasa,Arnas gaixotasun kronikoak,,Gipuzkoa,,,100.000 biztanleko,Gipuzkoa,71.9
2022,Heriotza-tasa,Gaixotasun kardiobaskularrak,,Gipuzkoa,,,100.000 biztanleko,Gipuzkoa,264.6
2015,Heriotza-tasa,Diabetesa,,Gipuzkoa,,,100.000 biztanleko,Gipuzkoa,20.3
2013,Heriotza-tasa,Gaixotasun kardiobaskularrak,,Gipuzkoa,,,100.000 biztanleko,Gipuzkoa,244.4
2020,Heriotza-tasa,"Gaixotasun kardiobaskularrak, arnas gaixotasun kronikoak, minbizia edo diabetesa",,Gipuzkoa,,,100.000 biztanleko,Gipuzkoa,592.1
2020,Heriotza-tasa,Diabetesa,,Gipuzkoa,,,100.000 biztanleko,Gipuzkoa,21.7
2011,Heriotza-tasa,"Gaixotasun kardiobaskularrak, arnas gaixotasun kronikoak, minbizia edo diabetesa",,Gipuzkoa,,,100.000 biztanleko,Gipuzkoa,605.6
2023,Heriotza-tasa,Diabetesa,,Gipuzkoa,,,100.000 biztanleko,Gipuzkoa,25.4
2015,Heriotza-tasa,"Gaixotasun kardiobaskularrak, arnas gaixotasun kronikoak, minbizia edo diabetesa",,Gipuzkoa,,,100.000 biztanleko,Gipuzkoa,613.5
2011,Heriotza-tasa,Diabetesa,,Gipuzkoa,,,100.000 biztanleko,Gipuzkoa,22.0
2016,Heriotza-tasa,"Gaixotasun kardiobaskularrak, arnas gaixotasun kronikoak, minbizia edo diabetesa",,Gipuzkoa,,,100.000 biztanleko,Gipuzkoa,603.6
2016,Heriotza-tasa,Gaixotasun kardiobaskularrak,Emakumea,,,,100.000 biztanleko,,269.1
2011,Heriotza-tasa,"Gaixotasun kardiobaskularrak, arnas gaixotasun kronikoak, minbizia edo diabetesa",Emakumea,,,,100.000 biztanleko,,553.0
2019,Heriotza-tasa,Diabetesa,Emakumea,,,,100.000 biztanleko,,22.8
2017,Heriotza-tasa,Gaixotasun kardiobaskularrak,Emakumea,,,,100.000 biztanleko,,271.6
2012,Heriotza-tasa,Minbizia,Emakumea,,,,100.000 biztanleko,,193.8
2014,Heriotza-tasa,Minbizia,Emakumea,,,,100.000 biztanleko,,216.6
2015,Heriotza-tasa,Minbizia,Emakumea,,,,100.000 biztanleko,,218.4
2016,Heriotza-tasa,Diabetesa,Emakumea,,,,100.000 biztanleko,,20.2
2018,Heriotza-tasa,Minbizia,Emakumea,,,,100.000 biztanleko,,213.6
2021,Heriotza-tasa,Minbizia,Emakumea,,,,100.000 biztanleko,,220.5
2017,Heriotza-tasa,"Gaixotasun kardiobaskularrak, arnas gaixotasun kronikoak, minbizia edo diabetesa",Emakumea,,,,100.000 biztanleko,,581.7
2022,Heriotza-tasa,Minbizia,Emakumea,,,,100.000 biztanleko,,228.0
2010,Heriotza-tasa,Gaixotasun kardiobaskularrak,Emakumea,,,,100.000 biztanleko,,262.6
2011,Heriotza-tasa,Diabetesa,Emakumea,,,,100.000 biztanleko,,24.5
2019,Hilkortasun goiztiarraren tasa (30-70 urte),"Gaixotasun kardiobaskularrak, arnas gaixotasun kronikoak, minbizia edo diabetesa",Emakumea,,,,Porcentaje,,6.5
2020,Heriotza-tasa,"Gaixotasun kardiobaskularrak, arnas gaixotasun kronikoak, minbizia edo diabetesa",Emakumea,,,,100.000 biztanleko,,550.5
2010,Heriotza-tasa,Minbizia,Emakumea,,,,100.000 biztanleko,,195.2
2014,Heriotza-tasa,"Gaixotasun kardiobaskularrak, arnas gaixotasun kronikoak, minbizia edo diabetesa",Emakumea,,,,100.000 biztanleko,,556.0
2020,Heriotza-tasa,Diabetesa,Emakumea,,,,100.000 biztanleko,,23.2
2020,Heriotza-tasa,Gaixotasun kardiobaskularrak,Emakumea,,,,100.000 biztanleko,,267.0
2012,Heriotza-tasa,Gaixotasun kardiobaskularrak,Emakumea,,,,100.000 biztanleko,,275.6
2013,Heriotza-tasa,"Gaixotasun kardiobaskularrak, arnas gaixotasun kronikoak, minbizia edo diabetesa",Emakumea,,,,100.000 biztanleko,,538.5
2021,Heriotza-tasa,Diabetesa,Emakumea,,,,100.000 biztanleko,,23.1
2015,Hilkortasun goiztiarraren tasa (30-70 urte),"Gaixotasun kardiobaskularrak, arnas gaixotasun kronikoak, minbizia edo diabetesa",Emakumea,,,,Porcentaje,,6.6
2013,Heriotza-tasa,Gaixotasun kardiobaskularrak,Emakumea,,,,100.000 biztanleko,,252.4
2014,Heriotza-tasa,Diabetesa,Emakumea,,,,100.000 biztanleko,,22.4
2019,Heriotza-tasa,"Gaixotasun kardiobaskularrak, arnas gaixotasun kronikoak, minbizia edo diabetesa",Emakumea,,,,100.000 biztanleko,,567.0
2022,Heriotza-tasa,Gaixotasun kardiobaskularrak,Emakumea,,,,100.000 biztanleko,,272.8
2019,Heriotza-tasa,Gaixotasun kardiobaskularrak,Emakumea,,,,100.000 biztanleko,,260.7
2014,Heriotza-tasa,Arnas gaixotasun kronikoak,Emakumea,,,,100.000 biztanleko,,60.0
2013,Heriotza-tasa,Minbizia,Emakumea,,,,100.000 biztanleko,,199.0
2012,Heriotza-tasa,Diabetesa,Emakumea,,,,100.000 biztanleko,,24.3
2016,Heriotza-tasa,Minbizia,Emakumea,,,,100.000 biztanleko,,215.0
2022,Heriotza-tasa,Diabetesa,Emakumea,,,,100.000 biztanleko,,22.8
2023,Heriotza-tasa,Gaixotasun kardiobaskularrak,Emakumea,,,,100.000 biztanleko,,262.0
2020,Heriotza-tasa,Arnas gaixotasun kronikoak,Emakumea,,,,100.000 biztanleko,,49.8
2011,Heriotza-tasa,Arnas gaixotasun kronikoak,Emakumea,,,,100.000 biztanleko,,53.7
2017,Heriotza-tasa,Diabetesa,Emakumea,,,,100.000 biztanleko,,18.5
2022,Heriotza-tasa,"Gaixotasun kardiobaskularrak, arnas gaixotasun kronikoak, minbizia edo diabetesa",Emakumea,,,,100.000 biztanleko,,573.5
2021,Heriotza-tasa,"Gaixotasun kardiobaskularrak, arnas gaixotasun kronikoak, minbizia edo diabetesa",Emakumea,,,,100.000 biztanleko,,566.5
2010,Hilkortasun goiztiarraren tasa (30-70 urte),"Gaixotasun kardiobaskularrak, arnas gaixotasun kronikoak, minbizia edo diabetesa",Emakumea,,,,Porcentaje,,6.7
2012,Heriotza-tasa,Arnas gaixotasun kronikoak,Emakumea,,,,100.000 biztanleko,,60.5
2016,Heriotza-tasa,"Gaixotasun kardiobaskularrak, arnas gaixotasun kronikoak, minbizia edo diabetesa",Emakumea,,,,100.000 biztanleko,,572.1
2018,Heriotza-tasa,"Gaixotasun kardiobaskularrak, arnas gaixotasun kronikoak, minbizia edo diabetesa",Emakumea,,,,100.000 biztanleko,,580.4
2015,Heriotza-tasa,Gaixotasun kardiobaskularrak,Emakumea,,,,100.000 biztanleko,,275.9
2017,Heriotza-tasa,Arnas gaixotasun kronikoak,Emakumea,,,,100.000 biztanleko,,76.2
2020,Heriotza-tasa,Minbizia,Emakumea,,,,100.000 biztanleko,,210.6
2010,Heriotza-tasa,Diabetesa,Emakumea,,,,100.000 biztanleko,,26.6
2023,Heriotza-tasa,Minbizia,Emakumea,,,,100.000 biztanleko,,213.6
2014,Heriotza-tasa,Gaixotasun kardiobaskularrak,Emakumea,,,,100.000 biztanleko,,257.0
2012,Heriotza-tasa,"Gaixotasun kardiobaskularrak, arnas gaixotasun kronikoak, minbizia edo diabetesa",Emakumea,,,,100.000 biztanleko,,554.2
2013,Heriotza-tasa,Arnas gaixotasun kronikoak,Emakumea,,,,100.000 biztanleko,,60.1
2017,Heriotza-tasa,Minbizia,Emakumea,,,,100.000 biztanleko,,215.4
2015,Heriotza-tasa,Arnas gaixotasun kronikoak,Emakumea,,,,100.000 biztanleko,,68.2
2019,Heriotza-tasa,Arnas gaixotasun kronikoak,Emakumea,,,,100.000 biztanleko,,68.1
2023,Heriotza-tasa,Arnas gaixotasun kronikoak,Emakumea,,,,100.000 biztanleko,,51.7
2011,Heriotza-tasa,Minbizia,Emakumea,,,,100.000 biztanleko,,209.7
2018,Heriotza-tasa,Gaixotasun kardiobaskularrak,Emakumea,,,,100.000 biztanleko,,269.6
2010,Heriotza-tasa,Arnas gaixotasun kronikoak,Emakumea,,,,100.000 biztanleko,,52.5
2015,Heriotza-tasa,"Gaixotasun kardiobaskularrak, arnas gaixotasun kronikoak, minbizia edo diabetesa",Emakumea,,,,100.000 biztanleko,,586.7
2013,Heriotza-tasa,Diabetesa,Emakumea,,,,100.000 biztanleko,,27.0
2023,Heriotza-tasa,"Gaixotasun kardiobaskularrak, arnas gaixotasun kronikoak, minbizia edo diabetesa",Emakumea,,,,100.000 biztanleko,,550.8
2021,Heriotza-tasa,Arnas gaixotasun kronikoak,Emakumea,,,,100.000 biztanleko,,43.8
2015,Heriotza-tasa,Diabetesa,Emakumea,,,,100.000 biztanleko,,24.2
2018,Heriotza-tasa,Arnas gaixotasun kronikoak,Emakumea,,,,100.000 biztanleko,,75.0
2022,Heriotza-tasa,Arnas gaixotasun kronikoak,Emakumea,,,,100.000 biztanleko,,50.0
2023,Heriotza-tasa,Diabetesa,Emakumea,,,,100.000 biztanleko,,23.5
2018,Heriotza-tasa,Diabetesa,Emakumea,,,,100.000 biztanleko,,22.2
2021,Heriotza-tasa,Gaixotasun kardiobaskularrak,Emakumea,,,,100.000 biztanleko,,279.1
2010,Heriotza-tasa,"Gaixotasun kardiobaskularrak, arnas gaixotasun kronikoak, minbizia edo diabetesa",Emakumea,,,,100.000 biztanleko,,536.9
2011,Heriotza-tasa,Gaixotasun kardiobaskularrak,Emakumea,,,,100.000 biztanleko,,265.1
2016,Heriotza-tasa,Arnas gaixotasun kronikoak,Emakumea,,,,100.000 biztanleko,,67.9
2019,Heriotza-tasa,Minbizia,Emakumea,,,,100.000 biztanleko,,215.3
2013,Heriotza-tasa,Gaixotasun kardiobaskularrak,Emakumea,Araba / Álava,,,100.000 biztanleko,Araba / Álava,214.9
2018,Heriotza-tasa,Arnas gaixotasun kronikoak,Emakumea,Araba / Álava,,,100.000 biztanleko,Araba / Álava,62.1
2011,Heriotza-tasa,Arnas gaixotasun kronikoak,Emakumea,Araba / Álava,,,100.000 biztanleko,Araba / Álava,42.3
2016,Heriotza-tasa,Arnas gaixotasun kronikoak,Emakumea,Araba / Álava,,,100.000 biztanleko,Araba / Álava,58.7
2010,Heriotza-tasa,"Gaixotasun kardiobaskularrak, arnas gaixotasun kronikoak, minbizia edo diabetesa",Emakumea,Araba / Álava,,,100.000 biztanleko,Araba / Álava,453.1
2019,Heriotza-tasa,Arnas gaixotasun kronikoak,Emakumea,Araba / Álava,,,100.000 biztanleko,Araba / Álava,64.0
2014,Heriotza-tasa,Diabetesa,Emakumea,Araba / Álava,,,100.000 biztanleko,Araba / Álava,14.8
2020,Heriotza-tasa,Arnas gaixotasun kronikoak,Emakumea,Araba / Álava,,,100.000 biztanleko,Araba / Álava,48.8
2012,Heriotza-tasa,"Gaixotasun kardiobaskularrak, arnas gaixotasun kronikoak, minbizia edo diabetesa",Emakumea,Araba / Álava,,,100.000 biztanleko,Araba / Álava,454.1
2016,Heriotza-tasa,"Gaixotasun kardiobaskularrak, arnas gaixotasun kronikoak, minbizia edo diabetesa",Emakumea,Araba / Álava,,,100.000 biztanleko,Araba / Álava,468.7
2021,Heriotza-tasa,Arnas gaixotasun kronikoak,Emakumea,Araba / Álava,,,100.000 biztanleko,Araba / Álava,37.5
2019,Heriotza-tasa,Diabetesa,Emakumea,Araba / Álava,,,100.000 biztanleko,Araba / Álava,14.9
2013,Heriotza-tasa,Arnas gaixotasun kronikoak,Emakumea,Araba / Álava,,,100.000 biztanleko,Araba / Álava,57.6
2014,Heriotza-tasa,Arnas gaixotasun kronikoak,Emakumea,Araba / Álava,,,100.000 biztanleko,Araba / Álava,48.1
2017,Heriotza-tasa,Arnas gaixotasun kronikoak,Emakumea,Araba / Álava,,,100.000 biztanleko,Araba / Álava,61.3
2021,Heriotza-tasa,Minbizia,Emakumea,Araba / Álava,,,100.000 biztanleko,Araba / Álava,202.8
2017,Heriotza-tasa,"Gaixotasun kardiobaskularrak, arnas gaixotasun kronikoak, minbizia edo diabetesa",Emakumea,Araba / Álava,,,100.000 biztanleko,Araba / Álava,500.8
2023,Heriotza-tasa,Arnas gaixotasun kronikoak,Emakumea,Araba / Álava,,,100.000 biztanleko,Araba / Álava,38.2
2022,Heriotza-tasa,Diabetesa,Emakumea,Araba / Álava,,,100.000 biztanleko,Araba / Álava,17.7
2012,Heriotza-tasa,Diabetesa,Emakumea,Araba / Álava,,,100.000 biztanleko,Araba / Álava,19.2
2016,Heriotza-tasa,Diabetesa,Emakumea,Araba / Álava,,,100.000 biztanleko,Araba / Álava,18.9
2013,Heriotza-tasa,Diabetesa,Emakumea,Araba / Álava,,,100.000 biztanleko,Araba / Álava,19.8
2010,Heriotza-tasa,Diabetesa,Emakumea,Araba / Álava,,,100.000 biztanleko,Araba / Álava,28.2
2022,Heriotza-tasa,Minbizia,Emakumea,Araba / Álava,,,100.000 biztanleko,Araba / Álava,208.2
2011,Heriotza-tasa,"Gaixotasun kardiobaskularrak, arnas gaixotasun kronikoak, minbizia edo diabetesa",Emakumea,Araba / Álava,,,100.000 biztanleko,Araba / Álava,453.0
2023,Heriotza-tasa,Gaixotasun kardiobaskularrak,Emakumea,Araba / Álava,,,100.000 biztanleko,Araba / Álava,247.0
2022,Heriotza-tasa,Gaixotasun kardiobaskularrak,Emakumea,Araba / Álava,,,100.000 biztanleko,Araba / Álava,224.8
2020,Heriotza-tasa,Gaixotasun kardiobaskularrak,Emakumea,Araba / Álava,,,100.000 biztanleko,Araba / Álava,180.4
2021,Heriotza-tasa,Gaixotasun kardiobaskularrak,Emakumea,Araba / Álava,,,100.000 biztanleko,Araba / Álava,201.6
2020,Heriotza-tasa,Diabetesa,Emakumea,Araba / Álava,,,100.000 biztanleko,Araba / Álava,19.1
2018,Heriotza-tasa,Diabetesa,Emakumea,Araba / Álava,,,100.000 biztanleko,Araba / Álava,20.5
2015,Heriotza-tasa,"Gaixotasun kardiobaskularrak, arnas gaixotasun kronikoak, minbizia edo diabetesa",Emakumea,Araba / Álava,,,100.000 biztanleko,Araba / Álava,526.7
2021,Heriotza-tasa,"Gaixotasun kardiobaskularrak, arnas gaixotasun kronikoak, minbizia edo diabetesa",Emakumea,Araba / Álava,,,100.000 biztanleko,Araba / Álava,464.5
2017,Heriotza-tasa,Diabetesa,Emakumea,Araba / Álava,,,100.000 biztanleko,Araba / Álava,20.0
2018,Heriotza-tasa,Gaixotasun kardiobaskularrak,Emakumea,Araba / Álava,,,100.000 biztanleko,Araba / Álava,197.6
2017,Heriotza-tasa,Gaixotasun kardiobaskularrak,Emakumea,Araba / Álava,,,100.000 biztanleko,Araba / Álava,213.1
2018,Heriotza-tasa,"Gaixotasun kardiobaskularrak, arnas gaixotasun kronikoak, minbizia edo diabetesa",Emakumea,Araba / Álava,,,100.000 biztanleko,Araba / Álava,448.8
2015,Heriotza-tasa,Diabetesa,Emakumea,Araba / Álava,,,100.000 biztanleko,Araba / Álava,22.1
2020,Heriotza-tasa,"Gaixotasun kardiobaskularrak, arnas gaixotasun kronikoak, minbizia edo diabetesa",Emakumea,Araba / Álava,,,100.000 biztanleko,Araba / Álava,426.3
2016,Heriotza-tasa,Gaixotasun kardiobaskularrak,Emakumea,Araba / Álava,,,100.000 biztanleko,Araba / Álava,213.9
2013,Heriotza-tasa,"Gaixotasun kardiobaskularrak, arnas gaixotasun kronikoak, minbizia edo diabetesa",Emakumea,Araba / Álava,,,100.000 biztanleko,Araba / Álava,470.1
2015,Heriotza-tasa,Gaixotasun kardiobaskularrak,Emakumea,Araba / Álava,,,100.000 biztanleko,Araba / Álava,224.7
2017,Heriotza-tasa,Minbizia,Emakumea,Araba / Álava,,,100.000 biztanleko,Araba / Álava,206.4
2023,Heriotza-tasa,Minbizia,Emakumea,Araba / Álava,,,100.000 biztanleko,Araba / Álava,191.7
2014,Heriotza-tasa,Gaixotasun kardiobaskularrak,Emakumea,Araba / Álava,,,100.000 biztanleko,Araba / Álava,196.1
2018,Heriotza-tasa,Minbizia,Emakumea,Araba / Álava,,,100.000 biztanleko,Araba / Álava,168.7
2012,Heriotza-tasa,Minbizia,Emakumea,Araba / Álava,,,100.000 biztanleko,Araba / Álava,161.7
2015,Heriotza-tasa,Minbizia,Emakumea,Araba / Álava,,,100.000 biztanleko,Araba / Álava,220.4
2011,Heriotza-tasa,Gaixotasun kardiobaskularrak,Emakumea,Araba / Álava,,,100.000 biztanleko,Araba / Álava,207.2
2019,Heriotza-tasa,Minbizia,Emakumea,Araba / Álava,,,100.000 biztanleko,Araba / Álava,187.7
2011,Heriotza-tasa,Minbizia,Emakumea,Araba / Álava,,,100.000 biztanleko,Araba / Álava,174.2
2010,Heriotza-tasa,Gaixotasun kardiobaskularrak,Emakumea,Araba / Álava,,,100.000 biztanleko,Araba / Álava,224.0
2014,Heriotza-tasa,Minbizia,Emakumea,Araba / Álava,,,100.000 biztanleko,Araba / Álava,178.9
2023,Heriotza-tasa,"Gaixotasun kardiobaskularrak, arnas gaixotasun kronikoak, minbizia edo diabetesa",Emakumea,Araba / Álava,,,100.000 biztanleko,Araba / Álava,496.3
2011,Heriotza-tasa,Diabetesa,Emakumea,Araba / Álava,,,100.000 biztanleko,Araba / Álava,29.2
2019,Heriotza-tasa,"Gaixotasun kardiobaskularrak, arnas gaixotasun kronikoak, minbizia edo diabetesa",Emakumea,Araba / Álava,,,100.000 biztanleko,Araba / Álava,471.7
2020,Heriotza-tasa,Minbizia,Emakumea,Araba / Álava,,,100.000 biztanleko,Araba / Álava,178.0
2010,Heriotza-tasa,Minbizia,Emakumea,Araba / Álava,,,100.000 biztanleko,Araba / Álava,160.0
2022,Heriotza-tasa,"Gaixotasun kardiobaskularrak, arnas gaixotasun kronikoak, minbizia edo diabetesa",Emakumea,Araba / Álava,,,100.000 biztanleko,Araba / Álava,498.7
2012,Heriotza-tasa,Gaixotasun kardiobaskularrak,Emakumea,Araba / Álava,,,100.000 biztanleko,Araba / Álava,227.4
2013,Heriotza-tasa,Minbizia,Emakumea,Araba / Álava,,,100.000 biztanleko,Araba / Álava,177.8
2015,Heriotza-tasa,Arnas gaixotasun kronikoak,Emakumea,Araba / Álava,,,100.000 biztanleko,Araba / Álava,59.5
2022,Heriotza-tasa,Arnas gaixotasun kronikoak,Emakumea,Araba / Álava,,,100.000 biztanleko,Araba / Álava,47.9
2016,Heriotza-tasa,Minbizia,Emakumea,Araba / Álava,,,100.000 biztanleko,Araba / Álava,177.2
2019,Heriotza-tasa,Gaixotasun kardiobaskularrak,Emakumea,Araba / Álava,,,100.000 biztanleko,Araba / Álava,205.0
2014,Heriotza-tasa,"Gaixotasun kardiobaskularrak, arnas gaixotasun kronikoak, minbizia edo diabetesa",Emakumea,Araba / Álava,,,100.000 biztanleko,Araba / Álava,437.9
2010,Heriotza-tasa,Arnas gaixotasun kronikoak,Emakumea,Araba / Álava,,,100.000 biztanleko,Araba / Álava,40.8
2021,Heriotza-tasa,Diabetesa,Emakumea,Araba / Álava,,,100.000 biztanleko,Araba / Álava,22.6
2012,Heriotza-tasa,Arnas gaixotasun kronikoak,Emakumea,Araba / Álava,,,100.000 biztanleko,Araba / Álava,45.8
2023,Heriotza-tasa,Diabetesa,Emakumea,Araba / Álava,,,100.000 biztanleko,Araba / Álava,19.4
2013,Heriotza-tasa,Diabetesa,Emakumea,Bizkaia,,,100.000 biztanleko,Bizkaia,28.5
2012,Heriotza-tasa,Arnas gaixotasun kronikoak,Emakumea,Bizkaia,,,100.000 biztanleko,Bizkaia,60.0
2016,Heriotza-tasa,Gaixotasun kardiobaskularrak,Emakumea,Bizkaia,,,100.000 biztanleko,Bizkaia,295.8
2019,Heriotza-tasa,Diabetesa,Emakumea,Bizkaia,,,100.000 biztanleko,Bizkaia,26.1
2023,Heriotza-tasa,Gaixotasun kardiobaskularrak,Emakumea,Bizkaia,,,100.000 biztanleko,Bizkaia,258.7
2021,Heriotza-tasa,Diabetesa,Emakumea,Bizkaia,,,100.000 biztanleko,Bizkaia,25.7
2023,Heriotza-tasa,Arnas gaixotasun kronikoak,Emakumea,Bizkaia,,,100.000 biztanleko,Bizkaia,53.2
2018,Heriotza-tasa,Arnas gaixotasun kronikoak,Emakumea,Bizkaia,,,100.000 biztanleko,Bizkaia,80.8
2022,Heriotza-tasa,Minbizia,Emakumea,Bizkaia,,,100.000 biztanleko,Bizkaia,245.7
2019,Heriotza-tasa,Arnas gaixotasun kronikoak,Emakumea,Bizkaia,,,100.000 biztanleko,Bizkaia,71.1
2021,Heriotza-tasa,"Gaixotasun kardiobaskularrak, arnas gaixotasun kronikoak, minbizia edo diabetesa",Emakumea,Bizkaia,,,100.000 biztanleko,Bizkaia,591.7
2020,Heriotza-tasa,Minbizia,Emakumea,Bizkaia,,,100.000 biztanleko,Bizkaia,225.3
2011,Heriotza-tasa,Arnas gaixotasun kronikoak,Emakumea,Bizkaia,,,100.000 biztanleko,Bizkaia,53.3
2023,Heriotza-tasa,Minbizia,Emakumea,Bizkaia,,,100.000 biztanleko,Bizkaia,222.4
2016,Heriotza-tasa,Minbizia,Emakumea,Bizkaia,,,100.000 biztanleko,Bizkaia,234.5
2020,Heriotza-tasa,Arnas gaixotasun kronikoak,Emakumea,Bizkaia,,,100.000 biztanleko,Bizkaia,51.6
2014,Heriotza-tasa,Minbizia,Emakumea,Bizkaia,,,100.000 biztanleko,Bizkaia,231.8
2012,Heriotza-tasa,Minbizia,Emakumea,Bizkaia,,,100.000 biztanleko,Bizkaia,205.2
2015,Heriotza-tasa,Minbizia,Emakumea,Bizkaia,,,100.000 biztanleko,Bizkaia,220.2
2017,Heriotza-tasa,Diabetesa,Emakumea,Bizkaia,,,100.000 biztanleko,Bizkaia,19.1
2018,Heriotza-tasa,Minbizia,Emakumea,Bizkaia,,,100.000 biztanleko,Bizkaia,224.1
2022,Heriotza-tasa,Diabetesa,Emakumea,Bizkaia,,,100.000 biztanleko,Bizkaia,23.6
2011,Heriotza-tasa,Minbizia,Emakumea,Bizkaia,,,100.000 biztanleko,Bizkaia,222.7
2023,Heriotza-tasa,"Gaixotasun kardiobaskularrak, arnas gaixotasun kronikoak, minbizia edo diabetesa",Emakumea,Bizkaia,,,100.000 biztanleko,Bizkaia,556.6
2015,Heriotza-tasa,Arnas gaixotasun kronikoak,Emakumea,Bizkaia,,,100.000 biztanleko,Bizkaia,72.3
2016,Heriotza-tasa,Arnas gaixotasun kronikoak,Emakumea,Bizkaia,,,100.000 biztanleko,Bizkaia,68.6
2014,Heriotza-tasa,Arnas gaixotasun kronikoak,Emakumea,Bizkaia,,,100.000 biztanleko,Bizkaia,57.8
2022,Heriotza-tasa,Arnas gaixotasun kronikoak,Emakumea,Bizkaia,,,100.000 biztanleko,Bizkaia,52.3
2022,Heriotza-tasa,Gaixotasun kardiobaskularrak,Emakumea,Bizkaia,,,100.000 biztanleko,Bizkaia,285.4
2013,Heriotza-tasa,Minbizia,Emakumea,Bizkaia,,,100.000 biztanleko,Bizkaia,206.0
2011,Heriotza-tasa,"Gaixotasun kardiobaskularrak, arnas gaixotasun kronikoak, minbizia edo diabetesa",Emakumea,Bizkaia,,,100.000 biztanleko,Bizkaia,583.9
2019,Heriotza-tasa,Minbizia,Emakumea,Bizkaia,,,100.000 biztanleko,Bizkaia,226.5
2015,Heriotza-tasa,"Gaixotasun kardiobaskularrak, arnas gaixotasun kronikoak, minbizia edo diabetesa",Emakumea,Bizkaia,,,100.000 biztanleko,Bizkaia,619.1
2021,Heriotza-tasa,Arnas gaixotasun kronikoak,Emakumea,Bizkaia,,,100.000 biztanleko,Bizkaia,46.9
2019,Heriotza-tasa,"Gaixotasun kardiobaskularrak, arnas gaixotasun kronikoak, minbizia edo diabetesa",Emakumea,Bizkaia,,,100.000 biztanleko,Bizkaia,601.9
2014,Heriotza-tasa,"Gaixotasun kardiobaskularrak, arnas gaixotasun kronikoak, minbizia edo diabetesa",Emakumea,Bizkaia,,,100.000 biztanleko,Bizkaia,605.0
2013,Heriotza-tasa,"Gaixotasun kardiobaskularrak, arnas gaixotasun kronikoak, minbizia edo diabetesa",Emakumea,Bizkaia,,,100.000 biztanleko,Bizkaia,564.5
2010,Heriotza-tasa,Minbizia,Emakumea,Bizkaia,,,100.000 biztanleko,Bizkaia,209.0
2010,Heriotza-tasa,Arnas gaixotasun kronikoak,Emakumea,Bizkaia,,,100.000 biztanleko,Bizkaia,51.0
2015,Heriotza-tasa,Gaixotasun kardiobaskularrak,Emakumea,Bizkaia,,,100.000 biztanleko,Bizkaia,300.9
2021,Heriotza-tasa,Minbizia,Emakumea,Bizkaia,,,100.000 biztanleko,Bizkaia,229.8
2017,Heriotza-tasa,"Gaixotasun kardiobaskularrak, arnas gaixotasun kronikoak, minbizia edo diabetesa",Emakumea,Bizkaia,,,100.000 biztanleko,Bizkaia,614.1
2012,Heriotza-tasa,"Gaixotasun kardiobaskularrak, arnas gaixotasun kronikoak, minbizia edo diabetesa",Emakumea,Bizkaia,,,100.000 biztanleko,Bizkaia,587.6
2017,Heriotza-tasa,Gaixotasun kardiobaskularrak,Emakumea,Bizkaia,,,100.000 biztanleko,Bizkaia,294.9
2013,Heriotza-tasa,Arnas gaixotasun kronikoak,Emakumea,Bizkaia,,,100.000 biztanleko,Bizkaia,61.8
2011,Heriotza-tasa,Gaixotasun kardiobaskularrak,Emakumea,Bizkaia,,,100.000 biztanleko,Bizkaia,286.1
2014,Heriotza-tasa,Gaixotasun kardiobaskularrak,Emakumea,Bizkaia,,,100.000 biztanleko,Bizkaia,289.9
2010,Heriotza-tasa,Gaixotasun kardiobaskularrak,Emakumea,Bizkaia,,,100.000 biztanleko,Bizkaia,278.7
2013,Heriotza-tasa,Gaixotasun kardiobaskularrak,Emakumea,Bizkaia,,,100.000 biztanleko,Bizkaia,268.2
2016,Heriotza-tasa,"Gaixotasun kardiobaskularrak, arnas gaixotasun kronikoak, minbizia edo diabetesa",Emakumea,Bizkaia,,,100.000 biztanleko,Bizkaia,620.9
2019,Heriotza-tasa,Gaixotasun kardiobaskularrak,Emakumea,Bizkaia,,,100.000 biztanleko,Bizkaia,278.1
2022,Heriotza-tasa,"Gaixotasun kardiobaskularrak, arnas gaixotasun kronikoak, minbizia edo diabetesa",Emakumea,Bizkaia,,,100.000 biztanleko,Bizkaia,607.0
2021,Heriotza-tasa,Gaixotasun kardiobaskularrak,Emakumea,Bizkaia,,,100.000 biztanleko,Bizkaia,289.4
2018,Heriotza-tasa,"Gaixotasun kardiobaskularrak, arnas gaixotasun kronikoak, minbizia edo diabetesa",Emakumea,Bizkaia,,,100.000 biztanleko,Bizkaia,620.5
2012,Heriotza-tasa,Gaixotasun kardiobaskularrak,Emakumea,Bizkaia,,,100.000 biztanleko,Bizkaia,298.2
2018,Heriotza-tasa,Diabetesa,Emakumea,Bizkaia,,,100.000 biztanleko,Bizkaia,22.6
2016,Heriotza-tasa,Diabetesa,Emakumea,Bizkaia,,,100.000 biztanleko,Bizkaia,22.0
2014,Heriotza-tasa,Diabetesa,Emakumea,Bizkaia,,,100.000 biztanleko,Bizkaia,25.5
2018,Heriotza-tasa,Gaixotasun kardiobaskularrak,Emakumea,Bizkaia,,,100.000 biztanleko,Bizkaia,292.8
2017,Heriotza-tasa,Arnas gaixotasun kronikoak,Emakumea,Bizkaia,,,100.000 biztanleko,Bizkaia,81.7
2010,Heriotza-tasa,Diabetesa,Emakumea,Bizkaia,,,100.000 biztanleko,Bizkaia,24.9
2015,Heriotza-tasa,Diabetesa,Emakumea,Bizkaia,,,100.000 biztanleko,Bizkaia,25.7
2012,Heriotza-tasa,Diabetesa,Emakumea,Bizkaia,,,100.000 biztanleko,Bizkaia,24.2
2023,Heriotza-tasa,Diabetesa,Emakumea,Bizkaia,,,100.000 biztanleko,Bizkaia,22.4
2017,Heriotza-tasa,Minbizia,Emakumea,Bizkaia,,,100.000 biztanleko,Bizkaia,218.5
2010,Heriotza-tasa,"Gaixotasun kardiobaskularrak, arnas gaixotasun kronikoak, minbizia edo diabetesa",Emakumea,Bizkaia,,,100.000 biztanleko,Bizkaia,563.5
2020,Heriotza-tasa,"Gaixotasun kardiobaskularrak, arnas gaixotasun kronikoak, minbizia edo diabetesa",Emakumea,Bizkaia,,,100.000 biztanleko,Bizkaia,594.9
2020,Heriotza-tasa,Gaixotasun kardiobaskularrak,Emakumea,Bizkaia,,,100.000 biztanleko,Bizkaia,292.8
2011,Heriotza-tasa,Diabetesa,Emakumea,Bizkaia,,,100.000 biztanleko,Bizkaia,21.8
2020,Heriotza-tasa,Diabetesa,Emakumea,Bizkaia,,,100.000 biztanleko,Bizkaia,25.2
2010,Heriotza-tasa,Minbizia,Emakumea,Gipuzkoa,,,100.000 biztanleko,Gipuzkoa,188.0
2012,Heriotza-tasa,Arnas gaixotasun kronikoak,Emakumea,Gipuzkoa,,,100.000 biztanleko,Gipuzkoa,68.0
2017,Heriotza-tasa,"Gaixotasun kardiobaskularrak, arnas gaixotasun kronikoak, minbizia edo diabetesa",Emakumea,Gipuzkoa,,,100.000 biztanleko,Gipuzkoa,565.7
2020,Heriotza-tasa,Arnas gaixotasun kronikoak,Emakumea,Gipuzkoa,,,100.000 biztanleko,Gipuzkoa,47.3
2010,Heriotza-tasa,"Gaixotasun kardiobaskularrak, arnas gaixotasun kronikoak, minbizia edo diabetesa",Emakumea,Gipuzkoa,,,100.000 biztanleko,Gipuzkoa,530.0
2010,Heriotza-tasa,Diabetesa,Emakumea,Gipuzkoa,,,100.000 biztanleko,Gipuzkoa,28.8
2011,Heriotza-tasa,Minbizia,Emakumea,Gipuzkoa,,,100.000 biztanleko,Gipuzkoa,203.9
2017,Heriotza-tasa,Gaixotasun kardiobaskularrak,Emakumea,Gipuzkoa,,,100.000 biztanleko,Gipuzkoa,260.4
2016,Heriotza-tasa,"Gaixotasun kardiobaskularrak, arnas gaixotasun kronikoak, minbizia edo diabetesa",Emakumea,Gipuzkoa,,,100.000 biztanleko,Gipuzkoa,539.6
2011,Heriotza-tasa,"Gaixotasun kardiobaskularrak, arnas gaixotasun kronikoak, minbizia edo diabetesa",Emakumea,Gipuzkoa,,,100.000 biztanleko,Gipuzkoa,546.6
2020,Heriotza-tasa,"Gaixotasun kardiobaskularrak, arnas gaixotasun kronikoak, minbizia edo diabetesa",Emakumea,Gipuzkoa,,,100.000 biztanleko,Gipuzkoa,535.3
2013,Heriotza-tasa,"Gaixotasun kardiobaskularrak, arnas gaixotasun kronikoak, minbizia edo diabetesa",Emakumea,Gipuzkoa,,,100.000 biztanleko,Gipuzkoa,526.4
2011,Heriotza-tasa,Arnas gaixotasun kronikoak,Emakumea,Gipuzkoa,,,100.000 biztanleko,Gipuzkoa,59.6
2012,Heriotza-tasa,"Gaixotasun kardiobaskularrak, arnas gaixotasun kronikoak, minbizia edo diabetesa",Emakumea,Gipuzkoa,,,100.000 biztanleko,Gipuzkoa,543.8
2019,Heriotza-tasa,Minbizia,Emakumea,Gipuzkoa,,,100.000 biztanleko,Gipuzkoa,209.8
2018,Heriotza-tasa,Arnas gaixotasun kronikoak,Emakumea,Gipuzkoa,,,100.000 biztanleko,Gipuzkoa,71.3
2019,Heriotza-tasa,"Gaixotasun kardiobaskularrak, arnas gaixotasun kronikoak, minbizia edo diabetesa",Emakumea,Gipuzkoa,,,100.000 biztanleko,Gipuzkoa,554.0
2015,Heriotza-tasa,Minbizia,Emakumea,Gipuzkoa,,,100.000 biztanleko,Gipuzkoa,214.6
2018,Heriotza-tasa,"Gaixotasun kardiobaskularrak, arnas gaixotasun kronikoak, minbizia edo diabetesa",Emakumea,Gipuzkoa,,,100.000 biztanleko,Gipuzkoa,575.1
2011,Heriotza-tasa,Diabetesa,Emakumea,Gipuzkoa,,,100.000 biztanleko,Gipuzkoa,26.7
2023,Heriotza-tasa,Gaixotasun kardiobaskularrak,Emakumea,Gipuzkoa,,,100.000 biztanleko,Gipuzkoa,274.3
2018,Heriotza-tasa,Gaixotasun kardiobaskularrak,Emakumea,Gipuzkoa,,,100.000 biztanleko,Gipuzkoa,264.5
2016,Heriotza-tasa,Gaixotasun kardiobaskularrak,Emakumea,Gipuzkoa,,,100.000 biztanleko,Gipuzkoa,250.5
2023,Heriotza-tasa,"Gaixotasun kardiobaskularrak, arnas gaixotasun kronikoak, minbizia edo diabetesa",Emakumea,Gipuzkoa,,,100.000 biztanleko,Gipuzkoa,566.4
2022,Heriotza-tasa,Gaixotasun kardiobaskularrak,Emakumea,Gipuzkoa,,,100.000 biztanleko,Gipuzkoa,274.6
2019,Heriotza-tasa,Arnas gaixotasun kronikoak,Emakumea,Gipuzkoa,,,100.000 biztanleko,Gipuzkoa,65.0
2014,Heriotza-tasa,"Gaixotasun kardiobaskularrak, arnas gaixotasun kronikoak, minbizia edo diabetesa",Emakumea,Gipuzkoa,,,100.000 biztanleko,Gipuzkoa,528.7
2021,Heriotza-tasa,"Gaixotasun kardiobaskularrak, arnas gaixotasun kronikoak, minbizia edo diabetesa",Emakumea,Gipuzkoa,,,100.000 biztanleko,Gipuzkoa,572.4
2012,Heriotza-tasa,Gaixotasun kardiobaskularrak,Emakumea,Gipuzkoa,,,100.000 biztanleko,Gipuzkoa,259.8
2023,Heriotza-tasa,Minbizia,Emakumea,Gipuzkoa,,,100.000 biztanleko,Gipuzkoa,209.5
2014,Heriotza-tasa,Gaixotasun kardiobaskularrak,Emakumea,Gipuzkoa,,,100.000 biztanleko,Gipuzkoa,230.5
2015,Heriotza-tasa,Gaixotasun kardiobaskularrak,Emakumea,Gipuzkoa,,,100.000 biztanleko,Gipuzkoa,258.1
2017,Heriotza-tasa,Diabetesa,Emakumea,Gipuzkoa,,,100.000 biztanleko,Gipuzkoa,16.7
2010,Heriotza-tasa,Gaixotasun kardiobaskularrak,Emakumea,Gipuzkoa,,,100.000 biztanleko,Gipuzkoa,253.0
2020,Heriotza-tasa,Gaixotasun kardiobaskularrak,Emakumea,Gipuzkoa,,,100.000 biztanleko,Gipuzkoa,264.7
2012,Heriotza-tasa,Diabetesa,Emakumea,Gipuzkoa,,,100.000 biztanleko,Gipuzkoa,26.6
2013,Heriotza-tasa,Gaixotasun kardiobaskularrak,Emakumea,Gipuzkoa,,,100.000 biztanleko,Gipuzkoa,243.4
2022,Heriotza-tasa,Diabetesa,Emakumea,Gipuzkoa,,,100.000 biztanleko,Gipuzkoa,23.7
2021,Heriotza-tasa,Diabetesa,Emakumea,Gipuzkoa,,,100.000 biztanleko,Gipuzkoa,19.1
2017,Heriotza-tasa,Arnas gaixotasun kronikoak,Emakumea,Gipuzkoa,,,100.000 biztanleko,Gipuzkoa,74.0
2015,Heriotza-tasa,Arnas gaixotasun kronikoak,Emakumea,Gipuzkoa,,,100.000 biztanleko,Gipuzkoa,65.4
2018,Heriotza-tasa,Diabetesa,Emakumea,Gipuzkoa,,,100.000 biztanleko,Gipuzkoa,22.4
2016,Heriotza-tasa,Diabetesa,Emakumea,Gipuzkoa,,,100.000 biztanleko,Gipuzkoa,17.9
2013,Heriotza-tasa,Diabetesa,Emakumea,Gipuzkoa,,,100.000 biztanleko,Gipuzkoa,27.7
2019,Heriotza-tasa,Gaixotasun kardiobaskularrak,Emakumea,Gipuzkoa,,,100.000 biztanleko,Gipuzkoa,257.9
2023,Heriotza-tasa,Arnas gaixotasun kronikoak,Emakumea,Gipuzkoa,,,100.000 biztanleko,Gipuzkoa,55.6
2019,Heriotza-tasa,Diabetesa,Emakumea,Gipuzkoa,,,100.000 biztanleko,Gipuzkoa,21.2
2015,Heriotza-tasa,Diabetesa,Emakumea,Gipuzkoa,,,100.000 biztanleko,Gipuzkoa,22.6
2023,Heriotza-tasa,Diabetesa,Emakumea,Gipuzkoa,,,100.000 biztanleko,Gipuzkoa,27.1
2011,Heriotza-tasa,Gaixotasun kardiobaskularrak,Emakumea,Gipuzkoa,,,100.000 biztanleko,Gipuzkoa,256.3
2020,Heriotza-tasa,Diabetesa,Emakumea,Gipuzkoa,,,100.000 biztanleko,Gipuzkoa,21.7
2022,Heriotza-tasa,Minbizia,Emakumea,Gipuzkoa,,,100.000 biztanleko,Gipuzkoa,208.5
2014,Heriotza-tasa,Diabetesa,Emakumea,Gipuzkoa,,,100.000 biztanleko,Gipuzkoa,20.7
2020,Heriotza-tasa,Minbizia,Emakumea,Gipuzkoa,,,100.000 biztanleko,Gipuzkoa,201.6
2021,Heriotza-tasa,Minbizia,Emakumea,Gipuzkoa,,,100.000 biztanleko,Gipuzkoa,213.6
2016,Heriotza-tasa,Minbizia,Emakumea,Gipuzkoa,,,100.000 biztanleko,Gipuzkoa,200.2
2014,Heriotza-tasa,Minbizia,Emakumea,Gipuzkoa,,,100.000 biztanleko,Gipuzkoa,208.7
2013,Heriotza-tasa,Minbizia,Emakumea,Gipuzkoa,,,100.000 biztanleko,Gipuzkoa,196.9
2022,Heriotza-tasa,"Gaixotasun kardiobaskularrak, arnas gaixotasun kronikoak, minbizia edo diabetesa",Emakumea,Gipuzkoa,,,100.000 biztanleko,Gipuzkoa,553.8
2017,Heriotza-tasa,Minbizia,Emakumea,Gipuzkoa,,,100.000 biztanleko,Gipuzkoa,214.6
2018,Heriotza-tasa,Minbizia,Emakumea,Gipuzkoa,,,100.000 biztanleko,Gipuzkoa,216.9
2012,Heriotza-tasa,Minbizia,Emakumea,Gipuzkoa,,,100.000 biztanleko,Gipuzkoa,189.3
2022,Heriotza-tasa,Arnas gaixotasun kronikoak,Emakumea,Gipuzkoa,,,100.000 biztanleko,Gipuzkoa,47.1
2021,Heriotza-tasa,Arnas gaixotasun kronikoak,Emakumea,Gipuzkoa,,,100.000 biztanleko,Gipuzkoa,41.7
2016,Heriotza-tasa,Arnas gaixotasun kronikoak,Emakumea,Gipuzkoa,,,100.000 biztanleko,Gipuzkoa,71.0
2014,Heriotza-tasa,Arnas gaixotasun kronikoak,Emakumea,Gipuzkoa,,,100.000 biztanleko,Gipuzkoa,68.8
2010,Heriotza-tasa,Arnas gaixotasun kronikoak,Emakumea,Gipuzkoa,,,100.000 biztanleko,Gipuzkoa,60.2
2013,Heriotza-tasa,Arnas gaixotasun kronikoak,Emakumea,Gipuzkoa,,,100.000 biztanleko,Gipuzkoa,58.4
2015,Heriotza-tasa,"Gaixotasun kardiobaskularrak, arnas gaixotasun kronikoak, minbizia edo diabetesa",Emakumea,Gipuzkoa,,,100.000 biztanleko,Gipuzkoa,560.7
2021,Heriotza-tasa,Gaixotasun kardiobaskularrak,Emakumea,Gipuzkoa,,,100.000 biztanleko,Gipuzkoa,298.0
2015,Heriotza-tasa,Diabetesa,Gizona,,,,100.000 biztanleko,,20.2
2019,Heriotza-tasa,"Gaixotasun kardiobaskularrak, arnas gaixotasun kronikoak, minbizia edo diabetesa",Gizona,,,,100.000 biztanleko,,699.3
2011,Heriotza-tasa,Minbizia,Gizona,,,,100.000 biztanleko,,351.9
2023,Heriotza-tasa,Diabetesa,Gizona,,,,100.000 biztanleko,,19.9
2018,Heriotza-tasa,Gaixotasun kardiobaskularrak,Gizona,,,,100.000 biztanleko,,260.1
2013,Heriotza-tasa,Diabetesa,Gizona,,,,100.000 biztanleko,,19.2
2020,Heriotza-tasa,"Gaixotasun kardiobaskularrak, arnas gaixotasun kronikoak, minbizia edo diabetesa",Gizona,,,,100.000 biztanleko,,668.5
2015,Heriotza-tasa,Gaixotasun kardiobaskularrak,Gizona,,,,100.000 biztanleko,,256.4
2018,Heriotza-tasa,Arnas gaixotasun kronikoak,Gizona,,,,100.000 biztanleko,,88.8
2014,Heriotza-tasa,"Gaixotasun kardiobaskularrak, arnas gaixotasun kronikoak, minbizia edo diabetesa",Gizona,,,,100.000 biztanleko,,689.1
2020,Heriotza-tasa,Minbizia,Gizona,,,,100.000 biztanleko,,340.3
2020,Heriotza-tasa,Arnas gaixotasun kronikoak,Gizona,,,,100.000 biztanleko,,62.6
2018,Heriotza-tasa,Minbizia,Gizona,,,,100.000 biztanleko,,353.9
2017,Heriotza-tasa,Gaixotasun kardiobaskularrak,Gizona,,,,100.000 biztanleko,,257.1
2019,Heriotza-tasa,Arnas gaixotasun kronikoak,Gizona,,,,100.000 biztanleko,,85.6
2012,Heriotza-tasa,Minbizia,Gizona,,,,100.000 biztanleko,,355.1
2014,Heriotza-tasa,Gaixotasun kardiobaskularrak,Gizona,,,,100.000 biztanleko,,238.7
2021,Heriotza-tasa,Diabetesa,Gizona,,,,100.000 biztanleko,,18.7
2011,Heriotza-tasa,Gaixotasun kardiobaskularrak,Gizona,,,,100.000 biztanleko,,253.9
2011,Heriotza-tasa,Arnas gaixotasun kronikoak,Gizona,,,,100.000 biztanleko,,77.6
2011,Heriotza-tasa,Diabetesa,Gizona,,,,100.000 biztanleko,,19.5
2017,Heriotza-tasa,Arnas gaixotasun kronikoak,Gizona,,,,100.000 biztanleko,,89.9
2022,Heriotza-tasa,Diabetesa,Gizona,,,,100.000 biztanleko,,21.5
2019,Heriotza-tasa,Gaixotasun kardiobaskularrak,Gizona,,,,100.000 biztanleko,,251.5
2012,Heriotza-tasa,Arnas gaixotasun kronikoak,Gizona,,,,100.000 biztanleko,,82.2
2023,Heriotza-tasa,"Gaixotasun kardiobaskularrak, arnas gaixotasun kronikoak, minbizia edo diabetesa",Gizona,,,,100.000 biztanleko,,678.7
2012,Heriotza-tasa,"Gaixotasun kardiobaskularrak, arnas gaixotasun kronikoak, minbizia edo diabetesa",Gizona,,,,100.000 biztanleko,,706.3
2017,Heriotza-tasa,"Gaixotasun kardiobaskularrak, arnas gaixotasun kronikoak, minbizia edo diabetesa",Gizona,,,,100.000 biztanleko,,716.5
2010,Heriotza-tasa,Gaixotasun kardiobaskularrak,Gizona,,,,100.000 biztanleko,,260.1
2022,Heriotza-tasa,"Gaixotasun kardiobaskularrak, arnas gaixotasun kronikoak, minbizia edo diabetesa",Gizona,,,,100.000 biztanleko,,681.6
2016,Heriotza-tasa,Gaixotasun kardiobaskularrak,Gizona,,,,100.000 biztanleko,,258.1
2018,Heriotza-tasa,"Gaixotasun kardiobaskularrak, arnas gaixotasun kronikoak, minbizia edo diabetesa",Gizona,,,,100.000 biztanleko,,721.4
2015,Heriotza-tasa,"Gaixotasun kardiobaskularrak, arnas gaixotasun kronikoak, minbizia edo diabetesa",Gizona,,,,100.000 biztanleko,,719.8
2021,Heriotza-tasa,"Gaixotasun kardiobaskularrak, arnas gaixotasun kronikoak, minbizia edo diabetesa",Gizona,,,,100.000 biztanleko,,681.7
2010,Heriotza-tasa,"Gaixotasun kardiobaskularrak, arnas gaixotasun kronikoak, minbizia edo diabetesa",Gizona,,,,100.000 biztanleko,,699.3
2014,Heriotza-tasa,Diabetesa,Gizona,,,,100.000 biztanleko,,17.6
2015,Heriotza-tasa,Arnas gaixotasun kronikoak,Gizona,,,,100.000 biztanleko,,90.1
2011,Heriotza-tasa,"Gaixotasun kardiobaskularrak, arnas gaixotasun kronikoak, minbizia edo diabetesa",Gizona,,,,100.000 biztanleko,,702.9
2016,Heriotza-tasa,Arnas gaixotasun kronikoak,Gizona,,,,100.000 biztanleko,,85.2
2021,Heriotza-tasa,Arnas gaixotasun kronikoak,Gizona,,,,100.000 biztanleko,,66.0
2023,Heriotza-tasa,Gaixotasun kardiobaskularrak,Gizona,,,,100.000 biztanleko,,251.8
2023,Heriotza-tasa,Minbizia,Gizona,,,,100.000 biztanleko,,340.0
2017,Heriotza-tasa,Minbizia,Gizona,,,,100.000 biztanleko,,353.3
2010,Heriotza-tasa,Arnas gaixotasun kronikoak,Gizona,,,,100.000 biztanleko,,75.1
2010,Heriotza-tasa,Minbizia,Gizona,,,,100.000 biztanleko,,343.2
2013,Heriotza-tasa,Minbizia,Gizona,,,,100.000 biztanleko,,348.9
2012,Heriotza-tasa,Gaixotasun kardiobaskularrak,Gizona,,,,100.000 biztanleko,,249.9
2015,Hilkortasun goiztiarraren tasa (30-70 urte),"Gaixotasun kardiobaskularrak, arnas gaixotasun kronikoak, minbizia edo diabetesa",Gizona,,,,Porcentaje,,14.0
2016,Heriotza-tasa,"Gaixotasun kardiobaskularrak, arnas gaixotasun kronikoak, minbizia edo diabetesa",Gizona,,,,100.000 biztanleko,,714.0
2020,Heriotza-tasa,Gaixotasun kardiobaskularrak,Gizona,,,,100.000 biztanleko,,243.3
2014,Heriotza-tasa,Arnas gaixotasun kronikoak,Gizona,,,,100.000 biztanleko,,77.9
2021,Heriotza-tasa,Gaixotasun kardiobaskularrak,Gizona,,,,100.000 biztanleko,,260.7
2019,Hilkortasun goiztiarraren tasa (30-70 urte),"Gaixotasun kardiobaskularrak, arnas gaixotasun kronikoak, minbizia edo diabetesa",Gizona,,,,Porcentaje,,12.8
2015,Heriotza-tasa,Minbizia,Gizona,,,,100.000 biztanleko,,353.1
2019,Heriotza-tasa,Diabetesa,Gizona,,,,100.000 biztanleko,,18.4
2010,Heriotza-tasa,Diabetesa,Gizona,,,,100.000 biztanleko,,20.9
2020,Heriotza-tasa,Diabetesa,Gizona,,,,100.000 biztanleko,,22.3
2017,Heriotza-tasa,Diabetesa,Gizona,,,,100.000 biztanleko,,16.3
2014,Heriotza-tasa,Minbizia,Gizona,,,,100.000 biztanleko,,354.9
2023,Heriotza-tasa,Arnas gaixotasun kronikoak,Gizona,,,,100.000 biztanleko,,67.0
2022,Heriotza-tasa,Arnas gaixotasun kronikoak,Gizona,,,,100.000 biztanleko,,67.2
2022,Heriotza-tasa,Minbizia,Gizona,,,,100.000 biztanleko,,340.1
2013,Heriotza-tasa,"Gaixotasun kardiobaskularrak, arnas gaixotasun kronikoak, minbizia edo diabetesa",Gizona,,,,100.000 biztanleko,,691.4
2010,Hilkortasun goiztiarraren tasa (30-70 urte),"Gaixotasun kardiobaskularrak, arnas gaixotasun kronikoak, minbizia edo diabetesa",Gizona,,,,Porcentaje,,15.4
2013,Heriotza-tasa,Gaixotasun kardiobaskularrak,Gizona,,,,100.000 biztanleko,,244.5
2013,Heriotza-tasa,Arnas gaixotasun kronikoak,Gizona,,,,100.000 biztanleko,,78.8
2019,Heriotza-tasa,Minbizia,Gizona,,,,100.000 biztanleko,,343.8
2022,Heriotza-tasa,Gaixotasun kardiobaskularrak,Gizona,,,,100.000 biztanleko,,252.9
2021,Heriotza-tasa,Minbizia,Gizona,,,,100.000 biztanleko,,336.3
2016,Heriotza-tasa,Diabetesa,Gizona,,,,100.000 biztanleko,,18.7
2016,Heriotza-tasa,Minbizia,Gizona,,,,100.000 biztanleko,,352.1
2018,Heriotza-tasa,Diabetesa,Gizona,,,,100.000 biztanleko,,18.7
2012,Heriotza-tasa,Diabetesa,Gizona,,,,100.000 biztanleko,,19.1
2015,Heriotza-tasa,Arnas gaixotasun kronikoak,Gizona,Araba / Álava,,,100.000 biztanleko,Araba / Álava,79.2
2010,Heriotza-tasa,Arnas gaixotasun kronikoak,Gizona,Araba / Álava,,,100.000 biztanleko,Araba / Álava,70.0
2023,Heriotza-tasa,"Gaixotasun kardiobaskularrak, arnas gaixotasun kronikoak, minbizia edo diabetesa",Gizona,Araba / Álava,,,100.000 biztanleko,Araba / Álava,595.0
2019,Heriotza-tasa,Arnas gaixotasun kronikoak,Gizona,Araba / Álava,,,100.000 biztanleko,Araba / Álava,92.1
2013,Heriotza-tasa,Arnas gaixotasun kronikoak,Gizona,Araba / Álava,,,100.000 biztanleko,Araba / Álava,85.7
2014,Heriotza-tasa,Minbizia,Gizona,Araba / Álava,,,100.000 biztanleko,Araba / Álava,291.0
2019,Heriotza-tasa,Gaixotasun kardiobaskularrak,Gizona,Araba / Álava,,,100.000 biztanleko,Araba / Álava,203.3
2021,Heriotza-tasa,Arnas gaixotasun kronikoak,Gizona,Araba / Álava,,,100.000 biztanleko,Araba / Álava,53.0
2018,Heriotza-tasa,Minbizia,Gizona,Araba / Álava,,,100.000 biztanleko,Araba / Álava,319.7
2023,Heriotza-tasa,Minbizia,Gizona,Araba / Álava,,,100.000 biztanleko,Araba / Álava,292.9
2023,Heriotza-tasa,Arnas gaixotasun kronikoak,Gizona,Araba / Álava,,,100.000 biztanleko,Araba / Álava,65.3
2013,Heriotza-tasa,"Gaixotasun kardiobaskularrak, arnas gaixotasun kronikoak, minbizia edo diabetesa",Gizona,Araba / Álava,,,100.000 biztanleko,Araba / Álava,624.5
2016,Heriotza-tasa,"Gaixotasun kardiobaskularrak, arnas gaixotasun kronikoak, minbizia edo diabetesa",Gizona,Araba / Álava,,,100.000 biztanleko,Araba / Álava,641.5
2020,Heriotza-tasa,Minbizia,Gizona,Araba / Álava,,,100.000 biztanleko,Araba / Álava,271.8
2012,Heriotza-tasa,Arnas gaixotasun kronikoak,Gizona,Araba / Álava,,,100.000 biztanleko,Araba / Álava,86.4
2013,Heriotza-tasa,Minbizia,Gizona,Araba / Álava,,,100.000 biztanleko,Araba / Álava,318.9
2014,Heriotza-tasa,Arnas gaixotasun kronikoak,Gizona,Araba / Álava,,,100.000 biztanleko,Araba / Álava,67.4
2021,Heriotza-tasa,Minbizia,Gizona,Araba / Álava,,,100.000 biztanleko,Araba / Álava,300.1
2018,Heriotza-tasa,"Gaixotasun kardiobaskularrak, arnas gaixotasun kronikoak, minbizia edo diabetesa",Gizona,Araba / Álava,,,100.000 biztanleko,Araba / Álava,630.8
2015,Heriotza-tasa,"Gaixotasun kardiobaskularrak, arnas gaixotasun kronikoak, minbizia edo diabetesa",Gizona,Araba / Álava,,,100.000 biztanleko,Araba / Álava,622.7
2020,Heriotza-tasa,"Gaixotasun kardiobaskularrak, arnas gaixotasun kronikoak, minbizia edo diabetesa",Gizona,Araba / Álava,,,100.000 biztanleko,Araba / Álava,559.6
2022,Heriotza-tasa,Gaixotasun kardiobaskularrak,Gizona,Araba / Álava,,,100.000 biztanleko,Araba / Álava,212.8
2022,Heriotza-tasa,"Gaixotasun kardiobaskularrak, arnas gaixotasun kronikoak, minbizia edo diabetesa",Gizona,Araba / Álava,,,100.000 biztanleko,Araba / Álava,579.0
2017,Heriotza-tasa,Arnas gaixotasun kronikoak,Gizona,Araba / Álava,,,100.000 biztanleko,Araba / Álava,76.3
2016,Heriotza-tasa,Arnas gaixotasun kronikoak,Gizona,Araba / Álava,,,100.000 biztanleko,Araba / Álava,77.2
2020,Heriotza-tasa,Gaixotasun kardiobaskularrak,Gizona,Araba / Álava,,,100.000 biztanleko,Araba / Álava,200.9
2017,Heriotza-tasa,"Gaixotasun kardiobaskularrak, arnas gaixotasun kronikoak, minbizia edo diabetesa",Gizona,Araba / Álava,,,100.000 biztanleko,Araba / Álava,636.3
2023,Heriotza-tasa,Diabetesa,Gizona,Araba / Álava,,,100.000 biztanleko,Araba / Álava,19.5
2011,Heriotza-tasa,Gaixotasun kardiobaskularrak,Gizona,Araba / Álava,,,100.000 biztanleko,Araba / Álava,195.5
2016,Heriotza-tasa,Minbizia,Gizona,Araba / Álava,,,100.000 biztanleko,Araba / Álava,325.8
2014,Heriotza-tasa,Gaixotasun kardiobaskularrak,Gizona,Araba / Álava,,,100.000 biztanleko,Araba / Álava,187.1
2018,Heriotza-tasa,Diabetesa,Gizona,Araba / Álava,,,100.000 biztanleko,Araba / Álava,13.7
2019,Heriotza-tasa,Diabetesa,Gizona,Araba / Álava,,,100.000 biztanleko,Araba / Álava,13.0
2020,Heriotza-tasa,Diabetesa,Gizona,Araba / Álava,,,100.000 biztanleko,Araba / Álava,19.7
2022,Heriotza-tasa,Arnas gaixotasun kronikoak,Gizona,Araba / Álava,,,100.000 biztanleko,Araba / Álava,64.4
2011,Heriotza-tasa,Diabetesa,Gizona,Araba / Álava,,,100.000 biztanleko,Araba / Álava,15.7
2015,Heriotza-tasa,Diabetesa,Gizona,Araba / Álava,,,100.000 biztanleko,Araba / Álava,20.1
2018,Heriotza-tasa,Gaixotasun kardiobaskularrak,Gizona,Araba / Álava,,,100.000 biztanleko,Araba / Álava,221.5
2014,Heriotza-tasa,Diabetesa,Gizona,Araba / Álava,,,100.000 biztanleko,Araba / Álava,10.1
2017,Heriotza-tasa,Minbizia,Gizona,Araba / Álava,,,100.000 biztanleko,Araba / Álava,332.9
2023,Heriotza-tasa,Gaixotasun kardiobaskularrak,Gizona,Araba / Álava,,,100.000 biztanleko,Araba / Álava,217.2
2021,Heriotza-tasa,Diabetesa,Gizona,Araba / Álava,,,100.000 biztanleko,Araba / Álava,23.4
2013,Heriotza-tasa,Gaixotasun kardiobaskularrak,Gizona,Araba / Álava,,,100.000 biztanleko,Araba / Álava,197.2
2021,Heriotza-tasa,"Gaixotasun kardiobaskularrak, arnas gaixotasun kronikoak, minbizia edo diabetesa",Gizona,Araba / Álava,,,100.000 biztanleko,Araba / Álava,610.6
2013,Heriotza-tasa,Diabetesa,Gizona,Araba / Álava,,,100.000 biztanleko,Araba / Álava,22.7
2010,Heriotza-tasa,Gaixotasun kardiobaskularrak,Gizona,Araba / Álava,,,100.000 biztanleko,Araba / Álava,208.2
2010,Heriotza-tasa,Diabetesa,Gizona,Araba / Álava,,,100.000 biztanleko,Araba / Álava,22.7
2017,Heriotza-tasa,Diabetesa,Gizona,Araba / Álava,,,100.000 biztanleko,Araba / Álava,13.8
2017,Heriotza-tasa,Gaixotasun kardiobaskularrak,Gizona,Araba / Álava,,,100.000 biztanleko,Araba / Álava,213.4
2010,Heriotza-tasa,"Gaixotasun kardiobaskularrak, arnas gaixotasun kronikoak, minbizia edo diabetesa",Gizona,Araba / Álava,,,100.000 biztanleko,Araba / Álava,589.2
2011,Heriotza-tasa,"Gaixotasun kardiobaskularrak, arnas gaixotasun kronikoak, minbizia edo diabetesa",Gizona,Araba / Álava,,,100.000 biztanleko,Araba / Álava,626.0
2012,Heriotza-tasa,"Gaixotasun kardiobaskularrak, arnas gaixotasun kronikoak, minbizia edo diabetesa",Gizona,Araba / Álava,,,100.000 biztanleko,Araba / Álava,595.7
2019,Heriotza-tasa,"Gaixotasun kardiobaskularrak, arnas gaixotasun kronikoak, minbizia edo diabetesa",Gizona,Araba / Álava,,,100.000 biztanleko,Araba / Álava,623.6
2012,Heriotza-tasa,Diabetesa,Gizona,Araba / Álava,,,100.000 biztanleko,Araba / Álava,19.4
2021,Heriotza-tasa,Gaixotasun kardiobaskularrak,Gizona,Araba / Álava,,,100.000 biztanleko,Araba / Álava,234.1
2022,Heriotza-tasa,Diabetesa,Gizona,Araba / Álava,,,100.000 biztanleko,Araba / Álava,21.5
2014,Heriotza-tasa,"Gaixotasun kardiobaskularrak, arnas gaixotasun kronikoak, minbizia edo diabetesa",Gizona,Araba / Álava,,,100.000 biztanleko,Araba / Álava,555.5
2012,Heriotza-tasa,Minbizia,Gizona,Araba / Álava,,,100.000 biztanleko,Araba / Álava,303.2
2010,Heriotza-tasa,Minbizia,Gizona,Araba / Álava,,,100.000 biztanleko,Araba / Álava,288.3
2011,Heriotza-tasa,Minbizia,Gizona,Araba / Álava,,,100.000 biztanleko,Araba / Álava,342.1
2015,Heriotza-tasa,Gaixotasun kardiobaskularrak,Gizona,Araba / Álava,,,100.000 biztanleko,Araba / Álava,215.5
2022,Heriotza-tasa,Minbizia,Gizona,Araba / Álava,,,100.000 biztanleko,Araba / Álava,280.3
2020,Heriotza-tasa,Arnas gaixotasun kronikoak,Gizona,Araba / Álava,,,100.000 biztanleko,Araba / Álava,67.2
2019,Heriotza-tasa,Minbizia,Gizona,Araba / Álava,,,100.000 biztanleko,Araba / Álava,315.2
2016,Heriotza-tasa,Gaixotasun kardiobaskularrak,Gizona,Araba / Álava,,,100.000 biztanleko,Araba / Álava,222.8
2016,Heriotza-tasa,Diabetesa,Gizona,Araba / Álava,,,100.000 biztanleko,Araba / Álava,15.7
2015,Heriotza-tasa,Minbizia,Gizona,Araba / Álava,,,100.000 biztanleko,Araba / Álava,307.9
2018,Heriotza-tasa,Arnas gaixotasun kronikoak,Gizona,Araba / Álava,,,100.000 biztanleko,Araba / Álava,75.9
2012,Heriotza-tasa,Gaixotasun kardiobaskularrak,Gizona,Araba / Álava,,,100.000 biztanleko,Araba / Álava,186.7
2011,Heriotza-tasa,Arnas gaixotasun kronikoak,Gizona,Araba / Álava,,,100.000 biztanleko,Araba / Álava,72.7
2016,Heriotza-tasa,Gaixotasun kardiobaskularrak,Gizona,Bizkaia,,,100.000 biztanleko,Bizkaia,274.0
2015,Heriotza-tasa,Minbizia,Gizona,Bizkaia,,,100.000 biztanleko,Bizkaia,377.0
2014,Heriotza-tasa,Arnas gaixotasun kronikoak,Gizona,Bizkaia,,,100.000 biztanleko,Bizkaia,80.8
2015,Heriotza-tasa,Diabetesa,Gizona,Bizkaia,,,100.000 biztanleko,Bizkaia,21.7
2023,Heriotza-tasa,Diabetesa,Gizona,Bizkaia,,,100.000 biztanleko,Bizkaia,17.6
2013,Heriotza-tasa,"Gaixotasun kardiobaskularrak, arnas gaixotasun kronikoak, minbizia edo diabetesa",Gizona,Bizkaia,,,100.000 biztanleko,Bizkaia,725.7
2011,Heriotza-tasa,Gaixotasun kardiobaskularrak,Gizona,Bizkaia,,,100.000 biztanleko,Bizkaia,277.8
2010,Heriotza-tasa,Gaixotasun kardiobaskularrak,Gizona,Bizkaia,,,100.000 biztanleko,Bizkaia,282.5
2022,Heriotza-tasa,Minbizia,Gizona,Bizkaia,,,100.000 biztanleko,Bizkaia,361.8
2023,Heriotza-tasa,Minbizia,Gizona,Bizkaia,,,100.000 biztanleko,Bizkaia,347.0
2019,Heriotza-tasa,Minbizia,Gizona,Bizkaia,,,100.000 biztanleko,Bizkaia,374.8
2014,Heriotza-tasa,Minbizia,Gizona,Bizkaia,,,100.000 biztanleko,Bizkaia,380.3
2017,Heriotza-tasa,Minbizia,Gizona,Bizkaia,,,100.000 biztanleko,Bizkaia,369.6
2010,Heriotza-tasa,Minbizia,Gizona,Bizkaia,,,100.000 biztanleko,Bizkaia,371.3
2012,Heriotza-tasa,Gaixotasun kardiobaskularrak,Gizona,Bizkaia,,,100.000 biztanleko,Bizkaia,272.5
2021,Heriotza-tasa,Diabetesa,Gizona,Bizkaia,,,100.000 biztanleko,Bizkaia,18.2
2022,Heriotza-tasa,Arnas gaixotasun kronikoak,Gizona,Bizkaia,,,100.000 biztanleko,Bizkaia,71.0
2018,Heriotza-tasa,Minbizia,Gizona,Bizkaia,,,100.000 biztanleko,Bizkaia,368.8
2013,Heriotza-tasa,Gaixotasun kardiobaskularrak,Gizona,Bizkaia,,,100.000 biztanleko,Bizkaia,257.5
2021,Heriotza-tasa,Minbizia,Gizona,Bizkaia,,,100.000 biztanleko,Bizkaia,359.0
2018,Heriotza-tasa,Arnas gaixotasun kronikoak,Gizona,Bizkaia,,,100.000 biztanleko,Bizkaia,97.9
2012,Heriotza-tasa,Arnas gaixotasun kronikoak,Gizona,Bizkaia,,,100.000 biztanleko,Bizkaia,86.7
2016,Heriotza-tasa,Minbizia,Gizona,Bizkaia,,,100.000 biztanleko,Bizkaia,378.1
2015,Heriotza-tasa,Arnas gaixotasun kronikoak,Gizona,Bizkaia,,,100.000 biztanleko,Bizkaia,96.3
2010,Heriotza-tasa,Arnas gaixotasun kronikoak,Gizona,Bizkaia,,,100.000 biztanleko,Bizkaia,78.0
2020,Heriotza-tasa,Arnas gaixotasun kronikoak,Gizona,Bizkaia,,,100.000 biztanleko,Bizkaia,63.3
2011,Heriotza-tasa,Minbizia,Gizona,Bizkaia,,,100.000 biztanleko,Bizkaia,364.9
2013,Heriotza-tasa,Diabetesa,Gizona,Bizkaia,,,100.000 biztanleko,Bizkaia,15.9
2011,Heriotza-tasa,Arnas gaixotasun kronikoak,Gizona,Bizkaia,,,100.000 biztanleko,Bizkaia,82.4
2020,Heriotza-tasa,"Gaixotasun kardiobaskularrak, arnas gaixotasun kronikoak, minbizia edo diabetesa",Gizona,Bizkaia,,,100.000 biztanleko,Bizkaia,711.4
2023,Heriotza-tasa,Arnas gaixotasun kronikoak,Gizona,Bizkaia,,,100.000 biztanleko,Bizkaia,70.8
2021,Heriotza-tasa,Arnas gaixotasun kronikoak,Gizona,Bizkaia,,,100.000 biztanleko,Bizkaia,69.7
2019,Heriotza-tasa,Arnas gaixotasun kronikoak,Gizona,Bizkaia,,,100.000 biztanleko,Bizkaia,87.8
2012,Heriotza-tasa,"Gaixotasun kardiobaskularrak, arnas gaixotasun kronikoak, minbizia edo diabetesa",Gizona,Bizkaia,,,100.000 biztanleko,Bizkaia,757.3
2019,Heriotza-tasa,"Gaixotasun kardiobaskularrak, arnas gaixotasun kronikoak, minbizia edo diabetesa",Gizona,Bizkaia,,,100.000 biztanleko,Bizkaia,757.1
2015,Heriotza-tasa,"Gaixotasun kardiobaskularrak, arnas gaixotasun kronikoak, minbizia edo diabetesa",Gizona,Bizkaia,,,100.000 biztanleko,Bizkaia,780.4
2011,Heriotza-tasa,"Gaixotasun kardiobaskularrak, arnas gaixotasun kronikoak, minbizia edo diabetesa",Gizona,Bizkaia,,,100.000 biztanleko,Bizkaia,747.2
2016,Heriotza-tasa,"Gaixotasun kardiobaskularrak, arnas gaixotasun kronikoak, minbizia edo diabetesa",Gizona,Bizkaia,,,100.000 biztanleko,Bizkaia,762.8
2017,Heriotza-tasa,"Gaixotasun kardiobaskularrak, arnas gaixotasun kronikoak, minbizia edo diabetesa",Gizona,Bizkaia,,,100.000 biztanleko,Bizkaia,759.5
2017,Heriotza-tasa,Diabetesa,Gizona,Bizkaia,,,100.000 biztanleko,Bizkaia,16.8
2020,Heriotza-tasa,Minbizia,Gizona,Bizkaia,,,100.000 biztanleko,Bizkaia,364.7
2010,Heriotza-tasa,"Gaixotasun kardiobaskularrak, arnas gaixotasun kronikoak, minbizia edo diabetesa",Gizona,Bizkaia,,,100.000 biztanleko,Bizkaia,750.8
2023,Heriotza-tasa,"Gaixotasun kardiobaskularrak, arnas gaixotasun kronikoak, minbizia edo diabetesa",Gizona,Bizkaia,,,100.000 biztanleko,Bizkaia,695.5
2013,Heriotza-tasa,Minbizia,Gizona,Bizkaia,,,100.000 biztanleko,Bizkaia,371.4
2016,Heriotza-tasa,Arnas gaixotasun kronikoak,Gizona,Bizkaia,,,100.000 biztanleko,Bizkaia,91.3
2014,Heriotza-tasa,"Gaixotasun kardiobaskularrak, arnas gaixotasun kronikoak, minbizia edo diabetesa",Gizona,Bizkaia,,,100.000 biztanleko,Bizkaia,738.0
2020,Heriotza-tasa,Gaixotasun kardiobaskularrak,Gizona,Bizkaia,,,100.000 biztanleko,Bizkaia,259.9
2019,Heriotza-tasa,Gaixotasun kardiobaskularrak,Gizona,Bizkaia,,,100.000 biztanleko,Bizkaia,274.1
2018,Heriotza-tasa,Gaixotasun kardiobaskularrak,Gizona,Bizkaia,,,100.000 biztanleko,Bizkaia,282.4
2021,Heriotza-tasa,"Gaixotasun kardiobaskularrak, arnas gaixotasun kronikoak, minbizia edo diabetesa",Gizona,Bizkaia,,,100.000 biztanleko,Bizkaia,708.7
2017,Heriotza-tasa,Gaixotasun kardiobaskularrak,Gizona,Bizkaia,,,100.000 biztanleko,Bizkaia,276.1
2022,Heriotza-tasa,Diabetesa,Gizona,Bizkaia,,,100.000 biztanleko,Bizkaia,19.5
2012,Heriotza-tasa,Minbizia,Gizona,Bizkaia,,,100.000 biztanleko,Bizkaia,378.8
2020,Heriotza-tasa,Diabetesa,Gizona,Bizkaia,,,100.000 biztanleko,Bizkaia,23.6
2018,Heriotza-tasa,Diabetesa,Gizona,Bizkaia,,,100.000 biztanleko,Bizkaia,18.0
2023,Heriotza-tasa,Gaixotasun kardiobaskularrak,Gizona,Bizkaia,,,100.000 biztanleko,Bizkaia,260.1
2015,Heriotza-tasa,Gaixotasun kardiobaskularrak,Gizona,Bizkaia,,,100.000 biztanleko,Bizkaia,285.4
2012,Heriotza-tasa,Diabetesa,Gizona,Bizkaia,,,100.000 biztanleko,Bizkaia,19.2
2013,Heriotza-tasa,Arnas gaixotasun kronikoak,Gizona,Bizkaia,,,100.000 biztanleko,Bizkaia,80.9
2014,Heriotza-tasa,Gaixotasun kardiobaskularrak,Gizona,Bizkaia,,,100.000 biztanleko,Bizkaia,258.1
2021,Heriotza-tasa,Gaixotasun kardiobaskularrak,Gizona,Bizkaia,,,100.000 biztanleko,Bizkaia,261.8
2016,Heriotza-tasa,Diabetesa,Gizona,Bizkaia,,,100.000 biztanleko,Bizkaia,19.3
2017,Heriotza-tasa,Arnas gaixotasun kronikoak,Gizona,Bizkaia,,,100.000 biztanleko,Bizkaia,97.0
2011,Heriotza-tasa,Diabetesa,Gizona,Bizkaia,,,100.000 biztanleko,Bizkaia,22.0
2014,Heriotza-tasa,Diabetesa,Gizona,Bizkaia,,,100.000 biztanleko,Bizkaia,18.9
2022,Heriotza-tasa,"Gaixotasun kardiobaskularrak, arnas gaixotasun kronikoak, minbizia edo diabetesa",Gizona,Bizkaia,,,100.000 biztanleko,Bizkaia,716.3
2018,Heriotza-tasa,"Gaixotasun kardiobaskularrak, arnas gaixotasun kronikoak, minbizia edo diabetesa",Gizona,Bizkaia,,,100.000 biztanleko,Bizkaia,767.2
2022,Heriotza-tasa,Gaixotasun kardiobaskularrak,Gizona,Bizkaia,,,100.000 biztanleko,Bizkaia,264.0
2010,Heriotza-tasa,Diabetesa,Gizona,Bizkaia,,,100.000 biztanleko,Bizkaia,19.0
2019,Heriotza-tasa,Diabetesa,Gizona,Bizkaia,,,100.000 biztanleko,Bizkaia,20.5
2023,Heriotza-tasa,Arnas gaixotasun kronikoak,Gizona,Gipuzkoa,,,100.000 biztanleko,Gipuzkoa,61.9
2012,Heriotza-tasa,Arnas gaixotasun kronikoak,Gizona,Gipuzkoa,,,100.000 biztanleko,Gipuzkoa,73.0
2020,Heriotza-tasa,Arnas gaixotasun kronikoak,Gizona,Gipuzkoa,,,100.000 biztanleko,Gipuzkoa,59.4
2013,Heriotza-tasa,Arnas gaixotasun kronikoak,Gizona,Gipuzkoa,,,100.000 biztanleko,Gipuzkoa,72.3
2017,Heriotza-tasa,Gaixotasun kardiobaskularrak,Gizona,Gipuzkoa,,,100.000 biztanleko,Gipuzkoa,247.2
2020,Heriotza-tasa,"Gaixotasun kardiobaskularrak, arnas gaixotasun kronikoak, minbizia edo diabetesa",Gizona,Gipuzkoa,,,100.000 biztanleko,Gipuzkoa,651.5
2016,Heriotza-tasa,"Gaixotasun kardiobaskularrak, arnas gaixotasun kronikoak, minbizia edo diabetesa",Gizona,Gipuzkoa,,,100.000 biztanleko,Gipuzkoa,670.5
2017,Heriotza-tasa,"Gaixotasun kardiobaskularrak, arnas gaixotasun kronikoak, minbizia edo diabetesa",Gizona,Gipuzkoa,,,100.000 biztanleko,Gipuzkoa,685.7
2017,Heriotza-tasa,Arnas gaixotasun kronikoak,Gizona,Gipuzkoa,,,100.000 biztanleko,Gipuzkoa,84.9
2011,Heriotza-tasa,Minbizia,Gizona,Gipuzkoa,,,100.000 biztanleko,Gipuzkoa,335.3
2021,Heriotza-tasa,"Gaixotasun kardiobaskularrak, arnas gaixotasun kronikoak, minbizia edo diabetesa",Gizona,Gipuzkoa,,,100.000 biztanleko,Gipuzkoa,672.4
2012,Heriotza-tasa,"Gaixotasun kardiobaskularrak, arnas gaixotasun kronikoak, minbizia edo diabetesa",Gizona,Gipuzkoa,,,100.000 biztanleko,Gipuzkoa,675.4
2022,Heriotza-tasa,"Gaixotasun kardiobaskularrak, arnas gaixotasun kronikoak, minbizia edo diabetesa",Gizona,Gipuzkoa,,,100.000 biztanleko,Gipuzkoa,675.0
2013,Heriotza-tasa,"Gaixotasun kardiobaskularrak, arnas gaixotasun kronikoak, minbizia edo diabetesa",Gizona,Gipuzkoa,,,100.000 biztanleko,Gipuzkoa,667.2
2014,Heriotza-tasa,Gaixotasun kardiobaskularrak,Gizona,Gipuzkoa,,,100.000 biztanleko,Gipuzkoa,231.4
2014,Heriotza-tasa,"Gaixotasun kardiobaskularrak, arnas gaixotasun kronikoak, minbizia edo diabetesa",Gizona,Gipuzkoa,,,100.000 biztanleko,Gipuzkoa,672.6
2017,Heriotza-tasa,Minbizia,Gizona,Gipuzkoa,,,100.000 biztanleko,Gipuzkoa,337.0
2016,Heriotza-tasa,Gaixotasun kardiobaskularrak,Gizona,Gipuzkoa,,,100.000 biztanleko,Gipuzkoa,249.1
2015,Heriotza-tasa,"Gaixotasun kardiobaskularrak, arnas gaixotasun kronikoak, minbizia edo diabetesa",Gizona,Gipuzkoa,,,100.000 biztanleko,Gipuzkoa,668.6
2016,Heriotza-tasa,Arnas gaixotasun kronikoak,Gizona,Gipuzkoa,,,100.000 biztanleko,Gipuzkoa,79.3
2023,Heriotza-tasa,"Gaixotasun kardiobaskularrak, arnas gaixotasun kronikoak, minbizia edo diabetesa",Gizona,Gipuzkoa,,,100.000 biztanleko,Gipuzkoa,691.4
2015,Heriotza-tasa,Arnas gaixotasun kronikoak,Gizona,Gipuzkoa,,,100.000 biztanleko,Gipuzkoa,85.4
2011,Heriotza-tasa,"Gaixotasun kardiobaskularrak, arnas gaixotasun kronikoak, minbizia edo diabetesa",Gizona,Gipuzkoa,,,100.000 biztanleko,Gipuzkoa,666.9
2019,Heriotza-tasa,"Gaixotasun kardiobaskularrak, arnas gaixotasun kronikoak, minbizia edo diabetesa",Gizona,Gipuzkoa,,,100.000 biztanleko,Gipuzkoa,643.3
2011,Heriotza-tasa,Arnas gaixotasun kronikoak,Gizona,Gipuzkoa,,,100.000 biztanleko,Gipuzkoa,72.1
2022,Heriotza-tasa,Diabetesa,Gizona,Gipuzkoa,,,100.000 biztanleko,Gipuzkoa,24.5
2013,Heriotza-tasa,Minbizia,Gizona,Gipuzkoa,,,100.000 biztanleko,Gipuzkoa,326.7
2020,Heriotza-tasa,Diabetesa,Gizona,Gipuzkoa,,,100.000 biztanleko,Gipuzkoa,21.6
2021,Heriotza-tasa,Diabetesa,Gizona,Gipuzkoa,,,100.000 biztanleko,Gipuzkoa,17.4
2012,Heriotza-tasa,Minbizia,Gizona,Gipuzkoa,,,100.000 biztanleko,Gipuzkoa,340.9
2021,Heriotza-tasa,Minbizia,Gizona,Gipuzkoa,,,100.000 biztanleko,Gipuzkoa,317.7
2018,Heriotza-tasa,"Gaixotasun kardiobaskularrak, arnas gaixotasun kronikoak, minbizia edo diabetesa",Gizona,Gipuzkoa,,,100.000 biztanleko,Gipuzkoa,691.1
2013,Heriotza-tasa,Gaixotasun kardiobaskularrak,Gizona,Gipuzkoa,,,100.000 biztanleko,Gipuzkoa,245.4
2013,Heriotza-tasa,Diabetesa,Gizona,Gipuzkoa,,,100.000 biztanleko,Gipuzkoa,22.8
2010,Heriotza-tasa,"Gaixotasun kardiobaskularrak, arnas gaixotasun kronikoak, minbizia edo diabetesa",Gizona,Gipuzkoa,,,100.000 biztanleko,Gipuzkoa,666.4
2019,Heriotza-tasa,Arnas gaixotasun kronikoak,Gizona,Gipuzkoa,,,100.000 biztanleko,Gipuzkoa,79.1
2010,Heriotza-tasa,Arnas gaixotasun kronikoak,Gizona,Gipuzkoa,,,100.000 biztanleko,Gipuzkoa,72.6
2020,Heriotza-tasa,Minbizia,Gizona,Gipuzkoa,,,100.000 biztanleko,Gipuzkoa,333.5
2015,Heriotza-tasa,Gaixotasun kardiobaskularrak,Gizona,Gipuzkoa,,,100.000 biztanleko,Gipuzkoa,229.2
2018,Heriotza-tasa,Diabetesa,Gizona,Gipuzkoa,,,100.000 biztanleko,Gipuzkoa,22.0
2021,Heriotza-tasa,Gaixotasun kardiobaskularrak,Gizona,Gipuzkoa,,,100.000 biztanleko,Gipuzkoa,271.2
2016,Heriotza-tasa,Diabetesa,Gizona,Gipuzkoa,,,100.000 biztanleko,Gipuzkoa,19.0
2014,Heriotza-tasa,Diabetesa,Gizona,Gipuzkoa,,,100.000 biztanleko,Gipuzkoa,19.0
2012,Heriotza-tasa,Diabetesa,Gizona,Gipuzkoa,,,100.000 biztanleko,Gipuzkoa,18.8
2012,Heriotza-tasa,Gaixotasun kardiobaskularrak,Gizona,Gipuzkoa,,,100.000 biztanleko,Gipuzkoa,242.7
2010,Heriotza-tasa,Gaixotasun kardiobaskularrak,Gizona,Gipuzkoa,,,100.000 biztanleko,Gipuzkoa,247.5
2011,Heriotza-tasa,Diabetesa,Gizona,Gipuzkoa,,,100.000 biztanleko,Gipuzkoa,17.1
2019,Heriotza-tasa,Diabetesa,Gizona,Gipuzkoa,,,100.000 biztanleko,Gipuzkoa,17.6
2023,Heriotza-tasa,Diabetesa,Gizona,Gipuzkoa,,,100.000 biztanleko,Gipuzkoa,23.6
2017,Heriotza-tasa,Diabetesa,Gizona,Gipuzkoa,,,100.000 biztanleko,Gipuzkoa,16.6
2022,Heriotza-tasa,Gaixotasun kardiobaskularrak,Gizona,Gipuzkoa,,,100.000 biztanleko,Gipuzkoa,254.1
2011,Heriotza-tasa,Gaixotasun kardiobaskularrak,Gizona,Gipuzkoa,,,100.000 biztanleko,Gipuzkoa,242.4
2015,Heriotza-tasa,Diabetesa,Gizona,Gipuzkoa,,,100.000 biztanleko,Gipuzkoa,17.8
2022,Heriotza-tasa,Minbizia,Gizona,Gipuzkoa,,,100.000 biztanleko,Gipuzkoa,333.9
2018,Heriotza-tasa,Minbizia,Gizona,Gipuzkoa,,,100.000 biztanleko,Gipuzkoa,346.0
2014,Heriotza-tasa,Minbizia,Gizona,Gipuzkoa,,,100.000 biztanleko,Gipuzkoa,343.9
2018,Heriotza-tasa,Gaixotasun kardiobaskularrak,Gizona,Gipuzkoa,,,100.000 biztanleko,Gipuzkoa,242.8
2010,Heriotza-tasa,Diabetesa,Gizona,Gipuzkoa,,,100.000 biztanleko,Gipuzkoa,23.2
2023,Heriotza-tasa,Gaixotasun kardiobaskularrak,Gizona,Gipuzkoa,,,100.000 biztanleko,Gipuzkoa,254.9
2020,Heriotza-tasa,Gaixotasun kardiobaskularrak,Gizona,Gipuzkoa,,,100.000 biztanleko,Gipuzkoa,236.9
2010,Heriotza-tasa,Minbizia,Gizona,Gipuzkoa,,,100.000 biztanleko,Gipuzkoa,323.0
2023,Heriotza-tasa,Minbizia,Gizona,Gipuzkoa,,,100.000 biztanleko,Gipuzkoa,350.9
2018,Heriotza-tasa,Arnas gaixotasun kronikoak,Gizona,Gipuzkoa,,,100.000 biztanleko,Gipuzkoa,80.4
2019,Heriotza-tasa,Gaixotasun kardiobaskularrak,Gizona,Gipuzkoa,,,100.000 biztanleko,Gipuzkoa,238.3
2015,Heriotza-tasa,Minbizia,Gizona,Gipuzkoa,,,100.000 biztanleko,Gipuzkoa,336.2
2016,Heriotza-tasa,Minbizia,Gizona,Gipuzkoa,,,100.000 biztanleko,Gipuzkoa,323.2
2019,Heriotza-tasa,Minbizia,Gizona,Gipuzkoa,,,100.000 biztanleko,Gipuzkoa,308.3
2014,Heriotza-tasa,Arnas gaixotasun kronikoak,Gizona,Gipuzkoa,,,100.000 biztanleko,Gipuzkoa,78.3
2021,Heriotza-tasa,Arnas gaixotasun kronikoak,Gizona,Gipuzkoa,,,100.000 biztanleko,Gipuzkoa,66.2
2022,Heriotza-tasa,Arnas gaixotasun kronikoak,Gizona,Gipuzkoa,,,100.000 biztanleko,Gipuzkoa,62.5
