Year,Sustancia adictiva,Sexo,Units,Value
2020,Todas las sustancias adictivas,,Por 100.000,91.2
2010,Todas las sustancias adictivas,,Por 100.000,126.9
2013,Todas las sustancias adictivas,,Por 100.000,124.3
2012,Todas las sustancias adictivas,,Por 100.000,125.9
2014,Todas las sustancias adictivas,,Por 100.000,118.2
2019,Todas las sustancias adictivas,,Por 100.000,117.2
2021,Todas las sustancias adictivas,,Por 100.000,130.1
2017,Todas las sustancias adictivas,,Por 100.000,117.5
2015,Todas las sustancias adictivas,,Por 100.000,113.3
2018,Todas las sustancias adictivas,,Por 100.000,125.8
2016,Todas las sustancias adictivas,,Por 100.000,113.2
2011,Todas las sustancias adictivas,,Por 100.000,122.5
2014,Todas las sustancias adictivas,Mujer,Por 100.000,45.7
2015,Todas las sustancias adictivas,Mujer,Por 100.000,42.1
2020,Todas las sustancias adictivas,Mujer,Por 100.000,37.4
2017,Todas las sustancias adictivas,Mujer,Por 100.000,43.8
2011,Todas las sustancias adictivas,Mujer,Por 100.000,45.3
2016,Todas las sustancias adictivas,Mujer,Por 100.000,43.2
2012,Todas las sustancias adictivas,Mujer,Por 100.000,48.7
2019,Todas las sustancias adictivas,Mujer,Por 100.000,46.8
2018,Todas las sustancias adictivas,Mujer,Por 100.000,48.0
2013,Todas las sustancias adictivas,Mujer,Por 100.000,49.5
2010,Todas las sustancias adictivas,Mujer,Por 100.000,43.1
2021,Todas las sustancias adictivas,Mujer,Por 100.000,54.7
2011,Todas las sustancias adictivas,Hombre,Por 100.000,203.5
2021,Todas las sustancias adictivas,Hombre,Por 100.000,210.2
2010,Todas las sustancias adictivas,Hombre,Por 100.000,214.6
2015,Todas las sustancias adictivas,Hombre,Por 100.000,188.5
2013,Todas las sustancias adictivas,Hombre,Por 100.000,203.2
2019,Todas las sustancias adictivas,Hombre,Por 100.000,191.8
2017,Todas las sustancias adictivas,Hombre,Por 100.000,195.7
2016,Todas las sustancias adictivas,Hombre,Por 100.000,187.2
2014,Todas las sustancias adictivas,Hombre,Por 100.000,194.8
2020,Todas las sustancias adictivas,Hombre,Por 100.000,148.4
2012,Todas las sustancias adictivas,Hombre,Por 100.000,207.1
2018,Todas las sustancias adictivas,Hombre,Por 100.000,208.3
2010,Alcohol,,Por 100.000,50.1
2021,Alcohol,,Por 100.000,59.4
2011,Alcohol,,Por 100.000,51.2
2012,Alcohol,,Por 100.000,53.7
2015,Alcohol,,Por 100.000,48.6
2018,Alcohol,,Por 100.000,55.0
2016,Alcohol,,Por 100.000,49.1
2013,Alcohol,,Por 100.000,56.1
2019,Alcohol,,Por 100.000,50.8
2017,Alcohol,,Por 100.000,51.0
2014,Alcohol,,Por 100.000,50.8
2020,Alcohol,,Por 100.000,40.2
2011,Alcohol,Mujer,Por 100.000,24.4
2015,Alcohol,Mujer,Por 100.000,24.6
2019,Alcohol,Mujer,Por 100.000,28.4
2017,Alcohol,Mujer,Por 100.000,25.5
2014,Alcohol,Mujer,Por 100.000,24.6
2016,Alcohol,Mujer,Por 100.000,25.4
2021,Alcohol,Mujer,Por 100.000,31.0
2012,Alcohol,Mujer,Por 100.000,26.6
2013,Alcohol,Mujer,Por 100.000,28.9
2020,Alcohol,Mujer,Por 100.000,21.9
2010,Alcohol,Mujer,Por 100.000,21.5
2018,Alcohol,Mujer,Por 100.000,27.0
2015,Alcohol,Hombre,Por 100.000,73.9
2011,Alcohol,Hombre,Por 100.000,79.4
2021,Alcohol,Hombre,Por 100.000,89.6
2014,Alcohol,Hombre,Por 100.000,78.4
2016,Alcohol,Hombre,Por 100.000,74.2
2018,Alcohol,Hombre,Por 100.000,84.6
2019,Alcohol,Hombre,Por 100.000,74.6
2017,Alcohol,Hombre,Por 100.000,78.0
2012,Alcohol,Hombre,Por 100.000,82.1
2010,Alcohol,Hombre,Por 100.000,80.1
2020,Alcohol,Hombre,Por 100.000,59.6
2013,Alcohol,Hombre,Por 100.000,84.7
2019,Drogas ilegales,,Por 100.000,66.4
2017,Drogas ilegales,,Por 100.000,66.5
2014,Drogas ilegales,,Por 100.000,67.5
2020,Drogas ilegales,,Por 100.000,51.0
2011,Drogas ilegales,,Por 100.000,71.3
2016,Drogas ilegales,,Por 100.000,64.0
2012,Drogas ilegales,,Por 100.000,72.3
2015,Drogas ilegales,,Por 100.000,64.7
2018,Drogas ilegales,,Por 100.000,70.8
2013,Drogas ilegales,,Por 100.000,68.2
2010,Drogas ilegales,,Por 100.000,76.7
2021,Drogas ilegales,,Por 100.000,70.7
2021,Drogas ilegales,Mujer,Por 100.000,23.8
2019,Drogas ilegales,Mujer,Por 100.000,18.4
2017,Drogas ilegales,Mujer,Por 100.000,18.3
2015,Drogas ilegales,Mujer,Por 100.000,17.5
2013,Drogas ilegales,Mujer,Por 100.000,20.5
2012,Drogas ilegales,Mujer,Por 100.000,22.1
2010,Drogas ilegales,Mujer,Por 100.000,21.6
2018,Drogas ilegales,Mujer,Por 100.000,21.0
2020,Drogas ilegales,Mujer,Por 100.000,15.5
2011,Drogas ilegales,Mujer,Por 100.000,20.9
2014,Drogas ilegales,Mujer,Por 100.000,21.1
2016,Drogas ilegales,Mujer,Por 100.000,17.8
2011,Drogas ilegales,Hombre,Por 100.000,124.1
2015,Drogas ilegales,Hombre,Por 100.000,114.6
2021,Drogas ilegales,Hombre,Por 100.000,120.6
2017,Drogas ilegales,Hombre,Por 100.000,117.7
2020,Drogas ilegales,Hombre,Por 100.000,88.8
2019,Drogas ilegales,Hombre,Por 100.000,117.2
2018,Drogas ilegales,Hombre,Por 100.000,123.6
2016,Drogas ilegales,Hombre,Por 100.000,113.0
2014,Drogas ilegales,Hombre,Por 100.000,116.3
2013,Drogas ilegales,Hombre,Por 100.000,118.4
2012,Drogas ilegales,Hombre,Por 100.000,125.0
2010,Drogas ilegales,Hombre,Por 100.000,134.5
