Year,Substantzia adiktiboa,Sexua,Units,Value
2022,Adikzio-substantzia guztiak,,PER_100000,133.9
2020,Adikzio-substantzia guztiak,,PER_100000,91.2
2016,Adikzio-substantzia guztiak,,PER_100000,113.2
2018,Adikzio-substantzia guztiak,,PER_100000,125.8
2021,Adikzio-substantzia guztiak,,PER_100000,130.1
2011,Adikzio-substantzia guztiak,,PER_100000,122.5
2013,Adikzio-substantzia guztiak,,PER_100000,124.3
2017,Adikzio-substantzia guztiak,,PER_100000,117.5
2014,Adikzio-substantzia guztiak,,PER_100000,118.2
2012,Adikzio-substantzia guztiak,,PER_100000,125.9
2015,Adikzio-substantzia guztiak,,PER_100000,113.3
2010,Adikzio-substantzia guztiak,,PER_100000,126.9
2019,Adikzio-substantzia guztiak,,PER_100000,117.2
2014,Adikzio-substantzia guztiak,Emakumea,PER_100000,45.7
2022,Adikzio-substantzia guztiak,Emakumea,PER_100000,58.9
2012,Adikzio-substantzia guztiak,Emakumea,PER_100000,48.7
2010,Adikzio-substantzia guztiak,Emakumea,PER_100000,43.1
2015,Adikzio-substantzia guztiak,Emakumea,PER_100000,42.1
2020,Adikzio-substantzia guztiak,Emakumea,PER_100000,37.4
2013,Adikzio-substantzia guztiak,Emakumea,PER_100000,49.5
2021,Adikzio-substantzia guztiak,Emakumea,PER_100000,54.7
2016,Adikzio-substantzia guztiak,Emakumea,PER_100000,43.2
2019,Adikzio-substantzia guztiak,Emakumea,PER_100000,46.8
2011,Adikzio-substantzia guztiak,Emakumea,PER_100000,45.3
2018,Adikzio-substantzia guztiak,Emakumea,PER_100000,48.0
2017,Adikzio-substantzia guztiak,Emakumea,PER_100000,43.8
2021,Adikzio-substantzia guztiak,Gizona,PER_100000,210.2
2017,Adikzio-substantzia guztiak,Gizona,PER_100000,195.7
2016,Adikzio-substantzia guztiak,Gizona,PER_100000,187.2
2022,Adikzio-substantzia guztiak,Gizona,PER_100000,213.5
2018,Adikzio-substantzia guztiak,Gizona,PER_100000,208.3
2015,Adikzio-substantzia guztiak,Gizona,PER_100000,188.5
2010,Adikzio-substantzia guztiak,Gizona,PER_100000,214.6
2014,Adikzio-substantzia guztiak,Gizona,PER_100000,194.8
2012,Adikzio-substantzia guztiak,Gizona,PER_100000,207.1
2020,Adikzio-substantzia guztiak,Gizona,PER_100000,148.4
2013,Adikzio-substantzia guztiak,Gizona,PER_100000,203.2
2011,Adikzio-substantzia guztiak,Gizona,PER_100000,203.5
2019,Adikzio-substantzia guztiak,Gizona,PER_100000,191.8
2014,Alkohola,,PER_100000,50.8
2012,Alkohola,,PER_100000,53.7
2010,Alkohola,,PER_100000,50.1
2021,Alkohola,,PER_100000,59.4
2016,Alkohola,,PER_100000,49.1
2020,Alkohola,,PER_100000,40.2
2019,Alkohola,,PER_100000,50.8
2011,Alkohola,,PER_100000,51.2
2015,Alkohola,,PER_100000,48.6
2017,Alkohola,,PER_100000,51.0
2018,Alkohola,,PER_100000,55.0
2013,Alkohola,,PER_100000,56.1
2022,Alkohola,,PER_100000,63.9
2022,Alkohola,Emakumea,PER_100000,34.2
2016,Alkohola,Emakumea,PER_100000,25.4
2011,Alkohola,Emakumea,PER_100000,24.4
2012,Alkohola,Emakumea,PER_100000,26.6
2013,Alkohola,Emakumea,PER_100000,28.9
2017,Alkohola,Emakumea,PER_100000,25.5
2015,Alkohola,Emakumea,PER_100000,24.6
2021,Alkohola,Emakumea,PER_100000,31.0
2014,Alkohola,Emakumea,PER_100000,24.6
2010,Alkohola,Emakumea,PER_100000,21.5
2019,Alkohola,Emakumea,PER_100000,28.4
2020,Alkohola,Emakumea,PER_100000,21.9
2018,Alkohola,Emakumea,PER_100000,27.0
2017,Alkohola,Gizona,PER_100000,78.0
2012,Alkohola,Gizona,PER_100000,82.1
2019,Alkohola,Gizona,PER_100000,74.6
2021,Alkohola,Gizona,PER_100000,89.6
2022,Alkohola,Gizona,PER_100000,95.4
2014,Alkohola,Gizona,PER_100000,78.4
2018,Alkohola,Gizona,PER_100000,84.6
2016,Alkohola,Gizona,PER_100000,74.2
2015,Alkohola,Gizona,PER_100000,73.9
2010,Alkohola,Gizona,PER_100000,80.1
2020,Alkohola,Gizona,PER_100000,59.6
2011,Alkohola,Gizona,PER_100000,79.4
2013,Alkohola,Gizona,PER_100000,84.7
2011,Legez kanpoko drogak,,PER_100000,71.3
2015,Legez kanpoko drogak,,PER_100000,64.7
2014,Legez kanpoko drogak,,PER_100000,67.5
2012,Legez kanpoko drogak,,PER_100000,72.3
2019,Legez kanpoko drogak,,PER_100000,66.4
2021,Legez kanpoko drogak,,PER_100000,70.7
2018,Legez kanpoko drogak,,PER_100000,70.8
2022,Legez kanpoko drogak,,PER_100000,70.0
2016,Legez kanpoko drogak,,PER_100000,64.0
2020,Legez kanpoko drogak,,PER_100000,51.0
2010,Legez kanpoko drogak,,PER_100000,76.7
2013,Legez kanpoko drogak,,PER_100000,68.2
2017,Legez kanpoko drogak,,PER_100000,66.5
2022,Legez kanpoko drogak,Emakumea,PER_100000,24.7
2019,Legez kanpoko drogak,Emakumea,PER_100000,18.4
2017,Legez kanpoko drogak,Emakumea,PER_100000,18.3
2015,Legez kanpoko drogak,Emakumea,PER_100000,17.5
2021,Legez kanpoko drogak,Emakumea,PER_100000,23.8
2012,Legez kanpoko drogak,Emakumea,PER_100000,22.1
2010,Legez kanpoko drogak,Emakumea,PER_100000,21.6
2011,Legez kanpoko drogak,Emakumea,PER_100000,20.9
2016,Legez kanpoko drogak,Emakumea,PER_100000,17.8
2013,Legez kanpoko drogak,Emakumea,PER_100000,20.5
2014,Legez kanpoko drogak,Emakumea,PER_100000,21.1
2018,Legez kanpoko drogak,Emakumea,PER_100000,21.0
2020,Legez kanpoko drogak,Emakumea,PER_100000,15.5
2010,Legez kanpoko drogak,Gizona,PER_100000,134.5
2012,Legez kanpoko drogak,Gizona,PER_100000,125.0
2016,Legez kanpoko drogak,Gizona,PER_100000,113.0
2018,Legez kanpoko drogak,Gizona,PER_100000,123.6
2020,Legez kanpoko drogak,Gizona,PER_100000,88.8
2022,Legez kanpoko drogak,Gizona,PER_100000,118.2
2021,Legez kanpoko drogak,Gizona,PER_100000,120.6
2019,Legez kanpoko drogak,Gizona,PER_100000,117.2
2017,Legez kanpoko drogak,Gizona,PER_100000,117.7
2015,Legez kanpoko drogak,Gizona,PER_100000,114.6
2014,Legez kanpoko drogak,Gizona,PER_100000,116.3
2013,Legez kanpoko drogak,Gizona,PER_100000,118.4
2011,Legez kanpoko drogak,Gizona,PER_100000,124.1
