Year,Series,Units,Value
2015,Alkohol-kontsumoa per capita (15 urtetik aurrera) urte zibil batean,LITRES_PURE_ALCOHOL,10.6
2016,Alkohol-kontsumoa per capita (15 urtetik aurrera) urte zibil batean,LITRES_PURE_ALCOHOL,11.0
2017,Alkohol-kontsumoa per capita (15 urtetik aurrera) urte zibil batean,LITRES_PURE_ALCOHOL,10.3
2018,Alkohol-kontsumoa per capita (15 urtetik aurrera) urte zibil batean,LITRES_PURE_ALCOHOL,9.8
2019,Alkohol-kontsumoa per capita (15 urtetik aurrera) urte zibil batean,LITRES_PURE_ALCOHOL,10.0
2020,Alkohol-kontsumoa per capita (15 urtetik aurrera) urte zibil batean,LITRES_PURE_ALCOHOL,9.3
2021,Alkohol-kontsumoa per capita (15 urtetik aurrera) urte zibil batean,LITRES_PURE_ALCOHOL,10.7
2022,Alkohol-kontsumoa per capita (15 urtetik aurrera) urte zibil batean,LITRES_PURE_ALCOHOL,11.3
2023,Alkohol-kontsumoa per capita (15 urtetik aurrera) urte zibil batean,LITRES_PURE_ALCOHOL,10.8
