Year,Sexua,Lurralde historikoa,Units,Value
2011,,,100.000 biztanleko,1.3
2010,,,100.000 biztanleko,1.3
2020,,,100.000 biztanleko,1.8
2014,,,100.000 biztanleko,1.8
2013,,,100.000 biztanleko,1.7
2024,,,100.000 biztanleko,1.1
2021,,,100.000 biztanleko,1.8
2019,,,100.000 biztanleko,1.6
2023,,,100.000 biztanleko,1.8
2016,,,100.000 biztanleko,1.8
2015,,,100.000 biztanleko,1.6
2018,,,100.000 biztanleko,1.4
2012,,,100.000 biztanleko,1.2
2017,,,100.000 biztanleko,2.0
2022,,,100.000 biztanleko,1.9
2015,,Araba / Álava,100.000 biztanleko,1.9
2023,,Araba / Álava,100.000 biztanleko,2.1
2016,,Araba / Álava,100.000 biztanleko,0.9
2021,,Araba / Álava,100.000 biztanleko,1.5
2024,,Araba / Álava,100.000 biztanleko,0.0
2017,,Araba / Álava,100.000 biztanleko,1.8
2018,,Araba / Álava,100.000 biztanleko,2.4
2019,,Araba / Álava,100.000 biztanleko,1.5
2011,,Araba / Álava,100.000 biztanleko,0.6
2012,,Araba / Álava,100.000 biztanleko,0.6
2014,,Araba / Álava,100.000 biztanleko,2.2
2020,,Araba / Álava,100.000 biztanleko,2.7
2013,,Araba / Álava,100.000 biztanleko,0.9
2010,,Araba / Álava,100.000 biztanleko,0.9
2022,,Araba / Álava,100.000 biztanleko,1.8
2015,,Bizkaia,100.000 biztanleko,1.8
2014,,Bizkaia,100.000 biztanleko,1.8
2017,,Bizkaia,100.000 biztanleko,2.2
2010,,Bizkaia,100.000 biztanleko,1.9
2023,,Bizkaia,100.000 biztanleko,2.3
2012,,Bizkaia,100.000 biztanleko,1.8
2022,,Bizkaia,100.000 biztanleko,2.1
2024,,Bizkaia,100.000 biztanleko,1.2
2016,,Bizkaia,100.000 biztanleko,1.8
2021,,Bizkaia,100.000 biztanleko,1.8
2013,,Bizkaia,100.000 biztanleko,1.8
2019,,Bizkaia,100.000 biztanleko,1.6
2018,,Bizkaia,100.000 biztanleko,1.4
2020,,Bizkaia,100.000 biztanleko,2.0
2011,,Bizkaia,100.000 biztanleko,1.6
2018,,Gipuzkoa,100.000 biztanleko,1.0
2021,,Gipuzkoa,100.000 biztanleko,1.8
2019,,Gipuzkoa,100.000 biztanleko,1.8
2015,,Gipuzkoa,100.000 biztanleko,1.1
2010,,Gipuzkoa,100.000 biztanleko,0.6
2011,,Gipuzkoa,100.000 biztanleko,1.0
2020,,Gipuzkoa,100.000 biztanleko,1.0
2012,,Gipuzkoa,100.000 biztanleko,0.4
2014,,Gipuzkoa,100.000 biztanleko,1.7
2022,,Gipuzkoa,100.000 biztanleko,1.5
2016,,Gipuzkoa,100.000 biztanleko,2.2
2023,,Gipuzkoa,100.000 biztanleko,1.0
2013,,Gipuzkoa,100.000 biztanleko,1.7
2024,,Gipuzkoa,100.000 biztanleko,1.4
2017,,Gipuzkoa,100.000 biztanleko,1.7
2015,Emakumea,,100.000 biztanleko,1.2
2013,Emakumea,,100.000 biztanleko,0.4
2022,Emakumea,,100.000 biztanleko,1.6
2016,Emakumea,,100.000 biztanleko,1.3
2012,Emakumea,,100.000 biztanleko,0.4
2014,Emakumea,,100.000 biztanleko,1.2
2018,Emakumea,,100.000 biztanleko,1.3
2017,Emakumea,,100.000 biztanleko,0.8
2011,Emakumea,,100.000 biztanleko,0.4
2024,Emakumea,,100.000 biztanleko,0.6
2021,Emakumea,,100.000 biztanleko,1.2
2010,Emakumea,,100.000 biztanleko,0.7
2023,Emakumea,,100.000 biztanleko,1.2
2019,Emakumea,,100.000 biztanleko,0.8
2020,Emakumea,,100.000 biztanleko,1.0
2024,Emakumea,Araba / Álava,100.000 biztanleko,0.0
2022,Emakumea,Araba / Álava,100.000 biztanleko,2.4
2015,Emakumea,Araba / Álava,100.000 biztanleko,1.8
2020,Emakumea,Araba / Álava,100.000 biztanleko,1.2
2019,Emakumea,Araba / Álava,100.000 biztanleko,0.6
2017,Emakumea,Araba / Álava,100.000 biztanleko,1.2
2013,Emakumea,Araba / Álava,100.000 biztanleko,0.0
2011,Emakumea,Araba / Álava,100.000 biztanleko,0.0
2023,Emakumea,Araba / Álava,100.000 biztanleko,1.8
2012,Emakumea,Araba / Álava,100.000 biztanleko,0.0
2010,Emakumea,Araba / Álava,100.000 biztanleko,1.3
2014,Emakumea,Araba / Álava,100.000 biztanleko,1.2
2016,Emakumea,Araba / Álava,100.000 biztanleko,1.2
2021,Emakumea,Araba / Álava,100.000 biztanleko,0.0
2018,Emakumea,Araba / Álava,100.000 biztanleko,3.0
2023,Emakumea,Bizkaia,100.000 biztanleko,1.3
2024,Emakumea,Bizkaia,100.000 biztanleko,0.8
2021,Emakumea,Bizkaia,100.000 biztanleko,1.5
2020,Emakumea,Bizkaia,100.000 biztanleko,0.8
2017,Emakumea,Bizkaia,100.000 biztanleko,0.8
2019,Emakumea,Bizkaia,100.000 biztanleko,0.8
2018,Emakumea,Bizkaia,100.000 biztanleko,1.0
2015,Emakumea,Bizkaia,100.000 biztanleko,1.5
2013,Emakumea,Bizkaia,100.000 biztanleko,0.3
2012,Emakumea,Bizkaia,100.000 biztanleko,0.7
2011,Emakumea,Bizkaia,100.000 biztanleko,0.7
2014,Emakumea,Bizkaia,100.000 biztanleko,1.0
2010,Emakumea,Bizkaia,100.000 biztanleko,0.8
2022,Emakumea,Bizkaia,100.000 biztanleko,1.4
2016,Emakumea,Bizkaia,100.000 biztanleko,0.8
2023,Emakumea,Gipuzkoa,100.000 biztanleko,0.8
2022,Emakumea,Gipuzkoa,100.000 biztanleko,1.6
2021,Emakumea,Gipuzkoa,100.000 biztanleko,1.4
2020,Emakumea,Gipuzkoa,100.000 biztanleko,1.1
2019,Emakumea,Gipuzkoa,100.000 biztanleko,0.8
2018,Emakumea,Gipuzkoa,100.000 biztanleko,1.1
2017,Emakumea,Gipuzkoa,100.000 biztanleko,0.5
2016,Emakumea,Gipuzkoa,100.000 biztanleko,1.9
2010,Emakumea,Gipuzkoa,100.000 biztanleko,0.3
2015,Emakumea,Gipuzkoa,100.000 biztanleko,0.3
2014,Emakumea,Gipuzkoa,100.000 biztanleko,1.4
2013,Emakumea,Gipuzkoa,100.000 biztanleko,0.6
2012,Emakumea,Gipuzkoa,100.000 biztanleko,0.3
2011,Emakumea,Gipuzkoa,100.000 biztanleko,0.3
2024,Emakumea,Gipuzkoa,100.000 biztanleko,0.5
2012,Gizona,,100.000 biztanleko,2.0
2015,Gizona,,100.000 biztanleko,2.1
2022,Gizona,,100.000 biztanleko,2.2
2020,Gizona,,100.000 biztanleko,2.6
2013,Gizona,,100.000 biztanleko,3.0
2021,Gizona,,100.000 biztanleko,2.4
2016,Gizona,,100.000 biztanleko,2.4
2018,Gizona,,100.000 biztanleko,1.5
2019,Gizona,,100.000 biztanleko,2.5
2011,Gizona,,100.000 biztanleko,2.2
2014,Gizona,,100.000 biztanleko,2.5
2023,Gizona,,100.000 biztanleko,2.4
2024,Gizona,,100.000 biztanleko,1.6
2017,Gizona,,100.000 biztanleko,3.2
2010,Gizona,,100.000 biztanleko,2.0
2024,Gizona,Araba / Álava,100.000 biztanleko,0.0
2016,Gizona,Araba / Álava,100.000 biztanleko,0.6
2019,Gizona,Araba / Álava,100.000 biztanleko,2.5
2023,Gizona,Araba / Álava,100.000 biztanleko,2.4
2022,Gizona,Araba / Álava,100.000 biztanleko,1.2
2012,Gizona,Araba / Álava,100.000 biztanleko,1.3
2015,Gizona,Araba / Álava,100.000 biztanleko,1.9
2021,Gizona,Araba / Álava,100.000 biztanleko,3.1
2020,Gizona,Araba / Álava,100.000 biztanleko,4.3
2010,Gizona,Araba / Álava,100.000 biztanleko,0.6
2017,Gizona,Araba / Álava,100.000 biztanleko,2.5
2014,Gizona,Araba / Álava,100.000 biztanleko,3.1
2018,Gizona,Araba / Álava,100.000 biztanleko,1.9
2013,Gizona,Araba / Álava,100.000 biztanleko,1.9
2011,Gizona,Araba / Álava,100.000 biztanleko,1.3
2024,Gizona,Bizkaia,100.000 biztanleko,1.6
2023,Gizona,Bizkaia,100.000 biztanleko,3.3
2022,Gizona,Bizkaia,100.000 biztanleko,2.9
2021,Gizona,Bizkaia,100.000 biztanleko,2.2
2014,Gizona,Bizkaia,100.000 biztanleko,2.5
2020,Gizona,Bizkaia,100.000 biztanleko,3.3
2016,Gizona,Bizkaia,100.000 biztanleko,2.7
2019,Gizona,Bizkaia,100.000 biztanleko,2.4
2018,Gizona,Bizkaia,100.000 biztanleko,1.8
2017,Gizona,Bizkaia,100.000 biztanleko,3.6
2015,Gizona,Bizkaia,100.000 biztanleko,2.2
2013,Gizona,Bizkaia,100.000 biztanleko,3.4
2012,Gizona,Bizkaia,100.000 biztanleko,3.1
2011,Gizona,Bizkaia,100.000 biztanleko,2.7
2010,Gizona,Bizkaia,100.000 biztanleko,3.0
2018,Gizona,Gipuzkoa,100.000 biztanleko,0.9
2017,Gizona,Gipuzkoa,100.000 biztanleko,2.9
2016,Gizona,Gipuzkoa,100.000 biztanleko,2.6
2015,Gizona,Gipuzkoa,100.000 biztanleko,2.0
2011,Gizona,Gipuzkoa,100.000 biztanleko,1.7
2014,Gizona,Gipuzkoa,100.000 biztanleko,2.0
2013,Gizona,Gipuzkoa,100.000 biztanleko,2.9
2012,Gizona,Gipuzkoa,100.000 biztanleko,0.6
2010,Gizona,Gipuzkoa,100.000 biztanleko,0.9
2024,Gizona,Gipuzkoa,100.000 biztanleko,2.3
2023,Gizona,Gipuzkoa,100.000 biztanleko,1.1
2022,Gizona,Gipuzkoa,100.000 biztanleko,1.4
2021,Gizona,Gipuzkoa,100.000 biztanleko,2.3
2020,Gizona,Gipuzkoa,100.000 biztanleko,0.9
2019,Gizona,Gipuzkoa,100.000 biztanleko,2.8
