Year,Lanbidea,Sexua,Lurralde historikoa,Units,Value
2018,,,,10.000 biztanleko,164.2
2013,,,,10.000 biztanleko,150.8
2011,,,,10.000 biztanleko,147.2
2023,,,,10.000 biztanleko,187.6
2015,,,,10.000 biztanleko,156.7
2022,,,,10.000 biztanleko,176.4
2016,,,,10.000 biztanleko,159.5
2021,,,,10.000 biztanleko,173.2
2017,,,,10.000 biztanleko,161.6
2024,,,,10.000 biztanleko,188.3
2014,,,,10.000 biztanleko,154.1
2010,,,,10.000 biztanleko,143.5
2012,,,,10.000 biztanleko,149.0
2020,,,,10.000 biztanleko,170.3
2019,,,,10.000 biztanleko,167.0
2010,,,Araba / Álava,10.000 biztanleko,146.7
2020,,,Araba / Álava,10.000 biztanleko,172.1
2023,,,Araba / Álava,10.000 biztanleko,178.1
2021,,,Araba / Álava,10.000 biztanleko,174.4
2018,,,Araba / Álava,10.000 biztanleko,169.5
2013,,,Araba / Álava,10.000 biztanleko,155.6
2019,,,Araba / Álava,10.000 biztanleko,170.0
2024,,,Araba / Álava,10.000 biztanleko,180.0
2017,,,Araba / Álava,10.000 biztanleko,167.5
2011,,,Araba / Álava,10.000 biztanleko,151.0
2012,,,Araba / Álava,10.000 biztanleko,152.9
2022,,,Araba / Álava,10.000 biztanleko,176.6
2016,,,Araba / Álava,10.000 biztanleko,165.2
2014,,,Araba / Álava,10.000 biztanleko,160.3
2015,,,Araba / Álava,10.000 biztanleko,162.3
2020,,,Bizkaia,10.000 biztanleko,175.3
2010,,,Bizkaia,10.000 biztanleko,144.4
2015,,,Bizkaia,10.000 biztanleko,159.0
2022,,,Bizkaia,10.000 biztanleko,181.8
2013,,,Bizkaia,10.000 biztanleko,152.4
2012,,,Bizkaia,10.000 biztanleko,150.5
2017,,,Bizkaia,10.000 biztanleko,165.2
2011,,,Bizkaia,10.000 biztanleko,148.4
2021,,,Bizkaia,10.000 biztanleko,178.4
2016,,,Bizkaia,10.000 biztanleko,162.4
2019,,,Bizkaia,10.000 biztanleko,171.8
2014,,,Bizkaia,10.000 biztanleko,155.6
2018,,,Bizkaia,10.000 biztanleko,168.6
2024,,,Bizkaia,10.000 biztanleko,188.1
2023,,,Bizkaia,10.000 biztanleko,185.3
2010,,,Gipuzkoa,10.000 biztanleko,140.5
2020,,,Gipuzkoa,10.000 biztanleko,161.6
2021,,,Gipuzkoa,10.000 biztanleko,164.2
2015,,,Gipuzkoa,10.000 biztanleko,150.4
2022,,,Gipuzkoa,10.000 biztanleko,167.7
2017,,,Gipuzkoa,10.000 biztanleko,153.3
2013,,,Gipuzkoa,10.000 biztanleko,145.9
2016,,,Gipuzkoa,10.000 biztanleko,152.3
2012,,,Gipuzkoa,10.000 biztanleko,144.8
2023,,,Gipuzkoa,10.000 biztanleko,195.5
2018,,,Gipuzkoa,10.000 biztanleko,154.9
2014,,,Gipuzkoa,10.000 biztanleko,148.7
2024,,,Gipuzkoa,10.000 biztanleko,192.3
2019,,,Gipuzkoa,10.000 biztanleko,158.0
2011,,,Gipuzkoa,10.000 biztanleko,143.4
2021,,Emakumea,,10.000 biztanleko,249.0
2013,,Emakumea,,10.000 biztanleko,214.9
2010,,Emakumea,,10.000 biztanleko,201.8
2024,,Emakumea,,10.000 biztanleko,274.4
2012,,Emakumea,,10.000 biztanleko,211.2
2022,,Emakumea,,10.000 biztanleko,253.9
2011,,Emakumea,,10.000 biztanleko,206.4
2020,,Emakumea,,10.000 biztanleko,244.5
2023,,Emakumea,,10.000 biztanleko,272.7
2015,,Emakumea,,10.000 biztanleko,224.4
2014,,Emakumea,,10.000 biztanleko,219.9
2017,,Emakumea,,10.000 biztanleko,232.0
2018,,Emakumea,,10.000 biztanleko,235.7
2019,,Emakumea,,10.000 biztanleko,239.4
2016,,Emakumea,,10.000 biztanleko,228.7
2023,,Emakumea,Araba / Álava,10.000 biztanleko,266.3
2012,,Emakumea,Araba / Álava,10.000 biztanleko,229.5
2014,,Emakumea,Araba / Álava,10.000 biztanleko,239.9
2013,,Emakumea,Araba / Álava,10.000 biztanleko,233.4
2015,,Emakumea,Araba / Álava,10.000 biztanleko,243.6
2024,,Emakumea,Araba / Álava,10.000 biztanleko,269.6
2011,,Emakumea,Araba / Álava,10.000 biztanleko,224.6
2010,,Emakumea,Araba / Álava,10.000 biztanleko,217.6
2017,,Emakumea,Araba / Álava,10.000 biztanleko,250.5
2020,,Emakumea,Araba / Álava,10.000 biztanleko,256.1
2018,,Emakumea,Araba / Álava,10.000 biztanleko,253.1
2019,,Emakumea,Araba / Álava,10.000 biztanleko,253.0
2016,,Emakumea,Araba / Álava,10.000 biztanleko,247.5
2021,,Emakumea,Araba / Álava,10.000 biztanleko,259.5
2022,,Emakumea,Araba / Álava,10.000 biztanleko,263.9
2013,,Emakumea,Bizkaia,10.000 biztanleko,210.4
2018,,Emakumea,Bizkaia,10.000 biztanleko,234.7
2021,,Emakumea,Bizkaia,10.000 biztanleko,248.8
2019,,Emakumea,Bizkaia,10.000 biztanleko,239.2
2011,,Emakumea,Bizkaia,10.000 biztanleko,202.6
2017,,Emakumea,Bizkaia,10.000 biztanleko,230.0
2012,,Emakumea,Bizkaia,10.000 biztanleko,207.8
2016,,Emakumea,Bizkaia,10.000 biztanleko,225.9
2014,,Emakumea,Bizkaia,10.000 biztanleko,215.0
2022,,Emakumea,Bizkaia,10.000 biztanleko,253.7
2010,,Emakumea,Bizkaia,10.000 biztanleko,196.1
2023,,Emakumea,Bizkaia,10.000 biztanleko,258.6
2024,,Emakumea,Bizkaia,10.000 biztanleko,263.3
2015,,Emakumea,Bizkaia,10.000 biztanleko,220.7
2020,,Emakumea,Bizkaia,10.000 biztanleko,244.0
2019,,Emakumea,Gipuzkoa,10.000 biztanleko,233.7
2024,,Emakumea,Gipuzkoa,10.000 biztanleko,294.7
2021,,Emakumea,Gipuzkoa,10.000 biztanleko,244.7
2011,,Emakumea,Gipuzkoa,10.000 biztanleko,204.6
2012,,Emakumea,Gipuzkoa,10.000 biztanleko,208.5
2018,,Emakumea,Gipuzkoa,10.000 biztanleko,229.3
2014,,Emakumea,Gipuzkoa,10.000 biztanleko,219.0
2016,,Emakumea,Gipuzkoa,10.000 biztanleko,224.7
2022,,Emakumea,Gipuzkoa,10.000 biztanleko,249.6
2023,,Emakumea,Gipuzkoa,10.000 biztanleko,298.4
2013,,Emakumea,Gipuzkoa,10.000 biztanleko,214.0
2015,,Emakumea,Gipuzkoa,10.000 biztanleko,222.0
2020,,Emakumea,Gipuzkoa,10.000 biztanleko,240.1
2010,,Emakumea,Gipuzkoa,10.000 biztanleko,204.2
2017,,Emakumea,Gipuzkoa,10.000 biztanleko,227.0
2017,,Gizona,,10.000 biztanleko,87.0
2024,,Gizona,,10.000 biztanleko,96.8
2022,,Gizona,,10.000 biztanleko,94.1
2011,,Gizona,,10.000 biztanleko,85.0
2020,,Gizona,,10.000 biztanleko,91.6
2018,,Gizona,,10.000 biztanleko,88.5
2013,,Gizona,,10.000 biztanleko,83.3
2012,,Gizona,,10.000 biztanleko,83.7
2014,,Gizona,,10.000 biztanleko,84.6
2010,,Gizona,,10.000 biztanleko,82.4
2015,,Gizona,,10.000 biztanleko,85.1
2016,,Gizona,,10.000 biztanleko,86.4
2023,,Gizona,,10.000 biztanleko,97.1
2019,,Gizona,,10.000 biztanleko,90.2
2021,,Gizona,,10.000 biztanleko,92.6
2016,,Gizona,Araba / Álava,10.000 biztanleko,80.8
2019,,Gizona,Araba / Álava,10.000 biztanleko,84.4
2022,,Gizona,Araba / Álava,10.000 biztanleko,86.2
2023,,Gizona,Araba / Álava,10.000 biztanleko,86.7
2015,,Gizona,Araba / Álava,10.000 biztanleko,79.4
2013,,Gizona,Araba / Álava,10.000 biztanleko,76.7
2021,,Gizona,Araba / Álava,10.000 biztanleko,86.4
2014,,Gizona,Araba / Álava,10.000 biztanleko,79.0
2010,,Gizona,Araba / Álava,10.000 biztanleko,75.5
2011,,Gizona,Araba / Álava,10.000 biztanleko,77.0
2012,,Gizona,Araba / Álava,10.000 biztanleko,75.7
2018,,Gizona,Araba / Álava,10.000 biztanleko,83.2
2020,,Gizona,Araba / Álava,10.000 biztanleko,85.1
2017,,Gizona,Araba / Álava,10.000 biztanleko,82.1
2024,,Gizona,Araba / Álava,10.000 biztanleko,87.1
2021,,Gizona,Bizkaia,10.000 biztanleko,102.5
2020,,Gizona,Bizkaia,10.000 biztanleko,101.2
2024,,Gizona,Bizkaia,10.000 biztanleko,107.2
2023,,Gizona,Bizkaia,10.000 biztanleko,106.4
2017,,Gizona,Bizkaia,10.000 biztanleko,95.2
2013,,Gizona,Bizkaia,10.000 biztanleko,90.2
2011,,Gizona,Bizkaia,10.000 biztanleko,90.6
2022,,Gizona,Bizkaia,10.000 biztanleko,104.2
2016,,Gizona,Bizkaia,10.000 biztanleko,94.1
2019,,Gizona,Bizkaia,10.000 biztanleko,99.0
2012,,Gizona,Bizkaia,10.000 biztanleko,89.2
2010,,Gizona,Bizkaia,10.000 biztanleko,89.3
2015,,Gizona,Bizkaia,10.000 biztanleko,92.7
2018,,Gizona,Bizkaia,10.000 biztanleko,97.2
2014,,Gizona,Bizkaia,10.000 biztanleko,91.9
2013,,Gizona,Gipuzkoa,10.000 biztanleko,75.1
2018,,Gizona,Gipuzkoa,10.000 biztanleko,77.1
2012,,Gizona,Gipuzkoa,10.000 biztanleko,78.6
2015,,Gizona,Gipuzkoa,10.000 biztanleko,75.8
2020,,Gizona,Gipuzkoa,10.000 biztanleko,79.4
2023,,Gizona,Gipuzkoa,10.000 biztanleko,87.5
2014,,Gizona,Gipuzkoa,10.000 biztanleko,75.6
2019,,Gizona,Gipuzkoa,10.000 biztanleko,78.9
2017,,Gizona,Gipuzkoa,10.000 biztanleko,76.2
2021,,Gizona,Gipuzkoa,10.000 biztanleko,80.0
2022,,Gizona,Gipuzkoa,10.000 biztanleko,82.0
2010,,Gizona,Gipuzkoa,10.000 biztanleko,74.4
2024,,Gizona,Gipuzkoa,10.000 biztanleko,84.9
2011,,Gizona,Gipuzkoa,10.000 biztanleko,79.7
2016,,Gizona,Gipuzkoa,10.000 biztanleko,76.6
2019,Medikua,,,10.000 biztanleko,65.4
2018,Medikua,,,10.000 biztanleko,63.6
2011,Medikua,,,10.000 biztanleko,55.8
2021,Medikua,,,10.000 biztanleko,68.7
2017,Medikua,,,10.000 biztanleko,62.2
2023,Medikua,,,10.000 biztanleko,72.1
2010,Medikua,,,10.000 biztanleko,54.5
2022,Medikua,,,10.000 biztanleko,70.6
2015,Medikua,,,10.000 biztanleko,60.0
2013,Medikua,,,10.000 biztanleko,58.1
2020,Medikua,,,10.000 biztanleko,66.9
2024,Medikua,,,10.000 biztanleko,73.6
2016,Medikua,,,10.000 biztanleko,61.1
2014,Medikua,,,10.000 biztanleko,59.3
2012,Medikua,,,10.000 biztanleko,57.0
2022,Medikua,,Araba / Álava,10.000 biztanleko,63.9
2020,Medikua,,Araba / Álava,10.000 biztanleko,61.3
2010,Medikua,,Araba / Álava,10.000 biztanleko,51.9
2021,Medikua,,Araba / Álava,10.000 biztanleko,62.7
2019,Medikua,,Araba / Álava,10.000 biztanleko,60.7
2011,Medikua,,Araba / Álava,10.000 biztanleko,54.0
2024,Medikua,,Araba / Álava,10.000 biztanleko,66.6
2023,Medikua,,Araba / Álava,10.000 biztanleko,65.1
2018,Medikua,,Araba / Álava,10.000 biztanleko,59.7
2015,Medikua,,Araba / Álava,10.000 biztanleko,58.0
2012,Medikua,,Araba / Álava,10.000 biztanleko,55.1
2016,Medikua,,Araba / Álava,10.000 biztanleko,58.8
2014,Medikua,,Araba / Álava,10.000 biztanleko,57.9
2017,Medikua,,Araba / Álava,10.000 biztanleko,59.4
2013,Medikua,,Araba / Álava,10.000 biztanleko,56.5
2010,Medikua,,Bizkaia,10.000 biztanleko,57.2
2021,Medikua,,Bizkaia,10.000 biztanleko,74.1
2015,Medikua,,Bizkaia,10.000 biztanleko,63.4
2012,Medikua,,Bizkaia,10.000 biztanleko,59.9
2014,Medikua,,Bizkaia,10.000 biztanleko,62.4
2011,Medikua,,Bizkaia,10.000 biztanleko,58.6
2019,Medikua,,Bizkaia,10.000 biztanleko,70.4
2016,Medikua,,Bizkaia,10.000 biztanleko,64.9
2017,Medikua,,Bizkaia,10.000 biztanleko,66.2
2023,Medikua,,Bizkaia,10.000 biztanleko,78.4
2024,Medikua,,Bizkaia,10.000 biztanleko,80.0
2018,Medikua,,Bizkaia,10.000 biztanleko,68.2
2020,Medikua,,Bizkaia,10.000 biztanleko,72.2
2022,Medikua,,Bizkaia,10.000 biztanleko,76.2
2013,Medikua,,Bizkaia,10.000 biztanleko,61.2
2023,Medikua,,Gipuzkoa,10.000 biztanleko,65.5
2015,Medikua,,Gipuzkoa,10.000 biztanleko,55.4
2018,Medikua,,Gipuzkoa,10.000 biztanleko,58.1
2012,Medikua,,Gipuzkoa,10.000 biztanleko,53.0
2016,Medikua,,Gipuzkoa,10.000 biztanleko,56.1
2024,Medikua,,Gipuzkoa,10.000 biztanleko,66.5
2022,Medikua,,Gipuzkoa,10.000 biztanleko,64.7
2020,Medikua,,Gipuzkoa,10.000 biztanleko,61.1
2019,Medikua,,Gipuzkoa,10.000 biztanleko,59.6
2017,Medikua,,Gipuzkoa,10.000 biztanleko,57.0
2014,Medikua,,Gipuzkoa,10.000 biztanleko,54.9
2013,Medikua,,Gipuzkoa,10.000 biztanleko,53.8
2021,Medikua,,Gipuzkoa,10.000 biztanleko,62.8
2010,Medikua,,Gipuzkoa,10.000 biztanleko,51.1
2011,Medikua,,Gipuzkoa,10.000 biztanleko,52.0
2021,Medikua,Emakumea,,10.000 biztanleko,75.2
2019,Medikua,Emakumea,,10.000 biztanleko,69.8
2022,Medikua,Emakumea,,10.000 biztanleko,78.1
2016,Medikua,Emakumea,,10.000 biztanleko,63.3
2017,Medikua,Emakumea,,10.000 biztanleko,65.1
2012,Medikua,Emakumea,,10.000 biztanleko,56.8
2020,Medikua,Emakumea,,10.000 biztanleko,72.3
2015,Medikua,Emakumea,,10.000 biztanleko,61.6
2024,Medikua,Emakumea,,10.000 biztanleko,83.1
2013,Medikua,Emakumea,,10.000 biztanleko,58.5
2011,Medikua,Emakumea,,10.000 biztanleko,54.6
2010,Medikua,Emakumea,,10.000 biztanleko,52.5
2023,Medikua,Emakumea,,10.000 biztanleko,80.7
2018,Medikua,Emakumea,,10.000 biztanleko,67.1
2014,Medikua,Emakumea,,10.000 biztanleko,60.1
2023,Medikua,Emakumea,Araba / Álava,10.000 biztanleko,74.7
2022,Medikua,Emakumea,Araba / Álava,10.000 biztanleko,72.5
2018,Medikua,Emakumea,Araba / Álava,10.000 biztanleko,64.5
2017,Medikua,Emakumea,Araba / Álava,10.000 biztanleko,63.9
2024,Medikua,Emakumea,Araba / Álava,10.000 biztanleko,77.9
2010,Medikua,Emakumea,Araba / Álava,10.000 biztanleko,52.8
2015,Medikua,Emakumea,Araba / Álava,10.000 biztanleko,62.1
2012,Medikua,Emakumea,Araba / Álava,10.000 biztanleko,57.4
2019,Medikua,Emakumea,Araba / Álava,10.000 biztanleko,66.3
2016,Medikua,Emakumea,Araba / Álava,10.000 biztanleko,63.6
2011,Medikua,Emakumea,Araba / Álava,10.000 biztanleko,55.2
2013,Medikua,Emakumea,Araba / Álava,10.000 biztanleko,59.6
2014,Medikua,Emakumea,Araba / Álava,10.000 biztanleko,61.4
2021,Medikua,Emakumea,Araba / Álava,10.000 biztanleko,70.5
2020,Medikua,Emakumea,Araba / Álava,10.000 biztanleko,67.6
2024,Medikua,Emakumea,Bizkaia,10.000 biztanleko,88.4
2019,Medikua,Emakumea,Bizkaia,10.000 biztanleko,74.1
2023,Medikua,Emakumea,Bizkaia,10.000 biztanleko,85.7
2022,Medikua,Emakumea,Bizkaia,10.000 biztanleko,82.7
2020,Medikua,Emakumea,Bizkaia,10.000 biztanleko,76.8
2018,Medikua,Emakumea,Bizkaia,10.000 biztanleko,70.8
2016,Medikua,Emakumea,Bizkaia,10.000 biztanleko,66.3
2014,Medikua,Emakumea,Bizkaia,10.000 biztanleko,62.3
2017,Medikua,Emakumea,Bizkaia,10.000 biztanleko,68.4
2021,Medikua,Emakumea,Bizkaia,10.000 biztanleko,79.4
2015,Medikua,Emakumea,Bizkaia,10.000 biztanleko,64.2
2012,Medikua,Emakumea,Bizkaia,10.000 biztanleko,59.1
2013,Medikua,Emakumea,Bizkaia,10.000 biztanleko,60.8
2010,Medikua,Emakumea,Bizkaia,10.000 biztanleko,54.5
2011,Medikua,Emakumea,Bizkaia,10.000 biztanleko,56.5
2012,Medikua,Emakumea,Gipuzkoa,10.000 biztanleko,52.6
2010,Medikua,Emakumea,Gipuzkoa,10.000 biztanleko,49.1
2018,Medikua,Emakumea,Gipuzkoa,10.000 biztanleko,62.3
2021,Medikua,Emakumea,Gipuzkoa,10.000 biztanleko,70.4
2023,Medikua,Emakumea,Gipuzkoa,10.000 biztanleko,75.3
2024,Medikua,Emakumea,Gipuzkoa,10.000 biztanleko,77.0
2020,Medikua,Emakumea,Gipuzkoa,10.000 biztanleko,67.3
2011,Medikua,Emakumea,Gipuzkoa,10.000 biztanleko,51.0
2013,Medikua,Emakumea,Gipuzkoa,10.000 biztanleko,54.2
2016,Medikua,Emakumea,Gipuzkoa,10.000 biztanleko,58.4
2017,Medikua,Emakumea,Gipuzkoa,10.000 biztanleko,60.3
2022,Medikua,Emakumea,Gipuzkoa,10.000 biztanleko,73.3
2014,Medikua,Emakumea,Gipuzkoa,10.000 biztanleko,55.9
2019,Medikua,Emakumea,Gipuzkoa,10.000 biztanleko,64.5
2015,Medikua,Emakumea,Gipuzkoa,10.000 biztanleko,57.2
2019,Medikua,Gizona,,10.000 biztanleko,60.7
2014,Medikua,Gizona,,10.000 biztanleko,58.4
2023,Medikua,Gizona,,10.000 biztanleko,63.1
2020,Medikua,Gizona,,10.000 biztanleko,61.2
2010,Medikua,Gizona,,10.000 biztanleko,56.5
2022,Medikua,Gizona,,10.000 biztanleko,62.6
2016,Medikua,Gizona,,10.000 biztanleko,58.8
2013,Medikua,Gizona,,10.000 biztanleko,57.6
2012,Medikua,Gizona,,10.000 biztanleko,57.2
2015,Medikua,Gizona,,10.000 biztanleko,58.3
2021,Medikua,Gizona,,10.000 biztanleko,61.8
2011,Medikua,Gizona,,10.000 biztanleko,57.1
2017,Medikua,Gizona,,10.000 biztanleko,59.1
2018,Medikua,Gizona,,10.000 biztanleko,59.9
2024,Medikua,Gizona,,10.000 biztanleko,63.4
2019,Medikua,Gizona,Araba / Álava,10.000 biztanleko,55.0
2021,Medikua,Gizona,Araba / Álava,10.000 biztanleko,54.7
2020,Medikua,Gizona,Araba / Álava,10.000 biztanleko,54.8
2018,Medikua,Gizona,Araba / Álava,10.000 biztanleko,54.7
2014,Medikua,Gizona,Araba / Álava,10.000 biztanleko,54.3
2011,Medikua,Gizona,Araba / Álava,10.000 biztanleko,52.7
2013,Medikua,Gizona,Araba / Álava,10.000 biztanleko,53.2
2010,Medikua,Gizona,Araba / Álava,10.000 biztanleko,51.1
2023,Medikua,Gizona,Araba / Álava,10.000 biztanleko,55.1
2016,Medikua,Gizona,Araba / Álava,10.000 biztanleko,53.9
2015,Medikua,Gizona,Araba / Álava,10.000 biztanleko,53.9
2017,Medikua,Gizona,Araba / Álava,10.000 biztanleko,54.8
2024,Medikua,Gizona,Araba / Álava,10.000 biztanleko,54.8
2022,Medikua,Gizona,Araba / Álava,10.000 biztanleko,55.1
2012,Medikua,Gizona,Araba / Álava,10.000 biztanleko,52.7
2011,Medikua,Gizona,Bizkaia,10.000 biztanleko,60.7
2013,Medikua,Gizona,Bizkaia,10.000 biztanleko,61.5
2010,Medikua,Gizona,Bizkaia,10.000 biztanleko,60.2
2019,Medikua,Gizona,Bizkaia,10.000 biztanleko,66.4
2012,Medikua,Gizona,Bizkaia,10.000 biztanleko,60.8
2021,Medikua,Gizona,Bizkaia,10.000 biztanleko,68.3
2022,Medikua,Gizona,Bizkaia,10.000 biztanleko,69.3
2018,Medikua,Gizona,Bizkaia,10.000 biztanleko,65.4
2015,Medikua,Gizona,Bizkaia,10.000 biztanleko,62.6
2023,Medikua,Gizona,Bizkaia,10.000 biztanleko,70.5
2017,Medikua,Gizona,Bizkaia,10.000 biztanleko,63.9
2014,Medikua,Gizona,Bizkaia,10.000 biztanleko,62.5
2016,Medikua,Gizona,Bizkaia,10.000 biztanleko,63.3
2024,Medikua,Gizona,Bizkaia,10.000 biztanleko,71.0
2020,Medikua,Gizona,Bizkaia,10.000 biztanleko,67.3
2021,Medikua,Gizona,Gipuzkoa,10.000 biztanleko,54.9
2023,Medikua,Gizona,Gipuzkoa,10.000 biztanleko,55.2
2019,Medikua,Gizona,Gipuzkoa,10.000 biztanleko,54.4
2020,Medikua,Gizona,Gipuzkoa,10.000 biztanleko,54.6
2017,Medikua,Gizona,Gipuzkoa,10.000 biztanleko,53.6
2018,Medikua,Gizona,Gipuzkoa,10.000 biztanleko,53.7
2022,Medikua,Gizona,Gipuzkoa,10.000 biztanleko,55.6
2016,Medikua,Gizona,Gipuzkoa,10.000 biztanleko,53.7
2015,Medikua,Gizona,Gipuzkoa,10.000 biztanleko,53.5
2024,Medikua,Gizona,Gipuzkoa,10.000 biztanleko,55.6
2013,Medikua,Gizona,Gipuzkoa,10.000 biztanleko,53.4
2011,Medikua,Gizona,Gipuzkoa,10.000 biztanleko,53.1
2010,Medikua,Gizona,Gipuzkoa,10.000 biztanleko,53.1
2014,Medikua,Gizona,Gipuzkoa,10.000 biztanleko,53.9
2012,Medikua,Gizona,Gipuzkoa,10.000 biztanleko,53.5
2011,Erizaintzako eta obstetriziako profesionalak,,,10.000 biztanleko,70.2
2015,Erizaintzako eta obstetriziako profesionalak,,,10.000 biztanleko,73.5
2020,Erizaintzako eta obstetriziako profesionalak,,,10.000 biztanleko,78.4
2012,Erizaintzako eta obstetriziako profesionalak,,,10.000 biztanleko,70.3
2023,Erizaintzako eta obstetriziako profesionalak,,,10.000 biztanleko,89.6
2022,Erizaintzako eta obstetriziako profesionalak,,,10.000 biztanleko,80.0
2019,Erizaintzako eta obstetriziako profesionalak,,,10.000 biztanleko,76.9
2021,Erizaintzako eta obstetriziako profesionalak,,,10.000 biztanleko,79.1
2018,Erizaintzako eta obstetriziako profesionalak,,,10.000 biztanleko,76.1
2024,Erizaintzako eta obstetriziako profesionalak,,,10.000 biztanleko,88.9
2017,Erizaintzako eta obstetriziako profesionalak,,,10.000 biztanleko,75.3
2016,Erizaintzako eta obstetriziako profesionalak,,,10.000 biztanleko,74.7
2013,Erizaintzako eta obstetriziako profesionalak,,,10.000 biztanleko,70.5
2010,Erizaintzako eta obstetriziako profesionalak,,,10.000 biztanleko,68.1
2014,Erizaintzako eta obstetriziako profesionalak,,,10.000 biztanleko,72.1
2019,Erizaintzako eta obstetriziako profesionalak,,Araba / Álava,10.000 biztanleko,86.4
2013,Erizaintzako eta obstetriziako profesionalak,,Araba / Álava,10.000 biztanleko,78.4
2012,Erizaintzako eta obstetriziako profesionalak,,Araba / Álava,10.000 biztanleko,77.6
2014,Erizaintzako eta obstetriziako profesionalak,,Araba / Álava,10.000 biztanleko,81.1
2015,Erizaintzako eta obstetriziako profesionalak,,Araba / Álava,10.000 biztanleko,82.7
2011,Erizaintzako eta obstetriziako profesionalak,,Araba / Álava,10.000 biztanleko,77.2
2020,Erizaintzako eta obstetriziako profesionalak,,Araba / Álava,10.000 biztanleko,87.5
2022,Erizaintzako eta obstetriziako profesionalak,,Araba / Álava,10.000 biztanleko,89.0
2018,Erizaintzako eta obstetriziako profesionalak,,Araba / Álava,10.000 biztanleko,87.4
2024,Erizaintzako eta obstetriziako profesionalak,,Araba / Álava,10.000 biztanleko,89.4
2023,Erizaintzako eta obstetriziako profesionalak,,Araba / Álava,10.000 biztanleko,89.5
2021,Erizaintzako eta obstetriziako profesionalak,,Araba / Álava,10.000 biztanleko,88.6
2016,Erizaintzako eta obstetriziako profesionalak,,Araba / Álava,10.000 biztanleko,84.2
2017,Erizaintzako eta obstetriziako profesionalak,,Araba / Álava,10.000 biztanleko,86.0
2010,Erizaintzako eta obstetriziako profesionalak,,Araba / Álava,10.000 biztanleko,75.4
2013,Erizaintzako eta obstetriziako profesionalak,,Bizkaia,10.000 biztanleko,68.6
2016,Erizaintzako eta obstetriziako profesionalak,,Bizkaia,10.000 biztanleko,73.3
2014,Erizaintzako eta obstetriziako profesionalak,,Bizkaia,10.000 biztanleko,70.1
2012,Erizaintzako eta obstetriziako profesionalak,,Bizkaia,10.000 biztanleko,68.4
2023,Erizaintzako eta obstetriziako profesionalak,,Bizkaia,10.000 biztanleko,81.2
2010,Erizaintzako eta obstetriziako profesionalak,,Bizkaia,10.000 biztanleko,65.4
2017,Erizaintzako eta obstetriziako profesionalak,,Bizkaia,10.000 biztanleko,74.2
2024,Erizaintzako eta obstetriziako profesionalak,,Bizkaia,10.000 biztanleko,82.4
2022,Erizaintzako eta obstetriziako profesionalak,,Bizkaia,10.000 biztanleko,79.6
2020,Erizaintzako eta obstetriziako profesionalak,,Bizkaia,10.000 biztanleko,77.9
2018,Erizaintzako eta obstetriziako profesionalak,,Bizkaia,10.000 biztanleko,75.3
2021,Erizaintzako eta obstetriziako profesionalak,,Bizkaia,10.000 biztanleko,78.7
2015,Erizaintzako eta obstetriziako profesionalak,,Bizkaia,10.000 biztanleko,71.9
2011,Erizaintzako eta obstetriziako profesionalak,,Bizkaia,10.000 biztanleko,67.9
2019,Erizaintzako eta obstetriziako profesionalak,,Bizkaia,10.000 biztanleko,76.2
2013,Erizaintzako eta obstetriziako profesionalak,,Gipuzkoa,10.000 biztanleko,70.0
2015,Erizaintzako eta obstetriziako profesionalak,,Gipuzkoa,10.000 biztanleko,72.0
2019,Erizaintzako eta obstetriziako profesionalak,,Gipuzkoa,10.000 biztanleko,73.7
2011,Erizaintzako eta obstetriziako profesionalak,,Gipuzkoa,10.000 biztanleko,70.8
2016,Erizaintzako eta obstetriziako profesionalak,,Gipuzkoa,10.000 biztanleko,72.6
2020,Erizaintzako eta obstetriziako profesionalak,,Gipuzkoa,10.000 biztanleko,75.0
2014,Erizaintzako eta obstetriziako profesionalak,,Gipuzkoa,10.000 biztanleko,71.3
2022,Erizaintzako eta obstetriziako profesionalak,,Gipuzkoa,10.000 biztanleko,76.4
2012,Erizaintzako eta obstetriziako profesionalak,,Gipuzkoa,10.000 biztanleko,70.1
2018,Erizaintzako eta obstetriziako profesionalak,,Gipuzkoa,10.000 biztanleko,72.3
2010,Erizaintzako eta obstetriziako profesionalak,,Gipuzkoa,10.000 biztanleko,69.3
2024,Erizaintzako eta obstetriziako profesionalak,,Gipuzkoa,10.000 biztanleko,98.9
2023,Erizaintzako eta obstetriziako profesionalak,,Gipuzkoa,10.000 biztanleko,103.2
2021,Erizaintzako eta obstetriziako profesionalak,,Gipuzkoa,10.000 biztanleko,75.4
2017,Erizaintzako eta obstetriziako profesionalak,,Gipuzkoa,10.000 biztanleko,72.3
2011,Erizaintzako eta obstetriziako profesionalak,Emakumea,,10.000 biztanleko,123.3
2022,Erizaintzako eta obstetriziako profesionalak,Emakumea,,10.000 biztanleko,138.1
2024,Erizaintzako eta obstetriziako profesionalak,Emakumea,,10.000 biztanleko,153.5
2015,Erizaintzako eta obstetriziako profesionalak,Emakumea,,10.000 biztanleko,129.6
2021,Erizaintzako eta obstetriziako profesionalak,Emakumea,,10.000 biztanleko,136.9
2014,Erizaintzako eta obstetriziako profesionalak,Emakumea,,10.000 biztanleko,127.4
2013,Erizaintzako eta obstetriziako profesionalak,Emakumea,,10.000 biztanleko,124.8
2019,Erizaintzako eta obstetriziako profesionalak,Emakumea,,10.000 biztanleko,134.0
2016,Erizaintzako eta obstetriziako profesionalak,Emakumea,,10.000 biztanleko,131.2
2010,Erizaintzako eta obstetriziako profesionalak,Emakumea,,10.000 biztanleko,121.2
2020,Erizaintzako eta obstetriziako profesionalak,Emakumea,,10.000 biztanleko,135.8
2018,Erizaintzako eta obstetriziako profesionalak,Emakumea,,10.000 biztanleko,133.1
2023,Erizaintzako eta obstetriziako profesionalak,Emakumea,,10.000 biztanleko,154.4
2017,Erizaintzako eta obstetriziako profesionalak,Emakumea,,10.000 biztanleko,132.2
2012,Erizaintzako eta obstetriziako profesionalak,Emakumea,,10.000 biztanleko,123.5
2024,Erizaintzako eta obstetriziako profesionalak,Emakumea,Araba / Álava,10.000 biztanleko,155.3
2017,Erizaintzako eta obstetriziako profesionalak,Emakumea,Araba / Álava,10.000 biztanleko,154.5
2010,Erizaintzako eta obstetriziako profesionalak,Emakumea,Araba / Álava,10.000 biztanleko,138.2
2018,Erizaintzako eta obstetriziako profesionalak,Emakumea,Araba / Álava,10.000 biztanleko,156.3
2022,Erizaintzako eta obstetriziako profesionalak,Emakumea,Araba / Álava,10.000 biztanleko,155.9
2019,Erizaintzako eta obstetriziako profesionalak,Emakumea,Araba / Álava,10.000 biztanleko,153.5
2011,Erizaintzako eta obstetriziako profesionalak,Emakumea,Araba / Álava,10.000 biztanleko,141.7
2013,Erizaintzako eta obstetriziako profesionalak,Emakumea,Araba / Álava,10.000 biztanleko,143.3
2016,Erizaintzako eta obstetriziako profesionalak,Emakumea,Araba / Álava,10.000 biztanleko,151.9
2020,Erizaintzako eta obstetriziako profesionalak,Emakumea,Araba / Álava,10.000 biztanleko,154.7
2014,Erizaintzako eta obstetriziako profesionalak,Emakumea,Araba / Álava,10.000 biztanleko,147.2
2012,Erizaintzako eta obstetriziako profesionalak,Emakumea,Araba / Álava,10.000 biztanleko,142.4
2023,Erizaintzako eta obstetriziako profesionalak,Emakumea,Araba / Álava,10.000 biztanleko,156.3
2021,Erizaintzako eta obstetriziako profesionalak,Emakumea,Araba / Álava,10.000 biztanleko,155.3
2015,Erizaintzako eta obstetriziako profesionalak,Emakumea,Araba / Álava,10.000 biztanleko,150.0
2012,Erizaintzako eta obstetriziako profesionalak,Emakumea,Bizkaia,10.000 biztanleko,117.4
2016,Erizaintzako eta obstetriziako profesionalak,Emakumea,Bizkaia,10.000 biztanleko,125.0
2017,Erizaintzako eta obstetriziako profesionalak,Emakumea,Bizkaia,10.000 biztanleko,126.4
2023,Erizaintzako eta obstetriziako profesionalak,Emakumea,Bizkaia,10.000 biztanleko,135.6
2010,Erizaintzako eta obstetriziako profesionalak,Emakumea,Bizkaia,10.000 biztanleko,112.5
2019,Erizaintzako eta obstetriziako profesionalak,Emakumea,Bizkaia,10.000 biztanleko,128.9
2015,Erizaintzako eta obstetriziako profesionalak,Emakumea,Bizkaia,10.000 biztanleko,122.9
2011,Erizaintzako eta obstetriziako profesionalak,Emakumea,Bizkaia,10.000 biztanleko,116.6
2020,Erizaintzako eta obstetriziako profesionalak,Emakumea,Bizkaia,10.000 biztanleko,130.9
2022,Erizaintzako eta obstetriziako profesionalak,Emakumea,Bizkaia,10.000 biztanleko,133.4
2018,Erizaintzako eta obstetriziako profesionalak,Emakumea,Bizkaia,10.000 biztanleko,128.0
2013,Erizaintzako eta obstetriziako profesionalak,Emakumea,Bizkaia,10.000 biztanleko,117.7
2024,Erizaintzako eta obstetriziako profesionalak,Emakumea,Bizkaia,10.000 biztanleko,137.5
2014,Erizaintzako eta obstetriziako profesionalak,Emakumea,Bizkaia,10.000 biztanleko,120.1
2021,Erizaintzako eta obstetriziako profesionalak,Emakumea,Bizkaia,10.000 biztanleko,132.2
2013,Erizaintzako eta obstetriziako profesionalak,Emakumea,Gipuzkoa,10.000 biztanleko,128.3
2015,Erizaintzako eta obstetriziako profesionalak,Emakumea,Gipuzkoa,10.000 biztanleko,131.4
2019,Erizaintzako eta obstetriziako profesionalak,Emakumea,Gipuzkoa,10.000 biztanleko,133.4
2011,Erizaintzako eta obstetriziako profesionalak,Emakumea,Gipuzkoa,10.000 biztanleko,126.1
2016,Erizaintzako eta obstetriziako profesionalak,Emakumea,Gipuzkoa,10.000 biztanleko,132.2
2014,Erizaintzako eta obstetriziako profesionalak,Emakumea,Gipuzkoa,10.000 biztanleko,130.6
2012,Erizaintzako eta obstetriziako profesionalak,Emakumea,Gipuzkoa,10.000 biztanleko,125.1
2010,Erizaintzako eta obstetriziako profesionalak,Emakumea,Gipuzkoa,10.000 biztanleko,128.2
2024,Erizaintzako eta obstetriziako profesionalak,Emakumea,Gipuzkoa,10.000 biztanleko,178.3
2023,Erizaintzako eta obstetriziako profesionalak,Emakumea,Gipuzkoa,10.000 biztanleko,183.7
2017,Erizaintzako eta obstetriziako profesionalak,Emakumea,Gipuzkoa,10.000 biztanleko,131.4
2021,Erizaintzako eta obstetriziako profesionalak,Emakumea,Gipuzkoa,10.000 biztanleko,136.0
2018,Erizaintzako eta obstetriziako profesionalak,Emakumea,Gipuzkoa,10.000 biztanleko,131.0
2022,Erizaintzako eta obstetriziako profesionalak,Emakumea,Gipuzkoa,10.000 biztanleko,137.4
2020,Erizaintzako eta obstetriziako profesionalak,Emakumea,Gipuzkoa,10.000 biztanleko,135.2
2024,Erizaintzako eta obstetriziako profesionalak,Gizona,,10.000 biztanleko,20.3
2011,Erizaintzako eta obstetriziako profesionalak,Gizona,,10.000 biztanleko,14.5
2020,Erizaintzako eta obstetriziako profesionalak,Gizona,,10.000 biztanleko,17.5
2012,Erizaintzako eta obstetriziako profesionalak,Gizona,,10.000 biztanleko,14.5
2013,Erizaintzako eta obstetriziako profesionalak,Gizona,,10.000 biztanleko,13.4
2014,Erizaintzako eta obstetriziako profesionalak,Gizona,,10.000 biztanleko,13.9
2017,Erizaintzako eta obstetriziako profesionalak,Gizona,,10.000 biztanleko,15.1
2018,Erizaintzako eta obstetriziako profesionalak,Gizona,,10.000 biztanleko,15.6
2021,Erizaintzako eta obstetriziako profesionalak,Gizona,,10.000 biztanleko,17.8
2023,Erizaintzako eta obstetriziako profesionalak,Gizona,,10.000 biztanleko,20.9
2016,Erizaintzako eta obstetriziako profesionalak,Gizona,,10.000 biztanleko,14.9
2010,Erizaintzako eta obstetriziako profesionalak,Gizona,,10.000 biztanleko,12.5
2022,Erizaintzako eta obstetriziako profesionalak,Gizona,,10.000 biztanleko,18.3
2015,Erizaintzako eta obstetriziako profesionalak,Gizona,,10.000 biztanleko,14.3
2019,Erizaintzako eta obstetriziako profesionalak,Gizona,,10.000 biztanleko,16.4
2023,Erizaintzako eta obstetriziako profesionalak,Gizona,Araba / Álava,10.000 biztanleko,20.2
2022,Erizaintzako eta obstetriziako profesionalak,Gizona,Araba / Álava,10.000 biztanleko,19.6
2015,Erizaintzako eta obstetriziako profesionalak,Gizona,Araba / Álava,10.000 biztanleko,13.9
2019,Erizaintzako eta obstetriziako profesionalak,Gizona,Araba / Álava,10.000 biztanleko,17.1
2011,Erizaintzako eta obstetriziako profesionalak,Gizona,Araba / Álava,10.000 biztanleko,12.3
2016,Erizaintzako eta obstetriziako profesionalak,Gizona,Araba / Álava,10.000 biztanleko,14.8
2020,Erizaintzako eta obstetriziako profesionalak,Gizona,Araba / Álava,10.000 biztanleko,18.0
2014,Erizaintzako eta obstetriziako profesionalak,Gizona,Araba / Álava,10.000 biztanleko,13.7
2010,Erizaintzako eta obstetriziako profesionalak,Gizona,Araba / Álava,10.000 biztanleko,12.3
2024,Erizaintzako eta obstetriziako profesionalak,Gizona,Araba / Álava,10.000 biztanleko,21.0
2021,Erizaintzako eta obstetriziako profesionalak,Gizona,Araba / Álava,10.000 biztanleko,19.5
2017,Erizaintzako eta obstetriziako profesionalak,Gizona,Araba / Álava,10.000 biztanleko,15.5
2012,Erizaintzako eta obstetriziako profesionalak,Gizona,Araba / Álava,10.000 biztanleko,12.4
2013,Erizaintzako eta obstetriziako profesionalak,Gizona,Araba / Álava,10.000 biztanleko,12.6
2018,Erizaintzako eta obstetriziako profesionalak,Gizona,Araba / Álava,10.000 biztanleko,16.4
2013,Erizaintzako eta obstetriziako profesionalak,Gizona,Bizkaia,10.000 biztanleko,16.2
2015,Erizaintzako eta obstetriziako profesionalak,Gizona,Bizkaia,10.000 biztanleko,17.0
2019,Erizaintzako eta obstetriziako profesionalak,Gizona,Bizkaia,10.000 biztanleko,19.4
2011,Erizaintzako eta obstetriziako profesionalak,Gizona,Bizkaia,10.000 biztanleko,15.9
2020,Erizaintzako eta obstetriziako profesionalak,Gizona,Bizkaia,10.000 biztanleko,20.8
2014,Erizaintzako eta obstetriziako profesionalak,Gizona,Bizkaia,10.000 biztanleko,16.5
2022,Erizaintzako eta obstetriziako profesionalak,Gizona,Bizkaia,10.000 biztanleko,21.6
2012,Erizaintzako eta obstetriziako profesionalak,Gizona,Bizkaia,10.000 biztanleko,16.1
2018,Erizaintzako eta obstetriziako profesionalak,Gizona,Bizkaia,10.000 biztanleko,18.5
2010,Erizaintzako eta obstetriziako profesionalak,Gizona,Bizkaia,10.000 biztanleko,15.2
2024,Erizaintzako eta obstetriziako profesionalak,Gizona,Bizkaia,10.000 biztanleko,23.1
2023,Erizaintzako eta obstetriziako profesionalak,Gizona,Bizkaia,10.000 biztanleko,22.5
2021,Erizaintzako eta obstetriziako profesionalak,Gizona,Bizkaia,10.000 biztanleko,21.0
2017,Erizaintzako eta obstetriziako profesionalak,Gizona,Bizkaia,10.000 biztanleko,17.9
2016,Erizaintzako eta obstetriziako profesionalak,Gizona,Bizkaia,10.000 biztanleko,17.6
2024,Erizaintzako eta obstetriziako profesionalak,Gizona,Gipuzkoa,10.000 biztanleko,15.6
2015,Erizaintzako eta obstetriziako profesionalak,Gizona,Gipuzkoa,10.000 biztanleko,10.1
2013,Erizaintzako eta obstetriziako profesionalak,Gizona,Gipuzkoa,10.000 biztanleko,9.4
2019,Erizaintzako eta obstetriziako profesionalak,Gizona,Gipuzkoa,10.000 biztanleko,11.3
2011,Erizaintzako eta obstetriziako profesionalak,Gizona,Gipuzkoa,10.000 biztanleko,13.3
2016,Erizaintzako eta obstetriziako profesionalak,Gizona,Gipuzkoa,10.000 biztanleko,10.5
2020,Erizaintzako eta obstetriziako profesionalak,Gizona,Gipuzkoa,10.000 biztanleko,12.0
2014,Erizaintzako eta obstetriziako profesionalak,Gizona,Gipuzkoa,10.000 biztanleko,9.7
2022,Erizaintzako eta obstetriziako profesionalak,Gizona,Gipuzkoa,10.000 biztanleko,12.5
2012,Erizaintzako eta obstetriziako profesionalak,Gizona,Gipuzkoa,10.000 biztanleko,12.9
2018,Erizaintzako eta obstetriziako profesionalak,Gizona,Gipuzkoa,10.000 biztanleko,10.7
2010,Erizaintzako eta obstetriziako profesionalak,Gizona,Gipuzkoa,10.000 biztanleko,8.1
2023,Erizaintzako eta obstetriziako profesionalak,Gizona,Gipuzkoa,10.000 biztanleko,18.7
2021,Erizaintzako eta obstetriziako profesionalak,Gizona,Gipuzkoa,10.000 biztanleko,12.1
2017,Erizaintzako eta obstetriziako profesionalak,Gizona,Gipuzkoa,10.000 biztanleko,10.4
2017,Dentista,,,10.000 biztanleko,8.5
2013,Dentista,,,10.000 biztanleko,7.8
2020,Dentista,,,10.000 biztanleko,8.7
2016,Dentista,,,10.000 biztanleko,8.4
2014,Dentista,,,10.000 biztanleko,7.9
2022,Dentista,,,10.000 biztanleko,9.0
2010,Dentista,,,10.000 biztanleko,7.3
2021,Dentista,,,10.000 biztanleko,9.0
2023,Dentista,,,10.000 biztanleko,9.1
2019,Dentista,,,10.000 biztanleko,8.7
2011,Dentista,,,10.000 biztanleko,7.4
2018,Dentista,,,10.000 biztanleko,8.6
2012,Dentista,,,10.000 biztanleko,7.6
2024,Dentista,,,10.000 biztanleko,9.1
2015,Dentista,,,10.000 biztanleko,8.2
2016,Dentista,,Araba / Álava,10.000 biztanleko,6.5
2024,Dentista,,Araba / Álava,10.000 biztanleko,6.7
2015,Dentista,,Araba / Álava,10.000 biztanleko,6.5
2012,Dentista,,Araba / Álava,10.000 biztanleko,5.7
2017,Dentista,,Araba / Álava,10.000 biztanleko,6.3
2020,Dentista,,Araba / Álava,10.000 biztanleko,6.7
2014,Dentista,,Araba / Álava,10.000 biztanleko,6.3
2021,Dentista,,Araba / Álava,10.000 biztanleko,6.6
2010,Dentista,,Araba / Álava,10.000 biztanleko,5.6
2023,Dentista,,Araba / Álava,10.000 biztanleko,6.4
2013,Dentista,,Araba / Álava,10.000 biztanleko,6.0
2019,Dentista,,Araba / Álava,10.000 biztanleko,6.7
2022,Dentista,,Araba / Álava,10.000 biztanleko,6.4
2011,Dentista,,Araba / Álava,10.000 biztanleko,5.8
2018,Dentista,,Araba / Álava,10.000 biztanleko,6.4
2016,Dentista,,Bizkaia,10.000 biztanleko,8.7
2012,Dentista,,Bizkaia,10.000 biztanleko,7.9
2017,Dentista,,Bizkaia,10.000 biztanleko,8.9
2021,Dentista,,Bizkaia,10.000 biztanleko,9.2
2015,Dentista,,Bizkaia,10.000 biztanleko,8.5
2013,Dentista,,Bizkaia,10.000 biztanleko,8.1
2019,Dentista,,Bizkaia,10.000 biztanleko,9.1
2011,Dentista,,Bizkaia,10.000 biztanleko,7.9
2024,Dentista,,Bizkaia,10.000 biztanleko,9.2
2022,Dentista,,Bizkaia,10.000 biztanleko,9.3
2018,Dentista,,Bizkaia,10.000 biztanleko,9.1
2010,Dentista,,Bizkaia,10.000 biztanleko,7.7
2023,Dentista,,Bizkaia,10.000 biztanleko,9.3
2014,Dentista,,Bizkaia,10.000 biztanleko,8.3
2020,Dentista,,Bizkaia,10.000 biztanleko,9.1
2010,Dentista,,Gipuzkoa,10.000 biztanleko,7.3
2014,Dentista,,Gipuzkoa,10.000 biztanleko,8.0
2016,Dentista,,Gipuzkoa,10.000 biztanleko,8.7
2020,Dentista,,Gipuzkoa,10.000 biztanleko,9.1
2012,Dentista,,Gipuzkoa,10.000 biztanleko,8.0
2017,Dentista,,Gipuzkoa,10.000 biztanleko,8.7
2021,Dentista,,Gipuzkoa,10.000 biztanleko,9.7
2015,Dentista,,Gipuzkoa,10.000 biztanleko,8.5
2023,Dentista,,Gipuzkoa,10.000 biztanleko,10.0
2013,Dentista,,Gipuzkoa,10.000 biztanleko,8.1
2019,Dentista,,Gipuzkoa,10.000 biztanleko,8.9
2022,Dentista,,Gipuzkoa,10.000 biztanleko,9.8
2024,Dentista,,Gipuzkoa,10.000 biztanleko,10.1
2011,Dentista,,Gipuzkoa,10.000 biztanleko,7.3
2018,Dentista,,Gipuzkoa,10.000 biztanleko,8.8
2023,Dentista,Emakumea,,10.000 biztanleko,11.6
2012,Dentista,Emakumea,,10.000 biztanleko,9.0
2019,Dentista,Emakumea,,10.000 biztanleko,10.7
2021,Dentista,Emakumea,,10.000 biztanleko,11.3
2011,Dentista,Emakumea,,10.000 biztanleko,6.9
2022,Dentista,Emakumea,,10.000 biztanleko,11.4
2014,Dentista,Emakumea,,10.000 biztanleko,9.5
2020,Dentista,Emakumea,,10.000 biztanleko,11.1
2015,Dentista,Emakumea,,10.000 biztanleko,9.9
2018,Dentista,Emakumea,,10.000 biztanleko,10.7
2013,Dentista,Emakumea,,10.000 biztanleko,9.3
2016,Dentista,Emakumea,,10.000 biztanleko,10.2
2017,Dentista,Emakumea,,10.000 biztanleko,10.4
2010,Dentista,Emakumea,,10.000 biztanleko,6.8
2024,Dentista,Emakumea,,10.000 biztanleko,11.7
2016,Dentista,Emakumea,Araba / Álava,10.000 biztanleko,8.3
2012,Dentista,Emakumea,Araba / Álava,10.000 biztanleko,7.2
2023,Dentista,Emakumea,Araba / Álava,10.000 biztanleko,8.2
2017,Dentista,Emakumea,Araba / Álava,10.000 biztanleko,7.9
2010,Dentista,Emakumea,Araba / Álava,10.000 biztanleko,5.4
2014,Dentista,Emakumea,Araba / Álava,10.000 biztanleko,8.0
2020,Dentista,Emakumea,Araba / Álava,10.000 biztanleko,8.5
2015,Dentista,Emakumea,Araba / Álava,10.000 biztanleko,8.2
2024,Dentista,Emakumea,Araba / Álava,10.000 biztanleko,8.7
2018,Dentista,Emakumea,Araba / Álava,10.000 biztanleko,8.0
2019,Dentista,Emakumea,Araba / Álava,10.000 biztanleko,8.5
2011,Dentista,Emakumea,Araba / Álava,10.000 biztanleko,5.6
2022,Dentista,Emakumea,Araba / Álava,10.000 biztanleko,8.1
2021,Dentista,Emakumea,Araba / Álava,10.000 biztanleko,8.2
2013,Dentista,Emakumea,Araba / Álava,10.000 biztanleko,7.7
2019,Dentista,Emakumea,Bizkaia,10.000 biztanleko,11.3
2021,Dentista,Emakumea,Bizkaia,10.000 biztanleko,11.7
2010,Dentista,Emakumea,Bizkaia,10.000 biztanleko,7.2
2014,Dentista,Emakumea,Bizkaia,10.000 biztanleko,9.7
2016,Dentista,Emakumea,Bizkaia,10.000 biztanleko,10.4
2020,Dentista,Emakumea,Bizkaia,10.000 biztanleko,11.4
2017,Dentista,Emakumea,Bizkaia,10.000 biztanleko,10.8
2015,Dentista,Emakumea,Bizkaia,10.000 biztanleko,10.1
2023,Dentista,Emakumea,Bizkaia,10.000 biztanleko,11.9
2013,Dentista,Emakumea,Bizkaia,10.000 biztanleko,9.4
2011,Dentista,Emakumea,Bizkaia,10.000 biztanleko,7.3
2024,Dentista,Emakumea,Bizkaia,10.000 biztanleko,12.0
2022,Dentista,Emakumea,Bizkaia,10.000 biztanleko,11.9
2018,Dentista,Emakumea,Bizkaia,10.000 biztanleko,11.2
2012,Dentista,Emakumea,Bizkaia,10.000 biztanleko,9.2
2018,Dentista,Emakumea,Gipuzkoa,10.000 biztanleko,11.1
2015,Dentista,Emakumea,Gipuzkoa,10.000 biztanleko,10.3
2010,Dentista,Emakumea,Gipuzkoa,10.000 biztanleko,6.7
2014,Dentista,Emakumea,Gipuzkoa,10.000 biztanleko,9.8
2016,Dentista,Emakumea,Gipuzkoa,10.000 biztanleko,10.7
2020,Dentista,Emakumea,Gipuzkoa,10.000 biztanleko,11.8
2012,Dentista,Emakumea,Gipuzkoa,10.000 biztanleko,9.5
2017,Dentista,Emakumea,Gipuzkoa,10.000 biztanleko,10.8
2021,Dentista,Emakumea,Gipuzkoa,10.000 biztanleko,12.1
2023,Dentista,Emakumea,Gipuzkoa,10.000 biztanleko,12.6
2013,Dentista,Emakumea,Gipuzkoa,10.000 biztanleko,9.6
2019,Dentista,Emakumea,Gipuzkoa,10.000 biztanleko,10.6
2024,Dentista,Emakumea,Gipuzkoa,10.000 biztanleko,12.8
2022,Dentista,Emakumea,Gipuzkoa,10.000 biztanleko,12.2
2011,Dentista,Emakumea,Gipuzkoa,10.000 biztanleko,6.7
2014,Dentista,Gizona,,10.000 biztanleko,6.2
2015,Dentista,Gizona,,10.000 biztanleko,6.4
2012,Dentista,Gizona,,10.000 biztanleko,6.1
2024,Dentista,Gizona,,10.000 biztanleko,6.3
2010,Dentista,Gizona,,10.000 biztanleko,7.8
2016,Dentista,Gizona,,10.000 biztanleko,6.4
2021,Dentista,Gizona,,10.000 biztanleko,6.5
2020,Dentista,Gizona,,10.000 biztanleko,6.2
2019,Dentista,Gizona,,10.000 biztanleko,6.6
2022,Dentista,Gizona,,10.000 biztanleko,6.5
2011,Dentista,Gizona,,10.000 biztanleko,7.9
2013,Dentista,Gizona,,10.000 biztanleko,6.2
2018,Dentista,Gizona,,10.000 biztanleko,6.4
2017,Dentista,Gizona,,10.000 biztanleko,6.4
2023,Dentista,Gizona,,10.000 biztanleko,6.4
2016,Dentista,Gizona,Araba / Álava,10.000 biztanleko,4.7
2021,Dentista,Gizona,Araba / Álava,10.000 biztanleko,5.0
2015,Dentista,Gizona,Araba / Álava,10.000 biztanleko,4.7
2022,Dentista,Gizona,Araba / Álava,10.000 biztanleko,4.7
2020,Dentista,Gizona,Araba / Álava,10.000 biztanleko,4.9
2013,Dentista,Gizona,Araba / Álava,10.000 biztanleko,4.3
2024,Dentista,Gizona,Araba / Álava,10.000 biztanleko,4.7
2018,Dentista,Gizona,Araba / Álava,10.000 biztanleko,4.7
2019,Dentista,Gizona,Araba / Álava,10.000 biztanleko,5.0
2011,Dentista,Gizona,Araba / Álava,10.000 biztanleko,6.0
2012,Dentista,Gizona,Araba / Álava,10.000 biztanleko,4.2
2023,Dentista,Gizona,Araba / Álava,10.000 biztanleko,4.6
2014,Dentista,Gizona,Araba / Álava,10.000 biztanleko,4.5
2010,Dentista,Gizona,Araba / Álava,10.000 biztanleko,5.9
2017,Dentista,Gizona,Araba / Álava,10.000 biztanleko,4.6
2023,Dentista,Gizona,Bizkaia,10.000 biztanleko,6.4
2021,Dentista,Gizona,Bizkaia,10.000 biztanleko,6.5
2012,Dentista,Gizona,Bizkaia,10.000 biztanleko,6.4
2016,Dentista,Gizona,Bizkaia,10.000 biztanleko,6.8
2010,Dentista,Gizona,Bizkaia,10.000 biztanleko,8.3
2014,Dentista,Gizona,Bizkaia,10.000 biztanleko,6.7
2020,Dentista,Gizona,Bizkaia,10.000 biztanleko,6.5
2017,Dentista,Gizona,Bizkaia,10.000 biztanleko,6.9
2015,Dentista,Gizona,Bizkaia,10.000 biztanleko,6.8
2013,Dentista,Gizona,Bizkaia,10.000 biztanleko,6.6
2019,Dentista,Gizona,Bizkaia,10.000 biztanleko,6.8
2011,Dentista,Gizona,Bizkaia,10.000 biztanleko,8.4
2024,Dentista,Gizona,Bizkaia,10.000 biztanleko,6.2
2022,Dentista,Gizona,Bizkaia,10.000 biztanleko,6.5
2018,Dentista,Gizona,Bizkaia,10.000 biztanleko,6.8
2010,Dentista,Gizona,Gipuzkoa,10.000 biztanleko,7.9
2015,Dentista,Gizona,Gipuzkoa,10.000 biztanleko,6.6
2022,Dentista,Gizona,Gipuzkoa,10.000 biztanleko,7.3
2018,Dentista,Gizona,Gipuzkoa,10.000 biztanleko,6.5
2024,Dentista,Gizona,Gipuzkoa,10.000 biztanleko,7.2
2014,Dentista,Gizona,Gipuzkoa,10.000 biztanleko,6.1
2011,Dentista,Gizona,Gipuzkoa,10.000 biztanleko,8.0
2013,Dentista,Gizona,Gipuzkoa,10.000 biztanleko,6.5
2016,Dentista,Gizona,Gipuzkoa,10.000 biztanleko,6.6
2020,Dentista,Gizona,Gipuzkoa,10.000 biztanleko,6.4
2012,Dentista,Gizona,Gipuzkoa,10.000 biztanleko,6.5
2017,Dentista,Gizona,Gipuzkoa,10.000 biztanleko,6.5
2021,Dentista,Gizona,Gipuzkoa,10.000 biztanleko,7.2
2023,Dentista,Gizona,Gipuzkoa,10.000 biztanleko,7.3
2019,Dentista,Gizona,Gipuzkoa,10.000 biztanleko,7.0
2013,Farmazeutikoa,,,10.000 biztanleko,14.4
2015,Farmazeutikoa,,,10.000 biztanleko,14.9
2017,Farmazeutikoa,,,10.000 biztanleko,15.6
2010,Farmazeutikoa,,,10.000 biztanleko,13.6
2012,Farmazeutikoa,,,10.000 biztanleko,14.1
2023,Farmazeutikoa,,,10.000 biztanleko,16.7
2011,Farmazeutikoa,,,10.000 biztanleko,13.8
2022,Farmazeutikoa,,,10.000 biztanleko,16.8
2021,Farmazeutikoa,,,10.000 biztanleko,16.4
2020,Farmazeutikoa,,,10.000 biztanleko,16.2
2024,Farmazeutikoa,,,10.000 biztanleko,16.7
2016,Farmazeutikoa,,,10.000 biztanleko,15.4
2014,Farmazeutikoa,,,10.000 biztanleko,14.7
2018,Farmazeutikoa,,,10.000 biztanleko,15.9
2019,Farmazeutikoa,,,10.000 biztanleko,16.0
2013,Farmazeutikoa,,Araba / Álava,10.000 biztanleko,14.7
2016,Farmazeutikoa,,Araba / Álava,10.000 biztanleko,15.7
2015,Farmazeutikoa,,Araba / Álava,10.000 biztanleko,15.2
2011,Farmazeutikoa,,Araba / Álava,10.000 biztanleko,14.1
2022,Farmazeutikoa,,Araba / Álava,10.000 biztanleko,17.3
2012,Farmazeutikoa,,Araba / Álava,10.000 biztanleko,14.4
2018,Farmazeutikoa,,Araba / Álava,10.000 biztanleko,16.0
2021,Farmazeutikoa,,Araba / Álava,10.000 biztanleko,16.5
2014,Farmazeutikoa,,Araba / Álava,10.000 biztanleko,15.0
2010,Farmazeutikoa,,Araba / Álava,10.000 biztanleko,13.8
2017,Farmazeutikoa,,Araba / Álava,10.000 biztanleko,15.8
2024,Farmazeutikoa,,Araba / Álava,10.000 biztanleko,17.3
2023,Farmazeutikoa,,Araba / Álava,10.000 biztanleko,17.1
2020,Farmazeutikoa,,Araba / Álava,10.000 biztanleko,16.5
2019,Farmazeutikoa,,Araba / Álava,10.000 biztanleko,16.2
2013,Farmazeutikoa,,Bizkaia,10.000 biztanleko,14.5
2015,Farmazeutikoa,,Bizkaia,10.000 biztanleko,15.2
2019,Farmazeutikoa,,Bizkaia,10.000 biztanleko,16.0
2011,Farmazeutikoa,,Bizkaia,10.000 biztanleko,14.1
2016,Farmazeutikoa,,Bizkaia,10.000 biztanleko,15.6
2020,Farmazeutikoa,,Bizkaia,10.000 biztanleko,16.1
2014,Farmazeutikoa,,Bizkaia,10.000 biztanleko,14.8
2022,Farmazeutikoa,,Bizkaia,10.000 biztanleko,16.6
2012,Farmazeutikoa,,Bizkaia,10.000 biztanleko,14.2
2018,Farmazeutikoa,,Bizkaia,10.000 biztanleko,16.0
2010,Farmazeutikoa,,Bizkaia,10.000 biztanleko,14.0
2024,Farmazeutikoa,,Bizkaia,10.000 biztanleko,16.5
2023,Farmazeutikoa,,Bizkaia,10.000 biztanleko,16.5
2021,Farmazeutikoa,,Bizkaia,10.000 biztanleko,16.4
2017,Farmazeutikoa,,Bizkaia,10.000 biztanleko,15.8
2013,Farmazeutikoa,,Gipuzkoa,10.000 biztanleko,14.0
2015,Farmazeutikoa,,Gipuzkoa,10.000 biztanleko,14.5
2019,Farmazeutikoa,,Gipuzkoa,10.000 biztanleko,15.9
2011,Farmazeutikoa,,Gipuzkoa,10.000 biztanleko,13.3
2016,Farmazeutikoa,,Gipuzkoa,10.000 biztanleko,14.9
2020,Farmazeutikoa,,Gipuzkoa,10.000 biztanleko,16.3
2014,Farmazeutikoa,,Gipuzkoa,10.000 biztanleko,14.5
2022,Farmazeutikoa,,Gipuzkoa,10.000 biztanleko,16.9
2012,Farmazeutikoa,,Gipuzkoa,10.000 biztanleko,13.7
2018,Farmazeutikoa,,Gipuzkoa,10.000 biztanleko,15.7
2010,Farmazeutikoa,,Gipuzkoa,10.000 biztanleko,12.9
2024,Farmazeutikoa,,Gipuzkoa,10.000 biztanleko,16.8
2023,Farmazeutikoa,,Gipuzkoa,10.000 biztanleko,16.8
2021,Farmazeutikoa,,Gipuzkoa,10.000 biztanleko,16.3
2017,Farmazeutikoa,,Gipuzkoa,10.000 biztanleko,15.2
2018,Farmazeutikoa,Emakumea,,10.000 biztanleko,24.7
2010,Farmazeutikoa,Emakumea,,10.000 biztanleko,21.3
2019,Farmazeutikoa,Emakumea,,10.000 biztanleko,24.9
2015,Farmazeutikoa,Emakumea,,10.000 biztanleko,23.3
2017,Farmazeutikoa,Emakumea,,10.000 biztanleko,24.4
2020,Farmazeutikoa,Emakumea,,10.000 biztanleko,25.3
2023,Farmazeutikoa,Emakumea,,10.000 biztanleko,26.1
2014,Farmazeutikoa,Emakumea,,10.000 biztanleko,22.9
2021,Farmazeutikoa,Emakumea,,10.000 biztanleko,25.7
2022,Farmazeutikoa,Emakumea,,10.000 biztanleko,26.3
2016,Farmazeutikoa,Emakumea,,10.000 biztanleko,23.9
2024,Farmazeutikoa,Emakumea,,10.000 biztanleko,26.1
2012,Farmazeutikoa,Emakumea,,10.000 biztanleko,21.9
2011,Farmazeutikoa,Emakumea,,10.000 biztanleko,21.7
2013,Farmazeutikoa,Emakumea,,10.000 biztanleko,22.4
2017,Farmazeutikoa,Emakumea,Araba / Álava,10.000 biztanleko,24.1
2014,Farmazeutikoa,Emakumea,Araba / Álava,10.000 biztanleko,23.4
2020,Farmazeutikoa,Emakumea,Araba / Álava,10.000 biztanleko,25.4
2018,Farmazeutikoa,Emakumea,Araba / Álava,10.000 biztanleko,24.3
2013,Farmazeutikoa,Emakumea,Araba / Álava,10.000 biztanleko,22.8
2019,Farmazeutikoa,Emakumea,Araba / Álava,10.000 biztanleko,24.7
2023,Farmazeutikoa,Emakumea,Araba / Álava,10.000 biztanleko,27.0
2010,Farmazeutikoa,Emakumea,Araba / Álava,10.000 biztanleko,21.2
2024,Farmazeutikoa,Emakumea,Araba / Álava,10.000 biztanleko,27.7
2021,Farmazeutikoa,Emakumea,Araba / Álava,10.000 biztanleko,25.4
2012,Farmazeutikoa,Emakumea,Araba / Álava,10.000 biztanleko,22.5
2016,Farmazeutikoa,Emakumea,Araba / Álava,10.000 biztanleko,23.8
2022,Farmazeutikoa,Emakumea,Araba / Álava,10.000 biztanleko,27.4
2011,Farmazeutikoa,Emakumea,Araba / Álava,10.000 biztanleko,22.1
2015,Farmazeutikoa,Emakumea,Araba / Álava,10.000 biztanleko,23.2
2021,Farmazeutikoa,Emakumea,Bizkaia,10.000 biztanleko,25.4
2018,Farmazeutikoa,Emakumea,Bizkaia,10.000 biztanleko,24.8
2022,Farmazeutikoa,Emakumea,Bizkaia,10.000 biztanleko,25.8
2020,Farmazeutikoa,Emakumea,Bizkaia,10.000 biztanleko,24.9
2013,Farmazeutikoa,Emakumea,Bizkaia,10.000 biztanleko,22.5
2015,Farmazeutikoa,Emakumea,Bizkaia,10.000 biztanleko,23.5
2019,Farmazeutikoa,Emakumea,Bizkaia,10.000 biztanleko,24.8
2011,Farmazeutikoa,Emakumea,Bizkaia,10.000 biztanleko,22.1
2016,Farmazeutikoa,Emakumea,Bizkaia,10.000 biztanleko,24.2
2014,Farmazeutikoa,Emakumea,Bizkaia,10.000 biztanleko,22.9
2012,Farmazeutikoa,Emakumea,Bizkaia,10.000 biztanleko,22.1
2010,Farmazeutikoa,Emakumea,Bizkaia,10.000 biztanleko,21.9
2024,Farmazeutikoa,Emakumea,Bizkaia,10.000 biztanleko,25.3
2023,Farmazeutikoa,Emakumea,Bizkaia,10.000 biztanleko,25.4
2017,Farmazeutikoa,Emakumea,Bizkaia,10.000 biztanleko,24.4
2010,Farmazeutikoa,Emakumea,Gipuzkoa,10.000 biztanleko,20.3
2023,Farmazeutikoa,Emakumea,Gipuzkoa,10.000 biztanleko,26.8
2017,Farmazeutikoa,Emakumea,Gipuzkoa,10.000 biztanleko,24.5
2012,Farmazeutikoa,Emakumea,Gipuzkoa,10.000 biztanleko,21.4
2014,Farmazeutikoa,Emakumea,Gipuzkoa,10.000 biztanleko,22.7
2016,Farmazeutikoa,Emakumea,Gipuzkoa,10.000 biztanleko,23.5
2013,Farmazeutikoa,Emakumea,Gipuzkoa,10.000 biztanleko,21.9
2015,Farmazeutikoa,Emakumea,Gipuzkoa,10.000 biztanleko,23.0
2019,Farmazeutikoa,Emakumea,Gipuzkoa,10.000 biztanleko,25.2
2011,Farmazeutikoa,Emakumea,Gipuzkoa,10.000 biztanleko,20.8
2020,Farmazeutikoa,Emakumea,Gipuzkoa,10.000 biztanleko,25.8
2022,Farmazeutikoa,Emakumea,Gipuzkoa,10.000 biztanleko,26.7
2018,Farmazeutikoa,Emakumea,Gipuzkoa,10.000 biztanleko,24.9
2024,Farmazeutikoa,Emakumea,Gipuzkoa,10.000 biztanleko,26.7
2021,Farmazeutikoa,Emakumea,Gipuzkoa,10.000 biztanleko,26.3
2014,Farmazeutikoa,Gizona,,10.000 biztanleko,6.1
2021,Farmazeutikoa,Gizona,,10.000 biztanleko,6.5
2022,Farmazeutikoa,Gizona,,10.000 biztanleko,6.7
2013,Farmazeutikoa,Gizona,,10.000 biztanleko,6.0
2023,Farmazeutikoa,Gizona,,10.000 biztanleko,6.7
2012,Farmazeutikoa,Gizona,,10.000 biztanleko,5.9
2016,Farmazeutikoa,Gizona,,10.000 biztanleko,6.3
2018,Farmazeutikoa,Gizona,,10.000 biztanleko,6.6
2015,Farmazeutikoa,Gizona,,10.000 biztanleko,6.1
2011,Farmazeutikoa,Gizona,,10.000 biztanleko,5.6
2020,Farmazeutikoa,Gizona,,10.000 biztanleko,6.7
2010,Farmazeutikoa,Gizona,,10.000 biztanleko,5.6
2019,Farmazeutikoa,Gizona,,10.000 biztanleko,6.5
2017,Farmazeutikoa,Gizona,,10.000 biztanleko,6.3
2024,Farmazeutikoa,Gizona,,10.000 biztanleko,6.8
2013,Farmazeutikoa,Gizona,Araba / Álava,10.000 biztanleko,6.5
2015,Farmazeutikoa,Gizona,Araba / Álava,10.000 biztanleko,6.9
2011,Farmazeutikoa,Gizona,Araba / Álava,10.000 biztanleko,6.0
2016,Farmazeutikoa,Gizona,Araba / Álava,10.000 biztanleko,7.4
2020,Farmazeutikoa,Gizona,Araba / Álava,10.000 biztanleko,7.4
2014,Farmazeutikoa,Gizona,Araba / Álava,10.000 biztanleko,6.4
2022,Farmazeutikoa,Gizona,Araba / Álava,10.000 biztanleko,6.8
2012,Farmazeutikoa,Gizona,Araba / Álava,10.000 biztanleko,6.4
2018,Farmazeutikoa,Gizona,Araba / Álava,10.000 biztanleko,7.4
2024,Farmazeutikoa,Gizona,Araba / Álava,10.000 biztanleko,6.6
2023,Farmazeutikoa,Gizona,Araba / Álava,10.000 biztanleko,6.8
2021,Farmazeutikoa,Gizona,Araba / Álava,10.000 biztanleko,7.2
2017,Farmazeutikoa,Gizona,Araba / Álava,10.000 biztanleko,7.2
2010,Farmazeutikoa,Gizona,Araba / Álava,10.000 biztanleko,6.3
2019,Farmazeutikoa,Gizona,Araba / Álava,10.000 biztanleko,7.4
2013,Farmazeutikoa,Gizona,Bizkaia,10.000 biztanleko,6.0
2015,Farmazeutikoa,Gizona,Bizkaia,10.000 biztanleko,6.3
2019,Farmazeutikoa,Gizona,Bizkaia,10.000 biztanleko,6.5
2011,Farmazeutikoa,Gizona,Bizkaia,10.000 biztanleko,5.5
2016,Farmazeutikoa,Gizona,Bizkaia,10.000 biztanleko,6.4
2020,Farmazeutikoa,Gizona,Bizkaia,10.000 biztanleko,6.6
2014,Farmazeutikoa,Gizona,Bizkaia,10.000 biztanleko,6.1
2022,Farmazeutikoa,Gizona,Bizkaia,10.000 biztanleko,6.7
2012,Farmazeutikoa,Gizona,Bizkaia,10.000 biztanleko,5.8
2018,Farmazeutikoa,Gizona,Bizkaia,10.000 biztanleko,6.6
2010,Farmazeutikoa,Gizona,Bizkaia,10.000 biztanleko,5.5
2024,Farmazeutikoa,Gizona,Bizkaia,10.000 biztanleko,7.0
2023,Farmazeutikoa,Gizona,Bizkaia,10.000 biztanleko,7.0
2021,Farmazeutikoa,Gizona,Bizkaia,10.000 biztanleko,6.7
2017,Farmazeutikoa,Gizona,Bizkaia,10.000 biztanleko,6.5
2013,Farmazeutikoa,Gizona,Gipuzkoa,10.000 biztanleko,5.7
2015,Farmazeutikoa,Gizona,Gipuzkoa,10.000 biztanleko,5.6
2019,Farmazeutikoa,Gizona,Gipuzkoa,10.000 biztanleko,6.1
2011,Farmazeutikoa,Gizona,Gipuzkoa,10.000 biztanleko,5.4
2016,Farmazeutikoa,Gizona,Gipuzkoa,10.000 biztanleko,5.8
2020,Farmazeutikoa,Gizona,Gipuzkoa,10.000 biztanleko,6.4
2014,Farmazeutikoa,Gizona,Gipuzkoa,10.000 biztanleko,5.9
2022,Farmazeutikoa,Gizona,Gipuzkoa,10.000 biztanleko,6.6
2012,Farmazeutikoa,Gizona,Gipuzkoa,10.000 biztanleko,5.7
2018,Farmazeutikoa,Gizona,Gipuzkoa,10.000 biztanleko,6.2
2010,Farmazeutikoa,Gizona,Gipuzkoa,10.000 biztanleko,5.3
2024,Farmazeutikoa,Gizona,Gipuzkoa,10.000 biztanleko,6.5
2023,Farmazeutikoa,Gizona,Gipuzkoa,10.000 biztanleko,6.3
2021,Farmazeutikoa,Gizona,Gipuzkoa,10.000 biztanleko,5.8
2017,Farmazeutikoa,Gizona,Gipuzkoa,10.000 biztanleko,5.6
