Year,Sexua,Units,Value
2013,,Porcentaje,8.5
2018,,Porcentaje,11.3
2016,,Porcentaje,9.8
2017,,Porcentaje,9.5
2014,,Porcentaje,7.5
2019,,Porcentaje,8.8
2011,,Porcentaje,9.0
2012,,Porcentaje,7.8
2015,,Porcentaje,10.2
2010,,Porcentaje,10.8
2012,Emakumea,Porcentaje,7.2
2011,Emakumea,Porcentaje,9.3
2014,Emakumea,Porcentaje,6.8
2013,Emakumea,Porcentaje,8.2
2010,Emakumea,Porcentaje,8.9
2015,Emakumea,Porcentaje,7.3
2016,Emakumea,Porcentaje,10.0
2017,Emakumea,Porcentaje,8.7
2018,Emakumea,Porcentaje,9.7
2019,Emakumea,Porcentaje,8.0
2017,Gizona,Porcentaje,10.3
2013,Gizona,Porcentaje,8.8
2011,Gizona,Porcentaje,8.7
2010,Gizona,Porcentaje,12.5
2018,Gizona,Porcentaje,12.8
2019,Gizona,Porcentaje,9.6
2014,Gizona,Porcentaje,8.2
2015,Gizona,Porcentaje,13.0
2012,Gizona,Porcentaje,8.2
2016,Gizona,Porcentaje,9.6
