Year,Sexua,Habilidad_IT,Adina,Lurraldea,Units,Value
2019,,ICTCPT,Y16T74,,Ehunekoa,55.36
2019,,ICTPST,Y16T74,,Ehunekoa,42.23
2019,,ICTSSHT,Y16T74,,Ehunekoa,41.92
2019,,ICTPRGM,Y16T74,,Ehunekoa,5.56
2019,,ICTTRFF,Y16T74,,Ehunekoa,51.89
2019,,ICTSFWR,Y16T74,,Ehunekoa,53.92
2019,,ICTPRVCY,Y16T74,,Ehunekoa,15.99
2019,,,Y16T74,,Ehunekoa,67.04
2019,,ICTCPT,Y16T74,Araba/Álava,Ehunekoa,55.76
2019,,ICTPST,Y16T74,Araba/Álava,Ehunekoa,41.77
2019,,ICTSSHT,Y16T74,Araba/Álava,Ehunekoa,42.89
2019,,ICTPRGM,Y16T74,Araba/Álava,Ehunekoa,5.27
2019,,ICTTRFF,Y16T74,Araba/Álava,Ehunekoa,51.64
2019,,ICTSFWR,Y16T74,Araba/Álava,Ehunekoa,54.49
2019,,ICTPRVCY,Y16T74,Araba/Álava,Ehunekoa,16.17
2019,,,Y16T74,Araba/Álava,Ehunekoa,68.53
2019,,ICTCPT,Y16T74,Gipuzkoa,Ehunekoa,54.5
2019,,ICTPST,Y16T74,Gipuzkoa,Ehunekoa,42.21
2019,,ICTSSHT,Y16T74,Gipuzkoa,Ehunekoa,42.77
2019,,ICTPRGM,Y16T74,Gipuzkoa,Ehunekoa,5.24
2019,,ICTTRFF,Y16T74,Gipuzkoa,Ehunekoa,50.59
2019,,ICTSFWR,Y16T74,Gipuzkoa,Ehunekoa,51.65
2019,,ICTPRVCY,Y16T74,Gipuzkoa,Ehunekoa,14.73
2019,,,Y16T74,Gipuzkoa,Ehunekoa,65.24
2019,,ICTCPT,Y16T74,Bizkaia,Ehunekoa,55.79
2019,,ICTPST,Y16T74,Bizkaia,Ehunekoa,42.38
2019,,ICTSSHT,Y16T74,Bizkaia,Ehunekoa,41.11
2019,,ICTPRGM,Y16T74,Bizkaia,Ehunekoa,5.83
2019,,ICTTRFF,Y16T74,Bizkaia,Ehunekoa,52.78
2019,,ICTSFWR,Y16T74,Bizkaia,Ehunekoa,55.18
2019,,ICTPRVCY,Y16T74,Bizkaia,Ehunekoa,16.73
2019,,,Y16T74,Bizkaia,Ehunekoa,67.74
2019,,ICTCPT,Y16T24,,Ehunekoa,89.41
2019,,ICTPST,Y16T24,,Ehunekoa,85.32
2019,,ICTSSHT,Y16T24,,Ehunekoa,70.08
2019,,ICTPRGM,Y16T24,,Ehunekoa,12.34
2019,,ICTTRFF,Y16T24,,Ehunekoa,84.87
2019,,ICTSFWR,Y16T24,,Ehunekoa,83.37
2019,,ICTPRVCY,Y16T24,,Ehunekoa,26.84
2019,,,Y16T24,,Ehunekoa,95.75
2019,,ICTCPT,Y16T24,Araba/Álava,Ehunekoa,91.07
2019,,ICTPST,Y16T24,Araba/Álava,Ehunekoa,89.2
2019,,ICTSSHT,Y16T24,Araba/Álava,Ehunekoa,70.0
2019,,ICTPRGM,Y16T24,Araba/Álava,Ehunekoa,10.56
2019,,ICTTRFF,Y16T24,Araba/Álava,Ehunekoa,84.7
2019,,ICTSFWR,Y16T24,Araba/Álava,Ehunekoa,82.82
2019,,ICTPRVCY,Y16T24,Araba/Álava,Ehunekoa,24.81
2019,,,Y16T24,Araba/Álava,Ehunekoa,95.61
2019,,ICTCPT,Y16T24,Gipuzkoa,Ehunekoa,87.91
2019,,ICTPST,Y16T24,Gipuzkoa,Ehunekoa,79.9
2019,,ICTSSHT,Y16T24,Gipuzkoa,Ehunekoa,71.5
2019,,ICTPRGM,Y16T24,Gipuzkoa,Ehunekoa,10.54
2019,,ICTTRFF,Y16T24,Gipuzkoa,Ehunekoa,80.35
2019,,ICTSFWR,Y16T24,Gipuzkoa,Ehunekoa,81.54
2019,,ICTPRVCY,Y16T24,Gipuzkoa,Ehunekoa,26.03
2019,,,Y16T24,Gipuzkoa,Ehunekoa,94.0
2019,,ICTCPT,Y16T24,Bizkaia,Ehunekoa,90.0
2019,,ICTPST,Y16T24,Bizkaia,Ehunekoa,88.1
2019,,ICTSSHT,Y16T24,Bizkaia,Ehunekoa,69.07
2019,,ICTPRGM,Y16T24,Bizkaia,Ehunekoa,14.19
2019,,ICTTRFF,Y16T24,Bizkaia,Ehunekoa,88.2
2019,,ICTSFWR,Y16T24,Bizkaia,Ehunekoa,84.86
2019,,ICTPRVCY,Y16T24,Bizkaia,Ehunekoa,28.04
2019,,,Y16T24,Bizkaia,Ehunekoa,97.06
2019,,ICTCPT,Y25T74,,Ehunekoa,51.53
2019,,ICTPST,Y25T74,,Ehunekoa,37.38
2019,,ICTSSHT,Y25T74,,Ehunekoa,38.75
2019,,ICTPRGM,Y25T74,,Ehunekoa,4.79
2019,,ICTTRFF,Y25T74,,Ehunekoa,48.18
2019,,ICTSFWR,Y25T74,,Ehunekoa,50.6
2019,,ICTPRVCY,Y25T74,,Ehunekoa,14.77
2019,,,Y25T74,,Ehunekoa,63.8
2019,,ICTCPT,Y25T74,Araba/Álava,Ehunekoa,51.77
2019,,ICTPST,Y25T74,Araba/Álava,Ehunekoa,36.41
2019,,ICTSSHT,Y25T74,Araba/Álava,Ehunekoa,39.83
2019,,ICTPRGM,Y25T74,Araba/Álava,Ehunekoa,4.67
2019,,ICTTRFF,Y25T74,Araba/Álava,Ehunekoa,47.91
2019,,ICTSFWR,Y25T74,Araba/Álava,Ehunekoa,51.29
2019,,ICTPRVCY,Y25T74,Araba/Álava,Ehunekoa,15.19
2019,,,Y25T74,Araba/Álava,Ehunekoa,65.47
2019,,ICTCPT,Y25T74,Gipuzkoa,Ehunekoa,50.33
2019,,ICTPST,Y25T74,Gipuzkoa,Ehunekoa,37.51
2019,,ICTSSHT,Y25T74,Gipuzkoa,Ehunekoa,39.19
2019,,ICTPRGM,Y25T74,Gipuzkoa,Ehunekoa,4.58
2019,,ICTTRFF,Y25T74,Gipuzkoa,Ehunekoa,46.88
2019,,ICTSFWR,Y25T74,Gipuzkoa,Ehunekoa,47.92
2019,,ICTPRVCY,Y25T74,Gipuzkoa,Ehunekoa,13.32
2019,,,Y25T74,Gipuzkoa,Ehunekoa,61.65
2019,,ICTCPT,Y25T74,Bizkaia,Ehunekoa,52.19
2019,,ICTPST,Y25T74,Bizkaia,Ehunekoa,37.57
2019,,ICTSSHT,Y25T74,Bizkaia,Ehunekoa,38.17
2019,,ICTPRGM,Y25T74,Bizkaia,Ehunekoa,4.96
2019,,ICTTRFF,Y25T74,Bizkaia,Ehunekoa,49.05
2019,,ICTSFWR,Y25T74,Bizkaia,Ehunekoa,52.06
2019,,ICTPRVCY,Y25T74,Bizkaia,Ehunekoa,15.54
2019,,,Y25T74,Bizkaia,Ehunekoa,64.66
2019,1.0,ICTCPT,Y16T74,,Ehunekoa,57.75
2019,1.0,ICTPST,Y16T74,,Ehunekoa,42.74
2019,1.0,ICTSSHT,Y16T74,,Ehunekoa,44.35
2019,1.0,ICTPRGM,Y16T74,,Ehunekoa,8.14
2019,1.0,ICTTRFF,Y16T74,,Ehunekoa,53.76
2019,1.0,ICTSFWR,Y16T74,,Ehunekoa,57.35
2019,1.0,ICTPRVCY,Y16T74,,Ehunekoa,20.51
2019,1.0,,Y16T74,,Ehunekoa,69.65
2019,1.0,ICTCPT,Y16T74,Araba/Álava,Ehunekoa,60.01
2019,1.0,ICTPST,Y16T74,Araba/Álava,Ehunekoa,40.61
2019,1.0,ICTSSHT,Y16T74,Araba/Álava,Ehunekoa,45.71
2019,1.0,ICTPRGM,Y16T74,Araba/Álava,Ehunekoa,7.6
2019,1.0,ICTTRFF,Y16T74,Araba/Álava,Ehunekoa,54.78
2019,1.0,ICTSFWR,Y16T74,Araba/Álava,Ehunekoa,59.34
2019,1.0,ICTPRVCY,Y16T74,Araba/Álava,Ehunekoa,23.92
2019,1.0,,Y16T74,Araba/Álava,Ehunekoa,71.05
2019,1.0,ICTCPT,Y16T74,Gipuzkoa,Ehunekoa,55.37
2019,1.0,ICTPST,Y16T74,Gipuzkoa,Ehunekoa,41.41
2019,1.0,ICTSSHT,Y16T74,Gipuzkoa,Ehunekoa,43.91
2019,1.0,ICTPRGM,Y16T74,Gipuzkoa,Ehunekoa,7.79
2019,1.0,ICTTRFF,Y16T74,Gipuzkoa,Ehunekoa,50.86
2019,1.0,ICTSFWR,Y16T74,Gipuzkoa,Ehunekoa,53.9
2019,1.0,ICTPRVCY,Y16T74,Gipuzkoa,Ehunekoa,19.69
2019,1.0,,Y16T74,Gipuzkoa,Ehunekoa,66.91
2019,1.0,ICTCPT,Y16T74,Bizkaia,Ehunekoa,58.64
2019,1.0,ICTPST,Y16T74,Bizkaia,Ehunekoa,44.18
2019,1.0,ICTSSHT,Y16T74,Bizkaia,Ehunekoa,44.24
2019,1.0,ICTPRGM,Y16T74,Bizkaia,Ehunekoa,8.5
2019,1.0,ICTTRFF,Y16T74,Bizkaia,Ehunekoa,55.31
2019,1.0,ICTSFWR,Y16T74,Bizkaia,Ehunekoa,58.97
2019,1.0,ICTPRVCY,Y16T74,Bizkaia,Ehunekoa,20.07
2019,1.0,,Y16T74,Bizkaia,Ehunekoa,71.0
2019,1.0,ICTCPT,Y16T24,,Ehunekoa,85.09
2019,1.0,ICTPST,Y16T24,,Ehunekoa,81.93
2019,1.0,ICTSSHT,Y16T24,,Ehunekoa,69.81
2019,1.0,ICTPRGM,Y16T24,,Ehunekoa,15.83
2019,1.0,ICTTRFF,Y16T24,,Ehunekoa,81.15
2019,1.0,ICTSFWR,Y16T24,,Ehunekoa,81.0
2019,1.0,ICTPRVCY,Y16T24,,Ehunekoa,32.81
2019,1.0,,Y16T24,,Ehunekoa,93.6
2019,1.0,ICTCPT,Y16T24,Araba/Álava,Ehunekoa,90.23
2019,1.0,ICTPST,Y16T24,Araba/Álava,Ehunekoa,88.54
2019,1.0,ICTSSHT,Y16T24,Araba/Álava,Ehunekoa,69.71
2019,1.0,ICTPRGM,Y16T24,Araba/Álava,Ehunekoa,13.71
2019,1.0,ICTTRFF,Y16T24,Araba/Álava,Ehunekoa,81.76
2019,1.0,ICTSFWR,Y16T24,Araba/Álava,Ehunekoa,82.04
2019,1.0,ICTPRVCY,Y16T24,Araba/Álava,Ehunekoa,35.16
2019,1.0,,Y16T24,Araba/Álava,Ehunekoa,91.9
2019,1.0,ICTCPT,Y16T24,Gipuzkoa,Ehunekoa,80.51
2019,1.0,ICTPST,Y16T24,Gipuzkoa,Ehunekoa,74.65
2019,1.0,ICTSSHT,Y16T24,Gipuzkoa,Ehunekoa,69.19
2019,1.0,ICTPRGM,Y16T24,Gipuzkoa,Ehunekoa,14.1
2019,1.0,ICTTRFF,Y16T24,Gipuzkoa,Ehunekoa,72.44
2019,1.0,ICTSFWR,Y16T24,Gipuzkoa,Ehunekoa,78.05
2019,1.0,ICTPRVCY,Y16T24,Gipuzkoa,Ehunekoa,32.18
2019,1.0,,Y16T24,Gipuzkoa,Ehunekoa,89.45
2019,1.0,ICTCPT,Y16T24,Bizkaia,Ehunekoa,87.06
2019,1.0,ICTPST,Y16T24,Bizkaia,Ehunekoa,85.49
2019,1.0,ICTSSHT,Y16T24,Bizkaia,Ehunekoa,70.3
2019,1.0,ICTPRGM,Y16T24,Bizkaia,Ehunekoa,17.71
2019,1.0,ICTTRFF,Y16T24,Bizkaia,Ehunekoa,87.43
2019,1.0,ICTSFWR,Y16T24,Bizkaia,Ehunekoa,82.9
2019,1.0,ICTPRVCY,Y16T24,Bizkaia,Ehunekoa,32.63
2019,1.0,,Y16T24,Bizkaia,Ehunekoa,97.15
2019,1.0,ICTCPT,Y25T74,,Ehunekoa,54.64
2019,1.0,ICTPST,Y25T74,,Ehunekoa,38.27
2019,1.0,ICTSSHT,Y25T74,,Ehunekoa,41.44
2019,1.0,ICTPRGM,Y25T74,,Ehunekoa,7.26
2019,1.0,ICTTRFF,Y25T74,,Ehunekoa,50.64
2019,1.0,ICTSFWR,Y25T74,,Ehunekoa,54.65
2019,1.0,ICTPRVCY,Y25T74,,Ehunekoa,19.11
2019,1.0,,Y25T74,,Ehunekoa,66.92
2019,1.0,ICTCPT,Y25T74,Araba/Álava,Ehunekoa,56.81
2019,1.0,ICTPST,Y25T74,Araba/Álava,Ehunekoa,35.55
2019,1.0,ICTSSHT,Y25T74,Araba/Álava,Ehunekoa,43.17
2019,1.0,ICTPRGM,Y25T74,Araba/Álava,Ehunekoa,6.95
2019,1.0,ICTTRFF,Y25T74,Araba/Álava,Ehunekoa,51.93
2019,1.0,ICTSFWR,Y25T74,Araba/Álava,Ehunekoa,56.94
2019,1.0,ICTPRVCY,Y25T74,Araba/Álava,Ehunekoa,22.74
2019,1.0,,Y25T74,Araba/Álava,Ehunekoa,68.85
2019,1.0,ICTCPT,Y25T74,Gipuzkoa,Ehunekoa,52.15
2019,1.0,ICTPST,Y25T74,Gipuzkoa,Ehunekoa,37.15
2019,1.0,ICTSSHT,Y25T74,Gipuzkoa,Ehunekoa,40.67
2019,1.0,ICTPRGM,Y25T74,Gipuzkoa,Ehunekoa,6.98
2019,1.0,ICTTRFF,Y25T74,Gipuzkoa,Ehunekoa,48.09
2019,1.0,ICTSFWR,Y25T74,Gipuzkoa,Ehunekoa,50.81
2019,1.0,ICTPRVCY,Y25T74,Gipuzkoa,Ehunekoa,18.09
2019,1.0,,Y25T74,Gipuzkoa,Ehunekoa,64.03
2019,1.0,ICTCPT,Y25T74,Bizkaia,Ehunekoa,55.58
2019,1.0,ICTPST,Y25T74,Bizkaia,Ehunekoa,39.73
2019,1.0,ICTSSHT,Y25T74,Bizkaia,Ehunekoa,41.44
2019,1.0,ICTPRGM,Y25T74,Bizkaia,Ehunekoa,7.51
2019,1.0,ICTTRFF,Y25T74,Bizkaia,Ehunekoa,51.86
2019,1.0,ICTSFWR,Y25T74,Bizkaia,Ehunekoa,56.39
2019,1.0,ICTPRVCY,Y25T74,Bizkaia,Ehunekoa,18.72
2019,1.0,,Y25T74,Bizkaia,Ehunekoa,68.19
2019,2.0,ICTCPT,Y16T74,,Ehunekoa,53.04
2019,2.0,ICTPST,Y16T74,,Ehunekoa,41.74
2019,2.0,ICTSSHT,Y16T74,,Ehunekoa,39.57
2019,2.0,ICTPRGM,Y16T74,,Ehunekoa,3.05
2019,2.0,ICTTRFF,Y16T74,,Ehunekoa,50.08
2019,2.0,ICTSFWR,Y16T74,,Ehunekoa,50.6
2019,2.0,ICTPRVCY,Y16T74,,Ehunekoa,11.61
2019,2.0,,Y16T74,,Ehunekoa,64.5
2019,2.0,ICTCPT,Y16T74,Araba/Álava,Ehunekoa,51.69
2019,2.0,ICTPST,Y16T74,Araba/Álava,Ehunekoa,42.88
2019,2.0,ICTSSHT,Y16T74,Araba/Álava,Ehunekoa,40.2
2019,2.0,ICTPRGM,Y16T74,Araba/Álava,Ehunekoa,3.04
2019,2.0,ICTTRFF,Y16T74,Araba/Álava,Ehunekoa,48.64
2019,2.0,ICTSFWR,Y16T74,Araba/Álava,Ehunekoa,49.85
2019,2.0,ICTPRVCY,Y16T74,Araba/Álava,Ehunekoa,8.75
2019,2.0,,Y16T74,Araba/Álava,Ehunekoa,66.12
2019,2.0,ICTCPT,Y16T74,Gipuzkoa,Ehunekoa,53.63
2019,2.0,ICTPST,Y16T74,Gipuzkoa,Ehunekoa,43.01
2019,2.0,ICTSSHT,Y16T74,Gipuzkoa,Ehunekoa,41.65
2019,2.0,ICTPRGM,Y16T74,Gipuzkoa,Ehunekoa,2.71
2019,2.0,ICTTRFF,Y16T74,Gipuzkoa,Ehunekoa,50.32
2019,2.0,ICTSFWR,Y16T74,Gipuzkoa,Ehunekoa,49.41
2019,2.0,ICTPRVCY,Y16T74,Gipuzkoa,Ehunekoa,9.81
2019,2.0,,Y16T74,Gipuzkoa,Ehunekoa,63.58
2019,2.0,ICTCPT,Y16T74,Bizkaia,Ehunekoa,53.06
2019,2.0,ICTPST,Y16T74,Bizkaia,Ehunekoa,40.65
2019,2.0,ICTSSHT,Y16T74,Bizkaia,Ehunekoa,38.1
2019,2.0,ICTPRGM,Y16T74,Bizkaia,Ehunekoa,3.27
2019,2.0,ICTTRFF,Y16T74,Bizkaia,Ehunekoa,50.34
2019,2.0,ICTSFWR,Y16T74,Bizkaia,Ehunekoa,51.54
2019,2.0,ICTPRVCY,Y16T74,Bizkaia,Ehunekoa,13.52
2019,2.0,,Y16T74,Bizkaia,Ehunekoa,64.61
2019,2.0,ICTCPT,Y16T24,,Ehunekoa,93.7
2019,2.0,ICTPST,Y16T24,,Ehunekoa,88.68
2019,2.0,ICTSSHT,Y16T24,,Ehunekoa,70.34
2019,2.0,ICTPRGM,Y16T24,,Ehunekoa,8.88
2019,2.0,ICTTRFF,Y16T24,,Ehunekoa,88.56
2019,2.0,ICTSFWR,Y16T24,,Ehunekoa,85.71
2019,2.0,ICTPRVCY,Y16T24,,Ehunekoa,20.92
2019,2.0,,Y16T24,,Ehunekoa,97.88
2019,2.0,ICTCPT,Y16T24,Araba/Álava,Ehunekoa,91.79
2019,2.0,ICTPST,Y16T24,Araba/Álava,Ehunekoa,89.77
2019,2.0,ICTSSHT,Y16T24,Araba/Álava,Ehunekoa,70.26
2019,2.0,ICTPRGM,Y16T24,Araba/Álava,Ehunekoa,7.88
2019,2.0,ICTTRFF,Y16T24,Araba/Álava,Ehunekoa,87.2
2019,2.0,ICTSFWR,Y16T24,Araba/Álava,Ehunekoa,83.47
2019,2.0,ICTPRVCY,Y16T24,Araba/Álava,Ehunekoa,15.98
2019,2.0,,Y16T24,Araba/Álava,Ehunekoa,98.78
2019,2.0,ICTCPT,Y16T24,Gipuzkoa,Ehunekoa,95.61
2019,2.0,ICTPST,Y16T24,Gipuzkoa,Ehunekoa,85.35
2019,2.0,ICTSSHT,Y16T24,Gipuzkoa,Ehunekoa,73.9
2019,2.0,ICTPRGM,Y16T24,Gipuzkoa,Ehunekoa,6.83
2019,2.0,ICTTRFF,Y16T24,Gipuzkoa,Ehunekoa,88.57
2019,2.0,ICTSFWR,Y16T24,Gipuzkoa,Ehunekoa,85.17
2019,2.0,ICTPRVCY,Y16T24,Gipuzkoa,Ehunekoa,19.62
2019,2.0,,Y16T24,Gipuzkoa,Ehunekoa,98.73
2019,2.0,ICTCPT,Y16T24,Bizkaia,Ehunekoa,92.96
2019,2.0,ICTPST,Y16T24,Bizkaia,Ehunekoa,90.71
2019,2.0,ICTSSHT,Y16T24,Bizkaia,Ehunekoa,67.84
2019,2.0,ICTPRGM,Y16T24,Bizkaia,Ehunekoa,10.67
2019,2.0,ICTTRFF,Y16T24,Bizkaia,Ehunekoa,88.98
2019,2.0,ICTSFWR,Y16T24,Bizkaia,Ehunekoa,86.82
2019,2.0,ICTPRVCY,Y16T24,Bizkaia,Ehunekoa,23.45
2019,2.0,,Y16T24,Bizkaia,Ehunekoa,96.97
2019,2.0,ICTCPT,Y25T74,,Ehunekoa,48.51
2019,2.0,ICTPST,Y25T74,,Ehunekoa,36.51
2019,2.0,ICTSSHT,Y25T74,,Ehunekoa,36.14
2019,2.0,ICTPRGM,Y25T74,,Ehunekoa,2.4
2019,2.0,ICTTRFF,Y25T74,,Ehunekoa,45.79
2019,2.0,ICTSFWR,Y25T74,,Ehunekoa,46.69
2019,2.0,ICTPRVCY,Y25T74,,Ehunekoa,10.57
2019,2.0,,Y25T74,,Ehunekoa,60.78
2019,2.0,ICTCPT,Y25T74,Araba/Álava,Ehunekoa,46.87
2019,2.0,ICTPST,Y25T74,Araba/Álava,Ehunekoa,37.25
2019,2.0,ICTSSHT,Y25T74,Araba/Álava,Ehunekoa,36.59
2019,2.0,ICTPRGM,Y25T74,Araba/Álava,Ehunekoa,2.46
2019,2.0,ICTTRFF,Y25T74,Araba/Álava,Ehunekoa,44.01
2019,2.0,ICTSFWR,Y25T74,Araba/Álava,Ehunekoa,45.81
2019,2.0,ICTPRVCY,Y25T74,Araba/Álava,Ehunekoa,7.88
2019,2.0,,Y25T74,Araba/Álava,Ehunekoa,62.2
2019,2.0,ICTCPT,Y25T74,Gipuzkoa,Ehunekoa,48.54
2019,2.0,ICTPST,Y25T74,Gipuzkoa,Ehunekoa,37.87
2019,2.0,ICTSSHT,Y25T74,Gipuzkoa,Ehunekoa,37.74
2019,2.0,ICTPRGM,Y25T74,Gipuzkoa,Ehunekoa,2.21
2019,2.0,ICTTRFF,Y25T74,Gipuzkoa,Ehunekoa,45.68
2019,2.0,ICTSFWR,Y25T74,Gipuzkoa,Ehunekoa,45.07
2019,2.0,ICTPRVCY,Y25T74,Gipuzkoa,Ehunekoa,8.62
2019,2.0,,Y25T74,Gipuzkoa,Ehunekoa,59.31
2019,2.0,ICTCPT,Y25T74,Bizkaia,Ehunekoa,48.95
2019,2.0,ICTPST,Y25T74,Bizkaia,Ehunekoa,35.49
2019,2.0,ICTSSHT,Y25T74,Bizkaia,Ehunekoa,35.04
2019,2.0,ICTPRGM,Y25T74,Bizkaia,Ehunekoa,2.51
2019,2.0,ICTTRFF,Y25T74,Bizkaia,Ehunekoa,46.36
2019,2.0,ICTSFWR,Y25T74,Bizkaia,Ehunekoa,47.91
2019,2.0,ICTPRVCY,Y25T74,Bizkaia,Ehunekoa,12.49
2019,2.0,,Y25T74,Bizkaia,Ehunekoa,61.28
2020,,ICTCPT,Y16T74,,Ehunekoa,55.36
2020,,ICTPST,Y16T74,,Ehunekoa,45.0
2020,,ICTSSHT,Y16T74,,Ehunekoa,41.11
2020,,ICTPRGM,Y16T74,,Ehunekoa,5.69
2020,,ICTTRFF,Y16T74,,Ehunekoa,55.16
2020,,ICTSFWR,Y16T74,,Ehunekoa,58.78
2020,,ICTPRVCY,Y16T74,,Ehunekoa,28.44
2020,,,Y16T74,,Ehunekoa,69.83
2020,,ICTCPT,Y16T74,Araba/Álava,Ehunekoa,54.04
2020,,ICTPST,Y16T74,Araba/Álava,Ehunekoa,43.03
2020,,ICTSSHT,Y16T74,Araba/Álava,Ehunekoa,39.71
2020,,ICTPRGM,Y16T74,Araba/Álava,Ehunekoa,5.73
2020,,ICTTRFF,Y16T74,Araba/Álava,Ehunekoa,55.92
2020,,ICTSFWR,Y16T74,Araba/Álava,Ehunekoa,57.26
2020,,ICTPRVCY,Y16T74,Araba/Álava,Ehunekoa,26.81
2020,,,Y16T74,Araba/Álava,Ehunekoa,70.14
2020,,ICTCPT,Y16T74,Gipuzkoa,Ehunekoa,57.68
2020,,ICTPST,Y16T74,Gipuzkoa,Ehunekoa,45.75
2020,,ICTSSHT,Y16T74,Gipuzkoa,Ehunekoa,41.61
2020,,ICTPRGM,Y16T74,Gipuzkoa,Ehunekoa,5.58
2020,,ICTTRFF,Y16T74,Gipuzkoa,Ehunekoa,56.4
2020,,ICTSFWR,Y16T74,Gipuzkoa,Ehunekoa,60.23
2020,,ICTPRVCY,Y16T74,Gipuzkoa,Ehunekoa,30.07
2020,,,Y16T74,Gipuzkoa,Ehunekoa,70.18
2020,,ICTCPT,Y16T74,Bizkaia,Ehunekoa,54.32
2020,,ICTPST,Y16T74,Bizkaia,Ehunekoa,45.11
2020,,ICTSSHT,Y16T74,Bizkaia,Ehunekoa,41.21
2020,,ICTPRGM,Y16T74,Bizkaia,Ehunekoa,5.74
2020,,ICTTRFF,Y16T74,Bizkaia,Ehunekoa,54.17
2020,,ICTSFWR,Y16T74,Bizkaia,Ehunekoa,58.33
2020,,ICTPRVCY,Y16T74,Bizkaia,Ehunekoa,27.9
2020,,,Y16T74,Bizkaia,Ehunekoa,69.53
2020,,ICTCPT,Y16T24,,Ehunekoa,86.56
2020,,ICTPST,Y16T24,,Ehunekoa,86.45
2020,,ICTSSHT,Y16T24,,Ehunekoa,70.73
2020,,ICTPRGM,Y16T24,,Ehunekoa,13.21
2020,,ICTTRFF,Y16T24,,Ehunekoa,84.6
2020,,ICTSFWR,Y16T24,,Ehunekoa,87.51
2020,,ICTPRVCY,Y16T24,,Ehunekoa,47.09
2020,,,Y16T24,,Ehunekoa,95.9
2020,,ICTCPT,Y16T24,Araba/Álava,Ehunekoa,80.63
2020,,ICTPST,Y16T24,Araba/Álava,Ehunekoa,78.9
2020,,ICTSSHT,Y16T24,Araba/Álava,Ehunekoa,68.93
2020,,ICTPRGM,Y16T24,Araba/Álava,Ehunekoa,7.03
2020,,ICTTRFF,Y16T24,Araba/Álava,Ehunekoa,86.93
2020,,ICTSFWR,Y16T24,Araba/Álava,Ehunekoa,92.37
2020,,ICTPRVCY,Y16T24,Araba/Álava,Ehunekoa,50.88
2020,,,Y16T24,Araba/Álava,Ehunekoa,98.43
2020,,ICTCPT,Y16T24,Gipuzkoa,Ehunekoa,94.1
2020,,ICTPST,Y16T24,Gipuzkoa,Ehunekoa,89.58
2020,,ICTSSHT,Y16T24,Gipuzkoa,Ehunekoa,74.4
2020,,ICTPRGM,Y16T24,Gipuzkoa,Ehunekoa,11.7
2020,,ICTTRFF,Y16T24,Gipuzkoa,Ehunekoa,84.57
2020,,ICTSFWR,Y16T24,Gipuzkoa,Ehunekoa,85.98
2020,,ICTPRVCY,Y16T24,Gipuzkoa,Ehunekoa,46.46
2020,,,Y16T24,Gipuzkoa,Ehunekoa,97.22
2020,,ICTCPT,Y16T24,Bizkaia,Ehunekoa,83.31
2020,,ICTPST,Y16T24,Bizkaia,Ehunekoa,86.64
2020,,ICTSSHT,Y16T24,Bizkaia,Ehunekoa,68.82
2020,,ICTPRGM,Y16T24,Bizkaia,Ehunekoa,16.12
2020,,ICTTRFF,Y16T24,Bizkaia,Ehunekoa,83.91
2020,,ICTSFWR,Y16T24,Bizkaia,Ehunekoa,87.06
2020,,ICTPRVCY,Y16T24,Bizkaia,Ehunekoa,46.35
2020,,,Y16T24,Bizkaia,Ehunekoa,94.24
2020,,ICTCPT,Y25T74,,Ehunekoa,51.5
2020,,ICTPST,Y25T74,,Ehunekoa,39.86
2020,,ICTSSHT,Y25T74,,Ehunekoa,37.44
2020,,ICTPRGM,Y25T74,,Ehunekoa,4.76
2020,,ICTTRFF,Y25T74,,Ehunekoa,51.51
2020,,ICTSFWR,Y25T74,,Ehunekoa,55.22
2020,,ICTPRVCY,Y25T74,,Ehunekoa,26.13
2020,,,Y25T74,,Ehunekoa,66.6
2020,,ICTCPT,Y25T74,Araba/Álava,Ehunekoa,50.7
2020,,ICTPST,Y25T74,Araba/Álava,Ehunekoa,38.53
2020,,ICTSSHT,Y25T74,Araba/Álava,Ehunekoa,36.04
2020,,ICTPRGM,Y25T74,Araba/Álava,Ehunekoa,5.57
2020,,ICTTRFF,Y25T74,Araba/Álava,Ehunekoa,52.03
2020,,ICTSFWR,Y25T74,Araba/Álava,Ehunekoa,52.86
2020,,ICTPRVCY,Y25T74,Araba/Álava,Ehunekoa,23.79
2020,,,Y25T74,Araba/Álava,Ehunekoa,66.59
2020,,ICTCPT,Y25T74,Gipuzkoa,Ehunekoa,52.91
2020,,ICTPST,Y25T74,Gipuzkoa,Ehunekoa,40.01
2020,,ICTSSHT,Y25T74,Gipuzkoa,Ehunekoa,37.32
2020,,ICTPRGM,Y25T74,Gipuzkoa,Ehunekoa,4.78
2020,,ICTTRFF,Y25T74,Gipuzkoa,Ehunekoa,52.71
2020,,ICTSFWR,Y25T74,Gipuzkoa,Ehunekoa,56.86
2020,,ICTPRVCY,Y25T74,Gipuzkoa,Ehunekoa,27.92
2020,,,Y25T74,Gipuzkoa,Ehunekoa,66.64
2020,,ICTCPT,Y25T74,Bizkaia,Ehunekoa,50.87
2020,,ICTPST,Y25T74,Bizkaia,Ehunekoa,40.16
2020,,ICTSSHT,Y25T74,Bizkaia,Ehunekoa,37.91
2020,,ICTPRGM,Y25T74,Bizkaia,Ehunekoa,4.51
2020,,ICTTRFF,Y25T74,Bizkaia,Ehunekoa,50.63
2020,,ICTSFWR,Y25T74,Bizkaia,Ehunekoa,54.9
2020,,ICTPRVCY,Y25T74,Bizkaia,Ehunekoa,25.71
2020,,,Y25T74,Bizkaia,Ehunekoa,66.58
2020,1.0,ICTCPT,Y16T74,,Ehunekoa,57.3
2020,1.0,ICTPST,Y16T74,,Ehunekoa,45.46
2020,1.0,ICTSSHT,Y16T74,,Ehunekoa,42.48
2020,1.0,ICTPRGM,Y16T74,,Ehunekoa,7.37
2020,1.0,ICTTRFF,Y16T74,,Ehunekoa,57.79
2020,1.0,ICTSFWR,Y16T74,,Ehunekoa,60.91
2020,1.0,ICTPRVCY,Y16T74,,Ehunekoa,31.46
2020,1.0,,Y16T74,,Ehunekoa,71.39
2020,1.0,ICTCPT,Y16T74,Araba/Álava,Ehunekoa,54.32
2020,1.0,ICTPST,Y16T74,Araba/Álava,Ehunekoa,43.65
2020,1.0,ICTSSHT,Y16T74,Araba/Álava,Ehunekoa,39.7
2020,1.0,ICTPRGM,Y16T74,Araba/Álava,Ehunekoa,6.83
2020,1.0,ICTTRFF,Y16T74,Araba/Álava,Ehunekoa,57.59
2020,1.0,ICTSFWR,Y16T74,Araba/Álava,Ehunekoa,58.72
2020,1.0,ICTPRVCY,Y16T74,Araba/Álava,Ehunekoa,29.26
2020,1.0,,Y16T74,Araba/Álava,Ehunekoa,69.49
2020,1.0,ICTCPT,Y16T74,Gipuzkoa,Ehunekoa,58.37
2020,1.0,ICTPST,Y16T74,Gipuzkoa,Ehunekoa,44.97
2020,1.0,ICTSSHT,Y16T74,Gipuzkoa,Ehunekoa,40.86
2020,1.0,ICTPRGM,Y16T74,Gipuzkoa,Ehunekoa,6.65
2020,1.0,ICTTRFF,Y16T74,Gipuzkoa,Ehunekoa,59.22
2020,1.0,ICTSFWR,Y16T74,Gipuzkoa,Ehunekoa,63.68
2020,1.0,ICTPRVCY,Y16T74,Gipuzkoa,Ehunekoa,33.15
2020,1.0,,Y16T74,Gipuzkoa,Ehunekoa,72.34
2020,1.0,ICTCPT,Y16T74,Bizkaia,Ehunekoa,57.51
2020,1.0,ICTPST,Y16T74,Bizkaia,Ehunekoa,46.29
2020,1.0,ICTSSHT,Y16T74,Bizkaia,Ehunekoa,44.29
2020,1.0,ICTPRGM,Y16T74,Bizkaia,Ehunekoa,7.98
2020,1.0,ICTTRFF,Y16T74,Bizkaia,Ehunekoa,56.96
2020,1.0,ICTSFWR,Y16T74,Bizkaia,Ehunekoa,59.84
2020,1.0,ICTPRVCY,Y16T74,Bizkaia,Ehunekoa,31.07
2020,1.0,,Y16T74,Bizkaia,Ehunekoa,71.36
2020,1.0,ICTCPT,Y16T24,,Ehunekoa,85.21
2020,1.0,ICTPST,Y16T24,,Ehunekoa,86.4
2020,1.0,ICTSSHT,Y16T24,,Ehunekoa,72.51
2020,1.0,ICTPRGM,Y16T24,,Ehunekoa,16.53
2020,1.0,ICTTRFF,Y16T24,,Ehunekoa,84.76
2020,1.0,ICTSFWR,Y16T24,,Ehunekoa,88.17
2020,1.0,ICTPRVCY,Y16T24,,Ehunekoa,47.85
2020,1.0,,Y16T24,,Ehunekoa,95.33
2020,1.0,ICTCPT,Y16T24,Araba/Álava,Ehunekoa,80.49
2020,1.0,ICTPST,Y16T24,Araba/Álava,Ehunekoa,82.49
2020,1.0,ICTSSHT,Y16T24,Araba/Álava,Ehunekoa,72.68
2020,1.0,ICTPRGM,Y16T24,Araba/Álava,Ehunekoa,9.56
2020,1.0,ICTTRFF,Y16T24,Araba/Álava,Ehunekoa,90.97
2020,1.0,ICTSFWR,Y16T24,Araba/Álava,Ehunekoa,92.8
2020,1.0,ICTPRVCY,Y16T24,Araba/Álava,Ehunekoa,49.01
2020,1.0,,Y16T24,Araba/Álava,Ehunekoa,100.0
2020,1.0,ICTCPT,Y16T24,Gipuzkoa,Ehunekoa,92.67
2020,1.0,ICTPST,Y16T24,Gipuzkoa,Ehunekoa,89.18
2020,1.0,ICTSSHT,Y16T24,Gipuzkoa,Ehunekoa,73.69
2020,1.0,ICTPRGM,Y16T24,Gipuzkoa,Ehunekoa,13.92
2020,1.0,ICTTRFF,Y16T24,Gipuzkoa,Ehunekoa,85.47
2020,1.0,ICTSFWR,Y16T24,Gipuzkoa,Ehunekoa,89.68
2020,1.0,ICTPRVCY,Y16T24,Gipuzkoa,Ehunekoa,47.94
2020,1.0,,Y16T24,Gipuzkoa,Ehunekoa,98.09
2020,1.0,ICTCPT,Y16T24,Bizkaia,Ehunekoa,81.67
2020,1.0,ICTPST,Y16T24,Bizkaia,Ehunekoa,85.77
2020,1.0,ICTSSHT,Y16T24,Bizkaia,Ehunekoa,71.66
2020,1.0,ICTPRGM,Y16T24,Bizkaia,Ehunekoa,20.49
2020,1.0,ICTTRFF,Y16T24,Bizkaia,Ehunekoa,82.32
2020,1.0,ICTSFWR,Y16T24,Bizkaia,Ehunekoa,85.69
2020,1.0,ICTPRVCY,Y16T24,Bizkaia,Ehunekoa,47.43
2020,1.0,,Y16T24,Bizkaia,Ehunekoa,91.99
2020,1.0,ICTCPT,Y25T74,,Ehunekoa,53.66
2020,1.0,ICTPST,Y25T74,,Ehunekoa,40.12
2020,1.0,ICTSSHT,Y25T74,,Ehunekoa,38.56
2020,1.0,ICTPRGM,Y25T74,,Ehunekoa,6.18
2020,1.0,ICTTRFF,Y25T74,,Ehunekoa,54.27
2020,1.0,ICTSFWR,Y25T74,,Ehunekoa,57.35
2020,1.0,ICTPRVCY,Y25T74,,Ehunekoa,29.32
2020,1.0,,Y25T74,,Ehunekoa,68.27
2020,1.0,ICTCPT,Y25T74,Araba/Álava,Ehunekoa,50.74
2020,1.0,ICTPST,Y25T74,Araba/Álava,Ehunekoa,38.34
2020,1.0,ICTSSHT,Y25T74,Araba/Álava,Ehunekoa,35.19
2020,1.0,ICTPRGM,Y25T74,Araba/Álava,Ehunekoa,6.46
2020,1.0,ICTTRFF,Y25T74,Araba/Álava,Ehunekoa,53.03
2020,1.0,ICTSFWR,Y25T74,Araba/Álava,Ehunekoa,54.06
2020,1.0,ICTPRVCY,Y25T74,Araba/Álava,Ehunekoa,26.56
2020,1.0,,Y25T74,Araba/Álava,Ehunekoa,65.32
2020,1.0,ICTCPT,Y25T74,Gipuzkoa,Ehunekoa,53.66
2020,1.0,ICTPST,Y25T74,Gipuzkoa,Ehunekoa,38.9
2020,1.0,ICTSSHT,Y25T74,Gipuzkoa,Ehunekoa,36.35
2020,1.0,ICTPRGM,Y25T74,Gipuzkoa,Ehunekoa,5.65
2020,1.0,ICTTRFF,Y25T74,Gipuzkoa,Ehunekoa,55.62
2020,1.0,ICTSFWR,Y25T74,Gipuzkoa,Ehunekoa,60.11
2020,1.0,ICTPRVCY,Y25T74,Gipuzkoa,Ehunekoa,31.11
2020,1.0,,Y25T74,Gipuzkoa,Ehunekoa,68.8
2020,1.0,ICTCPT,Y25T74,Bizkaia,Ehunekoa,54.51
2020,1.0,ICTPST,Y25T74,Bizkaia,Ehunekoa,41.38
2020,1.0,ICTSSHT,Y25T74,Bizkaia,Ehunekoa,40.89
2020,1.0,ICTPRGM,Y25T74,Bizkaia,Ehunekoa,6.42
2020,1.0,ICTTRFF,Y25T74,Bizkaia,Ehunekoa,53.8
2020,1.0,ICTSFWR,Y25T74,Bizkaia,Ehunekoa,56.62
2020,1.0,ICTPRVCY,Y25T74,Bizkaia,Ehunekoa,29.03
2020,1.0,,Y25T74,Bizkaia,Ehunekoa,68.8
2020,2.0,ICTCPT,Y16T74,,Ehunekoa,53.47
2020,2.0,ICTPST,Y16T74,,Ehunekoa,44.55
2020,2.0,ICTSSHT,Y16T74,,Ehunekoa,39.77
2020,2.0,ICTPRGM,Y16T74,,Ehunekoa,4.04
2020,2.0,ICTTRFF,Y16T74,,Ehunekoa,52.59
2020,2.0,ICTSFWR,Y16T74,,Ehunekoa,56.7
2020,2.0,ICTPRVCY,Y16T74,,Ehunekoa,25.47
2020,2.0,,Y16T74,,Ehunekoa,68.3
2020,2.0,ICTCPT,Y16T74,Araba/Álava,Ehunekoa,53.75
2020,2.0,ICTPST,Y16T74,Araba/Álava,Ehunekoa,42.42
2020,2.0,ICTSSHT,Y16T74,Araba/Álava,Ehunekoa,39.72
2020,2.0,ICTPRGM,Y16T74,Araba/Álava,Ehunekoa,4.65
2020,2.0,ICTTRFF,Y16T74,Araba/Álava,Ehunekoa,54.29
2020,2.0,ICTSFWR,Y16T74,Araba/Álava,Ehunekoa,55.84
2020,2.0,ICTPRVCY,Y16T74,Araba/Álava,Ehunekoa,24.4
2020,2.0,,Y16T74,Araba/Álava,Ehunekoa,70.78
2020,2.0,ICTCPT,Y16T74,Gipuzkoa,Ehunekoa,57.0
2020,2.0,ICTPST,Y16T74,Gipuzkoa,Ehunekoa,46.51
2020,2.0,ICTSSHT,Y16T74,Gipuzkoa,Ehunekoa,42.34
2020,2.0,ICTPRGM,Y16T74,Gipuzkoa,Ehunekoa,4.53
2020,2.0,ICTTRFF,Y16T74,Gipuzkoa,Ehunekoa,53.65
2020,2.0,ICTSFWR,Y16T74,Gipuzkoa,Ehunekoa,56.86
2020,2.0,ICTPRVCY,Y16T74,Gipuzkoa,Ehunekoa,27.06
2020,2.0,,Y16T74,Gipuzkoa,Ehunekoa,68.07
2020,2.0,ICTCPT,Y16T74,Bizkaia,Ehunekoa,51.2
2020,2.0,ICTPST,Y16T74,Bizkaia,Ehunekoa,43.95
2020,2.0,ICTSSHT,Y16T74,Bizkaia,Ehunekoa,38.18
2020,2.0,ICTPRGM,Y16T74,Bizkaia,Ehunekoa,3.56
2020,2.0,ICTTRFF,Y16T74,Bizkaia,Ehunekoa,51.44
2020,2.0,ICTSFWR,Y16T74,Bizkaia,Ehunekoa,56.85
2020,2.0,ICTPRVCY,Y16T74,Bizkaia,Ehunekoa,24.81
2020,2.0,,Y16T74,Bizkaia,Ehunekoa,67.73
2020,2.0,ICTCPT,Y16T24,,Ehunekoa,88.02
2020,2.0,ICTPST,Y16T24,,Ehunekoa,86.5
2020,2.0,ICTSSHT,Y16T24,,Ehunekoa,68.82
2020,2.0,ICTPRGM,Y16T24,,Ehunekoa,9.66
2020,2.0,ICTTRFF,Y16T24,,Ehunekoa,84.43
2020,2.0,ICTSFWR,Y16T24,,Ehunekoa,86.8
2020,2.0,ICTPRVCY,Y16T24,,Ehunekoa,46.26
2020,2.0,,Y16T24,,Ehunekoa,96.5
2020,2.0,ICTCPT,Y16T24,Araba/Álava,Ehunekoa,80.79
2020,2.0,ICTPST,Y16T24,Araba/Álava,Ehunekoa,74.79
2020,2.0,ICTSSHT,Y16T24,Araba/Álava,Ehunekoa,64.62
2020,2.0,ICTPRGM,Y16T24,Araba/Álava,Ehunekoa,4.12
2020,2.0,ICTTRFF,Y16T24,Araba/Álava,Ehunekoa,82.29
2020,2.0,ICTSFWR,Y16T24,Araba/Álava,Ehunekoa,91.87
2020,2.0,ICTPRVCY,Y16T24,Araba/Álava,Ehunekoa,53.03
2020,2.0,,Y16T24,Araba/Álava,Ehunekoa,96.62
2020,2.0,ICTCPT,Y16T24,Gipuzkoa,Ehunekoa,95.62
2020,2.0,ICTPST,Y16T24,Gipuzkoa,Ehunekoa,90.02
2020,2.0,ICTSSHT,Y16T24,Gipuzkoa,Ehunekoa,75.14
2020,2.0,ICTPRGM,Y16T24,Gipuzkoa,Ehunekoa,9.35
2020,2.0,ICTTRFF,Y16T24,Gipuzkoa,Ehunekoa,83.61
2020,2.0,ICTSFWR,Y16T24,Gipuzkoa,Ehunekoa,82.04
2020,2.0,ICTPRVCY,Y16T24,Gipuzkoa,Ehunekoa,44.88
2020,2.0,,Y16T24,Gipuzkoa,Ehunekoa,96.29
2020,2.0,ICTCPT,Y16T24,Bizkaia,Ehunekoa,85.05
2020,2.0,ICTPST,Y16T24,Bizkaia,Ehunekoa,87.56
2020,2.0,ICTSSHT,Y16T24,Bizkaia,Ehunekoa,65.82
2020,2.0,ICTPRGM,Y16T24,Bizkaia,Ehunekoa,11.49
2020,2.0,ICTTRFF,Y16T24,Bizkaia,Ehunekoa,85.6
2020,2.0,ICTSFWR,Y16T24,Bizkaia,Ehunekoa,88.51
2020,2.0,ICTPRVCY,Y16T24,Bizkaia,Ehunekoa,45.21
2020,2.0,,Y16T24,Bizkaia,Ehunekoa,96.61
2020,2.0,ICTCPT,Y25T74,,Ehunekoa,49.4
2020,2.0,ICTPST,Y25T74,,Ehunekoa,39.61
2020,2.0,ICTSSHT,Y25T74,,Ehunekoa,36.35
2020,2.0,ICTPRGM,Y25T74,,Ehunekoa,3.38
2020,2.0,ICTTRFF,Y25T74,,Ehunekoa,48.84
2020,2.0,ICTSFWR,Y25T74,,Ehunekoa,53.16
2020,2.0,ICTPRVCY,Y25T74,,Ehunekoa,23.03
2020,2.0,,Y25T74,,Ehunekoa,64.99
2020,2.0,ICTCPT,Y25T74,Araba/Álava,Ehunekoa,50.65
2020,2.0,ICTPST,Y25T74,Araba/Álava,Ehunekoa,38.71
2020,2.0,ICTSSHT,Y25T74,Araba/Álava,Ehunekoa,36.87
2020,2.0,ICTPRGM,Y25T74,Araba/Álava,Ehunekoa,4.71
2020,2.0,ICTTRFF,Y25T74,Araba/Álava,Ehunekoa,51.08
2020,2.0,ICTSFWR,Y25T74,Araba/Álava,Ehunekoa,51.71
2020,2.0,ICTPRVCY,Y25T74,Araba/Álava,Ehunekoa,21.12
2020,2.0,,Y25T74,Araba/Álava,Ehunekoa,67.82
2020,2.0,ICTCPT,Y25T74,Gipuzkoa,Ehunekoa,52.18
2020,2.0,ICTPST,Y25T74,Gipuzkoa,Ehunekoa,41.08
2020,2.0,ICTSSHT,Y25T74,Gipuzkoa,Ehunekoa,38.26
2020,2.0,ICTPRGM,Y25T74,Gipuzkoa,Ehunekoa,3.93
2020,2.0,ICTTRFF,Y25T74,Gipuzkoa,Ehunekoa,49.91
2020,2.0,ICTSFWR,Y25T74,Gipuzkoa,Ehunekoa,53.72
2020,2.0,ICTPRVCY,Y25T74,Gipuzkoa,Ehunekoa,24.83
2020,2.0,,Y25T74,Gipuzkoa,Ehunekoa,64.55
2020,2.0,ICTCPT,Y25T74,Bizkaia,Ehunekoa,47.33
2020,2.0,ICTPST,Y25T74,Bizkaia,Ehunekoa,38.97
2020,2.0,ICTSSHT,Y25T74,Bizkaia,Ehunekoa,35.03
2020,2.0,ICTPRGM,Y25T74,Bizkaia,Ehunekoa,2.65
2020,2.0,ICTTRFF,Y25T74,Bizkaia,Ehunekoa,47.54
2020,2.0,ICTSFWR,Y25T74,Bizkaia,Ehunekoa,53.23
2020,2.0,ICTPRVCY,Y25T74,Bizkaia,Ehunekoa,22.48
2020,2.0,,Y25T74,Bizkaia,Ehunekoa,64.43
2021,,ICTCPT,Y16T74,,Ehunekoa,61.48
2021,,ICTPST,Y16T74,,Ehunekoa,45.95
2021,,ICTSSHT,Y16T74,,Ehunekoa,44.44
2021,,ICTPRGM,Y16T74,,Ehunekoa,5.27
2021,,ICTTRFF,Y16T74,,Ehunekoa,60.29
2021,,ICTSFWR,Y16T74,,Ehunekoa,64.64
2021,,ICTPRVCY,Y16T74,,Ehunekoa,27.86
2021,,,Y16T74,,Ehunekoa,75.0
2021,,ICTCPT,Y16T74,Araba/Álava,Ehunekoa,61.94
2021,,ICTPST,Y16T74,Araba/Álava,Ehunekoa,46.61
2021,,ICTSSHT,Y16T74,Araba/Álava,Ehunekoa,44.08
2021,,ICTPRGM,Y16T74,Araba/Álava,Ehunekoa,5.7
2021,,ICTTRFF,Y16T74,Araba/Álava,Ehunekoa,59.61
2021,,ICTSFWR,Y16T74,Araba/Álava,Ehunekoa,65.84
2021,,ICTPRVCY,Y16T74,Araba/Álava,Ehunekoa,26.99
2021,,,Y16T74,Araba/Álava,Ehunekoa,75.39
2021,,ICTCPT,Y16T74,Gipuzkoa,Ehunekoa,61.02
2021,,ICTPST,Y16T74,Gipuzkoa,Ehunekoa,45.38
2021,,ICTSSHT,Y16T74,Gipuzkoa,Ehunekoa,44.39
2021,,ICTPRGM,Y16T74,Gipuzkoa,Ehunekoa,5.21
2021,,ICTTRFF,Y16T74,Gipuzkoa,Ehunekoa,60.59
2021,,ICTSFWR,Y16T74,Gipuzkoa,Ehunekoa,64.61
2021,,ICTPRVCY,Y16T74,Gipuzkoa,Ehunekoa,28.08
2021,,,Y16T74,Gipuzkoa,Ehunekoa,75.41
2021,,ICTCPT,Y16T74,Bizkaia,Ehunekoa,61.63
2021,,ICTPST,Y16T74,Bizkaia,Ehunekoa,46.11
2021,,ICTSSHT,Y16T74,Bizkaia,Ehunekoa,44.57
2021,,ICTPRGM,Y16T74,Bizkaia,Ehunekoa,5.17
2021,,ICTTRFF,Y16T74,Bizkaia,Ehunekoa,60.31
2021,,ICTSFWR,Y16T74,Bizkaia,Ehunekoa,64.32
2021,,ICTPRVCY,Y16T74,Bizkaia,Ehunekoa,27.96
2021,,,Y16T74,Bizkaia,Ehunekoa,74.63
2021,,ICTCPT,Y16T24,,Ehunekoa,86.58
2021,,ICTPST,Y16T24,,Ehunekoa,82.84
2021,,ICTSSHT,Y16T24,,Ehunekoa,67.34
2021,,ICTPRGM,Y16T24,,Ehunekoa,14.65
2021,,ICTTRFF,Y16T24,,Ehunekoa,85.19
2021,,ICTSFWR,Y16T24,,Ehunekoa,88.68
2021,,ICTPRVCY,Y16T24,,Ehunekoa,46.21
2021,,,Y16T24,,Ehunekoa,96.16
2021,,ICTCPT,Y16T24,Araba/Álava,Ehunekoa,85.68
2021,,ICTPST,Y16T24,Araba/Álava,Ehunekoa,77.02
2021,,ICTSSHT,Y16T24,Araba/Álava,Ehunekoa,61.31
2021,,ICTPRGM,Y16T24,Araba/Álava,Ehunekoa,14.49
2021,,ICTTRFF,Y16T24,Araba/Álava,Ehunekoa,82.26
2021,,ICTSFWR,Y16T24,Araba/Álava,Ehunekoa,89.74
2021,,ICTPRVCY,Y16T24,Araba/Álava,Ehunekoa,40.31
2021,,,Y16T24,Araba/Álava,Ehunekoa,96.8
2021,,ICTCPT,Y16T24,Gipuzkoa,Ehunekoa,86.08
2021,,ICTPST,Y16T24,Gipuzkoa,Ehunekoa,84.72
2021,,ICTSSHT,Y16T24,Gipuzkoa,Ehunekoa,74.53
2021,,ICTPRGM,Y16T24,Gipuzkoa,Ehunekoa,14.93
2021,,ICTTRFF,Y16T24,Gipuzkoa,Ehunekoa,86.17
2021,,ICTSFWR,Y16T24,Gipuzkoa,Ehunekoa,90.48
2021,,ICTPRVCY,Y16T24,Gipuzkoa,Ehunekoa,47.31
2021,,,Y16T24,Gipuzkoa,Ehunekoa,98.44
2021,,ICTCPT,Y16T24,Bizkaia,Ehunekoa,87.2
2021,,ICTPST,Y16T24,Bizkaia,Ehunekoa,83.32
2021,,ICTSSHT,Y16T24,Bizkaia,Ehunekoa,64.2
2021,,ICTPRGM,Y16T24,Bizkaia,Ehunekoa,14.51
2021,,ICTTRFF,Y16T24,Bizkaia,Ehunekoa,85.4
2021,,ICTSFWR,Y16T24,Bizkaia,Ehunekoa,87.12
2021,,ICTPRVCY,Y16T24,Bizkaia,Ehunekoa,47.25
2021,,,Y16T24,Bizkaia,Ehunekoa,94.38
2021,,ICTCPT,Y25T74,,Ehunekoa,58.11
2021,,ICTPST,Y25T74,,Ehunekoa,41.0
2021,,ICTSSHT,Y25T74,,Ehunekoa,41.37
2021,,ICTPRGM,Y25T74,,Ehunekoa,4.0
2021,,ICTTRFF,Y25T74,,Ehunekoa,56.95
2021,,ICTSFWR,Y25T74,,Ehunekoa,61.41
2021,,ICTPRVCY,Y25T74,,Ehunekoa,25.39
2021,,,Y25T74,,Ehunekoa,72.16
2021,,ICTCPT,Y25T74,Araba/Álava,Ehunekoa,58.69
2021,,ICTPST,Y25T74,Araba/Álava,Ehunekoa,42.45
2021,,ICTSSHT,Y25T74,Araba/Álava,Ehunekoa,41.73
2021,,ICTPRGM,Y25T74,Araba/Álava,Ehunekoa,4.5
2021,,ICTTRFF,Y25T74,Araba/Álava,Ehunekoa,56.51
2021,,ICTSFWR,Y25T74,Araba/Álava,Ehunekoa,62.57
2021,,ICTPRVCY,Y25T74,Araba/Álava,Ehunekoa,25.17
2021,,,Y25T74,Araba/Álava,Ehunekoa,72.47
2021,,ICTCPT,Y25T74,Gipuzkoa,Ehunekoa,57.39
2021,,ICTPST,Y25T74,Gipuzkoa,Ehunekoa,39.69
2021,,ICTSSHT,Y25T74,Gipuzkoa,Ehunekoa,40.03
2021,,ICTPRGM,Y25T74,Gipuzkoa,Ehunekoa,3.81
2021,,ICTTRFF,Y25T74,Gipuzkoa,Ehunekoa,56.89
2021,,ICTSFWR,Y25T74,Gipuzkoa,Ehunekoa,60.86
2021,,ICTPRVCY,Y25T74,Gipuzkoa,Ehunekoa,25.3
2021,,,Y25T74,Gipuzkoa,Ehunekoa,72.07
2021,,ICTCPT,Y25T74,Bizkaia,Ehunekoa,58.38
2021,,ICTPST,Y25T74,Bizkaia,Ehunekoa,41.38
2021,,ICTSSHT,Y25T74,Bizkaia,Ehunekoa,42.07
2021,,ICTPRGM,Y25T74,Bizkaia,Ehunekoa,3.98
2021,,ICTTRFF,Y25T74,Bizkaia,Ehunekoa,57.11
2021,,ICTSFWR,Y25T74,Bizkaia,Ehunekoa,61.42
2021,,ICTPRVCY,Y25T74,Bizkaia,Ehunekoa,25.51
2021,,,Y25T74,Bizkaia,Ehunekoa,72.12
2021,1.0,ICTCPT,Y16T74,,Ehunekoa,62.72
2021,1.0,ICTPST,Y16T74,,Ehunekoa,46.84
2021,1.0,ICTSSHT,Y16T74,,Ehunekoa,46.58
2021,1.0,ICTPRGM,Y16T74,,Ehunekoa,7.4
2021,1.0,ICTTRFF,Y16T74,,Ehunekoa,61.97
2021,1.0,ICTSFWR,Y16T74,,Ehunekoa,68.05
2021,1.0,ICTPRVCY,Y16T74,,Ehunekoa,32.22
2021,1.0,,Y16T74,,Ehunekoa,76.24
2021,1.0,ICTCPT,Y16T74,Araba/Álava,Ehunekoa,64.32
2021,1.0,ICTPST,Y16T74,Araba/Álava,Ehunekoa,48.29
2021,1.0,ICTSSHT,Y16T74,Araba/Álava,Ehunekoa,44.95
2021,1.0,ICTPRGM,Y16T74,Araba/Álava,Ehunekoa,7.7
2021,1.0,ICTTRFF,Y16T74,Araba/Álava,Ehunekoa,62.89
2021,1.0,ICTSFWR,Y16T74,Araba/Álava,Ehunekoa,69.67
2021,1.0,ICTPRVCY,Y16T74,Araba/Álava,Ehunekoa,29.91
2021,1.0,,Y16T74,Araba/Álava,Ehunekoa,76.36
2021,1.0,ICTCPT,Y16T74,Gipuzkoa,Ehunekoa,60.21
2021,1.0,ICTPST,Y16T74,Gipuzkoa,Ehunekoa,43.74
2021,1.0,ICTSSHT,Y16T74,Gipuzkoa,Ehunekoa,44.77
2021,1.0,ICTPRGM,Y16T74,Gipuzkoa,Ehunekoa,7.81
2021,1.0,ICTTRFF,Y16T74,Gipuzkoa,Ehunekoa,61.18
2021,1.0,ICTSFWR,Y16T74,Gipuzkoa,Ehunekoa,67.13
2021,1.0,ICTPRVCY,Y16T74,Gipuzkoa,Ehunekoa,31.0
2021,1.0,,Y16T74,Gipuzkoa,Ehunekoa,75.76
2021,1.0,ICTCPT,Y16T74,Bizkaia,Ehunekoa,63.83
2021,1.0,ICTPST,Y16T74,Bizkaia,Ehunekoa,48.37
2021,1.0,ICTSSHT,Y16T74,Bizkaia,Ehunekoa,48.18
2021,1.0,ICTPRGM,Y16T74,Bizkaia,Ehunekoa,7.05
2021,1.0,ICTTRFF,Y16T74,Bizkaia,Ehunekoa,62.2
2021,1.0,ICTSFWR,Y16T74,Bizkaia,Ehunekoa,68.17
2021,1.0,ICTPRVCY,Y16T74,Bizkaia,Ehunekoa,33.67
2021,1.0,,Y16T74,Bizkaia,Ehunekoa,76.5
2021,1.0,ICTCPT,Y16T24,,Ehunekoa,87.49
2021,1.0,ICTPST,Y16T24,,Ehunekoa,82.55
2021,1.0,ICTSSHT,Y16T24,,Ehunekoa,70.16
2021,1.0,ICTPRGM,Y16T24,,Ehunekoa,17.82
2021,1.0,ICTTRFF,Y16T24,,Ehunekoa,87.5
2021,1.0,ICTSFWR,Y16T24,,Ehunekoa,90.82
2021,1.0,ICTPRVCY,Y16T24,,Ehunekoa,53.26
2021,1.0,,Y16T24,,Ehunekoa,95.71
2021,1.0,ICTCPT,Y16T24,Araba/Álava,Ehunekoa,84.98
2021,1.0,ICTPST,Y16T24,Araba/Álava,Ehunekoa,71.4
2021,1.0,ICTSSHT,Y16T24,Araba/Álava,Ehunekoa,60.36
2021,1.0,ICTPRGM,Y16T24,Araba/Álava,Ehunekoa,18.8
2021,1.0,ICTTRFF,Y16T24,Araba/Álava,Ehunekoa,80.13
2021,1.0,ICTSFWR,Y16T24,Araba/Álava,Ehunekoa,94.25
2021,1.0,ICTPRVCY,Y16T24,Araba/Álava,Ehunekoa,42.22
2021,1.0,,Y16T24,Araba/Álava,Ehunekoa,97.21
2021,1.0,ICTCPT,Y16T24,Gipuzkoa,Ehunekoa,85.97
2021,1.0,ICTPST,Y16T24,Gipuzkoa,Ehunekoa,82.42
2021,1.0,ICTSSHT,Y16T24,Gipuzkoa,Ehunekoa,76.33
2021,1.0,ICTPRGM,Y16T24,Gipuzkoa,Ehunekoa,20.33
2021,1.0,ICTTRFF,Y16T24,Gipuzkoa,Ehunekoa,91.14
2021,1.0,ICTSFWR,Y16T24,Gipuzkoa,Ehunekoa,93.67
2021,1.0,ICTPRVCY,Y16T24,Gipuzkoa,Ehunekoa,55.51
2021,1.0,,Y16T24,Gipuzkoa,Ehunekoa,98.26
2021,1.0,ICTCPT,Y16T24,Bizkaia,Ehunekoa,89.47
2021,1.0,ICTPST,Y16T24,Bizkaia,Ehunekoa,86.33
2021,1.0,ICTSSHT,Y16T24,Bizkaia,Ehunekoa,68.76
2021,1.0,ICTPRGM,Y16T24,Bizkaia,Ehunekoa,15.6
2021,1.0,ICTTRFF,Y16T24,Bizkaia,Ehunekoa,87.19
2021,1.0,ICTSFWR,Y16T24,Bizkaia,Ehunekoa,87.52
2021,1.0,ICTPRVCY,Y16T24,Bizkaia,Ehunekoa,55.21
2021,1.0,,Y16T24,Bizkaia,Ehunekoa,93.28
2021,1.0,ICTCPT,Y25T74,,Ehunekoa,59.16
2021,1.0,ICTPST,Y25T74,,Ehunekoa,41.72
2021,1.0,ICTSSHT,Y25T74,,Ehunekoa,43.19
2021,1.0,ICTPRGM,Y25T74,,Ehunekoa,5.9
2021,1.0,ICTTRFF,Y25T74,,Ehunekoa,58.31
2021,1.0,ICTSFWR,Y25T74,,Ehunekoa,64.79
2021,1.0,ICTPRVCY,Y25T74,,Ehunekoa,29.21
2021,1.0,,Y25T74,,Ehunekoa,73.44
2021,1.0,ICTCPT,Y25T74,Araba/Álava,Ehunekoa,61.18
2021,1.0,ICTPST,Y25T74,Araba/Álava,Ehunekoa,44.79
2021,1.0,ICTSSHT,Y25T74,Araba/Álava,Ehunekoa,42.61
2021,1.0,ICTPRGM,Y25T74,Araba/Álava,Ehunekoa,6.01
2021,1.0,ICTTRFF,Y25T74,Araba/Álava,Ehunekoa,60.27
2021,1.0,ICTSFWR,Y25T74,Araba/Álava,Ehunekoa,65.94
2021,1.0,ICTPRVCY,Y25T74,Araba/Álava,Ehunekoa,28.04
2021,1.0,,Y25T74,Araba/Álava,Ehunekoa,73.2
2021,1.0,ICTCPT,Y25T74,Gipuzkoa,Ehunekoa,56.08
2021,1.0,ICTPST,Y25T74,Gipuzkoa,Ehunekoa,37.52
2021,1.0,ICTSSHT,Y25T74,Gipuzkoa,Ehunekoa,39.7
2021,1.0,ICTPRGM,Y25T74,Gipuzkoa,Ehunekoa,5.8
2021,1.0,ICTTRFF,Y25T74,Gipuzkoa,Ehunekoa,56.37
2021,1.0,ICTSFWR,Y25T74,Gipuzkoa,Ehunekoa,62.86
2021,1.0,ICTPRVCY,Y25T74,Gipuzkoa,Ehunekoa,27.05
2021,1.0,,Y25T74,Gipuzkoa,Ehunekoa,72.14
2021,1.0,ICTCPT,Y25T74,Bizkaia,Ehunekoa,60.48
2021,1.0,ICTPST,Y25T74,Bizkaia,Ehunekoa,43.41
2021,1.0,ICTSSHT,Y25T74,Bizkaia,Ehunekoa,45.5
2021,1.0,ICTPRGM,Y25T74,Bizkaia,Ehunekoa,5.93
2021,1.0,ICTTRFF,Y25T74,Bizkaia,Ehunekoa,58.94
2021,1.0,ICTSFWR,Y25T74,Bizkaia,Ehunekoa,65.64
2021,1.0,ICTPRVCY,Y25T74,Bizkaia,Ehunekoa,30.86
2021,1.0,,Y25T74,Bizkaia,Ehunekoa,74.31
2021,2.0,ICTCPT,Y16T74,,Ehunekoa,60.25
2021,2.0,ICTPST,Y16T74,,Ehunekoa,45.07
2021,2.0,ICTSSHT,Y16T74,,Ehunekoa,42.32
2021,2.0,ICTPRGM,Y16T74,,Ehunekoa,3.14
2021,2.0,ICTTRFF,Y16T74,,Ehunekoa,58.63
2021,2.0,ICTSFWR,Y16T74,,Ehunekoa,61.24
2021,2.0,ICTPRVCY,Y16T74,,Ehunekoa,23.51
2021,2.0,,Y16T74,,Ehunekoa,73.76
2021,2.0,ICTCPT,Y16T74,Araba/Álava,Ehunekoa,59.54
2021,2.0,ICTPST,Y16T74,Araba/Álava,Ehunekoa,44.91
2021,2.0,ICTSSHT,Y16T74,Araba/Álava,Ehunekoa,43.21
2021,2.0,ICTPRGM,Y16T74,Araba/Álava,Ehunekoa,3.69
2021,2.0,ICTTRFF,Y16T74,Araba/Álava,Ehunekoa,56.3
2021,2.0,ICTSFWR,Y16T74,Araba/Álava,Ehunekoa,61.97
2021,2.0,ICTPRVCY,Y16T74,Araba/Álava,Ehunekoa,24.05
2021,2.0,,Y16T74,Araba/Álava,Ehunekoa,74.42
2021,2.0,ICTCPT,Y16T74,Gipuzkoa,Ehunekoa,61.84
2021,2.0,ICTPST,Y16T74,Gipuzkoa,Ehunekoa,47.05
2021,2.0,ICTSSHT,Y16T74,Gipuzkoa,Ehunekoa,44.01
2021,2.0,ICTPRGM,Y16T74,Gipuzkoa,Ehunekoa,2.57
2021,2.0,ICTTRFF,Y16T74,Gipuzkoa,Ehunekoa,59.99
2021,2.0,ICTSFWR,Y16T74,Gipuzkoa,Ehunekoa,62.05
2021,2.0,ICTPRVCY,Y16T74,Gipuzkoa,Ehunekoa,25.12
2021,2.0,,Y16T74,Gipuzkoa,Ehunekoa,75.04
2021,2.0,ICTCPT,Y16T74,Bizkaia,Ehunekoa,59.48
2021,2.0,ICTPST,Y16T74,Bizkaia,Ehunekoa,43.91
2021,2.0,ICTSSHT,Y16T74,Bizkaia,Ehunekoa,41.04
2021,2.0,ICTPRGM,Y16T74,Bizkaia,Ehunekoa,3.34
2021,2.0,ICTTRFF,Y16T74,Bizkaia,Ehunekoa,58.45
2021,2.0,ICTSFWR,Y16T74,Bizkaia,Ehunekoa,60.56
2021,2.0,ICTPRVCY,Y16T74,Bizkaia,Ehunekoa,22.38
2021,2.0,,Y16T74,Bizkaia,Ehunekoa,72.8
2021,2.0,ICTCPT,Y16T24,,Ehunekoa,85.56
2021,2.0,ICTPST,Y16T24,,Ehunekoa,83.18
2021,2.0,ICTSSHT,Y16T24,,Ehunekoa,64.17
2021,2.0,ICTPRGM,Y16T24,,Ehunekoa,11.1
2021,2.0,ICTTRFF,Y16T24,,Ehunekoa,82.59
2021,2.0,ICTSFWR,Y16T24,,Ehunekoa,86.29
2021,2.0,ICTPRVCY,Y16T24,,Ehunekoa,38.31
2021,2.0,,Y16T24,,Ehunekoa,96.66
2021,2.0,ICTCPT,Y16T24,Araba/Álava,Ehunekoa,86.52
2021,2.0,ICTPST,Y16T24,Araba/Álava,Ehunekoa,83.9
2021,2.0,ICTSSHT,Y16T24,Araba/Álava,Ehunekoa,62.48
2021,2.0,ICTPRGM,Y16T24,Araba/Álava,Ehunekoa,9.22
2021,2.0,ICTTRFF,Y16T24,Araba/Álava,Ehunekoa,84.87
2021,2.0,ICTSFWR,Y16T24,Araba/Álava,Ehunekoa,84.23
2021,2.0,ICTPRVCY,Y16T24,Araba/Álava,Ehunekoa,37.98
2021,2.0,,Y16T24,Araba/Álava,Ehunekoa,96.29
2021,2.0,ICTCPT,Y16T24,Gipuzkoa,Ehunekoa,86.21
2021,2.0,ICTPST,Y16T24,Gipuzkoa,Ehunekoa,87.54
2021,2.0,ICTSSHT,Y16T24,Gipuzkoa,Ehunekoa,72.32
2021,2.0,ICTPRGM,Y16T24,Gipuzkoa,Ehunekoa,8.26
2021,2.0,ICTTRFF,Y16T24,Gipuzkoa,Ehunekoa,80.03
2021,2.0,ICTSFWR,Y16T24,Gipuzkoa,Ehunekoa,86.55
2021,2.0,ICTPRVCY,Y16T24,Gipuzkoa,Ehunekoa,37.19
2021,2.0,,Y16T24,Gipuzkoa,Ehunekoa,98.66
2021,2.0,ICTCPT,Y16T24,Bizkaia,Ehunekoa,84.89
2021,2.0,ICTPST,Y16T24,Bizkaia,Ehunekoa,80.24
2021,2.0,ICTSSHT,Y16T24,Bizkaia,Ehunekoa,59.54
2021,2.0,ICTPRGM,Y16T24,Bizkaia,Ehunekoa,13.4
2021,2.0,ICTTRFF,Y16T24,Bizkaia,Ehunekoa,83.57
2021,2.0,ICTSFWR,Y16T24,Bizkaia,Ehunekoa,86.71
2021,2.0,ICTPRVCY,Y16T24,Bizkaia,Ehunekoa,39.11
2021,2.0,,Y16T24,Bizkaia,Ehunekoa,95.51
2021,2.0,ICTCPT,Y25T74,,Ehunekoa,57.08
2021,2.0,ICTPST,Y25T74,,Ehunekoa,40.29
2021,2.0,ICTSSHT,Y25T74,,Ehunekoa,39.58
2021,2.0,ICTPRGM,Y25T74,,Ehunekoa,2.15
2021,2.0,ICTTRFF,Y25T74,,Ehunekoa,55.62
2021,2.0,ICTSFWR,Y25T74,,Ehunekoa,58.11
2021,2.0,ICTPRVCY,Y25T74,,Ehunekoa,21.65
2021,2.0,,Y25T74,,Ehunekoa,70.9
2021,2.0,ICTCPT,Y25T74,Araba/Álava,Ehunekoa,56.25
2021,2.0,ICTPST,Y25T74,Araba/Álava,Ehunekoa,40.16
2021,2.0,ICTSSHT,Y25T74,Araba/Álava,Ehunekoa,40.86
2021,2.0,ICTPRGM,Y25T74,Araba/Álava,Ehunekoa,3.01
2021,2.0,ICTTRFF,Y25T74,Araba/Álava,Ehunekoa,52.82
2021,2.0,ICTSFWR,Y25T74,Araba/Álava,Ehunekoa,59.26
2021,2.0,ICTPRVCY,Y25T74,Araba/Álava,Ehunekoa,22.35
2021,2.0,,Y25T74,Araba/Álava,Ehunekoa,71.75
2021,2.0,ICTCPT,Y25T74,Gipuzkoa,Ehunekoa,58.7
2021,2.0,ICTPST,Y25T74,Gipuzkoa,Ehunekoa,41.83
2021,2.0,ICTSSHT,Y25T74,Gipuzkoa,Ehunekoa,40.36
2021,2.0,ICTPRGM,Y25T74,Gipuzkoa,Ehunekoa,1.84
2021,2.0,ICTTRFF,Y25T74,Gipuzkoa,Ehunekoa,57.41
2021,2.0,ICTSFWR,Y25T74,Gipuzkoa,Ehunekoa,58.89
2021,2.0,ICTPRVCY,Y25T74,Gipuzkoa,Ehunekoa,23.57
2021,2.0,,Y25T74,Gipuzkoa,Ehunekoa,72.0
2021,2.0,ICTCPT,Y25T74,Bizkaia,Ehunekoa,56.33
2021,2.0,ICTPST,Y25T74,Bizkaia,Ehunekoa,39.4
2021,2.0,ICTSSHT,Y25T74,Bizkaia,Ehunekoa,38.74
2021,2.0,ICTPRGM,Y25T74,Bizkaia,Ehunekoa,2.09
2021,2.0,ICTTRFF,Y25T74,Bizkaia,Ehunekoa,55.33
2021,2.0,ICTSFWR,Y25T74,Bizkaia,Ehunekoa,57.31
2021,2.0,ICTPRVCY,Y25T74,Bizkaia,Ehunekoa,20.3
2021,2.0,,Y25T74,Bizkaia,Ehunekoa,69.98
2022,,ICTCPT,Y16T74,,Ehunekoa,57.2
2022,,ICTPST,Y16T74,,Ehunekoa,42.31
2022,,ICTSSHT,Y16T74,,Ehunekoa,42.23
2022,,ICTPRGM,Y16T74,,Ehunekoa,5.26
2022,,ICTTRFF,Y16T74,,Ehunekoa,52.11
2022,,ICTSFWR,Y16T74,,Ehunekoa,54.02
2022,,ICTPRVCY,Y16T74,,Ehunekoa,23.02
2022,,,Y16T74,,Ehunekoa,68.79
2022,,ICTCPT,Y16T74,Araba/Álava,Ehunekoa,56.74
2022,,ICTPST,Y16T74,Araba/Álava,Ehunekoa,43.54
2022,,ICTSSHT,Y16T74,Araba/Álava,Ehunekoa,44.9
2022,,ICTPRGM,Y16T74,Araba/Álava,Ehunekoa,4.73
2022,,ICTTRFF,Y16T74,Araba/Álava,Ehunekoa,52.54
2022,,ICTSFWR,Y16T74,Araba/Álava,Ehunekoa,53.04
2022,,ICTPRVCY,Y16T74,Araba/Álava,Ehunekoa,23.59
2022,,,Y16T74,Araba/Álava,Ehunekoa,68.32
2022,,ICTCPT,Y16T74,Gipuzkoa,Ehunekoa,58.29
2022,,ICTPST,Y16T74,Gipuzkoa,Ehunekoa,42.32
2022,,ICTSSHT,Y16T74,Gipuzkoa,Ehunekoa,43.22
2022,,ICTPRGM,Y16T74,Gipuzkoa,Ehunekoa,5.69
2022,,ICTTRFF,Y16T74,Gipuzkoa,Ehunekoa,51.64
2022,,ICTSFWR,Y16T74,Gipuzkoa,Ehunekoa,53.61
2022,,ICTPRVCY,Y16T74,Gipuzkoa,Ehunekoa,23.66
2022,,,Y16T74,Gipuzkoa,Ehunekoa,69.41
2022,,ICTCPT,Y16T74,Bizkaia,Ehunekoa,56.66
2022,,ICTPST,Y16T74,Bizkaia,Ehunekoa,41.94
2022,,ICTSSHT,Y16T74,Bizkaia,Ehunekoa,40.86
2022,,ICTPRGM,Y16T74,Bizkaia,Ehunekoa,5.14
2022,,ICTTRFF,Y16T74,Bizkaia,Ehunekoa,52.27
2022,,ICTSFWR,Y16T74,Bizkaia,Ehunekoa,54.54
2022,,ICTPRVCY,Y16T74,Bizkaia,Ehunekoa,22.47
2022,,,Y16T74,Bizkaia,Ehunekoa,68.54
2022,,ICTCPT,Y16T24,,Ehunekoa,87.44
2022,,ICTPST,Y16T24,,Ehunekoa,81.29
2022,,ICTSSHT,Y16T24,,Ehunekoa,68.34
2022,,ICTPRGM,Y16T24,,Ehunekoa,11.04
2022,,ICTTRFF,Y16T24,,Ehunekoa,78.1
2022,,ICTSFWR,Y16T24,,Ehunekoa,81.06
2022,,ICTPRVCY,Y16T24,,Ehunekoa,36.68
2022,,,Y16T24,,Ehunekoa,95.52
2022,,ICTCPT,Y16T24,Araba/Álava,Ehunekoa,82.61
2022,,ICTPST,Y16T24,Araba/Álava,Ehunekoa,83.68
2022,,ICTSSHT,Y16T24,Araba/Álava,Ehunekoa,74.63
2022,,ICTPRGM,Y16T24,Araba/Álava,Ehunekoa,11.05
2022,,ICTTRFF,Y16T24,Araba/Álava,Ehunekoa,81.74
2022,,ICTSFWR,Y16T24,Araba/Álava,Ehunekoa,79.48
2022,,ICTPRVCY,Y16T24,Araba/Álava,Ehunekoa,40.3
2022,,,Y16T24,Araba/Álava,Ehunekoa,94.58
2022,,ICTCPT,Y16T24,Gipuzkoa,Ehunekoa,88.44
2022,,ICTPST,Y16T24,Gipuzkoa,Ehunekoa,78.19
2022,,ICTSSHT,Y16T24,Gipuzkoa,Ehunekoa,64.64
2022,,ICTPRGM,Y16T24,Gipuzkoa,Ehunekoa,10.53
2022,,ICTTRFF,Y16T24,Gipuzkoa,Ehunekoa,78.88
2022,,ICTSFWR,Y16T24,Gipuzkoa,Ehunekoa,80.0
2022,,ICTPRVCY,Y16T24,Gipuzkoa,Ehunekoa,35.6
2022,,,Y16T24,Gipuzkoa,Ehunekoa,96.1
2022,,ICTCPT,Y16T24,Bizkaia,Ehunekoa,88.08
2022,,ICTPST,Y16T24,Bizkaia,Ehunekoa,82.68
2022,,ICTSSHT,Y16T24,Bizkaia,Ehunekoa,69.09
2022,,ICTPRGM,Y16T24,Bizkaia,Ehunekoa,11.36
2022,,ICTTRFF,Y16T24,Bizkaia,Ehunekoa,76.61
2022,,ICTSFWR,Y16T24,Bizkaia,Ehunekoa,82.17
2022,,ICTPRVCY,Y16T24,Bizkaia,Ehunekoa,36.42
2022,,,Y16T24,Bizkaia,Ehunekoa,95.39
2022,,ICTCPT,Y25T74,,Ehunekoa,53.21
2022,,ICTPST,Y25T74,,Ehunekoa,37.16
2022,,ICTSSHT,Y25T74,,Ehunekoa,38.78
2022,,ICTPRGM,Y25T74,,Ehunekoa,4.49
2022,,ICTTRFF,Y25T74,,Ehunekoa,48.68
2022,,ICTSFWR,Y25T74,,Ehunekoa,50.45
2022,,ICTPRVCY,Y25T74,,Ehunekoa,21.22
2022,,,Y25T74,,Ehunekoa,65.26
2022,,ICTCPT,Y25T74,Araba/Álava,Ehunekoa,53.65
2022,,ICTPST,Y25T74,Araba/Álava,Ehunekoa,38.74
2022,,ICTSSHT,Y25T74,Araba/Álava,Ehunekoa,41.35
2022,,ICTPRGM,Y25T74,Araba/Álava,Ehunekoa,3.98
2022,,ICTTRFF,Y25T74,Araba/Álava,Ehunekoa,49.05
2022,,ICTSFWR,Y25T74,Araba/Álava,Ehunekoa,49.88
2022,,ICTPRVCY,Y25T74,Araba/Álava,Ehunekoa,21.59
2022,,,Y25T74,Araba/Álava,Ehunekoa,65.18
2022,,ICTCPT,Y25T74,Gipuzkoa,Ehunekoa,54.06
2022,,ICTPST,Y25T74,Gipuzkoa,Ehunekoa,37.28
2022,,ICTSSHT,Y25T74,Gipuzkoa,Ehunekoa,40.21
2022,,ICTPRGM,Y25T74,Gipuzkoa,Ehunekoa,5.01
2022,,ICTTRFF,Y25T74,Gipuzkoa,Ehunekoa,47.82
2022,,ICTSFWR,Y25T74,Gipuzkoa,Ehunekoa,49.91
2022,,ICTPRVCY,Y25T74,Gipuzkoa,Ehunekoa,21.98
2022,,,Y25T74,Gipuzkoa,Ehunekoa,65.66
2022,,ICTCPT,Y25T74,Bizkaia,Ehunekoa,52.56
2022,,ICTPST,Y25T74,Bizkaia,Ehunekoa,36.63
2022,,ICTSSHT,Y25T74,Bizkaia,Ehunekoa,37.17
2022,,ICTPRGM,Y25T74,Bizkaia,Ehunekoa,4.33
2022,,ICTTRFF,Y25T74,Bizkaia,Ehunekoa,49.1
2022,,ICTSFWR,Y25T74,Bizkaia,Ehunekoa,50.94
2022,,ICTPRVCY,Y25T74,Bizkaia,Ehunekoa,20.65
2022,,,Y25T74,Bizkaia,Ehunekoa,65.03
2022,1.0,ICTCPT,Y16T74,,Ehunekoa,57.94
2022,1.0,ICTPST,Y16T74,,Ehunekoa,41.65
2022,1.0,ICTSSHT,Y16T74,,Ehunekoa,43.44
2022,1.0,ICTPRGM,Y16T74,,Ehunekoa,7.25
2022,1.0,ICTTRFF,Y16T74,,Ehunekoa,53.2
2022,1.0,ICTSFWR,Y16T74,,Ehunekoa,56.24
2022,1.0,ICTPRVCY,Y16T74,,Ehunekoa,26.75
2022,1.0,,Y16T74,,Ehunekoa,69.4
2022,1.0,ICTCPT,Y16T74,Araba/Álava,Ehunekoa,55.89
2022,1.0,ICTPST,Y16T74,Araba/Álava,Ehunekoa,42.74
2022,1.0,ICTSSHT,Y16T74,Araba/Álava,Ehunekoa,45.95
2022,1.0,ICTPRGM,Y16T74,Araba/Álava,Ehunekoa,6.49
2022,1.0,ICTTRFF,Y16T74,Araba/Álava,Ehunekoa,52.16
2022,1.0,ICTSFWR,Y16T74,Araba/Álava,Ehunekoa,55.98
2022,1.0,ICTPRVCY,Y16T74,Araba/Álava,Ehunekoa,28.03
2022,1.0,,Y16T74,Araba/Álava,Ehunekoa,68.86
2022,1.0,ICTCPT,Y16T74,Gipuzkoa,Ehunekoa,58.68
2022,1.0,ICTPST,Y16T74,Gipuzkoa,Ehunekoa,40.93
2022,1.0,ICTSSHT,Y16T74,Gipuzkoa,Ehunekoa,43.05
2022,1.0,ICTPRGM,Y16T74,Gipuzkoa,Ehunekoa,8.57
2022,1.0,ICTTRFF,Y16T74,Gipuzkoa,Ehunekoa,52.06
2022,1.0,ICTSFWR,Y16T74,Gipuzkoa,Ehunekoa,55.07
2022,1.0,ICTPRVCY,Y16T74,Gipuzkoa,Ehunekoa,26.07
2022,1.0,,Y16T74,Gipuzkoa,Ehunekoa,68.84
2022,1.0,ICTCPT,Y16T74,Bizkaia,Ehunekoa,58.08
2022,1.0,ICTPST,Y16T74,Bizkaia,Ehunekoa,41.79
2022,1.0,ICTSSHT,Y16T74,Bizkaia,Ehunekoa,42.95
2022,1.0,ICTPRGM,Y16T74,Bizkaia,Ehunekoa,6.64
2022,1.0,ICTTRFF,Y16T74,Bizkaia,Ehunekoa,54.22
2022,1.0,ICTSFWR,Y16T74,Bizkaia,Ehunekoa,57.05
2022,1.0,ICTPRVCY,Y16T74,Bizkaia,Ehunekoa,26.8
2022,1.0,,Y16T74,Bizkaia,Ehunekoa,69.91
2022,1.0,ICTCPT,Y16T24,,Ehunekoa,85.38
2022,1.0,ICTPST,Y16T24,,Ehunekoa,77.02
2022,1.0,ICTSSHT,Y16T24,,Ehunekoa,67.98
2022,1.0,ICTPRGM,Y16T24,,Ehunekoa,12.88
2022,1.0,ICTTRFF,Y16T24,,Ehunekoa,75.19
2022,1.0,ICTSFWR,Y16T24,,Ehunekoa,83.51
2022,1.0,ICTPRVCY,Y16T24,,Ehunekoa,39.99
2022,1.0,,Y16T24,,Ehunekoa,93.54
2022,1.0,ICTCPT,Y16T24,Araba/Álava,Ehunekoa,73.96
2022,1.0,ICTPST,Y16T24,Araba/Álava,Ehunekoa,73.54
2022,1.0,ICTSSHT,Y16T24,Araba/Álava,Ehunekoa,76.98
2022,1.0,ICTPRGM,Y16T24,Araba/Álava,Ehunekoa,17.3
2022,1.0,ICTTRFF,Y16T24,Araba/Álava,Ehunekoa,77.94
2022,1.0,ICTSFWR,Y16T24,Araba/Álava,Ehunekoa,76.66
2022,1.0,ICTPRVCY,Y16T24,Araba/Álava,Ehunekoa,42.88
2022,1.0,,Y16T24,Araba/Álava,Ehunekoa,92.71
2022,1.0,ICTCPT,Y16T24,Gipuzkoa,Ehunekoa,89.39
2022,1.0,ICTPST,Y16T24,Gipuzkoa,Ehunekoa,72.35
2022,1.0,ICTSSHT,Y16T24,Gipuzkoa,Ehunekoa,63.16
2022,1.0,ICTPRGM,Y16T24,Gipuzkoa,Ehunekoa,16.01
2022,1.0,ICTTRFF,Y16T24,Gipuzkoa,Ehunekoa,78.83
2022,1.0,ICTSFWR,Y16T24,Gipuzkoa,Ehunekoa,85.47
2022,1.0,ICTPRVCY,Y16T24,Gipuzkoa,Ehunekoa,33.21
2022,1.0,,Y16T24,Gipuzkoa,Ehunekoa,96.4
2022,1.0,ICTCPT,Y16T24,Bizkaia,Ehunekoa,85.75
2022,1.0,ICTPST,Y16T24,Bizkaia,Ehunekoa,81.08
2022,1.0,ICTSSHT,Y16T24,Bizkaia,Ehunekoa,68.79
2022,1.0,ICTPRGM,Y16T24,Bizkaia,Ehunekoa,9.61
2022,1.0,ICTTRFF,Y16T24,Bizkaia,Ehunekoa,72.02
2022,1.0,ICTSFWR,Y16T24,Bizkaia,Ehunekoa,84.03
2022,1.0,ICTPRVCY,Y16T24,Bizkaia,Ehunekoa,43.76
2022,1.0,,Y16T24,Bizkaia,Ehunekoa,91.84
2022,1.0,ICTCPT,Y25T74,,Ehunekoa,54.17
2022,1.0,ICTPST,Y25T74,,Ehunekoa,36.79
2022,1.0,ICTSSHT,Y25T74,,Ehunekoa,40.07
2022,1.0,ICTPRGM,Y25T74,,Ehunekoa,6.47
2022,1.0,ICTTRFF,Y25T74,,Ehunekoa,50.17
2022,1.0,ICTSFWR,Y25T74,,Ehunekoa,52.49
2022,1.0,ICTPRVCY,Y25T74,,Ehunekoa,24.92
2022,1.0,,Y25T74,,Ehunekoa,66.08
2022,1.0,ICTCPT,Y25T74,Araba/Álava,Ehunekoa,53.67
2022,1.0,ICTPST,Y25T74,Araba/Álava,Ehunekoa,38.95
2022,1.0,ICTSSHT,Y25T74,Araba/Álava,Ehunekoa,42.14
2022,1.0,ICTPRGM,Y25T74,Araba/Álava,Ehunekoa,5.16
2022,1.0,ICTTRFF,Y25T74,Araba/Álava,Ehunekoa,48.99
2022,1.0,ICTSFWR,Y25T74,Araba/Álava,Ehunekoa,53.44
2022,1.0,ICTPRVCY,Y25T74,Araba/Álava,Ehunekoa,26.21
2022,1.0,,Y25T74,Araba/Álava,Ehunekoa,65.93
2022,1.0,ICTCPT,Y25T74,Gipuzkoa,Ehunekoa,54.18
2022,1.0,ICTPST,Y25T74,Gipuzkoa,Ehunekoa,36.33
2022,1.0,ICTSSHT,Y25T74,Gipuzkoa,Ehunekoa,40.1
2022,1.0,ICTPRGM,Y25T74,Gipuzkoa,Ehunekoa,7.48
2022,1.0,ICTTRFF,Y25T74,Gipuzkoa,Ehunekoa,48.14
2022,1.0,ICTSFWR,Y25T74,Gipuzkoa,Ehunekoa,50.62
2022,1.0,ICTPRVCY,Y25T74,Gipuzkoa,Ehunekoa,25.02
2022,1.0,,Y25T74,Gipuzkoa,Ehunekoa,64.8
2022,1.0,ICTCPT,Y25T74,Bizkaia,Ehunekoa,54.3
2022,1.0,ICTPST,Y25T74,Bizkaia,Ehunekoa,36.43
2022,1.0,ICTSSHT,Y25T74,Bizkaia,Ehunekoa,39.43
2022,1.0,ICTPRGM,Y25T74,Bizkaia,Ehunekoa,6.23
2022,1.0,ICTTRFF,Y25T74,Bizkaia,Ehunekoa,51.79
2022,1.0,ICTSFWR,Y25T74,Bizkaia,Ehunekoa,53.37
2022,1.0,ICTPRVCY,Y25T74,Bizkaia,Ehunekoa,24.49
2022,1.0,,Y25T74,Bizkaia,Ehunekoa,66.92
2022,2.0,ICTCPT,Y16T74,,Ehunekoa,56.49
2022,2.0,ICTPST,Y16T74,,Ehunekoa,42.93
2022,2.0,ICTSSHT,Y16T74,,Ehunekoa,41.07
2022,2.0,ICTPRGM,Y16T74,,Ehunekoa,3.35
2022,2.0,ICTTRFF,Y16T74,,Ehunekoa,51.07
2022,2.0,ICTSFWR,Y16T74,,Ehunekoa,51.89
2022,2.0,ICTPRVCY,Y16T74,,Ehunekoa,19.46
2022,2.0,,Y16T74,,Ehunekoa,68.2
2022,2.0,ICTCPT,Y16T74,Araba/Álava,Ehunekoa,57.56
2022,2.0,ICTPST,Y16T74,Araba/Álava,Ehunekoa,44.31
2022,2.0,ICTSSHT,Y16T74,Araba/Álava,Ehunekoa,43.88
2022,2.0,ICTPRGM,Y16T74,Araba/Álava,Ehunekoa,3.03
2022,2.0,ICTTRFF,Y16T74,Araba/Álava,Ehunekoa,52.9
2022,2.0,ICTSFWR,Y16T74,Araba/Álava,Ehunekoa,50.18
2022,2.0,ICTPRVCY,Y16T74,Araba/Álava,Ehunekoa,19.28
2022,2.0,,Y16T74,Araba/Álava,Ehunekoa,67.8
2022,2.0,ICTCPT,Y16T74,Gipuzkoa,Ehunekoa,57.91
2022,2.0,ICTPST,Y16T74,Gipuzkoa,Ehunekoa,43.69
2022,2.0,ICTSSHT,Y16T74,Gipuzkoa,Ehunekoa,43.39
2022,2.0,ICTPRGM,Y16T74,Gipuzkoa,Ehunekoa,2.84
2022,2.0,ICTTRFF,Y16T74,Gipuzkoa,Ehunekoa,51.23
2022,2.0,ICTSFWR,Y16T74,Gipuzkoa,Ehunekoa,52.17
2022,2.0,ICTPRVCY,Y16T74,Gipuzkoa,Ehunekoa,21.28
2022,2.0,,Y16T74,Gipuzkoa,Ehunekoa,69.97
2022,2.0,ICTCPT,Y16T74,Bizkaia,Ehunekoa,55.34
2022,2.0,ICTPST,Y16T74,Bizkaia,Ehunekoa,42.08
2022,2.0,ICTSSHT,Y16T74,Bizkaia,Ehunekoa,38.9
2022,2.0,ICTPRGM,Y16T74,Bizkaia,Ehunekoa,3.74
2022,2.0,ICTTRFF,Y16T74,Bizkaia,Ehunekoa,50.45
2022,2.0,ICTSFWR,Y16T74,Bizkaia,Ehunekoa,52.2
2022,2.0,ICTPRVCY,Y16T74,Bizkaia,Ehunekoa,18.43
2022,2.0,,Y16T74,Bizkaia,Ehunekoa,67.26
2022,2.0,ICTCPT,Y16T24,,Ehunekoa,89.57
2022,2.0,ICTPST,Y16T24,,Ehunekoa,85.68
2022,2.0,ICTSSHT,Y16T24,,Ehunekoa,68.72
2022,2.0,ICTPRGM,Y16T24,,Ehunekoa,9.13
2022,2.0,ICTTRFF,Y16T24,,Ehunekoa,81.09
2022,2.0,ICTSFWR,Y16T24,,Ehunekoa,78.54
2022,2.0,ICTPRVCY,Y16T24,,Ehunekoa,33.27
2022,2.0,,Y16T24,,Ehunekoa,97.55
2022,2.0,ICTCPT,Y16T24,Araba/Álava,Ehunekoa,91.43
2022,2.0,ICTPST,Y16T24,Araba/Álava,Ehunekoa,94.03
2022,2.0,ICTSSHT,Y16T24,Araba/Álava,Ehunekoa,72.24
2022,2.0,ICTPRGM,Y16T24,Araba/Álava,Ehunekoa,4.68
2022,2.0,ICTTRFF,Y16T24,Araba/Álava,Ehunekoa,85.62
2022,2.0,ICTSFWR,Y16T24,Araba/Álava,Ehunekoa,82.37
2022,2.0,ICTPRVCY,Y16T24,Araba/Álava,Ehunekoa,37.67
2022,2.0,,Y16T24,Araba/Álava,Ehunekoa,96.48
2022,2.0,ICTCPT,Y16T24,Gipuzkoa,Ehunekoa,87.43
2022,2.0,ICTPST,Y16T24,Gipuzkoa,Ehunekoa,84.41
2022,2.0,ICTSSHT,Y16T24,Gipuzkoa,Ehunekoa,66.21
2022,2.0,ICTPRGM,Y16T24,Gipuzkoa,Ehunekoa,4.69
2022,2.0,ICTTRFF,Y16T24,Gipuzkoa,Ehunekoa,78.94
2022,2.0,ICTSFWR,Y16T24,Gipuzkoa,Ehunekoa,74.19
2022,2.0,ICTPRVCY,Y16T24,Gipuzkoa,Ehunekoa,38.14
2022,2.0,,Y16T24,Gipuzkoa,Ehunekoa,95.77
2022,2.0,ICTCPT,Y16T24,Bizkaia,Ehunekoa,90.43
2022,2.0,ICTPST,Y16T24,Bizkaia,Ehunekoa,84.29
2022,2.0,ICTSSHT,Y16T24,Bizkaia,Ehunekoa,69.38
2022,2.0,ICTPRGM,Y16T24,Bizkaia,Ehunekoa,13.13
2022,2.0,ICTTRFF,Y16T24,Bizkaia,Ehunekoa,81.25
2022,2.0,ICTSFWR,Y16T24,Bizkaia,Ehunekoa,80.29
2022,2.0,ICTPRVCY,Y16T24,Bizkaia,Ehunekoa,29.02
2022,2.0,,Y16T24,Bizkaia,Ehunekoa,98.96
2022,2.0,ICTCPT,Y25T74,,Ehunekoa,52.3
2022,2.0,ICTPST,Y25T74,,Ehunekoa,37.51
2022,2.0,ICTSSHT,Y25T74,,Ehunekoa,37.57
2022,2.0,ICTPRGM,Y25T74,,Ehunekoa,2.62
2022,2.0,ICTTRFF,Y25T74,,Ehunekoa,47.26
2022,2.0,ICTSFWR,Y25T74,,Ehunekoa,48.51
2022,2.0,ICTPRVCY,Y25T74,,Ehunekoa,17.71
2022,2.0,,Y25T74,,Ehunekoa,64.48
2022,2.0,ICTCPT,Y25T74,Araba/Álava,Ehunekoa,53.63
2022,2.0,ICTPST,Y25T74,Araba/Álava,Ehunekoa,38.54
2022,2.0,ICTSSHT,Y25T74,Araba/Álava,Ehunekoa,40.58
2022,2.0,ICTPRGM,Y25T74,Araba/Álava,Ehunekoa,2.84
2022,2.0,ICTTRFF,Y25T74,Araba/Álava,Ehunekoa,49.1
2022,2.0,ICTSFWR,Y25T74,Araba/Álava,Ehunekoa,46.44
2022,2.0,ICTPRVCY,Y25T74,Araba/Álava,Ehunekoa,17.14
2022,2.0,,Y25T74,Araba/Álava,Ehunekoa,64.47
2022,2.0,ICTCPT,Y25T74,Gipuzkoa,Ehunekoa,53.94
2022,2.0,ICTPST,Y25T74,Gipuzkoa,Ehunekoa,38.22
2022,2.0,ICTSSHT,Y25T74,Gipuzkoa,Ehunekoa,40.32
2022,2.0,ICTPRGM,Y25T74,Gipuzkoa,Ehunekoa,2.59
2022,2.0,ICTTRFF,Y25T74,Gipuzkoa,Ehunekoa,47.5
2022,2.0,ICTSFWR,Y25T74,Gipuzkoa,Ehunekoa,49.21
2022,2.0,ICTPRVCY,Y25T74,Gipuzkoa,Ehunekoa,19.01
2022,2.0,,Y25T74,Gipuzkoa,Ehunekoa,66.5
2022,2.0,ICTCPT,Y25T74,Bizkaia,Ehunekoa,50.95
2022,2.0,ICTPST,Y25T74,Bizkaia,Ehunekoa,36.8
2022,2.0,ICTSSHT,Y25T74,Bizkaia,Ehunekoa,35.08
2022,2.0,ICTPRGM,Y25T74,Bizkaia,Ehunekoa,2.57
2022,2.0,ICTTRFF,Y25T74,Bizkaia,Ehunekoa,46.6
2022,2.0,ICTSFWR,Y25T74,Bizkaia,Ehunekoa,48.69
2022,2.0,ICTPRVCY,Y25T74,Bizkaia,Ehunekoa,17.11
2022,2.0,,Y25T74,Bizkaia,Ehunekoa,63.29
2023,,ICTCPT,Y16T74,,Ehunekoa,56.25
2023,,ICTPST,Y16T74,,Ehunekoa,41.06
2023,,ICTSSHT,Y16T74,,Ehunekoa,41.85
2023,,ICTPRGM,Y16T74,,Ehunekoa,6.23
2023,,ICTTRFF,Y16T74,,Ehunekoa,49.97
2023,,ICTSFWR,Y16T74,,Ehunekoa,51.59
2023,,ICTPRVCY,Y16T74,,Ehunekoa,33.43
2023,,,Y16T74,,Ehunekoa,71.49
2023,,ICTCPT,Y16T74,Araba/Álava,Ehunekoa,54.82
2023,,ICTPST,Y16T74,Araba/Álava,Ehunekoa,38.38
2023,,ICTSSHT,Y16T74,Araba/Álava,Ehunekoa,37.35
2023,,ICTPRGM,Y16T74,Araba/Álava,Ehunekoa,4.26
2023,,ICTTRFF,Y16T74,Araba/Álava,Ehunekoa,46.04
2023,,ICTSFWR,Y16T74,Araba/Álava,Ehunekoa,52.49
2023,,ICTPRVCY,Y16T74,Araba/Álava,Ehunekoa,31.66
2023,,,Y16T74,Araba/Álava,Ehunekoa,71.3
2023,,ICTCPT,Y16T74,Gipuzkoa,Ehunekoa,57.26
2023,,ICTPST,Y16T74,Gipuzkoa,Ehunekoa,42.92
2023,,ICTSSHT,Y16T74,Gipuzkoa,Ehunekoa,44.42
2023,,ICTPRGM,Y16T74,Gipuzkoa,Ehunekoa,6.12
2023,,ICTTRFF,Y16T74,Gipuzkoa,Ehunekoa,50.82
2023,,ICTSFWR,Y16T74,Gipuzkoa,Ehunekoa,50.67
2023,,ICTPRVCY,Y16T74,Gipuzkoa,Ehunekoa,32.69
2023,,,Y16T74,Gipuzkoa,Ehunekoa,71.95
2023,,ICTCPT,Y16T74,Bizkaia,Ehunekoa,56.04
2023,,ICTPST,Y16T74,Bizkaia,Ehunekoa,40.68
2023,,ICTSSHT,Y16T74,Bizkaia,Ehunekoa,41.54
2023,,ICTPRGM,Y16T74,Bizkaia,Ehunekoa,6.86
2023,,ICTTRFF,Y16T74,Bizkaia,Ehunekoa,50.57
2023,,ICTSFWR,Y16T74,Bizkaia,Ehunekoa,51.9
2023,,ICTPRVCY,Y16T74,Bizkaia,Ehunekoa,34.41
2023,,,Y16T74,Bizkaia,Ehunekoa,71.26
2023,,ICTCPT,Y16T24,,Ehunekoa,89.14
2023,,ICTPST,Y16T24,,Ehunekoa,83.54
2023,,ICTSSHT,Y16T24,,Ehunekoa,63.58
2023,,ICTPRGM,Y16T24,,Ehunekoa,16.58
2023,,ICTTRFF,Y16T24,,Ehunekoa,77.6
2023,,ICTSFWR,Y16T24,,Ehunekoa,76.57
2023,,ICTPRVCY,Y16T24,,Ehunekoa,45.54
2023,,,Y16T24,,Ehunekoa,95.87
2023,,ICTCPT,Y16T24,Araba/Álava,Ehunekoa,94.85
2023,,ICTPST,Y16T24,Araba/Álava,Ehunekoa,83.61
2023,,ICTSSHT,Y16T24,Araba/Álava,Ehunekoa,57.79
2023,,ICTPRGM,Y16T24,Araba/Álava,Ehunekoa,14.41
2023,,ICTTRFF,Y16T24,Araba/Álava,Ehunekoa,83.91
2023,,ICTSFWR,Y16T24,Araba/Álava,Ehunekoa,72.3
2023,,ICTPRVCY,Y16T24,Araba/Álava,Ehunekoa,39.35
2023,,,Y16T24,Araba/Álava,Ehunekoa,99.48
2023,,ICTCPT,Y16T24,Gipuzkoa,Ehunekoa,89.53
2023,,ICTPST,Y16T24,Gipuzkoa,Ehunekoa,85.71
2023,,ICTSSHT,Y16T24,Gipuzkoa,Ehunekoa,70.09
2023,,ICTPRGM,Y16T24,Gipuzkoa,Ehunekoa,12.47
2023,,ICTTRFF,Y16T24,Gipuzkoa,Ehunekoa,76.4
2023,,ICTSFWR,Y16T24,Gipuzkoa,Ehunekoa,79.31
2023,,ICTPRVCY,Y16T24,Gipuzkoa,Ehunekoa,48.36
2023,,,Y16T24,Gipuzkoa,Ehunekoa,97.29
2023,,ICTCPT,Y16T24,Bizkaia,Ehunekoa,87.1
2023,,ICTPST,Y16T24,Bizkaia,Ehunekoa,82.03
2023,,ICTSSHT,Y16T24,Bizkaia,Ehunekoa,60.93
2023,,ICTPRGM,Y16T24,Bizkaia,Ehunekoa,20.07
2023,,ICTTRFF,Y16T24,Bizkaia,Ehunekoa,76.45
2023,,ICTSFWR,Y16T24,Bizkaia,Ehunekoa,76.02
2023,,ICTPRVCY,Y16T24,Bizkaia,Ehunekoa,45.54
2023,,,Y16T24,Bizkaia,Ehunekoa,93.78
2023,,ICTCPT,Y25T74,,Ehunekoa,51.9
2023,,ICTPST,Y25T74,,Ehunekoa,35.44
2023,,ICTSSHT,Y25T74,,Ehunekoa,38.98
2023,,ICTPRGM,Y25T74,,Ehunekoa,4.86
2023,,ICTTRFF,Y25T74,,Ehunekoa,46.31
2023,,ICTSFWR,Y25T74,,Ehunekoa,48.28
2023,,ICTPRVCY,Y25T74,,Ehunekoa,31.83
2023,,,Y25T74,,Ehunekoa,68.27
2023,,ICTCPT,Y25T74,Araba/Álava,Ehunekoa,49.29
2023,,ICTPST,Y25T74,Araba/Álava,Ehunekoa,32.14
2023,,ICTSSHT,Y25T74,Araba/Álava,Ehunekoa,34.53
2023,,ICTPRGM,Y25T74,Araba/Álava,Ehunekoa,2.86
2023,,ICTTRFF,Y25T74,Araba/Álava,Ehunekoa,40.81
2023,,ICTSFWR,Y25T74,Araba/Álava,Ehunekoa,49.75
2023,,ICTPRVCY,Y25T74,Araba/Álava,Ehunekoa,30.59
2023,,,Y25T74,Araba/Álava,Ehunekoa,67.41
2023,,ICTCPT,Y25T74,Gipuzkoa,Ehunekoa,52.75
2023,,ICTPST,Y25T74,Gipuzkoa,Ehunekoa,36.94
2023,,ICTSSHT,Y25T74,Gipuzkoa,Ehunekoa,40.84
2023,,ICTPRGM,Y25T74,Gipuzkoa,Ehunekoa,5.23
2023,,ICTTRFF,Y25T74,Gipuzkoa,Ehunekoa,47.25
2023,,ICTSFWR,Y25T74,Gipuzkoa,Ehunekoa,46.67
2023,,ICTPRVCY,Y25T74,Gipuzkoa,Ehunekoa,30.5
2023,,,Y25T74,Gipuzkoa,Ehunekoa,68.42
2023,,ICTCPT,Y25T74,Bizkaia,Ehunekoa,52.12
2023,,ICTPST,Y25T74,Bizkaia,Ehunekoa,35.46
2023,,ICTSSHT,Y25T74,Bizkaia,Ehunekoa,39.1
2023,,ICTPRGM,Y25T74,Bizkaia,Ehunekoa,5.19
2023,,ICTTRFF,Y25T74,Bizkaia,Ehunekoa,47.3
2023,,ICTSFWR,Y25T74,Bizkaia,Ehunekoa,48.86
2023,,ICTPRVCY,Y25T74,Bizkaia,Ehunekoa,33.0
2023,,,Y25T74,Bizkaia,Ehunekoa,68.42
2023,1.0,ICTCPT,Y16T74,,Ehunekoa,56.67
2023,1.0,ICTPST,Y16T74,,Ehunekoa,40.29
2023,1.0,ICTSSHT,Y16T74,,Ehunekoa,42.84
2023,1.0,ICTPRGM,Y16T74,,Ehunekoa,8.1
2023,1.0,ICTTRFF,Y16T74,,Ehunekoa,51.9
2023,1.0,ICTSFWR,Y16T74,,Ehunekoa,54.26
2023,1.0,ICTPRVCY,Y16T74,,Ehunekoa,37.7
2023,1.0,,Y16T74,,Ehunekoa,72.52
2023,1.0,ICTCPT,Y16T74,Araba/Álava,Ehunekoa,54.1
2023,1.0,ICTPST,Y16T74,Araba/Álava,Ehunekoa,37.2
2023,1.0,ICTSSHT,Y16T74,Araba/Álava,Ehunekoa,35.4
2023,1.0,ICTPRGM,Y16T74,Araba/Álava,Ehunekoa,4.98
2023,1.0,ICTTRFF,Y16T74,Araba/Álava,Ehunekoa,46.11
2023,1.0,ICTSFWR,Y16T74,Araba/Álava,Ehunekoa,52.49
2023,1.0,ICTPRVCY,Y16T74,Araba/Álava,Ehunekoa,37.29
2023,1.0,,Y16T74,Araba/Álava,Ehunekoa,69.77
2023,1.0,ICTCPT,Y16T74,Gipuzkoa,Ehunekoa,57.43
2023,1.0,ICTPST,Y16T74,Gipuzkoa,Ehunekoa,43.52
2023,1.0,ICTSSHT,Y16T74,Gipuzkoa,Ehunekoa,45.65
2023,1.0,ICTPRGM,Y16T74,Gipuzkoa,Ehunekoa,8.95
2023,1.0,ICTTRFF,Y16T74,Gipuzkoa,Ehunekoa,52.26
2023,1.0,ICTSFWR,Y16T74,Gipuzkoa,Ehunekoa,54.55
2023,1.0,ICTPRVCY,Y16T74,Gipuzkoa,Ehunekoa,36.17
2023,1.0,,Y16T74,Gipuzkoa,Ehunekoa,73.03
2023,1.0,ICTCPT,Y16T74,Bizkaia,Ehunekoa,56.95
2023,1.0,ICTPST,Y16T74,Bizkaia,Ehunekoa,39.15
2023,1.0,ICTSSHT,Y16T74,Bizkaia,Ehunekoa,43.27
2023,1.0,ICTPRGM,Y16T74,Bizkaia,Ehunekoa,8.48
2023,1.0,ICTTRFF,Y16T74,Bizkaia,Ehunekoa,53.39
2023,1.0,ICTSFWR,Y16T74,Bizkaia,Ehunekoa,54.6
2023,1.0,ICTPRVCY,Y16T74,Bizkaia,Ehunekoa,38.78
2023,1.0,,Y16T74,Bizkaia,Ehunekoa,73.02
2023,1.0,ICTCPT,Y16T24,,Ehunekoa,85.58
2023,1.0,ICTPST,Y16T24,,Ehunekoa,77.2
2023,1.0,ICTSSHT,Y16T24,,Ehunekoa,62.72
2023,1.0,ICTPRGM,Y16T24,,Ehunekoa,20.82
2023,1.0,ICTTRFF,Y16T24,,Ehunekoa,71.32
2023,1.0,ICTSFWR,Y16T24,,Ehunekoa,73.67
2023,1.0,ICTPRVCY,Y16T24,,Ehunekoa,47.3
2023,1.0,,Y16T24,,Ehunekoa,93.15
2023,1.0,ICTCPT,Y16T24,Araba/Álava,Ehunekoa,93.34
2023,1.0,ICTPST,Y16T24,Araba/Álava,Ehunekoa,76.92
2023,1.0,ICTSSHT,Y16T24,Araba/Álava,Ehunekoa,54.19
2023,1.0,ICTPRGM,Y16T24,Araba/Álava,Ehunekoa,18.62
2023,1.0,ICTTRFF,Y16T24,Araba/Álava,Ehunekoa,79.3
2023,1.0,ICTSFWR,Y16T24,Araba/Álava,Ehunekoa,67.59
2023,1.0,ICTPRVCY,Y16T24,Araba/Álava,Ehunekoa,38.16
2023,1.0,,Y16T24,Araba/Álava,Ehunekoa,100.0
2023,1.0,ICTCPT,Y16T24,Gipuzkoa,Ehunekoa,84.13
2023,1.0,ICTPST,Y16T24,Gipuzkoa,Ehunekoa,79.85
2023,1.0,ICTSSHT,Y16T24,Gipuzkoa,Ehunekoa,66.82
2023,1.0,ICTPRGM,Y16T24,Gipuzkoa,Ehunekoa,16.54
2023,1.0,ICTTRFF,Y16T24,Gipuzkoa,Ehunekoa,70.81
2023,1.0,ICTSFWR,Y16T24,Gipuzkoa,Ehunekoa,78.58
2023,1.0,ICTPRVCY,Y16T24,Gipuzkoa,Ehunekoa,46.3
2023,1.0,,Y16T24,Gipuzkoa,Ehunekoa,94.65
2023,1.0,ICTCPT,Y16T24,Bizkaia,Ehunekoa,83.88
2023,1.0,ICTPST,Y16T24,Bizkaia,Ehunekoa,75.48
2023,1.0,ICTSSHT,Y16T24,Bizkaia,Ehunekoa,62.89
2023,1.0,ICTPRGM,Y16T24,Bizkaia,Ehunekoa,24.51
2023,1.0,ICTTRFF,Y16T24,Bizkaia,Ehunekoa,68.91
2023,1.0,ICTSFWR,Y16T24,Bizkaia,Ehunekoa,72.42
2023,1.0,ICTPRVCY,Y16T24,Bizkaia,Ehunekoa,51.15
2023,1.0,,Y16T24,Bizkaia,Ehunekoa,89.75
2023,1.0,ICTCPT,Y25T74,,Ehunekoa,52.63
2023,1.0,ICTPST,Y25T74,,Ehunekoa,35.13
2023,1.0,ICTSSHT,Y25T74,,Ehunekoa,40.06
2023,1.0,ICTPRGM,Y25T74,,Ehunekoa,6.32
2023,1.0,ICTTRFF,Y25T74,,Ehunekoa,49.19
2023,1.0,ICTSFWR,Y25T74,,Ehunekoa,51.54
2023,1.0,ICTPRVCY,Y25T74,,Ehunekoa,36.35
2023,1.0,,Y25T74,,Ehunekoa,69.64
2023,1.0,ICTCPT,Y25T74,Araba/Álava,Ehunekoa,47.9
2023,1.0,ICTPST,Y25T74,Araba/Álava,Ehunekoa,30.92
2023,1.0,ICTSSHT,Y25T74,Araba/Álava,Ehunekoa,32.43
2023,1.0,ICTPRGM,Y25T74,Araba/Álava,Ehunekoa,2.83
2023,1.0,ICTTRFF,Y25T74,Araba/Álava,Ehunekoa,40.86
2023,1.0,ICTSFWR,Y25T74,Araba/Álava,Ehunekoa,50.1
2023,1.0,ICTPRVCY,Y25T74,Araba/Álava,Ehunekoa,37.15
2023,1.0,,Y25T74,Araba/Álava,Ehunekoa,64.99
2023,1.0,ICTCPT,Y25T74,Gipuzkoa,Ehunekoa,53.59
2023,1.0,ICTPST,Y25T74,Gipuzkoa,Ehunekoa,38.29
2023,1.0,ICTSSHT,Y25T74,Gipuzkoa,Ehunekoa,42.6
2023,1.0,ICTPRGM,Y25T74,Gipuzkoa,Ehunekoa,7.85
2023,1.0,ICTTRFF,Y25T74,Gipuzkoa,Ehunekoa,49.59
2023,1.0,ICTSFWR,Y25T74,Gipuzkoa,Ehunekoa,51.09
2023,1.0,ICTPRVCY,Y25T74,Gipuzkoa,Ehunekoa,34.72
2023,1.0,,Y25T74,Gipuzkoa,Ehunekoa,69.92
2023,1.0,ICTCPT,Y25T74,Bizkaia,Ehunekoa,53.4
2023,1.0,ICTPST,Y25T74,Bizkaia,Ehunekoa,34.36
2023,1.0,ICTSSHT,Y25T74,Bizkaia,Ehunekoa,40.68
2023,1.0,ICTPRGM,Y25T74,Bizkaia,Ehunekoa,6.37
2023,1.0,ICTTRFF,Y25T74,Bizkaia,Ehunekoa,51.34
2023,1.0,ICTSFWR,Y25T74,Bizkaia,Ehunekoa,52.24
2023,1.0,ICTPRVCY,Y25T74,Bizkaia,Ehunekoa,37.15
2023,1.0,,Y25T74,Bizkaia,Ehunekoa,70.81
2023,2.0,ICTCPT,Y16T74,,Ehunekoa,55.85
2023,2.0,ICTPST,Y16T74,,Ehunekoa,41.81
2023,2.0,ICTSSHT,Y16T74,,Ehunekoa,40.89
2023,2.0,ICTPRGM,Y16T74,,Ehunekoa,4.42
2023,2.0,ICTTRFF,Y16T74,,Ehunekoa,48.1
2023,2.0,ICTSFWR,Y16T74,,Ehunekoa,49.01
2023,2.0,ICTPRVCY,Y16T74,,Ehunekoa,29.31
2023,2.0,,Y16T74,,Ehunekoa,70.5
2023,2.0,ICTCPT,Y16T74,Araba/Álava,Ehunekoa,55.54
2023,2.0,ICTPST,Y16T74,Araba/Álava,Ehunekoa,39.57
2023,2.0,ICTSSHT,Y16T74,Araba/Álava,Ehunekoa,39.31
2023,2.0,ICTPRGM,Y16T74,Araba/Álava,Ehunekoa,3.54
2023,2.0,ICTTRFF,Y16T74,Araba/Álava,Ehunekoa,45.98
2023,2.0,ICTSFWR,Y16T74,Araba/Álava,Ehunekoa,52.49
2023,2.0,ICTPRVCY,Y16T74,Araba/Álava,Ehunekoa,26.0
2023,2.0,,Y16T74,Araba/Álava,Ehunekoa,72.84
2023,2.0,ICTCPT,Y16T74,Gipuzkoa,Ehunekoa,57.09
2023,2.0,ICTPST,Y16T74,Gipuzkoa,Ehunekoa,42.33
2023,2.0,ICTSSHT,Y16T74,Gipuzkoa,Ehunekoa,43.22
2023,2.0,ICTPRGM,Y16T74,Gipuzkoa,Ehunekoa,3.36
2023,2.0,ICTTRFF,Y16T74,Gipuzkoa,Ehunekoa,49.41
2023,2.0,ICTSFWR,Y16T74,Gipuzkoa,Ehunekoa,46.88
2023,2.0,ICTPRVCY,Y16T74,Gipuzkoa,Ehunekoa,29.29
2023,2.0,,Y16T74,Gipuzkoa,Ehunekoa,70.91
2023,2.0,ICTCPT,Y16T74,Bizkaia,Ehunekoa,55.17
2023,2.0,ICTPST,Y16T74,Bizkaia,Ehunekoa,42.12
2023,2.0,ICTSSHT,Y16T74,Bizkaia,Ehunekoa,39.9
2023,2.0,ICTPRGM,Y16T74,Bizkaia,Ehunekoa,5.32
2023,2.0,ICTTRFF,Y16T74,Bizkaia,Ehunekoa,47.89
2023,2.0,ICTSFWR,Y16T74,Bizkaia,Ehunekoa,49.35
2023,2.0,ICTPRVCY,Y16T74,Bizkaia,Ehunekoa,30.26
2023,2.0,,Y16T74,Bizkaia,Ehunekoa,69.6
2023,2.0,ICTCPT,Y16T24,,Ehunekoa,92.94
2023,2.0,ICTPST,Y16T24,,Ehunekoa,90.28
2023,2.0,ICTSSHT,Y16T24,,Ehunekoa,64.48
2023,2.0,ICTPRGM,Y16T24,,Ehunekoa,12.07
2023,2.0,ICTTRFF,Y16T24,,Ehunekoa,84.28
2023,2.0,ICTSFWR,Y16T24,,Ehunekoa,79.65
2023,2.0,ICTPRVCY,Y16T24,,Ehunekoa,43.67
2023,2.0,,Y16T24,,Ehunekoa,98.77
2023,2.0,ICTCPT,Y16T24,Araba/Álava,Ehunekoa,96.79
2023,2.0,ICTPST,Y16T24,Araba/Álava,Ehunekoa,92.24
2023,2.0,ICTSSHT,Y16T24,Araba/Álava,Ehunekoa,62.43
2023,2.0,ICTPRGM,Y16T24,Araba/Álava,Ehunekoa,8.98
2023,2.0,ICTTRFF,Y16T24,Araba/Álava,Ehunekoa,89.88
2023,2.0,ICTSFWR,Y16T24,Araba/Álava,Ehunekoa,78.39
2023,2.0,ICTPRVCY,Y16T24,Araba/Álava,Ehunekoa,40.89
2023,2.0,,Y16T24,Araba/Álava,Ehunekoa,98.8
2023,2.0,ICTCPT,Y16T24,Gipuzkoa,Ehunekoa,95.08
2023,2.0,ICTPST,Y16T24,Gipuzkoa,Ehunekoa,91.74
2023,2.0,ICTSSHT,Y16T24,Gipuzkoa,Ehunekoa,73.46
2023,2.0,ICTPRGM,Y16T24,Gipuzkoa,Ehunekoa,8.28
2023,2.0,ICTTRFF,Y16T24,Gipuzkoa,Ehunekoa,82.15
2023,2.0,ICTSFWR,Y16T24,Gipuzkoa,Ehunekoa,80.06
2023,2.0,ICTPRVCY,Y16T24,Gipuzkoa,Ehunekoa,50.47
2023,2.0,,Y16T24,Gipuzkoa,Ehunekoa,100.0
2023,2.0,ICTCPT,Y16T24,Bizkaia,Ehunekoa,90.41
2023,2.0,ICTPST,Y16T24,Bizkaia,Ehunekoa,88.74
2023,2.0,ICTSSHT,Y16T24,Bizkaia,Ehunekoa,58.92
2023,2.0,ICTPRGM,Y16T24,Bizkaia,Ehunekoa,15.5
2023,2.0,ICTTRFF,Y16T24,Bizkaia,Ehunekoa,84.18
2023,2.0,ICTSFWR,Y16T24,Bizkaia,Ehunekoa,79.72
2023,2.0,ICTPRVCY,Y16T24,Bizkaia,Ehunekoa,39.79
2023,2.0,,Y16T24,Bizkaia,Ehunekoa,97.92
2023,2.0,ICTCPT,Y25T74,,Ehunekoa,51.2
2023,2.0,ICTPST,Y25T74,,Ehunekoa,35.74
2023,2.0,ICTSSHT,Y25T74,,Ehunekoa,37.94
2023,2.0,ICTPRGM,Y25T74,,Ehunekoa,3.46
2023,2.0,ICTTRFF,Y25T74,,Ehunekoa,43.57
2023,2.0,ICTSFWR,Y25T74,,Ehunekoa,45.18
2023,2.0,ICTPRVCY,Y25T74,,Ehunekoa,27.52
2023,2.0,,Y25T74,,Ehunekoa,66.96
2023,2.0,ICTCPT,Y25T74,Araba/Álava,Ehunekoa,50.64
2023,2.0,ICTPST,Y25T74,Araba/Álava,Ehunekoa,33.32
2023,2.0,ICTSSHT,Y25T74,Araba/Álava,Ehunekoa,36.57
2023,2.0,ICTPRGM,Y25T74,Araba/Álava,Ehunekoa,2.9
2023,2.0,ICTTRFF,Y25T74,Araba/Álava,Ehunekoa,40.77
2023,2.0,ICTSFWR,Y25T74,Araba/Álava,Ehunekoa,49.41
2023,2.0,ICTPRVCY,Y25T74,Araba/Álava,Ehunekoa,24.23
2023,2.0,,Y25T74,Araba/Álava,Ehunekoa,69.76
2023,2.0,ICTCPT,Y25T74,Gipuzkoa,Ehunekoa,51.94
2023,2.0,ICTPST,Y25T74,Gipuzkoa,Ehunekoa,35.63
2023,2.0,ICTSSHT,Y25T74,Gipuzkoa,Ehunekoa,39.13
2023,2.0,ICTPRGM,Y25T74,Gipuzkoa,Ehunekoa,2.69
2023,2.0,ICTTRFF,Y25T74,Gipuzkoa,Ehunekoa,44.98
2023,2.0,ICTSFWR,Y25T74,Gipuzkoa,Ehunekoa,42.39
2023,2.0,ICTPRVCY,Y25T74,Gipuzkoa,Ehunekoa,26.42
2023,2.0,,Y25T74,Gipuzkoa,Ehunekoa,66.96
2023,2.0,ICTCPT,Y25T74,Bizkaia,Ehunekoa,50.91
2023,2.0,ICTPST,Y25T74,Bizkaia,Ehunekoa,36.49
2023,2.0,ICTSSHT,Y25T74,Bizkaia,Ehunekoa,37.61
2023,2.0,ICTPRGM,Y25T74,Bizkaia,Ehunekoa,4.09
2023,2.0,ICTTRFF,Y25T74,Bizkaia,Ehunekoa,43.5
2023,2.0,ICTSFWR,Y25T74,Bizkaia,Ehunekoa,45.68
2023,2.0,ICTPRVCY,Y25T74,Bizkaia,Ehunekoa,29.11
2023,2.0,,Y25T74,Bizkaia,Ehunekoa,66.18
