Year,Series,Lurralde historikoa,Units,Value
2022,Genero-parekotasunaren indizea hezkuntza-jarduerak egitean,,Ratioa,1.07
2011,Genero-parekotasunaren indizea hezkuntza-jarduerak egitean,,Ratioa,1.17
2016,Genero-parekotasunaren indizea hezkuntza-jarduerak egitean,,Ratioa,1.0
2022,Diru-sarrera parekotasunaren indizea hezkuntza-jarduerak egitean (goiko eta beheko kintilak),,Ratioa,0.6
2016,Diru-sarrera parekotasunaren indizea hezkuntza-jarduerak egitean (goiko eta beheko kintilak),,Ratioa,0.6
2011,Diru-sarrera parekotasunaren indizea hezkuntza-jarduerak egitean (goiko eta beheko kintilak),,Ratioa,0.64
2016,Osasun-parekotasunaren indizea hezkuntza-jarduerak egitean,,Ratioa,0.66
2022,Osasun-parekotasunaren indizea hezkuntza-jarduerak egitean,,Ratioa,0.7
2021,Bizileku-parekotasunaren indizea hezkuntza-jarduerak egitean (10.000 biztanletik gorako eta beherako udalerriak),,Ratioa,1.02
2015,Bizileku-parekotasunaren indizea hezkuntza-jarduerak egitean (10.000 biztanletik gorako eta beherako udalerriak),,Ratioa,0.91
2014,Bizileku-parekotasunaren indizea hezkuntza-jarduerak egitean (10.000 biztanletik gorako eta beherako udalerriak),,Ratioa,0.91
2010,Bizileku-parekotasunaren indizea hezkuntza-jarduerak egitean (10.000 biztanletik gorako eta beherako udalerriak),,Ratioa,0.99
2019,Bizileku-parekotasunaren indizea hezkuntza-jarduerak egitean (10.000 biztanletik gorako eta beherako udalerriak),,Ratioa,0.9
2022,Bizileku-parekotasunaren indizea hezkuntza-jarduerak egitean (10.000 biztanletik gorako eta beherako udalerriak),,Ratioa,1.01
2016,Bizileku-parekotasunaren indizea hezkuntza-jarduerak egitean (10.000 biztanletik gorako eta beherako udalerriak),,Ratioa,0.94
2018,Bizileku-parekotasunaren indizea hezkuntza-jarduerak egitean (10.000 biztanletik gorako eta beherako udalerriak),,Ratioa,0.88
2024,Bizileku-parekotasunaren indizea hezkuntza-jarduerak egitean (10.000 biztanletik gorako eta beherako udalerriak),,Ratioa,0.97
2017,Bizileku-parekotasunaren indizea hezkuntza-jarduerak egitean (10.000 biztanletik gorako eta beherako udalerriak),,Ratioa,0.92
2020,Bizileku-parekotasunaren indizea hezkuntza-jarduerak egitean (10.000 biztanletik gorako eta beherako udalerriak),,Ratioa,0.99
2013,Bizileku-parekotasunaren indizea hezkuntza-jarduerak egitean (10.000 biztanletik gorako eta beherako udalerriak),,Ratioa,0.93
2012,Bizileku-parekotasunaren indizea hezkuntza-jarduerak egitean (10.000 biztanletik gorako eta beherako udalerriak),,Ratioa,0.98
2011,Bizileku-parekotasunaren indizea hezkuntza-jarduerak egitean (10.000 biztanletik gorako eta beherako udalerriak),,Ratioa,0.96
2023,Bizileku-parekotasunaren indizea hezkuntza-jarduerak egitean (10.000 biztanletik gorako eta beherako udalerriak),,Ratioa,1.02
2019,Bizileku-parekotasunaren indizea hezkuntza-jarduerak egitean (10.000 biztanletik gorako eta beherako udalerriak),Araba / Álava,Ratioa,0.96
2011,Bizileku-parekotasunaren indizea hezkuntza-jarduerak egitean (10.000 biztanletik gorako eta beherako udalerriak),Araba / Álava,Ratioa,0.68
2018,Bizileku-parekotasunaren indizea hezkuntza-jarduerak egitean (10.000 biztanletik gorako eta beherako udalerriak),Araba / Álava,Ratioa,1.03
2017,Bizileku-parekotasunaren indizea hezkuntza-jarduerak egitean (10.000 biztanletik gorako eta beherako udalerriak),Araba / Álava,Ratioa,0.84
2016,Bizileku-parekotasunaren indizea hezkuntza-jarduerak egitean (10.000 biztanletik gorako eta beherako udalerriak),Araba / Álava,Ratioa,0.93
2010,Bizileku-parekotasunaren indizea hezkuntza-jarduerak egitean (10.000 biztanletik gorako eta beherako udalerriak),Araba / Álava,Ratioa,0.43
2015,Bizileku-parekotasunaren indizea hezkuntza-jarduerak egitean (10.000 biztanletik gorako eta beherako udalerriak),Araba / Álava,Ratioa,0.96
2014,Bizileku-parekotasunaren indizea hezkuntza-jarduerak egitean (10.000 biztanletik gorako eta beherako udalerriak),Araba / Álava,Ratioa,0.7
2024,Bizileku-parekotasunaren indizea hezkuntza-jarduerak egitean (10.000 biztanletik gorako eta beherako udalerriak),Araba / Álava,Ratioa,0.9
2023,Bizileku-parekotasunaren indizea hezkuntza-jarduerak egitean (10.000 biztanletik gorako eta beherako udalerriak),Araba / Álava,Ratioa,0.89
2013,Bizileku-parekotasunaren indizea hezkuntza-jarduerak egitean (10.000 biztanletik gorako eta beherako udalerriak),Araba / Álava,Ratioa,0.77
2022,Bizileku-parekotasunaren indizea hezkuntza-jarduerak egitean (10.000 biztanletik gorako eta beherako udalerriak),Araba / Álava,Ratioa,0.85
2021,Bizileku-parekotasunaren indizea hezkuntza-jarduerak egitean (10.000 biztanletik gorako eta beherako udalerriak),Araba / Álava,Ratioa,0.91
2012,Bizileku-parekotasunaren indizea hezkuntza-jarduerak egitean (10.000 biztanletik gorako eta beherako udalerriak),Araba / Álava,Ratioa,0.8
2020,Bizileku-parekotasunaren indizea hezkuntza-jarduerak egitean (10.000 biztanletik gorako eta beherako udalerriak),Araba / Álava,Ratioa,0.85
2020,Bizileku-parekotasunaren indizea hezkuntza-jarduerak egitean (10.000 biztanletik gorako eta beherako udalerriak),Gipuzkoa,Ratioa,0.94
2019,Bizileku-parekotasunaren indizea hezkuntza-jarduerak egitean (10.000 biztanletik gorako eta beherako udalerriak),Gipuzkoa,Ratioa,0.91
2018,Bizileku-parekotasunaren indizea hezkuntza-jarduerak egitean (10.000 biztanletik gorako eta beherako udalerriak),Gipuzkoa,Ratioa,0.86
2017,Bizileku-parekotasunaren indizea hezkuntza-jarduerak egitean (10.000 biztanletik gorako eta beherako udalerriak),Gipuzkoa,Ratioa,0.92
2016,Bizileku-parekotasunaren indizea hezkuntza-jarduerak egitean (10.000 biztanletik gorako eta beherako udalerriak),Gipuzkoa,Ratioa,0.99
2015,Bizileku-parekotasunaren indizea hezkuntza-jarduerak egitean (10.000 biztanletik gorako eta beherako udalerriak),Gipuzkoa,Ratioa,0.91
2014,Bizileku-parekotasunaren indizea hezkuntza-jarduerak egitean (10.000 biztanletik gorako eta beherako udalerriak),Gipuzkoa,Ratioa,0.9
2013,Bizileku-parekotasunaren indizea hezkuntza-jarduerak egitean (10.000 biztanletik gorako eta beherako udalerriak),Gipuzkoa,Ratioa,1.01
2012,Bizileku-parekotasunaren indizea hezkuntza-jarduerak egitean (10.000 biztanletik gorako eta beherako udalerriak),Gipuzkoa,Ratioa,1.0
2011,Bizileku-parekotasunaren indizea hezkuntza-jarduerak egitean (10.000 biztanletik gorako eta beherako udalerriak),Gipuzkoa,Ratioa,0.91
2010,Bizileku-parekotasunaren indizea hezkuntza-jarduerak egitean (10.000 biztanletik gorako eta beherako udalerriak),Gipuzkoa,Ratioa,0.95
2024,Bizileku-parekotasunaren indizea hezkuntza-jarduerak egitean (10.000 biztanletik gorako eta beherako udalerriak),Gipuzkoa,Ratioa,1.04
2023,Bizileku-parekotasunaren indizea hezkuntza-jarduerak egitean (10.000 biztanletik gorako eta beherako udalerriak),Gipuzkoa,Ratioa,1.1
2022,Bizileku-parekotasunaren indizea hezkuntza-jarduerak egitean (10.000 biztanletik gorako eta beherako udalerriak),Gipuzkoa,Ratioa,1.11
2021,Bizileku-parekotasunaren indizea hezkuntza-jarduerak egitean (10.000 biztanletik gorako eta beherako udalerriak),Gipuzkoa,Ratioa,1.03
2024,Bizileku-parekotasunaren indizea hezkuntza-jarduerak egitean (10.000 biztanletik gorako eta beherako udalerriak),Bizkaia,Ratioa,0.94
2023,Bizileku-parekotasunaren indizea hezkuntza-jarduerak egitean (10.000 biztanletik gorako eta beherako udalerriak),Bizkaia,Ratioa,0.99
2022,Bizileku-parekotasunaren indizea hezkuntza-jarduerak egitean (10.000 biztanletik gorako eta beherako udalerriak),Bizkaia,Ratioa,0.99
2021,Bizileku-parekotasunaren indizea hezkuntza-jarduerak egitean (10.000 biztanletik gorako eta beherako udalerriak),Bizkaia,Ratioa,1.05
2020,Bizileku-parekotasunaren indizea hezkuntza-jarduerak egitean (10.000 biztanletik gorako eta beherako udalerriak),Bizkaia,Ratioa,1.05
2019,Bizileku-parekotasunaren indizea hezkuntza-jarduerak egitean (10.000 biztanletik gorako eta beherako udalerriak),Bizkaia,Ratioa,0.89
2018,Bizileku-parekotasunaren indizea hezkuntza-jarduerak egitean (10.000 biztanletik gorako eta beherako udalerriak),Bizkaia,Ratioa,0.86
2017,Bizileku-parekotasunaren indizea hezkuntza-jarduerak egitean (10.000 biztanletik gorako eta beherako udalerriak),Bizkaia,Ratioa,0.95
2016,Bizileku-parekotasunaren indizea hezkuntza-jarduerak egitean (10.000 biztanletik gorako eta beherako udalerriak),Bizkaia,Ratioa,0.9
2015,Bizileku-parekotasunaren indizea hezkuntza-jarduerak egitean (10.000 biztanletik gorako eta beherako udalerriak),Bizkaia,Ratioa,0.88
2014,Bizileku-parekotasunaren indizea hezkuntza-jarduerak egitean (10.000 biztanletik gorako eta beherako udalerriak),Bizkaia,Ratioa,0.99
2013,Bizileku-parekotasunaren indizea hezkuntza-jarduerak egitean (10.000 biztanletik gorako eta beherako udalerriak),Bizkaia,Ratioa,0.93
2012,Bizileku-parekotasunaren indizea hezkuntza-jarduerak egitean (10.000 biztanletik gorako eta beherako udalerriak),Bizkaia,Ratioa,0.98
2011,Bizileku-parekotasunaren indizea hezkuntza-jarduerak egitean (10.000 biztanletik gorako eta beherako udalerriak),Bizkaia,Ratioa,1.05
2010,Bizileku-parekotasunaren indizea hezkuntza-jarduerak egitean (10.000 biztanletik gorako eta beherako udalerriak),Bizkaia,Ratioa,1.14
