Year,Series,Hezkuntza-maila,Units,Value
2023,"Eskatutako gutxieneko kalifikazioak dituzten irakasleen proportzioa, hezkuntza-mailaren arabera banakatuta",Eskolaurrea,PT,100
2022,"Eskatutako gutxieneko kalifikazioak dituzten irakasleen proportzioa, hezkuntza-mailaren arabera banakatuta",Eskolaurrea,PT,100
2010,"Eskatutako gutxieneko kalifikazioak dituzten irakasleen proportzioa, hezkuntza-mailaren arabera banakatuta",Eskolaurrea,PT,100
2021,"Eskatutako gutxieneko kalifikazioak dituzten irakasleen proportzioa, hezkuntza-mailaren arabera banakatuta",Eskolaurrea,PT,100
2014,"Eskatutako gutxieneko kalifikazioak dituzten irakasleen proportzioa, hezkuntza-mailaren arabera banakatuta",Eskolaurrea,PT,100
2011,"Eskatutako gutxieneko kalifikazioak dituzten irakasleen proportzioa, hezkuntza-mailaren arabera banakatuta",Eskolaurrea,PT,100
2016,"Eskatutako gutxieneko kalifikazioak dituzten irakasleen proportzioa, hezkuntza-mailaren arabera banakatuta",Eskolaurrea,PT,100
2013,"Eskatutako gutxieneko kalifikazioak dituzten irakasleen proportzioa, hezkuntza-mailaren arabera banakatuta",Eskolaurrea,PT,100
2019,"Eskatutako gutxieneko kalifikazioak dituzten irakasleen proportzioa, hezkuntza-mailaren arabera banakatuta",Eskolaurrea,PT,100
2018,"Eskatutako gutxieneko kalifikazioak dituzten irakasleen proportzioa, hezkuntza-mailaren arabera banakatuta",Eskolaurrea,PT,100
2020,"Eskatutako gutxieneko kalifikazioak dituzten irakasleen proportzioa, hezkuntza-mailaren arabera banakatuta",Eskolaurrea,PT,100
2024,"Eskatutako gutxieneko kalifikazioak dituzten irakasleen proportzioa, hezkuntza-mailaren arabera banakatuta",Eskolaurrea,PT,100
2012,"Eskatutako gutxieneko kalifikazioak dituzten irakasleen proportzioa, hezkuntza-mailaren arabera banakatuta",Eskolaurrea,PT,100
2015,"Eskatutako gutxieneko kalifikazioak dituzten irakasleen proportzioa, hezkuntza-mailaren arabera banakatuta",Eskolaurrea,PT,100
2017,"Eskatutako gutxieneko kalifikazioak dituzten irakasleen proportzioa, hezkuntza-mailaren arabera banakatuta",Eskolaurrea,PT,100
2013,"Eskatutako gutxieneko kalifikazioak dituzten irakasleen proportzioa, hezkuntza-mailaren arabera banakatuta",Lehen hezkuntza,PT,100
2016,"Eskatutako gutxieneko kalifikazioak dituzten irakasleen proportzioa, hezkuntza-mailaren arabera banakatuta",Lehen hezkuntza,PT,100
2015,"Eskatutako gutxieneko kalifikazioak dituzten irakasleen proportzioa, hezkuntza-mailaren arabera banakatuta",Lehen hezkuntza,PT,100
2010,"Eskatutako gutxieneko kalifikazioak dituzten irakasleen proportzioa, hezkuntza-mailaren arabera banakatuta",Lehen hezkuntza,PT,100
2017,"Eskatutako gutxieneko kalifikazioak dituzten irakasleen proportzioa, hezkuntza-mailaren arabera banakatuta",Lehen hezkuntza,PT,100
2022,"Eskatutako gutxieneko kalifikazioak dituzten irakasleen proportzioa, hezkuntza-mailaren arabera banakatuta",Lehen hezkuntza,PT,100
2023,"Eskatutako gutxieneko kalifikazioak dituzten irakasleen proportzioa, hezkuntza-mailaren arabera banakatuta",Lehen hezkuntza,PT,100
2012,"Eskatutako gutxieneko kalifikazioak dituzten irakasleen proportzioa, hezkuntza-mailaren arabera banakatuta",Lehen hezkuntza,PT,100
2018,"Eskatutako gutxieneko kalifikazioak dituzten irakasleen proportzioa, hezkuntza-mailaren arabera banakatuta",Lehen hezkuntza,PT,100
2021,"Eskatutako gutxieneko kalifikazioak dituzten irakasleen proportzioa, hezkuntza-mailaren arabera banakatuta",Lehen hezkuntza,PT,100
2020,"Eskatutako gutxieneko kalifikazioak dituzten irakasleen proportzioa, hezkuntza-mailaren arabera banakatuta",Lehen hezkuntza,PT,100
2024,"Eskatutako gutxieneko kalifikazioak dituzten irakasleen proportzioa, hezkuntza-mailaren arabera banakatuta",Lehen hezkuntza,PT,100
2019,"Eskatutako gutxieneko kalifikazioak dituzten irakasleen proportzioa, hezkuntza-mailaren arabera banakatuta",Lehen hezkuntza,PT,100
2014,"Eskatutako gutxieneko kalifikazioak dituzten irakasleen proportzioa, hezkuntza-mailaren arabera banakatuta",Lehen hezkuntza,PT,100
2011,"Eskatutako gutxieneko kalifikazioak dituzten irakasleen proportzioa, hezkuntza-mailaren arabera banakatuta",Lehen hezkuntza,PT,100
2016,"Eskatutako gutxieneko kalifikazioak dituzten irakasleen proportzioa, hezkuntza-mailaren arabera banakatuta",Bigarren hezkuntzako lehenengo etapa,PT,100
2018,"Eskatutako gutxieneko kalifikazioak dituzten irakasleen proportzioa, hezkuntza-mailaren arabera banakatuta",Bigarren hezkuntzako lehenengo etapa,PT,100
2021,"Eskatutako gutxieneko kalifikazioak dituzten irakasleen proportzioa, hezkuntza-mailaren arabera banakatuta",Bigarren hezkuntzako lehenengo etapa,PT,100
2022,"Eskatutako gutxieneko kalifikazioak dituzten irakasleen proportzioa, hezkuntza-mailaren arabera banakatuta",Bigarren hezkuntzako lehenengo etapa,PT,100
2019,"Eskatutako gutxieneko kalifikazioak dituzten irakasleen proportzioa, hezkuntza-mailaren arabera banakatuta",Bigarren hezkuntzako lehenengo etapa,PT,100
2024,"Eskatutako gutxieneko kalifikazioak dituzten irakasleen proportzioa, hezkuntza-mailaren arabera banakatuta",Bigarren hezkuntzako lehenengo etapa,PT,100
2020,"Eskatutako gutxieneko kalifikazioak dituzten irakasleen proportzioa, hezkuntza-mailaren arabera banakatuta",Bigarren hezkuntzako lehenengo etapa,PT,100
2015,"Eskatutako gutxieneko kalifikazioak dituzten irakasleen proportzioa, hezkuntza-mailaren arabera banakatuta",Bigarren hezkuntzako lehenengo etapa,PT,100
2013,"Eskatutako gutxieneko kalifikazioak dituzten irakasleen proportzioa, hezkuntza-mailaren arabera banakatuta",Bigarren hezkuntzako lehenengo etapa,PT,100
2010,"Eskatutako gutxieneko kalifikazioak dituzten irakasleen proportzioa, hezkuntza-mailaren arabera banakatuta",Bigarren hezkuntzako lehenengo etapa,PT,100
2012,"Eskatutako gutxieneko kalifikazioak dituzten irakasleen proportzioa, hezkuntza-mailaren arabera banakatuta",Bigarren hezkuntzako lehenengo etapa,PT,100
2014,"Eskatutako gutxieneko kalifikazioak dituzten irakasleen proportzioa, hezkuntza-mailaren arabera banakatuta",Bigarren hezkuntzako lehenengo etapa,PT,100
2017,"Eskatutako gutxieneko kalifikazioak dituzten irakasleen proportzioa, hezkuntza-mailaren arabera banakatuta",Bigarren hezkuntzako lehenengo etapa,PT,100
2023,"Eskatutako gutxieneko kalifikazioak dituzten irakasleen proportzioa, hezkuntza-mailaren arabera banakatuta",Bigarren hezkuntzako lehenengo etapa,PT,100
2011,"Eskatutako gutxieneko kalifikazioak dituzten irakasleen proportzioa, hezkuntza-mailaren arabera banakatuta",Bigarren hezkuntzako lehenengo etapa,PT,100
2010,"Eskatutako gutxieneko kalifikazioak dituzten irakasleen proportzioa, hezkuntza-mailaren arabera banakatuta",Bigarren hezkuntzako bigarren etapa,PT,100
2020,"Eskatutako gutxieneko kalifikazioak dituzten irakasleen proportzioa, hezkuntza-mailaren arabera banakatuta",Bigarren hezkuntzako bigarren etapa,PT,100
2012,"Eskatutako gutxieneko kalifikazioak dituzten irakasleen proportzioa, hezkuntza-mailaren arabera banakatuta",Bigarren hezkuntzako bigarren etapa,PT,100
2011,"Eskatutako gutxieneko kalifikazioak dituzten irakasleen proportzioa, hezkuntza-mailaren arabera banakatuta",Bigarren hezkuntzako bigarren etapa,PT,100
2014,"Eskatutako gutxieneko kalifikazioak dituzten irakasleen proportzioa, hezkuntza-mailaren arabera banakatuta",Bigarren hezkuntzako bigarren etapa,PT,100
2013,"Eskatutako gutxieneko kalifikazioak dituzten irakasleen proportzioa, hezkuntza-mailaren arabera banakatuta",Bigarren hezkuntzako bigarren etapa,PT,100
2015,"Eskatutako gutxieneko kalifikazioak dituzten irakasleen proportzioa, hezkuntza-mailaren arabera banakatuta",Bigarren hezkuntzako bigarren etapa,PT,100
2018,"Eskatutako gutxieneko kalifikazioak dituzten irakasleen proportzioa, hezkuntza-mailaren arabera banakatuta",Bigarren hezkuntzako bigarren etapa,PT,100
2016,"Eskatutako gutxieneko kalifikazioak dituzten irakasleen proportzioa, hezkuntza-mailaren arabera banakatuta",Bigarren hezkuntzako bigarren etapa,PT,100
2024,"Eskatutako gutxieneko kalifikazioak dituzten irakasleen proportzioa, hezkuntza-mailaren arabera banakatuta",Bigarren hezkuntzako bigarren etapa,PT,100
2017,"Eskatutako gutxieneko kalifikazioak dituzten irakasleen proportzioa, hezkuntza-mailaren arabera banakatuta",Bigarren hezkuntzako bigarren etapa,PT,100
2019,"Eskatutako gutxieneko kalifikazioak dituzten irakasleen proportzioa, hezkuntza-mailaren arabera banakatuta",Bigarren hezkuntzako bigarren etapa,PT,100
2022,"Eskatutako gutxieneko kalifikazioak dituzten irakasleen proportzioa, hezkuntza-mailaren arabera banakatuta",Bigarren hezkuntzako bigarren etapa,PT,100
2021,"Eskatutako gutxieneko kalifikazioak dituzten irakasleen proportzioa, hezkuntza-mailaren arabera banakatuta",Bigarren hezkuntzako bigarren etapa,PT,100
2023,"Eskatutako gutxieneko kalifikazioak dituzten irakasleen proportzioa, hezkuntza-mailaren arabera banakatuta",Bigarren hezkuntzako bigarren etapa,PT,100
