Year,Lurralde historikoa,Eskualdea,Udalerria,Units,GeoCode,Value
2022,,,,PER_10000,,4.6
2019,,,,PER_10000,,3.8
2023,,,,PER_10000,,5.7
2021,,,,PER_10000,,4.0
2020,,,,PER_10000,,3.1
2020,,,Abadiño,PER_10000,Abadiño,0.0
2021,,,Abadiño,PER_10000,Abadiño,5.2
2022,,,Abadiño,PER_10000,Abadiño,2.6
2023,,,Abadiño,PER_10000,Abadiño,5.1
2019,,,Abadiño,PER_10000,Abadiño,5.2
2019,,,Abaltzisketa,PER_10000,Abaltzisketa,0.0
2020,,,Abaltzisketa,PER_10000,Abaltzisketa,0.0
2023,,,Abaltzisketa,PER_10000,Abaltzisketa,0.0
2022,,,Abaltzisketa,PER_10000,Abaltzisketa,0.0
2021,,,Abaltzisketa,PER_10000,Abaltzisketa,0.0
2020,,,Abanto y Ciérvana-Abanto Zierbena,PER_10000,Abanto y Ciérvana-Abanto Zierbena,0.0
2021,,,Abanto y Ciérvana-Abanto Zierbena,PER_10000,Abanto y Ciérvana-Abanto Zierbena,0.0
2019,,,Abanto y Ciérvana-Abanto Zierbena,PER_10000,Abanto y Ciérvana-Abanto Zierbena,2.1
2022,,,Abanto y Ciérvana-Abanto Zierbena,PER_10000,Abanto y Ciérvana-Abanto Zierbena,0.0
2023,,,Abanto y Ciérvana-Abanto Zierbena,PER_10000,Abanto y Ciérvana-Abanto Zierbena,53.2
2020,,,Aduna,PER_10000,Aduna,0.0
2023,,,Aduna,PER_10000,Aduna,0.0
2022,,,Aduna,PER_10000,Aduna,0.0
2019,,,Aduna,PER_10000,Aduna,0.0
2021,,,Aduna,PER_10000,Aduna,0.0
2019,,,Agurain / Salvatierra,PER_10000,Agurain / Salvatierra,0.0
2021,,,Agurain / Salvatierra,PER_10000,Agurain / Salvatierra,3.9
2020,,,Agurain / Salvatierra,PER_10000,Agurain / Salvatierra,0.0
2023,,,Agurain / Salvatierra,PER_10000,Agurain / Salvatierra,11.6
2022,,,Agurain / Salvatierra,PER_10000,Agurain / Salvatierra,3.9
2020,,,Aia,PER_10000,Aia,10.5
2022,,,Aia,PER_10000,Aia,20.0
2019,,,Aia,PER_10000,Aia,0.0
2023,,,Aia,PER_10000,Aia,0.0
2021,,,Aia,PER_10000,Aia,0.0
2023,,,Aizarnazabal,PER_10000,Aizarnazabal,0.0
2020,,,Aizarnazabal,PER_10000,Aizarnazabal,0.0
2021,,,Aizarnazabal,PER_10000,Aizarnazabal,0.0
2022,,,Aizarnazabal,PER_10000,Aizarnazabal,0.0
2019,,,Aizarnazabal,PER_10000,Aizarnazabal,0.0
2022,,,Ajangiz,PER_10000,Ajangiz,0.0
2021,,,Ajangiz,PER_10000,Ajangiz,0.0
2023,,,Ajangiz,PER_10000,Ajangiz,0.0
2019,,,Ajangiz,PER_10000,Ajangiz,0.0
2020,,,Ajangiz,PER_10000,Ajangiz,0.0
2020,,,Albiztur,PER_10000,Albiztur,0.0
2021,,,Albiztur,PER_10000,Albiztur,0.0
2022,,,Albiztur,PER_10000,Albiztur,0.0
2019,,,Albiztur,PER_10000,Albiztur,0.0
2023,,,Albiztur,PER_10000,Albiztur,0.0
2020,,,Alegia,PER_10000,Alegia,0.0
2019,,,Alegia,PER_10000,Alegia,0.0
2021,,,Alegia,PER_10000,Alegia,0.0
2023,,,Alegia,PER_10000,Alegia,0.0
2022,,,Alegia,PER_10000,Alegia,0.0
2021,,,Alegría-Dulantzi,PER_10000,Alegría-Dulantzi,13.1
2019,,,Alegría-Dulantzi,PER_10000,Alegría-Dulantzi,0.0
2023,,,Alegría-Dulantzi,PER_10000,Alegría-Dulantzi,6.5
2022,,,Alegría-Dulantzi,PER_10000,Alegría-Dulantzi,0.0
2020,,,Alegría-Dulantzi,PER_10000,Alegría-Dulantzi,0.0
2022,,,Alkiza,PER_10000,Alkiza,0.0
2021,,,Alkiza,PER_10000,Alkiza,0.0
2019,,,Alkiza,PER_10000,Alkiza,0.0
2023,,,Alkiza,PER_10000,Alkiza,0.0
2020,,,Alkiza,PER_10000,Alkiza,0.0
2023,,,Alonsotegi,PER_10000,Alonsotegi,0.0
2022,,,Alonsotegi,PER_10000,Alonsotegi,0.0
2019,,,Alonsotegi,PER_10000,Alonsotegi,0.0
2020,,,Alonsotegi,PER_10000,Alonsotegi,0.0
2021,,,Alonsotegi,PER_10000,Alonsotegi,0.0
2020,,,Altzaga,PER_10000,Altzaga,0.0
2019,,,Altzaga,PER_10000,Altzaga,0.0
2023,,,Altzaga,PER_10000,Altzaga,0.0
2021,,,Altzaga,PER_10000,Altzaga,0.0
2022,,,Altzaga,PER_10000,Altzaga,0.0
2020,,,Altzo,PER_10000,Altzo,0.0
2019,,,Altzo,PER_10000,Altzo,0.0
2023,,,Altzo,PER_10000,Altzo,0.0
2022,,,Altzo,PER_10000,Altzo,0.0
2021,,,Altzo,PER_10000,Altzo,0.0
2022,,,Amezketa,PER_10000,Amezketa,0.0
2023,,,Amezketa,PER_10000,Amezketa,0.0
2020,,,Amezketa,PER_10000,Amezketa,0.0
2021,,,Amezketa,PER_10000,Amezketa,0.0
2019,,,Amezketa,PER_10000,Amezketa,22.9
2022,,,Amorebieta-Etxano,PER_10000,Amorebieta-Etxano,3.1
2019,,,Amorebieta-Etxano,PER_10000,Amorebieta-Etxano,3.1
2023,,,Amorebieta-Etxano,PER_10000,Amorebieta-Etxano,2.0
2020,,,Amorebieta-Etxano,PER_10000,Amorebieta-Etxano,0.0
2021,,,Amorebieta-Etxano,PER_10000,Amorebieta-Etxano,1.0
2019,,,Amoroto,PER_10000,Amoroto,0.0
2021,,,Amoroto,PER_10000,Amoroto,0.0
2020,,,Amoroto,PER_10000,Amoroto,0.0
2022,,,Amoroto,PER_10000,Amoroto,0.0
2023,,,Amoroto,PER_10000,Amoroto,0.0
2019,,,Amurrio,PER_10000,Amurrio,0.0
2023,,,Amurrio,PER_10000,Amurrio,1.9
2020,,,Amurrio,PER_10000,Amurrio,0.0
2021,,,Amurrio,PER_10000,Amurrio,3.8
2022,,,Amurrio,PER_10000,Amurrio,7.6
2022,,,Andoain,PER_10000,Andoain,2.7
2019,,,Andoain,PER_10000,Andoain,0.0
2021,,,Andoain,PER_10000,Andoain,0.0
2023,,,Andoain,PER_10000,Andoain,4.1
2020,,,Andoain,PER_10000,Andoain,0.0
2023,,,Anoeta,PER_10000,Anoeta,9.7
2020,,,Anoeta,PER_10000,Anoeta,0.0
2019,,,Anoeta,PER_10000,Anoeta,0.0
2022,,,Anoeta,PER_10000,Anoeta,0.0
2021,,,Anoeta,PER_10000,Anoeta,0.0
2021,,,Antzuola,PER_10000,Antzuola,0.0
2022,,,Antzuola,PER_10000,Antzuola,0.0
2020,,,Antzuola,PER_10000,Antzuola,0.0
2023,,,Antzuola,PER_10000,Antzuola,0.0
2019,,,Antzuola,PER_10000,Antzuola,0.0
2023,,,Añana,PER_10000,Añana,0.0
2022,,,Añana,PER_10000,Añana,0.0
2020,,,Añana,PER_10000,Añana,0.0
2019,,,Añana,PER_10000,Añana,0.0
2021,,,Añana,PER_10000,Añana,0.0
2019,,,Arakaldo,PER_10000,Arakaldo,0.0
2020,,,Arakaldo,PER_10000,Arakaldo,0.0
2022,,,Arakaldo,PER_10000,Arakaldo,0.0
2021,,,Arakaldo,PER_10000,Arakaldo,0.0
2023,,,Arakaldo,PER_10000,Arakaldo,0.0
2021,,,Arama,PER_10000,Arama,0.0
2020,,,Arama,PER_10000,Arama,0.0
2019,,,Arama,PER_10000,Arama,0.0
2023,,,Arama,PER_10000,Arama,0.0
2022,,,Arama,PER_10000,Arama,0.0
2019,,,Aramaio,PER_10000,Aramaio,13.9
2020,,,Aramaio,PER_10000,Aramaio,0.0
2021,,,Aramaio,PER_10000,Aramaio,0.0
2022,,,Aramaio,PER_10000,Aramaio,0.0
2023,,,Aramaio,PER_10000,Aramaio,0.0
2023,,,Arantzazu,PER_10000,Arantzazu,0.0
2022,,,Arantzazu,PER_10000,Arantzazu,0.0
2019,,,Arantzazu,PER_10000,Arantzazu,0.0
2020,,,Arantzazu,PER_10000,Arantzazu,0.0
2021,,,Arantzazu,PER_10000,Arantzazu,0.0
2021,,,Areatza,PER_10000,Areatza,0.0
2020,,,Areatza,PER_10000,Areatza,0.0
2022,,,Areatza,PER_10000,Areatza,0.0
2023,,,Areatza,PER_10000,Areatza,15.4
2019,,,Areatza,PER_10000,Areatza,0.0
2019,,,Aretxabaleta,PER_10000,Aretxabaleta,0.0
2021,,,Aretxabaleta,PER_10000,Aretxabaleta,0.0
2023,,,Aretxabaleta,PER_10000,Aretxabaleta,0.0
2022,,,Aretxabaleta,PER_10000,Aretxabaleta,5.6
2020,,,Aretxabaleta,PER_10000,Aretxabaleta,2.8
2020,,,Armiñón,PER_10000,Armiñón,0.0
2022,,,Armiñón,PER_10000,Armiñón,0.0
2023,,,Armiñón,PER_10000,Armiñón,0.0
2019,,,Armiñón,PER_10000,Armiñón,0.0
2021,,,Armiñón,PER_10000,Armiñón,0.0
2021,,,Arraia-Maeztu,PER_10000,Arraia-Maeztu,0.0
2020,,,Arraia-Maeztu,PER_10000,Arraia-Maeztu,0.0
2022,,,Arraia-Maeztu,PER_10000,Arraia-Maeztu,0.0
2019,,,Arraia-Maeztu,PER_10000,Arraia-Maeztu,0.0
2023,,,Arraia-Maeztu,PER_10000,Arraia-Maeztu,0.0
2023,,,Arrankudiaga-Zollo,PER_10000,Arrankudiaga-Zollo,0.0
2020,,,Arrankudiaga-Zollo,PER_10000,Arrankudiaga-Zollo,0.0
2022,,,Arrankudiaga-Zollo,PER_10000,Arrankudiaga-Zollo,0.0
2019,,,Arrankudiaga-Zollo,PER_10000,Arrankudiaga-Zollo,19.6
2021,,,Arrankudiaga-Zollo,PER_10000,Arrankudiaga-Zollo,0.0
2019,,,Arrasate / Mondragón,PER_10000,Arrasate / Mondragón,2.7
2021,,,Arrasate / Mondragón,PER_10000,Arrasate / Mondragón,11.8
2022,,,Arrasate / Mondragón,PER_10000,Arrasate / Mondragón,4.5
2020,,,Arrasate / Mondragón,PER_10000,Arrasate / Mondragón,0.9
2023,,,Arrasate / Mondragón,PER_10000,Arrasate / Mondragón,6.3
2020,,,Arratzu,PER_10000,Arratzu,0.0
2019,,,Arratzu,PER_10000,Arratzu,0.0
2022,,,Arratzu,PER_10000,Arratzu,0.0
2021,,,Arratzu,PER_10000,Arratzu,0.0
2023,,,Arratzu,PER_10000,Arratzu,0.0
2023,,,Arratzua-Ubarrundia,PER_10000,Arratzua-Ubarrundia,0.0
2020,,,Arratzua-Ubarrundia,PER_10000,Arratzua-Ubarrundia,21.0
2019,,,Arratzua-Ubarrundia,PER_10000,Arratzua-Ubarrundia,0.0
2022,,,Arratzua-Ubarrundia,PER_10000,Arratzua-Ubarrundia,0.0
2021,,,Arratzua-Ubarrundia,PER_10000,Arratzua-Ubarrundia,20.2
2023,,,Arrieta,PER_10000,Arrieta,0.0
2021,,,Arrieta,PER_10000,Arrieta,0.0
2019,,,Arrieta,PER_10000,Arrieta,0.0
2022,,,Arrieta,PER_10000,Arrieta,0.0
2020,,,Arrieta,PER_10000,Arrieta,0.0
2023,,,Arrigorriaga,PER_10000,Arrigorriaga,6.6
2022,,,Arrigorriaga,PER_10000,Arrigorriaga,6.6
2021,,,Arrigorriaga,PER_10000,Arrigorriaga,4.9
2019,,,Arrigorriaga,PER_10000,Arrigorriaga,3.3
2020,,,Arrigorriaga,PER_10000,Arrigorriaga,3.2
2020,,,Artea,PER_10000,Artea,0.0
2021,,,Artea,PER_10000,Artea,0.0
2019,,,Artea,PER_10000,Artea,0.0
2022,,,Artea,PER_10000,Artea,26.5
2023,,,Artea,PER_10000,Artea,0.0
2023,,,Artzentales,PER_10000,Artzentales,0.0
2022,,,Artzentales,PER_10000,Artzentales,0.0
2021,,,Artzentales,PER_10000,Artzentales,0.0
2019,,,Artzentales,PER_10000,Artzentales,0.0
2020,,,Artzentales,PER_10000,Artzentales,0.0
2023,,,Artziniega,PER_10000,Artziniega,0.0
2020,,,Artziniega,PER_10000,Artziniega,0.0
2022,,,Artziniega,PER_10000,Artziniega,0.0
2019,,,Artziniega,PER_10000,Artziniega,10.4
2021,,,Artziniega,PER_10000,Artziniega,0.0
2019,,,Asparrena,PER_10000,Asparrena,0.0
2022,,,Asparrena,PER_10000,Asparrena,0.0
2021,,,Asparrena,PER_10000,Asparrena,0.0
2023,,,Asparrena,PER_10000,Asparrena,0.0
2020,,,Asparrena,PER_10000,Asparrena,24.6
2023,,,Asteasu,PER_10000,Asteasu,0.0
2021,,,Asteasu,PER_10000,Asteasu,0.0
2020,,,Asteasu,PER_10000,Asteasu,0.0
2019,,,Asteasu,PER_10000,Asteasu,0.0
2022,,,Asteasu,PER_10000,Asteasu,0.0
2019,,,Astigarraga,PER_10000,Astigarraga,3.1
2023,,,Astigarraga,PER_10000,Astigarraga,5.3
2020,,,Astigarraga,PER_10000,Astigarraga,0.0
2022,,,Astigarraga,PER_10000,Astigarraga,0.0
2021,,,Astigarraga,PER_10000,Astigarraga,0.0
2022,,,Ataun,PER_10000,Ataun,0.0
2021,,,Ataun,PER_10000,Ataun,0.0
2023,,,Ataun,PER_10000,Ataun,0.0
2020,,,Ataun,PER_10000,Ataun,0.0
2019,,,Ataun,PER_10000,Ataun,0.0
2019,,,Atxondo,PER_10000,Atxondo,0.0
2021,,,Atxondo,PER_10000,Atxondo,0.0
2020,,,Atxondo,PER_10000,Atxondo,0.0
2022,,,Atxondo,PER_10000,Atxondo,0.0
2023,,,Atxondo,PER_10000,Atxondo,0.0
2020,,,Aulesti,PER_10000,Aulesti,0.0
2023,,,Aulesti,PER_10000,Aulesti,0.0
2019,,,Aulesti,PER_10000,Aulesti,0.0
2022,,,Aulesti,PER_10000,Aulesti,0.0
2021,,,Aulesti,PER_10000,Aulesti,0.0
2019,,,Ayala / Aiara,PER_10000,Ayala / Aiara,6.9
2022,,,Ayala / Aiara,PER_10000,Ayala / Aiara,7.0
2021,,,Ayala / Aiara,PER_10000,Ayala / Aiara,0.0
2023,,,Ayala / Aiara,PER_10000,Ayala / Aiara,13.8
2020,,,Ayala / Aiara,PER_10000,Ayala / Aiara,6.9
2021,,,Azkoitia,PER_10000,Azkoitia,1.7
2019,,,Azkoitia,PER_10000,Azkoitia,1.7
2022,,,Azkoitia,PER_10000,Azkoitia,3.4
2023,,,Azkoitia,PER_10000,Azkoitia,5.1
2020,,,Azkoitia,PER_10000,Azkoitia,0.0
2019,,,Azpeitia,PER_10000,Azpeitia,8.0
2022,,,Azpeitia,PER_10000,Azpeitia,2.6
2020,,,Azpeitia,PER_10000,Azpeitia,0.0
2023,,,Azpeitia,PER_10000,Azpeitia,1.3
2021,,,Azpeitia,PER_10000,Azpeitia,0.0
2022,,,Bakio,PER_10000,Bakio,7.0
2019,,,Bakio,PER_10000,Bakio,0.0
2023,,,Bakio,PER_10000,Bakio,7.1
2020,,,Bakio,PER_10000,Bakio,0.0
2021,,,Bakio,PER_10000,Bakio,14.3
2021,,,Baliarrain,PER_10000,Baliarrain,0.0
2020,,,Baliarrain,PER_10000,Baliarrain,0.0
2022,,,Baliarrain,PER_10000,Baliarrain,0.0
2023,,,Baliarrain,PER_10000,Baliarrain,0.0
2019,,,Baliarrain,PER_10000,Baliarrain,0.0
2019,,,Balmaseda,PER_10000,Balmaseda,0.0
2022,,,Balmaseda,PER_10000,Balmaseda,2.5
2020,,,Balmaseda,PER_10000,Balmaseda,5.0
2023,,,Balmaseda,PER_10000,Balmaseda,2.5
2021,,,Balmaseda,PER_10000,Balmaseda,7.5
2019,,,Baños de Ebro / Mañueta,PER_10000,Baños de Ebro / Mañueta,0.0
2020,,,Baños de Ebro / Mañueta,PER_10000,Baños de Ebro / Mañueta,0.0
2021,,,Baños de Ebro / Mañueta,PER_10000,Baños de Ebro / Mañueta,0.0
2023,,,Baños de Ebro / Mañueta,PER_10000,Baños de Ebro / Mañueta,0.0
2022,,,Baños de Ebro / Mañueta,PER_10000,Baños de Ebro / Mañueta,74.1
2020,,,Barakaldo,PER_10000,Barakaldo,2.5
2022,,,Barakaldo,PER_10000,Barakaldo,6.3
2023,,,Barakaldo,PER_10000,Barakaldo,4.5
2019,,,Barakaldo,PER_10000,Barakaldo,4.1
2021,,,Barakaldo,PER_10000,Barakaldo,5.9
2023,,,Barrika,PER_10000,Barrika,0.0
2022,,,Barrika,PER_10000,Barrika,0.0
2020,,,Barrika,PER_10000,Barrika,0.0
2019,,,Barrika,PER_10000,Barrika,0.0
2021,,,Barrika,PER_10000,Barrika,0.0
2021,,,Barrundia,PER_10000,Barrundia,0.0
2020,,,Barrundia,PER_10000,Barrundia,0.0
2019,,,Barrundia,PER_10000,Barrundia,0.0
2023,,,Barrundia,PER_10000,Barrundia,0.0
2022,,,Barrundia,PER_10000,Barrundia,0.0
2021,,,Basauri,PER_10000,Basauri,3.8
2020,,,Basauri,PER_10000,Basauri,2.4
2022,,,Basauri,PER_10000,Basauri,1.9
2019,,,Basauri,PER_10000,Basauri,3.8
2023,,,Basauri,PER_10000,Basauri,8.1
2023,,,Beasain,PER_10000,Beasain,1.4
2022,,,Beasain,PER_10000,Beasain,2.9
2021,,,Beasain,PER_10000,Beasain,1.5
2019,,,Beasain,PER_10000,Beasain,7.3
2020,,,Beasain,PER_10000,Beasain,2.9
2019,,,Bedia,PER_10000,Bedia,0.0
2021,,,Bedia,PER_10000,Bedia,0.0
2022,,,Bedia,PER_10000,Bedia,17.2
2020,,,Bedia,PER_10000,Bedia,0.0
2023,,,Bedia,PER_10000,Bedia,0.0
2021,,,Beizama,PER_10000,Beizama,0.0
2022,,,Beizama,PER_10000,Beizama,0.0
2020,,,Beizama,PER_10000,Beizama,0.0
2019,,,Beizama,PER_10000,Beizama,0.0
2023,,,Beizama,PER_10000,Beizama,0.0
2019,,,Belauntza,PER_10000,Belauntza,0.0
2023,,,Belauntza,PER_10000,Belauntza,0.0
2022,,,Belauntza,PER_10000,Belauntza,0.0
2021,,,Belauntza,PER_10000,Belauntza,0.0
2020,,,Belauntza,PER_10000,Belauntza,0.0
2019,,,Berango,PER_10000,Berango,0.0
2021,,,Berango,PER_10000,Berango,2.6
2023,,,Berango,PER_10000,Berango,0.0
2022,,,Berango,PER_10000,Berango,7.7
2020,,,Berango,PER_10000,Berango,0.0
2022,,,Berantevilla,PER_10000,Berantevilla,0.0
2021,,,Berantevilla,PER_10000,Berantevilla,0.0
2023,,,Berantevilla,PER_10000,Berantevilla,0.0
2019,,,Berantevilla,PER_10000,Berantevilla,0.0
2020,,,Berantevilla,PER_10000,Berantevilla,0.0
2021,,,Berastegi,PER_10000,Berastegi,0.0
2023,,,Berastegi,PER_10000,Berastegi,0.0
2019,,,Berastegi,PER_10000,Berastegi,0.0
2020,,,Berastegi,PER_10000,Berastegi,0.0
2022,,,Berastegi,PER_10000,Berastegi,0.0
2019,,,Bergara,PER_10000,Bergara,5.3
2023,,,Bergara,PER_10000,Bergara,13.4
2020,,,Bergara,PER_10000,Bergara,5.4
2021,,,Bergara,PER_10000,Bergara,4.1
2022,,,Bergara,PER_10000,Bergara,2.7
2020,,,Bermeo,PER_10000,Bermeo,2.3
2023,,,Bermeo,PER_10000,Bermeo,5.8
2022,,,Bermeo,PER_10000,Bermeo,1.2
2019,,,Bermeo,PER_10000,Bermeo,3.5
2021,,,Bermeo,PER_10000,Bermeo,1.2
2019,,,Bernedo,PER_10000,Bernedo,0.0
2020,,,Bernedo,PER_10000,Bernedo,0.0
2023,,,Bernedo,PER_10000,Bernedo,0.0
2021,,,Bernedo,PER_10000,Bernedo,0.0
2022,,,Bernedo,PER_10000,Bernedo,0.0
2019,,,Berriatua,PER_10000,Berriatua,0.0
2023,,,Berriatua,PER_10000,Berriatua,17.6
2021,,,Berriatua,PER_10000,Berriatua,0.0
2022,,,Berriatua,PER_10000,Berriatua,0.0
2020,,,Berriatua,PER_10000,Berriatua,0.0
2023,,,Berriz,PER_10000,Berriz,0.0
2020,,,Berriz,PER_10000,Berriz,0.0
2022,,,Berriz,PER_10000,Berriz,0.0
2019,,,Berriz,PER_10000,Berriz,4.3
2021,,,Berriz,PER_10000,Berriz,0.0
2023,,,Berrobi,PER_10000,Berrobi,35.6
2019,,,Berrobi,PER_10000,Berrobi,0.0
2022,,,Berrobi,PER_10000,Berrobi,0.0
2020,,,Berrobi,PER_10000,Berrobi,0.0
2021,,,Berrobi,PER_10000,Berrobi,0.0
2022,,,Bidania-Goiatz,PER_10000,Bidania-Goiatz,0.0
2019,,,Bidania-Goiatz,PER_10000,Bidania-Goiatz,0.0
2023,,,Bidania-Goiatz,PER_10000,Bidania-Goiatz,0.0
2020,,,Bidania-Goiatz,PER_10000,Bidania-Goiatz,0.0
2021,,,Bidania-Goiatz,PER_10000,Bidania-Goiatz,0.0
2023,,,Bilbao,PER_10000,Bilbao,5.1
2021,,,Bilbao,PER_10000,Bilbao,4.5
2022,,,Bilbao,PER_10000,Bilbao,6.3
2019,,,Bilbao,PER_10000,Bilbao,5.6
2020,,,Bilbao,PER_10000,Bilbao,3.5
2020,,,Busturia,PER_10000,Busturia,0.0
2019,,,Busturia,PER_10000,Busturia,0.0
2021,,,Busturia,PER_10000,Busturia,0.0
2023,,,Busturia,PER_10000,Busturia,0.0
2022,,,Busturia,PER_10000,Busturia,0.0
2021,,,Campezo / Kanpezu,PER_10000,Campezo / Kanpezu,0.0
2020,,,Campezo / Kanpezu,PER_10000,Campezo / Kanpezu,0.0
2019,,,Campezo / Kanpezu,PER_10000,Campezo / Kanpezu,0.0
2023,,,Campezo / Kanpezu,PER_10000,Campezo / Kanpezu,19.4
2022,,,Campezo / Kanpezu,PER_10000,Campezo / Kanpezu,0.0
2022,,,Deba,PER_10000,Deba,0.0
2021,,,Deba,PER_10000,Deba,0.0
2020,,,Deba,PER_10000,Deba,0.0
2023,,,Deba,PER_10000,Deba,3.7
2019,,,Deba,PER_10000,Deba,3.7
2022,,,Derio,PER_10000,Derio,5.4
2021,,,Derio,PER_10000,Derio,2.8
2019,,,Derio,PER_10000,Derio,5.9
2020,,,Derio,PER_10000,Derio,2.9
2023,,,Derio,PER_10000,Derio,10.6
2019,,,Dima,PER_10000,Dima,0.0
2022,,,Dima,PER_10000,Dima,0.0
2023,,,Dima,PER_10000,Dima,13.8
2020,,,Dima,PER_10000,Dima,0.0
2021,,,Dima,PER_10000,Dima,0.0
2020,,,Donostia / San Sebastián,PER_10000,Donostia / San Sebastián,3.4
2022,,,Donostia / San Sebastián,PER_10000,Donostia / San Sebastián,6.3
2023,,,Donostia / San Sebastián,PER_10000,Donostia / San Sebastián,8.9
2019,,,Donostia / San Sebastián,PER_10000,Donostia / San Sebastián,4.9
2021,,,Donostia / San Sebastián,PER_10000,Donostia / San Sebastián,5.7
2022,,,Durango,PER_10000,Durango,5.9
2021,,,Durango,PER_10000,Durango,4.5
2023,,,Durango,PER_10000,Durango,6.5
2019,,,Durango,PER_10000,Durango,3.3
2020,,,Durango,PER_10000,Durango,3.2
2021,,,Ea,PER_10000,Ea,0.0
2020,,,Ea,PER_10000,Ea,0.0
2022,,,Ea,PER_10000,Ea,0.0
2019,,,Ea,PER_10000,Ea,0.0
2023,,,Ea,PER_10000,Ea,0.0
2020,,,Eibar,PER_10000,Eibar,2.8
2022,,,Eibar,PER_10000,Eibar,6.5
2021,,,Eibar,PER_10000,Eibar,6.4
2019,,,Eibar,PER_10000,Eibar,2.8
2023,,,Eibar,PER_10000,Eibar,9.4
2020,,,Elantxobe,PER_10000,Elantxobe,0.0
2022,,,Elantxobe,PER_10000,Elantxobe,0.0
2019,,,Elantxobe,PER_10000,Elantxobe,0.0
2021,,,Elantxobe,PER_10000,Elantxobe,0.0
2023,,,Elantxobe,PER_10000,Elantxobe,0.0
2023,,,Elburgo / Burgelu,PER_10000,Elburgo / Burgelu,0.0
2020,,,Elburgo / Burgelu,PER_10000,Elburgo / Burgelu,0.0
2022,,,Elburgo / Burgelu,PER_10000,Elburgo / Burgelu,0.0
2019,,,Elburgo / Burgelu,PER_10000,Elburgo / Burgelu,0.0
2021,,,Elburgo / Burgelu,PER_10000,Elburgo / Burgelu,0.0
2023,,,Elciego,PER_10000,Elciego,0.0
2022,,,Elciego,PER_10000,Elciego,0.0
2021,,,Elciego,PER_10000,Elciego,0.0
2020,,,Elciego,PER_10000,Elciego,0.0
2019,,,Elciego,PER_10000,Elciego,0.0
2020,,,Elduain,PER_10000,Elduain,0.0
2021,,,Elduain,PER_10000,Elduain,0.0
2023,,,Elduain,PER_10000,Elduain,0.0
2019,,,Elduain,PER_10000,Elduain,0.0
2022,,,Elduain,PER_10000,Elduain,0.0
2022,,,Elgeta,PER_10000,Elgeta,0.0
2019,,,Elgeta,PER_10000,Elgeta,0.0
2020,,,Elgeta,PER_10000,Elgeta,0.0
2023,,,Elgeta,PER_10000,Elgeta,0.0
2021,,,Elgeta,PER_10000,Elgeta,0.0
2021,,,Elgoibar,PER_10000,Elgoibar,0.0
2020,,,Elgoibar,PER_10000,Elgoibar,6.9
2023,,,Elgoibar,PER_10000,Elgoibar,0.0
2019,,,Elgoibar,PER_10000,Elgoibar,3.4
2022,,,Elgoibar,PER_10000,Elgoibar,0.0
2020,,,Elorrio,PER_10000,Elorrio,0.0
2019,,,Elorrio,PER_10000,Elorrio,2.6
2021,,,Elorrio,PER_10000,Elorrio,0.0
2023,,,Elorrio,PER_10000,Elorrio,5.3
2022,,,Elorrio,PER_10000,Elorrio,0.0
2019,,,Elvillar / Bilar,PER_10000,Elvillar / Bilar,0.0
2020,,,Elvillar / Bilar,PER_10000,Elvillar / Bilar,0.0
2021,,,Elvillar / Bilar,PER_10000,Elvillar / Bilar,0.0
2022,,,Elvillar / Bilar,PER_10000,Elvillar / Bilar,0.0
2023,,,Elvillar / Bilar,PER_10000,Elvillar / Bilar,0.0
2023,,,Erandio,PER_10000,Erandio,8.8
2022,,,Erandio,PER_10000,Erandio,5.6
2021,,,Erandio,PER_10000,Erandio,4.8
2019,,,Erandio,PER_10000,Erandio,6.4
2020,,,Erandio,PER_10000,Erandio,6.4
2023,,,Ereño,PER_10000,Ereño,0.0
2019,,,Ereño,PER_10000,Ereño,0.0
2020,,,Ereño,PER_10000,Ereño,0.0
2022,,,Ereño,PER_10000,Ereño,0.0
2021,,,Ereño,PER_10000,Ereño,0.0
2019,,,Ermua,PER_10000,Ermua,1.2
2023,,,Ermua,PER_10000,Ermua,6.3
2020,,,Ermua,PER_10000,Ermua,1.2
2021,,,Ermua,PER_10000,Ermua,0.0
2022,,,Ermua,PER_10000,Ermua,3.8
2019,,,Errenteria,PER_10000,Errenteria,1.9
2020,,,Errenteria,PER_10000,Errenteria,2.4
2022,,,Errenteria,PER_10000,Errenteria,2.9
2023,,,Errenteria,PER_10000,Errenteria,5.9
2021,,,Errenteria,PER_10000,Errenteria,4.4
2023,,,Errezil,PER_10000,Errezil,0.0
2021,,,Errezil,PER_10000,Errezil,38.6
2022,,,Errezil,PER_10000,Errezil,0.0
2020,,,Errezil,PER_10000,Errezil,0.0
2019,,,Errezil,PER_10000,Errezil,0.0
2021,,,Erriberagoitia / Ribera Alta,PER_10000,Erriberagoitia / Ribera Alta,0.0
2022,,,Erriberagoitia / Ribera Alta,PER_10000,Erriberagoitia / Ribera Alta,0.0
2019,,,Erriberagoitia / Ribera Alta,PER_10000,Erriberagoitia / Ribera Alta,0.0
2020,,,Erriberagoitia / Ribera Alta,PER_10000,Erriberagoitia / Ribera Alta,0.0
2023,,,Erriberagoitia / Ribera Alta,PER_10000,Erriberagoitia / Ribera Alta,0.0
2023,,,Errigoiti,PER_10000,Errigoiti,0.0
2022,,,Errigoiti,PER_10000,Errigoiti,0.0
2019,,,Errigoiti,PER_10000,Errigoiti,0.0
2020,,,Errigoiti,PER_10000,Errigoiti,0.0
2021,,,Errigoiti,PER_10000,Errigoiti,0.0
2020,,,Eskoriatza,PER_10000,Eskoriatza,0.0
2019,,,Eskoriatza,PER_10000,Eskoriatza,0.0
2023,,,Eskoriatza,PER_10000,Eskoriatza,9.6
2022,,,Eskoriatza,PER_10000,Eskoriatza,4.8
2021,,,Eskoriatza,PER_10000,Eskoriatza,4.9
2020,,,Etxebarri,PER_10000,Etxebarri,1.7
2021,,,Etxebarri,PER_10000,Etxebarri,1.7
2023,,,Etxebarri,PER_10000,Etxebarri,15.1
2022,,,Etxebarri,PER_10000,Etxebarri,3.4
2019,,,Etxebarri,PER_10000,Etxebarri,0.0
2020,,,Etxebarria,PER_10000,Etxebarria,0.0
2019,,,Etxebarria,PER_10000,Etxebarria,0.0
2023,,,Etxebarria,PER_10000,Etxebarria,0.0
2022,,,Etxebarria,PER_10000,Etxebarria,0.0
2021,,,Etxebarria,PER_10000,Etxebarria,0.0
2020,,,Ezkio-Itsaso,PER_10000,Ezkio-Itsaso,34.0
2021,,,Ezkio-Itsaso,PER_10000,Ezkio-Itsaso,0.0
2022,,,Ezkio-Itsaso,PER_10000,Ezkio-Itsaso,0.0
2023,,,Ezkio-Itsaso,PER_10000,Ezkio-Itsaso,0.0
2019,,,Ezkio-Itsaso,PER_10000,Ezkio-Itsaso,0.0
2023,,,Forua,PER_10000,Forua,0.0
2020,,,Forua,PER_10000,Forua,0.0
2022,,,Forua,PER_10000,Forua,0.0
2019,,,Forua,PER_10000,Forua,0.0
2021,,,Forua,PER_10000,Forua,0.0
2021,,,Fruiz,PER_10000,Fruiz,0.0
2020,,,Fruiz,PER_10000,Fruiz,0.0
2022,,,Fruiz,PER_10000,Fruiz,0.0
2019,,,Fruiz,PER_10000,Fruiz,0.0
2023,,,Fruiz,PER_10000,Fruiz,0.0
2020,,,Gabiria,PER_10000,Gabiria,0.0
2019,,,Gabiria,PER_10000,Gabiria,0.0
2021,,,Gabiria,PER_10000,Gabiria,0.0
2023,,,Gabiria,PER_10000,Gabiria,0.0
2022,,,Gabiria,PER_10000,Gabiria,0.0
2022,,,Gaintza,PER_10000,Gaintza,0.0
2021,,,Gaintza,PER_10000,Gaintza,0.0
2020,,,Gaintza,PER_10000,Gaintza,0.0
2023,,,Gaintza,PER_10000,Gaintza,0.0
2019,,,Gaintza,PER_10000,Gaintza,0.0
2022,,,Galdakao,PER_10000,Galdakao,1.3
2019,,,Galdakao,PER_10000,Galdakao,0.7
2021,,,Galdakao,PER_10000,Galdakao,2.7
2023,,,Galdakao,PER_10000,Galdakao,5.4
2020,,,Galdakao,PER_10000,Galdakao,0.7
2021,,,Galdames,PER_10000,Galdames,0.0
2022,,,Galdames,PER_10000,Galdames,0.0
2019,,,Galdames,PER_10000,Galdames,0.0
2020,,,Galdames,PER_10000,Galdames,0.0
2023,,,Galdames,PER_10000,Galdames,0.0
2019,,,Gamiz-Fika,PER_10000,Gamiz-Fika,0.0
2023,,,Gamiz-Fika,PER_10000,Gamiz-Fika,14.6
2021,,,Gamiz-Fika,PER_10000,Gamiz-Fika,0.0
2020,,,Gamiz-Fika,PER_10000,Gamiz-Fika,0.0
2022,,,Gamiz-Fika,PER_10000,Gamiz-Fika,0.0
2019,,,Garai,PER_10000,Garai,0.0
2021,,,Garai,PER_10000,Garai,0.0
2023,,,Garai,PER_10000,Garai,0.0
2022,,,Garai,PER_10000,Garai,0.0
2020,,,Garai,PER_10000,Garai,0.0
2023,,,Gatika,PER_10000,Gatika,0.0
2022,,,Gatika,PER_10000,Gatika,0.0
2020,,,Gatika,PER_10000,Gatika,0.0
2021,,,Gatika,PER_10000,Gatika,0.0
2019,,,Gatika,PER_10000,Gatika,0.0
2022,,,Gautegiz Arteaga,PER_10000,Gautegiz Arteaga,0.0
2019,,,Gautegiz Arteaga,PER_10000,Gautegiz Arteaga,0.0
2021,,,Gautegiz Arteaga,PER_10000,Gautegiz Arteaga,0.0
2023,,,Gautegiz Arteaga,PER_10000,Gautegiz Arteaga,0.0
2020,,,Gautegiz Arteaga,PER_10000,Gautegiz Arteaga,0.0
2022,,,Gaztelu,PER_10000,Gaztelu,0.0
2020,,,Gaztelu,PER_10000,Gaztelu,0.0
2019,,,Gaztelu,PER_10000,Gaztelu,0.0
2021,,,Gaztelu,PER_10000,Gaztelu,0.0
2023,,,Gaztelu,PER_10000,Gaztelu,0.0
2021,,,Gernika-Lumo,PER_10000,Gernika-Lumo,4.6
2023,,,Gernika-Lumo,PER_10000,Gernika-Lumo,6.8
2019,,,Gernika-Lumo,PER_10000,Gernika-Lumo,2.3
2020,,,Gernika-Lumo,PER_10000,Gernika-Lumo,1.1
2022,,,Gernika-Lumo,PER_10000,Gernika-Lumo,2.3
2021,,,Getaria,PER_10000,Getaria,7.0
2022,,,Getaria,PER_10000,Getaria,0.0
2023,,,Getaria,PER_10000,Getaria,6.9
2019,,,Getaria,PER_10000,Getaria,0.0
2020,,,Getaria,PER_10000,Getaria,0.0
2020,,,Getxo,PER_10000,Getxo,2.7
2019,,,Getxo,PER_10000,Getxo,2.9
2021,,,Getxo,PER_10000,Getxo,1.5
2023,,,Getxo,PER_10000,Getxo,5.5
2022,,,Getxo,PER_10000,Getxo,2.2
2020,,,Gizaburuaga,PER_10000,Gizaburuaga,0.0
2021,,,Gizaburuaga,PER_10000,Gizaburuaga,0.0
2022,,,Gizaburuaga,PER_10000,Gizaburuaga,0.0
2019,,,Gizaburuaga,PER_10000,Gizaburuaga,0.0
2023,,,Gizaburuaga,PER_10000,Gizaburuaga,0.0
2023,,,Gordexola,PER_10000,Gordexola,0.0
2022,,,Gordexola,PER_10000,Gordexola,0.0
2020,,,Gordexola,PER_10000,Gordexola,24.2
2021,,,Gordexola,PER_10000,Gordexola,0.0
2019,,,Gordexola,PER_10000,Gordexola,0.0
2022,,,Gorliz,PER_10000,Gorliz,3.2
2020,,,Gorliz,PER_10000,Gorliz,6.5
2019,,,Gorliz,PER_10000,Gorliz,16.6
2021,,,Gorliz,PER_10000,Gorliz,0.0
2023,,,Gorliz,PER_10000,Gorliz,6.4
2020,,,Güeñes,PER_10000,Güeñes,8.9
2022,,,Güeñes,PER_10000,Güeñes,2.9
2019,,,Güeñes,PER_10000,Güeñes,5.9
2021,,,Güeñes,PER_10000,Güeñes,0.0
2023,,,Güeñes,PER_10000,Güeñes,5.8
2020,,,Harana / Valle de Arana,PER_10000,Harana / Valle de Arana,0.0
2021,,,Harana / Valle de Arana,PER_10000,Harana / Valle de Arana,0.0
2022,,,Harana / Valle de Arana,PER_10000,Harana / Valle de Arana,0.0
2023,,,Harana / Valle de Arana,PER_10000,Harana / Valle de Arana,0.0
2019,,,Harana / Valle de Arana,PER_10000,Harana / Valle de Arana,0.0
2023,,,Hernani,PER_10000,Hernani,4.8
2019,,,Hernani,PER_10000,Hernani,4.9
2021,,,Hernani,PER_10000,Hernani,2.9
2022,,,Hernani,PER_10000,Hernani,6.7
2020,,,Hernani,PER_10000,Hernani,10.6
2019,,,Hernialde,PER_10000,Hernialde,0.0
2022,,,Hernialde,PER_10000,Hernialde,0.0
2020,,,Hernialde,PER_10000,Hernialde,66.2
2021,,,Hernialde,PER_10000,Hernialde,0.0
2023,,,Hernialde,PER_10000,Hernialde,0.0
2019,,,Hondarribia,PER_10000,Hondarribia,7.0
2023,,,Hondarribia,PER_10000,Hondarribia,8.1
2022,,,Hondarribia,PER_10000,Hondarribia,3.5
2021,,,Hondarribia,PER_10000,Hondarribia,7.0
2020,,,Hondarribia,PER_10000,Hondarribia,1.2
2022,,,Ibarra,PER_10000,Ibarra,0.0
2019,,,Ibarra,PER_10000,Ibarra,0.0
2023,,,Ibarra,PER_10000,Ibarra,4.8
2021,,,Ibarra,PER_10000,Ibarra,4.8
2020,,,Ibarra,PER_10000,Ibarra,4.7
2020,,,Ibarrangelu,PER_10000,Ibarrangelu,0.0
2021,,,Ibarrangelu,PER_10000,Ibarrangelu,0.0
2019,,,Ibarrangelu,PER_10000,Ibarrangelu,65.8
2023,,,Ibarrangelu,PER_10000,Ibarrangelu,30.0
2022,,,Ibarrangelu,PER_10000,Ibarrangelu,0.0
2022,,,Idiazabal,PER_10000,Idiazabal,0.0
2020,,,Idiazabal,PER_10000,Idiazabal,0.0
2023,,,Idiazabal,PER_10000,Idiazabal,0.0
2019,,,Idiazabal,PER_10000,Idiazabal,0.0
2021,,,Idiazabal,PER_10000,Idiazabal,0.0
2020,,,Igorre,PER_10000,Igorre,4.6
2019,,,Igorre,PER_10000,Igorre,0.0
2023,,,Igorre,PER_10000,Igorre,9.3
2022,,,Igorre,PER_10000,Igorre,4.7
2021,,,Igorre,PER_10000,Igorre,4.7
2022,,,Ikaztegieta,PER_10000,Ikaztegieta,0.0
2020,,,Ikaztegieta,PER_10000,Ikaztegieta,0.0
2019,,,Ikaztegieta,PER_10000,Ikaztegieta,0.0
2023,,,Ikaztegieta,PER_10000,Ikaztegieta,0.0
2021,,,Ikaztegieta,PER_10000,Ikaztegieta,0.0
2021,,,Irun,PER_10000,Irun,8.4
2023,,,Irun,PER_10000,Irun,11.0
2019,,,Irun,PER_10000,Irun,4.5
2022,,,Irun,PER_10000,Irun,8.8
2020,,,Irun,PER_10000,Irun,3.9
2023,,,Iruña Oka / Iruña de Oca,PER_10000,Iruña Oka / Iruña de Oca,5.8
2021,,,Iruña Oka / Iruña de Oca,PER_10000,Iruña Oka / Iruña de Oca,0.0
2020,,,Iruña Oka / Iruña de Oca,PER_10000,Iruña Oka / Iruña de Oca,0.0
2022,,,Iruña Oka / Iruña de Oca,PER_10000,Iruña Oka / Iruña de Oca,5.9
2019,,,Iruña Oka / Iruña de Oca,PER_10000,Iruña Oka / Iruña de Oca,0.0
2022,,,Irura,PER_10000,Irura,11.1
2021,,,Irura,PER_10000,Irura,0.0
2019,,,Irura,PER_10000,Irura,0.0
2020,,,Irura,PER_10000,Irura,0.0
2023,,,Irura,PER_10000,Irura,0.0
2023,,,Iruraiz-Gauna,PER_10000,Iruraiz-Gauna,0.0
2021,,,Iruraiz-Gauna,PER_10000,Iruraiz-Gauna,0.0
2020,,,Iruraiz-Gauna,PER_10000,Iruraiz-Gauna,0.0
2022,,,Iruraiz-Gauna,PER_10000,Iruraiz-Gauna,0.0
2019,,,Iruraiz-Gauna,PER_10000,Iruraiz-Gauna,0.0
2019,,,Ispaster,PER_10000,Ispaster,0.0
2020,,,Ispaster,PER_10000,Ispaster,0.0
2023,,,Ispaster,PER_10000,Ispaster,0.0
2021,,,Ispaster,PER_10000,Ispaster,0.0
2022,,,Ispaster,PER_10000,Ispaster,0.0
2019,,,Itsasondo,PER_10000,Itsasondo,0.0
2022,,,Itsasondo,PER_10000,Itsasondo,30.4
2021,,,Itsasondo,PER_10000,Itsasondo,0.0
2023,,,Itsasondo,PER_10000,Itsasondo,0.0
2020,,,Itsasondo,PER_10000,Itsasondo,0.0
2020,,,Iurreta,PER_10000,Iurreta,0.0
2019,,,Iurreta,PER_10000,Iurreta,5.3
2021,,,Iurreta,PER_10000,Iurreta,5.3
2023,,,Iurreta,PER_10000,Iurreta,0.0
2022,,,Iurreta,PER_10000,Iurreta,10.8
2019,,,Izurtza,PER_10000,Izurtza,0.0
2021,,,Izurtza,PER_10000,Izurtza,0.0
2022,,,Izurtza,PER_10000,Izurtza,0.0
2020,,,Izurtza,PER_10000,Izurtza,0.0
2023,,,Izurtza,PER_10000,Izurtza,0.0
2021,,,Karrantza Harana / Valle de Carranza,PER_10000,Karrantza Harana / Valle de Carranza,0.0
2023,,,Karrantza Harana / Valle de Carranza,PER_10000,Karrantza Harana / Valle de Carranza,0.0
2020,,,Karrantza Harana / Valle de Carranza,PER_10000,Karrantza Harana / Valle de Carranza,0.0
2022,,,Karrantza Harana / Valle de Carranza,PER_10000,Karrantza Harana / Valle de Carranza,0.0
2019,,,Karrantza Harana / Valle de Carranza,PER_10000,Karrantza Harana / Valle de Carranza,0.0
2019,,,Kortezubi,PER_10000,Kortezubi,0.0
2022,,,Kortezubi,PER_10000,Kortezubi,0.0
2020,,,Kortezubi,PER_10000,Kortezubi,0.0
2023,,,Kortezubi,PER_10000,Kortezubi,0.0
2021,,,Kortezubi,PER_10000,Kortezubi,0.0
2020,,,Kripan,PER_10000,Kripan,0.0
2022,,,Kripan,PER_10000,Kripan,0.0
2023,,,Kripan,PER_10000,Kripan,0.0
2021,,,Kripan,PER_10000,Kripan,0.0
2019,,,Kripan,PER_10000,Kripan,0.0
2021,,,Kuartango,PER_10000,Kuartango,0.0
2023,,,Kuartango,PER_10000,Kuartango,0.0
2022,,,Kuartango,PER_10000,Kuartango,0.0
2020,,,Kuartango,PER_10000,Kuartango,0.0
2019,,,Kuartango,PER_10000,Kuartango,0.0
2022,,,Labastida / Bastida,PER_10000,Labastida / Bastida,0.0
2019,,,Labastida / Bastida,PER_10000,Labastida / Bastida,13.4
2020,,,Labastida / Bastida,PER_10000,Labastida / Bastida,0.0
2021,,,Labastida / Bastida,PER_10000,Labastida / Bastida,0.0
2023,,,Labastida / Bastida,PER_10000,Labastida / Bastida,12.7
2021,,,Lagrán,PER_10000,Lagrán,0.0
2023,,,Lagrán,PER_10000,Lagrán,0.0
2020,,,Lagrán,PER_10000,Lagrán,0.0
2019,,,Lagrán,PER_10000,Lagrán,0.0
2022,,,Lagrán,PER_10000,Lagrán,0.0
2019,,,Laguardia,PER_10000,Laguardia,0.0
2022,,,Laguardia,PER_10000,Laguardia,0.0
2021,,,Laguardia,PER_10000,Laguardia,0.0
2023,,,Laguardia,PER_10000,Laguardia,0.0
2020,,,Laguardia,PER_10000,Laguardia,0.0
2020,,,Lanciego / Lantziego,PER_10000,Lanciego / Lantziego,0.0
2019,,,Lanciego / Lantziego,PER_10000,Lanciego / Lantziego,0.0
2022,,,Lanciego / Lantziego,PER_10000,Lanciego / Lantziego,0.0
2023,,,Lanciego / Lantziego,PER_10000,Lanciego / Lantziego,0.0
2021,,,Lanciego / Lantziego,PER_10000,Lanciego / Lantziego,0.0
2019,,,Lanestosa,PER_10000,Lanestosa,0.0
2020,,,Lanestosa,PER_10000,Lanestosa,0.0
2021,,,Lanestosa,PER_10000,Lanestosa,0.0
2023,,,Lanestosa,PER_10000,Lanestosa,0.0
2022,,,Lanestosa,PER_10000,Lanestosa,0.0
2020,,,Lantarón,PER_10000,Lantarón,0.0
2019,,,Lantarón,PER_10000,Lantarón,0.0
2021,,,Lantarón,PER_10000,Lantarón,0.0
2023,,,Lantarón,PER_10000,Lantarón,0.0
2022,,,Lantarón,PER_10000,Lantarón,0.0
2021,,,Lapuebla de Labarca,PER_10000,Lapuebla de Labarca,23.8
2020,,,Lapuebla de Labarca,PER_10000,Lapuebla de Labarca,0.0
2023,,,Lapuebla de Labarca,PER_10000,Lapuebla de Labarca,0.0
2022,,,Lapuebla de Labarca,PER_10000,Lapuebla de Labarca,0.0
2019,,,Lapuebla de Labarca,PER_10000,Lapuebla de Labarca,0.0
2021,,,Larrabetzu,PER_10000,Larrabetzu,0.0
2022,,,Larrabetzu,PER_10000,Larrabetzu,0.0
2020,,,Larrabetzu,PER_10000,Larrabetzu,0.0
2023,,,Larrabetzu,PER_10000,Larrabetzu,0.0
2019,,,Larrabetzu,PER_10000,Larrabetzu,0.0
2021,,,Larraul,PER_10000,Larraul,0.0
2022,,,Larraul,PER_10000,Larraul,0.0
2023,,,Larraul,PER_10000,Larraul,0.0
2020,,,Larraul,PER_10000,Larraul,0.0
2019,,,Larraul,PER_10000,Larraul,0.0
2023,,,Lasarte-Oria,PER_10000,Lasarte-Oria,4.0
2019,,,Lasarte-Oria,PER_10000,Lasarte-Oria,2.1
2021,,,Lasarte-Oria,PER_10000,Lasarte-Oria,2.0
2020,,,Lasarte-Oria,PER_10000,Lasarte-Oria,6.1
2022,,,Lasarte-Oria,PER_10000,Lasarte-Oria,4.0
2023,,,Laudio / Llodio,PER_10000,Laudio / Llodio,4.3
2022,,,Laudio / Llodio,PER_10000,Laudio / Llodio,4.3
2021,,,Laudio / Llodio,PER_10000,Laudio / Llodio,2.2
2019,,,Laudio / Llodio,PER_10000,Laudio / Llodio,3.2
2020,,,Laudio / Llodio,PER_10000,Laudio / Llodio,4.3
2019,,,Laukiz,PER_10000,Laukiz,0.0
2021,,,Laukiz,PER_10000,Laukiz,0.0
2020,,,Laukiz,PER_10000,Laukiz,0.0
2023,,,Laukiz,PER_10000,Laukiz,0.0
2022,,,Laukiz,PER_10000,Laukiz,0.0
2019,,,Lazkao,PER_10000,Lazkao,3.6
2020,,,Lazkao,PER_10000,Lazkao,10.5
2022,,,Lazkao,PER_10000,Lazkao,3.4
2021,,,Lazkao,PER_10000,Lazkao,6.9
2023,,,Lazkao,PER_10000,Lazkao,3.4
2021,,,Leaburu,PER_10000,Leaburu,0.0
2022,,,Leaburu,PER_10000,Leaburu,0.0
2023,,,Leaburu,PER_10000,Leaburu,0.0
2019,,,Leaburu,PER_10000,Leaburu,0.0
2020,,,Leaburu,PER_10000,Leaburu,0.0
2021,,,Legazpi,PER_10000,Legazpi,4.8
2023,,,Legazpi,PER_10000,Legazpi,4.8
2022,,,Legazpi,PER_10000,Legazpi,0.0
2020,,,Legazpi,PER_10000,Legazpi,0.0
2019,,,Legazpi,PER_10000,Legazpi,0.0
2022,,,Legorreta,PER_10000,Legorreta,0.0
2019,,,Legorreta,PER_10000,Legorreta,0.0
2021,,,Legorreta,PER_10000,Legorreta,0.0
2023,,,Legorreta,PER_10000,Legorreta,0.0
2020,,,Legorreta,PER_10000,Legorreta,0.0
2022,,,Legutio,PER_10000,Legutio,10.4
2019,,,Legutio,PER_10000,Legutio,0.0
2020,,,Legutio,PER_10000,Legutio,0.0
2023,,,Legutio,PER_10000,Legutio,19.7
2021,,,Legutio,PER_10000,Legutio,0.0
2022,,,Leintz-Gatzaga,PER_10000,Leintz-Gatzaga,0.0
2023,,,Leintz-Gatzaga,PER_10000,Leintz-Gatzaga,0.0
2021,,,Leintz-Gatzaga,PER_10000,Leintz-Gatzaga,0.0
2019,,,Leintz-Gatzaga,PER_10000,Leintz-Gatzaga,0.0
2020,,,Leintz-Gatzaga,PER_10000,Leintz-Gatzaga,0.0
2019,,,Leioa,PER_10000,Leioa,1.2
2020,,,Leioa,PER_10000,Leioa,0.6
2023,,,Leioa,PER_10000,Leioa,1.8
2021,,,Leioa,PER_10000,Leioa,3.1
2022,,,Leioa,PER_10000,Leioa,4.2
2019,,,Lekeitio,PER_10000,Lekeitio,5.5
2023,,,Lekeitio,PER_10000,Lekeitio,8.3
2021,,,Lekeitio,PER_10000,Lekeitio,8.2
2020,,,Lekeitio,PER_10000,Lekeitio,2.7
2022,,,Lekeitio,PER_10000,Lekeitio,5.5
2023,,,Lemoa,PER_10000,Lemoa,0.0
2020,,,Lemoa,PER_10000,Lemoa,0.0
2019,,,Lemoa,PER_10000,Lemoa,0.0
2022,,,Lemoa,PER_10000,Lemoa,5.6
2021,,,Lemoa,PER_10000,Lemoa,0.0
2023,,,Lemoiz,PER_10000,Lemoiz,0.0
2022,,,Lemoiz,PER_10000,Lemoiz,0.0
2021,,,Lemoiz,PER_10000,Lemoiz,0.0
2020,,,Lemoiz,PER_10000,Lemoiz,0.0
2019,,,Lemoiz,PER_10000,Lemoiz,0.0
2020,,,Leza,PER_10000,Leza,90.1
2019,,,Leza,PER_10000,Leza,0.0
2022,,,Leza,PER_10000,Leza,0.0
2023,,,Leza,PER_10000,Leza,0.0
2021,,,Leza,PER_10000,Leza,0.0
2020,,,Lezama,PER_10000,Lezama,8.1
2021,,,Lezama,PER_10000,Lezama,0.0
2019,,,Lezama,PER_10000,Lezama,8.1
2023,,,Lezama,PER_10000,Lezama,24.9
2022,,,Lezama,PER_10000,Lezama,0.0
2023,,,Lezo,PER_10000,Lezo,0.0
2021,,,Lezo,PER_10000,Lezo,13.1
2019,,,Lezo,PER_10000,Lezo,0.0
2020,,,Lezo,PER_10000,Lezo,3.3
2022,,,Lezo,PER_10000,Lezo,0.0
2019,,,Lizartza,PER_10000,Lizartza,0.0
2021,,,Lizartza,PER_10000,Lizartza,0.0
2022,,,Lizartza,PER_10000,Lizartza,0.0
2023,,,Lizartza,PER_10000,Lizartza,0.0
2020,,,Lizartza,PER_10000,Lizartza,0.0
2023,,,Loiu,PER_10000,Loiu,0.0
2022,,,Loiu,PER_10000,Loiu,0.0
2021,,,Loiu,PER_10000,Loiu,0.0
2019,,,Loiu,PER_10000,Loiu,0.0
2020,,,Loiu,PER_10000,Loiu,9.0
2023,,,Mallabia,PER_10000,Mallabia,17.4
2020,,,Mallabia,PER_10000,Mallabia,0.0
2021,,,Mallabia,PER_10000,Mallabia,0.0
2019,,,Mallabia,PER_10000,Mallabia,0.0
2022,,,Mallabia,PER_10000,Mallabia,0.0
2022,,,Mañaria,PER_10000,Mañaria,0.0
2019,,,Mañaria,PER_10000,Mañaria,0.0
2023,,,Mañaria,PER_10000,Mañaria,0.0
2021,,,Mañaria,PER_10000,Mañaria,0.0
2020,,,Mañaria,PER_10000,Mañaria,0.0
2022,,,Markina-Xemein,PER_10000,Markina-Xemein,4.0
2019,,,Markina-Xemein,PER_10000,Markina-Xemein,8.2
2021,,,Markina-Xemein,PER_10000,Markina-Xemein,4.1
2020,,,Markina-Xemein,PER_10000,Markina-Xemein,0.0
2023,,,Markina-Xemein,PER_10000,Markina-Xemein,0.0
2020,,,Maruri-Jatabe,PER_10000,Maruri-Jatabe,0.0
2022,,,Maruri-Jatabe,PER_10000,Maruri-Jatabe,19.7
2021,,,Maruri-Jatabe,PER_10000,Maruri-Jatabe,0.0
2019,,,Maruri-Jatabe,PER_10000,Maruri-Jatabe,0.0
2023,,,Maruri-Jatabe,PER_10000,Maruri-Jatabe,0.0
2020,,,Mendaro,PER_10000,Mendaro,0.0
2022,,,Mendaro,PER_10000,Mendaro,0.0
2019,,,Mendaro,PER_10000,Mendaro,0.0
2021,,,Mendaro,PER_10000,Mendaro,0.0
2023,,,Mendaro,PER_10000,Mendaro,0.0
2020,,,Mendata,PER_10000,Mendata,0.0
2021,,,Mendata,PER_10000,Mendata,0.0
2019,,,Mendata,PER_10000,Mendata,0.0
2023,,,Mendata,PER_10000,Mendata,0.0
2022,,,Mendata,PER_10000,Mendata,0.0
2022,,,Mendexa,PER_10000,Mendexa,0.0
2020,,,Mendexa,PER_10000,Mendexa,0.0
2023,,,Mendexa,PER_10000,Mendexa,0.0
2021,,,Mendexa,PER_10000,Mendexa,0.0
2019,,,Mendexa,PER_10000,Mendexa,0.0
2021,,,Meñaka,PER_10000,Meñaka,0.0
2022,,,Meñaka,PER_10000,Meñaka,0.0
2020,,,Meñaka,PER_10000,Meñaka,0.0
2019,,,Meñaka,PER_10000,Meñaka,0.0
2023,,,Meñaka,PER_10000,Meñaka,0.0
2023,,,Moreda de Álava / Moreda Araba,PER_10000,Moreda de Álava / Moreda Araba,0.0
2022,,,Moreda de Álava / Moreda Araba,PER_10000,Moreda de Álava / Moreda Araba,0.0
2020,,,Moreda de Álava / Moreda Araba,PER_10000,Moreda de Álava / Moreda Araba,0.0
2021,,,Moreda de Álava / Moreda Araba,PER_10000,Moreda de Álava / Moreda Araba,0.0
2019,,,Moreda de Álava / Moreda Araba,PER_10000,Moreda de Álava / Moreda Araba,0.0
2019,,,Morga,PER_10000,Morga,0.0
2021,,,Morga,PER_10000,Morga,0.0
2022,,,Morga,PER_10000,Morga,0.0
2023,,,Morga,PER_10000,Morga,0.0
2020,,,Morga,PER_10000,Morga,0.0
2021,,,Mundaka,PER_10000,Mundaka,0.0
2019,,,Mundaka,PER_10000,Mundaka,0.0
2023,,,Mundaka,PER_10000,Mundaka,0.0
2022,,,Mundaka,PER_10000,Mundaka,0.0
2020,,,Mundaka,PER_10000,Mundaka,0.0
2021,,,Mungia,PER_10000,Mungia,1.1
2022,,,Mungia,PER_10000,Mungia,1.1
2020,,,Mungia,PER_10000,Mungia,1.1
2019,,,Mungia,PER_10000,Mungia,1.1
2023,,,Mungia,PER_10000,Mungia,5.5
2022,,,Munitibar-Arbatzegi Gerrikaitz,PER_10000,Munitibar-Arbatzegi Gerrikaitz,0.0
2020,,,Munitibar-Arbatzegi Gerrikaitz,PER_10000,Munitibar-Arbatzegi Gerrikaitz,0.0
2019,,,Munitibar-Arbatzegi Gerrikaitz,PER_10000,Munitibar-Arbatzegi Gerrikaitz,0.0
2021,,,Munitibar-Arbatzegi Gerrikaitz,PER_10000,Munitibar-Arbatzegi Gerrikaitz,0.0
2023,,,Munitibar-Arbatzegi Gerrikaitz,PER_10000,Munitibar-Arbatzegi Gerrikaitz,0.0
2019,,,Murueta,PER_10000,Murueta,0.0
2020,,,Murueta,PER_10000,Murueta,0.0
2022,,,Murueta,PER_10000,Murueta,0.0
2023,,,Murueta,PER_10000,Murueta,0.0
2021,,,Murueta,PER_10000,Murueta,0.0
2019,,,Muskiz,PER_10000,Muskiz,0.0
2021,,,Muskiz,PER_10000,Muskiz,5.4
2023,,,Muskiz,PER_10000,Muskiz,2.7
2020,,,Muskiz,PER_10000,Muskiz,5.3
2022,,,Muskiz,PER_10000,Muskiz,0.0
2019,,,Mutiloa,PER_10000,Mutiloa,0.0
2021,,,Mutiloa,PER_10000,Mutiloa,0.0
2023,,,Mutiloa,PER_10000,Mutiloa,0.0
2020,,,Mutiloa,PER_10000,Mutiloa,0.0
2022,,,Mutiloa,PER_10000,Mutiloa,0.0
2022,,,Mutriku,PER_10000,Mutriku,0.0
2020,,,Mutriku,PER_10000,Mutriku,0.0
2019,,,Mutriku,PER_10000,Mutriku,0.0
2021,,,Mutriku,PER_10000,Mutriku,0.0
2023,,,Mutriku,PER_10000,Mutriku,3.8
2023,,,Muxika,PER_10000,Muxika,14.1
2019,,,Muxika,PER_10000,Muxika,0.0
2022,,,Muxika,PER_10000,Muxika,0.0
2021,,,Muxika,PER_10000,Muxika,14.3
2020,,,Muxika,PER_10000,Muxika,0.0
2021,,,Nabarniz,PER_10000,Nabarniz,0.0
2019,,,Nabarniz,PER_10000,Nabarniz,0.0
2020,,,Nabarniz,PER_10000,Nabarniz,0.0
2023,,,Nabarniz,PER_10000,Nabarniz,0.0
2022,,,Nabarniz,PER_10000,Nabarniz,0.0
2023,,,Navaridas,PER_10000,Navaridas,0.0
2019,,,Navaridas,PER_10000,Navaridas,0.0
2020,,,Navaridas,PER_10000,Navaridas,0.0
2021,,,Navaridas,PER_10000,Navaridas,0.0
2022,,,Navaridas,PER_10000,Navaridas,0.0
2021,,,Oiartzun,PER_10000,Oiartzun,7.6
2022,,,Oiartzun,PER_10000,Oiartzun,5.7
2023,,,Oiartzun,PER_10000,Oiartzun,0.0
2020,,,Oiartzun,PER_10000,Oiartzun,3.8
2019,,,Oiartzun,PER_10000,Oiartzun,3.8
2019,,,Okondo,PER_10000,Okondo,0.0
2023,,,Okondo,PER_10000,Okondo,0.0
2020,,,Okondo,PER_10000,Okondo,0.0
2021,,,Okondo,PER_10000,Okondo,0.0
2022,,,Okondo,PER_10000,Okondo,0.0
2023,,,Olaberria,PER_10000,Olaberria,0.0
2021,,,Olaberria,PER_10000,Olaberria,0.0
2020,,,Olaberria,PER_10000,Olaberria,0.0
2019,,,Olaberria,PER_10000,Olaberria,0.0
2022,,,Olaberria,PER_10000,Olaberria,0.0
2022,,,Ondarroa,PER_10000,Ondarroa,2.4
2019,,,Ondarroa,PER_10000,Ondarroa,2.4
2021,,,Ondarroa,PER_10000,Ondarroa,0.0
2020,,,Ondarroa,PER_10000,Ondarroa,2.4
2023,,,Ondarroa,PER_10000,Ondarroa,12.1
2019,,,Oñati,PER_10000,Oñati,0.0
2023,,,Oñati,PER_10000,Oñati,3.4
2021,,,Oñati,PER_10000,Oñati,5.2
2020,,,Oñati,PER_10000,Oñati,1.7
2022,,,Oñati,PER_10000,Oñati,0.0
2020,,,Ordizia,PER_10000,Ordizia,2.0
2022,,,Ordizia,PER_10000,Ordizia,3.9
2019,,,Ordizia,PER_10000,Ordizia,2.0
2021,,,Ordizia,PER_10000,Ordizia,11.8
2023,,,Ordizia,PER_10000,Ordizia,3.9
2020,,,Orendain,PER_10000,Orendain,0.0
2022,,,Orendain,PER_10000,Orendain,0.0
2019,,,Orendain,PER_10000,Orendain,0.0
2021,,,Orendain,PER_10000,Orendain,0.0
2023,,,Orendain,PER_10000,Orendain,0.0
2023,,,Orexa,PER_10000,Orexa,0.0
2021,,,Orexa,PER_10000,Orexa,0.0
2019,,,Orexa,PER_10000,Orexa,0.0
2020,,,Orexa,PER_10000,Orexa,0.0
2022,,,Orexa,PER_10000,Orexa,0.0
2020,,,Orio,PER_10000,Orio,3.3
2022,,,Orio,PER_10000,Orio,9.9
2019,,,Orio,PER_10000,Orio,3.3
2021,,,Orio,PER_10000,Orio,0.0
2023,,,Orio,PER_10000,Orio,3.3
2020,,,Ormaiztegi,PER_10000,Ormaiztegi,0.0
2022,,,Ormaiztegi,PER_10000,Ormaiztegi,16.2
2023,,,Ormaiztegi,PER_10000,Ormaiztegi,0.0
2021,,,Ormaiztegi,PER_10000,Ormaiztegi,15.9
2019,,,Ormaiztegi,PER_10000,Ormaiztegi,0.0
2021,,,Orozko,PER_10000,Orozko,0.0
2019,,,Orozko,PER_10000,Orozko,0.0
2022,,,Orozko,PER_10000,Orozko,7.2
2020,,,Orozko,PER_10000,Orozko,0.0
2023,,,Orozko,PER_10000,Orozko,0.0
2020,,,Ortuella,PER_10000,Ortuella,0.0
2022,,,Ortuella,PER_10000,Ortuella,4.6
2019,,,Ortuella,PER_10000,Ortuella,0.0
2023,,,Ortuella,PER_10000,Ortuella,2.3
2021,,,Ortuella,PER_10000,Ortuella,4.6
2021,,,Otxandio,PER_10000,Otxandio,0.0
2022,,,Otxandio,PER_10000,Otxandio,0.0
2020,,,Otxandio,PER_10000,Otxandio,0.0
2019,,,Otxandio,PER_10000,Otxandio,0.0
2023,,,Otxandio,PER_10000,Otxandio,0.0
2023,,,Oyón-Oion,PER_10000,Oyón-Oion,0.0
2020,,,Oyón-Oion,PER_10000,Oyón-Oion,0.0
2019,,,Oyón-Oion,PER_10000,Oyón-Oion,5.8
2021,,,Oyón-Oion,PER_10000,Oyón-Oion,0.0
2021,,,Pasaia,PER_10000,Pasaia,1.2
2023,,,Pasaia,PER_10000,Pasaia,4.6
2020,,,Pasaia,PER_10000,Pasaia,0.0
2022,,,Pasaia,PER_10000,Pasaia,2.3
2019,,,Pasaia,PER_10000,Pasaia,1.2
2023,,,Peñacerrada-Urizaharra,PER_10000,Peñacerrada-Urizaharra,0.0
2022,,,Peñacerrada-Urizaharra,PER_10000,Peñacerrada-Urizaharra,0.0
2019,,,Peñacerrada-Urizaharra,PER_10000,Peñacerrada-Urizaharra,0.0
2020,,,Peñacerrada-Urizaharra,PER_10000,Peñacerrada-Urizaharra,0.0
2021,,,Peñacerrada-Urizaharra,PER_10000,Peñacerrada-Urizaharra,0.0
2021,,,Plentzia,PER_10000,Plentzia,4.3
2022,,,Plentzia,PER_10000,Plentzia,8.7
2020,,,Plentzia,PER_10000,Plentzia,0.0
2019,,,Plentzia,PER_10000,Plentzia,0.0
2023,,,Plentzia,PER_10000,Plentzia,4.4
2023,,,Portugalete,PER_10000,Portugalete,1.3
2020,,,Portugalete,PER_10000,Portugalete,2.9
2022,,,Portugalete,PER_10000,Portugalete,3.4
2021,,,Portugalete,PER_10000,Portugalete,3.0
2019,,,Portugalete,PER_10000,Portugalete,0.0
2023,,,Ribera Baja / Erriberabeitia,PER_10000,Ribera Baja / Erriberabeitia,0.0
2020,,,Ribera Baja / Erriberabeitia,PER_10000,Ribera Baja / Erriberabeitia,0.0
2019,,,Ribera Baja / Erriberabeitia,PER_10000,Ribera Baja / Erriberabeitia,0.0
2021,,,Ribera Baja / Erriberabeitia,PER_10000,Ribera Baja / Erriberabeitia,0.0
2022,,,Ribera Baja / Erriberabeitia,PER_10000,Ribera Baja / Erriberabeitia,0.0
2020,,,Samaniego,PER_10000,Samaniego,0.0
2023,,,Samaniego,PER_10000,Samaniego,0.0
2019,,,Samaniego,PER_10000,Samaniego,0.0
2021,,,Samaniego,PER_10000,Samaniego,0.0
2022,,,Samaniego,PER_10000,Samaniego,0.0
2021,,,San Millán / Donemiliaga,PER_10000,San Millán / Donemiliaga,60.6
2023,,,San Millán / Donemiliaga,PER_10000,San Millán / Donemiliaga,0.0
2020,,,San Millán / Donemiliaga,PER_10000,San Millán / Donemiliaga,0.0
2022,,,San Millán / Donemiliaga,PER_10000,San Millán / Donemiliaga,0.0
2019,,,San Millán / Donemiliaga,PER_10000,San Millán / Donemiliaga,0.0
2019,,,Santurtzi,PER_10000,Santurtzi,2.5
2023,,,Santurtzi,PER_10000,Santurtzi,5.0
2022,,,Santurtzi,PER_10000,Santurtzi,2.1
2021,,,Santurtzi,PER_10000,Santurtzi,4.2
2020,,,Santurtzi,PER_10000,Santurtzi,3.8
2022,,,Segura,PER_10000,Segura,0.0
2021,,,Segura,PER_10000,Segura,0.0
2023,,,Segura,PER_10000,Segura,0.0
2020,,,Segura,PER_10000,Segura,0.0
2019,,,Segura,PER_10000,Segura,0.0
2022,,,Sestao,PER_10000,Sestao,6.3
2020,,,Sestao,PER_10000,Sestao,0.7
2019,,,Sestao,PER_10000,Sestao,2.8
2023,,,Sestao,PER_10000,Sestao,2.1
2021,,,Sestao,PER_10000,Sestao,9.3
2021,,,Sondika,PER_10000,Sondika,4.3
2020,,,Sondika,PER_10000,Sondika,12.7
2023,,,Sondika,PER_10000,Sondika,12.7
2022,,,Sondika,PER_10000,Sondika,0.0
2019,,,Sondika,PER_10000,Sondika,0.0
2021,,,Sopela,PER_10000,Sopela,4.4
2020,,,Sopela,PER_10000,Sopela,4.5
2019,,,Sopela,PER_10000,Sopela,6.1
2023,,,Sopela,PER_10000,Sopela,2.9
2022,,,Sopela,PER_10000,Sopela,17.4
2019,,,Sopuerta,PER_10000,Sopuerta,0.0
2020,,,Sopuerta,PER_10000,Sopuerta,0.0
2023,,,Sopuerta,PER_10000,Sopuerta,0.0
2021,,,Sopuerta,PER_10000,Sopuerta,0.0
2022,,,Sopuerta,PER_10000,Sopuerta,7.3
2022,,,Soraluze-Placencia de las Armas,PER_10000,Soraluze-Placencia de las Armas,0.0
2020,,,Soraluze-Placencia de las Armas,PER_10000,Soraluze-Placencia de las Armas,5.2
2019,,,Soraluze-Placencia de las Armas,PER_10000,Soraluze-Placencia de las Armas,0.0
2021,,,Soraluze-Placencia de las Armas,PER_10000,Soraluze-Placencia de las Armas,5.3
2023,,,Soraluze-Placencia de las Armas,PER_10000,Soraluze-Placencia de las Armas,5.5
2021,,,Sukarrieta,PER_10000,Sukarrieta,0.0
2020,,,Sukarrieta,PER_10000,Sukarrieta,0.0
2019,,,Sukarrieta,PER_10000,Sukarrieta,0.0
2023,,,Sukarrieta,PER_10000,Sukarrieta,0.0
2022,,,Sukarrieta,PER_10000,Sukarrieta,0.0
2022,,,Tolosa,PER_10000,Tolosa,7.8
2021,,,Tolosa,PER_10000,Tolosa,3.0
2023,,,Tolosa,PER_10000,Tolosa,4.9
2019,,,Tolosa,PER_10000,Tolosa,3.0
2020,,,Tolosa,PER_10000,Tolosa,9.9
2022,,,Trucios-Turtzioz,PER_10000,Trucios-Turtzioz,0.0
2019,,,Trucios-Turtzioz,PER_10000,Trucios-Turtzioz,0.0
2023,,,Trucios-Turtzioz,PER_10000,Trucios-Turtzioz,0.0
2020,,,Trucios-Turtzioz,PER_10000,Trucios-Turtzioz,0.0
2021,,,Trucios-Turtzioz,PER_10000,Trucios-Turtzioz,0.0
2022,,,Ubide,PER_10000,Ubide,0.0
2021,,,Ubide,PER_10000,Ubide,0.0
2019,,,Ubide,PER_10000,Ubide,0.0
2020,,,Ubide,PER_10000,Ubide,0.0
2023,,,Ubide,PER_10000,Ubide,0.0
2022,,,Ugao-Miraballes,PER_10000,Ugao-Miraballes,19.7
2021,,,Ugao-Miraballes,PER_10000,Ugao-Miraballes,0.0
2020,,,Ugao-Miraballes,PER_10000,Ugao-Miraballes,4.9
2019,,,Ugao-Miraballes,PER_10000,Ugao-Miraballes,0.0
2023,,,Ugao-Miraballes,PER_10000,Ugao-Miraballes,14.7
2021,,,Urduliz,PER_10000,Urduliz,0.0
2020,,,Urduliz,PER_10000,Urduliz,0.0
2019,,,Urduliz,PER_10000,Urduliz,0.0
2023,,,Urduliz,PER_10000,Urduliz,0.0
2022,,,Urduliz,PER_10000,Urduliz,0.0
2023,,,Urduña / Orduña,PER_10000,Urduña / Orduña,25.2
2020,,,Urduña / Orduña,PER_10000,Urduña / Orduña,5.0
2019,,,Urduña / Orduña,PER_10000,Urduña / Orduña,0.0
2021,,,Urduña / Orduña,PER_10000,Urduña / Orduña,0.0
2022,,,Urduña / Orduña,PER_10000,Urduña / Orduña,5.0
2021,,,Urkabustaiz,PER_10000,Urkabustaiz,0.0
2023,,,Urkabustaiz,PER_10000,Urkabustaiz,0.0
2022,,,Urkabustaiz,PER_10000,Urkabustaiz,0.0
2019,,,Urkabustaiz,PER_10000,Urkabustaiz,0.0
2020,,,Urkabustaiz,PER_10000,Urkabustaiz,0.0
2019,,,Urnieta,PER_10000,Urnieta,6.4
2021,,,Urnieta,PER_10000,Urnieta,0.0
2022,,,Urnieta,PER_10000,Urnieta,0.0
2020,,,Urnieta,PER_10000,Urnieta,0.0
2023,,,Urnieta,PER_10000,Urnieta,3.2
2023,,,Urretxu,PER_10000,Urretxu,0.0
2019,,,Urretxu,PER_10000,Urretxu,0.0
2020,,,Urretxu,PER_10000,Urretxu,0.0
2022,,,Urretxu,PER_10000,Urretxu,0.0
2021,,,Urretxu,PER_10000,Urretxu,3.0
2022,,,Usurbil,PER_10000,Usurbil,0.0
2019,,,Usurbil,PER_10000,Usurbil,3.2
2021,,,Usurbil,PER_10000,Usurbil,0.0
2020,,,Usurbil,PER_10000,Usurbil,3.2
2023,,,Usurbil,PER_10000,Usurbil,9.4
2019,,,Valdegovía / Gaubea,PER_10000,Valdegovía / Gaubea,0.0
2021,,,Valdegovía / Gaubea,PER_10000,Valdegovía / Gaubea,0.0
2020,,,Valdegovía / Gaubea,PER_10000,Valdegovía / Gaubea,0.0
2022,,,Valdegovía / Gaubea,PER_10000,Valdegovía / Gaubea,0.0
2023,,,Valdegovía / Gaubea,PER_10000,Valdegovía / Gaubea,0.0
2022,,,Valle de Trápaga-Trapagaran,PER_10000,Valle de Trápaga-Trapagaran,4.9
2021,,,Valle de Trápaga-Trapagaran,PER_10000,Valle de Trápaga-Trapagaran,4.9
2020,,,Valle de Trápaga-Trapagaran,PER_10000,Valle de Trápaga-Trapagaran,6.5
2019,,,Valle de Trápaga-Trapagaran,PER_10000,Valle de Trápaga-Trapagaran,3.2
2023,,,Valle de Trápaga-Trapagaran,PER_10000,Valle de Trápaga-Trapagaran,4.9
2021,,,Villabona,PER_10000,Villabona,3.4
2020,,,Villabona,PER_10000,Villabona,0.0
2022,,,Villabona,PER_10000,Villabona,0.0
2023,,,Villabona,PER_10000,Villabona,0.0
2019,,,Villabona,PER_10000,Villabona,0.0
2022,,,Villabuena de Álava / Eskuernaga,PER_10000,Villabuena de Álava / Eskuernaga,0.0
2021,,,Villabuena de Álava / Eskuernaga,PER_10000,Villabuena de Álava / Eskuernaga,0.0
2019,,,Villabuena de Álava / Eskuernaga,PER_10000,Villabuena de Álava / Eskuernaga,0.0
2023,,,Villabuena de Álava / Eskuernaga,PER_10000,Villabuena de Álava / Eskuernaga,0.0
2020,,,Villabuena de Álava / Eskuernaga,PER_10000,Villabuena de Álava / Eskuernaga,0.0
2019,,,Vitoria-Gasteiz,PER_10000,Vitoria-Gasteiz,3.3
2021,,,Vitoria-Gasteiz,PER_10000,Vitoria-Gasteiz,3.2
2020,,,Vitoria-Gasteiz,PER_10000,Vitoria-Gasteiz,3.8
2022,,,Vitoria-Gasteiz,PER_10000,Vitoria-Gasteiz,5.0
2023,,,Vitoria-Gasteiz,PER_10000,Vitoria-Gasteiz,5.8
2022,,,Yécora / Iekora,PER_10000,Yécora / Iekora,0.0
2020,,,Yécora / Iekora,PER_10000,Yécora / Iekora,0.0
2023,,,Yécora / Iekora,PER_10000,Yécora / Iekora,0.0
2019,,,Yécora / Iekora,PER_10000,Yécora / Iekora,0.0
2021,,,Yécora / Iekora,PER_10000,Yécora / Iekora,0.0
2019,,,Zaldibar,PER_10000,Zaldibar,0.0
2023,,,Zaldibar,PER_10000,Zaldibar,6.7
2022,,,Zaldibar,PER_10000,Zaldibar,6.7
2021,,,Zaldibar,PER_10000,Zaldibar,0.0
2020,,,Zaldibar,PER_10000,Zaldibar,13.2
2022,,,Zaldibia,PER_10000,Zaldibia,0.0
2019,,,Zaldibia,PER_10000,Zaldibia,0.0
2021,,,Zaldibia,PER_10000,Zaldibia,0.0
2023,,,Zaldibia,PER_10000,Zaldibia,0.0
2020,,,Zaldibia,PER_10000,Zaldibia,0.0
2020,,,Zalduondo,PER_10000,Zalduondo,0.0
2021,,,Zalduondo,PER_10000,Zalduondo,0.0
2023,,,Zalduondo,PER_10000,Zalduondo,0.0
2022,,,Zalduondo,PER_10000,Zalduondo,0.0
2019,,,Zalduondo,PER_10000,Zalduondo,0.0
2022,,,Zalla,PER_10000,Zalla,2.4
2021,,,Zalla,PER_10000,Zalla,4.7
2020,,,Zalla,PER_10000,Zalla,2.3
2019,,,Zalla,PER_10000,Zalla,9.3
2023,,,Zalla,PER_10000,Zalla,7.1
2019,,,Zambrana,PER_10000,Zambrana,0.0
2020,,,Zambrana,PER_10000,Zambrana,0.0
2022,,,Zambrana,PER_10000,Zambrana,0.0
2021,,,Zambrana,PER_10000,Zambrana,0.0
2023,,,Zambrana,PER_10000,Zambrana,0.0
2019,,,Zamudio,PER_10000,Zamudio,18.1
2023,,,Zamudio,PER_10000,Zamudio,12.4
2021,,,Zamudio,PER_10000,Zamudio,18.6
2022,,,Zamudio,PER_10000,Zamudio,18.6
2020,,,Zamudio,PER_10000,Zamudio,18.3
2020,,,Zaratamo,PER_10000,Zaratamo,0.0
2021,,,Zaratamo,PER_10000,Zaratamo,0.0
2019,,,Zaratamo,PER_10000,Zaratamo,0.0
2023,,,Zaratamo,PER_10000,Zaratamo,0.0
2022,,,Zaratamo,PER_10000,Zaratamo,0.0
2021,,,Zarautz,PER_10000,Zarautz,5.0
2019,,,Zarautz,PER_10000,Zarautz,4.2
2023,,,Zarautz,PER_10000,Zarautz,4.2
2020,,,Zarautz,PER_10000,Zarautz,2.5
2022,,,Zarautz,PER_10000,Zarautz,3.4
2023,,,Zeanuri,PER_10000,Zeanuri,0.0
2019,,,Zeanuri,PER_10000,Zeanuri,16.6
2021,,,Zeanuri,PER_10000,Zeanuri,16.0
2020,,,Zeanuri,PER_10000,Zeanuri,0.0
2022,,,Zeanuri,PER_10000,Zeanuri,0.0
2020,,,Zeberio,PER_10000,Zeberio,0.0
2022,,,Zeberio,PER_10000,Zeberio,0.0
2019,,,Zeberio,PER_10000,Zeberio,0.0
2021,,,Zeberio,PER_10000,Zeberio,0.0
2023,,,Zeberio,PER_10000,Zeberio,0.0
2023,,,Zegama,PER_10000,Zegama,27.1
2019,,,Zegama,PER_10000,Zegama,0.0
2021,,,Zegama,PER_10000,Zegama,0.0
2022,,,Zegama,PER_10000,Zegama,0.0
2020,,,Zegama,PER_10000,Zegama,0.0
2021,,,Zerain,PER_10000,Zerain,0.0
2022,,,Zerain,PER_10000,Zerain,0.0
2020,,,Zerain,PER_10000,Zerain,0.0
2019,,,Zerain,PER_10000,Zerain,0.0
2023,,,Zerain,PER_10000,Zerain,0.0
2021,,,Zestoa,PER_10000,Zestoa,0.0
2020,,,Zestoa,PER_10000,Zestoa,5.5
2019,,,Zestoa,PER_10000,Zestoa,0.0
2023,,,Zestoa,PER_10000,Zestoa,0.0
2022,,,Zestoa,PER_10000,Zestoa,0.0
2019,,,Zierbena,PER_10000,Zierbena,0.0
2023,,,Zierbena,PER_10000,Zierbena,0.0
2022,,,Zierbena,PER_10000,Zierbena,0.0
2021,,,Zierbena,PER_10000,Zierbena,0.0
2020,,,Zierbena,PER_10000,Zierbena,0.0
2020,,,Zigoitia,PER_10000,Zigoitia,12.3
2021,,,Zigoitia,PER_10000,Zigoitia,0.0
2019,,,Zigoitia,PER_10000,Zigoitia,12.7
2022,,,Zigoitia,PER_10000,Zigoitia,0.0
2023,,,Zigoitia,PER_10000,Zigoitia,0.0
2021,,,Ziortza-Bolibar,PER_10000,Ziortza-Bolibar,0.0
2023,,,Ziortza-Bolibar,PER_10000,Ziortza-Bolibar,0.0
2022,,,Ziortza-Bolibar,PER_10000,Ziortza-Bolibar,0.0
2020,,,Ziortza-Bolibar,PER_10000,Ziortza-Bolibar,0.0
2019,,,Ziortza-Bolibar,PER_10000,Ziortza-Bolibar,0.0
2022,,,Zizurkil,PER_10000,Zizurkil,13.9
2021,,,Zizurkil,PER_10000,Zizurkil,6.9
2019,,,Zizurkil,PER_10000,Zizurkil,0.0
2020,,,Zizurkil,PER_10000,Zizurkil,13.5
2023,,,Zizurkil,PER_10000,Zizurkil,0.0
2020,,,Zuia,PER_10000,Zuia,0.0
2022,,,Zuia,PER_10000,Zuia,0.0
2021,,,Zuia,PER_10000,Zuia,0.0
2023,,,Zuia,PER_10000,Zuia,0.0
2019,,,Zuia,PER_10000,Zuia,0.0
2019,,,Zumaia,PER_10000,Zumaia,0.0
2021,,,Zumaia,PER_10000,Zumaia,9.9
2023,,,Zumaia,PER_10000,Zumaia,0.0
2020,,,Zumaia,PER_10000,Zumaia,2.0
2022,,,Zumaia,PER_10000,Zumaia,0.0
2020,,,Zumarraga,PER_10000,Zumarraga,0.0
2019,,,Zumarraga,PER_10000,Zumarraga,4.0
2021,,,Zumarraga,PER_10000,Zumarraga,4.1
2023,,,Zumarraga,PER_10000,Zumarraga,4.1
2022,,,Zumarraga,PER_10000,Zumarraga,8.3
2023,,Añana (eskualdea),,PER_10000,Añana (eskualdea),0.0
2022,,Añana (eskualdea),,PER_10000,Añana (eskualdea),0.0
2019,,Añana (eskualdea),,PER_10000,Añana (eskualdea),0.0
2021,,Añana (eskualdea),,PER_10000,Añana (eskualdea),0.0
2020,,Añana (eskualdea),,PER_10000,Añana (eskualdea),0.0
2020,,Arabako Errioxa / Rioja Alavesa,,PER_10000,Arabako Errioxa / Rioja Alavesa,1.8
2023,,Arabako Errioxa / Rioja Alavesa,,PER_10000,Arabako Errioxa / Rioja Alavesa,1.8
2022,,Arabako Errioxa / Rioja Alavesa,,PER_10000,Arabako Errioxa / Rioja Alavesa,1.8
2019,,Arabako Errioxa / Rioja Alavesa,,PER_10000,Arabako Errioxa / Rioja Alavesa,3.6
2021,,Arabako Errioxa / Rioja Alavesa,,PER_10000,Arabako Errioxa / Rioja Alavesa,1.8
2021,,Arabako Kantaurialdea / Cantábrica Alavesa,,PER_10000,Arabako Kantaurialdea / Cantábrica Alavesa,2.3
2020,,Arabako Kantaurialdea / Cantábrica Alavesa,,PER_10000,Arabako Kantaurialdea / Cantábrica Alavesa,2.8
2023,,Arabako Kantaurialdea / Cantábrica Alavesa,,PER_10000,Arabako Kantaurialdea / Cantábrica Alavesa,4.0
2019,,Arabako Kantaurialdea / Cantábrica Alavesa,,PER_10000,Arabako Kantaurialdea / Cantábrica Alavesa,2.8
2022,,Arabako Kantaurialdea / Cantábrica Alavesa,,PER_10000,Arabako Kantaurialdea / Cantábrica Alavesa,5.1
2021,,Arabako Lautada / Llanada Alavesa,,PER_10000,Arabako Lautada / Llanada Alavesa,3.4
2019,,Arabako Lautada / Llanada Alavesa,,PER_10000,Arabako Lautada / Llanada Alavesa,3.1
2023,,Arabako Lautada / Llanada Alavesa,,PER_10000,Arabako Lautada / Llanada Alavesa,5.8
2020,,Arabako Lautada / Llanada Alavesa,,PER_10000,Arabako Lautada / Llanada Alavesa,3.8
2022,,Arabako Lautada / Llanada Alavesa,,PER_10000,Arabako Lautada / Llanada Alavesa,4.8
2020,,Arabako Mendialdea / Montaña Alavesa,,PER_10000,Arabako Mendialdea / Montaña Alavesa,0.0
2021,,Arabako Mendialdea / Montaña Alavesa,,PER_10000,Arabako Mendialdea / Montaña Alavesa,0.0
2022,,Arabako Mendialdea / Montaña Alavesa,,PER_10000,Arabako Mendialdea / Montaña Alavesa,0.0
2019,,Arabako Mendialdea / Montaña Alavesa,,PER_10000,Arabako Mendialdea / Montaña Alavesa,0.0
2023,,Arabako Mendialdea / Montaña Alavesa,,PER_10000,Arabako Mendialdea / Montaña Alavesa,7.0
2023,,Arratia Nerbioi / Arratia-Nervión,,PER_10000,Arratia Nerbioi / Arratia-Nervión,10.0
2021,,Arratia Nerbioi / Arratia-Nervión,,PER_10000,Arratia Nerbioi / Arratia-Nervión,1.7
2019,,Arratia Nerbioi / Arratia-Nervión,,PER_10000,Arratia Nerbioi / Arratia-Nervión,1.7
2020,,Arratia Nerbioi / Arratia-Nervión,,PER_10000,Arratia Nerbioi / Arratia-Nervión,2.5
2022,,Arratia Nerbioi / Arratia-Nervión,,PER_10000,Arratia Nerbioi / Arratia-Nervión,6.7
2021,,Bidasoa Beherea / Bajo Bidasoa,,PER_10000,Bidasoa Beherea / Bajo Bidasoa,8.1
2023,,Bidasoa Beherea / Bajo Bidasoa,,PER_10000,Bidasoa Beherea / Bajo Bidasoa,10.4
2020,,Bidasoa Beherea / Bajo Bidasoa,,PER_10000,Bidasoa Beherea / Bajo Bidasoa,3.3
2019,,Bidasoa Beherea / Bajo Bidasoa,,PER_10000,Bidasoa Beherea / Bajo Bidasoa,5.1
2022,,Bidasoa Beherea / Bajo Bidasoa,,PER_10000,Bidasoa Beherea / Bajo Bidasoa,7.6
2023,,Bilbo Handia / Gran Bilbao,,PER_10000,Bilbo Handia / Gran Bilbao,5.6
2021,,Bilbo Handia / Gran Bilbao,,PER_10000,Bilbo Handia / Gran Bilbao,4.2
2020,,Bilbo Handia / Gran Bilbao,,PER_10000,Bilbo Handia / Gran Bilbao,3.0
2019,,Bilbo Handia / Gran Bilbao,,PER_10000,Bilbo Handia / Gran Bilbao,3.9
2022,,Bilbo Handia / Gran Bilbao,,PER_10000,Bilbo Handia / Gran Bilbao,4.8
2023,,Debabarrena / Bajo Deba,,PER_10000,Debabarrena / Bajo Deba,5.7
2021,,Debabarrena / Bajo Deba,,PER_10000,Debabarrena / Bajo Deba,3.6
2019,,Debabarrena / Bajo Deba,,PER_10000,Debabarrena / Bajo Deba,2.5
2020,,Debabarrena / Bajo Deba,,PER_10000,Debabarrena / Bajo Deba,3.2
2022,,Debabarrena / Bajo Deba,,PER_10000,Debabarrena / Bajo Deba,3.2
2022,,Debagoiena / Alto Deba,,PER_10000,Debagoiena / Alto Deba,3.2
2019,,Debagoiena / Alto Deba,,PER_10000,Debagoiena / Alto Deba,2.2
2020,,Debagoiena / Alto Deba,,PER_10000,Debagoiena / Alto Deba,2.2
2021,,Debagoiena / Alto Deba,,PER_10000,Debagoiena / Alto Deba,6.3
2023,,Debagoiena / Alto Deba,,PER_10000,Debagoiena / Alto Deba,6.6
2021,,Donostialdea,,PER_10000,Donostialdea,4.6
2022,,Donostialdea,,PER_10000,Donostialdea,5.0
2019,,Donostialdea,,PER_10000,Donostialdea,3.8
2020,,Donostialdea,,PER_10000,Donostialdea,3.4
2023,,Donostialdea,,PER_10000,Donostialdea,7.0
2023,,Durangaldea / Duranguesado,,PER_10000,Durangaldea / Duranguesado,4.5
2022,,Durangaldea / Duranguesado,,PER_10000,Durangaldea / Duranguesado,4.2
2020,,Durangaldea / Duranguesado,,PER_10000,Durangaldea / Duranguesado,1.6
2019,,Durangaldea / Duranguesado,,PER_10000,Durangaldea / Duranguesado,2.8
2021,,Durangaldea / Duranguesado,,PER_10000,Durangaldea / Duranguesado,2.2
2021,,Enkartazioak / Encartaciones,,PER_10000,Enkartazioak / Encartaciones,3.1
2019,,Enkartazioak / Encartaciones,,PER_10000,Enkartazioak / Encartaciones,3.7
2022,,Enkartazioak / Encartaciones,,PER_10000,Enkartazioak / Encartaciones,2.5
2020,,Enkartazioak / Encartaciones,,PER_10000,Enkartazioak / Encartaciones,4.9
2023,,Enkartazioak / Encartaciones,,PER_10000,Enkartazioak / Encartaciones,3.7
2019,,Gernika-Bermeo,,PER_10000,Gernika-Bermeo,3.0
2021,,Gernika-Bermeo,,PER_10000,Gernika-Bermeo,2.6
2020,,Gernika-Bermeo,,PER_10000,Gernika-Bermeo,1.3
2022,,Gernika-Bermeo,,PER_10000,Gernika-Bermeo,1.3
2023,,Gernika-Bermeo,,PER_10000,Gernika-Bermeo,5.5
2022,,Goierri,,PER_10000,Goierri,3.2
2019,,Goierri,,PER_10000,Goierri,2.6
2023,,Goierri,,PER_10000,Goierri,2.9
2021,,Goierri,,PER_10000,Goierri,4.4
2020,,Goierri,,PER_10000,Goierri,2.1
2019,,Gorbeialdea / Estribaciones del Gorbea,,PER_10000,Gorbeialdea / Estribaciones del Gorbea,4.8
2021,,Gorbeialdea / Estribaciones del Gorbea,,PER_10000,Gorbeialdea / Estribaciones del Gorbea,0.0
2020,,Gorbeialdea / Estribaciones del Gorbea,,PER_10000,Gorbeialdea / Estribaciones del Gorbea,2.4
2022,,Gorbeialdea / Estribaciones del Gorbea,,PER_10000,Gorbeialdea / Estribaciones del Gorbea,2.3
2023,,Gorbeialdea / Estribaciones del Gorbea,,PER_10000,Gorbeialdea / Estribaciones del Gorbea,4.5
2019,,Markina-Ondarroa,,PER_10000,Markina-Ondarroa,3.9
2022,,Markina-Ondarroa,,PER_10000,Markina-Ondarroa,3.1
2021,,Markina-Ondarroa,,PER_10000,Markina-Ondarroa,3.1
2020,,Markina-Ondarroa,,PER_10000,Markina-Ondarroa,1.5
2023,,Markina-Ondarroa,,PER_10000,Markina-Ondarroa,7.1
2022,,Plentzia-Mungia,,PER_10000,Plentzia-Mungia,2.0
2019,,Plentzia-Mungia,,PER_10000,Plentzia-Mungia,3.4
2023,,Plentzia-Mungia,,PER_10000,Plentzia-Mungia,3.9
2020,,Plentzia-Mungia,,PER_10000,Plentzia-Mungia,2.0
2021,,Plentzia-Mungia,,PER_10000,Plentzia-Mungia,2.3
2023,,Tolosaldea,,PER_10000,Tolosaldea,3.2
2022,,Tolosaldea,,PER_10000,Tolosaldea,7.2
2020,,Tolosaldea,,PER_10000,Tolosaldea,5.6
2021,,Tolosaldea,,PER_10000,Tolosaldea,2.4
2019,,Tolosaldea,,PER_10000,Tolosaldea,1.6
2023,,Urola Kosta,,PER_10000,Urola Kosta,2.9
2019,,Urola Kosta,,PER_10000,Urola Kosta,3.4
2021,,Urola Kosta,,PER_10000,Urola Kosta,3.6
2020,,Urola Kosta,,PER_10000,Urola Kosta,1.8
2022,,Urola Kosta,,PER_10000,Urola Kosta,3.4
2023,ES211,,,PER_10000,ES211,5.4
2021,ES211,,,PER_10000,ES211,3.1
2019,ES211,,,PER_10000,ES211,3.3
2022,ES211,,,PER_10000,ES211,4.6
2020,ES211,,,PER_10000,ES211,3.5
2023,ES213,,,PER_10000,ES213,5.5
2020,ES213,,,PER_10000,ES213,2.9
2022,ES213,,,PER_10000,ES213,4.6
2021,ES213,,,PER_10000,ES213,3.8
2019,ES213,,,PER_10000,ES213,4.0
2020,ES212,,,PER_10000,ES212,3.2
2022,ES212,,,PER_10000,ES212,4.6
2019,ES212,,,PER_10000,ES212,3.6
2023,ES212,,,PER_10000,ES212,6.2
2021,ES212,,,PER_10000,ES212,4.8
