Year,Lurralde historikoa,Eskualdea,Udalerria,Units,GeoCode,Value
2022,,,,PER_10000,,4.6
2019,,,,PER_10000,,3.8
2023,,,,PER_10000,,5.7
2021,,,,PER_10000,,4.0
2020,,,,PER_10000,,3.1
2020,,,ES48001,PER_10000,ES48001,0.0
2021,,,ES48001,PER_10000,ES48001,5.2
2022,,,ES48001,PER_10000,ES48001,2.6
2023,,,ES48001,PER_10000,ES48001,5.1
2019,,,ES48001,PER_10000,ES48001,5.2
2019,,,Abaltzisketa,PER_10000,Abaltzisketa,0.0
2020,,,Abaltzisketa,PER_10000,Abaltzisketa,0.0
2023,,,Abaltzisketa,PER_10000,Abaltzisketa,0.0
2022,,,Abaltzisketa,PER_10000,Abaltzisketa,0.0
2021,,,Abaltzisketa,PER_10000,Abaltzisketa,0.0
2020,,,ES48002,PER_10000,ES48002,0.0
2021,,,ES48002,PER_10000,ES48002,0.0
2019,,,ES48002,PER_10000,ES48002,2.1
2022,,,ES48002,PER_10000,ES48002,0.0
2023,,,ES48002,PER_10000,ES48002,53.2
2020,,,Aduna,PER_10000,Aduna,0.0
2023,,,Aduna,PER_10000,Aduna,0.0
2022,,,Aduna,PER_10000,Aduna,0.0
2019,,,Aduna,PER_10000,Aduna,0.0
2021,,,Aduna,PER_10000,Aduna,0.0
2019,,,Agurain / Salvatierra,PER_10000,Agurain / Salvatierra,0.0
2021,,,Agurain / Salvatierra,PER_10000,Agurain / Salvatierra,3.9
2020,,,Agurain / Salvatierra,PER_10000,Agurain / Salvatierra,0.0
2023,,,Agurain / Salvatierra,PER_10000,Agurain / Salvatierra,11.6
2022,,,Agurain / Salvatierra,PER_10000,Agurain / Salvatierra,3.9
2020,,,Aia,PER_10000,Aia,10.5
2022,,,Aia,PER_10000,Aia,20.0
2019,,,Aia,PER_10000,Aia,0.0
2023,,,Aia,PER_10000,Aia,0.0
2021,,,Aia,PER_10000,Aia,0.0
2023,,,Aizarnazabal,PER_10000,Aizarnazabal,0.0
2020,,,Aizarnazabal,PER_10000,Aizarnazabal,0.0
2021,,,Aizarnazabal,PER_10000,Aizarnazabal,0.0
2022,,,Aizarnazabal,PER_10000,Aizarnazabal,0.0
2019,,,Aizarnazabal,PER_10000,Aizarnazabal,0.0
2022,,,ES48911,PER_10000,ES48911,0.0
2021,,,ES48911,PER_10000,ES48911,0.0
2023,,,ES48911,PER_10000,ES48911,0.0
2019,,,ES48911,PER_10000,ES48911,0.0
2020,,,ES48911,PER_10000,ES48911,0.0
2020,,,Albiztur,PER_10000,Albiztur,0.0
2021,,,Albiztur,PER_10000,Albiztur,0.0
2022,,,Albiztur,PER_10000,Albiztur,0.0
2019,,,Albiztur,PER_10000,Albiztur,0.0
2023,,,Albiztur,PER_10000,Albiztur,0.0
2020,,,Alegia,PER_10000,Alegia,0.0
2019,,,Alegia,PER_10000,Alegia,0.0
2021,,,Alegia,PER_10000,Alegia,0.0
2023,,,Alegia,PER_10000,Alegia,0.0
2022,,,Alegia,PER_10000,Alegia,0.0
2021,,,Alegría-Dulantzi,PER_10000,Alegría-Dulantzi,13.1
2019,,,Alegría-Dulantzi,PER_10000,Alegría-Dulantzi,0.0
2023,,,Alegría-Dulantzi,PER_10000,Alegría-Dulantzi,6.5
2022,,,Alegría-Dulantzi,PER_10000,Alegría-Dulantzi,0.0
2020,,,Alegría-Dulantzi,PER_10000,Alegría-Dulantzi,0.0
2022,,,Alkiza,PER_10000,Alkiza,0.0
2021,,,Alkiza,PER_10000,Alkiza,0.0
2019,,,Alkiza,PER_10000,Alkiza,0.0
2023,,,Alkiza,PER_10000,Alkiza,0.0
2020,,,Alkiza,PER_10000,Alkiza,0.0
2023,,,ES48912,PER_10000,ES48912,0.0
2022,,,ES48912,PER_10000,ES48912,0.0
2019,,,ES48912,PER_10000,ES48912,0.0
2020,,,ES48912,PER_10000,ES48912,0.0
2021,,,ES48912,PER_10000,ES48912,0.0
2020,,,ES20906,PER_10000,ES20906,0.0
2019,,,ES20906,PER_10000,ES20906,0.0
2023,,,ES20906,PER_10000,ES20906,0.0
2021,,,ES20906,PER_10000,ES20906,0.0
2022,,,ES20906,PER_10000,ES20906,0.0
2020,,,Altzo,PER_10000,Altzo,0.0
2019,,,Altzo,PER_10000,Altzo,0.0
2023,,,Altzo,PER_10000,Altzo,0.0
2022,,,Altzo,PER_10000,Altzo,0.0
2021,,,Altzo,PER_10000,Altzo,0.0
2022,,,Amezketa,PER_10000,Amezketa,0.0
2023,,,Amezketa,PER_10000,Amezketa,0.0
2020,,,Amezketa,PER_10000,Amezketa,0.0
2021,,,Amezketa,PER_10000,Amezketa,0.0
2019,,,Amezketa,PER_10000,Amezketa,22.9
2022,,,ES48003,PER_10000,ES48003,3.1
2019,,,ES48003,PER_10000,ES48003,3.1
2023,,,ES48003,PER_10000,ES48003,2.0
2020,,,ES48003,PER_10000,ES48003,0.0
2021,,,ES48003,PER_10000,ES48003,1.0
2019,,,ES48004,PER_10000,ES48004,0.0
2021,,,ES48004,PER_10000,ES48004,0.0
2020,,,ES48004,PER_10000,ES48004,0.0
2022,,,ES48004,PER_10000,ES48004,0.0
2023,,,ES48004,PER_10000,ES48004,0.0
2019,,,Amurrio,PER_10000,Amurrio,0.0
2023,,,Amurrio,PER_10000,Amurrio,1.9
2020,,,Amurrio,PER_10000,Amurrio,0.0
2021,,,Amurrio,PER_10000,Amurrio,3.8
2022,,,Amurrio,PER_10000,Amurrio,7.6
2022,,,Andoain,PER_10000,Andoain,2.7
2019,,,Andoain,PER_10000,Andoain,0.0
2021,,,Andoain,PER_10000,Andoain,0.0
2023,,,Andoain,PER_10000,Andoain,4.1
2020,,,Andoain,PER_10000,Andoain,0.0
2023,,,Anoeta,PER_10000,Anoeta,9.7
2020,,,Anoeta,PER_10000,Anoeta,0.0
2019,,,Anoeta,PER_10000,Anoeta,0.0
2022,,,Anoeta,PER_10000,Anoeta,0.0
2021,,,Anoeta,PER_10000,Anoeta,0.0
2021,,,Antzuola,PER_10000,Antzuola,0.0
2022,,,Antzuola,PER_10000,Antzuola,0.0
2020,,,Antzuola,PER_10000,Antzuola,0.0
2023,,,Antzuola,PER_10000,Antzuola,0.0
2019,,,Antzuola,PER_10000,Antzuola,0.0
2023,,,Añana,PER_10000,Añana,0.0
2022,,,Añana,PER_10000,Añana,0.0
2020,,,Añana,PER_10000,Añana,0.0
2019,,,Añana,PER_10000,Añana,0.0
2021,,,Añana,PER_10000,Añana,0.0
2019,,,ES48005,PER_10000,ES48005,0.0
2020,,,ES48005,PER_10000,ES48005,0.0
2022,,,ES48005,PER_10000,ES48005,0.0
2021,,,ES48005,PER_10000,ES48005,0.0
2023,,,ES48005,PER_10000,ES48005,0.0
2021,,,Arama,PER_10000,Arama,0.0
2020,,,Arama,PER_10000,Arama,0.0
2019,,,Arama,PER_10000,Arama,0.0
2023,,,Arama,PER_10000,Arama,0.0
2022,,,Arama,PER_10000,Arama,0.0
2019,,,Aramaio,PER_10000,Aramaio,13.9
2020,,,Aramaio,PER_10000,Aramaio,0.0
2021,,,Aramaio,PER_10000,Aramaio,0.0
2022,,,Aramaio,PER_10000,Aramaio,0.0
2023,,,Aramaio,PER_10000,Aramaio,0.0
2023,,,ES48006,PER_10000,ES48006,0.0
2022,,,ES48006,PER_10000,ES48006,0.0
2019,,,ES48006,PER_10000,ES48006,0.0
2020,,,ES48006,PER_10000,ES48006,0.0
2021,,,ES48006,PER_10000,ES48006,0.0
2021,,,ES48093,PER_10000,ES48093,0.0
2020,,,ES48093,PER_10000,ES48093,0.0
2022,,,ES48093,PER_10000,ES48093,0.0
2023,,,ES48093,PER_10000,ES48093,15.4
2019,,,ES48093,PER_10000,ES48093,0.0
2019,,,Aretxabaleta,PER_10000,Aretxabaleta,0.0
2021,,,Aretxabaleta,PER_10000,Aretxabaleta,0.0
2023,,,Aretxabaleta,PER_10000,Aretxabaleta,0.0
2022,,,Aretxabaleta,PER_10000,Aretxabaleta,5.6
2020,,,Aretxabaleta,PER_10000,Aretxabaleta,2.8
2020,,,Armiñón,PER_10000,Armiñón,0.0
2022,,,Armiñón,PER_10000,Armiñón,0.0
2023,,,Armiñón,PER_10000,Armiñón,0.0
2019,,,Armiñón,PER_10000,Armiñón,0.0
2021,,,Armiñón,PER_10000,Armiñón,0.0
2021,,,Arraia-Maeztu,PER_10000,Arraia-Maeztu,0.0
2020,,,Arraia-Maeztu,PER_10000,Arraia-Maeztu,0.0
2022,,,Arraia-Maeztu,PER_10000,Arraia-Maeztu,0.0
2019,,,Arraia-Maeztu,PER_10000,Arraia-Maeztu,0.0
2023,,,Arraia-Maeztu,PER_10000,Arraia-Maeztu,0.0
2023,,,ES48009,PER_10000,ES48009,0.0
2020,,,ES48009,PER_10000,ES48009,0.0
2022,,,ES48009,PER_10000,ES48009,0.0
2019,,,ES48009,PER_10000,ES48009,19.6
2021,,,ES48009,PER_10000,ES48009,0.0
2019,,,Arrasate / Mondragón,PER_10000,Arrasate / Mondragón,2.7
2021,,,Arrasate / Mondragón,PER_10000,Arrasate / Mondragón,11.8
2022,,,Arrasate / Mondragón,PER_10000,Arrasate / Mondragón,4.5
2020,,,Arrasate / Mondragón,PER_10000,Arrasate / Mondragón,0.9
2023,,,Arrasate / Mondragón,PER_10000,Arrasate / Mondragón,6.3
2020,,,ES48914,PER_10000,ES48914,0.0
2019,,,ES48914,PER_10000,ES48914,0.0
2022,,,ES48914,PER_10000,ES48914,0.0
2021,,,ES48914,PER_10000,ES48914,0.0
2023,,,ES48914,PER_10000,ES48914,0.0
2023,,,Arratzua-Ubarrundia,PER_10000,Arratzua-Ubarrundia,0.0
2020,,,Arratzua-Ubarrundia,PER_10000,Arratzua-Ubarrundia,21.0
2019,,,Arratzua-Ubarrundia,PER_10000,Arratzua-Ubarrundia,0.0
2022,,,Arratzua-Ubarrundia,PER_10000,Arratzua-Ubarrundia,0.0
2021,,,Arratzua-Ubarrundia,PER_10000,Arratzua-Ubarrundia,20.2
2023,,,ES48010,PER_10000,ES48010,0.0
2021,,,ES48010,PER_10000,ES48010,0.0
2019,,,ES48010,PER_10000,ES48010,0.0
2022,,,ES48010,PER_10000,ES48010,0.0
2020,,,ES48010,PER_10000,ES48010,0.0
2023,,,ES48011,PER_10000,ES48011,6.6
2022,,,ES48011,PER_10000,ES48011,6.6
2021,,,ES48011,PER_10000,ES48011,4.9
2019,,,ES48011,PER_10000,ES48011,3.3
2020,,,ES48011,PER_10000,ES48011,3.2
2020,,,ES48023,PER_10000,ES48023,0.0
2021,,,ES48023,PER_10000,ES48023,0.0
2019,,,ES48023,PER_10000,ES48023,0.0
2022,,,ES48023,PER_10000,ES48023,26.5
2023,,,ES48023,PER_10000,ES48023,0.0
2023,,,ES48008,PER_10000,ES48008,0.0
2022,,,ES48008,PER_10000,ES48008,0.0
2021,,,ES48008,PER_10000,ES48008,0.0
2019,,,ES48008,PER_10000,ES48008,0.0
2020,,,ES48008,PER_10000,ES48008,0.0
2023,,,Artziniega,PER_10000,Artziniega,0.0
2020,,,Artziniega,PER_10000,Artziniega,0.0
2022,,,Artziniega,PER_10000,Artziniega,0.0
2019,,,Artziniega,PER_10000,Artziniega,10.4
2021,,,Artziniega,PER_10000,Artziniega,0.0
2019,,,Asparrena,PER_10000,Asparrena,0.0
2022,,,Asparrena,PER_10000,Asparrena,0.0
2021,,,Asparrena,PER_10000,Asparrena,0.0
2023,,,Asparrena,PER_10000,Asparrena,0.0
2020,,,Asparrena,PER_10000,Asparrena,24.6
2023,,,Asteasu,PER_10000,Asteasu,0.0
2021,,,Asteasu,PER_10000,Asteasu,0.0
2020,,,Asteasu,PER_10000,Asteasu,0.0
2019,,,Asteasu,PER_10000,Asteasu,0.0
2022,,,Asteasu,PER_10000,Asteasu,0.0
2019,,,ES20903,PER_10000,ES20903,3.1
2023,,,ES20903,PER_10000,ES20903,5.3
2020,,,ES20903,PER_10000,ES20903,0.0
2022,,,ES20903,PER_10000,ES20903,0.0
2021,,,ES20903,PER_10000,ES20903,0.0
2022,,,Ataun,PER_10000,Ataun,0.0
2021,,,Ataun,PER_10000,Ataun,0.0
2023,,,Ataun,PER_10000,Ataun,0.0
2020,,,Ataun,PER_10000,Ataun,0.0
2019,,,Ataun,PER_10000,Ataun,0.0
2019,,,ES48091,PER_10000,ES48091,0.0
2021,,,ES48091,PER_10000,ES48091,0.0
2020,,,ES48091,PER_10000,ES48091,0.0
2022,,,ES48091,PER_10000,ES48091,0.0
2023,,,ES48091,PER_10000,ES48091,0.0
2020,,,ES48070,PER_10000,ES48070,0.0
2023,,,ES48070,PER_10000,ES48070,0.0
2019,,,ES48070,PER_10000,ES48070,0.0
2022,,,ES48070,PER_10000,ES48070,0.0
2021,,,ES48070,PER_10000,ES48070,0.0
2019,,,Ayala / Aiara,PER_10000,Ayala / Aiara,6.9
2022,,,Ayala / Aiara,PER_10000,Ayala / Aiara,7.0
2021,,,Ayala / Aiara,PER_10000,Ayala / Aiara,0.0
2023,,,Ayala / Aiara,PER_10000,Ayala / Aiara,13.8
2020,,,Ayala / Aiara,PER_10000,Ayala / Aiara,6.9
2021,,,Azkoitia,PER_10000,Azkoitia,1.7
2019,,,Azkoitia,PER_10000,Azkoitia,1.7
2022,,,Azkoitia,PER_10000,Azkoitia,3.4
2023,,,Azkoitia,PER_10000,Azkoitia,5.1
2020,,,Azkoitia,PER_10000,Azkoitia,0.0
2019,,,Azpeitia,PER_10000,Azpeitia,8.0
2022,,,Azpeitia,PER_10000,Azpeitia,2.6
2020,,,Azpeitia,PER_10000,Azpeitia,0.0
2023,,,Azpeitia,PER_10000,Azpeitia,1.3
2021,,,Azpeitia,PER_10000,Azpeitia,0.0
2022,,,ES48012,PER_10000,ES48012,7.0
2019,,,ES48012,PER_10000,ES48012,0.0
2023,,,ES48012,PER_10000,ES48012,7.1
2020,,,ES48012,PER_10000,ES48012,0.0
2021,,,ES48012,PER_10000,ES48012,14.3
2021,,,ES20904,PER_10000,ES20904,0.0
2020,,,ES20904,PER_10000,ES20904,0.0
2022,,,ES20904,PER_10000,ES20904,0.0
2023,,,ES20904,PER_10000,ES20904,0.0
2019,,,ES20904,PER_10000,ES20904,0.0
2019,,,ES48090,PER_10000,ES48090,0.0
2022,,,ES48090,PER_10000,ES48090,2.5
2020,,,ES48090,PER_10000,ES48090,5.0
2023,,,ES48090,PER_10000,ES48090,2.5
2021,,,ES48090,PER_10000,ES48090,7.5
2019,,,Baños de Ebro / Mañueta,PER_10000,Baños de Ebro / Mañueta,0.0
2020,,,Baños de Ebro / Mañueta,PER_10000,Baños de Ebro / Mañueta,0.0
2021,,,Baños de Ebro / Mañueta,PER_10000,Baños de Ebro / Mañueta,0.0
2023,,,Baños de Ebro / Mañueta,PER_10000,Baños de Ebro / Mañueta,0.0
2022,,,Baños de Ebro / Mañueta,PER_10000,Baños de Ebro / Mañueta,74.1
2020,,,ES48013,PER_10000,ES48013,2.5
2022,,,ES48013,PER_10000,ES48013,6.3
2023,,,ES48013,PER_10000,ES48013,4.5
2019,,,ES48013,PER_10000,ES48013,4.1
2021,,,ES48013,PER_10000,ES48013,5.9
2023,,,ES48014,PER_10000,ES48014,0.0
2022,,,ES48014,PER_10000,ES48014,0.0
2020,,,ES48014,PER_10000,ES48014,0.0
2019,,,ES48014,PER_10000,ES48014,0.0
2021,,,ES48014,PER_10000,ES48014,0.0
2021,,,Barrundia,PER_10000,Barrundia,0.0
2020,,,Barrundia,PER_10000,Barrundia,0.0
2019,,,Barrundia,PER_10000,Barrundia,0.0
2023,,,Barrundia,PER_10000,Barrundia,0.0
2022,,,Barrundia,PER_10000,Barrundia,0.0
2021,,,ES48015,PER_10000,ES48015,3.8
2020,,,ES48015,PER_10000,ES48015,2.4
2022,,,ES48015,PER_10000,ES48015,1.9
2019,,,ES48015,PER_10000,ES48015,3.8
2023,,,ES48015,PER_10000,ES48015,8.1
2023,,,Beasain,PER_10000,Beasain,1.4
2022,,,Beasain,PER_10000,Beasain,2.9
2021,,,Beasain,PER_10000,Beasain,1.5
2019,,,Beasain,PER_10000,Beasain,7.3
2020,,,Beasain,PER_10000,Beasain,2.9
2019,,,ES48092,PER_10000,ES48092,0.0
2021,,,ES48092,PER_10000,ES48092,0.0
2022,,,ES48092,PER_10000,ES48092,17.2
2020,,,ES48092,PER_10000,ES48092,0.0
2023,,,ES48092,PER_10000,ES48092,0.0
2021,,,Beizama,PER_10000,Beizama,0.0
2022,,,Beizama,PER_10000,Beizama,0.0
2020,,,Beizama,PER_10000,Beizama,0.0
2019,,,Beizama,PER_10000,Beizama,0.0
2023,,,Beizama,PER_10000,Beizama,0.0
2019,,,Belauntza,PER_10000,Belauntza,0.0
2023,,,Belauntza,PER_10000,Belauntza,0.0
2022,,,Belauntza,PER_10000,Belauntza,0.0
2021,,,Belauntza,PER_10000,Belauntza,0.0
2020,,,Belauntza,PER_10000,Belauntza,0.0
2019,,,ES48016,PER_10000,ES48016,0.0
2021,,,ES48016,PER_10000,ES48016,2.6
2023,,,ES48016,PER_10000,ES48016,0.0
2022,,,ES48016,PER_10000,ES48016,7.7
2020,,,ES48016,PER_10000,ES48016,0.0
2022,,,Berantevilla,PER_10000,Berantevilla,0.0
2021,,,Berantevilla,PER_10000,Berantevilla,0.0
2023,,,Berantevilla,PER_10000,Berantevilla,0.0
2019,,,Berantevilla,PER_10000,Berantevilla,0.0
2020,,,Berantevilla,PER_10000,Berantevilla,0.0
2021,,,Berastegi,PER_10000,Berastegi,0.0
2023,,,Berastegi,PER_10000,Berastegi,0.0
2019,,,Berastegi,PER_10000,Berastegi,0.0
2020,,,Berastegi,PER_10000,Berastegi,0.0
2022,,,Berastegi,PER_10000,Berastegi,0.0
2019,,,Bergara,PER_10000,Bergara,5.3
2023,,,Bergara,PER_10000,Bergara,13.4
2020,,,Bergara,PER_10000,Bergara,5.4
2021,,,Bergara,PER_10000,Bergara,4.1
2022,,,Bergara,PER_10000,Bergara,2.7
2020,,,ES48017,PER_10000,ES48017,2.3
2023,,,ES48017,PER_10000,ES48017,5.8
2022,,,ES48017,PER_10000,ES48017,1.2
2019,,,ES48017,PER_10000,ES48017,3.5
2021,,,ES48017,PER_10000,ES48017,1.2
2019,,,Bernedo,PER_10000,Bernedo,0.0
2020,,,Bernedo,PER_10000,Bernedo,0.0
2023,,,Bernedo,PER_10000,Bernedo,0.0
2021,,,Bernedo,PER_10000,Bernedo,0.0
2022,,,Bernedo,PER_10000,Bernedo,0.0
2019,,,ES48018,PER_10000,ES48018,0.0
2023,,,ES48018,PER_10000,ES48018,17.6
2021,,,ES48018,PER_10000,ES48018,0.0
2022,,,ES48018,PER_10000,ES48018,0.0
2020,,,ES48018,PER_10000,ES48018,0.0
2023,,,ES48019,PER_10000,ES48019,0.0
2020,,,ES48019,PER_10000,ES48019,0.0
2022,,,ES48019,PER_10000,ES48019,0.0
2019,,,ES48019,PER_10000,ES48019,4.3
2021,,,ES48019,PER_10000,ES48019,0.0
2023,,,Berrobi,PER_10000,Berrobi,35.6
2019,,,Berrobi,PER_10000,Berrobi,0.0
2022,,,Berrobi,PER_10000,Berrobi,0.0
2020,,,Berrobi,PER_10000,Berrobi,0.0
2021,,,Berrobi,PER_10000,Berrobi,0.0
2022,,,Bidania-Goiatz,PER_10000,Bidania-Goiatz,0.0
2019,,,Bidania-Goiatz,PER_10000,Bidania-Goiatz,0.0
2023,,,Bidania-Goiatz,PER_10000,Bidania-Goiatz,0.0
2020,,,Bidania-Goiatz,PER_10000,Bidania-Goiatz,0.0
2021,,,Bidania-Goiatz,PER_10000,Bidania-Goiatz,0.0
2023,,,ES48020,PER_10000,ES48020,5.1
2021,,,ES48020,PER_10000,ES48020,4.5
2022,,,ES48020,PER_10000,ES48020,6.3
2019,,,ES48020,PER_10000,ES48020,5.6
2020,,,ES48020,PER_10000,ES48020,3.5
2020,,,ES48021,PER_10000,ES48021,0.0
2019,,,ES48021,PER_10000,ES48021,0.0
2021,,,ES48021,PER_10000,ES48021,0.0
2023,,,ES48021,PER_10000,ES48021,0.0
2022,,,ES48021,PER_10000,ES48021,0.0
2021,,,Campezo / Kanpezu,PER_10000,Campezo / Kanpezu,0.0
2020,,,Campezo / Kanpezu,PER_10000,Campezo / Kanpezu,0.0
2019,,,Campezo / Kanpezu,PER_10000,Campezo / Kanpezu,0.0
2023,,,Campezo / Kanpezu,PER_10000,Campezo / Kanpezu,19.4
2022,,,Campezo / Kanpezu,PER_10000,Campezo / Kanpezu,0.0
2022,,,Deba,PER_10000,Deba,0.0
2021,,,Deba,PER_10000,Deba,0.0
2020,,,Deba,PER_10000,Deba,0.0
2023,,,Deba,PER_10000,Deba,3.7
2019,,,Deba,PER_10000,Deba,3.7
2022,,,ES48901,PER_10000,ES48901,5.4
2021,,,ES48901,PER_10000,ES48901,2.8
2019,,,ES48901,PER_10000,ES48901,5.9
2020,,,ES48901,PER_10000,ES48901,2.9
2023,,,ES48901,PER_10000,ES48901,10.6
2019,,,ES48026,PER_10000,ES48026,0.0
2022,,,ES48026,PER_10000,ES48026,0.0
2023,,,ES48026,PER_10000,ES48026,13.8
2020,,,ES48026,PER_10000,ES48026,0.0
2021,,,ES48026,PER_10000,ES48026,0.0
2020,,,Donostia / San Sebastián,PER_10000,Donostia / San Sebastián,3.4
2022,,,Donostia / San Sebastián,PER_10000,Donostia / San Sebastián,6.3
2023,,,Donostia / San Sebastián,PER_10000,Donostia / San Sebastián,8.9
2019,,,Donostia / San Sebastián,PER_10000,Donostia / San Sebastián,4.9
2021,,,Donostia / San Sebastián,PER_10000,Donostia / San Sebastián,5.7
2022,,,ES48027,PER_10000,ES48027,5.9
2021,,,ES48027,PER_10000,ES48027,4.5
2023,,,ES48027,PER_10000,ES48027,6.5
2019,,,ES48027,PER_10000,ES48027,3.3
2020,,,ES48027,PER_10000,ES48027,3.2
2021,,,ES48028,PER_10000,ES48028,0.0
2020,,,ES48028,PER_10000,ES48028,0.0
2022,,,ES48028,PER_10000,ES48028,0.0
2019,,,ES48028,PER_10000,ES48028,0.0
2023,,,ES48028,PER_10000,ES48028,0.0
2020,,,Eibar,PER_10000,Eibar,2.8
2022,,,Eibar,PER_10000,Eibar,6.5
2021,,,Eibar,PER_10000,Eibar,6.4
2019,,,Eibar,PER_10000,Eibar,2.8
2023,,,Eibar,PER_10000,Eibar,9.4
2020,,,ES48031,PER_10000,ES48031,0.0
2022,,,ES48031,PER_10000,ES48031,0.0
2019,,,ES48031,PER_10000,ES48031,0.0
2021,,,ES48031,PER_10000,ES48031,0.0
2023,,,ES48031,PER_10000,ES48031,0.0
2023,,,Elburgo / Burgelu,PER_10000,Elburgo / Burgelu,0.0
2020,,,Elburgo / Burgelu,PER_10000,Elburgo / Burgelu,0.0
2022,,,Elburgo / Burgelu,PER_10000,Elburgo / Burgelu,0.0
2019,,,Elburgo / Burgelu,PER_10000,Elburgo / Burgelu,0.0
2021,,,Elburgo / Burgelu,PER_10000,Elburgo / Burgelu,0.0
2023,,,Elciego,PER_10000,Elciego,0.0
2022,,,Elciego,PER_10000,Elciego,0.0
2021,,,Elciego,PER_10000,Elciego,0.0
2020,,,Elciego,PER_10000,Elciego,0.0
2019,,,Elciego,PER_10000,Elciego,0.0
2020,,,Elduain,PER_10000,Elduain,0.0
2021,,,Elduain,PER_10000,Elduain,0.0
2023,,,Elduain,PER_10000,Elduain,0.0
2019,,,Elduain,PER_10000,Elduain,0.0
2022,,,Elduain,PER_10000,Elduain,0.0
2022,,,Elgeta,PER_10000,Elgeta,0.0
2019,,,Elgeta,PER_10000,Elgeta,0.0
2020,,,Elgeta,PER_10000,Elgeta,0.0
2023,,,Elgeta,PER_10000,Elgeta,0.0
2021,,,Elgeta,PER_10000,Elgeta,0.0
2021,,,Elgoibar,PER_10000,Elgoibar,0.0
2020,,,Elgoibar,PER_10000,Elgoibar,6.9
2023,,,Elgoibar,PER_10000,Elgoibar,0.0
2019,,,Elgoibar,PER_10000,Elgoibar,3.4
2022,,,Elgoibar,PER_10000,Elgoibar,0.0
2020,,,ES48032,PER_10000,ES48032,0.0
2019,,,ES48032,PER_10000,ES48032,2.6
2021,,,ES48032,PER_10000,ES48032,0.0
2023,,,ES48032,PER_10000,ES48032,5.3
2022,,,ES48032,PER_10000,ES48032,0.0
2019,,,Elvillar / Bilar,PER_10000,Elvillar / Bilar,0.0
2020,,,Elvillar / Bilar,PER_10000,Elvillar / Bilar,0.0
2021,,,Elvillar / Bilar,PER_10000,Elvillar / Bilar,0.0
2022,,,Elvillar / Bilar,PER_10000,Elvillar / Bilar,0.0
2023,,,Elvillar / Bilar,PER_10000,Elvillar / Bilar,0.0
2023,,,ES48902,PER_10000,ES48902,8.8
2022,,,ES48902,PER_10000,ES48902,5.6
2021,,,ES48902,PER_10000,ES48902,4.8
2019,,,ES48902,PER_10000,ES48902,6.4
2020,,,ES48902,PER_10000,ES48902,6.4
2023,,,ES48033,PER_10000,ES48033,0.0
2019,,,ES48033,PER_10000,ES48033,0.0
2020,,,ES48033,PER_10000,ES48033,0.0
2022,,,ES48033,PER_10000,ES48033,0.0
2021,,,ES48033,PER_10000,ES48033,0.0
2019,,,ES48034,PER_10000,ES48034,1.2
2023,,,ES48034,PER_10000,ES48034,6.3
2020,,,ES48034,PER_10000,ES48034,1.2
2021,,,ES48034,PER_10000,ES48034,0.0
2022,,,ES48034,PER_10000,ES48034,3.8
2019,,,Errenteria,PER_10000,Errenteria,1.9
2020,,,Errenteria,PER_10000,Errenteria,2.4
2022,,,Errenteria,PER_10000,Errenteria,2.9
2023,,,Errenteria,PER_10000,Errenteria,5.9
2021,,,Errenteria,PER_10000,Errenteria,4.4
2023,,,Errezil,PER_10000,Errezil,0.0
2021,,,Errezil,PER_10000,Errezil,38.6
2022,,,Errezil,PER_10000,Errezil,0.0
2020,,,Errezil,PER_10000,Errezil,0.0
2019,,,Errezil,PER_10000,Errezil,0.0
2021,,,Erriberagoitia / Ribera Alta,PER_10000,Erriberagoitia / Ribera Alta,0.0
2022,,,Erriberagoitia / Ribera Alta,PER_10000,Erriberagoitia / Ribera Alta,0.0
2019,,,Erriberagoitia / Ribera Alta,PER_10000,Erriberagoitia / Ribera Alta,0.0
2020,,,Erriberagoitia / Ribera Alta,PER_10000,Erriberagoitia / Ribera Alta,0.0
2023,,,Erriberagoitia / Ribera Alta,PER_10000,Erriberagoitia / Ribera Alta,0.0
2023,,,ES48079,PER_10000,ES48079,0.0
2022,,,ES48079,PER_10000,ES48079,0.0
2019,,,ES48079,PER_10000,ES48079,0.0
2020,,,ES48079,PER_10000,ES48079,0.0
2021,,,ES48079,PER_10000,ES48079,0.0
2020,,,Eskoriatza,PER_10000,Eskoriatza,0.0
2019,,,Eskoriatza,PER_10000,Eskoriatza,0.0
2023,,,Eskoriatza,PER_10000,Eskoriatza,9.6
2022,,,Eskoriatza,PER_10000,Eskoriatza,4.8
2021,,,Eskoriatza,PER_10000,Eskoriatza,4.9
2020,,,ES48029,PER_10000,ES48029,1.7
2021,,,ES48029,PER_10000,ES48029,1.7
2023,,,ES48029,PER_10000,ES48029,15.1
2022,,,ES48029,PER_10000,ES48029,3.4
2019,,,ES48029,PER_10000,ES48029,0.0
2020,,,ES48030,PER_10000,ES48030,0.0
2019,,,ES48030,PER_10000,ES48030,0.0
2023,,,ES48030,PER_10000,ES48030,0.0
2022,,,ES48030,PER_10000,ES48030,0.0
2021,,,ES48030,PER_10000,ES48030,0.0
2020,,,Ezkio-Itsaso,PER_10000,Ezkio-Itsaso,34.0
2021,,,Ezkio-Itsaso,PER_10000,Ezkio-Itsaso,0.0
2022,,,Ezkio-Itsaso,PER_10000,Ezkio-Itsaso,0.0
2023,,,Ezkio-Itsaso,PER_10000,Ezkio-Itsaso,0.0
2019,,,Ezkio-Itsaso,PER_10000,Ezkio-Itsaso,0.0
2023,,,ES48906,PER_10000,ES48906,0.0
2020,,,ES48906,PER_10000,ES48906,0.0
2022,,,ES48906,PER_10000,ES48906,0.0
2019,,,ES48906,PER_10000,ES48906,0.0
2021,,,ES48906,PER_10000,ES48906,0.0
2021,,,ES48035,PER_10000,ES48035,0.0
2020,,,ES48035,PER_10000,ES48035,0.0
2022,,,ES48035,PER_10000,ES48035,0.0
2019,,,ES48035,PER_10000,ES48035,0.0
2023,,,ES48035,PER_10000,ES48035,0.0
2020,,,Gabiria,PER_10000,Gabiria,0.0
2019,,,Gabiria,PER_10000,Gabiria,0.0
2021,,,Gabiria,PER_10000,Gabiria,0.0
2023,,,Gabiria,PER_10000,Gabiria,0.0
2022,,,Gabiria,PER_10000,Gabiria,0.0
2022,,,Gaintza,PER_10000,Gaintza,0.0
2021,,,Gaintza,PER_10000,Gaintza,0.0
2020,,,Gaintza,PER_10000,Gaintza,0.0
2023,,,Gaintza,PER_10000,Gaintza,0.0
2019,,,Gaintza,PER_10000,Gaintza,0.0
2022,,,ES48036,PER_10000,ES48036,1.3
2019,,,ES48036,PER_10000,ES48036,0.7
2021,,,ES48036,PER_10000,ES48036,2.7
2023,,,ES48036,PER_10000,ES48036,5.4
2020,,,ES48036,PER_10000,ES48036,0.7
2021,,,ES48037,PER_10000,ES48037,0.0
2022,,,ES48037,PER_10000,ES48037,0.0
2019,,,ES48037,PER_10000,ES48037,0.0
2020,,,ES48037,PER_10000,ES48037,0.0
2023,,,ES48037,PER_10000,ES48037,0.0
2019,,,ES48038,PER_10000,ES48038,0.0
2023,,,ES48038,PER_10000,ES48038,14.6
2021,,,ES48038,PER_10000,ES48038,0.0
2020,,,ES48038,PER_10000,ES48038,0.0
2022,,,ES48038,PER_10000,ES48038,0.0
2019,,,ES48039,PER_10000,ES48039,0.0
2021,,,ES48039,PER_10000,ES48039,0.0
2023,,,ES48039,PER_10000,ES48039,0.0
2022,,,ES48039,PER_10000,ES48039,0.0
2020,,,ES48039,PER_10000,ES48039,0.0
2023,,,ES48040,PER_10000,ES48040,0.0
2022,,,ES48040,PER_10000,ES48040,0.0
2020,,,ES48040,PER_10000,ES48040,0.0
2021,,,ES48040,PER_10000,ES48040,0.0
2019,,,ES48040,PER_10000,ES48040,0.0
2022,,,ES48041,PER_10000,ES48041,0.0
2019,,,ES48041,PER_10000,ES48041,0.0
2021,,,ES48041,PER_10000,ES48041,0.0
2023,,,ES48041,PER_10000,ES48041,0.0
2020,,,ES48041,PER_10000,ES48041,0.0
2022,,,ES20907,PER_10000,ES20907,0.0
2020,,,ES20907,PER_10000,ES20907,0.0
2019,,,ES20907,PER_10000,ES20907,0.0
2021,,,ES20907,PER_10000,ES20907,0.0
2023,,,ES20907,PER_10000,ES20907,0.0
2021,,,ES48046,PER_10000,ES48046,4.6
2023,,,ES48046,PER_10000,ES48046,6.8
2019,,,ES48046,PER_10000,ES48046,2.3
2020,,,ES48046,PER_10000,ES48046,1.1
2022,,,ES48046,PER_10000,ES48046,2.3
2021,,,Getaria,PER_10000,Getaria,7.0
2022,,,Getaria,PER_10000,Getaria,0.0
2023,,,Getaria,PER_10000,Getaria,6.9
2019,,,Getaria,PER_10000,Getaria,0.0
2020,,,Getaria,PER_10000,Getaria,0.0
2020,,,ES48044,PER_10000,ES48044,2.7
2019,,,ES48044,PER_10000,ES48044,2.9
2021,,,ES48044,PER_10000,ES48044,1.5
2023,,,ES48044,PER_10000,ES48044,5.5
2022,,,ES48044,PER_10000,ES48044,2.2
2020,,,ES48047,PER_10000,ES48047,0.0
2021,,,ES48047,PER_10000,ES48047,0.0
2022,,,ES48047,PER_10000,ES48047,0.0
2019,,,ES48047,PER_10000,ES48047,0.0
2023,,,ES48047,PER_10000,ES48047,0.0
2023,,,ES48042,PER_10000,ES48042,0.0
2022,,,ES48042,PER_10000,ES48042,0.0
2020,,,ES48042,PER_10000,ES48042,24.2
2021,,,ES48042,PER_10000,ES48042,0.0
2019,,,ES48042,PER_10000,ES48042,0.0
2022,,,ES48043,PER_10000,ES48043,3.2
2020,,,ES48043,PER_10000,ES48043,6.5
2019,,,ES48043,PER_10000,ES48043,16.6
2021,,,ES48043,PER_10000,ES48043,0.0
2023,,,ES48043,PER_10000,ES48043,6.4
2020,,,ES48045,PER_10000,ES48045,8.9
2022,,,ES48045,PER_10000,ES48045,2.9
2019,,,ES48045,PER_10000,ES48045,5.9
2021,,,ES48045,PER_10000,ES48045,0.0
2023,,,ES48045,PER_10000,ES48045,5.8
2020,,,Harana / Valle de Arana,PER_10000,Harana / Valle de Arana,0.0
2021,,,Harana / Valle de Arana,PER_10000,Harana / Valle de Arana,0.0
2022,,,Harana / Valle de Arana,PER_10000,Harana / Valle de Arana,0.0
2023,,,Harana / Valle de Arana,PER_10000,Harana / Valle de Arana,0.0
2019,,,Harana / Valle de Arana,PER_10000,Harana / Valle de Arana,0.0
2023,,,Hernani,PER_10000,Hernani,4.8
2019,,,Hernani,PER_10000,Hernani,4.9
2021,,,Hernani,PER_10000,Hernani,2.9
2022,,,Hernani,PER_10000,Hernani,6.7
2020,,,Hernani,PER_10000,Hernani,10.6
2019,,,Hernialde,PER_10000,Hernialde,0.0
2022,,,Hernialde,PER_10000,Hernialde,0.0
2020,,,Hernialde,PER_10000,Hernialde,66.2
2021,,,Hernialde,PER_10000,Hernialde,0.0
2023,,,Hernialde,PER_10000,Hernialde,0.0
2019,,,Hondarribia,PER_10000,Hondarribia,7.0
2023,,,Hondarribia,PER_10000,Hondarribia,8.1
2022,,,Hondarribia,PER_10000,Hondarribia,3.5
2021,,,Hondarribia,PER_10000,Hondarribia,7.0
2020,,,Hondarribia,PER_10000,Hondarribia,1.2
2022,,,Ibarra,PER_10000,Ibarra,0.0
2019,,,Ibarra,PER_10000,Ibarra,0.0
2023,,,Ibarra,PER_10000,Ibarra,4.8
2021,,,Ibarra,PER_10000,Ibarra,4.8
2020,,,Ibarra,PER_10000,Ibarra,4.7
2020,,,ES48048,PER_10000,ES48048,0.0
2021,,,ES48048,PER_10000,ES48048,0.0
2019,,,ES48048,PER_10000,ES48048,65.8
2023,,,ES48048,PER_10000,ES48048,30.0
2022,,,ES48048,PER_10000,ES48048,0.0
2022,,,Idiazabal,PER_10000,Idiazabal,0.0
2020,,,Idiazabal,PER_10000,Idiazabal,0.0
2023,,,Idiazabal,PER_10000,Idiazabal,0.0
2019,,,Idiazabal,PER_10000,Idiazabal,0.0
2021,,,Idiazabal,PER_10000,Idiazabal,0.0
2020,,,ES48094,PER_10000,ES48094,4.6
2019,,,ES48094,PER_10000,ES48094,0.0
2023,,,ES48094,PER_10000,ES48094,9.3
2022,,,ES48094,PER_10000,ES48094,4.7
2021,,,ES48094,PER_10000,ES48094,4.7
2022,,,Ikaztegieta,PER_10000,Ikaztegieta,0.0
2020,,,Ikaztegieta,PER_10000,Ikaztegieta,0.0
2019,,,Ikaztegieta,PER_10000,Ikaztegieta,0.0
2023,,,Ikaztegieta,PER_10000,Ikaztegieta,0.0
2021,,,Ikaztegieta,PER_10000,Ikaztegieta,0.0
2021,,,Irun,PER_10000,Irun,8.4
2023,,,Irun,PER_10000,Irun,11.0
2019,,,Irun,PER_10000,Irun,4.5
2022,,,Irun,PER_10000,Irun,8.8
2020,,,Irun,PER_10000,Irun,3.9
2023,,,Iruña Oka / Iruña de Oca,PER_10000,Iruña Oka / Iruña de Oca,5.8
2021,,,Iruña Oka / Iruña de Oca,PER_10000,Iruña Oka / Iruña de Oca,0.0
2020,,,Iruña Oka / Iruña de Oca,PER_10000,Iruña Oka / Iruña de Oca,0.0
2022,,,Iruña Oka / Iruña de Oca,PER_10000,Iruña Oka / Iruña de Oca,5.9
2019,,,Iruña Oka / Iruña de Oca,PER_10000,Iruña Oka / Iruña de Oca,0.0
2022,,,Irura,PER_10000,Irura,11.1
2021,,,Irura,PER_10000,Irura,0.0
2019,,,Irura,PER_10000,Irura,0.0
2020,,,Irura,PER_10000,Irura,0.0
2023,,,Irura,PER_10000,Irura,0.0
2023,,,Iruraiz-Gauna,PER_10000,Iruraiz-Gauna,0.0
2021,,,Iruraiz-Gauna,PER_10000,Iruraiz-Gauna,0.0
2020,,,Iruraiz-Gauna,PER_10000,Iruraiz-Gauna,0.0
2022,,,Iruraiz-Gauna,PER_10000,Iruraiz-Gauna,0.0
2019,,,Iruraiz-Gauna,PER_10000,Iruraiz-Gauna,0.0
2019,,,ES48049,PER_10000,ES48049,0.0
2020,,,ES48049,PER_10000,ES48049,0.0
2023,,,ES48049,PER_10000,ES48049,0.0
2021,,,ES48049,PER_10000,ES48049,0.0
2022,,,ES48049,PER_10000,ES48049,0.0
2019,,,Itsasondo,PER_10000,Itsasondo,0.0
2022,,,Itsasondo,PER_10000,Itsasondo,30.4
2021,,,Itsasondo,PER_10000,Itsasondo,0.0
2023,,,Itsasondo,PER_10000,Itsasondo,0.0
2020,,,Itsasondo,PER_10000,Itsasondo,0.0
2020,,,ES48910,PER_10000,ES48910,0.0
2019,,,ES48910,PER_10000,ES48910,5.3
2021,,,ES48910,PER_10000,ES48910,5.3
2023,,,ES48910,PER_10000,ES48910,0.0
2022,,,ES48910,PER_10000,ES48910,10.8
2019,,,ES48050,PER_10000,ES48050,0.0
2021,,,ES48050,PER_10000,ES48050,0.0
2022,,,ES48050,PER_10000,ES48050,0.0
2020,,,ES48050,PER_10000,ES48050,0.0
2023,,,ES48050,PER_10000,ES48050,0.0
2021,,,ES48022,PER_10000,ES48022,0.0
2023,,,ES48022,PER_10000,ES48022,0.0
2020,,,ES48022,PER_10000,ES48022,0.0
2022,,,ES48022,PER_10000,ES48022,0.0
2019,,,ES48022,PER_10000,ES48022,0.0
2019,,,ES48907,PER_10000,ES48907,0.0
2022,,,ES48907,PER_10000,ES48907,0.0
2020,,,ES48907,PER_10000,ES48907,0.0
2023,,,ES48907,PER_10000,ES48907,0.0
2021,,,ES48907,PER_10000,ES48907,0.0
2020,,,Kripan,PER_10000,Kripan,0.0
2022,,,Kripan,PER_10000,Kripan,0.0
2023,,,Kripan,PER_10000,Kripan,0.0
2021,,,Kripan,PER_10000,Kripan,0.0
2019,,,Kripan,PER_10000,Kripan,0.0
2021,,,Kuartango,PER_10000,Kuartango,0.0
2023,,,Kuartango,PER_10000,Kuartango,0.0
2022,,,Kuartango,PER_10000,Kuartango,0.0
2020,,,Kuartango,PER_10000,Kuartango,0.0
2019,,,Kuartango,PER_10000,Kuartango,0.0
2022,,,Labastida / Bastida,PER_10000,Labastida / Bastida,0.0
2019,,,Labastida / Bastida,PER_10000,Labastida / Bastida,13.4
2020,,,Labastida / Bastida,PER_10000,Labastida / Bastida,0.0
2021,,,Labastida / Bastida,PER_10000,Labastida / Bastida,0.0
2023,,,Labastida / Bastida,PER_10000,Labastida / Bastida,12.7
2021,,,Lagrán,PER_10000,Lagrán,0.0
2023,,,Lagrán,PER_10000,Lagrán,0.0
2020,,,Lagrán,PER_10000,Lagrán,0.0
2019,,,Lagrán,PER_10000,Lagrán,0.0
2022,,,Lagrán,PER_10000,Lagrán,0.0
2019,,,Laguardia,PER_10000,Laguardia,0.0
2022,,,Laguardia,PER_10000,Laguardia,0.0
2021,,,Laguardia,PER_10000,Laguardia,0.0
2023,,,Laguardia,PER_10000,Laguardia,0.0
2020,,,Laguardia,PER_10000,Laguardia,0.0
2020,,,Lanciego / Lantziego,PER_10000,Lanciego / Lantziego,0.0
2019,,,Lanciego / Lantziego,PER_10000,Lanciego / Lantziego,0.0
2022,,,Lanciego / Lantziego,PER_10000,Lanciego / Lantziego,0.0
2023,,,Lanciego / Lantziego,PER_10000,Lanciego / Lantziego,0.0
2021,,,Lanciego / Lantziego,PER_10000,Lanciego / Lantziego,0.0
2019,,,ES48051,PER_10000,ES48051,0.0
2020,,,ES48051,PER_10000,ES48051,0.0
2021,,,ES48051,PER_10000,ES48051,0.0
2023,,,ES48051,PER_10000,ES48051,0.0
2022,,,ES48051,PER_10000,ES48051,0.0
2020,,,Lantarón,PER_10000,Lantarón,0.0
2019,,,Lantarón,PER_10000,Lantarón,0.0
2021,,,Lantarón,PER_10000,Lantarón,0.0
2023,,,Lantarón,PER_10000,Lantarón,0.0
2022,,,Lantarón,PER_10000,Lantarón,0.0
2021,,,Lapuebla de Labarca,PER_10000,Lapuebla de Labarca,23.8
2020,,,Lapuebla de Labarca,PER_10000,Lapuebla de Labarca,0.0
2023,,,Lapuebla de Labarca,PER_10000,Lapuebla de Labarca,0.0
2022,,,Lapuebla de Labarca,PER_10000,Lapuebla de Labarca,0.0
2019,,,Lapuebla de Labarca,PER_10000,Lapuebla de Labarca,0.0
2021,,,ES48052,PER_10000,ES48052,0.0
2022,,,ES48052,PER_10000,ES48052,0.0
2020,,,ES48052,PER_10000,ES48052,0.0
2023,,,ES48052,PER_10000,ES48052,0.0
2019,,,ES48052,PER_10000,ES48052,0.0
2021,,,Larraul,PER_10000,Larraul,0.0
2022,,,Larraul,PER_10000,Larraul,0.0
2023,,,Larraul,PER_10000,Larraul,0.0
2020,,,Larraul,PER_10000,Larraul,0.0
2019,,,Larraul,PER_10000,Larraul,0.0
2023,,,ES20902,PER_10000,ES20902,4.0
2019,,,ES20902,PER_10000,ES20902,2.1
2021,,,ES20902,PER_10000,ES20902,2.0
2020,,,ES20902,PER_10000,ES20902,6.1
2022,,,ES20902,PER_10000,ES20902,4.0
2023,,,Laudio / Llodio,PER_10000,Laudio / Llodio,4.3
2022,,,Laudio / Llodio,PER_10000,Laudio / Llodio,4.3
2021,,,Laudio / Llodio,PER_10000,Laudio / Llodio,2.2
2019,,,Laudio / Llodio,PER_10000,Laudio / Llodio,3.2
2020,,,Laudio / Llodio,PER_10000,Laudio / Llodio,4.3
2019,,,ES48053,PER_10000,ES48053,0.0
2021,,,ES48053,PER_10000,ES48053,0.0
2020,,,ES48053,PER_10000,ES48053,0.0
2023,,,ES48053,PER_10000,ES48053,0.0
2022,,,ES48053,PER_10000,ES48053,0.0
2019,,,Lazkao,PER_10000,Lazkao,3.6
2020,,,Lazkao,PER_10000,Lazkao,10.5
2022,,,Lazkao,PER_10000,Lazkao,3.4
2021,,,Lazkao,PER_10000,Lazkao,6.9
2023,,,Lazkao,PER_10000,Lazkao,3.4
2021,,,Leaburu,PER_10000,Leaburu,0.0
2022,,,Leaburu,PER_10000,Leaburu,0.0
2023,,,Leaburu,PER_10000,Leaburu,0.0
2019,,,Leaburu,PER_10000,Leaburu,0.0
2020,,,Leaburu,PER_10000,Leaburu,0.0
2021,,,Legazpi,PER_10000,Legazpi,4.8
2023,,,Legazpi,PER_10000,Legazpi,4.8
2022,,,Legazpi,PER_10000,Legazpi,0.0
2020,,,Legazpi,PER_10000,Legazpi,0.0
2019,,,Legazpi,PER_10000,Legazpi,0.0
2022,,,Legorreta,PER_10000,Legorreta,0.0
2019,,,Legorreta,PER_10000,Legorreta,0.0
2021,,,Legorreta,PER_10000,Legorreta,0.0
2023,,,Legorreta,PER_10000,Legorreta,0.0
2020,,,Legorreta,PER_10000,Legorreta,0.0
2022,,,Legutio,PER_10000,Legutio,10.4
2019,,,Legutio,PER_10000,Legutio,0.0
2020,,,Legutio,PER_10000,Legutio,0.0
2023,,,Legutio,PER_10000,Legutio,19.7
2021,,,Legutio,PER_10000,Legutio,0.0
2022,,,Leintz-Gatzaga,PER_10000,Leintz-Gatzaga,0.0
2023,,,Leintz-Gatzaga,PER_10000,Leintz-Gatzaga,0.0
2021,,,Leintz-Gatzaga,PER_10000,Leintz-Gatzaga,0.0
2019,,,Leintz-Gatzaga,PER_10000,Leintz-Gatzaga,0.0
2020,,,Leintz-Gatzaga,PER_10000,Leintz-Gatzaga,0.0
2019,,,ES48054,PER_10000,ES48054,1.2
2020,,,ES48054,PER_10000,ES48054,0.6
2023,,,ES48054,PER_10000,ES48054,1.8
2021,,,ES48054,PER_10000,ES48054,3.1
2022,,,ES48054,PER_10000,ES48054,4.2
2019,,,ES48057,PER_10000,ES48057,5.5
2023,,,ES48057,PER_10000,ES48057,8.3
2021,,,ES48057,PER_10000,ES48057,8.2
2020,,,ES48057,PER_10000,ES48057,2.7
2022,,,ES48057,PER_10000,ES48057,5.5
2023,,,ES48055,PER_10000,ES48055,0.0
2020,,,ES48055,PER_10000,ES48055,0.0
2019,,,ES48055,PER_10000,ES48055,0.0
2022,,,ES48055,PER_10000,ES48055,5.6
2021,,,ES48055,PER_10000,ES48055,0.0
2023,,,ES48056,PER_10000,ES48056,0.0
2022,,,ES48056,PER_10000,ES48056,0.0
2021,,,ES48056,PER_10000,ES48056,0.0
2020,,,ES48056,PER_10000,ES48056,0.0
2019,,,ES48056,PER_10000,ES48056,0.0
2020,,,Leza,PER_10000,Leza,90.1
2019,,,Leza,PER_10000,Leza,0.0
2022,,,Leza,PER_10000,Leza,0.0
2023,,,Leza,PER_10000,Leza,0.0
2021,,,Leza,PER_10000,Leza,0.0
2020,,,ES48081,PER_10000,ES48081,8.1
2021,,,ES48081,PER_10000,ES48081,0.0
2019,,,ES48081,PER_10000,ES48081,8.1
2023,,,ES48081,PER_10000,ES48081,24.9
2022,,,ES48081,PER_10000,ES48081,0.0
2023,,,Lezo,PER_10000,Lezo,0.0
2021,,,Lezo,PER_10000,Lezo,13.1
2019,,,Lezo,PER_10000,Lezo,0.0
2020,,,Lezo,PER_10000,Lezo,3.3
2022,,,Lezo,PER_10000,Lezo,0.0
2019,,,Lizartza,PER_10000,Lizartza,0.0
2021,,,Lizartza,PER_10000,Lizartza,0.0
2022,,,Lizartza,PER_10000,Lizartza,0.0
2023,,,Lizartza,PER_10000,Lizartza,0.0
2020,,,Lizartza,PER_10000,Lizartza,0.0
2023,,,ES48903,PER_10000,ES48903,0.0
2022,,,ES48903,PER_10000,ES48903,0.0
2021,,,ES48903,PER_10000,ES48903,0.0
2019,,,ES48903,PER_10000,ES48903,0.0
2020,,,ES48903,PER_10000,ES48903,9.0
2023,,,ES48058,PER_10000,ES48058,17.4
2020,,,ES48058,PER_10000,ES48058,0.0
2021,,,ES48058,PER_10000,ES48058,0.0
2019,,,ES48058,PER_10000,ES48058,0.0
2022,,,ES48058,PER_10000,ES48058,0.0
2022,,,ES48059,PER_10000,ES48059,0.0
2019,,,ES48059,PER_10000,ES48059,0.0
2023,,,ES48059,PER_10000,ES48059,0.0
2021,,,ES48059,PER_10000,ES48059,0.0
2020,,,ES48059,PER_10000,ES48059,0.0
2022,,,ES48060,PER_10000,ES48060,4.0
2019,,,ES48060,PER_10000,ES48060,8.2
2021,,,ES48060,PER_10000,ES48060,4.1
2020,,,ES48060,PER_10000,ES48060,0.0
2023,,,ES48060,PER_10000,ES48060,0.0
2020,,,ES48061,PER_10000,ES48061,0.0
2022,,,ES48061,PER_10000,ES48061,19.7
2021,,,ES48061,PER_10000,ES48061,0.0
2019,,,ES48061,PER_10000,ES48061,0.0
2023,,,ES48061,PER_10000,ES48061,0.0
2020,,,ES20901,PER_10000,ES20901,0.0
2022,,,ES20901,PER_10000,ES20901,0.0
2019,,,ES20901,PER_10000,ES20901,0.0
2021,,,ES20901,PER_10000,ES20901,0.0
2023,,,ES20901,PER_10000,ES20901,0.0
2020,,,ES48062,PER_10000,ES48062,0.0
2021,,,ES48062,PER_10000,ES48062,0.0
2019,,,ES48062,PER_10000,ES48062,0.0
2023,,,ES48062,PER_10000,ES48062,0.0
2022,,,ES48062,PER_10000,ES48062,0.0
2022,,,ES48063,PER_10000,ES48063,0.0
2020,,,ES48063,PER_10000,ES48063,0.0
2023,,,ES48063,PER_10000,ES48063,0.0
2021,,,ES48063,PER_10000,ES48063,0.0
2019,,,ES48063,PER_10000,ES48063,0.0
2021,,,ES48064,PER_10000,ES48064,0.0
2022,,,ES48064,PER_10000,ES48064,0.0
2020,,,ES48064,PER_10000,ES48064,0.0
2019,,,ES48064,PER_10000,ES48064,0.0
2023,,,ES48064,PER_10000,ES48064,0.0
2023,,,Moreda de Álava / Moreda Araba,PER_10000,Moreda de Álava / Moreda Araba,0.0
2022,,,Moreda de Álava / Moreda Araba,PER_10000,Moreda de Álava / Moreda Araba,0.0
2020,,,Moreda de Álava / Moreda Araba,PER_10000,Moreda de Álava / Moreda Araba,0.0
2021,,,Moreda de Álava / Moreda Araba,PER_10000,Moreda de Álava / Moreda Araba,0.0
2019,,,Moreda de Álava / Moreda Araba,PER_10000,Moreda de Álava / Moreda Araba,0.0
2019,,,ES48066,PER_10000,ES48066,0.0
2021,,,ES48066,PER_10000,ES48066,0.0
2022,,,ES48066,PER_10000,ES48066,0.0
2023,,,ES48066,PER_10000,ES48066,0.0
2020,,,ES48066,PER_10000,ES48066,0.0
2021,,,ES48068,PER_10000,ES48068,0.0
2019,,,ES48068,PER_10000,ES48068,0.0
2023,,,ES48068,PER_10000,ES48068,0.0
2022,,,ES48068,PER_10000,ES48068,0.0
2020,,,ES48068,PER_10000,ES48068,0.0
2021,,,ES48069,PER_10000,ES48069,1.1
2022,,,ES48069,PER_10000,ES48069,1.1
2020,,,ES48069,PER_10000,ES48069,1.1
2019,,,ES48069,PER_10000,ES48069,1.1
2023,,,ES48069,PER_10000,ES48069,5.5
2022,,,ES48007,PER_10000,ES48007,0.0
2020,,,ES48007,PER_10000,ES48007,0.0
2019,,,ES48007,PER_10000,ES48007,0.0
2021,,,ES48007,PER_10000,ES48007,0.0
2023,,,ES48007,PER_10000,ES48007,0.0
2019,,,ES48908,PER_10000,ES48908,0.0
2020,,,ES48908,PER_10000,ES48908,0.0
2022,,,ES48908,PER_10000,ES48908,0.0
2023,,,ES48908,PER_10000,ES48908,0.0
2021,,,ES48908,PER_10000,ES48908,0.0
2019,,,ES48071,PER_10000,ES48071,0.0
2021,,,ES48071,PER_10000,ES48071,5.4
2023,,,ES48071,PER_10000,ES48071,2.7
2020,,,ES48071,PER_10000,ES48071,5.3
2022,,,ES48071,PER_10000,ES48071,0.0
2019,,,Mutiloa,PER_10000,Mutiloa,0.0
2021,,,Mutiloa,PER_10000,Mutiloa,0.0
2023,,,Mutiloa,PER_10000,Mutiloa,0.0
2020,,,Mutiloa,PER_10000,Mutiloa,0.0
2022,,,Mutiloa,PER_10000,Mutiloa,0.0
2022,,,Mutriku,PER_10000,Mutriku,0.0
2020,,,Mutriku,PER_10000,Mutriku,0.0
2019,,,Mutriku,PER_10000,Mutriku,0.0
2021,,,Mutriku,PER_10000,Mutriku,0.0
2023,,,Mutriku,PER_10000,Mutriku,3.8
2023,,,ES48067,PER_10000,ES48067,14.1
2019,,,ES48067,PER_10000,ES48067,0.0
2022,,,ES48067,PER_10000,ES48067,0.0
2021,,,ES48067,PER_10000,ES48067,14.3
2020,,,ES48067,PER_10000,ES48067,0.0
2021,,,ES48909,PER_10000,ES48909,0.0
2019,,,ES48909,PER_10000,ES48909,0.0
2020,,,ES48909,PER_10000,ES48909,0.0
2023,,,ES48909,PER_10000,ES48909,0.0
2022,,,ES48909,PER_10000,ES48909,0.0
2023,,,Navaridas,PER_10000,Navaridas,0.0
2019,,,Navaridas,PER_10000,Navaridas,0.0
2020,,,Navaridas,PER_10000,Navaridas,0.0
2021,,,Navaridas,PER_10000,Navaridas,0.0
2022,,,Navaridas,PER_10000,Navaridas,0.0
2021,,,Oiartzun,PER_10000,Oiartzun,7.6
2022,,,Oiartzun,PER_10000,Oiartzun,5.7
2023,,,Oiartzun,PER_10000,Oiartzun,0.0
2020,,,Oiartzun,PER_10000,Oiartzun,3.8
2019,,,Oiartzun,PER_10000,Oiartzun,3.8
2019,,,Okondo,PER_10000,Okondo,0.0
2023,,,Okondo,PER_10000,Okondo,0.0
2020,,,Okondo,PER_10000,Okondo,0.0
2021,,,Okondo,PER_10000,Okondo,0.0
2022,,,Okondo,PER_10000,Okondo,0.0
2023,,,Olaberria,PER_10000,Olaberria,0.0
2021,,,Olaberria,PER_10000,Olaberria,0.0
2020,,,Olaberria,PER_10000,Olaberria,0.0
2019,,,Olaberria,PER_10000,Olaberria,0.0
2022,,,Olaberria,PER_10000,Olaberria,0.0
2022,,,ES48073,PER_10000,ES48073,2.4
2019,,,ES48073,PER_10000,ES48073,2.4
2021,,,ES48073,PER_10000,ES48073,0.0
2020,,,ES48073,PER_10000,ES48073,2.4
2023,,,ES48073,PER_10000,ES48073,12.1
2019,,,Oñati,PER_10000,Oñati,0.0
2023,,,Oñati,PER_10000,Oñati,3.4
2021,,,Oñati,PER_10000,Oñati,5.2
2020,,,Oñati,PER_10000,Oñati,1.7
2022,,,Oñati,PER_10000,Oñati,0.0
2020,,,Ordizia,PER_10000,Ordizia,2.0
2022,,,Ordizia,PER_10000,Ordizia,3.9
2019,,,Ordizia,PER_10000,Ordizia,2.0
2021,,,Ordizia,PER_10000,Ordizia,11.8
2023,,,Ordizia,PER_10000,Ordizia,3.9
2020,,,ES20905,PER_10000,ES20905,0.0
2022,,,ES20905,PER_10000,ES20905,0.0
2019,,,ES20905,PER_10000,ES20905,0.0
2021,,,ES20905,PER_10000,ES20905,0.0
2023,,,ES20905,PER_10000,ES20905,0.0
2023,,,Orexa,PER_10000,Orexa,0.0
2021,,,Orexa,PER_10000,Orexa,0.0
2019,,,Orexa,PER_10000,Orexa,0.0
2020,,,Orexa,PER_10000,Orexa,0.0
2022,,,Orexa,PER_10000,Orexa,0.0
2020,,,Orio,PER_10000,Orio,3.3
2022,,,Orio,PER_10000,Orio,9.9
2019,,,Orio,PER_10000,Orio,3.3
2021,,,Orio,PER_10000,Orio,0.0
2023,,,Orio,PER_10000,Orio,3.3
2020,,,Ormaiztegi,PER_10000,Ormaiztegi,0.0
2022,,,Ormaiztegi,PER_10000,Ormaiztegi,16.2
2023,,,Ormaiztegi,PER_10000,Ormaiztegi,0.0
2021,,,Ormaiztegi,PER_10000,Ormaiztegi,15.9
2019,,,Ormaiztegi,PER_10000,Ormaiztegi,0.0
2021,,,ES48075,PER_10000,ES48075,0.0
2019,,,ES48075,PER_10000,ES48075,0.0
2022,,,ES48075,PER_10000,ES48075,7.2
2020,,,ES48075,PER_10000,ES48075,0.0
2023,,,ES48075,PER_10000,ES48075,0.0
2020,,,ES48083,PER_10000,ES48083,0.0
2022,,,ES48083,PER_10000,ES48083,4.6
2019,,,ES48083,PER_10000,ES48083,0.0
2023,,,ES48083,PER_10000,ES48083,2.3
2021,,,ES48083,PER_10000,ES48083,4.6
2021,,,ES48072,PER_10000,ES48072,0.0
2022,,,ES48072,PER_10000,ES48072,0.0
2020,,,ES48072,PER_10000,ES48072,0.0
2019,,,ES48072,PER_10000,ES48072,0.0
2023,,,ES48072,PER_10000,ES48072,0.0
2023,,,Oyón-Oion,PER_10000,Oyón-Oion,0.0
2020,,,Oyón-Oion,PER_10000,Oyón-Oion,0.0
2019,,,Oyón-Oion,PER_10000,Oyón-Oion,5.8
2021,,,Oyón-Oion,PER_10000,Oyón-Oion,0.0
2021,,,Pasaia,PER_10000,Pasaia,1.2
2023,,,Pasaia,PER_10000,Pasaia,4.6
2020,,,Pasaia,PER_10000,Pasaia,0.0
2022,,,Pasaia,PER_10000,Pasaia,2.3
2019,,,Pasaia,PER_10000,Pasaia,1.2
2023,,,Peñacerrada-Urizaharra,PER_10000,Peñacerrada-Urizaharra,0.0
2022,,,Peñacerrada-Urizaharra,PER_10000,Peñacerrada-Urizaharra,0.0
2019,,,Peñacerrada-Urizaharra,PER_10000,Peñacerrada-Urizaharra,0.0
2020,,,Peñacerrada-Urizaharra,PER_10000,Peñacerrada-Urizaharra,0.0
2021,,,Peñacerrada-Urizaharra,PER_10000,Peñacerrada-Urizaharra,0.0
2021,,,ES48077,PER_10000,ES48077,4.3
2022,,,ES48077,PER_10000,ES48077,8.7
2020,,,ES48077,PER_10000,ES48077,0.0
2019,,,ES48077,PER_10000,ES48077,0.0
2023,,,ES48077,PER_10000,ES48077,4.4
2023,,,ES48078,PER_10000,ES48078,1.3
2020,,,ES48078,PER_10000,ES48078,2.9
2022,,,ES48078,PER_10000,ES48078,3.4
2021,,,ES48078,PER_10000,ES48078,3.0
2019,,,ES48078,PER_10000,ES48078,0.0
2023,,,Ribera Baja / Erriberabeitia,PER_10000,Ribera Baja / Erriberabeitia,0.0
2020,,,Ribera Baja / Erriberabeitia,PER_10000,Ribera Baja / Erriberabeitia,0.0
2019,,,Ribera Baja / Erriberabeitia,PER_10000,Ribera Baja / Erriberabeitia,0.0
2021,,,Ribera Baja / Erriberabeitia,PER_10000,Ribera Baja / Erriberabeitia,0.0
2022,,,Ribera Baja / Erriberabeitia,PER_10000,Ribera Baja / Erriberabeitia,0.0
2020,,,Samaniego,PER_10000,Samaniego,0.0
2023,,,Samaniego,PER_10000,Samaniego,0.0
2019,,,Samaniego,PER_10000,Samaniego,0.0
2021,,,Samaniego,PER_10000,Samaniego,0.0
2022,,,Samaniego,PER_10000,Samaniego,0.0
2021,,,San Millán / Donemiliaga,PER_10000,San Millán / Donemiliaga,60.6
2023,,,San Millán / Donemiliaga,PER_10000,San Millán / Donemiliaga,0.0
2020,,,San Millán / Donemiliaga,PER_10000,San Millán / Donemiliaga,0.0
2022,,,San Millán / Donemiliaga,PER_10000,San Millán / Donemiliaga,0.0
2019,,,San Millán / Donemiliaga,PER_10000,San Millán / Donemiliaga,0.0
2019,,,ES48082,PER_10000,ES48082,2.5
2023,,,ES48082,PER_10000,ES48082,5.0
2022,,,ES48082,PER_10000,ES48082,2.1
2021,,,ES48082,PER_10000,ES48082,4.2
2020,,,ES48082,PER_10000,ES48082,3.8
2022,,,Segura,PER_10000,Segura,0.0
2021,,,Segura,PER_10000,Segura,0.0
2023,,,Segura,PER_10000,Segura,0.0
2020,,,Segura,PER_10000,Segura,0.0
2019,,,Segura,PER_10000,Segura,0.0
2022,,,ES48084,PER_10000,ES48084,6.3
2020,,,ES48084,PER_10000,ES48084,0.7
2019,,,ES48084,PER_10000,ES48084,2.8
2023,,,ES48084,PER_10000,ES48084,2.1
2021,,,ES48084,PER_10000,ES48084,9.3
2021,,,ES48904,PER_10000,ES48904,4.3
2020,,,ES48904,PER_10000,ES48904,12.7
2023,,,ES48904,PER_10000,ES48904,12.7
2022,,,ES48904,PER_10000,ES48904,0.0
2019,,,ES48904,PER_10000,ES48904,0.0
2021,,,ES48085,PER_10000,ES48085,4.4
2020,,,ES48085,PER_10000,ES48085,4.5
2019,,,ES48085,PER_10000,ES48085,6.1
2023,,,ES48085,PER_10000,ES48085,2.9
2022,,,ES48085,PER_10000,ES48085,17.4
2019,,,ES48086,PER_10000,ES48086,0.0
2020,,,ES48086,PER_10000,ES48086,0.0
2023,,,ES48086,PER_10000,ES48086,0.0
2021,,,ES48086,PER_10000,ES48086,0.0
2022,,,ES48086,PER_10000,ES48086,7.3
2022,,,Soraluze-Placencia de las Armas,PER_10000,Soraluze-Placencia de las Armas,0.0
2020,,,Soraluze-Placencia de las Armas,PER_10000,Soraluze-Placencia de las Armas,5.2
2019,,,Soraluze-Placencia de las Armas,PER_10000,Soraluze-Placencia de las Armas,0.0
2021,,,Soraluze-Placencia de las Armas,PER_10000,Soraluze-Placencia de las Armas,5.3
2023,,,Soraluze-Placencia de las Armas,PER_10000,Soraluze-Placencia de las Armas,5.5
2021,,,ES48076,PER_10000,ES48076,0.0
2020,,,ES48076,PER_10000,ES48076,0.0
2019,,,ES48076,PER_10000,ES48076,0.0
2023,,,ES48076,PER_10000,ES48076,0.0
2022,,,ES48076,PER_10000,ES48076,0.0
2022,,,Tolosa,PER_10000,Tolosa,7.8
2021,,,Tolosa,PER_10000,Tolosa,3.0
2023,,,Tolosa,PER_10000,Tolosa,4.9
2019,,,Tolosa,PER_10000,Tolosa,3.0
2020,,,Tolosa,PER_10000,Tolosa,9.9
2022,,,ES48087,PER_10000,ES48087,0.0
2019,,,ES48087,PER_10000,ES48087,0.0
2023,,,ES48087,PER_10000,ES48087,0.0
2020,,,ES48087,PER_10000,ES48087,0.0
2021,,,ES48087,PER_10000,ES48087,0.0
2022,,,ES48088,PER_10000,ES48088,0.0
2021,,,ES48088,PER_10000,ES48088,0.0
2019,,,ES48088,PER_10000,ES48088,0.0
2020,,,ES48088,PER_10000,ES48088,0.0
2023,,,ES48088,PER_10000,ES48088,0.0
2022,,,ES48065,PER_10000,ES48065,19.7
2021,,,ES48065,PER_10000,ES48065,0.0
2020,,,ES48065,PER_10000,ES48065,4.9
2019,,,ES48065,PER_10000,ES48065,0.0
2023,,,ES48065,PER_10000,ES48065,14.7
2021,,,ES48089,PER_10000,ES48089,0.0
2020,,,ES48089,PER_10000,ES48089,0.0
2019,,,ES48089,PER_10000,ES48089,0.0
2023,,,ES48089,PER_10000,ES48089,0.0
2022,,,ES48089,PER_10000,ES48089,0.0
2023,,,ES48074,PER_10000,ES48074,25.2
2020,,,ES48074,PER_10000,ES48074,5.0
2019,,,ES48074,PER_10000,ES48074,0.0
2021,,,ES48074,PER_10000,ES48074,0.0
2022,,,ES48074,PER_10000,ES48074,5.0
2021,,,Urkabustaiz,PER_10000,Urkabustaiz,0.0
2023,,,Urkabustaiz,PER_10000,Urkabustaiz,0.0
2022,,,Urkabustaiz,PER_10000,Urkabustaiz,0.0
2019,,,Urkabustaiz,PER_10000,Urkabustaiz,0.0
2020,,,Urkabustaiz,PER_10000,Urkabustaiz,0.0
2019,,,Urnieta,PER_10000,Urnieta,6.4
2021,,,Urnieta,PER_10000,Urnieta,0.0
2022,,,Urnieta,PER_10000,Urnieta,0.0
2020,,,Urnieta,PER_10000,Urnieta,0.0
2023,,,Urnieta,PER_10000,Urnieta,3.2
2023,,,Urretxu,PER_10000,Urretxu,0.0
2019,,,Urretxu,PER_10000,Urretxu,0.0
2020,,,Urretxu,PER_10000,Urretxu,0.0
2022,,,Urretxu,PER_10000,Urretxu,0.0
2021,,,Urretxu,PER_10000,Urretxu,3.0
2022,,,Usurbil,PER_10000,Usurbil,0.0
2019,,,Usurbil,PER_10000,Usurbil,3.2
2021,,,Usurbil,PER_10000,Usurbil,0.0
2020,,,Usurbil,PER_10000,Usurbil,3.2
2023,,,Usurbil,PER_10000,Usurbil,9.4
2019,,,Valdegovía / Gaubea,PER_10000,Valdegovía / Gaubea,0.0
2021,,,Valdegovía / Gaubea,PER_10000,Valdegovía / Gaubea,0.0
2020,,,Valdegovía / Gaubea,PER_10000,Valdegovía / Gaubea,0.0
2022,,,Valdegovía / Gaubea,PER_10000,Valdegovía / Gaubea,0.0
2023,,,Valdegovía / Gaubea,PER_10000,Valdegovía / Gaubea,0.0
2022,,,ES48080,PER_10000,ES48080,4.9
2021,,,ES48080,PER_10000,ES48080,4.9
2020,,,ES48080,PER_10000,ES48080,6.5
2019,,,ES48080,PER_10000,ES48080,3.2
2023,,,ES48080,PER_10000,ES48080,4.9
2021,,,Villabona,PER_10000,Villabona,3.4
2020,,,Villabona,PER_10000,Villabona,0.0
2022,,,Villabona,PER_10000,Villabona,0.0
2023,,,Villabona,PER_10000,Villabona,0.0
2019,,,Villabona,PER_10000,Villabona,0.0
2022,,,Villabuena de Álava / Eskuernaga,PER_10000,Villabuena de Álava / Eskuernaga,0.0
2021,,,Villabuena de Álava / Eskuernaga,PER_10000,Villabuena de Álava / Eskuernaga,0.0
2019,,,Villabuena de Álava / Eskuernaga,PER_10000,Villabuena de Álava / Eskuernaga,0.0
2023,,,Villabuena de Álava / Eskuernaga,PER_10000,Villabuena de Álava / Eskuernaga,0.0
2020,,,Villabuena de Álava / Eskuernaga,PER_10000,Villabuena de Álava / Eskuernaga,0.0
2019,,,Vitoria-Gasteiz,PER_10000,Vitoria-Gasteiz,3.3
2021,,,Vitoria-Gasteiz,PER_10000,Vitoria-Gasteiz,3.2
2020,,,Vitoria-Gasteiz,PER_10000,Vitoria-Gasteiz,3.8
2022,,,Vitoria-Gasteiz,PER_10000,Vitoria-Gasteiz,5.0
2023,,,Vitoria-Gasteiz,PER_10000,Vitoria-Gasteiz,5.8
2022,,,Yécora / Iekora,PER_10000,Yécora / Iekora,0.0
2020,,,Yécora / Iekora,PER_10000,Yécora / Iekora,0.0
2023,,,Yécora / Iekora,PER_10000,Yécora / Iekora,0.0
2019,,,Yécora / Iekora,PER_10000,Yécora / Iekora,0.0
2021,,,Yécora / Iekora,PER_10000,Yécora / Iekora,0.0
2019,,,ES48095,PER_10000,ES48095,0.0
2023,,,ES48095,PER_10000,ES48095,6.7
2022,,,ES48095,PER_10000,ES48095,6.7
2021,,,ES48095,PER_10000,ES48095,0.0
2020,,,ES48095,PER_10000,ES48095,13.2
2022,,,Zaldibia,PER_10000,Zaldibia,0.0
2019,,,Zaldibia,PER_10000,Zaldibia,0.0
2021,,,Zaldibia,PER_10000,Zaldibia,0.0
2023,,,Zaldibia,PER_10000,Zaldibia,0.0
2020,,,Zaldibia,PER_10000,Zaldibia,0.0
2020,,,Zalduondo,PER_10000,Zalduondo,0.0
2021,,,Zalduondo,PER_10000,Zalduondo,0.0
2023,,,Zalduondo,PER_10000,Zalduondo,0.0
2022,,,Zalduondo,PER_10000,Zalduondo,0.0
2019,,,Zalduondo,PER_10000,Zalduondo,0.0
2022,,,ES48096,PER_10000,ES48096,2.4
2021,,,ES48096,PER_10000,ES48096,4.7
2020,,,ES48096,PER_10000,ES48096,2.3
2019,,,ES48096,PER_10000,ES48096,9.3
2023,,,ES48096,PER_10000,ES48096,7.1
2019,,,Zambrana,PER_10000,Zambrana,0.0
2020,,,Zambrana,PER_10000,Zambrana,0.0
2022,,,Zambrana,PER_10000,Zambrana,0.0
2021,,,Zambrana,PER_10000,Zambrana,0.0
2023,,,Zambrana,PER_10000,Zambrana,0.0
2019,,,ES48905,PER_10000,ES48905,18.1
2023,,,ES48905,PER_10000,ES48905,12.4
2021,,,ES48905,PER_10000,ES48905,18.6
2022,,,ES48905,PER_10000,ES48905,18.6
2020,,,ES48905,PER_10000,ES48905,18.3
2020,,,ES48097,PER_10000,ES48097,0.0
2021,,,ES48097,PER_10000,ES48097,0.0
2019,,,ES48097,PER_10000,ES48097,0.0
2023,,,ES48097,PER_10000,ES48097,0.0
2022,,,ES48097,PER_10000,ES48097,0.0
2021,,,Zarautz,PER_10000,Zarautz,5.0
2019,,,Zarautz,PER_10000,Zarautz,4.2
2023,,,Zarautz,PER_10000,Zarautz,4.2
2020,,,Zarautz,PER_10000,Zarautz,2.5
2022,,,Zarautz,PER_10000,Zarautz,3.4
2023,,,ES48024,PER_10000,ES48024,0.0
2019,,,ES48024,PER_10000,ES48024,16.6
2021,,,ES48024,PER_10000,ES48024,16.0
2020,,,ES48024,PER_10000,ES48024,0.0
2022,,,ES48024,PER_10000,ES48024,0.0
2020,,,ES48025,PER_10000,ES48025,0.0
2022,,,ES48025,PER_10000,ES48025,0.0
2019,,,ES48025,PER_10000,ES48025,0.0
2021,,,ES48025,PER_10000,ES48025,0.0
2023,,,ES48025,PER_10000,ES48025,0.0
2023,,,Zegama,PER_10000,Zegama,27.1
2019,,,Zegama,PER_10000,Zegama,0.0
2021,,,Zegama,PER_10000,Zegama,0.0
2022,,,Zegama,PER_10000,Zegama,0.0
2020,,,Zegama,PER_10000,Zegama,0.0
2021,,,Zerain,PER_10000,Zerain,0.0
2022,,,Zerain,PER_10000,Zerain,0.0
2020,,,Zerain,PER_10000,Zerain,0.0
2019,,,Zerain,PER_10000,Zerain,0.0
2023,,,Zerain,PER_10000,Zerain,0.0
2021,,,Zestoa,PER_10000,Zestoa,0.0
2020,,,Zestoa,PER_10000,Zestoa,5.5
2019,,,Zestoa,PER_10000,Zestoa,0.0
2023,,,Zestoa,PER_10000,Zestoa,0.0
2022,,,Zestoa,PER_10000,Zestoa,0.0
2019,,,ES48913,PER_10000,ES48913,0.0
2023,,,ES48913,PER_10000,ES48913,0.0
2022,,,ES48913,PER_10000,ES48913,0.0
2021,,,ES48913,PER_10000,ES48913,0.0
2020,,,ES48913,PER_10000,ES48913,0.0
2020,,,Zigoitia,PER_10000,Zigoitia,12.3
2021,,,Zigoitia,PER_10000,Zigoitia,0.0
2019,,,Zigoitia,PER_10000,Zigoitia,12.7
2022,,,Zigoitia,PER_10000,Zigoitia,0.0
2023,,,Zigoitia,PER_10000,Zigoitia,0.0
2021,,,ES48915,PER_10000,ES48915,0.0
2023,,,ES48915,PER_10000,ES48915,0.0
2022,,,ES48915,PER_10000,ES48915,0.0
2020,,,ES48915,PER_10000,ES48915,0.0
2019,,,ES48915,PER_10000,ES48915,0.0
2022,,,Zizurkil,PER_10000,Zizurkil,13.9
2021,,,Zizurkil,PER_10000,Zizurkil,6.9
2019,,,Zizurkil,PER_10000,Zizurkil,0.0
2020,,,Zizurkil,PER_10000,Zizurkil,13.5
2023,,,Zizurkil,PER_10000,Zizurkil,0.0
2020,,,Zuia,PER_10000,Zuia,0.0
2022,,,Zuia,PER_10000,Zuia,0.0
2021,,,Zuia,PER_10000,Zuia,0.0
2023,,,Zuia,PER_10000,Zuia,0.0
2019,,,Zuia,PER_10000,Zuia,0.0
2019,,,Zumaia,PER_10000,Zumaia,0.0
2021,,,Zumaia,PER_10000,Zumaia,9.9
2023,,,Zumaia,PER_10000,Zumaia,0.0
2020,,,Zumaia,PER_10000,Zumaia,2.0
2022,,,Zumaia,PER_10000,Zumaia,0.0
2020,,,Zumarraga,PER_10000,Zumarraga,0.0
2019,,,Zumarraga,PER_10000,Zumarraga,4.0
2021,,,Zumarraga,PER_10000,Zumarraga,4.1
2023,,,Zumarraga,PER_10000,Zumarraga,4.1
2022,,,Zumarraga,PER_10000,Zumarraga,8.3
2023,,Añana (eskualdea),,PER_10000,Añana (eskualdea),0.0
2022,,Añana (eskualdea),,PER_10000,Añana (eskualdea),0.0
2019,,Añana (eskualdea),,PER_10000,Añana (eskualdea),0.0
2021,,Añana (eskualdea),,PER_10000,Añana (eskualdea),0.0
2020,,Añana (eskualdea),,PER_10000,Añana (eskualdea),0.0
2020,,Arabako Errioxa / Rioja Alavesa,,PER_10000,Arabako Errioxa / Rioja Alavesa,1.8
2023,,Arabako Errioxa / Rioja Alavesa,,PER_10000,Arabako Errioxa / Rioja Alavesa,1.8
2022,,Arabako Errioxa / Rioja Alavesa,,PER_10000,Arabako Errioxa / Rioja Alavesa,1.8
2019,,Arabako Errioxa / Rioja Alavesa,,PER_10000,Arabako Errioxa / Rioja Alavesa,3.6
2021,,Arabako Errioxa / Rioja Alavesa,,PER_10000,Arabako Errioxa / Rioja Alavesa,1.8
2021,,Arabako Kantaurialdea / Cantábrica Alavesa,,PER_10000,Arabako Kantaurialdea / Cantábrica Alavesa,2.3
2020,,Arabako Kantaurialdea / Cantábrica Alavesa,,PER_10000,Arabako Kantaurialdea / Cantábrica Alavesa,2.8
2023,,Arabako Kantaurialdea / Cantábrica Alavesa,,PER_10000,Arabako Kantaurialdea / Cantábrica Alavesa,4.0
2019,,Arabako Kantaurialdea / Cantábrica Alavesa,,PER_10000,Arabako Kantaurialdea / Cantábrica Alavesa,2.8
2022,,Arabako Kantaurialdea / Cantábrica Alavesa,,PER_10000,Arabako Kantaurialdea / Cantábrica Alavesa,5.1
2021,,Arabako Lautada / Llanada Alavesa,,PER_10000,Arabako Lautada / Llanada Alavesa,3.4
2019,,Arabako Lautada / Llanada Alavesa,,PER_10000,Arabako Lautada / Llanada Alavesa,3.1
2023,,Arabako Lautada / Llanada Alavesa,,PER_10000,Arabako Lautada / Llanada Alavesa,5.8
2020,,Arabako Lautada / Llanada Alavesa,,PER_10000,Arabako Lautada / Llanada Alavesa,3.8
2022,,Arabako Lautada / Llanada Alavesa,,PER_10000,Arabako Lautada / Llanada Alavesa,4.8
2020,,Arabako Mendialdea / Montaña Alavesa,,PER_10000,Arabako Mendialdea / Montaña Alavesa,0.0
2021,,Arabako Mendialdea / Montaña Alavesa,,PER_10000,Arabako Mendialdea / Montaña Alavesa,0.0
2022,,Arabako Mendialdea / Montaña Alavesa,,PER_10000,Arabako Mendialdea / Montaña Alavesa,0.0
2019,,Arabako Mendialdea / Montaña Alavesa,,PER_10000,Arabako Mendialdea / Montaña Alavesa,0.0
2023,,Arabako Mendialdea / Montaña Alavesa,,PER_10000,Arabako Mendialdea / Montaña Alavesa,7.0
2023,,Arratia Nerbioi / Arratia-Nervión,,PER_10000,Arratia Nerbioi / Arratia-Nervión,10.0
2021,,Arratia Nerbioi / Arratia-Nervión,,PER_10000,Arratia Nerbioi / Arratia-Nervión,1.7
2019,,Arratia Nerbioi / Arratia-Nervión,,PER_10000,Arratia Nerbioi / Arratia-Nervión,1.7
2020,,Arratia Nerbioi / Arratia-Nervión,,PER_10000,Arratia Nerbioi / Arratia-Nervión,2.5
2022,,Arratia Nerbioi / Arratia-Nervión,,PER_10000,Arratia Nerbioi / Arratia-Nervión,6.7
2021,,Bidasoa Beherea / Bajo Bidasoa,,PER_10000,Bidasoa Beherea / Bajo Bidasoa,8.1
2023,,Bidasoa Beherea / Bajo Bidasoa,,PER_10000,Bidasoa Beherea / Bajo Bidasoa,10.4
2020,,Bidasoa Beherea / Bajo Bidasoa,,PER_10000,Bidasoa Beherea / Bajo Bidasoa,3.3
2019,,Bidasoa Beherea / Bajo Bidasoa,,PER_10000,Bidasoa Beherea / Bajo Bidasoa,5.1
2022,,Bidasoa Beherea / Bajo Bidasoa,,PER_10000,Bidasoa Beherea / Bajo Bidasoa,7.6
2023,,Bilbo Handia / Gran Bilbao,,PER_10000,Bilbo Handia / Gran Bilbao,5.6
2021,,Bilbo Handia / Gran Bilbao,,PER_10000,Bilbo Handia / Gran Bilbao,4.2
2020,,Bilbo Handia / Gran Bilbao,,PER_10000,Bilbo Handia / Gran Bilbao,3.0
2019,,Bilbo Handia / Gran Bilbao,,PER_10000,Bilbo Handia / Gran Bilbao,3.9
2022,,Bilbo Handia / Gran Bilbao,,PER_10000,Bilbo Handia / Gran Bilbao,4.8
2023,,Debabarrena / Bajo Deba,,PER_10000,Debabarrena / Bajo Deba,5.7
2021,,Debabarrena / Bajo Deba,,PER_10000,Debabarrena / Bajo Deba,3.6
2019,,Debabarrena / Bajo Deba,,PER_10000,Debabarrena / Bajo Deba,2.5
2020,,Debabarrena / Bajo Deba,,PER_10000,Debabarrena / Bajo Deba,3.2
2022,,Debabarrena / Bajo Deba,,PER_10000,Debabarrena / Bajo Deba,3.2
2022,,Debagoiena / Alto Deba,,PER_10000,Debagoiena / Alto Deba,3.2
2019,,Debagoiena / Alto Deba,,PER_10000,Debagoiena / Alto Deba,2.2
2020,,Debagoiena / Alto Deba,,PER_10000,Debagoiena / Alto Deba,2.2
2021,,Debagoiena / Alto Deba,,PER_10000,Debagoiena / Alto Deba,6.3
2023,,Debagoiena / Alto Deba,,PER_10000,Debagoiena / Alto Deba,6.6
2021,,Donostialdea,,PER_10000,Donostialdea,4.6
2022,,Donostialdea,,PER_10000,Donostialdea,5.0
2019,,Donostialdea,,PER_10000,Donostialdea,3.8
2020,,Donostialdea,,PER_10000,Donostialdea,3.4
2023,,Donostialdea,,PER_10000,Donostialdea,7.0
2023,,Durangaldea / Duranguesado,,PER_10000,Durangaldea / Duranguesado,4.5
2022,,Durangaldea / Duranguesado,,PER_10000,Durangaldea / Duranguesado,4.2
2020,,Durangaldea / Duranguesado,,PER_10000,Durangaldea / Duranguesado,1.6
2019,,Durangaldea / Duranguesado,,PER_10000,Durangaldea / Duranguesado,2.8
2021,,Durangaldea / Duranguesado,,PER_10000,Durangaldea / Duranguesado,2.2
2021,,Enkartazioak / Encartaciones,,PER_10000,Enkartazioak / Encartaciones,3.1
2019,,Enkartazioak / Encartaciones,,PER_10000,Enkartazioak / Encartaciones,3.7
2022,,Enkartazioak / Encartaciones,,PER_10000,Enkartazioak / Encartaciones,2.5
2020,,Enkartazioak / Encartaciones,,PER_10000,Enkartazioak / Encartaciones,4.9
2023,,Enkartazioak / Encartaciones,,PER_10000,Enkartazioak / Encartaciones,3.7
2019,,Gernika-Bermeo,,PER_10000,Gernika-Bermeo,3.0
2021,,Gernika-Bermeo,,PER_10000,Gernika-Bermeo,2.6
2020,,Gernika-Bermeo,,PER_10000,Gernika-Bermeo,1.3
2022,,Gernika-Bermeo,,PER_10000,Gernika-Bermeo,1.3
2023,,Gernika-Bermeo,,PER_10000,Gernika-Bermeo,5.5
2022,,Goierri,,PER_10000,Goierri,3.2
2019,,Goierri,,PER_10000,Goierri,2.6
2023,,Goierri,,PER_10000,Goierri,2.9
2021,,Goierri,,PER_10000,Goierri,4.4
2020,,Goierri,,PER_10000,Goierri,2.1
2019,,Gorbeialdea / Estribaciones del Gorbea,,PER_10000,Gorbeialdea / Estribaciones del Gorbea,4.8
2021,,Gorbeialdea / Estribaciones del Gorbea,,PER_10000,Gorbeialdea / Estribaciones del Gorbea,0.0
2020,,Gorbeialdea / Estribaciones del Gorbea,,PER_10000,Gorbeialdea / Estribaciones del Gorbea,2.4
2022,,Gorbeialdea / Estribaciones del Gorbea,,PER_10000,Gorbeialdea / Estribaciones del Gorbea,2.3
2023,,Gorbeialdea / Estribaciones del Gorbea,,PER_10000,Gorbeialdea / Estribaciones del Gorbea,4.5
2019,,Markina-Ondarroa,,PER_10000,Markina-Ondarroa,3.9
2022,,Markina-Ondarroa,,PER_10000,Markina-Ondarroa,3.1
2021,,Markina-Ondarroa,,PER_10000,Markina-Ondarroa,3.1
2020,,Markina-Ondarroa,,PER_10000,Markina-Ondarroa,1.5
2023,,Markina-Ondarroa,,PER_10000,Markina-Ondarroa,7.1
2022,,Plentzia-Mungia,,PER_10000,Plentzia-Mungia,2.0
2019,,Plentzia-Mungia,,PER_10000,Plentzia-Mungia,3.4
2023,,Plentzia-Mungia,,PER_10000,Plentzia-Mungia,3.9
2020,,Plentzia-Mungia,,PER_10000,Plentzia-Mungia,2.0
2021,,Plentzia-Mungia,,PER_10000,Plentzia-Mungia,2.3
2023,,Tolosaldea,,PER_10000,Tolosaldea,3.2
2022,,Tolosaldea,,PER_10000,Tolosaldea,7.2
2020,,Tolosaldea,,PER_10000,Tolosaldea,5.6
2021,,Tolosaldea,,PER_10000,Tolosaldea,2.4
2019,,Tolosaldea,,PER_10000,Tolosaldea,1.6
2023,,Urola Kosta,,PER_10000,Urola Kosta,2.9
2019,,Urola Kosta,,PER_10000,Urola Kosta,3.4
2021,,Urola Kosta,,PER_10000,Urola Kosta,3.6
2020,,Urola Kosta,,PER_10000,Urola Kosta,1.8
2022,,Urola Kosta,,PER_10000,Urola Kosta,3.4
2023,ES211,,,PER_10000,ES211,5.4
2021,ES211,,,PER_10000,ES211,3.1
2019,ES211,,,PER_10000,ES211,3.3
2022,ES211,,,PER_10000,ES211,4.6
2020,ES211,,,PER_10000,ES211,3.5
2023,ES213,,,PER_10000,ES213,5.5
2020,ES213,,,PER_10000,ES213,2.9
2022,ES213,,,PER_10000,ES213,4.6
2021,ES213,,,PER_10000,ES213,3.8
2019,ES213,,,PER_10000,ES213,4.0
2020,ES212,,,PER_10000,ES212,3.2
2022,ES212,,,PER_10000,ES212,4.6
2019,ES212,,,PER_10000,ES212,3.6
2023,ES212,,,PER_10000,ES212,6.2
2021,ES212,,,PER_10000,ES212,4.8
