Year,Lurralde historikoa,Eskualdea,Udalerria,Units,GeoCode,Value
2022,,,,10.000 biztanleko,,39.9
2020,,,,10.000 biztanleko,,33.7
2019,,,,10.000 biztanleko,,36.2
2021,,,,10.000 biztanleko,,34.3
2023,,,,10.000 biztanleko,,42.5
2023,,,Abadiño,10.000 biztanleko,Abadiño,20.3
2020,,,Abadiño,10.000 biztanleko,Abadiño,18.1
2022,,,Abadiño,10.000 biztanleko,Abadiño,23.1
2021,,,Abadiño,10.000 biztanleko,Abadiño,31.0
2019,,,Abadiño,10.000 biztanleko,Abadiño,28.4
2021,,,Abaltzisketa,10.000 biztanleko,Abaltzisketa,0.0
2019,,,Abaltzisketa,10.000 biztanleko,Abaltzisketa,0.0
2020,,,Abaltzisketa,10.000 biztanleko,Abaltzisketa,71.4
2023,,,Abaltzisketa,10.000 biztanleko,Abaltzisketa,0.0
2022,,,Abaltzisketa,10.000 biztanleko,Abaltzisketa,0.0
2022,,,Abanto y Ciérvana-Abanto Zierbena,10.000 biztanleko,Abanto y Ciérvana-Abanto Zierbena,53.2
2023,,,Abanto y Ciérvana-Abanto Zierbena,10.000 biztanleko,Abanto y Ciérvana-Abanto Zierbena,55.3
2020,,,Abanto y Ciérvana-Abanto Zierbena,10.000 biztanleko,Abanto y Ciérvana-Abanto Zierbena,50.3
2021,,,Abanto y Ciérvana-Abanto Zierbena,10.000 biztanleko,Abanto y Ciérvana-Abanto Zierbena,52.9
2019,,,Abanto y Ciérvana-Abanto Zierbena,10.000 biztanleko,Abanto y Ciérvana-Abanto Zierbena,33.4
2023,,,Aduna,10.000 biztanleko,Aduna,0.0
2019,,,Aduna,10.000 biztanleko,Aduna,0.0
2022,,,Aduna,10.000 biztanleko,Aduna,0.0
2021,,,Aduna,10.000 biztanleko,Aduna,0.0
2020,,,Aduna,10.000 biztanleko,Aduna,132.7
2021,,,Agurain / Salvatierra,10.000 biztanleko,Agurain / Salvatierra,19.4
2020,,,Agurain / Salvatierra,10.000 biztanleko,Agurain / Salvatierra,49.7
2022,,,Agurain / Salvatierra,10.000 biztanleko,Agurain / Salvatierra,31.1
2019,,,Agurain / Salvatierra,10.000 biztanleko,Agurain / Salvatierra,22.6
2023,,,Agurain / Salvatierra,10.000 biztanleko,Agurain / Salvatierra,57.9
2023,,,Aia,10.000 biztanleko,Aia,19.8
2022,,,Aia,10.000 biztanleko,Aia,0.0
2019,,,Aia,10.000 biztanleko,Aia,32.3
2021,,,Aia,10.000 biztanleko,Aia,0.0
2020,,,Aia,10.000 biztanleko,Aia,31.6
2023,,,Aizarnazabal,10.000 biztanleko,Aizarnazabal,0.0
2022,,,Aizarnazabal,10.000 biztanleko,Aizarnazabal,0.0
2020,,,Aizarnazabal,10.000 biztanleko,Aizarnazabal,0.0
2019,,,Aizarnazabal,10.000 biztanleko,Aizarnazabal,0.0
2021,,,Aizarnazabal,10.000 biztanleko,Aizarnazabal,26.2
2022,,,Ajangiz,10.000 biztanleko,Ajangiz,0.0
2019,,,Ajangiz,10.000 biztanleko,Ajangiz,0.0
2020,,,Ajangiz,10.000 biztanleko,Ajangiz,0.0
2021,,,Ajangiz,10.000 biztanleko,Ajangiz,0.0
2023,,,Ajangiz,10.000 biztanleko,Ajangiz,0.0
2022,,,Albiztur,10.000 biztanleko,Albiztur,0.0
2021,,,Albiztur,10.000 biztanleko,Albiztur,0.0
2019,,,Albiztur,10.000 biztanleko,Albiztur,0.0
2023,,,Albiztur,10.000 biztanleko,Albiztur,64.9
2020,,,Albiztur,10.000 biztanleko,Albiztur,0.0
2023,,,Alegia,10.000 biztanleko,Alegia,34.2
2019,,,Alegia,10.000 biztanleko,Alegia,46.8
2022,,,Alegia,10.000 biztanleko,Alegia,23.1
2020,,,Alegia,10.000 biztanleko,Alegia,23.0
2021,,,Alegia,10.000 biztanleko,Alegia,23.3
2022,,,Alegría-Dulantzi,10.000 biztanleko,Alegría-Dulantzi,51.4
2019,,,Alegría-Dulantzi,10.000 biztanleko,Alegría-Dulantzi,26.5
2023,,,Alegría-Dulantzi,10.000 biztanleko,Alegría-Dulantzi,26.0
2021,,,Alegría-Dulantzi,10.000 biztanleko,Alegría-Dulantzi,32.7
2020,,,Alegría-Dulantzi,10.000 biztanleko,Alegría-Dulantzi,39.5
2023,,,Alkiza,10.000 biztanleko,Alkiza,0.0
2022,,,Alkiza,10.000 biztanleko,Alkiza,0.0
2019,,,Alkiza,10.000 biztanleko,Alkiza,0.0
2021,,,Alkiza,10.000 biztanleko,Alkiza,0.0
2020,,,Alkiza,10.000 biztanleko,Alkiza,0.0
2021,,,Alonsotegi,10.000 biztanleko,Alonsotegi,59.4
2020,,,Alonsotegi,10.000 biztanleko,Alonsotegi,20.1
2023,,,Alonsotegi,10.000 biztanleko,Alonsotegi,19.9
2022,,,Alonsotegi,10.000 biztanleko,Alonsotegi,26.3
2019,,,Alonsotegi,10.000 biztanleko,Alonsotegi,53.9
2019,,,Altzaga,10.000 biztanleko,Altzaga,0.0
2021,,,Altzaga,10.000 biztanleko,Altzaga,0.0
2020,,,Altzaga,10.000 biztanleko,Altzaga,0.0
2022,,,Altzaga,10.000 biztanleko,Altzaga,0.0
2023,,,Altzaga,10.000 biztanleko,Altzaga,0.0
2023,,,Altzo,10.000 biztanleko,Altzo,0.0
2020,,,Altzo,10.000 biztanleko,Altzo,0.0
2022,,,Altzo,10.000 biztanleko,Altzo,0.0
2021,,,Altzo,10.000 biztanleko,Altzo,0.0
2019,,,Altzo,10.000 biztanleko,Altzo,0.0
2019,,,Amezketa,10.000 biztanleko,Amezketa,0.0
2021,,,Amezketa,10.000 biztanleko,Amezketa,22.3
2022,,,Amezketa,10.000 biztanleko,Amezketa,0.0
2020,,,Amezketa,10.000 biztanleko,Amezketa,22.5
2023,,,Amezketa,10.000 biztanleko,Amezketa,0.0
2020,,,Amorebieta-Etxano,10.000 biztanleko,Amorebieta-Etxano,25.8
2023,,,Amorebieta-Etxano,10.000 biztanleko,Amorebieta-Etxano,33.5
2022,,,Amorebieta-Etxano,10.000 biztanleko,Amorebieta-Etxano,40.8
2021,,,Amorebieta-Etxano,10.000 biztanleko,Amorebieta-Etxano,25.6
2019,,,Amorebieta-Etxano,10.000 biztanleko,Amorebieta-Etxano,26.0
2023,,,Amoroto,10.000 biztanleko,Amoroto,0.0
2022,,,Amoroto,10.000 biztanleko,Amoroto,0.0
2020,,,Amoroto,10.000 biztanleko,Amoroto,0.0
2019,,,Amoroto,10.000 biztanleko,Amoroto,48.1
2021,,,Amoroto,10.000 biztanleko,Amoroto,0.0
2020,,,Amurrio,10.000 biztanleko,Amurrio,30.3
2021,,,Amurrio,10.000 biztanleko,Amurrio,17.1
2022,,,Amurrio,10.000 biztanleko,Amurrio,32.3
2019,,,Amurrio,10.000 biztanleko,Amurrio,26.6
2023,,,Amurrio,10.000 biztanleko,Amurrio,36.1
2020,,,Andoain,10.000 biztanleko,Andoain,32.1
2023,,,Andoain,10.000 biztanleko,Andoain,39.2
2022,,,Andoain,10.000 biztanleko,Andoain,44.5
2019,,,Andoain,10.000 biztanleko,Andoain,30.7
2021,,,Andoain,10.000 biztanleko,Andoain,25.6
2019,,,Anoeta,10.000 biztanleko,Anoeta,10.2
2022,,,Anoeta,10.000 biztanleko,Anoeta,19.2
2020,,,Anoeta,10.000 biztanleko,Anoeta,29.9
2021,,,Anoeta,10.000 biztanleko,Anoeta,29.3
2023,,,Anoeta,10.000 biztanleko,Anoeta,9.7
2021,,,Antzuola,10.000 biztanleko,Antzuola,18.6
2020,,,Antzuola,10.000 biztanleko,Antzuola,18.5
2019,,,Antzuola,10.000 biztanleko,Antzuola,36.4
2023,,,Antzuola,10.000 biztanleko,Antzuola,18.5
2022,,,Antzuola,10.000 biztanleko,Antzuola,9.3
2021,,,Añana,10.000 biztanleko,Añana,0.0
2019,,,Añana,10.000 biztanleko,Añana,0.0
2023,,,Añana,10.000 biztanleko,Añana,0.0
2020,,,Añana,10.000 biztanleko,Añana,0.0
2022,,,Añana,10.000 biztanleko,Añana,0.0
2022,,,Arakaldo,10.000 biztanleko,Arakaldo,0.0
2020,,,Arakaldo,10.000 biztanleko,Arakaldo,0.0
2019,,,Arakaldo,10.000 biztanleko,Arakaldo,0.0
2023,,,Arakaldo,10.000 biztanleko,Arakaldo,0.0
2021,,,Arakaldo,10.000 biztanleko,Arakaldo,0.0
2023,,,Arama,10.000 biztanleko,Arama,0.0
2021,,,Arama,10.000 biztanleko,Arama,0.0
2020,,,Arama,10.000 biztanleko,Arama,0.0
2022,,,Arama,10.000 biztanleko,Arama,0.0
2019,,,Arama,10.000 biztanleko,Arama,0.0
2020,,,Aramaio,10.000 biztanleko,Aramaio,0.0
2022,,,Aramaio,10.000 biztanleko,Aramaio,0.0
2019,,,Aramaio,10.000 biztanleko,Aramaio,0.0
2021,,,Aramaio,10.000 biztanleko,Aramaio,14.0
2023,,,Aramaio,10.000 biztanleko,Aramaio,14.4
2023,,,Arantzazu,10.000 biztanleko,Arantzazu,152.3
2021,,,Arantzazu,10.000 biztanleko,Arantzazu,49.5
2022,,,Arantzazu,10.000 biztanleko,Arantzazu,0.0
2020,,,Arantzazu,10.000 biztanleko,Arantzazu,0.0
2019,,,Arantzazu,10.000 biztanleko,Arantzazu,161.3
2023,,,Areatza,10.000 biztanleko,Areatza,61.5
2019,,,Areatza,10.000 biztanleko,Areatza,63.9
2021,,,Areatza,10.000 biztanleko,Areatza,30.9
2022,,,Areatza,10.000 biztanleko,Areatza,31.3
2020,,,Areatza,10.000 biztanleko,Areatza,62.2
2021,,,Aretxabaleta,10.000 biztanleko,Aretxabaleta,16.9
2019,,,Aretxabaleta,10.000 biztanleko,Aretxabaleta,5.7
2022,,,Aretxabaleta,10.000 biztanleko,Aretxabaleta,25.2
2020,,,Aretxabaleta,10.000 biztanleko,Aretxabaleta,14.2
2023,,,Aretxabaleta,10.000 biztanleko,Aretxabaleta,16.6
2019,,,Armiñón,10.000 biztanleko,Armiñón,0.0
2021,,,Armiñón,10.000 biztanleko,Armiñón,0.0
2023,,,Armiñón,10.000 biztanleko,Armiñón,92.6
2020,,,Armiñón,10.000 biztanleko,Armiñón,0.0
2022,,,Armiñón,10.000 biztanleko,Armiñón,0.0
2022,,,Arraia-Maeztu,10.000 biztanleko,Arraia-Maeztu,0.0
2021,,,Arraia-Maeztu,10.000 biztanleko,Arraia-Maeztu,55.7
2019,,,Arraia-Maeztu,10.000 biztanleko,Arraia-Maeztu,31.1
2020,,,Arraia-Maeztu,10.000 biztanleko,Arraia-Maeztu,29.7
2023,,,Arraia-Maeztu,10.000 biztanleko,Arraia-Maeztu,26.5
2019,,,Arrankudiaga-Zollo,10.000 biztanleko,Arrankudiaga-Zollo,19.6
2020,,,Arrankudiaga-Zollo,10.000 biztanleko,Arrankudiaga-Zollo,0.0
2022,,,Arrankudiaga-Zollo,10.000 biztanleko,Arrankudiaga-Zollo,39.7
2023,,,Arrankudiaga-Zollo,10.000 biztanleko,Arrankudiaga-Zollo,39.7
2021,,,Arrankudiaga-Zollo,10.000 biztanleko,Arrankudiaga-Zollo,38.7
2022,,,Arrasate / Mondragón,10.000 biztanleko,Arrasate / Mondragón,44.4
2019,,,Arrasate / Mondragón,10.000 biztanleko,Arrasate / Mondragón,32.1
2021,,,Arrasate / Mondragón,10.000 biztanleko,Arrasate / Mondragón,27.1
2020,,,Arrasate / Mondragón,10.000 biztanleko,Arrasate / Mondragón,19.7
2023,,,Arrasate / Mondragón,10.000 biztanleko,Arrasate / Mondragón,50.5
2019,,,Arratzu,10.000 biztanleko,Arratzu,0.0
2022,,,Arratzu,10.000 biztanleko,Arratzu,0.0
2020,,,Arratzu,10.000 biztanleko,Arratzu,0.0
2021,,,Arratzu,10.000 biztanleko,Arratzu,0.0
2023,,,Arratzu,10.000 biztanleko,Arratzu,0.0
2022,,,Arratzua-Ubarrundia,10.000 biztanleko,Arratzua-Ubarrundia,59.9
2020,,,Arratzua-Ubarrundia,10.000 biztanleko,Arratzua-Ubarrundia,41.9
2019,,,Arratzua-Ubarrundia,10.000 biztanleko,Arratzua-Ubarrundia,21.4
2021,,,Arratzua-Ubarrundia,10.000 biztanleko,Arratzua-Ubarrundia,0.0
2023,,,Arratzua-Ubarrundia,10.000 biztanleko,Arratzua-Ubarrundia,19.6
2022,,,Arrieta,10.000 biztanleko,Arrieta,0.0
2019,,,Arrieta,10.000 biztanleko,Arrieta,0.0
2021,,,Arrieta,10.000 biztanleko,Arrieta,0.0
2023,,,Arrieta,10.000 biztanleko,Arrieta,0.0
2020,,,Arrieta,10.000 biztanleko,Arrieta,36.1
2019,,,Arrigorriaga,10.000 biztanleko,Arrigorriaga,21.2
2023,,,Arrigorriaga,10.000 biztanleko,Arrigorriaga,49.8
2022,,,Arrigorriaga,10.000 biztanleko,Arrigorriaga,36.6
2020,,,Arrigorriaga,10.000 biztanleko,Arrigorriaga,40.6
2021,,,Arrigorriaga,10.000 biztanleko,Arrigorriaga,36.1
2020,,,Artea,10.000 biztanleko,Artea,27.9
2021,,,Artea,10.000 biztanleko,Artea,0.0
2022,,,Artea,10.000 biztanleko,Artea,106.1
2023,,,Artea,10.000 biztanleko,Artea,79.6
2019,,,Artea,10.000 biztanleko,Artea,0.0
2019,,,Artzentales,10.000 biztanleko,Artzentales,30.5
2021,,,Artzentales,10.000 biztanleko,Artzentales,29.4
2020,,,Artzentales,10.000 biztanleko,Artzentales,0.0
2022,,,Artzentales,10.000 biztanleko,Artzentales,30.2
2023,,,Artzentales,10.000 biztanleko,Artzentales,59.2
2020,,,Artziniega,10.000 biztanleko,Artziniega,20.9
2023,,,Artziniega,10.000 biztanleko,Artziniega,176.7
2022,,,Artziniega,10.000 biztanleko,Artziniega,41.7
2021,,,Artziniega,10.000 biztanleko,Artziniega,10.6
2019,,,Artziniega,10.000 biztanleko,Artziniega,41.4
2023,,,Asparrena,10.000 biztanleko,Asparrena,61.1
2021,,,Asparrena,10.000 biztanleko,Asparrena,48.1
2020,,,Asparrena,10.000 biztanleko,Asparrena,73.7
2019,,,Asparrena,10.000 biztanleko,Asparrena,25.0
2022,,,Asparrena,10.000 biztanleko,Asparrena,36.8
2021,,,Asteasu,10.000 biztanleko,Asteasu,13.5
2019,,,Asteasu,10.000 biztanleko,Asteasu,52.3
2022,,,Asteasu,10.000 biztanleko,Asteasu,27.1
2020,,,Asteasu,10.000 biztanleko,Asteasu,13.2
2023,,,Asteasu,10.000 biztanleko,Asteasu,0.0
2021,,,Astigarraga,10.000 biztanleko,Astigarraga,25.5
2020,,,Astigarraga,10.000 biztanleko,Astigarraga,38.3
2023,,,Astigarraga,10.000 biztanleko,Astigarraga,45.3
2022,,,Astigarraga,10.000 biztanleko,Astigarraga,30.0
2019,,,Astigarraga,10.000 biztanleko,Astigarraga,37.5
2021,,,Ataun,10.000 biztanleko,Ataun,12.2
2020,,,Ataun,10.000 biztanleko,Ataun,47.9
2023,,,Ataun,10.000 biztanleko,Ataun,0.0
2019,,,Ataun,10.000 biztanleko,Ataun,23.8
2022,,,Ataun,10.000 biztanleko,Ataun,12.3
2022,,,Atxondo,10.000 biztanleko,Atxondo,28.9
2020,,,Atxondo,10.000 biztanleko,Atxondo,0.0
2019,,,Atxondo,10.000 biztanleko,Atxondo,14.2
2023,,,Atxondo,10.000 biztanleko,Atxondo,29.1
2021,,,Atxondo,10.000 biztanleko,Atxondo,14.6
2020,,,Aulesti,10.000 biztanleko,Aulesti,0.0
2022,,,Aulesti,10.000 biztanleko,Aulesti,0.0
2023,,,Aulesti,10.000 biztanleko,Aulesti,0.0
2019,,,Aulesti,10.000 biztanleko,Aulesti,0.0
2021,,,Aulesti,10.000 biztanleko,Aulesti,0.0
2022,,,Ayala / Aiara,10.000 biztanleko,Ayala / Aiara,20.9
2021,,,Ayala / Aiara,10.000 biztanleko,Ayala / Aiara,20.8
2020,,,Ayala / Aiara,10.000 biztanleko,Ayala / Aiara,0.0
2023,,,Ayala / Aiara,10.000 biztanleko,Ayala / Aiara,20.7
2019,,,Ayala / Aiara,10.000 biztanleko,Ayala / Aiara,20.6
2023,,,Azkoitia,10.000 biztanleko,Azkoitia,15.2
2022,,,Azkoitia,10.000 biztanleko,Azkoitia,27.1
2021,,,Azkoitia,10.000 biztanleko,Azkoitia,11.9
2020,,,Azkoitia,10.000 biztanleko,Azkoitia,27.1
2019,,,Azkoitia,10.000 biztanleko,Azkoitia,6.8
2021,,,Azpeitia,10.000 biztanleko,Azpeitia,17.2
2019,,,Azpeitia,10.000 biztanleko,Azpeitia,10.7
2022,,,Azpeitia,10.000 biztanleko,Azpeitia,9.2
2023,,,Azpeitia,10.000 biztanleko,Azpeitia,17.1
2020,,,Azpeitia,10.000 biztanleko,Azpeitia,18.5
2020,,,Bakio,10.000 biztanleko,Bakio,59.4
2022,,,Bakio,10.000 biztanleko,Bakio,56.2
2021,,,Bakio,10.000 biztanleko,Bakio,57.1
2023,,,Bakio,10.000 biztanleko,Bakio,49.4
2019,,,Bakio,10.000 biztanleko,Bakio,38.1
2019,,,Baliarrain,10.000 biztanleko,Baliarrain,0.0
2023,,,Baliarrain,10.000 biztanleko,Baliarrain,0.0
2020,,,Baliarrain,10.000 biztanleko,Baliarrain,0.0
2022,,,Baliarrain,10.000 biztanleko,Baliarrain,0.0
2021,,,Baliarrain,10.000 biztanleko,Baliarrain,0.0
2020,,,Balmaseda,10.000 biztanleko,Balmaseda,40.3
2021,,,Balmaseda,10.000 biztanleko,Balmaseda,35.0
2023,,,Balmaseda,10.000 biztanleko,Balmaseda,47.7
2019,,,Balmaseda,10.000 biztanleko,Balmaseda,33.1
2022,,,Balmaseda,10.000 biztanleko,Balmaseda,40.3
2023,,,Baños de Ebro / Mañueta,10.000 biztanleko,Baños de Ebro / Mañueta,0.0
2022,,,Baños de Ebro / Mañueta,10.000 biztanleko,Baños de Ebro / Mañueta,0.0
2021,,,Baños de Ebro / Mañueta,10.000 biztanleko,Baños de Ebro / Mañueta,73.0
2019,,,Baños de Ebro / Mañueta,10.000 biztanleko,Baños de Ebro / Mañueta,0.0
2020,,,Baños de Ebro / Mañueta,10.000 biztanleko,Baños de Ebro / Mañueta,146.0
2019,,,Barakaldo,10.000 biztanleko,Barakaldo,41.8
2023,,,Barakaldo,10.000 biztanleko,Barakaldo,60.0
2021,,,Barakaldo,10.000 biztanleko,Barakaldo,46.3
2020,,,Barakaldo,10.000 biztanleko,Barakaldo,40.0
2022,,,Barakaldo,10.000 biztanleko,Barakaldo,47.8
2022,,,Barrika,10.000 biztanleko,Barrika,39.0
2021,,,Barrika,10.000 biztanleko,Barrika,64.9
2019,,,Barrika,10.000 biztanleko,Barrika,0.0
2020,,,Barrika,10.000 biztanleko,Barrika,13.4
2023,,,Barrika,10.000 biztanleko,Barrika,25.7
2021,,,Barrundia,10.000 biztanleko,Barrundia,24.3
2023,,,Barrundia,10.000 biztanleko,Barrundia,0.0
2022,,,Barrundia,10.000 biztanleko,Barrundia,49.1
2019,,,Barrundia,10.000 biztanleko,Barrundia,23.9
2020,,,Barrundia,10.000 biztanleko,Barrundia,48.2
2019,,,Basauri,10.000 biztanleko,Basauri,41.6
2021,,,Basauri,10.000 biztanleko,Basauri,28.6
2023,,,Basauri,10.000 biztanleko,Basauri,40.6
2022,,,Basauri,10.000 biztanleko,Basauri,31.6
2020,,,Basauri,10.000 biztanleko,Basauri,34.0
2022,,,Beasain,10.000 biztanleko,Beasain,46.6
2020,,,Beasain,10.000 biztanleko,Beasain,21.8
2021,,,Beasain,10.000 biztanleko,Beasain,35.1
2019,,,Beasain,10.000 biztanleko,Beasain,20.4
2023,,,Beasain,10.000 biztanleko,Beasain,40.5
2019,,,Bedia,10.000 biztanleko,Bedia,17.7
2021,,,Bedia,10.000 biztanleko,Bedia,35.2
2020,,,Bedia,10.000 biztanleko,Bedia,0.0
2023,,,Bedia,10.000 biztanleko,Bedia,86.5
2022,,,Bedia,10.000 biztanleko,Bedia,0.0
2023,,,Beizama,10.000 biztanleko,Beizama,0.0
2021,,,Beizama,10.000 biztanleko,Beizama,0.0
2019,,,Beizama,10.000 biztanleko,Beizama,0.0
2020,,,Beizama,10.000 biztanleko,Beizama,0.0
2022,,,Beizama,10.000 biztanleko,Beizama,0.0
2023,,,Belauntza,10.000 biztanleko,Belauntza,67.6
2022,,,Belauntza,10.000 biztanleko,Belauntza,0.0
2019,,,Belauntza,10.000 biztanleko,Belauntza,0.0
2021,,,Belauntza,10.000 biztanleko,Belauntza,0.0
2020,,,Belauntza,10.000 biztanleko,Belauntza,0.0
2021,,,Berango,10.000 biztanleko,Berango,18.3
2020,,,Berango,10.000 biztanleko,Berango,21.2
2022,,,Berango,10.000 biztanleko,Berango,28.1
2023,,,Berango,10.000 biztanleko,Berango,15.2
2019,,,Berango,10.000 biztanleko,Berango,21.5
2023,,,Berantevilla,10.000 biztanleko,Berantevilla,0.0
2020,,,Berantevilla,10.000 biztanleko,Berantevilla,126.1
2021,,,Berantevilla,10.000 biztanleko,Berantevilla,43.1
2019,,,Berantevilla,10.000 biztanleko,Berantevilla,43.1
2022,,,Berantevilla,10.000 biztanleko,Berantevilla,0.0
2019,,,Berastegi,10.000 biztanleko,Berastegi,0.0
2021,,,Berastegi,10.000 biztanleko,Berastegi,0.0
2022,,,Berastegi,10.000 biztanleko,Berastegi,18.9
2020,,,Berastegi,10.000 biztanleko,Berastegi,0.0
2023,,,Berastegi,10.000 biztanleko,Berastegi,0.0
2023,,,Bergara,10.000 biztanleko,Bergara,32.3
2020,,,Bergara,10.000 biztanleko,Bergara,16.1
2019,,,Bergara,10.000 biztanleko,Bergara,23.9
2021,,,Bergara,10.000 biztanleko,Bergara,44.7
2022,,,Bergara,10.000 biztanleko,Bergara,44.6
2020,,,Bermeo,10.000 biztanleko,Bermeo,60.6
2019,,,Bermeo,10.000 biztanleko,Bermeo,43.1
2022,,,Bermeo,10.000 biztanleko,Bermeo,34.0
2023,,,Bermeo,10.000 biztanleko,Bermeo,54.5
2021,,,Bermeo,10.000 biztanleko,Bermeo,43.3
2023,,,Bernedo,10.000 biztanleko,Bernedo,45.0
2019,,,Bernedo,10.000 biztanleko,Bernedo,0.0
2021,,,Bernedo,10.000 biztanleko,Bernedo,0.0
2022,,,Bernedo,10.000 biztanleko,Bernedo,0.0
2020,,,Bernedo,10.000 biztanleko,Bernedo,0.0
2020,,,Berriatua,10.000 biztanleko,Berriatua,17.4
2022,,,Berriatua,10.000 biztanleko,Berriatua,17.9
2021,,,Berriatua,10.000 biztanleko,Berriatua,35.1
2019,,,Berriatua,10.000 biztanleko,Berriatua,0.0
2023,,,Berriatua,10.000 biztanleko,Berriatua,0.0
2019,,,Berriz,10.000 biztanleko,Berriz,21.4
2023,,,Berriz,10.000 biztanleko,Berriz,30.8
2020,,,Berriz,10.000 biztanleko,Berriz,34.9
2022,,,Berriz,10.000 biztanleko,Berriz,30.8
2021,,,Berriz,10.000 biztanleko,Berriz,8.8
2022,,,Berrobi,10.000 biztanleko,Berrobi,0.0
2019,,,Berrobi,10.000 biztanleko,Berrobi,33.6
2020,,,Berrobi,10.000 biztanleko,Berrobi,34.0
2023,,,Berrobi,10.000 biztanleko,Berrobi,35.6
2021,,,Berrobi,10.000 biztanleko,Berrobi,34.5
2020,,,Bidania-Goiatz,10.000 biztanleko,Bidania-Goiatz,38.0
2021,,,Bidania-Goiatz,10.000 biztanleko,Bidania-Goiatz,0.0
2022,,,Bidania-Goiatz,10.000 biztanleko,Bidania-Goiatz,0.0
2023,,,Bidania-Goiatz,10.000 biztanleko,Bidania-Goiatz,0.0
2019,,,Bidania-Goiatz,10.000 biztanleko,Bidania-Goiatz,0.0
2021,,,Bilbao,10.000 biztanleko,Bilbao,31.1
2023,,,Bilbao,10.000 biztanleko,Bilbao,41.8
2022,,,Bilbao,10.000 biztanleko,Bilbao,36.7
2019,,,Bilbao,10.000 biztanleko,Bilbao,39.0
2020,,,Bilbao,10.000 biztanleko,Bilbao,35.6
2019,,,Busturia,10.000 biztanleko,Busturia,48.9
2020,,,Busturia,10.000 biztanleko,Busturia,60.3
2022,,,Busturia,10.000 biztanleko,Busturia,11.8
2023,,,Busturia,10.000 biztanleko,Busturia,24.0
2021,,,Busturia,10.000 biztanleko,Busturia,35.5
2023,,,Campezo / Kanpezu,10.000 biztanleko,Campezo / Kanpezu,38.8
2020,,,Campezo / Kanpezu,10.000 biztanleko,Campezo / Kanpezu,0.0
2022,,,Campezo / Kanpezu,10.000 biztanleko,Campezo / Kanpezu,0.0
2021,,,Campezo / Kanpezu,10.000 biztanleko,Campezo / Kanpezu,0.0
2019,,,Campezo / Kanpezu,10.000 biztanleko,Campezo / Kanpezu,0.0
2019,,,Deba,10.000 biztanleko,Deba,7.4
2022,,,Deba,10.000 biztanleko,Deba,22.0
2023,,,Deba,10.000 biztanleko,Deba,33.0
2021,,,Deba,10.000 biztanleko,Deba,25.6
2020,,,Deba,10.000 biztanleko,Deba,11.0
2022,,,Derio,10.000 biztanleko,Derio,40.5
2021,,,Derio,10.000 biztanleko,Derio,27.7
2019,,,Derio,10.000 biztanleko,Derio,26.7
2023,,,Derio,10.000 biztanleko,Derio,66.4
2020,,,Derio,10.000 biztanleko,Derio,22.9
2021,,,Dima,10.000 biztanleko,Dima,28.1
2023,,,Dima,10.000 biztanleko,Dima,41.3
2020,,,Dima,10.000 biztanleko,Dima,69.7
2022,,,Dima,10.000 biztanleko,Dima,0.0
2019,,,Dima,10.000 biztanleko,Dima,14.1
2021,,,Donostia / San Sebastián,10.000 biztanleko,Donostia / San Sebastián,30.9
2019,,,Donostia / San Sebastián,10.000 biztanleko,Donostia / San Sebastián,38.1
2023,,,Donostia / San Sebastián,10.000 biztanleko,Donostia / San Sebastián,40.5
2022,,,Donostia / San Sebastián,10.000 biztanleko,Donostia / San Sebastián,40.7
2020,,,Donostia / San Sebastián,10.000 biztanleko,Donostia / San Sebastián,33.1
2019,,,Durango,10.000 biztanleko,Durango,31.4
2022,,,Durango,10.000 biztanleko,Durango,39.0
2020,,,Durango,10.000 biztanleko,Durango,27.2
2021,,,Durango,10.000 biztanleko,Durango,27.9
2023,,,Durango,10.000 biztanleko,Durango,35.8
2021,,,Ea,10.000 biztanleko,Ea,25.0
2023,,,Ea,10.000 biztanleko,Ea,0.0
2020,,,Ea,10.000 biztanleko,Ea,50.5
2019,,,Ea,10.000 biztanleko,Ea,25.2
2022,,,Ea,10.000 biztanleko,Ea,0.0
2020,,,Eibar,10.000 biztanleko,Eibar,41.2
2019,,,Eibar,10.000 biztanleko,Eibar,28.4
2022,,,Eibar,10.000 biztanleko,Eibar,64.7
2023,,,Eibar,10.000 biztanleko,Eibar,50.5
2021,,,Eibar,10.000 biztanleko,Eibar,43.7
2021,,,Elantxobe,10.000 biztanleko,Elantxobe,0.0
2019,,,Elantxobe,10.000 biztanleko,Elantxobe,56.8
2023,,,Elantxobe,10.000 biztanleko,Elantxobe,0.0
2022,,,Elantxobe,10.000 biztanleko,Elantxobe,0.0
2020,,,Elantxobe,10.000 biztanleko,Elantxobe,0.0
2021,,,Elburgo / Burgelu,10.000 biztanleko,Elburgo / Burgelu,0.0
2020,,,Elburgo / Burgelu,10.000 biztanleko,Elburgo / Burgelu,0.0
2022,,,Elburgo / Burgelu,10.000 biztanleko,Elburgo / Burgelu,64.7
2023,,,Elburgo / Burgelu,10.000 biztanleko,Elburgo / Burgelu,0.0
2019,,,Elburgo / Burgelu,10.000 biztanleko,Elburgo / Burgelu,0.0
2023,,,Elciego,10.000 biztanleko,Elciego,20.0
2019,,,Elciego,10.000 biztanleko,Elciego,18.8
2022,,,Elciego,10.000 biztanleko,Elciego,20.0
2020,,,Elciego,10.000 biztanleko,Elciego,0.0
2021,,,Elciego,10.000 biztanleko,Elciego,19.6
2021,,,Elduain,10.000 biztanleko,Elduain,82.6
2023,,,Elduain,10.000 biztanleko,Elduain,0.0
2022,,,Elduain,10.000 biztanleko,Elduain,80.0
2019,,,Elduain,10.000 biztanleko,Elduain,0.0
2020,,,Elduain,10.000 biztanleko,Elduain,166.7
2022,,,Elgeta,10.000 biztanleko,Elgeta,0.0
2021,,,Elgeta,10.000 biztanleko,Elgeta,0.0
2019,,,Elgeta,10.000 biztanleko,Elgeta,55.8
2023,,,Elgeta,10.000 biztanleko,Elgeta,18.5
2020,,,Elgeta,10.000 biztanleko,Elgeta,0.0
2019,,,Elgoibar,10.000 biztanleko,Elgoibar,27.4
2022,,,Elgoibar,10.000 biztanleko,Elgoibar,39.8
2020,,,Elgoibar,10.000 biztanleko,Elgoibar,34.4
2021,,,Elgoibar,10.000 biztanleko,Elgoibar,39.7
2023,,,Elgoibar,10.000 biztanleko,Elgoibar,32.7
2021,,,Elorrio,10.000 biztanleko,Elorrio,10.6
2020,,,Elorrio,10.000 biztanleko,Elorrio,13.2
2022,,,Elorrio,10.000 biztanleko,Elorrio,15.9
2023,,,Elorrio,10.000 biztanleko,Elorrio,37.0
2019,,,Elorrio,10.000 biztanleko,Elorrio,18.5
2021,,,Elvillar / Bilar,10.000 biztanleko,Elvillar / Bilar,0.0
2019,,,Elvillar / Bilar,10.000 biztanleko,Elvillar / Bilar,54.6
2020,,,Elvillar / Bilar,10.000 biztanleko,Elvillar / Bilar,55.9
2023,,,Elvillar / Bilar,10.000 biztanleko,Elvillar / Bilar,0.0
2022,,,Elvillar / Bilar,10.000 biztanleko,Elvillar / Bilar,57.5
2020,,,Erandio,10.000 biztanleko,Erandio,39.9
2019,,,Erandio,10.000 biztanleko,Erandio,75.5
2023,,,Erandio,10.000 biztanleko,Erandio,59.8
2022,,,Erandio,10.000 biztanleko,Erandio,66.7
2021,,,Erandio,10.000 biztanleko,Erandio,55.4
2021,,,Ereño,10.000 biztanleko,Ereño,0.0
2023,,,Ereño,10.000 biztanleko,Ereño,0.0
2022,,,Ereño,10.000 biztanleko,Ereño,80.6
2019,,,Ereño,10.000 biztanleko,Ereño,0.0
2020,,,Ereño,10.000 biztanleko,Ereño,0.0
2019,,,Ermua,10.000 biztanleko,Ermua,14.9
2020,,,Ermua,10.000 biztanleko,Ermua,18.7
2022,,,Ermua,10.000 biztanleko,Ermua,42.0
2021,,,Ermua,10.000 biztanleko,Ermua,31.6
2023,,,Ermua,10.000 biztanleko,Ermua,36.8
2023,,,Errenteria,10.000 biztanleko,Errenteria,47.5
2019,,,Errenteria,10.000 biztanleko,Errenteria,55.9
2021,,,Errenteria,10.000 biztanleko,Errenteria,59.5
2022,,,Errenteria,10.000 biztanleko,Errenteria,52.0
2020,,,Errenteria,10.000 biztanleko,Errenteria,37.6
2021,,,Errezil,10.000 biztanleko,Errezil,0.0
2022,,,Errezil,10.000 biztanleko,Errezil,0.0
2020,,,Errezil,10.000 biztanleko,Errezil,36.8
2023,,,Errezil,10.000 biztanleko,Errezil,0.0
2019,,,Errezil,10.000 biztanleko,Errezil,0.0
2022,,,Erriberagoitia / Ribera Alta,10.000 biztanleko,Erriberagoitia / Ribera Alta,0.0
2019,,,Erriberagoitia / Ribera Alta,10.000 biztanleko,Erriberagoitia / Ribera Alta,56.8
2020,,,Erriberagoitia / Ribera Alta,10.000 biztanleko,Erriberagoitia / Ribera Alta,27.1
2021,,,Erriberagoitia / Ribera Alta,10.000 biztanleko,Erriberagoitia / Ribera Alta,52.5
2023,,,Erriberagoitia / Ribera Alta,10.000 biztanleko,Erriberagoitia / Ribera Alta,0.0
2023,,,Errigoiti,10.000 biztanleko,Errigoiti,43.7
2022,,,Errigoiti,10.000 biztanleko,Errigoiti,43.9
2021,,,Errigoiti,10.000 biztanleko,Errigoiti,45.2
2019,,,Errigoiti,10.000 biztanleko,Errigoiti,45.0
2020,,,Errigoiti,10.000 biztanleko,Errigoiti,90.5
2022,,,Eskoriatza,10.000 biztanleko,Eskoriatza,43.5
2023,,,Eskoriatza,10.000 biztanleko,Eskoriatza,43.3
2019,,,Eskoriatza,10.000 biztanleko,Eskoriatza,14.7
2021,,,Eskoriatza,10.000 biztanleko,Eskoriatza,53.5
2020,,,Eskoriatza,10.000 biztanleko,Eskoriatza,4.9
2019,,,Etxebarri,10.000 biztanleko,Etxebarri,24.5
2022,,,Etxebarri,10.000 biztanleko,Etxebarri,25.3
2023,,,Etxebarri,10.000 biztanleko,Etxebarri,30.2
2021,,,Etxebarri,10.000 biztanleko,Etxebarri,24.0
2020,,,Etxebarri,10.000 biztanleko,Etxebarri,45.0
2019,,,Etxebarria,10.000 biztanleko,Etxebarria,26.0
2023,,,Etxebarria,10.000 biztanleko,Etxebarria,0.0
2020,,,Etxebarria,10.000 biztanleko,Etxebarria,27.3
2022,,,Etxebarria,10.000 biztanleko,Etxebarria,57.5
2021,,,Etxebarria,10.000 biztanleko,Etxebarria,0.0
2021,,,Ezkio-Itsaso,10.000 biztanleko,Ezkio-Itsaso,0.0
2019,,,Ezkio-Itsaso,10.000 biztanleko,Ezkio-Itsaso,0.0
2022,,,Ezkio-Itsaso,10.000 biztanleko,Ezkio-Itsaso,33.2
2020,,,Ezkio-Itsaso,10.000 biztanleko,Ezkio-Itsaso,0.0
2023,,,Ezkio-Itsaso,10.000 biztanleko,Ezkio-Itsaso,0.0
2023,,,Forua,10.000 biztanleko,Forua,0.0
2021,,,Forua,10.000 biztanleko,Forua,0.0
2020,,,Forua,10.000 biztanleko,Forua,21.6
2022,,,Forua,10.000 biztanleko,Forua,83.7
2019,,,Forua,10.000 biztanleko,Forua,0.0
2020,,,Fruiz,10.000 biztanleko,Fruiz,0.0
2022,,,Fruiz,10.000 biztanleko,Fruiz,70.7
2019,,,Fruiz,10.000 biztanleko,Fruiz,0.0
2021,,,Fruiz,10.000 biztanleko,Fruiz,0.0
2023,,,Fruiz,10.000 biztanleko,Fruiz,69.7
2022,,,Gabiria,10.000 biztanleko,Gabiria,0.0
2023,,,Gabiria,10.000 biztanleko,Gabiria,44.1
2020,,,Gabiria,10.000 biztanleko,Gabiria,0.0
2019,,,Gabiria,10.000 biztanleko,Gabiria,0.0
2021,,,Gabiria,10.000 biztanleko,Gabiria,0.0
2021,,,Gaintza,10.000 biztanleko,Gaintza,0.0
2020,,,Gaintza,10.000 biztanleko,Gaintza,0.0
2019,,,Gaintza,10.000 biztanleko,Gaintza,0.0
2022,,,Gaintza,10.000 biztanleko,Gaintza,0.0
2023,,,Gaintza,10.000 biztanleko,Gaintza,0.0
2023,,,Galdakao,10.000 biztanleko,Galdakao,33.4
2019,,,Galdakao,10.000 biztanleko,Galdakao,33.5
2020,,,Galdakao,10.000 biztanleko,Galdakao,30.2
2022,,,Galdakao,10.000 biztanleko,Galdakao,28.1
2021,,,Galdakao,10.000 biztanleko,Galdakao,28.8
2019,,,Galdames,10.000 biztanleko,Galdames,24.7
2022,,,Galdames,10.000 biztanleko,Galdames,102.0
2021,,,Galdames,10.000 biztanleko,Galdames,25.5
2020,,,Galdames,10.000 biztanleko,Galdames,0.0
2023,,,Galdames,10.000 biztanleko,Galdames,76.1
2019,,,Gamiz-Fika,10.000 biztanleko,Gamiz-Fika,14.1
2022,,,Gamiz-Fika,10.000 biztanleko,Gamiz-Fika,14.4
2020,,,Gamiz-Fika,10.000 biztanleko,Gamiz-Fika,14.4
2023,,,Gamiz-Fika,10.000 biztanleko,Gamiz-Fika,0.0
2021,,,Gamiz-Fika,10.000 biztanleko,Gamiz-Fika,0.0
2019,,,Garai,10.000 biztanleko,Garai,0.0
2023,,,Garai,10.000 biztanleko,Garai,0.0
2022,,,Garai,10.000 biztanleko,Garai,0.0
2020,,,Garai,10.000 biztanleko,Garai,0.0
2021,,,Garai,10.000 biztanleko,Garai,0.0
2022,,,Gatika,10.000 biztanleko,Gatika,12.2
2023,,,Gatika,10.000 biztanleko,Gatika,24.7
2021,,,Gatika,10.000 biztanleko,Gatika,0.0
2020,,,Gatika,10.000 biztanleko,Gatika,48.2
2019,,,Gatika,10.000 biztanleko,Gatika,12.1
2021,,,Gautegiz Arteaga,10.000 biztanleko,Gautegiz Arteaga,46.2
2022,,,Gautegiz Arteaga,10.000 biztanleko,Gautegiz Arteaga,0.0
2020,,,Gautegiz Arteaga,10.000 biztanleko,Gautegiz Arteaga,23.7
2023,,,Gautegiz Arteaga,10.000 biztanleko,Gautegiz Arteaga,44.7
2019,,,Gautegiz Arteaga,10.000 biztanleko,Gautegiz Arteaga,0.0
2021,,,Gaztelu,10.000 biztanleko,Gaztelu,0.0
2023,,,Gaztelu,10.000 biztanleko,Gaztelu,0.0
2019,,,Gaztelu,10.000 biztanleko,Gaztelu,0.0
2020,,,Gaztelu,10.000 biztanleko,Gaztelu,0.0
2022,,,Gaztelu,10.000 biztanleko,Gaztelu,0.0
2023,,,Gernika-Lumo,10.000 biztanleko,Gernika-Lumo,25.0
2022,,,Gernika-Lumo,10.000 biztanleko,Gernika-Lumo,34.3
2020,,,Gernika-Lumo,10.000 biztanleko,Gernika-Lumo,43.4
2019,,,Gernika-Lumo,10.000 biztanleko,Gernika-Lumo,48.1
2021,,,Gernika-Lumo,10.000 biztanleko,Gernika-Lumo,32.1
2020,,,Getaria,10.000 biztanleko,Getaria,14.2
2021,,,Getaria,10.000 biztanleko,Getaria,14.1
2022,,,Getaria,10.000 biztanleko,Getaria,41.9
2019,,,Getaria,10.000 biztanleko,Getaria,14.1
2023,,,Getaria,10.000 biztanleko,Getaria,13.9
2020,,,Getxo,10.000 biztanleko,Getxo,21.0
2023,,,Getxo,10.000 biztanleko,Getxo,27.4
2022,,,Getxo,10.000 biztanleko,Getxo,37.0
2019,,,Getxo,10.000 biztanleko,Getxo,29.2
2021,,,Getxo,10.000 biztanleko,Getxo,21.0
2021,,,Gizaburuaga,10.000 biztanleko,Gizaburuaga,0.0
2020,,,Gizaburuaga,10.000 biztanleko,Gizaburuaga,0.0
2019,,,Gizaburuaga,10.000 biztanleko,Gizaburuaga,103.1
2023,,,Gizaburuaga,10.000 biztanleko,Gizaburuaga,0.0
2022,,,Gizaburuaga,10.000 biztanleko,Gizaburuaga,204.1
2023,,,Gordexola,10.000 biztanleko,Gordexola,36.7
2019,,,Gordexola,10.000 biztanleko,Gordexola,12.1
2022,,,Gordexola,10.000 biztanleko,Gordexola,0.0
2021,,,Gordexola,10.000 biztanleko,Gordexola,24.3
2020,,,Gordexola,10.000 biztanleko,Gordexola,48.4
2021,,,Gorliz,10.000 biztanleko,Gorliz,48.5
2023,,,Gorliz,10.000 biztanleko,Gorliz,16.1
2019,,,Gorliz,10.000 biztanleko,Gorliz,3.3
2020,,,Gorliz,10.000 biztanleko,Gorliz,35.8
2022,,,Gorliz,10.000 biztanleko,Gorliz,41.7
2021,,,Güeñes,10.000 biztanleko,Güeñes,23.5
2019,,,Güeñes,10.000 biztanleko,Güeñes,26.6
2023,,,Güeñes,10.000 biztanleko,Güeñes,20.2
2020,,,Güeñes,10.000 biztanleko,Güeñes,23.6
2022,,,Güeñes,10.000 biztanleko,Güeñes,61.0
2023,,,Harana / Valle de Arana,10.000 biztanleko,Harana / Valle de Arana,0.0
2020,,,Harana / Valle de Arana,10.000 biztanleko,Harana / Valle de Arana,0.0
2019,,,Harana / Valle de Arana,10.000 biztanleko,Harana / Valle de Arana,0.0
2021,,,Harana / Valle de Arana,10.000 biztanleko,Harana / Valle de Arana,0.0
2022,,,Harana / Valle de Arana,10.000 biztanleko,Harana / Valle de Arana,202.0
2020,,,Hernani,10.000 biztanleko,Hernani,25.0
2021,,,Hernani,10.000 biztanleko,Hernani,39.1
2022,,,Hernani,10.000 biztanleko,Hernani,42.9
2023,,,Hernani,10.000 biztanleko,Hernani,39.3
2019,,,Hernani,10.000 biztanleko,Hernani,41.9
2022,,,Hernialde,10.000 biztanleko,Hernialde,0.0
2019,,,Hernialde,10.000 biztanleko,Hernialde,0.0
2020,,,Hernialde,10.000 biztanleko,Hernialde,66.2
2023,,,Hernialde,10.000 biztanleko,Hernialde,0.0
2021,,,Hernialde,10.000 biztanleko,Hernialde,0.0
2022,,,Hondarribia,10.000 biztanleko,Hondarribia,24.3
2020,,,Hondarribia,10.000 biztanleko,Hondarribia,25.7
2019,,,Hondarribia,10.000 biztanleko,Hondarribia,37.4
2021,,,Hondarribia,10.000 biztanleko,Hondarribia,17.4
2023,,,Hondarribia,10.000 biztanleko,Hondarribia,45.3
2021,,,Ibarra,10.000 biztanleko,Ibarra,19.1
2023,,,Ibarra,10.000 biztanleko,Ibarra,24.2
2022,,,Ibarra,10.000 biztanleko,Ibarra,62.7
2020,,,Ibarra,10.000 biztanleko,Ibarra,37.3
2019,,,Ibarra,10.000 biztanleko,Ibarra,27.6
2019,,,Ibarrangelu,10.000 biztanleko,Ibarrangelu,0.0
2023,,,Ibarrangelu,10.000 biztanleko,Ibarrangelu,0.0
2020,,,Ibarrangelu,10.000 biztanleko,Ibarrangelu,62.9
2022,,,Ibarrangelu,10.000 biztanleko,Ibarrangelu,0.0
2021,,,Ibarrangelu,10.000 biztanleko,Ibarrangelu,29.7
2019,,,Idiazabal,10.000 biztanleko,Idiazabal,0.0
2023,,,Idiazabal,10.000 biztanleko,Idiazabal,34.6
2021,,,Idiazabal,10.000 biztanleko,Idiazabal,26.2
2020,,,Idiazabal,10.000 biztanleko,Idiazabal,0.0
2022,,,Idiazabal,10.000 biztanleko,Idiazabal,17.4
2022,,,Igorre,10.000 biztanleko,Igorre,56.4
2021,,,Igorre,10.000 biztanleko,Igorre,23.3
2023,,,Igorre,10.000 biztanleko,Igorre,79.0
2019,,,Igorre,10.000 biztanleko,Igorre,27.9
2020,,,Igorre,10.000 biztanleko,Igorre,32.5
2023,,,Ikaztegieta,10.000 biztanleko,Ikaztegieta,0.0
2021,,,Ikaztegieta,10.000 biztanleko,Ikaztegieta,0.0
2019,,,Ikaztegieta,10.000 biztanleko,Ikaztegieta,0.0
2022,,,Ikaztegieta,10.000 biztanleko,Ikaztegieta,0.0
2020,,,Ikaztegieta,10.000 biztanleko,Ikaztegieta,0.0
2020,,,Irun,10.000 biztanleko,Irun,43.9
2021,,,Irun,10.000 biztanleko,Irun,51.8
2023,,,Irun,10.000 biztanleko,Irun,67.1
2022,,,Irun,10.000 biztanleko,Irun,63.2
2019,,,Irun,10.000 biztanleko,Irun,49.3
2022,,,Iruña Oka / Iruña de Oca,10.000 biztanleko,Iruña Oka / Iruña de Oca,64.4
2020,,,Iruña Oka / Iruña de Oca,10.000 biztanleko,Iruña Oka / Iruña de Oca,41.1
2019,,,Iruña Oka / Iruña de Oca,10.000 biztanleko,Iruña Oka / Iruña de Oca,29.2
2021,,,Iruña Oka / Iruña de Oca,10.000 biztanleko,Iruña Oka / Iruña de Oca,23.7
2023,,,Iruña Oka / Iruña de Oca,10.000 biztanleko,Iruña Oka / Iruña de Oca,63.7
2023,,,Irura,10.000 biztanleko,Irura,0.0
2022,,,Irura,10.000 biztanleko,Irura,22.3
2020,,,Irura,10.000 biztanleko,Irura,69.1
2019,,,Irura,10.000 biztanleko,Irura,11.5
2021,,,Irura,10.000 biztanleko,Irura,34.3
2021,,,Iruraiz-Gauna,10.000 biztanleko,Iruraiz-Gauna,0.0
2023,,,Iruraiz-Gauna,10.000 biztanleko,Iruraiz-Gauna,38.5
2020,,,Iruraiz-Gauna,10.000 biztanleko,Iruraiz-Gauna,0.0
2022,,,Iruraiz-Gauna,10.000 biztanleko,Iruraiz-Gauna,0.0
2019,,,Iruraiz-Gauna,10.000 biztanleko,Iruraiz-Gauna,0.0
2019,,,Ispaster,10.000 biztanleko,Ispaster,28.7
2023,,,Ispaster,10.000 biztanleko,Ispaster,0.0
2022,,,Ispaster,10.000 biztanleko,Ispaster,28.2
2020,,,Ispaster,10.000 biztanleko,Ispaster,0.0
2021,,,Ispaster,10.000 biztanleko,Ispaster,0.0
2023,,,Itsasondo,10.000 biztanleko,Itsasondo,0.0
2020,,,Itsasondo,10.000 biztanleko,Itsasondo,28.6
2021,,,Itsasondo,10.000 biztanleko,Itsasondo,0.0
2022,,,Itsasondo,10.000 biztanleko,Itsasondo,30.4
2019,,,Itsasondo,10.000 biztanleko,Itsasondo,82.6
2019,,,Iurreta,10.000 biztanleko,Iurreta,0.0
2020,,,Iurreta,10.000 biztanleko,Iurreta,31.7
2021,,,Iurreta,10.000 biztanleko,Iurreta,21.3
2022,,,Iurreta,10.000 biztanleko,Iurreta,26.9
2023,,,Iurreta,10.000 biztanleko,Iurreta,15.7
2023,,,Izurtza,10.000 biztanleko,Izurtza,0.0
2021,,,Izurtza,10.000 biztanleko,Izurtza,0.0
2020,,,Izurtza,10.000 biztanleko,Izurtza,0.0
2019,,,Izurtza,10.000 biztanleko,Izurtza,0.0
2022,,,Izurtza,10.000 biztanleko,Izurtza,224.7
2020,,,Karrantza Harana / Valle de Carranza,10.000 biztanleko,Karrantza Harana / Valle de Carranza,66.6
2022,,,Karrantza Harana / Valle de Carranza,10.000 biztanleko,Karrantza Harana / Valle de Carranza,15.1
2021,,,Karrantza Harana / Valle de Carranza,10.000 biztanleko,Karrantza Harana / Valle de Carranza,37.5
2023,,,Karrantza Harana / Valle de Carranza,10.000 biztanleko,Karrantza Harana / Valle de Carranza,7.7
2019,,,Karrantza Harana / Valle de Carranza,10.000 biztanleko,Karrantza Harana / Valle de Carranza,22.0
2020,,,Kortezubi,10.000 biztanleko,Kortezubi,0.0
2022,,,Kortezubi,10.000 biztanleko,Kortezubi,0.0
2021,,,Kortezubi,10.000 biztanleko,Kortezubi,0.0
2023,,,Kortezubi,10.000 biztanleko,Kortezubi,42.0
2019,,,Kortezubi,10.000 biztanleko,Kortezubi,0.0
2020,,,Kripan,10.000 biztanleko,Kripan,0.0
2019,,,Kripan,10.000 biztanleko,Kripan,0.0
2022,,,Kripan,10.000 biztanleko,Kripan,0.0
2021,,,Kripan,10.000 biztanleko,Kripan,0.0
2023,,,Kripan,10.000 biztanleko,Kripan,0.0
2020,,,Kuartango,10.000 biztanleko,Kuartango,0.0
2022,,,Kuartango,10.000 biztanleko,Kuartango,0.0
2019,,,Kuartango,10.000 biztanleko,Kuartango,0.0
2023,,,Kuartango,10.000 biztanleko,Kuartango,0.0
2021,,,Kuartango,10.000 biztanleko,Kuartango,58.5
2023,,,Labastida / Bastida,10.000 biztanleko,Labastida / Bastida,25.4
2019,,,Labastida / Bastida,10.000 biztanleko,Labastida / Bastida,26.8
2020,,,Labastida / Bastida,10.000 biztanleko,Labastida / Bastida,26.0
2022,,,Labastida / Bastida,10.000 biztanleko,Labastida / Bastida,25.6
2021,,,Labastida / Bastida,10.000 biztanleko,Labastida / Bastida,0.0
2021,,,Lagrán,10.000 biztanleko,Lagrán,0.0
2019,,,Lagrán,10.000 biztanleko,Lagrán,0.0
2020,,,Lagrán,10.000 biztanleko,Lagrán,0.0
2023,,,Lagrán,10.000 biztanleko,Lagrán,246.9
2022,,,Lagrán,10.000 biztanleko,Lagrán,0.0
2019,,,Laguardia,10.000 biztanleko,Laguardia,27.7
2021,,,Laguardia,10.000 biztanleko,Laguardia,13.9
2023,,,Laguardia,10.000 biztanleko,Laguardia,42.2
2020,,,Laguardia,10.000 biztanleko,Laguardia,14.0
2022,,,Laguardia,10.000 biztanleko,Laguardia,13.8
2022,,,Lanciego / Lantziego,10.000 biztanleko,Lanciego / Lantziego,0.0
2020,,,Lanciego / Lantziego,10.000 biztanleko,Lanciego / Lantziego,0.0
2023,,,Lanciego / Lantziego,10.000 biztanleko,Lanciego / Lantziego,26.9
2019,,,Lanciego / Lantziego,10.000 biztanleko,Lanciego / Lantziego,29.2
2021,,,Lanciego / Lantziego,10.000 biztanleko,Lanciego / Lantziego,28.4
2020,,,Lanestosa,10.000 biztanleko,Lanestosa,78.7
2019,,,Lanestosa,10.000 biztanleko,Lanestosa,0.0
2023,,,Lanestosa,10.000 biztanleko,Lanestosa,0.0
2022,,,Lanestosa,10.000 biztanleko,Lanestosa,155.0
2021,,,Lanestosa,10.000 biztanleko,Lanestosa,0.0
2019,,,Lantarón,10.000 biztanleko,Lantarón,48.4
2023,,,Lantarón,10.000 biztanleko,Lantarón,0.0
2020,,,Lantarón,10.000 biztanleko,Lantarón,0.0
2022,,,Lantarón,10.000 biztanleko,Lantarón,115.7
2021,,,Lantarón,10.000 biztanleko,Lantarón,71.3
2021,,,Lapuebla de Labarca,10.000 biztanleko,Lapuebla de Labarca,47.6
2019,,,Lapuebla de Labarca,10.000 biztanleko,Lapuebla de Labarca,46.8
2023,,,Lapuebla de Labarca,10.000 biztanleko,Lapuebla de Labarca,0.0
2022,,,Lapuebla de Labarca,10.000 biztanleko,Lapuebla de Labarca,23.7
2020,,,Lapuebla de Labarca,10.000 biztanleko,Lapuebla de Labarca,23.6
2021,,,Larrabetzu,10.000 biztanleko,Larrabetzu,9.4
2020,,,Larrabetzu,10.000 biztanleko,Larrabetzu,28.1
2023,,,Larrabetzu,10.000 biztanleko,Larrabetzu,37.5
2019,,,Larrabetzu,10.000 biztanleko,Larrabetzu,0.0
2022,,,Larrabetzu,10.000 biztanleko,Larrabetzu,0.0
2020,,,Larraul,10.000 biztanleko,Larraul,0.0
2023,,,Larraul,10.000 biztanleko,Larraul,0.0
2022,,,Larraul,10.000 biztanleko,Larraul,0.0
2021,,,Larraul,10.000 biztanleko,Larraul,90.1
2019,,,Larraul,10.000 biztanleko,Larraul,0.0
2022,,,Lasarte-Oria,10.000 biztanleko,Lasarte-Oria,37.2
2020,,,Lasarte-Oria,10.000 biztanleko,Lasarte-Oria,37.8
2019,,,Lasarte-Oria,10.000 biztanleko,Lasarte-Oria,33.1
2021,,,Lasarte-Oria,10.000 biztanleko,Lasarte-Oria,23.3
2023,,,Lasarte-Oria,10.000 biztanleko,Lasarte-Oria,36.8
2021,,,Laudio / Llodio,10.000 biztanleko,Laudio / Llodio,32.3
2023,,,Laudio / Llodio,10.000 biztanleko,Laudio / Llodio,31.1
2019,,,Laudio / Llodio,10.000 biztanleko,Laudio / Llodio,26.5
2022,,,Laudio / Llodio,10.000 biztanleko,Laudio / Llodio,51.6
2020,,,Laudio / Llodio,10.000 biztanleko,Laudio / Llodio,19.2
2022,,,Laukiz,10.000 biztanleko,Laukiz,0.0
2019,,,Laukiz,10.000 biztanleko,Laukiz,0.0
2020,,,Laukiz,10.000 biztanleko,Laukiz,15.6
2023,,,Laukiz,10.000 biztanleko,Laukiz,15.6
2021,,,Laukiz,10.000 biztanleko,Laukiz,15.5
2020,,,Lazkao,10.000 biztanleko,Lazkao,24.4
2022,,,Lazkao,10.000 biztanleko,Lazkao,27.6
2019,,,Lazkao,10.000 biztanleko,Lazkao,14.3
2023,,,Lazkao,10.000 biztanleko,Lazkao,41.0
2021,,,Lazkao,10.000 biztanleko,Lazkao,20.7
2023,,,Leaburu,10.000 biztanleko,Leaburu,0.0
2021,,,Leaburu,10.000 biztanleko,Leaburu,0.0
2019,,,Leaburu,10.000 biztanleko,Leaburu,0.0
2022,,,Leaburu,10.000 biztanleko,Leaburu,0.0
2020,,,Leaburu,10.000 biztanleko,Leaburu,0.0
2023,,,Legazpi,10.000 biztanleko,Legazpi,31.3
2020,,,Legazpi,10.000 biztanleko,Legazpi,28.9
2022,,,Legazpi,10.000 biztanleko,Legazpi,21.9
2021,,,Legazpi,10.000 biztanleko,Legazpi,21.8
2019,,,Legazpi,10.000 biztanleko,Legazpi,24.0
2021,,,Legorreta,10.000 biztanleko,Legorreta,27.5
2023,,,Legorreta,10.000 biztanleko,Legorreta,95.6
2020,,,Legorreta,10.000 biztanleko,Legorreta,27.6
2022,,,Legorreta,10.000 biztanleko,Legorreta,41.3
2019,,,Legorreta,10.000 biztanleko,Legorreta,27.7
2019,,,Legutio,10.000 biztanleko,Legutio,46.3
2023,,,Legutio,10.000 biztanleko,Legutio,39.4
2020,,,Legutio,10.000 biztanleko,Legutio,44.2
2022,,,Legutio,10.000 biztanleko,Legutio,31.1
2021,,,Legutio,10.000 biztanleko,Legutio,74.0
2020,,,Leintz-Gatzaga,10.000 biztanleko,Leintz-Gatzaga,0.0
2022,,,Leintz-Gatzaga,10.000 biztanleko,Leintz-Gatzaga,0.0
2021,,,Leintz-Gatzaga,10.000 biztanleko,Leintz-Gatzaga,0.0
2019,,,Leintz-Gatzaga,10.000 biztanleko,Leintz-Gatzaga,0.0
2023,,,Leintz-Gatzaga,10.000 biztanleko,Leintz-Gatzaga,0.0
2019,,,Leioa,10.000 biztanleko,Leioa,41.6
2022,,,Leioa,10.000 biztanleko,Leioa,43.0
2023,,,Leioa,10.000 biztanleko,Leioa,34.3
2020,,,Leioa,10.000 biztanleko,Leioa,36.8
2021,,,Leioa,10.000 biztanleko,Leioa,37.8
2022,,,Lekeitio,10.000 biztanleko,Lekeitio,13.9
2020,,,Lekeitio,10.000 biztanleko,Lekeitio,19.1
2019,,,Lekeitio,10.000 biztanleko,Lekeitio,16.4
2023,,,Lekeitio,10.000 biztanleko,Lekeitio,27.7
2021,,,Lekeitio,10.000 biztanleko,Lekeitio,16.4
2022,,,Lemoa,10.000 biztanleko,Lemoa,22.5
2019,,,Lemoa,10.000 biztanleko,Lemoa,27.7
2021,,,Lemoa,10.000 biztanleko,Lemoa,28.3
2020,,,Lemoa,10.000 biztanleko,Lemoa,28.1
2023,,,Lemoa,10.000 biztanleko,Lemoa,45.1
2022,,,Lemoiz,10.000 biztanleko,Lemoiz,47.5
2021,,,Lemoiz,10.000 biztanleko,Lemoiz,15.8
2020,,,Lemoiz,10.000 biztanleko,Lemoiz,0.0
2019,,,Lemoiz,10.000 biztanleko,Lemoiz,17.3
2023,,,Lemoiz,10.000 biztanleko,Lemoiz,0.0
2022,,,Leza,10.000 biztanleko,Leza,89.3
2019,,,Leza,10.000 biztanleko,Leza,0.0
2020,,,Leza,10.000 biztanleko,Leza,90.1
2023,,,Leza,10.000 biztanleko,Leza,0.0
2021,,,Leza,10.000 biztanleko,Leza,0.0
2020,,,Lezama,10.000 biztanleko,Lezama,16.3
2019,,,Lezama,10.000 biztanleko,Lezama,24.4
2023,,,Lezama,10.000 biztanleko,Lezama,24.9
2022,,,Lezama,10.000 biztanleko,Lezama,41.3
2021,,,Lezama,10.000 biztanleko,Lezama,32.7
2022,,,Lezo,10.000 biztanleko,Lezo,42.6
2020,,,Lezo,10.000 biztanleko,Lezo,62.3
2019,,,Lezo,10.000 biztanleko,Lezo,42.7
2021,,,Lezo,10.000 biztanleko,Lezo,52.3
2023,,,Lezo,10.000 biztanleko,Lezo,49.2
2023,,,Lizartza,10.000 biztanleko,Lizartza,0.0
2021,,,Lizartza,10.000 biztanleko,Lizartza,0.0
2020,,,Lizartza,10.000 biztanleko,Lizartza,0.0
2022,,,Lizartza,10.000 biztanleko,Lizartza,0.0
2019,,,Lizartza,10.000 biztanleko,Lizartza,98.4
2021,,,Loiu,10.000 biztanleko,Loiu,45.8
2022,,,Loiu,10.000 biztanleko,Loiu,45.3
2020,,,Loiu,10.000 biztanleko,Loiu,27.1
2019,,,Loiu,10.000 biztanleko,Loiu,61.2
2023,,,Loiu,10.000 biztanleko,Loiu,36.1
2020,,,Mallabia,10.000 biztanleko,Mallabia,17.1
2023,,,Mallabia,10.000 biztanleko,Mallabia,87.0
2019,,,Mallabia,10.000 biztanleko,Mallabia,17.3
2022,,,Mallabia,10.000 biztanleko,Mallabia,34.2
2021,,,Mallabia,10.000 biztanleko,Mallabia,16.9
2022,,,Mañaria,10.000 biztanleko,Mañaria,0.0
2023,,,Mañaria,10.000 biztanleko,Mañaria,38.6
2021,,,Mañaria,10.000 biztanleko,Mañaria,79.4
2020,,,Mañaria,10.000 biztanleko,Mañaria,38.8
2019,,,Mañaria,10.000 biztanleko,Mañaria,77.5
2021,,,Markina-Xemein,10.000 biztanleko,Markina-Xemein,44.7
2020,,,Markina-Xemein,10.000 biztanleko,Markina-Xemein,20.3
2019,,,Markina-Xemein,10.000 biztanleko,Markina-Xemein,8.2
2023,,,Markina-Xemein,10.000 biztanleko,Markina-Xemein,36.0
2022,,,Markina-Xemein,10.000 biztanleko,Markina-Xemein,24.3
2020,,,Maruri-Jatabe,10.000 biztanleko,Maruri-Jatabe,0.0
2023,,,Maruri-Jatabe,10.000 biztanleko,Maruri-Jatabe,0.0
2021,,,Maruri-Jatabe,10.000 biztanleko,Maruri-Jatabe,0.0
2019,,,Maruri-Jatabe,10.000 biztanleko,Maruri-Jatabe,0.0
2022,,,Maruri-Jatabe,10.000 biztanleko,Maruri-Jatabe,0.0
2019,,,Mendaro,10.000 biztanleko,Mendaro,18.9
2021,,,Mendaro,10.000 biztanleko,Mendaro,0.0
2023,,,Mendaro,10.000 biztanleko,Mendaro,70.9
2020,,,Mendaro,10.000 biztanleko,Mendaro,29.5
2022,,,Mendaro,10.000 biztanleko,Mendaro,30.2
2020,,,Mendata,10.000 biztanleko,Mendata,0.0
2022,,,Mendata,10.000 biztanleko,Mendata,0.0
2019,,,Mendata,10.000 biztanleko,Mendata,52.6
2021,,,Mendata,10.000 biztanleko,Mendata,49.0
2023,,,Mendata,10.000 biztanleko,Mendata,0.0
2022,,,Mendexa,10.000 biztanleko,Mendexa,47.6
2019,,,Mendexa,10.000 biztanleko,Mendexa,41.3
2021,,,Mendexa,10.000 biztanleko,Mendexa,0.0
2020,,,Mendexa,10.000 biztanleko,Mendexa,87.3
2023,,,Mendexa,10.000 biztanleko,Mendexa,95.2
2019,,,Meñaka,10.000 biztanleko,Meñaka,0.0
2021,,,Meñaka,10.000 biztanleko,Meñaka,58.0
2020,,,Meñaka,10.000 biztanleko,Meñaka,0.0
2023,,,Meñaka,10.000 biztanleko,Meñaka,58.0
2022,,,Meñaka,10.000 biztanleko,Meñaka,0.0
2020,,,Moreda de Álava / Moreda Araba,10.000 biztanleko,Moreda de Álava / Moreda Araba,0.0
2021,,,Moreda de Álava / Moreda Araba,10.000 biztanleko,Moreda de Álava / Moreda Araba,0.0
2019,,,Moreda de Álava / Moreda Araba,10.000 biztanleko,Moreda de Álava / Moreda Araba,0.0
2023,,,Moreda de Álava / Moreda Araba,10.000 biztanleko,Moreda de Álava / Moreda Araba,0.0
2022,,,Moreda de Álava / Moreda Araba,10.000 biztanleko,Moreda de Álava / Moreda Araba,0.0
2020,,,Morga,10.000 biztanleko,Morga,0.0
2021,,,Morga,10.000 biztanleko,Morga,0.0
2023,,,Morga,10.000 biztanleko,Morga,0.0
2022,,,Morga,10.000 biztanleko,Morga,0.0
2019,,,Morga,10.000 biztanleko,Morga,0.0
2022,,,Mundaka,10.000 biztanleko,Mundaka,41.3
2023,,,Mundaka,10.000 biztanleko,Mundaka,10.5
2021,,,Mundaka,10.000 biztanleko,Mundaka,41.1
2020,,,Mundaka,10.000 biztanleko,Mundaka,30.8
2019,,,Mundaka,10.000 biztanleko,Mundaka,0.0
2021,,,Mungia,10.000 biztanleko,Mungia,28.0
2020,,,Mungia,10.000 biztanleko,Mungia,32.5
2019,,,Mungia,10.000 biztanleko,Mungia,26.9
2023,,,Mungia,10.000 biztanleko,Mungia,37.4
2022,,,Mungia,10.000 biztanleko,Mungia,28.9
2021,,,Munitibar-Arbatzegi Gerrikaitz,10.000 biztanleko,Munitibar-Arbatzegi Gerrikaitz,0.0
2019,,,Munitibar-Arbatzegi Gerrikaitz,10.000 biztanleko,Munitibar-Arbatzegi Gerrikaitz,0.0
2023,,,Munitibar-Arbatzegi Gerrikaitz,10.000 biztanleko,Munitibar-Arbatzegi Gerrikaitz,48.8
2020,,,Munitibar-Arbatzegi Gerrikaitz,10.000 biztanleko,Munitibar-Arbatzegi Gerrikaitz,0.0
2022,,,Munitibar-Arbatzegi Gerrikaitz,10.000 biztanleko,Munitibar-Arbatzegi Gerrikaitz,93.0
2021,,,Murueta,10.000 biztanleko,Murueta,0.0
2019,,,Murueta,10.000 biztanleko,Murueta,187.5
2022,,,Murueta,10.000 biztanleko,Murueta,0.0
2020,,,Murueta,10.000 biztanleko,Murueta,63.3
2023,,,Murueta,10.000 biztanleko,Murueta,0.0
2020,,,Muskiz,10.000 biztanleko,Muskiz,71.4
2022,,,Muskiz,10.000 biztanleko,Muskiz,45.9
2019,,,Muskiz,10.000 biztanleko,Muskiz,42.0
2023,,,Muskiz,10.000 biztanleko,Muskiz,89.5
2021,,,Muskiz,10.000 biztanleko,Muskiz,32.1
2022,,,Mutiloa,10.000 biztanleko,Mutiloa,0.0
2020,,,Mutiloa,10.000 biztanleko,Mutiloa,0.0
2019,,,Mutiloa,10.000 biztanleko,Mutiloa,0.0
2021,,,Mutiloa,10.000 biztanleko,Mutiloa,0.0
2023,,,Mutiloa,10.000 biztanleko,Mutiloa,0.0
2023,,,Mutriku,10.000 biztanleko,Mutriku,22.5
2021,,,Mutriku,10.000 biztanleko,Mutriku,34.1
2019,,,Mutriku,10.000 biztanleko,Mutriku,34.2
2020,,,Mutriku,10.000 biztanleko,Mutriku,22.7
2022,,,Mutriku,10.000 biztanleko,Mutriku,56.6
2023,,,Muxika,10.000 biztanleko,Muxika,14.1
2022,,,Muxika,10.000 biztanleko,Muxika,28.1
2020,,,Muxika,10.000 biztanleko,Muxika,56.3
2021,,,Muxika,10.000 biztanleko,Muxika,28.6
2019,,,Muxika,10.000 biztanleko,Muxika,13.7
2020,,,Nabarniz,10.000 biztanleko,Nabarniz,0.0
2022,,,Nabarniz,10.000 biztanleko,Nabarniz,72.5
2021,,,Nabarniz,10.000 biztanleko,Nabarniz,71.9
2019,,,Nabarniz,10.000 biztanleko,Nabarniz,0.0
2023,,,Nabarniz,10.000 biztanleko,Nabarniz,0.0
2019,,,Navaridas,10.000 biztanleko,Navaridas,0.0
2021,,,Navaridas,10.000 biztanleko,Navaridas,0.0
2023,,,Navaridas,10.000 biztanleko,Navaridas,0.0
2022,,,Navaridas,10.000 biztanleko,Navaridas,0.0
2020,,,Navaridas,10.000 biztanleko,Navaridas,0.0
2022,,,Oiartzun,10.000 biztanleko,Oiartzun,26.7
2021,,,Oiartzun,10.000 biztanleko,Oiartzun,32.3
2019,,,Oiartzun,10.000 biztanleko,Oiartzun,28.3
2020,,,Oiartzun,10.000 biztanleko,Oiartzun,32.2
2023,,,Oiartzun,10.000 biztanleko,Oiartzun,30.5
2019,,,Okondo,10.000 biztanleko,Okondo,17.5
2023,,,Okondo,10.000 biztanleko,Okondo,36.4
2020,,,Okondo,10.000 biztanleko,Okondo,0.0
2021,,,Okondo,10.000 biztanleko,Okondo,0.0
2022,,,Okondo,10.000 biztanleko,Okondo,18.3
2022,,,Olaberria,10.000 biztanleko,Olaberria,22.5
2023,,,Olaberria,10.000 biztanleko,Olaberria,66.7
2019,,,Olaberria,10.000 biztanleko,Olaberria,0.0
2020,,,Olaberria,10.000 biztanleko,Olaberria,44.2
2021,,,Olaberria,10.000 biztanleko,Olaberria,22.1
2022,,,Ondarroa,10.000 biztanleko,Ondarroa,40.8
2019,,,Ondarroa,10.000 biztanleko,Ondarroa,18.8
2020,,,Ondarroa,10.000 biztanleko,Ondarroa,26.0
2023,,,Ondarroa,10.000 biztanleko,Ondarroa,29.1
2021,,,Ondarroa,10.000 biztanleko,Ondarroa,14.3
2022,,,Oñati,10.000 biztanleko,Oñati,22.4
2020,,,Oñati,10.000 biztanleko,Oñati,13.8
2019,,,Oñati,10.000 biztanleko,Oñati,15.5
2021,,,Oñati,10.000 biztanleko,Oñati,5.2
2023,,,Oñati,10.000 biztanleko,Oñati,18.8
2019,,,Ordizia,10.000 biztanleko,Ordizia,21.6
2021,,,Ordizia,10.000 biztanleko,Ordizia,31.5
2023,,,Ordizia,10.000 biztanleko,Ordizia,32.8
2020,,,Ordizia,10.000 biztanleko,Ordizia,39.3
2022,,,Ordizia,10.000 biztanleko,Ordizia,42.8
2023,,,Orendain,10.000 biztanleko,Orendain,0.0
2019,,,Orendain,10.000 biztanleko,Orendain,92.6
2021,,,Orendain,10.000 biztanleko,Orendain,0.0
2020,,,Orendain,10.000 biztanleko,Orendain,87.0
2022,,,Orendain,10.000 biztanleko,Orendain,0.0
2022,,,Orexa,10.000 biztanleko,Orexa,0.0
2020,,,Orexa,10.000 biztanleko,Orexa,0.0
2019,,,Orexa,10.000 biztanleko,Orexa,0.0
2021,,,Orexa,10.000 biztanleko,Orexa,0.0
2023,,,Orexa,10.000 biztanleko,Orexa,0.0
2019,,,Orio,10.000 biztanleko,Orio,23.1
2023,,,Orio,10.000 biztanleko,Orio,42.9
2021,,,Orio,10.000 biztanleko,Orio,26.4
2020,,,Orio,10.000 biztanleko,Orio,36.1
2022,,,Orio,10.000 biztanleko,Orio,36.4
2021,,,Ormaiztegi,10.000 biztanleko,Ormaiztegi,0.0
2023,,,Ormaiztegi,10.000 biztanleko,Ormaiztegi,16.2
2022,,,Ormaiztegi,10.000 biztanleko,Ormaiztegi,16.2
2020,,,Ormaiztegi,10.000 biztanleko,Ormaiztegi,0.0
2019,,,Ormaiztegi,10.000 biztanleko,Ormaiztegi,15.5
2020,,,Orozko,10.000 biztanleko,Orozko,51.5
2021,,,Orozko,10.000 biztanleko,Orozko,36.1
2019,,,Orozko,10.000 biztanleko,Orozko,7.5
2023,,,Orozko,10.000 biztanleko,Orozko,22.0
2022,,,Orozko,10.000 biztanleko,Orozko,7.2
2019,,,Ortuella,10.000 biztanleko,Ortuella,65.2
2021,,,Ortuella,10.000 biztanleko,Ortuella,67.2
2022,,,Ortuella,10.000 biztanleko,Ortuella,50.7
2020,,,Ortuella,10.000 biztanleko,Ortuella,60.6
2023,,,Ortuella,10.000 biztanleko,Ortuella,54.9
2019,,,Otxandio,10.000 biztanleko,Otxandio,29.9
2021,,,Otxandio,10.000 biztanleko,Otxandio,0.0
2020,,,Otxandio,10.000 biztanleko,Otxandio,30.0
2023,,,Otxandio,10.000 biztanleko,Otxandio,77.0
2022,,,Otxandio,10.000 biztanleko,Otxandio,0.0
2023,,,Oyón-Oion,10.000 biztanleko,Oyón-Oion,51.8
2020,,,Oyón-Oion,10.000 biztanleko,Oyón-Oion,40.2
2019,,,Oyón-Oion,10.000 biztanleko,Oyón-Oion,11.6
2021,,,Oyón-Oion,10.000 biztanleko,Oyón-Oion,17.1
2022,,,Oyón-Oion,10.000 biztanleko,Oyón-Oion,22.7
2020,,,Pasaia,10.000 biztanleko,Pasaia,41.5
2022,,,Pasaia,10.000 biztanleko,Pasaia,51.1
2019,,,Pasaia,10.000 biztanleko,Pasaia,47.2
2021,,,Pasaia,10.000 biztanleko,Pasaia,46.5
2023,,,Pasaia,10.000 biztanleko,Pasaia,52.0
2021,,,Peñacerrada-Urizaharra,10.000 biztanleko,Peñacerrada-Urizaharra,0.0
2020,,,Peñacerrada-Urizaharra,10.000 biztanleko,Peñacerrada-Urizaharra,78.1
2019,,,Peñacerrada-Urizaharra,10.000 biztanleko,Peñacerrada-Urizaharra,0.0
2023,,,Peñacerrada-Urizaharra,10.000 biztanleko,Peñacerrada-Urizaharra,0.0
2022,,,Peñacerrada-Urizaharra,10.000 biztanleko,Peñacerrada-Urizaharra,0.0
2019,,,Plentzia,10.000 biztanleko,Plentzia,35.6
2020,,,Plentzia,10.000 biztanleko,Plentzia,52.4
2022,,,Plentzia,10.000 biztanleko,Plentzia,43.7
2021,,,Plentzia,10.000 biztanleko,Plentzia,30.4
2023,,,Plentzia,10.000 biztanleko,Plentzia,30.6
2023,,,Portugalete,10.000 biztanleko,Portugalete,49.7
2019,,,Portugalete,10.000 biztanleko,Portugalete,34.9
2022,,,Portugalete,10.000 biztanleko,Portugalete,42.5
2021,,,Portugalete,10.000 biztanleko,Portugalete,44.3
2020,,,Portugalete,10.000 biztanleko,Portugalete,35.9
2022,,,Ribera Baja / Erriberabeitia,10.000 biztanleko,Ribera Baja / Erriberabeitia,80.3
2019,,,Ribera Baja / Erriberabeitia,10.000 biztanleko,Ribera Baja / Erriberabeitia,0.0
2023,,,Ribera Baja / Erriberabeitia,10.000 biztanleko,Ribera Baja / Erriberabeitia,39.4
2020,,,Ribera Baja / Erriberabeitia,10.000 biztanleko,Ribera Baja / Erriberabeitia,66.7
2021,,,Ribera Baja / Erriberabeitia,10.000 biztanleko,Ribera Baja / Erriberabeitia,13.5
2023,,,Samaniego,10.000 biztanleko,Samaniego,0.0
2019,,,Samaniego,10.000 biztanleko,Samaniego,0.0
2022,,,Samaniego,10.000 biztanleko,Samaniego,69.9
2020,,,Samaniego,10.000 biztanleko,Samaniego,0.0
2021,,,Samaniego,10.000 biztanleko,Samaniego,0.0
2020,,,San Millán / Donemiliaga,10.000 biztanleko,San Millán / Donemiliaga,61.7
2021,,,San Millán / Donemiliaga,10.000 biztanleko,San Millán / Donemiliaga,30.3
2022,,,San Millán / Donemiliaga,10.000 biztanleko,San Millán / Donemiliaga,29.8
2019,,,San Millán / Donemiliaga,10.000 biztanleko,San Millán / Donemiliaga,94.0
2023,,,San Millán / Donemiliaga,10.000 biztanleko,San Millán / Donemiliaga,60.8
2023,,,Santurtzi,10.000 biztanleko,Santurtzi,63.0
2022,,,Santurtzi,10.000 biztanleko,Santurtzi,59.8
2021,,,Santurtzi,10.000 biztanleko,Santurtzi,55.3
2020,,,Santurtzi,10.000 biztanleko,Santurtzi,37.8
2019,,,Santurtzi,10.000 biztanleko,Santurtzi,33.6
2019,,,Segura,10.000 biztanleko,Segura,0.0
2021,,,Segura,10.000 biztanleko,Segura,0.0
2023,,,Segura,10.000 biztanleko,Segura,0.0
2022,,,Segura,10.000 biztanleko,Segura,0.0
2020,,,Segura,10.000 biztanleko,Segura,26.7
2021,,,Sestao,10.000 biztanleko,Sestao,73.3
2019,,,Sestao,10.000 biztanleko,Sestao,77.1
2023,,,Sestao,10.000 biztanleko,Sestao,84.7
2022,,,Sestao,10.000 biztanleko,Sestao,72.7
2020,,,Sestao,10.000 biztanleko,Sestao,87.4
2023,,,Sondika,10.000 biztanleko,Sondika,33.8
2020,,,Sondika,10.000 biztanleko,Sondika,21.2
2019,,,Sondika,10.000 biztanleko,Sondika,21.2
2022,,,Sondika,10.000 biztanleko,Sondika,16.9
2021,,,Sondika,10.000 biztanleko,Sondika,46.9
2023,,,Sopela,10.000 biztanleko,Sopela,20.1
2020,,,Sopela,10.000 biztanleko,Sopela,22.5
2019,,,Sopela,10.000 biztanleko,Sopela,21.2
2022,,,Sopela,10.000 biztanleko,Sopela,26.1
2021,,,Sopela,10.000 biztanleko,Sopela,42.9
2023,,,Sopuerta,10.000 biztanleko,Sopuerta,14.6
2019,,,Sopuerta,10.000 biztanleko,Sopuerta,15.9
2022,,,Sopuerta,10.000 biztanleko,Sopuerta,0.0
2021,,,Sopuerta,10.000 biztanleko,Sopuerta,37.2
2020,,,Sopuerta,10.000 biztanleko,Sopuerta,23.1
2021,,,Soraluze-Placencia de las Armas,10.000 biztanleko,Soraluze-Placencia de las Armas,37.3
2019,,,Soraluze-Placencia de las Armas,10.000 biztanleko,Soraluze-Placencia de las Armas,30.5
2020,,,Soraluze-Placencia de las Armas,10.000 biztanleko,Soraluze-Placencia de las Armas,31.1
2022,,,Soraluze-Placencia de las Armas,10.000 biztanleko,Soraluze-Placencia de las Armas,49.6
2023,,,Soraluze-Placencia de las Armas,10.000 biztanleko,Soraluze-Placencia de las Armas,27.7
2020,,,Sukarrieta,10.000 biztanleko,Sukarrieta,0.0
2019,,,Sukarrieta,10.000 biztanleko,Sukarrieta,59.9
2023,,,Sukarrieta,10.000 biztanleko,Sukarrieta,57.1
2022,,,Sukarrieta,10.000 biztanleko,Sukarrieta,58.5
2021,,,Sukarrieta,10.000 biztanleko,Sukarrieta,0.0
2023,,,Tolosa,10.000 biztanleko,Tolosa,44.9
2020,,,Tolosa,10.000 biztanleko,Tolosa,21.8
2022,,,Tolosa,10.000 biztanleko,Tolosa,35.2
2021,,,Tolosa,10.000 biztanleko,Tolosa,37.5
2019,,,Tolosa,10.000 biztanleko,Tolosa,21.1
2021,,,Trucios-Turtzioz,10.000 biztanleko,Trucios-Turtzioz,0.0
2022,,,Trucios-Turtzioz,10.000 biztanleko,Trucios-Turtzioz,0.0
2019,,,Trucios-Turtzioz,10.000 biztanleko,Trucios-Turtzioz,39.4
2020,,,Trucios-Turtzioz,10.000 biztanleko,Trucios-Turtzioz,0.0
2023,,,Trucios-Turtzioz,10.000 biztanleko,Trucios-Turtzioz,152.7
2021,,,Ubide,10.000 biztanleko,Ubide,0.0
2020,,,Ubide,10.000 biztanleko,Ubide,0.0
2019,,,Ubide,10.000 biztanleko,Ubide,0.0
2023,,,Ubide,10.000 biztanleko,Ubide,112.4
2022,,,Ubide,10.000 biztanleko,Ubide,0.0
2021,,,Ugao-Miraballes,10.000 biztanleko,Ugao-Miraballes,54.4
2020,,,Ugao-Miraballes,10.000 biztanleko,Ugao-Miraballes,64.1
2019,,,Ugao-Miraballes,10.000 biztanleko,Ugao-Miraballes,39.5
2022,,,Ugao-Miraballes,10.000 biztanleko,Ugao-Miraballes,39.4
2023,,,Ugao-Miraballes,10.000 biztanleko,Ugao-Miraballes,19.6
2020,,,Urduliz,10.000 biztanleko,Urduliz,29.7
2019,,,Urduliz,10.000 biztanleko,Urduliz,23.1
2023,,,Urduliz,10.000 biztanleko,Urduliz,28.5
2022,,,Urduliz,10.000 biztanleko,Urduliz,18.9
2021,,,Urduliz,10.000 biztanleko,Urduliz,39.5
2022,,,Urduña / Orduña,10.000 biztanleko,Urduña / Orduña,55.2
2019,,,Urduña / Orduña,10.000 biztanleko,Urduña / Orduña,54.5
2023,,,Urduña / Orduña,10.000 biztanleko,Urduña / Orduña,35.2
2021,,,Urduña / Orduña,10.000 biztanleko,Urduña / Orduña,35.2
2020,,,Urduña / Orduña,10.000 biztanleko,Urduña / Orduña,24.9
2021,,,Urkabustaiz,10.000 biztanleko,Urkabustaiz,0.0
2019,,,Urkabustaiz,10.000 biztanleko,Urkabustaiz,29.4
2020,,,Urkabustaiz,10.000 biztanleko,Urkabustaiz,43.6
2022,,,Urkabustaiz,10.000 biztanleko,Urkabustaiz,29.0
2023,,,Urkabustaiz,10.000 biztanleko,Urkabustaiz,0.0
2021,,,Urnieta,10.000 biztanleko,Urnieta,26.0
2019,,,Urnieta,10.000 biztanleko,Urnieta,16.1
2022,,,Urnieta,10.000 biztanleko,Urnieta,52.2
2023,,,Urnieta,10.000 biztanleko,Urnieta,35.6
2020,,,Urnieta,10.000 biztanleko,Urnieta,54.9
2022,,,Urretxu,10.000 biztanleko,Urretxu,5.9
2019,,,Urretxu,10.000 biztanleko,Urretxu,17.6
2021,,,Urretxu,10.000 biztanleko,Urretxu,53.1
2023,,,Urretxu,10.000 biztanleko,Urretxu,23.6
2020,,,Urretxu,10.000 biztanleko,Urretxu,26.5
2023,,,Usurbil,10.000 biztanleko,Usurbil,15.7
2021,,,Usurbil,10.000 biztanleko,Usurbil,9.8
2020,,,Usurbil,10.000 biztanleko,Usurbil,19.5
2022,,,Usurbil,10.000 biztanleko,Usurbil,16.2
2019,,,Usurbil,10.000 biztanleko,Usurbil,67.5
2021,,,Valdegovía / Gaubea,10.000 biztanleko,Valdegovía / Gaubea,57.1
2020,,,Valdegovía / Gaubea,10.000 biztanleko,Valdegovía / Gaubea,40.2
2023,,,Valdegovía / Gaubea,10.000 biztanleko,Valdegovía / Gaubea,97.3
2019,,,Valdegovía / Gaubea,10.000 biztanleko,Valdegovía / Gaubea,41.7
2022,,,Valdegovía / Gaubea,10.000 biztanleko,Valdegovía / Gaubea,56.5
2021,,,Valle de Trápaga-Trapagaran,10.000 biztanleko,Valle de Trápaga-Trapagaran,68.8
2020,,,Valle de Trápaga-Trapagaran,10.000 biztanleko,Valle de Trápaga-Trapagaran,31.0
2019,,,Valle de Trápaga-Trapagaran,10.000 biztanleko,Valle de Trápaga-Trapagaran,40.6
2023,,,Valle de Trápaga-Trapagaran,10.000 biztanleko,Valle de Trápaga-Trapagaran,51.0
2022,,,Valle de Trápaga-Trapagaran,10.000 biztanleko,Valle de Trápaga-Trapagaran,63.9
2020,,,Villabona,10.000 biztanleko,Villabona,30.5
2019,,,Villabona,10.000 biztanleko,Villabona,40.3
2021,,,Villabona,10.000 biztanleko,Villabona,20.6
2023,,,Villabona,10.000 biztanleko,Villabona,30.5
2022,,,Villabona,10.000 biztanleko,Villabona,30.9
2021,,,Villabuena de Álava / Eskuernaga,10.000 biztanleko,Villabuena de Álava / Eskuernaga,70.9
2022,,,Villabuena de Álava / Eskuernaga,10.000 biztanleko,Villabuena de Álava / Eskuernaga,71.9
2019,,,Villabuena de Álava / Eskuernaga,10.000 biztanleko,Villabuena de Álava / Eskuernaga,69.0
2020,,,Villabuena de Álava / Eskuernaga,10.000 biztanleko,Villabuena de Álava / Eskuernaga,0.0
2023,,,Villabuena de Álava / Eskuernaga,10.000 biztanleko,Villabuena de Álava / Eskuernaga,144.9
2023,,,Vitoria-Gasteiz,10.000 biztanleko,Vitoria-Gasteiz,50.4
2021,,,Vitoria-Gasteiz,10.000 biztanleko,Vitoria-Gasteiz,36.8
2020,,,Vitoria-Gasteiz,10.000 biztanleko,Vitoria-Gasteiz,34.4
2019,,,Vitoria-Gasteiz,10.000 biztanleko,Vitoria-Gasteiz,39.7
2022,,,Vitoria-Gasteiz,10.000 biztanleko,Vitoria-Gasteiz,42.8
2021,,,Yécora / Iekora,10.000 biztanleko,Yécora / Iekora,86.2
2023,,,Yécora / Iekora,10.000 biztanleko,Yécora / Iekora,0.0
2019,,,Yécora / Iekora,10.000 biztanleko,Yécora / Iekora,0.0
2022,,,Yécora / Iekora,10.000 biztanleko,Yécora / Iekora,0.0
2020,,,Yécora / Iekora,10.000 biztanleko,Yécora / Iekora,0.0
2022,,,Zaldibar,10.000 biztanleko,Zaldibar,13.3
2021,,,Zaldibar,10.000 biztanleko,Zaldibar,6.6
2020,,,Zaldibar,10.000 biztanleko,Zaldibar,26.4
2019,,,Zaldibar,10.000 biztanleko,Zaldibar,26.4
2023,,,Zaldibar,10.000 biztanleko,Zaldibar,60.0
2019,,,Zaldibia,10.000 biztanleko,Zaldibia,0.0
2023,,,Zaldibia,10.000 biztanleko,Zaldibia,0.0
2021,,,Zaldibia,10.000 biztanleko,Zaldibia,12.4
2020,,,Zaldibia,10.000 biztanleko,Zaldibia,0.0
2022,,,Zaldibia,10.000 biztanleko,Zaldibia,0.0
2019,,,Zalduondo,10.000 biztanleko,Zalduondo,0.0
2021,,,Zalduondo,10.000 biztanleko,Zalduondo,0.0
2023,,,Zalduondo,10.000 biztanleko,Zalduondo,0.0
2022,,,Zalduondo,10.000 biztanleko,Zalduondo,0.0
2020,,,Zalduondo,10.000 biztanleko,Zalduondo,0.0
2021,,,Zalla,10.000 biztanleko,Zalla,49.6
2020,,,Zalla,10.000 biztanleko,Zalla,35.0
2019,,,Zalla,10.000 biztanleko,Zalla,32.6
2022,,,Zalla,10.000 biztanleko,Zalla,28.3
2023,,,Zalla,10.000 biztanleko,Zalla,59.5
2019,,,Zambrana,10.000 biztanleko,Zambrana,47.8
2021,,,Zambrana,10.000 biztanleko,Zambrana,0.0
2022,,,Zambrana,10.000 biztanleko,Zambrana,52.4
2020,,,Zambrana,10.000 biztanleko,Zambrana,47.4
2023,,,Zambrana,10.000 biztanleko,Zambrana,0.0
2023,,,Zamudio,10.000 biztanleko,Zamudio,62.0
2022,,,Zamudio,10.000 biztanleko,Zamudio,87.0
2020,,,Zamudio,10.000 biztanleko,Zamudio,36.6
2021,,,Zamudio,10.000 biztanleko,Zamudio,68.2
2019,,,Zamudio,10.000 biztanleko,Zamudio,18.1
2019,,,Zaratamo,10.000 biztanleko,Zaratamo,23.9
2020,,,Zaratamo,10.000 biztanleko,Zaratamo,106.6
2023,,,Zaratamo,10.000 biztanleko,Zaratamo,12.3
2022,,,Zaratamo,10.000 biztanleko,Zaratamo,24.7
2021,,,Zaratamo,10.000 biztanleko,Zaratamo,71.7
2020,,,Zarautz,10.000 biztanleko,Zarautz,10.8
2022,,,Zarautz,10.000 biztanleko,Zarautz,31.1
2019,,,Zarautz,10.000 biztanleko,Zarautz,13.4
2021,,,Zarautz,10.000 biztanleko,Zarautz,18.4
2023,,,Zarautz,10.000 biztanleko,Zarautz,30.0
2022,,,Zeanuri,10.000 biztanleko,Zeanuri,47.4
2020,,,Zeanuri,10.000 biztanleko,Zeanuri,32.8
2019,,,Zeanuri,10.000 biztanleko,Zeanuri,16.6
2021,,,Zeanuri,10.000 biztanleko,Zeanuri,48.1
2023,,,Zeanuri,10.000 biztanleko,Zeanuri,15.9
2019,,,Zeberio,10.000 biztanleko,Zeberio,37.2
2023,,,Zeberio,10.000 biztanleko,Zeberio,54.9
2021,,,Zeberio,10.000 biztanleko,Zeberio,37.4
2020,,,Zeberio,10.000 biztanleko,Zeberio,37.2
2022,,,Zeberio,10.000 biztanleko,Zeberio,18.8
2022,,,Zegama,10.000 biztanleko,Zegama,13.6
2020,,,Zegama,10.000 biztanleko,Zegama,13.5
2021,,,Zegama,10.000 biztanleko,Zegama,13.4
2019,,,Zegama,10.000 biztanleko,Zegama,0.0
2023,,,Zegama,10.000 biztanleko,Zegama,0.0
2020,,,Zerain,10.000 biztanleko,Zerain,68.0
2021,,,Zerain,10.000 biztanleko,Zerain,0.0
2019,,,Zerain,10.000 biztanleko,Zerain,137.9
2023,,,Zerain,10.000 biztanleko,Zerain,0.0
2022,,,Zerain,10.000 biztanleko,Zerain,0.0
2020,,,Zestoa,10.000 biztanleko,Zestoa,27.3
2023,,,Zestoa,10.000 biztanleko,Zestoa,27.4
2019,,,Zestoa,10.000 biztanleko,Zestoa,16.3
2022,,,Zestoa,10.000 biztanleko,Zestoa,44.6
2021,,,Zestoa,10.000 biztanleko,Zestoa,22.3
2023,,,Zierbena,10.000 biztanleko,Zierbena,99.7
2019,,,Zierbena,10.000 biztanleko,Zierbena,14.1
2022,,,Zierbena,10.000 biztanleko,Zierbena,86.7
2020,,,Zierbena,10.000 biztanleko,Zierbena,84.2
2021,,,Zierbena,10.000 biztanleko,Zierbena,85.5
2019,,,Zigoitia,10.000 biztanleko,Zigoitia,0.0
2022,,,Zigoitia,10.000 biztanleko,Zigoitia,47.4
2020,,,Zigoitia,10.000 biztanleko,Zigoitia,12.3
2021,,,Zigoitia,10.000 biztanleko,Zigoitia,23.7
2023,,,Zigoitia,10.000 biztanleko,Zigoitia,34.8
2020,,,Ziortza-Bolibar,10.000 biztanleko,Ziortza-Bolibar,0.0
2021,,,Ziortza-Bolibar,10.000 biztanleko,Ziortza-Bolibar,0.0
2019,,,Ziortza-Bolibar,10.000 biztanleko,Ziortza-Bolibar,0.0
2023,,,Ziortza-Bolibar,10.000 biztanleko,Ziortza-Bolibar,0.0
2022,,,Ziortza-Bolibar,10.000 biztanleko,Ziortza-Bolibar,160.4
2020,,,Zizurkil,10.000 biztanleko,Zizurkil,20.2
2023,,,Zizurkil,10.000 biztanleko,Zizurkil,20.8
2019,,,Zizurkil,10.000 biztanleko,Zizurkil,13.2
2022,,,Zizurkil,10.000 biztanleko,Zizurkil,27.8
2021,,,Zizurkil,10.000 biztanleko,Zizurkil,34.5
2019,,,Zuia,10.000 biztanleko,Zuia,0.0
2021,,,Zuia,10.000 biztanleko,Zuia,8.9
2020,,,Zuia,10.000 biztanleko,Zuia,17.7
2022,,,Zuia,10.000 biztanleko,Zuia,17.9
2023,,,Zuia,10.000 biztanleko,Zuia,34.3
2020,,,Zumaia,10.000 biztanleko,Zumaia,12.0
2022,,,Zumaia,10.000 biztanleko,Zumaia,19.7
2019,,,Zumaia,10.000 biztanleko,Zumaia,22.2
2021,,,Zumaia,10.000 biztanleko,Zumaia,21.8
2023,,,Zumaia,10.000 biztanleko,Zumaia,15.8
2023,,,Zumarraga,10.000 biztanleko,Zumarraga,24.7
2019,,,Zumarraga,10.000 biztanleko,Zumarraga,11.2
2020,,,Zumarraga,10.000 biztanleko,Zumarraga,12.3
2022,,,Zumarraga,10.000 biztanleko,Zumarraga,18.6
2021,,,Zumarraga,10.000 biztanleko,Zumarraga,9.1
2020,,Añana (eskualdea),,10.000 biztanleko,Añana (eskualdea),42.4
2023,,Añana (eskualdea),,10.000 biztanleko,Añana (eskualdea),31.4
2019,,Añana (eskualdea),,10.000 biztanleko,Añana (eskualdea),28.8
2022,,Añana (eskualdea),,10.000 biztanleko,Añana (eskualdea),52.7
2021,,Añana (eskualdea),,10.000 biztanleko,Añana (eskualdea),38.5
2023,,Arabako Errioxa / Rioja Alavesa,,10.000 biztanleko,Arabako Errioxa / Rioja Alavesa,32.0
2019,,Arabako Errioxa / Rioja Alavesa,,10.000 biztanleko,Arabako Errioxa / Rioja Alavesa,21.4
2022,,Arabako Errioxa / Rioja Alavesa,,10.000 biztanleko,Arabako Errioxa / Rioja Alavesa,22.9
2020,,Arabako Errioxa / Rioja Alavesa,,10.000 biztanleko,Arabako Errioxa / Rioja Alavesa,26.6
2021,,Arabako Errioxa / Rioja Alavesa,,10.000 biztanleko,Arabako Errioxa / Rioja Alavesa,19.5
2020,,Arabako Kantaurialdea / Cantábrica Alavesa,,10.000 biztanleko,Arabako Kantaurialdea / Cantábrica Alavesa,20.4
2021,,Arabako Kantaurialdea / Cantábrica Alavesa,,10.000 biztanleko,Arabako Kantaurialdea / Cantábrica Alavesa,24.5
2019,,Arabako Kantaurialdea / Cantábrica Alavesa,,10.000 biztanleko,Arabako Kantaurialdea / Cantábrica Alavesa,26.6
2023,,Arabako Kantaurialdea / Cantábrica Alavesa,,10.000 biztanleko,Arabako Kantaurialdea / Cantábrica Alavesa,39.9
2022,,Arabako Kantaurialdea / Cantábrica Alavesa,,10.000 biztanleko,Arabako Kantaurialdea / Cantábrica Alavesa,41.7
2022,,Arabako Lautada / Llanada Alavesa,,10.000 biztanleko,Arabako Lautada / Llanada Alavesa,42.9
2019,,Arabako Lautada / Llanada Alavesa,,10.000 biztanleko,Arabako Lautada / Llanada Alavesa,38.8
2020,,Arabako Lautada / Llanada Alavesa,,10.000 biztanleko,Arabako Lautada / Llanada Alavesa,35.1
2021,,Arabako Lautada / Llanada Alavesa,,10.000 biztanleko,Arabako Lautada / Llanada Alavesa,36.0
2023,,Arabako Lautada / Llanada Alavesa,,10.000 biztanleko,Arabako Lautada / Llanada Alavesa,50.1
2019,,Arabako Mendialdea / Montaña Alavesa,,10.000 biztanleko,Arabako Mendialdea / Montaña Alavesa,7.5
2022,,Arabako Mendialdea / Montaña Alavesa,,10.000 biztanleko,Arabako Mendialdea / Montaña Alavesa,13.8
2023,,Arabako Mendialdea / Montaña Alavesa,,10.000 biztanleko,Arabako Mendialdea / Montaña Alavesa,41.8
2020,,Arabako Mendialdea / Montaña Alavesa,,10.000 biztanleko,Arabako Mendialdea / Montaña Alavesa,14.6
2021,,Arabako Mendialdea / Montaña Alavesa,,10.000 biztanleko,Arabako Mendialdea / Montaña Alavesa,13.9
2023,,Arratia Nerbioi / Arratia-Nervión,,10.000 biztanleko,Arratia Nerbioi / Arratia-Nervión,46.7
2022,,Arratia Nerbioi / Arratia-Nervión,,10.000 biztanleko,Arratia Nerbioi / Arratia-Nervión,36.7
2019,,Arratia Nerbioi / Arratia-Nervión,,10.000 biztanleko,Arratia Nerbioi / Arratia-Nervión,33.7
2021,,Arratia Nerbioi / Arratia-Nervión,,10.000 biztanleko,Arratia Nerbioi / Arratia-Nervión,33.4
2020,,Arratia Nerbioi / Arratia-Nervión,,10.000 biztanleko,Arratia Nerbioi / Arratia-Nervión,40.1
2023,,Bidasoa Beherea / Bajo Bidasoa,,10.000 biztanleko,Bidasoa Beherea / Bajo Bidasoa,62.4
2021,,Bidasoa Beherea / Bajo Bidasoa,,10.000 biztanleko,Bidasoa Beherea / Bajo Bidasoa,44.3
2019,,Bidasoa Beherea / Bajo Bidasoa,,10.000 biztanleko,Bidasoa Beherea / Bajo Bidasoa,46.7
2020,,Bidasoa Beherea / Bajo Bidasoa,,10.000 biztanleko,Bidasoa Beherea / Bajo Bidasoa,40.0
2022,,Bidasoa Beherea / Bajo Bidasoa,,10.000 biztanleko,Bidasoa Beherea / Bajo Bidasoa,54.6
2019,,Bilbo Handia / Gran Bilbao,,10.000 biztanleko,Bilbo Handia / Gran Bilbao,39.5
2021,,Bilbo Handia / Gran Bilbao,,10.000 biztanleko,Bilbo Handia / Gran Bilbao,37.4
2020,,Bilbo Handia / Gran Bilbao,,10.000 biztanleko,Bilbo Handia / Gran Bilbao,37.1
2023,,Bilbo Handia / Gran Bilbao,,10.000 biztanleko,Bilbo Handia / Gran Bilbao,46.0
2022,,Bilbo Handia / Gran Bilbao,,10.000 biztanleko,Bilbo Handia / Gran Bilbao,41.8
2019,,Debabarrena / Bajo Deba,,10.000 biztanleko,Debabarrena / Bajo Deba,26.5
2023,,Debabarrena / Bajo Deba,,10.000 biztanleko,Debabarrena / Bajo Deba,41.7
2021,,Debabarrena / Bajo Deba,,10.000 biztanleko,Debabarrena / Bajo Deba,38.2
2022,,Debabarrena / Bajo Deba,,10.000 biztanleko,Debabarrena / Bajo Deba,52.4
2020,,Debabarrena / Bajo Deba,,10.000 biztanleko,Debabarrena / Bajo Deba,34.0
2020,,Debagoiena / Alto Deba,,10.000 biztanleko,Debagoiena / Alto Deba,15.7
2019,,Debagoiena / Alto Deba,,10.000 biztanleko,Debagoiena / Alto Deba,23.5
2022,,Debagoiena / Alto Deba,,10.000 biztanleko,Debagoiena / Alto Deba,36.4
2021,,Debagoiena / Alto Deba,,10.000 biztanleko,Debagoiena / Alto Deba,27.0
2023,,Debagoiena / Alto Deba,,10.000 biztanleko,Debagoiena / Alto Deba,34.3
2022,,Donostialdea,,10.000 biztanleko,Donostialdea,41.8
2020,,Donostialdea,,10.000 biztanleko,Donostialdea,34.5
2023,,Donostialdea,,10.000 biztanleko,Donostialdea,41.0
2019,,Donostialdea,,10.000 biztanleko,Donostialdea,40.2
2021,,Donostialdea,,10.000 biztanleko,Donostialdea,34.8
2019,,Durangaldea / Duranguesado,,10.000 biztanleko,Durangaldea / Duranguesado,24.1
2020,,Durangaldea / Duranguesado,,10.000 biztanleko,Durangaldea / Duranguesado,23.5
2023,,Durangaldea / Duranguesado,,10.000 biztanleko,Durangaldea / Duranguesado,35.3
2022,,Durangaldea / Duranguesado,,10.000 biztanleko,Durangaldea / Duranguesado,34.1
2021,,Durangaldea / Duranguesado,,10.000 biztanleko,Durangaldea / Duranguesado,25.1
2023,,Enkartazioak / Encartaciones,,10.000 biztanleko,Enkartazioak / Encartaciones,40.6
2019,,Enkartazioak / Encartaciones,,10.000 biztanleko,Enkartazioak / Encartaciones,27.8
2021,,Enkartazioak / Encartaciones,,10.000 biztanleko,Enkartazioak / Encartaciones,35.0
2020,,Enkartazioak / Encartaciones,,10.000 biztanleko,Enkartazioak / Encartaciones,34.5
2022,,Enkartazioak / Encartaciones,,10.000 biztanleko,Enkartazioak / Encartaciones,36.9
2022,,Gernika-Bermeo,,10.000 biztanleko,Gernika-Bermeo,31.4
2019,,Gernika-Bermeo,,10.000 biztanleko,Gernika-Bermeo,39.3
2020,,Gernika-Bermeo,,10.000 biztanleko,Gernika-Bermeo,47.3
2023,,Gernika-Bermeo,,10.000 biztanleko,Gernika-Bermeo,32.9
2021,,Gernika-Bermeo,,10.000 biztanleko,Gernika-Bermeo,34.5
2020,,Goierri,,10.000 biztanleko,Goierri,24.9
2023,,Goierri,,10.000 biztanleko,Goierri,29.0
2019,,Goierri,,10.000 biztanleko,Goierri,18.5
2021,,Goierri,,10.000 biztanleko,Goierri,26.0
2022,,Goierri,,10.000 biztanleko,Goierri,26.5
2019,,Gorbeialdea / Estribaciones del Gorbea,,10.000 biztanleko,Gorbeialdea / Estribaciones del Gorbea,14.3
2020,,Gorbeialdea / Estribaciones del Gorbea,,10.000 biztanleko,Gorbeialdea / Estribaciones del Gorbea,23.5
2023,,Gorbeialdea / Estribaciones del Gorbea,,10.000 biztanleko,Gorbeialdea / Estribaciones del Gorbea,27.1
2021,,Gorbeialdea / Estribaciones del Gorbea,,10.000 biztanleko,Gorbeialdea / Estribaciones del Gorbea,25.5
2022,,Gorbeialdea / Estribaciones del Gorbea,,10.000 biztanleko,Gorbeialdea / Estribaciones del Gorbea,25.5
2020,,Markina-Ondarroa,,10.000 biztanleko,Markina-Ondarroa,20.9
2019,,Markina-Ondarroa,,10.000 biztanleko,Markina-Ondarroa,16.2
2023,,Markina-Ondarroa,,10.000 biztanleko,Markina-Ondarroa,26.8
2022,,Markina-Ondarroa,,10.000 biztanleko,Markina-Ondarroa,29.9
2021,,Markina-Ondarroa,,10.000 biztanleko,Markina-Ondarroa,19.5
2023,,Plentzia-Mungia,,10.000 biztanleko,Plentzia-Mungia,27.4
2021,,Plentzia-Mungia,,10.000 biztanleko,Plentzia-Mungia,34.4
2019,,Plentzia-Mungia,,10.000 biztanleko,Plentzia-Mungia,20.6
2020,,Plentzia-Mungia,,10.000 biztanleko,Plentzia-Mungia,30.5
2022,,Plentzia-Mungia,,10.000 biztanleko,Plentzia-Mungia,25.1
2021,,Tolosaldea,,10.000 biztanleko,Tolosaldea,27.5
2022,,Tolosaldea,,10.000 biztanleko,Tolosaldea,48.2
2020,,Tolosaldea,,10.000 biztanleko,Tolosaldea,27.0
2019,,Tolosaldea,,10.000 biztanleko,Tolosaldea,23.5
2023,,Tolosaldea,,10.000 biztanleko,Tolosaldea,30.9
2019,,Urola Kosta,,10.000 biztanleko,Urola Kosta,14.1
2023,,Urola Kosta,,10.000 biztanleko,Urola Kosta,22.8
2020,,Urola Kosta,,10.000 biztanleko,Urola Kosta,18.5
2022,,Urola Kosta,,10.000 biztanleko,Urola Kosta,24.7
2021,,Urola Kosta,,10.000 biztanleko,Urola Kosta,17.7
2022,Araba / Álava,,,10.000 biztanleko,Araba / Álava,41.6
2023,Araba / Álava,,,10.000 biztanleko,Araba / Álava,47.7
2020,Araba / Álava,,,10.000 biztanleko,Araba / Álava,33.2
2021,Araba / Álava,,,10.000 biztanleko,Araba / Álava,34.0
2019,Araba / Álava,,,10.000 biztanleko,Araba / Álava,37.4
2023,Bizkaia,,,10.000 biztanleko,Bizkaia,43.2
2019,Bizkaia,,,10.000 biztanleko,Bizkaia,37.5
2022,Bizkaia,,,10.000 biztanleko,Bizkaia,39.7
2021,Bizkaia,,,10.000 biztanleko,Bizkaia,35.7
2020,Bizkaia,,,10.000 biztanleko,Bizkaia,35.9
2022,Gipuzkoa,,,10.000 biztanleko,Gipuzkoa,39.6
2023,Gipuzkoa,,,10.000 biztanleko,Gipuzkoa,39.0
2020,Gipuzkoa,,,10.000 biztanleko,Gipuzkoa,30.5
2021,Gipuzkoa,,,10.000 biztanleko,Gipuzkoa,32.4
2019,Gipuzkoa,,,10.000 biztanleko,Gipuzkoa,33.5
