Year,Lurralde historikoa,Eskualdea,Udalerria,Units,GeoCode,Value
2022,,,,PER_10000,,39.9
2020,,,,PER_10000,,33.7
2019,,,,PER_10000,,36.2
2021,,,,PER_10000,,34.3
2023,,,,PER_10000,,42.5
2023,,,Abadiño,PER_10000,Abadiño,20.3
2020,,,Abadiño,PER_10000,Abadiño,18.1
2022,,,Abadiño,PER_10000,Abadiño,23.1
2021,,,Abadiño,PER_10000,Abadiño,31.0
2019,,,Abadiño,PER_10000,Abadiño,28.4
2021,,,Abaltzisketa,PER_10000,Abaltzisketa,0.0
2019,,,Abaltzisketa,PER_10000,Abaltzisketa,0.0
2020,,,Abaltzisketa,PER_10000,Abaltzisketa,71.4
2023,,,Abaltzisketa,PER_10000,Abaltzisketa,0.0
2022,,,Abaltzisketa,PER_10000,Abaltzisketa,0.0
2022,,,Abanto y Ciérvana-Abanto Zierbena,PER_10000,Abanto y Ciérvana-Abanto Zierbena,53.2
2023,,,Abanto y Ciérvana-Abanto Zierbena,PER_10000,Abanto y Ciérvana-Abanto Zierbena,55.3
2020,,,Abanto y Ciérvana-Abanto Zierbena,PER_10000,Abanto y Ciérvana-Abanto Zierbena,50.3
2021,,,Abanto y Ciérvana-Abanto Zierbena,PER_10000,Abanto y Ciérvana-Abanto Zierbena,52.9
2019,,,Abanto y Ciérvana-Abanto Zierbena,PER_10000,Abanto y Ciérvana-Abanto Zierbena,33.4
2023,,,Aduna,PER_10000,Aduna,0.0
2019,,,Aduna,PER_10000,Aduna,0.0
2022,,,Aduna,PER_10000,Aduna,0.0
2021,,,Aduna,PER_10000,Aduna,0.0
2020,,,Aduna,PER_10000,Aduna,132.7
2021,,,Agurain / Salvatierra,PER_10000,Agurain / Salvatierra,19.4
2020,,,Agurain / Salvatierra,PER_10000,Agurain / Salvatierra,49.7
2022,,,Agurain / Salvatierra,PER_10000,Agurain / Salvatierra,31.1
2019,,,Agurain / Salvatierra,PER_10000,Agurain / Salvatierra,22.6
2023,,,Agurain / Salvatierra,PER_10000,Agurain / Salvatierra,57.9
2023,,,Aia,PER_10000,Aia,19.8
2022,,,Aia,PER_10000,Aia,0.0
2019,,,Aia,PER_10000,Aia,32.3
2021,,,Aia,PER_10000,Aia,0.0
2020,,,Aia,PER_10000,Aia,31.6
2023,,,Aizarnazabal,PER_10000,Aizarnazabal,0.0
2022,,,Aizarnazabal,PER_10000,Aizarnazabal,0.0
2020,,,Aizarnazabal,PER_10000,Aizarnazabal,0.0
2019,,,Aizarnazabal,PER_10000,Aizarnazabal,0.0
2021,,,Aizarnazabal,PER_10000,Aizarnazabal,26.2
2022,,,Ajangiz,PER_10000,Ajangiz,0.0
2019,,,Ajangiz,PER_10000,Ajangiz,0.0
2020,,,Ajangiz,PER_10000,Ajangiz,0.0
2021,,,Ajangiz,PER_10000,Ajangiz,0.0
2023,,,Ajangiz,PER_10000,Ajangiz,0.0
2022,,,Albiztur,PER_10000,Albiztur,0.0
2021,,,Albiztur,PER_10000,Albiztur,0.0
2019,,,Albiztur,PER_10000,Albiztur,0.0
2023,,,Albiztur,PER_10000,Albiztur,64.9
2020,,,Albiztur,PER_10000,Albiztur,0.0
2023,,,Alegia,PER_10000,Alegia,34.2
2019,,,Alegia,PER_10000,Alegia,46.8
2022,,,Alegia,PER_10000,Alegia,23.1
2020,,,Alegia,PER_10000,Alegia,23.0
2021,,,Alegia,PER_10000,Alegia,23.3
2022,,,Alegría-Dulantzi,PER_10000,Alegría-Dulantzi,51.4
2019,,,Alegría-Dulantzi,PER_10000,Alegría-Dulantzi,26.5
2023,,,Alegría-Dulantzi,PER_10000,Alegría-Dulantzi,26.0
2021,,,Alegría-Dulantzi,PER_10000,Alegría-Dulantzi,32.7
2020,,,Alegría-Dulantzi,PER_10000,Alegría-Dulantzi,39.5
2023,,,Alkiza,PER_10000,Alkiza,0.0
2022,,,Alkiza,PER_10000,Alkiza,0.0
2019,,,Alkiza,PER_10000,Alkiza,0.0
2021,,,Alkiza,PER_10000,Alkiza,0.0
2020,,,Alkiza,PER_10000,Alkiza,0.0
2021,,,Alonsotegi,PER_10000,Alonsotegi,59.4
2020,,,Alonsotegi,PER_10000,Alonsotegi,20.1
2023,,,Alonsotegi,PER_10000,Alonsotegi,19.9
2022,,,Alonsotegi,PER_10000,Alonsotegi,26.3
2019,,,Alonsotegi,PER_10000,Alonsotegi,53.9
2019,,,Altzaga,PER_10000,Altzaga,0.0
2021,,,Altzaga,PER_10000,Altzaga,0.0
2020,,,Altzaga,PER_10000,Altzaga,0.0
2022,,,Altzaga,PER_10000,Altzaga,0.0
2023,,,Altzaga,PER_10000,Altzaga,0.0
2023,,,Altzo,PER_10000,Altzo,0.0
2020,,,Altzo,PER_10000,Altzo,0.0
2022,,,Altzo,PER_10000,Altzo,0.0
2021,,,Altzo,PER_10000,Altzo,0.0
2019,,,Altzo,PER_10000,Altzo,0.0
2019,,,Amezketa,PER_10000,Amezketa,0.0
2021,,,Amezketa,PER_10000,Amezketa,22.3
2022,,,Amezketa,PER_10000,Amezketa,0.0
2020,,,Amezketa,PER_10000,Amezketa,22.5
2023,,,Amezketa,PER_10000,Amezketa,0.0
2020,,,Amorebieta-Etxano,PER_10000,Amorebieta-Etxano,25.8
2023,,,Amorebieta-Etxano,PER_10000,Amorebieta-Etxano,33.5
2022,,,Amorebieta-Etxano,PER_10000,Amorebieta-Etxano,40.8
2021,,,Amorebieta-Etxano,PER_10000,Amorebieta-Etxano,25.6
2019,,,Amorebieta-Etxano,PER_10000,Amorebieta-Etxano,26.0
2023,,,Amoroto,PER_10000,Amoroto,0.0
2022,,,Amoroto,PER_10000,Amoroto,0.0
2020,,,Amoroto,PER_10000,Amoroto,0.0
2019,,,Amoroto,PER_10000,Amoroto,48.1
2021,,,Amoroto,PER_10000,Amoroto,0.0
2020,,,Amurrio,PER_10000,Amurrio,30.3
2021,,,Amurrio,PER_10000,Amurrio,17.1
2022,,,Amurrio,PER_10000,Amurrio,32.3
2019,,,Amurrio,PER_10000,Amurrio,26.6
2023,,,Amurrio,PER_10000,Amurrio,36.1
2020,,,Andoain,PER_10000,Andoain,32.1
2023,,,Andoain,PER_10000,Andoain,39.2
2022,,,Andoain,PER_10000,Andoain,44.5
2019,,,Andoain,PER_10000,Andoain,30.7
2021,,,Andoain,PER_10000,Andoain,25.6
2019,,,Anoeta,PER_10000,Anoeta,10.2
2022,,,Anoeta,PER_10000,Anoeta,19.2
2020,,,Anoeta,PER_10000,Anoeta,29.9
2021,,,Anoeta,PER_10000,Anoeta,29.3
2023,,,Anoeta,PER_10000,Anoeta,9.7
2021,,,Antzuola,PER_10000,Antzuola,18.6
2020,,,Antzuola,PER_10000,Antzuola,18.5
2019,,,Antzuola,PER_10000,Antzuola,36.4
2023,,,Antzuola,PER_10000,Antzuola,18.5
2022,,,Antzuola,PER_10000,Antzuola,9.3
2021,,,Añana,PER_10000,Añana,0.0
2019,,,Añana,PER_10000,Añana,0.0
2023,,,Añana,PER_10000,Añana,0.0
2020,,,Añana,PER_10000,Añana,0.0
2022,,,Añana,PER_10000,Añana,0.0
2022,,,Arakaldo,PER_10000,Arakaldo,0.0
2020,,,Arakaldo,PER_10000,Arakaldo,0.0
2019,,,Arakaldo,PER_10000,Arakaldo,0.0
2023,,,Arakaldo,PER_10000,Arakaldo,0.0
2021,,,Arakaldo,PER_10000,Arakaldo,0.0
2023,,,Arama,PER_10000,Arama,0.0
2021,,,Arama,PER_10000,Arama,0.0
2020,,,Arama,PER_10000,Arama,0.0
2022,,,Arama,PER_10000,Arama,0.0
2019,,,Arama,PER_10000,Arama,0.0
2020,,,Aramaio,PER_10000,Aramaio,0.0
2022,,,Aramaio,PER_10000,Aramaio,0.0
2019,,,Aramaio,PER_10000,Aramaio,0.0
2021,,,Aramaio,PER_10000,Aramaio,14.0
2023,,,Aramaio,PER_10000,Aramaio,14.4
2023,,,Arantzazu,PER_10000,Arantzazu,152.3
2021,,,Arantzazu,PER_10000,Arantzazu,49.5
2022,,,Arantzazu,PER_10000,Arantzazu,0.0
2020,,,Arantzazu,PER_10000,Arantzazu,0.0
2019,,,Arantzazu,PER_10000,Arantzazu,161.3
2023,,,Areatza,PER_10000,Areatza,61.5
2019,,,Areatza,PER_10000,Areatza,63.9
2021,,,Areatza,PER_10000,Areatza,30.9
2022,,,Areatza,PER_10000,Areatza,31.3
2020,,,Areatza,PER_10000,Areatza,62.2
2021,,,Aretxabaleta,PER_10000,Aretxabaleta,16.9
2019,,,Aretxabaleta,PER_10000,Aretxabaleta,5.7
2022,,,Aretxabaleta,PER_10000,Aretxabaleta,25.2
2020,,,Aretxabaleta,PER_10000,Aretxabaleta,14.2
2023,,,Aretxabaleta,PER_10000,Aretxabaleta,16.6
2019,,,Armiñón,PER_10000,Armiñón,0.0
2021,,,Armiñón,PER_10000,Armiñón,0.0
2023,,,Armiñón,PER_10000,Armiñón,92.6
2020,,,Armiñón,PER_10000,Armiñón,0.0
2022,,,Armiñón,PER_10000,Armiñón,0.0
2022,,,Arraia-Maeztu,PER_10000,Arraia-Maeztu,0.0
2021,,,Arraia-Maeztu,PER_10000,Arraia-Maeztu,55.7
2019,,,Arraia-Maeztu,PER_10000,Arraia-Maeztu,31.1
2020,,,Arraia-Maeztu,PER_10000,Arraia-Maeztu,29.7
2023,,,Arraia-Maeztu,PER_10000,Arraia-Maeztu,26.5
2019,,,Arrankudiaga-Zollo,PER_10000,Arrankudiaga-Zollo,19.6
2020,,,Arrankudiaga-Zollo,PER_10000,Arrankudiaga-Zollo,0.0
2022,,,Arrankudiaga-Zollo,PER_10000,Arrankudiaga-Zollo,39.7
2023,,,Arrankudiaga-Zollo,PER_10000,Arrankudiaga-Zollo,39.7
2021,,,Arrankudiaga-Zollo,PER_10000,Arrankudiaga-Zollo,38.7
2022,,,Arrasate / Mondragón,PER_10000,Arrasate / Mondragón,44.4
2019,,,Arrasate / Mondragón,PER_10000,Arrasate / Mondragón,32.1
2021,,,Arrasate / Mondragón,PER_10000,Arrasate / Mondragón,27.1
2020,,,Arrasate / Mondragón,PER_10000,Arrasate / Mondragón,19.7
2023,,,Arrasate / Mondragón,PER_10000,Arrasate / Mondragón,50.5
2019,,,Arratzu,PER_10000,Arratzu,0.0
2022,,,Arratzu,PER_10000,Arratzu,0.0
2020,,,Arratzu,PER_10000,Arratzu,0.0
2021,,,Arratzu,PER_10000,Arratzu,0.0
2023,,,Arratzu,PER_10000,Arratzu,0.0
2022,,,Arratzua-Ubarrundia,PER_10000,Arratzua-Ubarrundia,59.9
2020,,,Arratzua-Ubarrundia,PER_10000,Arratzua-Ubarrundia,41.9
2019,,,Arratzua-Ubarrundia,PER_10000,Arratzua-Ubarrundia,21.4
2021,,,Arratzua-Ubarrundia,PER_10000,Arratzua-Ubarrundia,0.0
2023,,,Arratzua-Ubarrundia,PER_10000,Arratzua-Ubarrundia,19.6
2022,,,Arrieta,PER_10000,Arrieta,0.0
2019,,,Arrieta,PER_10000,Arrieta,0.0
2021,,,Arrieta,PER_10000,Arrieta,0.0
2023,,,Arrieta,PER_10000,Arrieta,0.0
2020,,,Arrieta,PER_10000,Arrieta,36.1
2019,,,Arrigorriaga,PER_10000,Arrigorriaga,21.2
2023,,,Arrigorriaga,PER_10000,Arrigorriaga,49.8
2022,,,Arrigorriaga,PER_10000,Arrigorriaga,36.6
2020,,,Arrigorriaga,PER_10000,Arrigorriaga,40.6
2021,,,Arrigorriaga,PER_10000,Arrigorriaga,36.1
2020,,,Artea,PER_10000,Artea,27.9
2021,,,Artea,PER_10000,Artea,0.0
2022,,,Artea,PER_10000,Artea,106.1
2023,,,Artea,PER_10000,Artea,79.6
2019,,,Artea,PER_10000,Artea,0.0
2019,,,Artzentales,PER_10000,Artzentales,30.5
2021,,,Artzentales,PER_10000,Artzentales,29.4
2020,,,Artzentales,PER_10000,Artzentales,0.0
2022,,,Artzentales,PER_10000,Artzentales,30.2
2023,,,Artzentales,PER_10000,Artzentales,59.2
2020,,,Artziniega,PER_10000,Artziniega,20.9
2023,,,Artziniega,PER_10000,Artziniega,176.7
2022,,,Artziniega,PER_10000,Artziniega,41.7
2021,,,Artziniega,PER_10000,Artziniega,10.6
2019,,,Artziniega,PER_10000,Artziniega,41.4
2023,,,Asparrena,PER_10000,Asparrena,61.1
2021,,,Asparrena,PER_10000,Asparrena,48.1
2020,,,Asparrena,PER_10000,Asparrena,73.7
2019,,,Asparrena,PER_10000,Asparrena,25.0
2022,,,Asparrena,PER_10000,Asparrena,36.8
2021,,,Asteasu,PER_10000,Asteasu,13.5
2019,,,Asteasu,PER_10000,Asteasu,52.3
2022,,,Asteasu,PER_10000,Asteasu,27.1
2020,,,Asteasu,PER_10000,Asteasu,13.2
2023,,,Asteasu,PER_10000,Asteasu,0.0
2021,,,Astigarraga,PER_10000,Astigarraga,25.5
2020,,,Astigarraga,PER_10000,Astigarraga,38.3
2023,,,Astigarraga,PER_10000,Astigarraga,45.3
2022,,,Astigarraga,PER_10000,Astigarraga,30.0
2019,,,Astigarraga,PER_10000,Astigarraga,37.5
2021,,,Ataun,PER_10000,Ataun,12.2
2020,,,Ataun,PER_10000,Ataun,47.9
2023,,,Ataun,PER_10000,Ataun,0.0
2019,,,Ataun,PER_10000,Ataun,23.8
2022,,,Ataun,PER_10000,Ataun,12.3
2022,,,Atxondo,PER_10000,Atxondo,28.9
2020,,,Atxondo,PER_10000,Atxondo,0.0
2019,,,Atxondo,PER_10000,Atxondo,14.2
2023,,,Atxondo,PER_10000,Atxondo,29.1
2021,,,Atxondo,PER_10000,Atxondo,14.6
2020,,,Aulesti,PER_10000,Aulesti,0.0
2022,,,Aulesti,PER_10000,Aulesti,0.0
2023,,,Aulesti,PER_10000,Aulesti,0.0
2019,,,Aulesti,PER_10000,Aulesti,0.0
2021,,,Aulesti,PER_10000,Aulesti,0.0
2022,,,Ayala / Aiara,PER_10000,Ayala / Aiara,20.9
2021,,,Ayala / Aiara,PER_10000,Ayala / Aiara,20.8
2020,,,Ayala / Aiara,PER_10000,Ayala / Aiara,0.0
2023,,,Ayala / Aiara,PER_10000,Ayala / Aiara,20.7
2019,,,Ayala / Aiara,PER_10000,Ayala / Aiara,20.6
2023,,,Azkoitia,PER_10000,Azkoitia,15.2
2022,,,Azkoitia,PER_10000,Azkoitia,27.1
2021,,,Azkoitia,PER_10000,Azkoitia,11.9
2020,,,Azkoitia,PER_10000,Azkoitia,27.1
2019,,,Azkoitia,PER_10000,Azkoitia,6.8
2021,,,Azpeitia,PER_10000,Azpeitia,17.2
2019,,,Azpeitia,PER_10000,Azpeitia,10.7
2022,,,Azpeitia,PER_10000,Azpeitia,9.2
2023,,,Azpeitia,PER_10000,Azpeitia,17.1
2020,,,Azpeitia,PER_10000,Azpeitia,18.5
2020,,,Bakio,PER_10000,Bakio,59.4
2022,,,Bakio,PER_10000,Bakio,56.2
2021,,,Bakio,PER_10000,Bakio,57.1
2023,,,Bakio,PER_10000,Bakio,49.4
2019,,,Bakio,PER_10000,Bakio,38.1
2019,,,Baliarrain,PER_10000,Baliarrain,0.0
2023,,,Baliarrain,PER_10000,Baliarrain,0.0
2020,,,Baliarrain,PER_10000,Baliarrain,0.0
2022,,,Baliarrain,PER_10000,Baliarrain,0.0
2021,,,Baliarrain,PER_10000,Baliarrain,0.0
2020,,,Balmaseda,PER_10000,Balmaseda,40.3
2021,,,Balmaseda,PER_10000,Balmaseda,35.0
2023,,,Balmaseda,PER_10000,Balmaseda,47.7
2019,,,Balmaseda,PER_10000,Balmaseda,33.1
2022,,,Balmaseda,PER_10000,Balmaseda,40.3
2023,,,Baños de Ebro / Mañueta,PER_10000,Baños de Ebro / Mañueta,0.0
2022,,,Baños de Ebro / Mañueta,PER_10000,Baños de Ebro / Mañueta,0.0
2021,,,Baños de Ebro / Mañueta,PER_10000,Baños de Ebro / Mañueta,73.0
2019,,,Baños de Ebro / Mañueta,PER_10000,Baños de Ebro / Mañueta,0.0
2020,,,Baños de Ebro / Mañueta,PER_10000,Baños de Ebro / Mañueta,146.0
2019,,,Barakaldo,PER_10000,Barakaldo,41.8
2023,,,Barakaldo,PER_10000,Barakaldo,60.0
2021,,,Barakaldo,PER_10000,Barakaldo,46.3
2020,,,Barakaldo,PER_10000,Barakaldo,40.0
2022,,,Barakaldo,PER_10000,Barakaldo,47.8
2022,,,Barrika,PER_10000,Barrika,39.0
2021,,,Barrika,PER_10000,Barrika,64.9
2019,,,Barrika,PER_10000,Barrika,0.0
2020,,,Barrika,PER_10000,Barrika,13.4
2023,,,Barrika,PER_10000,Barrika,25.7
2021,,,Barrundia,PER_10000,Barrundia,24.3
2023,,,Barrundia,PER_10000,Barrundia,0.0
2022,,,Barrundia,PER_10000,Barrundia,49.1
2019,,,Barrundia,PER_10000,Barrundia,23.9
2020,,,Barrundia,PER_10000,Barrundia,48.2
2019,,,Basauri,PER_10000,Basauri,41.6
2021,,,Basauri,PER_10000,Basauri,28.6
2023,,,Basauri,PER_10000,Basauri,40.6
2022,,,Basauri,PER_10000,Basauri,31.6
2020,,,Basauri,PER_10000,Basauri,34.0
2022,,,Beasain,PER_10000,Beasain,46.6
2020,,,Beasain,PER_10000,Beasain,21.8
2021,,,Beasain,PER_10000,Beasain,35.1
2019,,,Beasain,PER_10000,Beasain,20.4
2023,,,Beasain,PER_10000,Beasain,40.5
2019,,,Bedia,PER_10000,Bedia,17.7
2021,,,Bedia,PER_10000,Bedia,35.2
2020,,,Bedia,PER_10000,Bedia,0.0
2023,,,Bedia,PER_10000,Bedia,86.5
2022,,,Bedia,PER_10000,Bedia,0.0
2023,,,Beizama,PER_10000,Beizama,0.0
2021,,,Beizama,PER_10000,Beizama,0.0
2019,,,Beizama,PER_10000,Beizama,0.0
2020,,,Beizama,PER_10000,Beizama,0.0
2022,,,Beizama,PER_10000,Beizama,0.0
2023,,,Belauntza,PER_10000,Belauntza,67.6
2022,,,Belauntza,PER_10000,Belauntza,0.0
2019,,,Belauntza,PER_10000,Belauntza,0.0
2021,,,Belauntza,PER_10000,Belauntza,0.0
2020,,,Belauntza,PER_10000,Belauntza,0.0
2021,,,Berango,PER_10000,Berango,18.3
2020,,,Berango,PER_10000,Berango,21.2
2022,,,Berango,PER_10000,Berango,28.1
2023,,,Berango,PER_10000,Berango,15.2
2019,,,Berango,PER_10000,Berango,21.5
2023,,,Berantevilla,PER_10000,Berantevilla,0.0
2020,,,Berantevilla,PER_10000,Berantevilla,126.1
2021,,,Berantevilla,PER_10000,Berantevilla,43.1
2019,,,Berantevilla,PER_10000,Berantevilla,43.1
2022,,,Berantevilla,PER_10000,Berantevilla,0.0
2019,,,Berastegi,PER_10000,Berastegi,0.0
2021,,,Berastegi,PER_10000,Berastegi,0.0
2022,,,Berastegi,PER_10000,Berastegi,18.9
2020,,,Berastegi,PER_10000,Berastegi,0.0
2023,,,Berastegi,PER_10000,Berastegi,0.0
2023,,,Bergara,PER_10000,Bergara,32.3
2020,,,Bergara,PER_10000,Bergara,16.1
2019,,,Bergara,PER_10000,Bergara,23.9
2021,,,Bergara,PER_10000,Bergara,44.7
2022,,,Bergara,PER_10000,Bergara,44.6
2020,,,Bermeo,PER_10000,Bermeo,60.6
2019,,,Bermeo,PER_10000,Bermeo,43.1
2022,,,Bermeo,PER_10000,Bermeo,34.0
2023,,,Bermeo,PER_10000,Bermeo,54.5
2021,,,Bermeo,PER_10000,Bermeo,43.3
2023,,,Bernedo,PER_10000,Bernedo,45.0
2019,,,Bernedo,PER_10000,Bernedo,0.0
2021,,,Bernedo,PER_10000,Bernedo,0.0
2022,,,Bernedo,PER_10000,Bernedo,0.0
2020,,,Bernedo,PER_10000,Bernedo,0.0
2020,,,Berriatua,PER_10000,Berriatua,17.4
2022,,,Berriatua,PER_10000,Berriatua,17.9
2021,,,Berriatua,PER_10000,Berriatua,35.1
2019,,,Berriatua,PER_10000,Berriatua,0.0
2023,,,Berriatua,PER_10000,Berriatua,0.0
2019,,,Berriz,PER_10000,Berriz,21.4
2023,,,Berriz,PER_10000,Berriz,30.8
2020,,,Berriz,PER_10000,Berriz,34.9
2022,,,Berriz,PER_10000,Berriz,30.8
2021,,,Berriz,PER_10000,Berriz,8.8
2022,,,Berrobi,PER_10000,Berrobi,0.0
2019,,,Berrobi,PER_10000,Berrobi,33.6
2020,,,Berrobi,PER_10000,Berrobi,34.0
2023,,,Berrobi,PER_10000,Berrobi,35.6
2021,,,Berrobi,PER_10000,Berrobi,34.5
2020,,,Bidania-Goiatz,PER_10000,Bidania-Goiatz,38.0
2021,,,Bidania-Goiatz,PER_10000,Bidania-Goiatz,0.0
2022,,,Bidania-Goiatz,PER_10000,Bidania-Goiatz,0.0
2023,,,Bidania-Goiatz,PER_10000,Bidania-Goiatz,0.0
2019,,,Bidania-Goiatz,PER_10000,Bidania-Goiatz,0.0
2021,,,Bilbao,PER_10000,Bilbao,31.1
2023,,,Bilbao,PER_10000,Bilbao,41.8
2022,,,Bilbao,PER_10000,Bilbao,36.7
2019,,,Bilbao,PER_10000,Bilbao,39.0
2020,,,Bilbao,PER_10000,Bilbao,35.6
2019,,,Busturia,PER_10000,Busturia,48.9
2020,,,Busturia,PER_10000,Busturia,60.3
2022,,,Busturia,PER_10000,Busturia,11.8
2023,,,Busturia,PER_10000,Busturia,24.0
2021,,,Busturia,PER_10000,Busturia,35.5
2023,,,Campezo / Kanpezu,PER_10000,Campezo / Kanpezu,38.8
2020,,,Campezo / Kanpezu,PER_10000,Campezo / Kanpezu,0.0
2022,,,Campezo / Kanpezu,PER_10000,Campezo / Kanpezu,0.0
2021,,,Campezo / Kanpezu,PER_10000,Campezo / Kanpezu,0.0
2019,,,Campezo / Kanpezu,PER_10000,Campezo / Kanpezu,0.0
2019,,,Deba,PER_10000,Deba,7.4
2022,,,Deba,PER_10000,Deba,22.0
2023,,,Deba,PER_10000,Deba,33.0
2021,,,Deba,PER_10000,Deba,25.6
2020,,,Deba,PER_10000,Deba,11.0
2022,,,Derio,PER_10000,Derio,40.5
2021,,,Derio,PER_10000,Derio,27.7
2019,,,Derio,PER_10000,Derio,26.7
2023,,,Derio,PER_10000,Derio,66.4
2020,,,Derio,PER_10000,Derio,22.9
2021,,,Dima,PER_10000,Dima,28.1
2023,,,Dima,PER_10000,Dima,41.3
2020,,,Dima,PER_10000,Dima,69.7
2022,,,Dima,PER_10000,Dima,0.0
2019,,,Dima,PER_10000,Dima,14.1
2021,,,Donostia / San Sebastián,PER_10000,Donostia / San Sebastián,30.9
2019,,,Donostia / San Sebastián,PER_10000,Donostia / San Sebastián,38.1
2023,,,Donostia / San Sebastián,PER_10000,Donostia / San Sebastián,40.5
2022,,,Donostia / San Sebastián,PER_10000,Donostia / San Sebastián,40.7
2020,,,Donostia / San Sebastián,PER_10000,Donostia / San Sebastián,33.1
2019,,,Durango,PER_10000,Durango,31.4
2022,,,Durango,PER_10000,Durango,39.0
2020,,,Durango,PER_10000,Durango,27.2
2021,,,Durango,PER_10000,Durango,27.9
2023,,,Durango,PER_10000,Durango,35.8
2021,,,Ea,PER_10000,Ea,25.0
2023,,,Ea,PER_10000,Ea,0.0
2020,,,Ea,PER_10000,Ea,50.5
2019,,,Ea,PER_10000,Ea,25.2
2022,,,Ea,PER_10000,Ea,0.0
2020,,,Eibar,PER_10000,Eibar,41.2
2019,,,Eibar,PER_10000,Eibar,28.4
2022,,,Eibar,PER_10000,Eibar,64.7
2023,,,Eibar,PER_10000,Eibar,50.5
2021,,,Eibar,PER_10000,Eibar,43.7
2021,,,Elantxobe,PER_10000,Elantxobe,0.0
2019,,,Elantxobe,PER_10000,Elantxobe,56.8
2023,,,Elantxobe,PER_10000,Elantxobe,0.0
2022,,,Elantxobe,PER_10000,Elantxobe,0.0
2020,,,Elantxobe,PER_10000,Elantxobe,0.0
2021,,,Elburgo / Burgelu,PER_10000,Elburgo / Burgelu,0.0
2020,,,Elburgo / Burgelu,PER_10000,Elburgo / Burgelu,0.0
2022,,,Elburgo / Burgelu,PER_10000,Elburgo / Burgelu,64.7
2023,,,Elburgo / Burgelu,PER_10000,Elburgo / Burgelu,0.0
2019,,,Elburgo / Burgelu,PER_10000,Elburgo / Burgelu,0.0
2023,,,Elciego,PER_10000,Elciego,20.0
2019,,,Elciego,PER_10000,Elciego,18.8
2022,,,Elciego,PER_10000,Elciego,20.0
2020,,,Elciego,PER_10000,Elciego,0.0
2021,,,Elciego,PER_10000,Elciego,19.6
2021,,,Elduain,PER_10000,Elduain,82.6
2023,,,Elduain,PER_10000,Elduain,0.0
2022,,,Elduain,PER_10000,Elduain,80.0
2019,,,Elduain,PER_10000,Elduain,0.0
2020,,,Elduain,PER_10000,Elduain,166.7
2022,,,Elgeta,PER_10000,Elgeta,0.0
2021,,,Elgeta,PER_10000,Elgeta,0.0
2019,,,Elgeta,PER_10000,Elgeta,55.8
2023,,,Elgeta,PER_10000,Elgeta,18.5
2020,,,Elgeta,PER_10000,Elgeta,0.0
2019,,,Elgoibar,PER_10000,Elgoibar,27.4
2022,,,Elgoibar,PER_10000,Elgoibar,39.8
2020,,,Elgoibar,PER_10000,Elgoibar,34.4
2021,,,Elgoibar,PER_10000,Elgoibar,39.7
2023,,,Elgoibar,PER_10000,Elgoibar,32.7
2021,,,Elorrio,PER_10000,Elorrio,10.6
2020,,,Elorrio,PER_10000,Elorrio,13.2
2022,,,Elorrio,PER_10000,Elorrio,15.9
2023,,,Elorrio,PER_10000,Elorrio,37.0
2019,,,Elorrio,PER_10000,Elorrio,18.5
2021,,,Elvillar / Bilar,PER_10000,Elvillar / Bilar,0.0
2019,,,Elvillar / Bilar,PER_10000,Elvillar / Bilar,54.6
2020,,,Elvillar / Bilar,PER_10000,Elvillar / Bilar,55.9
2023,,,Elvillar / Bilar,PER_10000,Elvillar / Bilar,0.0
2022,,,Elvillar / Bilar,PER_10000,Elvillar / Bilar,57.5
2020,,,Erandio,PER_10000,Erandio,39.9
2019,,,Erandio,PER_10000,Erandio,75.5
2023,,,Erandio,PER_10000,Erandio,59.8
2022,,,Erandio,PER_10000,Erandio,66.7
2021,,,Erandio,PER_10000,Erandio,55.4
2021,,,Ereño,PER_10000,Ereño,0.0
2023,,,Ereño,PER_10000,Ereño,0.0
2022,,,Ereño,PER_10000,Ereño,80.6
2019,,,Ereño,PER_10000,Ereño,0.0
2020,,,Ereño,PER_10000,Ereño,0.0
2019,,,Ermua,PER_10000,Ermua,14.9
2020,,,Ermua,PER_10000,Ermua,18.7
2022,,,Ermua,PER_10000,Ermua,42.0
2021,,,Ermua,PER_10000,Ermua,31.6
2023,,,Ermua,PER_10000,Ermua,36.8
2023,,,Errenteria,PER_10000,Errenteria,47.5
2019,,,Errenteria,PER_10000,Errenteria,55.9
2021,,,Errenteria,PER_10000,Errenteria,59.5
2022,,,Errenteria,PER_10000,Errenteria,52.0
2020,,,Errenteria,PER_10000,Errenteria,37.6
2021,,,Errezil,PER_10000,Errezil,0.0
2022,,,Errezil,PER_10000,Errezil,0.0
2020,,,Errezil,PER_10000,Errezil,36.8
2023,,,Errezil,PER_10000,Errezil,0.0
2019,,,Errezil,PER_10000,Errezil,0.0
2022,,,Erriberagoitia / Ribera Alta,PER_10000,Erriberagoitia / Ribera Alta,0.0
2019,,,Erriberagoitia / Ribera Alta,PER_10000,Erriberagoitia / Ribera Alta,56.8
2020,,,Erriberagoitia / Ribera Alta,PER_10000,Erriberagoitia / Ribera Alta,27.1
2021,,,Erriberagoitia / Ribera Alta,PER_10000,Erriberagoitia / Ribera Alta,52.5
2023,,,Erriberagoitia / Ribera Alta,PER_10000,Erriberagoitia / Ribera Alta,0.0
2023,,,Errigoiti,PER_10000,Errigoiti,43.7
2022,,,Errigoiti,PER_10000,Errigoiti,43.9
2021,,,Errigoiti,PER_10000,Errigoiti,45.2
2019,,,Errigoiti,PER_10000,Errigoiti,45.0
2020,,,Errigoiti,PER_10000,Errigoiti,90.5
2022,,,Eskoriatza,PER_10000,Eskoriatza,43.5
2023,,,Eskoriatza,PER_10000,Eskoriatza,43.3
2019,,,Eskoriatza,PER_10000,Eskoriatza,14.7
2021,,,Eskoriatza,PER_10000,Eskoriatza,53.5
2020,,,Eskoriatza,PER_10000,Eskoriatza,4.9
2019,,,Etxebarri,PER_10000,Etxebarri,24.5
2022,,,Etxebarri,PER_10000,Etxebarri,25.3
2023,,,Etxebarri,PER_10000,Etxebarri,30.2
2021,,,Etxebarri,PER_10000,Etxebarri,24.0
2020,,,Etxebarri,PER_10000,Etxebarri,45.0
2019,,,Etxebarria,PER_10000,Etxebarria,26.0
2023,,,Etxebarria,PER_10000,Etxebarria,0.0
2020,,,Etxebarria,PER_10000,Etxebarria,27.3
2022,,,Etxebarria,PER_10000,Etxebarria,57.5
2021,,,Etxebarria,PER_10000,Etxebarria,0.0
2021,,,Ezkio-Itsaso,PER_10000,Ezkio-Itsaso,0.0
2019,,,Ezkio-Itsaso,PER_10000,Ezkio-Itsaso,0.0
2022,,,Ezkio-Itsaso,PER_10000,Ezkio-Itsaso,33.2
2020,,,Ezkio-Itsaso,PER_10000,Ezkio-Itsaso,0.0
2023,,,Ezkio-Itsaso,PER_10000,Ezkio-Itsaso,0.0
2023,,,Forua,PER_10000,Forua,0.0
2021,,,Forua,PER_10000,Forua,0.0
2020,,,Forua,PER_10000,Forua,21.6
2022,,,Forua,PER_10000,Forua,83.7
2019,,,Forua,PER_10000,Forua,0.0
2020,,,Fruiz,PER_10000,Fruiz,0.0
2022,,,Fruiz,PER_10000,Fruiz,70.7
2019,,,Fruiz,PER_10000,Fruiz,0.0
2021,,,Fruiz,PER_10000,Fruiz,0.0
2023,,,Fruiz,PER_10000,Fruiz,69.7
2022,,,Gabiria,PER_10000,Gabiria,0.0
2023,,,Gabiria,PER_10000,Gabiria,44.1
2020,,,Gabiria,PER_10000,Gabiria,0.0
2019,,,Gabiria,PER_10000,Gabiria,0.0
2021,,,Gabiria,PER_10000,Gabiria,0.0
2021,,,Gaintza,PER_10000,Gaintza,0.0
2020,,,Gaintza,PER_10000,Gaintza,0.0
2019,,,Gaintza,PER_10000,Gaintza,0.0
2022,,,Gaintza,PER_10000,Gaintza,0.0
2023,,,Gaintza,PER_10000,Gaintza,0.0
2023,,,Galdakao,PER_10000,Galdakao,33.4
2019,,,Galdakao,PER_10000,Galdakao,33.5
2020,,,Galdakao,PER_10000,Galdakao,30.2
2022,,,Galdakao,PER_10000,Galdakao,28.1
2021,,,Galdakao,PER_10000,Galdakao,28.8
2019,,,Galdames,PER_10000,Galdames,24.7
2022,,,Galdames,PER_10000,Galdames,102.0
2021,,,Galdames,PER_10000,Galdames,25.5
2020,,,Galdames,PER_10000,Galdames,0.0
2023,,,Galdames,PER_10000,Galdames,76.1
2019,,,Gamiz-Fika,PER_10000,Gamiz-Fika,14.1
2022,,,Gamiz-Fika,PER_10000,Gamiz-Fika,14.4
2020,,,Gamiz-Fika,PER_10000,Gamiz-Fika,14.4
2023,,,Gamiz-Fika,PER_10000,Gamiz-Fika,0.0
2021,,,Gamiz-Fika,PER_10000,Gamiz-Fika,0.0
2019,,,Garai,PER_10000,Garai,0.0
2023,,,Garai,PER_10000,Garai,0.0
2022,,,Garai,PER_10000,Garai,0.0
2020,,,Garai,PER_10000,Garai,0.0
2021,,,Garai,PER_10000,Garai,0.0
2022,,,Gatika,PER_10000,Gatika,12.2
2023,,,Gatika,PER_10000,Gatika,24.7
2021,,,Gatika,PER_10000,Gatika,0.0
2020,,,Gatika,PER_10000,Gatika,48.2
2019,,,Gatika,PER_10000,Gatika,12.1
2021,,,Gautegiz Arteaga,PER_10000,Gautegiz Arteaga,46.2
2022,,,Gautegiz Arteaga,PER_10000,Gautegiz Arteaga,0.0
2020,,,Gautegiz Arteaga,PER_10000,Gautegiz Arteaga,23.7
2023,,,Gautegiz Arteaga,PER_10000,Gautegiz Arteaga,44.7
2019,,,Gautegiz Arteaga,PER_10000,Gautegiz Arteaga,0.0
2021,,,Gaztelu,PER_10000,Gaztelu,0.0
2023,,,Gaztelu,PER_10000,Gaztelu,0.0
2019,,,Gaztelu,PER_10000,Gaztelu,0.0
2020,,,Gaztelu,PER_10000,Gaztelu,0.0
2022,,,Gaztelu,PER_10000,Gaztelu,0.0
2023,,,Gernika-Lumo,PER_10000,Gernika-Lumo,25.0
2022,,,Gernika-Lumo,PER_10000,Gernika-Lumo,34.3
2020,,,Gernika-Lumo,PER_10000,Gernika-Lumo,43.4
2019,,,Gernika-Lumo,PER_10000,Gernika-Lumo,48.1
2021,,,Gernika-Lumo,PER_10000,Gernika-Lumo,32.1
2020,,,Getaria,PER_10000,Getaria,14.2
2021,,,Getaria,PER_10000,Getaria,14.1
2022,,,Getaria,PER_10000,Getaria,41.9
2019,,,Getaria,PER_10000,Getaria,14.1
2023,,,Getaria,PER_10000,Getaria,13.9
2020,,,Getxo,PER_10000,Getxo,21.0
2023,,,Getxo,PER_10000,Getxo,27.4
2022,,,Getxo,PER_10000,Getxo,37.0
2019,,,Getxo,PER_10000,Getxo,29.2
2021,,,Getxo,PER_10000,Getxo,21.0
2021,,,Gizaburuaga,PER_10000,Gizaburuaga,0.0
2020,,,Gizaburuaga,PER_10000,Gizaburuaga,0.0
2019,,,Gizaburuaga,PER_10000,Gizaburuaga,103.1
2023,,,Gizaburuaga,PER_10000,Gizaburuaga,0.0
2022,,,Gizaburuaga,PER_10000,Gizaburuaga,204.1
2023,,,Gordexola,PER_10000,Gordexola,36.7
2019,,,Gordexola,PER_10000,Gordexola,12.1
2022,,,Gordexola,PER_10000,Gordexola,0.0
2021,,,Gordexola,PER_10000,Gordexola,24.3
2020,,,Gordexola,PER_10000,Gordexola,48.4
2021,,,Gorliz,PER_10000,Gorliz,48.5
2023,,,Gorliz,PER_10000,Gorliz,16.1
2019,,,Gorliz,PER_10000,Gorliz,3.3
2020,,,Gorliz,PER_10000,Gorliz,35.8
2022,,,Gorliz,PER_10000,Gorliz,41.7
2021,,,Güeñes,PER_10000,Güeñes,23.5
2019,,,Güeñes,PER_10000,Güeñes,26.6
2023,,,Güeñes,PER_10000,Güeñes,20.2
2020,,,Güeñes,PER_10000,Güeñes,23.6
2022,,,Güeñes,PER_10000,Güeñes,61.0
2023,,,Harana / Valle de Arana,PER_10000,Harana / Valle de Arana,0.0
2020,,,Harana / Valle de Arana,PER_10000,Harana / Valle de Arana,0.0
2019,,,Harana / Valle de Arana,PER_10000,Harana / Valle de Arana,0.0
2021,,,Harana / Valle de Arana,PER_10000,Harana / Valle de Arana,0.0
2022,,,Harana / Valle de Arana,PER_10000,Harana / Valle de Arana,202.0
2020,,,Hernani,PER_10000,Hernani,25.0
2021,,,Hernani,PER_10000,Hernani,39.1
2022,,,Hernani,PER_10000,Hernani,42.9
2023,,,Hernani,PER_10000,Hernani,39.3
2019,,,Hernani,PER_10000,Hernani,41.9
2022,,,Hernialde,PER_10000,Hernialde,0.0
2019,,,Hernialde,PER_10000,Hernialde,0.0
2020,,,Hernialde,PER_10000,Hernialde,66.2
2023,,,Hernialde,PER_10000,Hernialde,0.0
2021,,,Hernialde,PER_10000,Hernialde,0.0
2022,,,Hondarribia,PER_10000,Hondarribia,24.3
2020,,,Hondarribia,PER_10000,Hondarribia,25.7
2019,,,Hondarribia,PER_10000,Hondarribia,37.4
2021,,,Hondarribia,PER_10000,Hondarribia,17.4
2023,,,Hondarribia,PER_10000,Hondarribia,45.3
2021,,,Ibarra,PER_10000,Ibarra,19.1
2023,,,Ibarra,PER_10000,Ibarra,24.2
2022,,,Ibarra,PER_10000,Ibarra,62.7
2020,,,Ibarra,PER_10000,Ibarra,37.3
2019,,,Ibarra,PER_10000,Ibarra,27.6
2019,,,Ibarrangelu,PER_10000,Ibarrangelu,0.0
2023,,,Ibarrangelu,PER_10000,Ibarrangelu,0.0
2020,,,Ibarrangelu,PER_10000,Ibarrangelu,62.9
2022,,,Ibarrangelu,PER_10000,Ibarrangelu,0.0
2021,,,Ibarrangelu,PER_10000,Ibarrangelu,29.7
2019,,,Idiazabal,PER_10000,Idiazabal,0.0
2023,,,Idiazabal,PER_10000,Idiazabal,34.6
2021,,,Idiazabal,PER_10000,Idiazabal,26.2
2020,,,Idiazabal,PER_10000,Idiazabal,0.0
2022,,,Idiazabal,PER_10000,Idiazabal,17.4
2022,,,Igorre,PER_10000,Igorre,56.4
2021,,,Igorre,PER_10000,Igorre,23.3
2023,,,Igorre,PER_10000,Igorre,79.0
2019,,,Igorre,PER_10000,Igorre,27.9
2020,,,Igorre,PER_10000,Igorre,32.5
2023,,,Ikaztegieta,PER_10000,Ikaztegieta,0.0
2021,,,Ikaztegieta,PER_10000,Ikaztegieta,0.0
2019,,,Ikaztegieta,PER_10000,Ikaztegieta,0.0
2022,,,Ikaztegieta,PER_10000,Ikaztegieta,0.0
2020,,,Ikaztegieta,PER_10000,Ikaztegieta,0.0
2020,,,Irun,PER_10000,Irun,43.9
2021,,,Irun,PER_10000,Irun,51.8
2023,,,Irun,PER_10000,Irun,67.1
2022,,,Irun,PER_10000,Irun,63.2
2019,,,Irun,PER_10000,Irun,49.3
2022,,,Iruña Oka / Iruña de Oca,PER_10000,Iruña Oka / Iruña de Oca,64.4
2020,,,Iruña Oka / Iruña de Oca,PER_10000,Iruña Oka / Iruña de Oca,41.1
2019,,,Iruña Oka / Iruña de Oca,PER_10000,Iruña Oka / Iruña de Oca,29.2
2021,,,Iruña Oka / Iruña de Oca,PER_10000,Iruña Oka / Iruña de Oca,23.7
2023,,,Iruña Oka / Iruña de Oca,PER_10000,Iruña Oka / Iruña de Oca,63.7
2023,,,Irura,PER_10000,Irura,0.0
2022,,,Irura,PER_10000,Irura,22.3
2020,,,Irura,PER_10000,Irura,69.1
2019,,,Irura,PER_10000,Irura,11.5
2021,,,Irura,PER_10000,Irura,34.3
2021,,,Iruraiz-Gauna,PER_10000,Iruraiz-Gauna,0.0
2023,,,Iruraiz-Gauna,PER_10000,Iruraiz-Gauna,38.5
2020,,,Iruraiz-Gauna,PER_10000,Iruraiz-Gauna,0.0
2022,,,Iruraiz-Gauna,PER_10000,Iruraiz-Gauna,0.0
2019,,,Iruraiz-Gauna,PER_10000,Iruraiz-Gauna,0.0
2019,,,Ispaster,PER_10000,Ispaster,28.7
2023,,,Ispaster,PER_10000,Ispaster,0.0
2022,,,Ispaster,PER_10000,Ispaster,28.2
2020,,,Ispaster,PER_10000,Ispaster,0.0
2021,,,Ispaster,PER_10000,Ispaster,0.0
2023,,,Itsasondo,PER_10000,Itsasondo,0.0
2020,,,Itsasondo,PER_10000,Itsasondo,28.6
2021,,,Itsasondo,PER_10000,Itsasondo,0.0
2022,,,Itsasondo,PER_10000,Itsasondo,30.4
2019,,,Itsasondo,PER_10000,Itsasondo,82.6
2019,,,Iurreta,PER_10000,Iurreta,0.0
2020,,,Iurreta,PER_10000,Iurreta,31.7
2021,,,Iurreta,PER_10000,Iurreta,21.3
2022,,,Iurreta,PER_10000,Iurreta,26.9
2023,,,Iurreta,PER_10000,Iurreta,15.7
2023,,,Izurtza,PER_10000,Izurtza,0.0
2021,,,Izurtza,PER_10000,Izurtza,0.0
2020,,,Izurtza,PER_10000,Izurtza,0.0
2019,,,Izurtza,PER_10000,Izurtza,0.0
2022,,,Izurtza,PER_10000,Izurtza,224.7
2020,,,Karrantza Harana / Valle de Carranza,PER_10000,Karrantza Harana / Valle de Carranza,66.6
2022,,,Karrantza Harana / Valle de Carranza,PER_10000,Karrantza Harana / Valle de Carranza,15.1
2021,,,Karrantza Harana / Valle de Carranza,PER_10000,Karrantza Harana / Valle de Carranza,37.5
2023,,,Karrantza Harana / Valle de Carranza,PER_10000,Karrantza Harana / Valle de Carranza,7.7
2019,,,Karrantza Harana / Valle de Carranza,PER_10000,Karrantza Harana / Valle de Carranza,22.0
2020,,,Kortezubi,PER_10000,Kortezubi,0.0
2022,,,Kortezubi,PER_10000,Kortezubi,0.0
2021,,,Kortezubi,PER_10000,Kortezubi,0.0
2023,,,Kortezubi,PER_10000,Kortezubi,42.0
2019,,,Kortezubi,PER_10000,Kortezubi,0.0
2020,,,Kripan,PER_10000,Kripan,0.0
2019,,,Kripan,PER_10000,Kripan,0.0
2022,,,Kripan,PER_10000,Kripan,0.0
2021,,,Kripan,PER_10000,Kripan,0.0
2023,,,Kripan,PER_10000,Kripan,0.0
2020,,,Kuartango,PER_10000,Kuartango,0.0
2022,,,Kuartango,PER_10000,Kuartango,0.0
2019,,,Kuartango,PER_10000,Kuartango,0.0
2023,,,Kuartango,PER_10000,Kuartango,0.0
2021,,,Kuartango,PER_10000,Kuartango,58.5
2023,,,Labastida / Bastida,PER_10000,Labastida / Bastida,25.4
2019,,,Labastida / Bastida,PER_10000,Labastida / Bastida,26.8
2020,,,Labastida / Bastida,PER_10000,Labastida / Bastida,26.0
2022,,,Labastida / Bastida,PER_10000,Labastida / Bastida,25.6
2021,,,Labastida / Bastida,PER_10000,Labastida / Bastida,0.0
2021,,,Lagrán,PER_10000,Lagrán,0.0
2019,,,Lagrán,PER_10000,Lagrán,0.0
2020,,,Lagrán,PER_10000,Lagrán,0.0
2023,,,Lagrán,PER_10000,Lagrán,246.9
2022,,,Lagrán,PER_10000,Lagrán,0.0
2019,,,Laguardia,PER_10000,Laguardia,27.7
2021,,,Laguardia,PER_10000,Laguardia,13.9
2023,,,Laguardia,PER_10000,Laguardia,42.2
2020,,,Laguardia,PER_10000,Laguardia,14.0
2022,,,Laguardia,PER_10000,Laguardia,13.8
2022,,,Lanciego / Lantziego,PER_10000,Lanciego / Lantziego,0.0
2020,,,Lanciego / Lantziego,PER_10000,Lanciego / Lantziego,0.0
2023,,,Lanciego / Lantziego,PER_10000,Lanciego / Lantziego,26.9
2019,,,Lanciego / Lantziego,PER_10000,Lanciego / Lantziego,29.2
2021,,,Lanciego / Lantziego,PER_10000,Lanciego / Lantziego,28.4
2020,,,Lanestosa,PER_10000,Lanestosa,78.7
2019,,,Lanestosa,PER_10000,Lanestosa,0.0
2023,,,Lanestosa,PER_10000,Lanestosa,0.0
2022,,,Lanestosa,PER_10000,Lanestosa,155.0
2021,,,Lanestosa,PER_10000,Lanestosa,0.0
2019,,,Lantarón,PER_10000,Lantarón,48.4
2023,,,Lantarón,PER_10000,Lantarón,0.0
2020,,,Lantarón,PER_10000,Lantarón,0.0
2022,,,Lantarón,PER_10000,Lantarón,115.7
2021,,,Lantarón,PER_10000,Lantarón,71.3
2021,,,Lapuebla de Labarca,PER_10000,Lapuebla de Labarca,47.6
2019,,,Lapuebla de Labarca,PER_10000,Lapuebla de Labarca,46.8
2023,,,Lapuebla de Labarca,PER_10000,Lapuebla de Labarca,0.0
2022,,,Lapuebla de Labarca,PER_10000,Lapuebla de Labarca,23.7
2020,,,Lapuebla de Labarca,PER_10000,Lapuebla de Labarca,23.6
2021,,,Larrabetzu,PER_10000,Larrabetzu,9.4
2020,,,Larrabetzu,PER_10000,Larrabetzu,28.1
2023,,,Larrabetzu,PER_10000,Larrabetzu,37.5
2019,,,Larrabetzu,PER_10000,Larrabetzu,0.0
2022,,,Larrabetzu,PER_10000,Larrabetzu,0.0
2020,,,Larraul,PER_10000,Larraul,0.0
2023,,,Larraul,PER_10000,Larraul,0.0
2022,,,Larraul,PER_10000,Larraul,0.0
2021,,,Larraul,PER_10000,Larraul,90.1
2019,,,Larraul,PER_10000,Larraul,0.0
2022,,,Lasarte-Oria,PER_10000,Lasarte-Oria,37.2
2020,,,Lasarte-Oria,PER_10000,Lasarte-Oria,37.8
2019,,,Lasarte-Oria,PER_10000,Lasarte-Oria,33.1
2021,,,Lasarte-Oria,PER_10000,Lasarte-Oria,23.3
2023,,,Lasarte-Oria,PER_10000,Lasarte-Oria,36.8
2021,,,Laudio / Llodio,PER_10000,Laudio / Llodio,32.3
2023,,,Laudio / Llodio,PER_10000,Laudio / Llodio,31.1
2019,,,Laudio / Llodio,PER_10000,Laudio / Llodio,26.5
2022,,,Laudio / Llodio,PER_10000,Laudio / Llodio,51.6
2020,,,Laudio / Llodio,PER_10000,Laudio / Llodio,19.2
2022,,,Laukiz,PER_10000,Laukiz,0.0
2019,,,Laukiz,PER_10000,Laukiz,0.0
2020,,,Laukiz,PER_10000,Laukiz,15.6
2023,,,Laukiz,PER_10000,Laukiz,15.6
2021,,,Laukiz,PER_10000,Laukiz,15.5
2020,,,Lazkao,PER_10000,Lazkao,24.4
2022,,,Lazkao,PER_10000,Lazkao,27.6
2019,,,Lazkao,PER_10000,Lazkao,14.3
2023,,,Lazkao,PER_10000,Lazkao,41.0
2021,,,Lazkao,PER_10000,Lazkao,20.7
2023,,,Leaburu,PER_10000,Leaburu,0.0
2021,,,Leaburu,PER_10000,Leaburu,0.0
2019,,,Leaburu,PER_10000,Leaburu,0.0
2022,,,Leaburu,PER_10000,Leaburu,0.0
2020,,,Leaburu,PER_10000,Leaburu,0.0
2023,,,Legazpi,PER_10000,Legazpi,31.3
2020,,,Legazpi,PER_10000,Legazpi,28.9
2022,,,Legazpi,PER_10000,Legazpi,21.9
2021,,,Legazpi,PER_10000,Legazpi,21.8
2019,,,Legazpi,PER_10000,Legazpi,24.0
2021,,,Legorreta,PER_10000,Legorreta,27.5
2023,,,Legorreta,PER_10000,Legorreta,95.6
2020,,,Legorreta,PER_10000,Legorreta,27.6
2022,,,Legorreta,PER_10000,Legorreta,41.3
2019,,,Legorreta,PER_10000,Legorreta,27.7
2019,,,Legutio,PER_10000,Legutio,46.3
2023,,,Legutio,PER_10000,Legutio,39.4
2020,,,Legutio,PER_10000,Legutio,44.2
2022,,,Legutio,PER_10000,Legutio,31.1
2021,,,Legutio,PER_10000,Legutio,74.0
2020,,,Leintz-Gatzaga,PER_10000,Leintz-Gatzaga,0.0
2022,,,Leintz-Gatzaga,PER_10000,Leintz-Gatzaga,0.0
2021,,,Leintz-Gatzaga,PER_10000,Leintz-Gatzaga,0.0
2019,,,Leintz-Gatzaga,PER_10000,Leintz-Gatzaga,0.0
2023,,,Leintz-Gatzaga,PER_10000,Leintz-Gatzaga,0.0
2019,,,Leioa,PER_10000,Leioa,41.6
2022,,,Leioa,PER_10000,Leioa,43.0
2023,,,Leioa,PER_10000,Leioa,34.3
2020,,,Leioa,PER_10000,Leioa,36.8
2021,,,Leioa,PER_10000,Leioa,37.8
2022,,,Lekeitio,PER_10000,Lekeitio,13.9
2020,,,Lekeitio,PER_10000,Lekeitio,19.1
2019,,,Lekeitio,PER_10000,Lekeitio,16.4
2023,,,Lekeitio,PER_10000,Lekeitio,27.7
2021,,,Lekeitio,PER_10000,Lekeitio,16.4
2022,,,Lemoa,PER_10000,Lemoa,22.5
2019,,,Lemoa,PER_10000,Lemoa,27.7
2021,,,Lemoa,PER_10000,Lemoa,28.3
2020,,,Lemoa,PER_10000,Lemoa,28.1
2023,,,Lemoa,PER_10000,Lemoa,45.1
2022,,,Lemoiz,PER_10000,Lemoiz,47.5
2021,,,Lemoiz,PER_10000,Lemoiz,15.8
2020,,,Lemoiz,PER_10000,Lemoiz,0.0
2019,,,Lemoiz,PER_10000,Lemoiz,17.3
2023,,,Lemoiz,PER_10000,Lemoiz,0.0
2022,,,Leza,PER_10000,Leza,89.3
2019,,,Leza,PER_10000,Leza,0.0
2020,,,Leza,PER_10000,Leza,90.1
2023,,,Leza,PER_10000,Leza,0.0
2021,,,Leza,PER_10000,Leza,0.0
2020,,,Lezama,PER_10000,Lezama,16.3
2019,,,Lezama,PER_10000,Lezama,24.4
2023,,,Lezama,PER_10000,Lezama,24.9
2022,,,Lezama,PER_10000,Lezama,41.3
2021,,,Lezama,PER_10000,Lezama,32.7
2022,,,Lezo,PER_10000,Lezo,42.6
2020,,,Lezo,PER_10000,Lezo,62.3
2019,,,Lezo,PER_10000,Lezo,42.7
2021,,,Lezo,PER_10000,Lezo,52.3
2023,,,Lezo,PER_10000,Lezo,49.2
2023,,,Lizartza,PER_10000,Lizartza,0.0
2021,,,Lizartza,PER_10000,Lizartza,0.0
2020,,,Lizartza,PER_10000,Lizartza,0.0
2022,,,Lizartza,PER_10000,Lizartza,0.0
2019,,,Lizartza,PER_10000,Lizartza,98.4
2021,,,Loiu,PER_10000,Loiu,45.8
2022,,,Loiu,PER_10000,Loiu,45.3
2020,,,Loiu,PER_10000,Loiu,27.1
2019,,,Loiu,PER_10000,Loiu,61.2
2023,,,Loiu,PER_10000,Loiu,36.1
2020,,,Mallabia,PER_10000,Mallabia,17.1
2023,,,Mallabia,PER_10000,Mallabia,87.0
2019,,,Mallabia,PER_10000,Mallabia,17.3
2022,,,Mallabia,PER_10000,Mallabia,34.2
2021,,,Mallabia,PER_10000,Mallabia,16.9
2022,,,Mañaria,PER_10000,Mañaria,0.0
2023,,,Mañaria,PER_10000,Mañaria,38.6
2021,,,Mañaria,PER_10000,Mañaria,79.4
2020,,,Mañaria,PER_10000,Mañaria,38.8
2019,,,Mañaria,PER_10000,Mañaria,77.5
2021,,,Markina-Xemein,PER_10000,Markina-Xemein,44.7
2020,,,Markina-Xemein,PER_10000,Markina-Xemein,20.3
2019,,,Markina-Xemein,PER_10000,Markina-Xemein,8.2
2023,,,Markina-Xemein,PER_10000,Markina-Xemein,36.0
2022,,,Markina-Xemein,PER_10000,Markina-Xemein,24.3
2020,,,Maruri-Jatabe,PER_10000,Maruri-Jatabe,0.0
2023,,,Maruri-Jatabe,PER_10000,Maruri-Jatabe,0.0
2021,,,Maruri-Jatabe,PER_10000,Maruri-Jatabe,0.0
2019,,,Maruri-Jatabe,PER_10000,Maruri-Jatabe,0.0
2022,,,Maruri-Jatabe,PER_10000,Maruri-Jatabe,0.0
2019,,,Mendaro,PER_10000,Mendaro,18.9
2021,,,Mendaro,PER_10000,Mendaro,0.0
2023,,,Mendaro,PER_10000,Mendaro,70.9
2020,,,Mendaro,PER_10000,Mendaro,29.5
2022,,,Mendaro,PER_10000,Mendaro,30.2
2020,,,Mendata,PER_10000,Mendata,0.0
2022,,,Mendata,PER_10000,Mendata,0.0
2019,,,Mendata,PER_10000,Mendata,52.6
2021,,,Mendata,PER_10000,Mendata,49.0
2023,,,Mendata,PER_10000,Mendata,0.0
2022,,,Mendexa,PER_10000,Mendexa,47.6
2019,,,Mendexa,PER_10000,Mendexa,41.3
2021,,,Mendexa,PER_10000,Mendexa,0.0
2020,,,Mendexa,PER_10000,Mendexa,87.3
2023,,,Mendexa,PER_10000,Mendexa,95.2
2019,,,Meñaka,PER_10000,Meñaka,0.0
2021,,,Meñaka,PER_10000,Meñaka,58.0
2020,,,Meñaka,PER_10000,Meñaka,0.0
2023,,,Meñaka,PER_10000,Meñaka,58.0
2022,,,Meñaka,PER_10000,Meñaka,0.0
2020,,,Moreda de Álava / Moreda Araba,PER_10000,Moreda de Álava / Moreda Araba,0.0
2021,,,Moreda de Álava / Moreda Araba,PER_10000,Moreda de Álava / Moreda Araba,0.0
2019,,,Moreda de Álava / Moreda Araba,PER_10000,Moreda de Álava / Moreda Araba,0.0
2023,,,Moreda de Álava / Moreda Araba,PER_10000,Moreda de Álava / Moreda Araba,0.0
2022,,,Moreda de Álava / Moreda Araba,PER_10000,Moreda de Álava / Moreda Araba,0.0
2020,,,Morga,PER_10000,Morga,0.0
2021,,,Morga,PER_10000,Morga,0.0
2023,,,Morga,PER_10000,Morga,0.0
2022,,,Morga,PER_10000,Morga,0.0
2019,,,Morga,PER_10000,Morga,0.0
2022,,,Mundaka,PER_10000,Mundaka,41.3
2023,,,Mundaka,PER_10000,Mundaka,10.5
2021,,,Mundaka,PER_10000,Mundaka,41.1
2020,,,Mundaka,PER_10000,Mundaka,30.8
2019,,,Mundaka,PER_10000,Mundaka,0.0
2021,,,Mungia,PER_10000,Mungia,28.0
2020,,,Mungia,PER_10000,Mungia,32.5
2019,,,Mungia,PER_10000,Mungia,26.9
2023,,,Mungia,PER_10000,Mungia,37.4
2022,,,Mungia,PER_10000,Mungia,28.9
2021,,,Munitibar-Arbatzegi Gerrikaitz,PER_10000,Munitibar-Arbatzegi Gerrikaitz,0.0
2019,,,Munitibar-Arbatzegi Gerrikaitz,PER_10000,Munitibar-Arbatzegi Gerrikaitz,0.0
2023,,,Munitibar-Arbatzegi Gerrikaitz,PER_10000,Munitibar-Arbatzegi Gerrikaitz,48.8
2020,,,Munitibar-Arbatzegi Gerrikaitz,PER_10000,Munitibar-Arbatzegi Gerrikaitz,0.0
2022,,,Munitibar-Arbatzegi Gerrikaitz,PER_10000,Munitibar-Arbatzegi Gerrikaitz,93.0
2021,,,Murueta,PER_10000,Murueta,0.0
2019,,,Murueta,PER_10000,Murueta,187.5
2022,,,Murueta,PER_10000,Murueta,0.0
2020,,,Murueta,PER_10000,Murueta,63.3
2023,,,Murueta,PER_10000,Murueta,0.0
2020,,,Muskiz,PER_10000,Muskiz,71.4
2022,,,Muskiz,PER_10000,Muskiz,45.9
2019,,,Muskiz,PER_10000,Muskiz,42.0
2023,,,Muskiz,PER_10000,Muskiz,89.5
2021,,,Muskiz,PER_10000,Muskiz,32.1
2022,,,Mutiloa,PER_10000,Mutiloa,0.0
2020,,,Mutiloa,PER_10000,Mutiloa,0.0
2019,,,Mutiloa,PER_10000,Mutiloa,0.0
2021,,,Mutiloa,PER_10000,Mutiloa,0.0
2023,,,Mutiloa,PER_10000,Mutiloa,0.0
2023,,,Mutriku,PER_10000,Mutriku,22.5
2021,,,Mutriku,PER_10000,Mutriku,34.1
2019,,,Mutriku,PER_10000,Mutriku,34.2
2020,,,Mutriku,PER_10000,Mutriku,22.7
2022,,,Mutriku,PER_10000,Mutriku,56.6
2023,,,Muxika,PER_10000,Muxika,14.1
2022,,,Muxika,PER_10000,Muxika,28.1
2020,,,Muxika,PER_10000,Muxika,56.3
2021,,,Muxika,PER_10000,Muxika,28.6
2019,,,Muxika,PER_10000,Muxika,13.7
2020,,,Nabarniz,PER_10000,Nabarniz,0.0
2022,,,Nabarniz,PER_10000,Nabarniz,72.5
2021,,,Nabarniz,PER_10000,Nabarniz,71.9
2019,,,Nabarniz,PER_10000,Nabarniz,0.0
2023,,,Nabarniz,PER_10000,Nabarniz,0.0
2019,,,Navaridas,PER_10000,Navaridas,0.0
2021,,,Navaridas,PER_10000,Navaridas,0.0
2023,,,Navaridas,PER_10000,Navaridas,0.0
2022,,,Navaridas,PER_10000,Navaridas,0.0
2020,,,Navaridas,PER_10000,Navaridas,0.0
2022,,,Oiartzun,PER_10000,Oiartzun,26.7
2021,,,Oiartzun,PER_10000,Oiartzun,32.3
2019,,,Oiartzun,PER_10000,Oiartzun,28.3
2020,,,Oiartzun,PER_10000,Oiartzun,32.2
2023,,,Oiartzun,PER_10000,Oiartzun,30.5
2019,,,Okondo,PER_10000,Okondo,17.5
2023,,,Okondo,PER_10000,Okondo,36.4
2020,,,Okondo,PER_10000,Okondo,0.0
2021,,,Okondo,PER_10000,Okondo,0.0
2022,,,Okondo,PER_10000,Okondo,18.3
2022,,,Olaberria,PER_10000,Olaberria,22.5
2023,,,Olaberria,PER_10000,Olaberria,66.7
2019,,,Olaberria,PER_10000,Olaberria,0.0
2020,,,Olaberria,PER_10000,Olaberria,44.2
2021,,,Olaberria,PER_10000,Olaberria,22.1
2022,,,Ondarroa,PER_10000,Ondarroa,40.8
2019,,,Ondarroa,PER_10000,Ondarroa,18.8
2020,,,Ondarroa,PER_10000,Ondarroa,26.0
2023,,,Ondarroa,PER_10000,Ondarroa,29.1
2021,,,Ondarroa,PER_10000,Ondarroa,14.3
2022,,,Oñati,PER_10000,Oñati,22.4
2020,,,Oñati,PER_10000,Oñati,13.8
2019,,,Oñati,PER_10000,Oñati,15.5
2021,,,Oñati,PER_10000,Oñati,5.2
2023,,,Oñati,PER_10000,Oñati,18.8
2019,,,Ordizia,PER_10000,Ordizia,21.6
2021,,,Ordizia,PER_10000,Ordizia,31.5
2023,,,Ordizia,PER_10000,Ordizia,32.8
2020,,,Ordizia,PER_10000,Ordizia,39.3
2022,,,Ordizia,PER_10000,Ordizia,42.8
2023,,,Orendain,PER_10000,Orendain,0.0
2019,,,Orendain,PER_10000,Orendain,92.6
2021,,,Orendain,PER_10000,Orendain,0.0
2020,,,Orendain,PER_10000,Orendain,87.0
2022,,,Orendain,PER_10000,Orendain,0.0
2022,,,Orexa,PER_10000,Orexa,0.0
2020,,,Orexa,PER_10000,Orexa,0.0
2019,,,Orexa,PER_10000,Orexa,0.0
2021,,,Orexa,PER_10000,Orexa,0.0
2023,,,Orexa,PER_10000,Orexa,0.0
2019,,,Orio,PER_10000,Orio,23.1
2023,,,Orio,PER_10000,Orio,42.9
2021,,,Orio,PER_10000,Orio,26.4
2020,,,Orio,PER_10000,Orio,36.1
2022,,,Orio,PER_10000,Orio,36.4
2021,,,Ormaiztegi,PER_10000,Ormaiztegi,0.0
2023,,,Ormaiztegi,PER_10000,Ormaiztegi,16.2
2022,,,Ormaiztegi,PER_10000,Ormaiztegi,16.2
2020,,,Ormaiztegi,PER_10000,Ormaiztegi,0.0
2019,,,Ormaiztegi,PER_10000,Ormaiztegi,15.5
2020,,,Orozko,PER_10000,Orozko,51.5
2021,,,Orozko,PER_10000,Orozko,36.1
2019,,,Orozko,PER_10000,Orozko,7.5
2023,,,Orozko,PER_10000,Orozko,22.0
2022,,,Orozko,PER_10000,Orozko,7.2
2019,,,Ortuella,PER_10000,Ortuella,65.2
2021,,,Ortuella,PER_10000,Ortuella,67.2
2022,,,Ortuella,PER_10000,Ortuella,50.7
2020,,,Ortuella,PER_10000,Ortuella,60.6
2023,,,Ortuella,PER_10000,Ortuella,54.9
2019,,,Otxandio,PER_10000,Otxandio,29.9
2021,,,Otxandio,PER_10000,Otxandio,0.0
2020,,,Otxandio,PER_10000,Otxandio,30.0
2023,,,Otxandio,PER_10000,Otxandio,77.0
2022,,,Otxandio,PER_10000,Otxandio,0.0
2023,,,Oyón-Oion,PER_10000,Oyón-Oion,51.8
2020,,,Oyón-Oion,PER_10000,Oyón-Oion,40.2
2019,,,Oyón-Oion,PER_10000,Oyón-Oion,11.6
2021,,,Oyón-Oion,PER_10000,Oyón-Oion,17.1
2022,,,Oyón-Oion,PER_10000,Oyón-Oion,22.7
2020,,,Pasaia,PER_10000,Pasaia,41.5
2022,,,Pasaia,PER_10000,Pasaia,51.1
2019,,,Pasaia,PER_10000,Pasaia,47.2
2021,,,Pasaia,PER_10000,Pasaia,46.5
2023,,,Pasaia,PER_10000,Pasaia,52.0
2021,,,Peñacerrada-Urizaharra,PER_10000,Peñacerrada-Urizaharra,0.0
2020,,,Peñacerrada-Urizaharra,PER_10000,Peñacerrada-Urizaharra,78.1
2019,,,Peñacerrada-Urizaharra,PER_10000,Peñacerrada-Urizaharra,0.0
2023,,,Peñacerrada-Urizaharra,PER_10000,Peñacerrada-Urizaharra,0.0
2022,,,Peñacerrada-Urizaharra,PER_10000,Peñacerrada-Urizaharra,0.0
2019,,,Plentzia,PER_10000,Plentzia,35.6
2020,,,Plentzia,PER_10000,Plentzia,52.4
2022,,,Plentzia,PER_10000,Plentzia,43.7
2021,,,Plentzia,PER_10000,Plentzia,30.4
2023,,,Plentzia,PER_10000,Plentzia,30.6
2023,,,Portugalete,PER_10000,Portugalete,49.7
2019,,,Portugalete,PER_10000,Portugalete,34.9
2022,,,Portugalete,PER_10000,Portugalete,42.5
2021,,,Portugalete,PER_10000,Portugalete,44.3
2020,,,Portugalete,PER_10000,Portugalete,35.9
2022,,,Ribera Baja / Erriberabeitia,PER_10000,Ribera Baja / Erriberabeitia,80.3
2019,,,Ribera Baja / Erriberabeitia,PER_10000,Ribera Baja / Erriberabeitia,0.0
2023,,,Ribera Baja / Erriberabeitia,PER_10000,Ribera Baja / Erriberabeitia,39.4
2020,,,Ribera Baja / Erriberabeitia,PER_10000,Ribera Baja / Erriberabeitia,66.7
2021,,,Ribera Baja / Erriberabeitia,PER_10000,Ribera Baja / Erriberabeitia,13.5
2023,,,Samaniego,PER_10000,Samaniego,0.0
2019,,,Samaniego,PER_10000,Samaniego,0.0
2022,,,Samaniego,PER_10000,Samaniego,69.9
2020,,,Samaniego,PER_10000,Samaniego,0.0
2021,,,Samaniego,PER_10000,Samaniego,0.0
2020,,,San Millán / Donemiliaga,PER_10000,San Millán / Donemiliaga,61.7
2021,,,San Millán / Donemiliaga,PER_10000,San Millán / Donemiliaga,30.3
2022,,,San Millán / Donemiliaga,PER_10000,San Millán / Donemiliaga,29.8
2019,,,San Millán / Donemiliaga,PER_10000,San Millán / Donemiliaga,94.0
2023,,,San Millán / Donemiliaga,PER_10000,San Millán / Donemiliaga,60.8
2023,,,Santurtzi,PER_10000,Santurtzi,63.0
2022,,,Santurtzi,PER_10000,Santurtzi,59.8
2021,,,Santurtzi,PER_10000,Santurtzi,55.3
2020,,,Santurtzi,PER_10000,Santurtzi,37.8
2019,,,Santurtzi,PER_10000,Santurtzi,33.6
2019,,,Segura,PER_10000,Segura,0.0
2021,,,Segura,PER_10000,Segura,0.0
2023,,,Segura,PER_10000,Segura,0.0
2022,,,Segura,PER_10000,Segura,0.0
2020,,,Segura,PER_10000,Segura,26.7
2021,,,Sestao,PER_10000,Sestao,73.3
2019,,,Sestao,PER_10000,Sestao,77.1
2023,,,Sestao,PER_10000,Sestao,84.7
2022,,,Sestao,PER_10000,Sestao,72.7
2020,,,Sestao,PER_10000,Sestao,87.4
2023,,,Sondika,PER_10000,Sondika,33.8
2020,,,Sondika,PER_10000,Sondika,21.2
2019,,,Sondika,PER_10000,Sondika,21.2
2022,,,Sondika,PER_10000,Sondika,16.9
2021,,,Sondika,PER_10000,Sondika,46.9
2023,,,Sopela,PER_10000,Sopela,20.1
2020,,,Sopela,PER_10000,Sopela,22.5
2019,,,Sopela,PER_10000,Sopela,21.2
2022,,,Sopela,PER_10000,Sopela,26.1
2021,,,Sopela,PER_10000,Sopela,42.9
2023,,,Sopuerta,PER_10000,Sopuerta,14.6
2019,,,Sopuerta,PER_10000,Sopuerta,15.9
2022,,,Sopuerta,PER_10000,Sopuerta,0.0
2021,,,Sopuerta,PER_10000,Sopuerta,37.2
2020,,,Sopuerta,PER_10000,Sopuerta,23.1
2021,,,Soraluze-Placencia de las Armas,PER_10000,Soraluze-Placencia de las Armas,37.3
2019,,,Soraluze-Placencia de las Armas,PER_10000,Soraluze-Placencia de las Armas,30.5
2020,,,Soraluze-Placencia de las Armas,PER_10000,Soraluze-Placencia de las Armas,31.1
2022,,,Soraluze-Placencia de las Armas,PER_10000,Soraluze-Placencia de las Armas,49.6
2023,,,Soraluze-Placencia de las Armas,PER_10000,Soraluze-Placencia de las Armas,27.7
2020,,,Sukarrieta,PER_10000,Sukarrieta,0.0
2019,,,Sukarrieta,PER_10000,Sukarrieta,59.9
2023,,,Sukarrieta,PER_10000,Sukarrieta,57.1
2022,,,Sukarrieta,PER_10000,Sukarrieta,58.5
2021,,,Sukarrieta,PER_10000,Sukarrieta,0.0
2023,,,Tolosa,PER_10000,Tolosa,44.9
2020,,,Tolosa,PER_10000,Tolosa,21.8
2022,,,Tolosa,PER_10000,Tolosa,35.2
2021,,,Tolosa,PER_10000,Tolosa,37.5
2019,,,Tolosa,PER_10000,Tolosa,21.1
2021,,,Trucios-Turtzioz,PER_10000,Trucios-Turtzioz,0.0
2022,,,Trucios-Turtzioz,PER_10000,Trucios-Turtzioz,0.0
2019,,,Trucios-Turtzioz,PER_10000,Trucios-Turtzioz,39.4
2020,,,Trucios-Turtzioz,PER_10000,Trucios-Turtzioz,0.0
2023,,,Trucios-Turtzioz,PER_10000,Trucios-Turtzioz,152.7
2021,,,Ubide,PER_10000,Ubide,0.0
2020,,,Ubide,PER_10000,Ubide,0.0
2019,,,Ubide,PER_10000,Ubide,0.0
2023,,,Ubide,PER_10000,Ubide,112.4
2022,,,Ubide,PER_10000,Ubide,0.0
2021,,,Ugao-Miraballes,PER_10000,Ugao-Miraballes,54.4
2020,,,Ugao-Miraballes,PER_10000,Ugao-Miraballes,64.1
2019,,,Ugao-Miraballes,PER_10000,Ugao-Miraballes,39.5
2022,,,Ugao-Miraballes,PER_10000,Ugao-Miraballes,39.4
2023,,,Ugao-Miraballes,PER_10000,Ugao-Miraballes,19.6
2020,,,Urduliz,PER_10000,Urduliz,29.7
2019,,,Urduliz,PER_10000,Urduliz,23.1
2023,,,Urduliz,PER_10000,Urduliz,28.5
2022,,,Urduliz,PER_10000,Urduliz,18.9
2021,,,Urduliz,PER_10000,Urduliz,39.5
2022,,,Urduña / Orduña,PER_10000,Urduña / Orduña,55.2
2019,,,Urduña / Orduña,PER_10000,Urduña / Orduña,54.5
2023,,,Urduña / Orduña,PER_10000,Urduña / Orduña,35.2
2021,,,Urduña / Orduña,PER_10000,Urduña / Orduña,35.2
2020,,,Urduña / Orduña,PER_10000,Urduña / Orduña,24.9
2021,,,Urkabustaiz,PER_10000,Urkabustaiz,0.0
2019,,,Urkabustaiz,PER_10000,Urkabustaiz,29.4
2020,,,Urkabustaiz,PER_10000,Urkabustaiz,43.6
2022,,,Urkabustaiz,PER_10000,Urkabustaiz,29.0
2023,,,Urkabustaiz,PER_10000,Urkabustaiz,0.0
2021,,,Urnieta,PER_10000,Urnieta,26.0
2019,,,Urnieta,PER_10000,Urnieta,16.1
2022,,,Urnieta,PER_10000,Urnieta,52.2
2023,,,Urnieta,PER_10000,Urnieta,35.6
2020,,,Urnieta,PER_10000,Urnieta,54.9
2022,,,Urretxu,PER_10000,Urretxu,5.9
2019,,,Urretxu,PER_10000,Urretxu,17.6
2021,,,Urretxu,PER_10000,Urretxu,53.1
2023,,,Urretxu,PER_10000,Urretxu,23.6
2020,,,Urretxu,PER_10000,Urretxu,26.5
2023,,,Usurbil,PER_10000,Usurbil,15.7
2021,,,Usurbil,PER_10000,Usurbil,9.8
2020,,,Usurbil,PER_10000,Usurbil,19.5
2022,,,Usurbil,PER_10000,Usurbil,16.2
2019,,,Usurbil,PER_10000,Usurbil,67.5
2021,,,Valdegovía / Gaubea,PER_10000,Valdegovía / Gaubea,57.1
2020,,,Valdegovía / Gaubea,PER_10000,Valdegovía / Gaubea,40.2
2023,,,Valdegovía / Gaubea,PER_10000,Valdegovía / Gaubea,97.3
2019,,,Valdegovía / Gaubea,PER_10000,Valdegovía / Gaubea,41.7
2022,,,Valdegovía / Gaubea,PER_10000,Valdegovía / Gaubea,56.5
2021,,,Valle de Trápaga-Trapagaran,PER_10000,Valle de Trápaga-Trapagaran,68.8
2020,,,Valle de Trápaga-Trapagaran,PER_10000,Valle de Trápaga-Trapagaran,31.0
2019,,,Valle de Trápaga-Trapagaran,PER_10000,Valle de Trápaga-Trapagaran,40.6
2023,,,Valle de Trápaga-Trapagaran,PER_10000,Valle de Trápaga-Trapagaran,51.0
2022,,,Valle de Trápaga-Trapagaran,PER_10000,Valle de Trápaga-Trapagaran,63.9
2020,,,Villabona,PER_10000,Villabona,30.5
2019,,,Villabona,PER_10000,Villabona,40.3
2021,,,Villabona,PER_10000,Villabona,20.6
2023,,,Villabona,PER_10000,Villabona,30.5
2022,,,Villabona,PER_10000,Villabona,30.9
2021,,,Villabuena de Álava / Eskuernaga,PER_10000,Villabuena de Álava / Eskuernaga,70.9
2022,,,Villabuena de Álava / Eskuernaga,PER_10000,Villabuena de Álava / Eskuernaga,71.9
2019,,,Villabuena de Álava / Eskuernaga,PER_10000,Villabuena de Álava / Eskuernaga,69.0
2020,,,Villabuena de Álava / Eskuernaga,PER_10000,Villabuena de Álava / Eskuernaga,0.0
2023,,,Villabuena de Álava / Eskuernaga,PER_10000,Villabuena de Álava / Eskuernaga,144.9
2023,,,Vitoria-Gasteiz,PER_10000,Vitoria-Gasteiz,50.4
2021,,,Vitoria-Gasteiz,PER_10000,Vitoria-Gasteiz,36.8
2020,,,Vitoria-Gasteiz,PER_10000,Vitoria-Gasteiz,34.4
2019,,,Vitoria-Gasteiz,PER_10000,Vitoria-Gasteiz,39.7
2022,,,Vitoria-Gasteiz,PER_10000,Vitoria-Gasteiz,42.8
2021,,,Yécora / Iekora,PER_10000,Yécora / Iekora,86.2
2023,,,Yécora / Iekora,PER_10000,Yécora / Iekora,0.0
2019,,,Yécora / Iekora,PER_10000,Yécora / Iekora,0.0
2022,,,Yécora / Iekora,PER_10000,Yécora / Iekora,0.0
2020,,,Yécora / Iekora,PER_10000,Yécora / Iekora,0.0
2022,,,Zaldibar,PER_10000,Zaldibar,13.3
2021,,,Zaldibar,PER_10000,Zaldibar,6.6
2020,,,Zaldibar,PER_10000,Zaldibar,26.4
2019,,,Zaldibar,PER_10000,Zaldibar,26.4
2023,,,Zaldibar,PER_10000,Zaldibar,60.0
2019,,,Zaldibia,PER_10000,Zaldibia,0.0
2023,,,Zaldibia,PER_10000,Zaldibia,0.0
2021,,,Zaldibia,PER_10000,Zaldibia,12.4
2020,,,Zaldibia,PER_10000,Zaldibia,0.0
2022,,,Zaldibia,PER_10000,Zaldibia,0.0
2019,,,Zalduondo,PER_10000,Zalduondo,0.0
2021,,,Zalduondo,PER_10000,Zalduondo,0.0
2023,,,Zalduondo,PER_10000,Zalduondo,0.0
2022,,,Zalduondo,PER_10000,Zalduondo,0.0
2020,,,Zalduondo,PER_10000,Zalduondo,0.0
2021,,,Zalla,PER_10000,Zalla,49.6
2020,,,Zalla,PER_10000,Zalla,35.0
2019,,,Zalla,PER_10000,Zalla,32.6
2022,,,Zalla,PER_10000,Zalla,28.3
2023,,,Zalla,PER_10000,Zalla,59.5
2019,,,Zambrana,PER_10000,Zambrana,47.8
2021,,,Zambrana,PER_10000,Zambrana,0.0
2022,,,Zambrana,PER_10000,Zambrana,52.4
2020,,,Zambrana,PER_10000,Zambrana,47.4
2023,,,Zambrana,PER_10000,Zambrana,0.0
2023,,,Zamudio,PER_10000,Zamudio,62.0
2022,,,Zamudio,PER_10000,Zamudio,87.0
2020,,,Zamudio,PER_10000,Zamudio,36.6
2021,,,Zamudio,PER_10000,Zamudio,68.2
2019,,,Zamudio,PER_10000,Zamudio,18.1
2019,,,Zaratamo,PER_10000,Zaratamo,23.9
2020,,,Zaratamo,PER_10000,Zaratamo,106.6
2023,,,Zaratamo,PER_10000,Zaratamo,12.3
2022,,,Zaratamo,PER_10000,Zaratamo,24.7
2021,,,Zaratamo,PER_10000,Zaratamo,71.7
2020,,,Zarautz,PER_10000,Zarautz,10.8
2022,,,Zarautz,PER_10000,Zarautz,31.1
2019,,,Zarautz,PER_10000,Zarautz,13.4
2021,,,Zarautz,PER_10000,Zarautz,18.4
2023,,,Zarautz,PER_10000,Zarautz,30.0
2022,,,Zeanuri,PER_10000,Zeanuri,47.4
2020,,,Zeanuri,PER_10000,Zeanuri,32.8
2019,,,Zeanuri,PER_10000,Zeanuri,16.6
2021,,,Zeanuri,PER_10000,Zeanuri,48.1
2023,,,Zeanuri,PER_10000,Zeanuri,15.9
2019,,,Zeberio,PER_10000,Zeberio,37.2
2023,,,Zeberio,PER_10000,Zeberio,54.9
2021,,,Zeberio,PER_10000,Zeberio,37.4
2020,,,Zeberio,PER_10000,Zeberio,37.2
2022,,,Zeberio,PER_10000,Zeberio,18.8
2022,,,Zegama,PER_10000,Zegama,13.6
2020,,,Zegama,PER_10000,Zegama,13.5
2021,,,Zegama,PER_10000,Zegama,13.4
2019,,,Zegama,PER_10000,Zegama,0.0
2023,,,Zegama,PER_10000,Zegama,0.0
2020,,,Zerain,PER_10000,Zerain,68.0
2021,,,Zerain,PER_10000,Zerain,0.0
2019,,,Zerain,PER_10000,Zerain,137.9
2023,,,Zerain,PER_10000,Zerain,0.0
2022,,,Zerain,PER_10000,Zerain,0.0
2020,,,Zestoa,PER_10000,Zestoa,27.3
2023,,,Zestoa,PER_10000,Zestoa,27.4
2019,,,Zestoa,PER_10000,Zestoa,16.3
2022,,,Zestoa,PER_10000,Zestoa,44.6
2021,,,Zestoa,PER_10000,Zestoa,22.3
2023,,,Zierbena,PER_10000,Zierbena,99.7
2019,,,Zierbena,PER_10000,Zierbena,14.1
2022,,,Zierbena,PER_10000,Zierbena,86.7
2020,,,Zierbena,PER_10000,Zierbena,84.2
2021,,,Zierbena,PER_10000,Zierbena,85.5
2019,,,Zigoitia,PER_10000,Zigoitia,0.0
2022,,,Zigoitia,PER_10000,Zigoitia,47.4
2020,,,Zigoitia,PER_10000,Zigoitia,12.3
2021,,,Zigoitia,PER_10000,Zigoitia,23.7
2023,,,Zigoitia,PER_10000,Zigoitia,34.8
2020,,,Ziortza-Bolibar,PER_10000,Ziortza-Bolibar,0.0
2021,,,Ziortza-Bolibar,PER_10000,Ziortza-Bolibar,0.0
2019,,,Ziortza-Bolibar,PER_10000,Ziortza-Bolibar,0.0
2023,,,Ziortza-Bolibar,PER_10000,Ziortza-Bolibar,0.0
2022,,,Ziortza-Bolibar,PER_10000,Ziortza-Bolibar,160.4
2020,,,Zizurkil,PER_10000,Zizurkil,20.2
2023,,,Zizurkil,PER_10000,Zizurkil,20.8
2019,,,Zizurkil,PER_10000,Zizurkil,13.2
2022,,,Zizurkil,PER_10000,Zizurkil,27.8
2021,,,Zizurkil,PER_10000,Zizurkil,34.5
2019,,,Zuia,PER_10000,Zuia,0.0
2021,,,Zuia,PER_10000,Zuia,8.9
2020,,,Zuia,PER_10000,Zuia,17.7
2022,,,Zuia,PER_10000,Zuia,17.9
2023,,,Zuia,PER_10000,Zuia,34.3
2020,,,Zumaia,PER_10000,Zumaia,12.0
2022,,,Zumaia,PER_10000,Zumaia,19.7
2019,,,Zumaia,PER_10000,Zumaia,22.2
2021,,,Zumaia,PER_10000,Zumaia,21.8
2023,,,Zumaia,PER_10000,Zumaia,15.8
2023,,,Zumarraga,PER_10000,Zumarraga,24.7
2019,,,Zumarraga,PER_10000,Zumarraga,11.2
2020,,,Zumarraga,PER_10000,Zumarraga,12.3
2022,,,Zumarraga,PER_10000,Zumarraga,18.6
2021,,,Zumarraga,PER_10000,Zumarraga,9.1
2020,,Añana (eskualdea),,PER_10000,Añana (eskualdea),42.4
2023,,Añana (eskualdea),,PER_10000,Añana (eskualdea),31.4
2019,,Añana (eskualdea),,PER_10000,Añana (eskualdea),28.8
2022,,Añana (eskualdea),,PER_10000,Añana (eskualdea),52.7
2021,,Añana (eskualdea),,PER_10000,Añana (eskualdea),38.5
2023,,Arabako Errioxa / Rioja Alavesa,,PER_10000,Arabako Errioxa / Rioja Alavesa,32.0
2019,,Arabako Errioxa / Rioja Alavesa,,PER_10000,Arabako Errioxa / Rioja Alavesa,21.4
2022,,Arabako Errioxa / Rioja Alavesa,,PER_10000,Arabako Errioxa / Rioja Alavesa,22.9
2020,,Arabako Errioxa / Rioja Alavesa,,PER_10000,Arabako Errioxa / Rioja Alavesa,26.6
2021,,Arabako Errioxa / Rioja Alavesa,,PER_10000,Arabako Errioxa / Rioja Alavesa,19.5
2020,,Arabako Kantaurialdea / Cantábrica Alavesa,,PER_10000,Arabako Kantaurialdea / Cantábrica Alavesa,20.4
2021,,Arabako Kantaurialdea / Cantábrica Alavesa,,PER_10000,Arabako Kantaurialdea / Cantábrica Alavesa,24.5
2019,,Arabako Kantaurialdea / Cantábrica Alavesa,,PER_10000,Arabako Kantaurialdea / Cantábrica Alavesa,26.6
2023,,Arabako Kantaurialdea / Cantábrica Alavesa,,PER_10000,Arabako Kantaurialdea / Cantábrica Alavesa,39.9
2022,,Arabako Kantaurialdea / Cantábrica Alavesa,,PER_10000,Arabako Kantaurialdea / Cantábrica Alavesa,41.7
2022,,Arabako Lautada / Llanada Alavesa,,PER_10000,Arabako Lautada / Llanada Alavesa,42.9
2019,,Arabako Lautada / Llanada Alavesa,,PER_10000,Arabako Lautada / Llanada Alavesa,38.8
2020,,Arabako Lautada / Llanada Alavesa,,PER_10000,Arabako Lautada / Llanada Alavesa,35.1
2021,,Arabako Lautada / Llanada Alavesa,,PER_10000,Arabako Lautada / Llanada Alavesa,36.0
2023,,Arabako Lautada / Llanada Alavesa,,PER_10000,Arabako Lautada / Llanada Alavesa,50.1
2019,,Arabako Mendialdea / Montaña Alavesa,,PER_10000,Arabako Mendialdea / Montaña Alavesa,7.5
2022,,Arabako Mendialdea / Montaña Alavesa,,PER_10000,Arabako Mendialdea / Montaña Alavesa,13.8
2023,,Arabako Mendialdea / Montaña Alavesa,,PER_10000,Arabako Mendialdea / Montaña Alavesa,41.8
2020,,Arabako Mendialdea / Montaña Alavesa,,PER_10000,Arabako Mendialdea / Montaña Alavesa,14.6
2021,,Arabako Mendialdea / Montaña Alavesa,,PER_10000,Arabako Mendialdea / Montaña Alavesa,13.9
2023,,Arratia Nerbioi / Arratia-Nervión,,PER_10000,Arratia Nerbioi / Arratia-Nervión,46.7
2022,,Arratia Nerbioi / Arratia-Nervión,,PER_10000,Arratia Nerbioi / Arratia-Nervión,36.7
2019,,Arratia Nerbioi / Arratia-Nervión,,PER_10000,Arratia Nerbioi / Arratia-Nervión,33.7
2021,,Arratia Nerbioi / Arratia-Nervión,,PER_10000,Arratia Nerbioi / Arratia-Nervión,33.4
2020,,Arratia Nerbioi / Arratia-Nervión,,PER_10000,Arratia Nerbioi / Arratia-Nervión,40.1
2023,,Bidasoa Beherea / Bajo Bidasoa,,PER_10000,Bidasoa Beherea / Bajo Bidasoa,62.4
2021,,Bidasoa Beherea / Bajo Bidasoa,,PER_10000,Bidasoa Beherea / Bajo Bidasoa,44.3
2019,,Bidasoa Beherea / Bajo Bidasoa,,PER_10000,Bidasoa Beherea / Bajo Bidasoa,46.7
2020,,Bidasoa Beherea / Bajo Bidasoa,,PER_10000,Bidasoa Beherea / Bajo Bidasoa,40.0
2022,,Bidasoa Beherea / Bajo Bidasoa,,PER_10000,Bidasoa Beherea / Bajo Bidasoa,54.6
2019,,Bilbo Handia / Gran Bilbao,,PER_10000,Bilbo Handia / Gran Bilbao,39.5
2021,,Bilbo Handia / Gran Bilbao,,PER_10000,Bilbo Handia / Gran Bilbao,37.4
2020,,Bilbo Handia / Gran Bilbao,,PER_10000,Bilbo Handia / Gran Bilbao,37.1
2023,,Bilbo Handia / Gran Bilbao,,PER_10000,Bilbo Handia / Gran Bilbao,46.0
2022,,Bilbo Handia / Gran Bilbao,,PER_10000,Bilbo Handia / Gran Bilbao,41.8
2019,,Debabarrena / Bajo Deba,,PER_10000,Debabarrena / Bajo Deba,26.5
2023,,Debabarrena / Bajo Deba,,PER_10000,Debabarrena / Bajo Deba,41.7
2021,,Debabarrena / Bajo Deba,,PER_10000,Debabarrena / Bajo Deba,38.2
2022,,Debabarrena / Bajo Deba,,PER_10000,Debabarrena / Bajo Deba,52.4
2020,,Debabarrena / Bajo Deba,,PER_10000,Debabarrena / Bajo Deba,34.0
2020,,Debagoiena / Alto Deba,,PER_10000,Debagoiena / Alto Deba,15.7
2019,,Debagoiena / Alto Deba,,PER_10000,Debagoiena / Alto Deba,23.5
2022,,Debagoiena / Alto Deba,,PER_10000,Debagoiena / Alto Deba,36.4
2021,,Debagoiena / Alto Deba,,PER_10000,Debagoiena / Alto Deba,27.0
2023,,Debagoiena / Alto Deba,,PER_10000,Debagoiena / Alto Deba,34.3
2022,,Donostialdea,,PER_10000,Donostialdea,41.8
2020,,Donostialdea,,PER_10000,Donostialdea,34.5
2023,,Donostialdea,,PER_10000,Donostialdea,41.0
2019,,Donostialdea,,PER_10000,Donostialdea,40.2
2021,,Donostialdea,,PER_10000,Donostialdea,34.8
2019,,Durangaldea / Duranguesado,,PER_10000,Durangaldea / Duranguesado,24.1
2020,,Durangaldea / Duranguesado,,PER_10000,Durangaldea / Duranguesado,23.5
2023,,Durangaldea / Duranguesado,,PER_10000,Durangaldea / Duranguesado,35.3
2022,,Durangaldea / Duranguesado,,PER_10000,Durangaldea / Duranguesado,34.1
2021,,Durangaldea / Duranguesado,,PER_10000,Durangaldea / Duranguesado,25.1
2023,,Enkartazioak / Encartaciones,,PER_10000,Enkartazioak / Encartaciones,40.6
2019,,Enkartazioak / Encartaciones,,PER_10000,Enkartazioak / Encartaciones,27.8
2021,,Enkartazioak / Encartaciones,,PER_10000,Enkartazioak / Encartaciones,35.0
2020,,Enkartazioak / Encartaciones,,PER_10000,Enkartazioak / Encartaciones,34.5
2022,,Enkartazioak / Encartaciones,,PER_10000,Enkartazioak / Encartaciones,36.9
2022,,Gernika-Bermeo,,PER_10000,Gernika-Bermeo,31.4
2019,,Gernika-Bermeo,,PER_10000,Gernika-Bermeo,39.3
2020,,Gernika-Bermeo,,PER_10000,Gernika-Bermeo,47.3
2023,,Gernika-Bermeo,,PER_10000,Gernika-Bermeo,32.9
2021,,Gernika-Bermeo,,PER_10000,Gernika-Bermeo,34.5
2020,,Goierri,,PER_10000,Goierri,24.9
2023,,Goierri,,PER_10000,Goierri,29.0
2019,,Goierri,,PER_10000,Goierri,18.5
2021,,Goierri,,PER_10000,Goierri,26.0
2022,,Goierri,,PER_10000,Goierri,26.5
2019,,Gorbeialdea / Estribaciones del Gorbea,,PER_10000,Gorbeialdea / Estribaciones del Gorbea,14.3
2020,,Gorbeialdea / Estribaciones del Gorbea,,PER_10000,Gorbeialdea / Estribaciones del Gorbea,23.5
2023,,Gorbeialdea / Estribaciones del Gorbea,,PER_10000,Gorbeialdea / Estribaciones del Gorbea,27.1
2021,,Gorbeialdea / Estribaciones del Gorbea,,PER_10000,Gorbeialdea / Estribaciones del Gorbea,25.5
2022,,Gorbeialdea / Estribaciones del Gorbea,,PER_10000,Gorbeialdea / Estribaciones del Gorbea,25.5
2020,,Markina-Ondarroa,,PER_10000,Markina-Ondarroa,20.9
2019,,Markina-Ondarroa,,PER_10000,Markina-Ondarroa,16.2
2023,,Markina-Ondarroa,,PER_10000,Markina-Ondarroa,26.8
2022,,Markina-Ondarroa,,PER_10000,Markina-Ondarroa,29.9
2021,,Markina-Ondarroa,,PER_10000,Markina-Ondarroa,19.5
2023,,Plentzia-Mungia,,PER_10000,Plentzia-Mungia,27.4
2021,,Plentzia-Mungia,,PER_10000,Plentzia-Mungia,34.4
2019,,Plentzia-Mungia,,PER_10000,Plentzia-Mungia,20.6
2020,,Plentzia-Mungia,,PER_10000,Plentzia-Mungia,30.5
2022,,Plentzia-Mungia,,PER_10000,Plentzia-Mungia,25.1
2021,,Tolosaldea,,PER_10000,Tolosaldea,27.5
2022,,Tolosaldea,,PER_10000,Tolosaldea,48.2
2020,,Tolosaldea,,PER_10000,Tolosaldea,27.0
2019,,Tolosaldea,,PER_10000,Tolosaldea,23.5
2023,,Tolosaldea,,PER_10000,Tolosaldea,30.9
2019,,Urola Kosta,,PER_10000,Urola Kosta,14.1
2023,,Urola Kosta,,PER_10000,Urola Kosta,22.8
2020,,Urola Kosta,,PER_10000,Urola Kosta,18.5
2022,,Urola Kosta,,PER_10000,Urola Kosta,24.7
2021,,Urola Kosta,,PER_10000,Urola Kosta,17.7
2022,Araba / Álava,,,PER_10000,Araba / Álava,41.6
2023,Araba / Álava,,,PER_10000,Araba / Álava,47.7
2020,Araba / Álava,,,PER_10000,Araba / Álava,33.2
2021,Araba / Álava,,,PER_10000,Araba / Álava,34.0
2019,Araba / Álava,,,PER_10000,Araba / Álava,37.4
2023,Bizkaia,,,PER_10000,Bizkaia,43.2
2019,Bizkaia,,,PER_10000,Bizkaia,37.5
2022,Bizkaia,,,PER_10000,Bizkaia,39.7
2021,Bizkaia,,,PER_10000,Bizkaia,35.7
2020,Bizkaia,,,PER_10000,Bizkaia,35.9
2022,Gipuzkoa,,,PER_10000,Gipuzkoa,39.6
2023,Gipuzkoa,,,PER_10000,Gipuzkoa,39.0
2020,Gipuzkoa,,,PER_10000,Gipuzkoa,30.5
2021,Gipuzkoa,,,PER_10000,Gipuzkoa,32.4
2019,Gipuzkoa,,,PER_10000,Gipuzkoa,33.5
