Year,Erakundea,Lurralde historikoa,Units,Value
2023,Legebiltzar autonomikoko hautetsiak,,PT,49.3
2024,Legebiltzar autonomikoko hautetsiak,,PT,52.0
2019,Legebiltzar autonomikoko hautetsiak,,PT,53.3
2018,Legebiltzar autonomikoko hautetsiak,,PT,53.3
2016,Legebiltzar autonomikoko hautetsiak,,PT,53.3
2014,Legebiltzar autonomikoko hautetsiak,,PT,49.3
2015,Legebiltzar autonomikoko hautetsiak,,PT,49.3
2020,Legebiltzar autonomikoko hautetsiak,,PT,50.7
2017,Legebiltzar autonomikoko hautetsiak,,PT,53.3
2022,Legebiltzar autonomikoko hautetsiak,,PT,50.7
2012,Legebiltzar autonomikoko hautetsiak,,PT,49.3
2013,Legebiltzar autonomikoko hautetsiak,,PT,49.3
2011,Legebiltzar autonomikoko hautetsiak,,PT,45.3
2010,Legebiltzar autonomikoko hautetsiak,,PT,45.3
2021,Legebiltzar autonomikoko hautetsiak,,PT,50.7
2017,Sailburuak gobernu autonomikoan,,PT,41.7
2016,Sailburuak gobernu autonomikoan,,PT,50.0
2023,Sailburuak gobernu autonomikoan,,PT,45.5
2013,Sailburuak gobernu autonomikoan,,PT,50.0
2021,Sailburuak gobernu autonomikoan,,PT,45.5
2024,Sailburuak gobernu autonomikoan,,PT,46.7
2014,Sailburuak gobernu autonomikoan,,PT,50.0
2019,Sailburuak gobernu autonomikoan,,PT,63.6
2012,Sailburuak gobernu autonomikoan,,PT,50.0
2010,Sailburuak gobernu autonomikoan,,PT,45.5
2022,Sailburuak gobernu autonomikoan,,PT,45.5
2011,Sailburuak gobernu autonomikoan,,PT,50.0
2020,Sailburuak gobernu autonomikoan,,PT,45.5
2015,Sailburuak gobernu autonomikoan,,PT,50.0
2018,Sailburuak gobernu autonomikoan,,PT,41.7
2015,Foru-gobernuetako sailburuak,,PT,50.0
2016,Foru-gobernuetako sailburuak,,PT,50.0
2013,Foru-gobernuetako sailburuak,,PT,42.3
2020,Foru-gobernuetako sailburuak,,PT,55.2
2017,Foru-gobernuetako sailburuak,,PT,50.0
2018,Foru-gobernuetako sailburuak,,PT,50.0
2021,Foru-gobernuetako sailburuak,,PT,55.2
2011,Foru-gobernuetako sailburuak,,PT,42.3
2022,Foru-gobernuetako sailburuak,,PT,51.7
2019,Foru-gobernuetako sailburuak,,PT,55.2
2012,Foru-gobernuetako sailburuak,,PT,42.3
2014,Foru-gobernuetako sailburuak,,PT,42.3
2010,Foru-gobernuetako sailburuak,,PT,36.4
2018,Foru-gobernuetako sailburuak,ES211,PT,50.0
2022,Foru-gobernuetako sailburuak,ES211,PT,55.6
2021,Foru-gobernuetako sailburuak,ES211,PT,66.7
2019,Foru-gobernuetako sailburuak,ES211,PT,66.7
2016,Foru-gobernuetako sailburuak,ES211,PT,50.0
2017,Foru-gobernuetako sailburuak,ES211,PT,50.0
2015,Foru-gobernuetako sailburuak,ES211,PT,50.0
2013,Foru-gobernuetako sailburuak,ES211,PT,50.0
2010,Foru-gobernuetako sailburuak,ES211,PT,40.0
2014,Foru-gobernuetako sailburuak,ES211,PT,50.0
2012,Foru-gobernuetako sailburuak,ES211,PT,50.0
2020,Foru-gobernuetako sailburuak,ES211,PT,66.7
2011,Foru-gobernuetako sailburuak,ES211,PT,50.0
2017,Foru-gobernuetako sailburuak,ES213,PT,55.6
2014,Foru-gobernuetako sailburuak,ES213,PT,40.0
2018,Foru-gobernuetako sailburuak,ES213,PT,55.6
2012,Foru-gobernuetako sailburuak,ES213,PT,40.0
2020,Foru-gobernuetako sailburuak,ES213,PT,50.0
2021,Foru-gobernuetako sailburuak,ES213,PT,50.0
2019,Foru-gobernuetako sailburuak,ES213,PT,50.0
2016,Foru-gobernuetako sailburuak,ES213,PT,55.6
2015,Foru-gobernuetako sailburuak,ES213,PT,55.6
2013,Foru-gobernuetako sailburuak,ES213,PT,40.0
2010,Foru-gobernuetako sailburuak,ES213,PT,33.3
2022,Foru-gobernuetako sailburuak,ES213,PT,50.0
2011,Foru-gobernuetako sailburuak,ES213,PT,40.0
2021,Foru-gobernuetako sailburuak,ES212,PT,50.0
2019,Foru-gobernuetako sailburuak,ES212,PT,50.0
2017,Foru-gobernuetako sailburuak,ES212,PT,44.4
2011,Foru-gobernuetako sailburuak,ES212,PT,37.5
2010,Foru-gobernuetako sailburuak,ES212,PT,36.4
2014,Foru-gobernuetako sailburuak,ES212,PT,37.5
2015,Foru-gobernuetako sailburuak,ES212,PT,44.4
2018,Foru-gobernuetako sailburuak,ES212,PT,44.4
2012,Foru-gobernuetako sailburuak,ES212,PT,37.5
2016,Foru-gobernuetako sailburuak,ES212,PT,44.4
2013,Foru-gobernuetako sailburuak,ES212,PT,37.5
2020,Foru-gobernuetako sailburuak,ES212,PT,50.0
2022,Foru-gobernuetako sailburuak,ES212,PT,50.0
2010,Batzar Nagusietako hautetsiak,,PT,41.2
2021,Batzar Nagusietako hautetsiak,,PT,54.2
2015,Batzar Nagusietako hautetsiak,,PT,48.1
2020,Batzar Nagusietako hautetsiak,,PT,54.2
2017,Batzar Nagusietako hautetsiak,,PT,48.1
2018,Batzar Nagusietako hautetsiak,,PT,48.1
2012,Batzar Nagusietako hautetsiak,,PT,48.4
2022,Batzar Nagusietako hautetsiak,,PT,54.2
2019,Batzar Nagusietako hautetsiak,,PT,54.2
2016,Batzar Nagusietako hautetsiak,,PT,48.1
2011,Batzar Nagusietako hautetsiak,,PT,48.4
2013,Batzar Nagusietako hautetsiak,,PT,48.4
2014,Batzar Nagusietako hautetsiak,,PT,48.4
2010,Batzar Nagusietako hautetsiak,ES211,PT,41.2
2014,Batzar Nagusietako hautetsiak,ES211,PT,51.0
2012,Batzar Nagusietako hautetsiak,ES211,PT,51.0
2020,Batzar Nagusietako hautetsiak,ES211,PT,56.9
2022,Batzar Nagusietako hautetsiak,ES211,PT,56.9
2021,Batzar Nagusietako hautetsiak,ES211,PT,56.9
2019,Batzar Nagusietako hautetsiak,ES211,PT,56.9
2018,Batzar Nagusietako hautetsiak,ES211,PT,45.1
2017,Batzar Nagusietako hautetsiak,ES211,PT,45.1
2016,Batzar Nagusietako hautetsiak,ES211,PT,45.1
2015,Batzar Nagusietako hautetsiak,ES211,PT,45.1
2013,Batzar Nagusietako hautetsiak,ES211,PT,51.0
2011,Batzar Nagusietako hautetsiak,ES211,PT,51.0
2022,Batzar Nagusietako hautetsiak,ES213,PT,51.0
2021,Batzar Nagusietako hautetsiak,ES213,PT,51.0
2019,Batzar Nagusietako hautetsiak,ES213,PT,51.0
2018,Batzar Nagusietako hautetsiak,ES213,PT,49.0
2017,Batzar Nagusietako hautetsiak,ES213,PT,49.0
2015,Batzar Nagusietako hautetsiak,ES213,PT,49.0
2014,Batzar Nagusietako hautetsiak,ES213,PT,45.1
2013,Batzar Nagusietako hautetsiak,ES213,PT,45.1
2012,Batzar Nagusietako hautetsiak,ES213,PT,45.1
2011,Batzar Nagusietako hautetsiak,ES213,PT,45.1
2010,Batzar Nagusietako hautetsiak,ES213,PT,39.2
2020,Batzar Nagusietako hautetsiak,ES213,PT,51.0
2016,Batzar Nagusietako hautetsiak,ES213,PT,49.0
2010,Batzar Nagusietako hautetsiak,ES212,PT,43.1
2011,Batzar Nagusietako hautetsiak,ES212,PT,49.0
2013,Batzar Nagusietako hautetsiak,ES212,PT,49.0
2017,Batzar Nagusietako hautetsiak,ES212,PT,50.0
2019,Batzar Nagusietako hautetsiak,ES212,PT,54.9
2022,Batzar Nagusietako hautetsiak,ES212,PT,54.9
2018,Batzar Nagusietako hautetsiak,ES212,PT,50.0
2020,Batzar Nagusietako hautetsiak,ES212,PT,54.9
2021,Batzar Nagusietako hautetsiak,ES212,PT,54.9
2016,Batzar Nagusietako hautetsiak,ES212,PT,50.0
2015,Batzar Nagusietako hautetsiak,ES212,PT,50.0
2014,Batzar Nagusietako hautetsiak,ES212,PT,49.0
2012,Batzar Nagusietako hautetsiak,ES212,PT,49.0
2013,Alkatetzak,,PT,22.3
2022,Alkatetzak,,PT,30.3
2014,Alkatetzak,,PT,23.1
2017,Alkatetzak,,PT,25.2
2011,Alkatetzak,,PT,22.0
2023,Alkatetzak,,PT,33.1
2012,Alkatetzak,,PT,22.0
2024,Alkatetzak,,PT,34.3
2019,Alkatetzak,,PT,29.2
2015,Alkatetzak,,PT,25.2
2010,Alkatetzak,,PT,19.9
2021,Alkatetzak,,PT,30.3
2018,Alkatetzak,,PT,25.2
2016,Alkatetzak,,PT,25.2
2020,Alkatetzak,,PT,29.2
2020,Zinegotziak,,PT,47.8
2024,Zinegotziak,,PT,46.5
2022,Zinegotziak,,PT,47.5
2016,Zinegotziak,,PT,41.4
2017,Zinegotziak,,PT,41.4
2010,Zinegotziak,,PT,27.8
2015,Zinegotziak,,PT,41.4
2011,Zinegotziak,,PT,40.4
2012,Zinegotziak,,PT,40.4
2021,Zinegotziak,,PT,47.5
2018,Zinegotziak,,PT,41.4
2013,Zinegotziak,,PT,40.5
2023,Zinegotziak,,PT,48.3
2019,Zinegotziak,,PT,47.8
2014,Zinegotziak,,PT,40.3
