Year,Series,Sexua,Jabetza mota,Lurralde historikoa,Units,Value
2016,Jabetza-eskubideak edo nekazaritza-lurren gaineko eskubide seguruak dituzten nekazarien guztizkoaren proportzioa,,,,%,51.7
2009,Jabetza-eskubideak edo nekazaritza-lurren gaineko eskubide seguruak dituzten nekazarien guztizkoaren proportzioa,,,,%,54.5
2013,Jabetza-eskubideak edo nekazaritza-lurren gaineko eskubide seguruak dituzten nekazarien guztizkoaren proportzioa,,,,%,57.5
2016,Jabetza-eskubideak edo nekazaritza-lurren gaineko eskubide seguruak dituzten nekazarien guztizkoaren proportzioa,,,Araba / Álava,%,42.8
2013,Jabetza-eskubideak edo nekazaritza-lurren gaineko eskubide seguruak dituzten nekazarien guztizkoaren proportzioa,,,Araba / Álava,%,49.2
2009,Jabetza-eskubideak edo nekazaritza-lurren gaineko eskubide seguruak dituzten nekazarien guztizkoaren proportzioa,,,Araba / Álava,%,51.2
2013,Jabetza-eskubideak edo nekazaritza-lurren gaineko eskubide seguruak dituzten nekazarien guztizkoaren proportzioa,,,Bizkaia,%,62.0
2009,Jabetza-eskubideak edo nekazaritza-lurren gaineko eskubide seguruak dituzten nekazarien guztizkoaren proportzioa,,,Bizkaia,%,58.3
2016,Jabetza-eskubideak edo nekazaritza-lurren gaineko eskubide seguruak dituzten nekazarien guztizkoaren proportzioa,,,Bizkaia,%,54.5
2009,Jabetza-eskubideak edo nekazaritza-lurren gaineko eskubide seguruak dituzten nekazarien guztizkoaren proportzioa,,,Gipuzkoa,%,52.1
2016,Jabetza-eskubideak edo nekazaritza-lurren gaineko eskubide seguruak dituzten nekazarien guztizkoaren proportzioa,,,Gipuzkoa,%,53.0
2013,Jabetza-eskubideak edo nekazaritza-lurren gaineko eskubide seguruak dituzten nekazarien guztizkoaren proportzioa,,,Gipuzkoa,%,57.1
2016,Jabetza-eskubideak edo nekazaritza-lurren gaineko eskubide seguruak dituzten nekazarien guztizkoaren proportzioa,Emakumea,,,%,53.4
2009,"Emakumeen proportzioa nekazaritza-lurren jabeen edo eskubideen titularren artean, edukitze-motaren arabera banakatuta",Emakumea,,,%,33.2
2013,"Emakumeen proportzioa nekazaritza-lurren jabeen edo eskubideen titularren artean, edukitze-motaren arabera banakatuta",Emakumea,,,%,37.4
2016,"Emakumeen proportzioa nekazaritza-lurren jabeen edo eskubideen titularren artean, edukitze-motaren arabera banakatuta",Emakumea,,,%,38.2
2013,Jabetza-eskubideak edo nekazaritza-lurren gaineko eskubide seguruak dituzten nekazarien guztizkoaren proportzioa,Emakumea,,,%,58.9
2009,Jabetza-eskubideak edo nekazaritza-lurren gaineko eskubide seguruak dituzten nekazarien guztizkoaren proportzioa,Emakumea,,,%,55.8
2013,Jabetza-eskubideak edo nekazaritza-lurren gaineko eskubide seguruak dituzten nekazarien guztizkoaren proportzioa,Emakumea,,Araba / Álava,%,50.9
2009,"Emakumeen proportzioa nekazaritza-lurren jabeen edo eskubideen titularren artean, edukitze-motaren arabera banakatuta",Emakumea,,Araba / Álava,%,29.1
2013,"Emakumeen proportzioa nekazaritza-lurren jabeen edo eskubideen titularren artean, edukitze-motaren arabera banakatuta",Emakumea,,Araba / Álava,%,29.2
2016,"Emakumeen proportzioa nekazaritza-lurren jabeen edo eskubideen titularren artean, edukitze-motaren arabera banakatuta",Emakumea,,Araba / Álava,%,31.6
2016,Jabetza-eskubideak edo nekazaritza-lurren gaineko eskubide seguruak dituzten nekazarien guztizkoaren proportzioa,Emakumea,,Araba / Álava,%,43.4
2009,Jabetza-eskubideak edo nekazaritza-lurren gaineko eskubide seguruak dituzten nekazarien guztizkoaren proportzioa,Emakumea,,Araba / Álava,%,56.7
2013,Jabetza-eskubideak edo nekazaritza-lurren gaineko eskubide seguruak dituzten nekazarien guztizkoaren proportzioa,Emakumea,,Bizkaia,%,62.8
2009,"Emakumeen proportzioa nekazaritza-lurren jabeen edo eskubideen titularren artean, edukitze-motaren arabera banakatuta",Emakumea,,Bizkaia,%,36.8
2016,"Emakumeen proportzioa nekazaritza-lurren jabeen edo eskubideen titularren artean, edukitze-motaren arabera banakatuta",Emakumea,,Bizkaia,%,41.4
2009,Jabetza-eskubideak edo nekazaritza-lurren gaineko eskubide seguruak dituzten nekazarien guztizkoaren proportzioa,Emakumea,,Bizkaia,%,60.6
2016,Jabetza-eskubideak edo nekazaritza-lurren gaineko eskubide seguruak dituzten nekazarien guztizkoaren proportzioa,Emakumea,,Bizkaia,%,57.1
2013,"Emakumeen proportzioa nekazaritza-lurren jabeen edo eskubideen titularren artean, edukitze-motaren arabera banakatuta",Emakumea,,Bizkaia,%,40.9
2009,Jabetza-eskubideak edo nekazaritza-lurren gaineko eskubide seguruak dituzten nekazarien guztizkoaren proportzioa,Emakumea,,Gipuzkoa,%,49.6
2016,"Emakumeen proportzioa nekazaritza-lurren jabeen edo eskubideen titularren artean, edukitze-motaren arabera banakatuta",Emakumea,,Gipuzkoa,%,37.0
2013,"Emakumeen proportzioa nekazaritza-lurren jabeen edo eskubideen titularren artean, edukitze-motaren arabera banakatuta",Emakumea,,Gipuzkoa,%,37.1
2009,"Emakumeen proportzioa nekazaritza-lurren jabeen edo eskubideen titularren artean, edukitze-motaren arabera banakatuta",Emakumea,,Gipuzkoa,%,31.1
2013,Jabetza-eskubideak edo nekazaritza-lurren gaineko eskubide seguruak dituzten nekazarien guztizkoaren proportzioa,Emakumea,,Gipuzkoa,%,57.5
2016,Jabetza-eskubideak edo nekazaritza-lurren gaineko eskubide seguruak dituzten nekazarien guztizkoaren proportzioa,Emakumea,,Gipuzkoa,%,53.2
2009,"Emakumeen proportzioa nekazaritza-lurren jabeen edo eskubideen titularren artean, edukitze-motaren arabera banakatuta",Emakumea,Jabetzan,,%,35.1
2016,"Emakumeen proportzioa nekazaritza-lurren jabeen edo eskubideen titularren artean, edukitze-motaren arabera banakatuta",Emakumea,Jabetzan,,%,40.4
2013,"Emakumeen proportzioa nekazaritza-lurren jabeen edo eskubideen titularren artean, edukitze-motaren arabera banakatuta",Emakumea,Jabetzan,,%,38.4
2013,"Emakumeen proportzioa nekazaritza-lurren jabeen edo eskubideen titularren artean, edukitze-motaren arabera banakatuta",Emakumea,Jabetzan,Araba / Álava,%,28.2
2016,"Emakumeen proportzioa nekazaritza-lurren jabeen edo eskubideen titularren artean, edukitze-motaren arabera banakatuta",Emakumea,Jabetzan,Araba / Álava,%,35.6
2009,"Emakumeen proportzioa nekazaritza-lurren jabeen edo eskubideen titularren artean, edukitze-motaren arabera banakatuta",Emakumea,Jabetzan,Araba / Álava,%,30.7
2009,"Emakumeen proportzioa nekazaritza-lurren jabeen edo eskubideen titularren artean, edukitze-motaren arabera banakatuta",Emakumea,Jabetzan,Bizkaia,%,39.0
2016,"Emakumeen proportzioa nekazaritza-lurren jabeen edo eskubideen titularren artean, edukitze-motaren arabera banakatuta",Emakumea,Jabetzan,Bizkaia,%,43.3
2013,"Emakumeen proportzioa nekazaritza-lurren jabeen edo eskubideen titularren artean, edukitze-motaren arabera banakatuta",Emakumea,Jabetzan,Bizkaia,%,42.9
2009,"Emakumeen proportzioa nekazaritza-lurren jabeen edo eskubideen titularren artean, edukitze-motaren arabera banakatuta",Emakumea,Jabetzan,Gipuzkoa,%,32.5
2013,"Emakumeen proportzioa nekazaritza-lurren jabeen edo eskubideen titularren artean, edukitze-motaren arabera banakatuta",Emakumea,Jabetzan,Gipuzkoa,%,37.3
2016,"Emakumeen proportzioa nekazaritza-lurren jabeen edo eskubideen titularren artean, edukitze-motaren arabera banakatuta",Emakumea,Jabetzan,Gipuzkoa,%,38.4
2013,"Emakumeen proportzioa nekazaritza-lurren jabeen edo eskubideen titularren artean, edukitze-motaren arabera banakatuta",Emakumea,Errentamenduan,,%,33.9
2016,"Emakumeen proportzioa nekazaritza-lurren jabeen edo eskubideen titularren artean, edukitze-motaren arabera banakatuta",Emakumea,Errentamenduan,,%,29.8
2009,"Emakumeen proportzioa nekazaritza-lurren jabeen edo eskubideen titularren artean, edukitze-motaren arabera banakatuta",Emakumea,Errentamenduan,,%,26.4
2016,"Emakumeen proportzioa nekazaritza-lurren jabeen edo eskubideen titularren artean, edukitze-motaren arabera banakatuta",Emakumea,Errentamenduan,Araba / Álava,%,28.9
2013,"Emakumeen proportzioa nekazaritza-lurren jabeen edo eskubideen titularren artean, edukitze-motaren arabera banakatuta",Emakumea,Errentamenduan,Araba / Álava,%,33.0
2009,"Emakumeen proportzioa nekazaritza-lurren jabeen edo eskubideen titularren artean, edukitze-motaren arabera banakatuta",Emakumea,Errentamenduan,Araba / Álava,%,23.2
2016,"Emakumeen proportzioa nekazaritza-lurren jabeen edo eskubideen titularren artean, edukitze-motaren arabera banakatuta",Emakumea,Errentamenduan,Bizkaia,%,35.5
2013,"Emakumeen proportzioa nekazaritza-lurren jabeen edo eskubideen titularren artean, edukitze-motaren arabera banakatuta",Emakumea,Errentamenduan,Bizkaia,%,36.7
2009,"Emakumeen proportzioa nekazaritza-lurren jabeen edo eskubideen titularren artean, edukitze-motaren arabera banakatuta",Emakumea,Errentamenduan,Bizkaia,%,30.6
2013,"Emakumeen proportzioa nekazaritza-lurren jabeen edo eskubideen titularren artean, edukitze-motaren arabera banakatuta",Emakumea,Errentamenduan,Gipuzkoa,%,30.3
2009,"Emakumeen proportzioa nekazaritza-lurren jabeen edo eskubideen titularren artean, edukitze-motaren arabera banakatuta",Emakumea,Errentamenduan,Gipuzkoa,%,23.1
2016,"Emakumeen proportzioa nekazaritza-lurren jabeen edo eskubideen titularren artean, edukitze-motaren arabera banakatuta",Emakumea,Errentamenduan,Gipuzkoa,%,19.0
2009,Jabetza-eskubideak edo nekazaritza-lurren gaineko eskubide seguruak dituzten nekazarien guztizkoaren proportzioa,Gizona,,,%,53.9
2013,Jabetza-eskubideak edo nekazaritza-lurren gaineko eskubide seguruak dituzten nekazarien guztizkoaren proportzioa,Gizona,,,%,56.7
2016,Jabetza-eskubideak edo nekazaritza-lurren gaineko eskubide seguruak dituzten nekazarien guztizkoaren proportzioa,Gizona,,,%,50.7
2009,Jabetza-eskubideak edo nekazaritza-lurren gaineko eskubide seguruak dituzten nekazarien guztizkoaren proportzioa,Gizona,,Araba / Álava,%,49.2
2013,Jabetza-eskubideak edo nekazaritza-lurren gaineko eskubide seguruak dituzten nekazarien guztizkoaren proportzioa,Gizona,,Araba / Álava,%,48.5
2016,Jabetza-eskubideak edo nekazaritza-lurren gaineko eskubide seguruak dituzten nekazarien guztizkoaren proportzioa,Gizona,,Araba / Álava,%,42.6
2013,Jabetza-eskubideak edo nekazaritza-lurren gaineko eskubide seguruak dituzten nekazarien guztizkoaren proportzioa,Gizona,,Bizkaia,%,61.4
2009,Jabetza-eskubideak edo nekazaritza-lurren gaineko eskubide seguruak dituzten nekazarien guztizkoaren proportzioa,Gizona,,Bizkaia,%,57.1
2016,Jabetza-eskubideak edo nekazaritza-lurren gaineko eskubide seguruak dituzten nekazarien guztizkoaren proportzioa,Gizona,,Bizkaia,%,52.9
2013,Jabetza-eskubideak edo nekazaritza-lurren gaineko eskubide seguruak dituzten nekazarien guztizkoaren proportzioa,Gizona,,Gipuzkoa,%,56.9
2009,Jabetza-eskubideak edo nekazaritza-lurren gaineko eskubide seguruak dituzten nekazarien guztizkoaren proportzioa,Gizona,,Gipuzkoa,%,53.4
2016,Jabetza-eskubideak edo nekazaritza-lurren gaineko eskubide seguruak dituzten nekazarien guztizkoaren proportzioa,Gizona,,Gipuzkoa,%,52.8
