Year,Erabilera mota,Lurralde historikoa,Units,Value
2017,,,M3,180334331.0
2019,,,M3,178194264.0
2024,,,M3,185475141.0
2023,,,M3,180064405.0
2022,,,M3,178506380.0
2018,,,M3,179965484.0
2021,,,M3,176421751.0
2016,,,M3,180637435.0
2020,,,M3,163675651.0
2013,,,M3,177555343.0
2022,,Araba / Álava,M3,34289283.3
2023,,Araba / Álava,M3,30181664.0
2021,,Araba / Álava,M3,33005213.7
2024,,Araba / Álava,M3,34672990.9
2022,,Bizkaia,M3,80667418.7
2021,,Bizkaia,M3,80592250.2
2024,,Bizkaia,M3,87466566.4
2023,,Bizkaia,M3,86372241.0
2021,,Gipuzkoa,M3,62824287.1
2022,,Gipuzkoa,M3,63549678.2
2024,,Gipuzkoa,M3,63335583.7
2023,,Gipuzkoa,M3,63510500.0
2020,Etxeko erabilera,,M3,84373909.2
2016,Etxeko erabilera,,M3,89191117.7
2021,Etxeko erabilera,,M3,92949522.0
2024,Etxeko erabilera,,M3,86895250.8
2022,Etxeko erabilera,,M3,92735193.3
2023,Etxeko erabilera,,M3,86895324.9
2017,Etxeko erabilera,,M3,88547260.4
2018,Etxeko erabilera,,M3,88318278.6
2013,Etxeko erabilera,,M3,87929643.4
2019,Etxeko erabilera,,M3,88407446.1
2021,Etxeko erabilera,Araba / Álava,M3,14177085.4
2024,Etxeko erabilera,Araba / Álava,M3,13554817.3
2023,Etxeko erabilera,Araba / Álava,M3,11989165.1
2022,Etxeko erabilera,Araba / Álava,M3,14077675.9
2024,Etxeko erabilera,Bizkaia,M3,43197543.9
2023,Etxeko erabilera,Bizkaia,M3,43068870.3
2022,Etxeko erabilera,Bizkaia,M3,45514402.4
2021,Etxeko erabilera,Bizkaia,M3,45477855.0
2021,Etxeko erabilera,Gipuzkoa,M3,33294582.0
2024,Etxeko erabilera,Gipuzkoa,M3,30142889.5
2022,Etxeko erabilera,Gipuzkoa,M3,33143115.0
2023,Etxeko erabilera,Gipuzkoa,M3,31837289.5
2017,Industria-erabilera,,M3,66412090.1
2020,Industria-erabilera,,M3,58454182.7
2022,Industria-erabilera,,M3,60067313.1
2018,Industria-erabilera,,M3,66232578.1
2013,Industria-erabilera,,M3,65635020.7
2021,Industria-erabilera,,M3,60880414.0
2016,Industria-erabilera,,M3,65939730.6
2019,Industria-erabilera,,M3,64695490.7
2024,Industria-erabilera,,M3,65363899.6
2023,Industria-erabilera,,M3,61328986.0
2024,Industria-erabilera,Araba / Álava,M3,15521118.7
2023,Industria-erabilera,Araba / Álava,M3,13125427.2
2022,Industria-erabilera,Araba / Álava,M3,14823181.0
2021,Industria-erabilera,Araba / Álava,M3,15019725.6
2024,Industria-erabilera,Bizkaia,M3,26160702.2
2023,Industria-erabilera,Bizkaia,M3,25445892.7
2021,Industria-erabilera,Bizkaia,M3,24292745.1
2022,Industria-erabilera,Bizkaia,M3,24288140.7
2022,Industria-erabilera,Gipuzkoa,M3,20955991.4
2023,Industria-erabilera,Gipuzkoa,M3,22757666.1
2021,Industria-erabilera,Gipuzkoa,M3,21567942.9
2024,Industria-erabilera,Gipuzkoa,M3,23682078.7
2017,Merkataritza-erabilera,,M3,11970086.0
2018,Merkataritza-erabilera,,M3,12219522.3
2024,Merkataritza-erabilera,,M3,10455903.9
2013,Merkataritza-erabilera,,M3,11740415.2
2016,Merkataritza-erabilera,,M3,12429023.2
2020,Merkataritza-erabilera,,M3,11253856.2
2021,Merkataritza-erabilera,,M3,10471436.0
2019,Merkataritza-erabilera,,M3,11666682.7
2023,Merkataritza-erabilera,,M3,9772381.2
2022,Merkataritza-erabilera,,M3,11060459.6
2024,Merkataritza-erabilera,Araba / Álava,M3,439134.9
2023,Merkataritza-erabilera,Araba / Álava,M3,119019.2
2022,Merkataritza-erabilera,Araba / Álava,M3,315629.0
2021,Merkataritza-erabilera,Araba / Álava,M3,307205.5
2023,Merkataritza-erabilera,Bizkaia,M3,6283333.0
2024,Merkataritza-erabilera,Bizkaia,M3,6093778.0
2022,Merkataritza-erabilera,Bizkaia,M3,4746266.6
2021,Merkataritza-erabilera,Bizkaia,M3,4743841.0
2022,Merkataritza-erabilera,Gipuzkoa,M3,5998564.0
2021,Merkataritza-erabilera,Gipuzkoa,M3,5420389.0
2023,Merkataritza-erabilera,Gipuzkoa,M3,3370029.0
2024,Merkataritza-erabilera,Gipuzkoa,M3,3922991.0
2024,Erabilera publikoa,,M3,18499235.3
2018,Erabilera publikoa,,M3,10356549.1
2017,Erabilera publikoa,,M3,10650290.2
2021,Erabilera publikoa,,M3,9263988.0
2016,Erabilera publikoa,,M3,10427598.1
2019,Erabilera publikoa,,M3,10440779.4
2013,Erabilera publikoa,,M3,10687889.9
2022,Erabilera publikoa,,M3,11010562.7
2023,Erabilera publikoa,,M3,18438765.3
2020,Erabilera publikoa,,M3,5047360.5
2024,Erabilera publikoa,Araba / Álava,M3,3916667.8
2023,Erabilera publikoa,Araba / Álava,M3,3766872.3
2022,Erabilera publikoa,Araba / Álava,M3,4000563.8
2021,Erabilera publikoa,Araba / Álava,M3,3068185.1
2021,Erabilera publikoa,Bizkaia,M3,4165676.5
2024,Erabilera publikoa,Bizkaia,M3,9710859.5
2023,Erabilera publikoa,Bizkaia,M3,9791675.0
2022,Erabilera publikoa,Bizkaia,M3,4162631.5
2021,Erabilera publikoa,Gipuzkoa,M3,2030126.5
2022,Erabilera publikoa,Gipuzkoa,M3,2847367.4
2024,Erabilera publikoa,Gipuzkoa,M3,4871708.0
2023,Erabilera publikoa,Gipuzkoa,M3,4880218.0
2024,Nekazaritza eta abeltzaintzako erabilera,,M3,1954475.5
2016,Nekazaritza eta abeltzaintzako erabilera,,M3,1127021.1
2013,Nekazaritza eta abeltzaintzako erabilera,,M3,358850.4
2020,Nekazaritza eta abeltzaintzako erabilera,,M3,2907569.7
2017,Nekazaritza eta abeltzaintzako erabilera,,M3,1122869.4
2023,Nekazaritza eta abeltzaintzako erabilera,,M3,2051068.7
2019,Nekazaritza eta abeltzaintzako erabilera,,M3,1262937.4
2018,Nekazaritza eta abeltzaintzako erabilera,,M3,1131076.3
2021,Nekazaritza eta abeltzaintzako erabilera,,M3,1065919.0
2022,Nekazaritza eta abeltzaintzako erabilera,,M3,1827137.7
2021,Nekazaritza eta abeltzaintzako erabilera,Araba / Álava,M3,256133.2
2022,Nekazaritza eta abeltzaintzako erabilera,Araba / Álava,M3,895748.9
2024,Nekazaritza eta abeltzaintzako erabilera,Araba / Álava,M3,1016882.7
2023,Nekazaritza eta abeltzaintzako erabilera,Araba / Álava,M3,984376.7
2022,Nekazaritza eta abeltzaintzako erabilera,Bizkaia,M3,704744.6
2021,Nekazaritza eta abeltzaintzako erabilera,Bizkaia,M3,660993.0
2024,Nekazaritza eta abeltzaintzako erabilera,Bizkaia,M3,671002.4
2023,Nekazaritza eta abeltzaintzako erabilera,Bizkaia,M3,694183.4
2023,Nekazaritza eta abeltzaintzako erabilera,Gipuzkoa,M3,372508.6
2022,Nekazaritza eta abeltzaintzako erabilera,Gipuzkoa,M3,226644.3
2024,Nekazaritza eta abeltzaintzako erabilera,Gipuzkoa,M3,266590.4
2021,Nekazaritza eta abeltzaintzako erabilera,Gipuzkoa,M3,148793.0
2017,Beste erabilera batzuk,,M3,1631735.3
2018,Beste erabilera batzuk,,M3,1707479.9
2013,Beste erabilera batzuk,,M3,1203523.7
2019,Beste erabilera batzuk,,M3,1720927.5
2023,Beste erabilera batzuk,,M3,1577879.3
2022,Beste erabilera batzuk,,M3,1805713.9
2021,Beste erabilera batzuk,,M3,1790472.0
2024,Beste erabilera batzuk,,M3,2306375.9
2016,Beste erabilera batzuk,,M3,1522943.9
2020,Beste erabilera batzuk,,M3,1638772.1
2024,Beste erabilera batzuk,Araba / Álava,M3,224369.4
2023,Beste erabilera batzuk,Araba / Álava,M3,196804.0
2022,Beste erabilera batzuk,Araba / Álava,M3,176484.9
2021,Beste erabilera batzuk,Araba / Álava,M3,176878.9
2024,Beste erabilera batzuk,Bizkaia,M3,1632680.5
2023,Beste erabilera batzuk,Bizkaia,M3,1088286.9
2022,Beste erabilera batzuk,Bizkaia,M3,1251232.9
2021,Beste erabilera batzuk,Bizkaia,M3,1251139.6
2024,Beste erabilera batzuk,Gipuzkoa,M3,449326.1
2023,Beste erabilera batzuk,Gipuzkoa,M3,292788.4
2022,Beste erabilera batzuk,Gipuzkoa,M3,377996.1
2021,Beste erabilera batzuk,Gipuzkoa,M3,362453.8
