Year,Series,Units,Value
2017,EU_SAN_PARTIC,PT,100
2019,EU_SAN_PARTIC,PT,100
2018,EU_SAN_PARTIC,PT,100
2015,EU_SAN_PARTIC,PT,100
2022,EU_SAN_PARTIC,PT,100
2013,EU_SAN_PARTIC,PT,100
2021,EU_SAN_PARTIC,PT,100
2023,EU_SAN_PARTIC,PT,100
2014,EU_SAN_PARTIC,PT,100
2011,EU_SAN_PARTIC,PT,100
2020,EU_SAN_PARTIC,PT,100
2016,EU_SAN_PARTIC,PT,100
2012,EU_SAN_PARTIC,PT,100
2010,EU_SAN_PARTIC,PT,100
2024,EU_SAN_PARTIC,PT,100
2017,Bainatzeko uren kudeaketan tokiko komunitateek parte hartzeko politikak eta prozedura operatiboak ezarri dituzten tokiko administrazio-bulegoen proportzioa,PT,100
2020,Bainatzeko uren kudeaketan tokiko komunitateek parte hartzeko politikak eta prozedura operatiboak ezarri dituzten tokiko administrazio-bulegoen proportzioa,PT,100
2011,Bainatzeko uren kudeaketan tokiko komunitateek parte hartzeko politikak eta prozedura operatiboak ezarri dituzten tokiko administrazio-bulegoen proportzioa,PT,100
2016,Bainatzeko uren kudeaketan tokiko komunitateek parte hartzeko politikak eta prozedura operatiboak ezarri dituzten tokiko administrazio-bulegoen proportzioa,PT,100
2014,Bainatzeko uren kudeaketan tokiko komunitateek parte hartzeko politikak eta prozedura operatiboak ezarri dituzten tokiko administrazio-bulegoen proportzioa,PT,100
2023,Bainatzeko uren kudeaketan tokiko komunitateek parte hartzeko politikak eta prozedura operatiboak ezarri dituzten tokiko administrazio-bulegoen proportzioa,PT,100
2022,Bainatzeko uren kudeaketan tokiko komunitateek parte hartzeko politikak eta prozedura operatiboak ezarri dituzten tokiko administrazio-bulegoen proportzioa,PT,100
2010,Bainatzeko uren kudeaketan tokiko komunitateek parte hartzeko politikak eta prozedura operatiboak ezarri dituzten tokiko administrazio-bulegoen proportzioa,PT,100
2018,Bainatzeko uren kudeaketan tokiko komunitateek parte hartzeko politikak eta prozedura operatiboak ezarri dituzten tokiko administrazio-bulegoen proportzioa,PT,100
2024,Bainatzeko uren kudeaketan tokiko komunitateek parte hartzeko politikak eta prozedura operatiboak ezarri dituzten tokiko administrazio-bulegoen proportzioa,PT,100
2015,Bainatzeko uren kudeaketan tokiko komunitateek parte hartzeko politikak eta prozedura operatiboak ezarri dituzten tokiko administrazio-bulegoen proportzioa,PT,100
2021,Bainatzeko uren kudeaketan tokiko komunitateek parte hartzeko politikak eta prozedura operatiboak ezarri dituzten tokiko administrazio-bulegoen proportzioa,PT,100
2019,Bainatzeko uren kudeaketan tokiko komunitateek parte hartzeko politikak eta prozedura operatiboak ezarri dituzten tokiko administrazio-bulegoen proportzioa,PT,100
2012,Bainatzeko uren kudeaketan tokiko komunitateek parte hartzeko politikak eta prozedura operatiboak ezarri dituzten tokiko administrazio-bulegoen proportzioa,PT,100
2013,Bainatzeko uren kudeaketan tokiko komunitateek parte hartzeko politikak eta prozedura operatiboak ezarri dituzten tokiko administrazio-bulegoen proportzioa,PT,100
