Year,Series,Territorio,Units,Value
2014,Número de sucursales de bancos comerciales por cada 100.000 adultos ,,Por 100.000,83.7
2010,Número de sucursales de bancos comerciales por cada 100.000 adultos ,,Por 100.000,103.5
2015,Número de sucursales de bancos comerciales por cada 100.000 adultos ,,Por 100.000,82.2
2018,Número de sucursales de bancos comerciales por cada 100.000 adultos ,,Por 100.000,71.4
2012,Número de sucursales de bancos comerciales por cada 100.000 adultos ,,Por 100.000,98.2
2016,Número de sucursales de bancos comerciales por cada 100.000 adultos ,,Por 100.000,78.5
2023,Número de sucursales de bancos comerciales por cada 100.000 adultos ,,Por 100.000,51.4
2022,Número de sucursales de bancos comerciales por cada 100.000 adultos ,,Por 100.000,52.2
2013,Número de sucursales de bancos comerciales por cada 100.000 adultos ,,Por 100.000,89.4
2021,Número de sucursales de bancos comerciales por cada 100.000 adultos ,,Por 100.000,56.5
2017,Número de sucursales de bancos comerciales por cada 100.000 adultos ,,Por 100.000,73.8
2019,Número de sucursales de bancos comerciales por cada 100.000 adultos ,,Por 100.000,68.0
2020,Número de sucursales de bancos comerciales por cada 100.000 adultos ,,Por 100.000,62.1
2011,Número de sucursales de bancos comerciales por cada 100.000 adultos ,,Por 100.000,101.0
2013,Número de sucursales de bancos comerciales por cada 100.000 adultos ,Gipuzkoa,Por 100.000,89.7
2011,Número de sucursales de bancos comerciales por cada 100.000 adultos ,Araba/Álava,Por 100.000,118.0
2019,Número de sucursales de bancos comerciales por cada 100.000 adultos ,Gipuzkoa,Por 100.000,70.8
2018,Número de sucursales de bancos comerciales por cada 100.000 adultos ,Gipuzkoa,Por 100.000,74.7
2017,Número de sucursales de bancos comerciales por cada 100.000 adultos ,Bizkaia,Por 100.000,71.0
2018,Número de sucursales de bancos comerciales por cada 100.000 adultos ,Bizkaia,Por 100.000,69.0
2023,Número de sucursales de bancos comerciales por cada 100.000 adultos ,Bizkaia,Por 100.000,49.6
2011,Número de sucursales de bancos comerciales por cada 100.000 adultos ,Gipuzkoa,Por 100.000,97.0
2014,Número de sucursales de bancos comerciales por cada 100.000 adultos ,Gipuzkoa,Por 100.000,86.1
2015,Número de sucursales de bancos comerciales por cada 100.000 adultos ,Bizkaia,Por 100.000,78.3
2021,Número de sucursales de bancos comerciales por cada 100.000 adultos ,Bizkaia,Por 100.000,54.1
2011,Número de sucursales de bancos comerciales por cada 100.000 adultos ,Bizkaia,Por 100.000,98.8
2017,Número de sucursales de bancos comerciales por cada 100.000 adultos ,Gipuzkoa,Por 100.000,77.5
2018,Número de sucursales de bancos comerciales por cada 100.000 adultos ,Araba/Álava,Por 100.000,72.6
2019,Número de sucursales de bancos comerciales por cada 100.000 adultos ,Bizkaia,Por 100.000,66.0
2019,Número de sucursales de bancos comerciales por cada 100.000 adultos ,Araba/Álava,Por 100.000,68.9
2012,Número de sucursales de bancos comerciales por cada 100.000 adultos ,Gipuzkoa,Por 100.000,94.8
2017,Número de sucursales de bancos comerciales por cada 100.000 adultos ,Araba/Álava,Por 100.000,76.0
2014,Número de sucursales de bancos comerciales por cada 100.000 adultos ,Bizkaia,Por 100.000,79.4
2013,Número de sucursales de bancos comerciales por cada 100.000 adultos ,Araba/Álava,Por 100.000,102.4
2022,Número de sucursales de bancos comerciales por cada 100.000 adultos ,Bizkaia,Por 100.000,50.4
2014,Número de sucursales de bancos comerciales por cada 100.000 adultos ,Araba/Álava,Por 100.000,93.9
2021,Número de sucursales de bancos comerciales por cada 100.000 adultos ,Araba/Álava,Por 100.000,58.8
2013,Número de sucursales de bancos comerciales por cada 100.000 adultos ,Bizkaia,Por 100.000,85.6
2021,Número de sucursales de bancos comerciales por cada 100.000 adultos ,Gipuzkoa,Por 100.000,59.4
2016,Número de sucursales de bancos comerciales por cada 100.000 adultos ,Gipuzkoa,Por 100.000,81.3
2020,Número de sucursales de bancos comerciales por cada 100.000 adultos ,Araba/Álava,Por 100.000,63.2
2015,Número de sucursales de bancos comerciales por cada 100.000 adultos ,Araba/Álava,Por 100.000,91.6
2010,Número de sucursales de bancos comerciales por cada 100.000 adultos ,Gipuzkoa,Por 100.000,98.7
2016,Número de sucursales de bancos comerciales por cada 100.000 adultos ,Araba/Álava,Por 100.000,83.7
2012,Número de sucursales de bancos comerciales por cada 100.000 adultos ,Bizkaia,Por 100.000,95.8
2010,Número de sucursales de bancos comerciales por cada 100.000 adultos ,Araba/Álava,Por 100.000,122.5
2020,Número de sucursales de bancos comerciales por cada 100.000 adultos ,Gipuzkoa,Por 100.000,65.8
2022,Número de sucursales de bancos comerciales por cada 100.000 adultos ,Araba/Álava,Por 100.000,54.4
2020,Número de sucursales de bancos comerciales por cada 100.000 adultos ,Bizkaia,Por 100.000,59.5
2010,Número de sucursales de bancos comerciales por cada 100.000 adultos ,Bizkaia,Por 100.000,101.2
2022,Número de sucursales de bancos comerciales por cada 100.000 adultos ,Gipuzkoa,Por 100.000,54.3
2016,Número de sucursales de bancos comerciales por cada 100.000 adultos ,Bizkaia,Por 100.000,75.4
2015,Número de sucursales de bancos comerciales por cada 100.000 adultos ,Gipuzkoa,Por 100.000,84.4
2023,Número de sucursales de bancos comerciales por cada 100.000 adultos ,Gipuzkoa,Por 100.000,53.3
2012,Número de sucursales de bancos comerciales por cada 100.000 adultos ,Araba/Álava,Por 100.000,113.8
2023,Número de sucursales de bancos comerciales por cada 100.000 adultos ,Araba/Álava,Por 100.000,53.7
2014,Número de sucursales de bancos comerciales por cada 100.000 adultos ,Bizkaia,Por 100.000,79.4
2012,Número de sucursales de bancos comerciales por cada 100.000 adultos ,Gipuzkoa,Por 100.000,94.8
2012,Número de sucursales de bancos comerciales por cada 100.000 adultos ,Bizkaia,Por 100.000,95.8
2012,Número de sucursales de bancos comerciales por cada 100.000 adultos ,Araba/Álava,Por 100.000,113.8
2010,Número de sucursales de bancos comerciales por cada 100.000 adultos ,Gipuzkoa,Por 100.000,98.7
2010,Número de sucursales de bancos comerciales por cada 100.000 adultos ,Bizkaia,Por 100.000,101.2
2023,Número de sucursales de bancos comerciales por cada 100.000 adultos ,Araba/Álava,Por 100.000,53.7
2021,Número de sucursales de bancos comerciales por cada 100.000 adultos ,Gipuzkoa,Por 100.000,59.4
2016,Número de sucursales de bancos comerciales por cada 100.000 adultos ,Araba/Álava,Por 100.000,83.7
2015,Número de sucursales de bancos comerciales por cada 100.000 adultos ,Araba/Álava,Por 100.000,91.6
2017,Número de sucursales de bancos comerciales por cada 100.000 adultos ,Gipuzkoa,Por 100.000,77.5
2023,Número de sucursales de bancos comerciales por cada 100.000 adultos ,Bizkaia,Por 100.000,49.6
2019,Número de sucursales de bancos comerciales por cada 100.000 adultos ,Araba/Álava,Por 100.000,68.9
2016,Número de sucursales de bancos comerciales por cada 100.000 adultos ,Gipuzkoa,Por 100.000,81.3
2017,Número de sucursales de bancos comerciales por cada 100.000 adultos ,Araba/Álava,Por 100.000,76.0
2019,Número de sucursales de bancos comerciales por cada 100.000 adultos ,Bizkaia,Por 100.000,66.0
2013,Número de sucursales de bancos comerciales por cada 100.000 adultos ,Gipuzkoa,Por 100.000,89.7
2015,Número de sucursales de bancos comerciales por cada 100.000 adultos ,Bizkaia,Por 100.000,78.3
2010,Número de sucursales de bancos comerciales por cada 100.000 adultos ,Araba/Álava,Por 100.000,122.5
2011,Número de sucursales de bancos comerciales por cada 100.000 adultos ,Bizkaia,Por 100.000,98.8
2023,Número de sucursales de bancos comerciales por cada 100.000 adultos ,Gipuzkoa,Por 100.000,53.3
2021,Número de sucursales de bancos comerciales por cada 100.000 adultos ,Araba/Álava,Por 100.000,58.8
2015,Número de sucursales de bancos comerciales por cada 100.000 adultos ,Gipuzkoa,Por 100.000,84.4
2017,Número de sucursales de bancos comerciales por cada 100.000 adultos ,Bizkaia,Por 100.000,71.0
2019,Número de sucursales de bancos comerciales por cada 100.000 adultos ,Gipuzkoa,Por 100.000,70.8
2021,Número de sucursales de bancos comerciales por cada 100.000 adultos ,Bizkaia,Por 100.000,54.1
2013,Número de sucursales de bancos comerciales por cada 100.000 adultos ,Bizkaia,Por 100.000,85.6
2011,Número de sucursales de bancos comerciales por cada 100.000 adultos ,Gipuzkoa,Por 100.000,97.0
2013,Número de sucursales de bancos comerciales por cada 100.000 adultos ,Araba/Álava,Por 100.000,102.4
2011,Número de sucursales de bancos comerciales por cada 100.000 adultos ,Araba/Álava,Por 100.000,118.0
2022,Número de sucursales de bancos comerciales por cada 100.000 adultos ,Gipuzkoa,Por 100.000,54.3
2022,Número de sucursales de bancos comerciales por cada 100.000 adultos ,Araba/Álava,Por 100.000,54.4
2020,Número de sucursales de bancos comerciales por cada 100.000 adultos ,Gipuzkoa,Por 100.000,65.8
2018,Número de sucursales de bancos comerciales por cada 100.000 adultos ,Gipuzkoa,Por 100.000,74.7
2020,Número de sucursales de bancos comerciales por cada 100.000 adultos ,Araba/Álava,Por 100.000,63.2
2022,Número de sucursales de bancos comerciales por cada 100.000 adultos ,Bizkaia,Por 100.000,50.4
2014,Número de sucursales de bancos comerciales por cada 100.000 adultos ,Araba/Álava,Por 100.000,93.9
2020,Número de sucursales de bancos comerciales por cada 100.000 adultos ,Bizkaia,Por 100.000,59.5
2014,Número de sucursales de bancos comerciales por cada 100.000 adultos ,Gipuzkoa,Por 100.000,86.1
2018,Número de sucursales de bancos comerciales por cada 100.000 adultos ,Bizkaia,Por 100.000,69.0
2018,Número de sucursales de bancos comerciales por cada 100.000 adultos ,Araba/Álava,Por 100.000,72.6
2016,Número de sucursales de bancos comerciales por cada 100.000 adultos ,Bizkaia,Por 100.000,75.4
2021,Número de sucursales de bancos comerciales por cada 100.000 adultos ,Bizkaia,Por 100.000,54.1
2010,Número de sucursales de bancos comerciales por cada 100.000 adultos ,Bizkaia,Por 100.000,101.2
2014,Número de sucursales de bancos comerciales por cada 100.000 adultos ,Gipuzkoa,Por 100.000,86.1
2016,Número de sucursales de bancos comerciales por cada 100.000 adultos ,Gipuzkoa,Por 100.000,81.3
2020,Número de sucursales de bancos comerciales por cada 100.000 adultos ,Gipuzkoa,Por 100.000,65.8
2011,Número de sucursales de bancos comerciales por cada 100.000 adultos ,Gipuzkoa,Por 100.000,97.0
2013,Número de sucursales de bancos comerciales por cada 100.000 adultos ,Bizkaia,Por 100.000,85.6
2017,Número de sucursales de bancos comerciales por cada 100.000 adultos ,Araba/Álava,Por 100.000,76.0
2013,Número de sucursales de bancos comerciales por cada 100.000 adultos ,Araba/Álava,Por 100.000,102.4
2011,Número de sucursales de bancos comerciales por cada 100.000 adultos ,Araba/Álava,Por 100.000,118.0
2010,Número de sucursales de bancos comerciales por cada 100.000 adultos ,Araba/Álava,Por 100.000,122.5
2016,Número de sucursales de bancos comerciales por cada 100.000 adultos ,Araba/Álava,Por 100.000,83.7
2022,Número de sucursales de bancos comerciales por cada 100.000 adultos ,Gipuzkoa,Por 100.000,54.3
2022,Número de sucursales de bancos comerciales por cada 100.000 adultos ,Araba/Álava,Por 100.000,54.4
2012,Número de sucursales de bancos comerciales por cada 100.000 adultos ,Araba/Álava,Por 100.000,113.8
2018,Número de sucursales de bancos comerciales por cada 100.000 adultos ,Gipuzkoa,Por 100.000,74.7
2020,Número de sucursales de bancos comerciales por cada 100.000 adultos ,Araba/Álava,Por 100.000,63.2
2022,Número de sucursales de bancos comerciales por cada 100.000 adultos ,Bizkaia,Por 100.000,50.4
2014,Número de sucursales de bancos comerciales por cada 100.000 adultos ,Araba/Álava,Por 100.000,93.9
2020,Número de sucursales de bancos comerciales por cada 100.000 adultos ,Bizkaia,Por 100.000,59.5
2018,Número de sucursales de bancos comerciales por cada 100.000 adultos ,Bizkaia,Por 100.000,69.0
2018,Número de sucursales de bancos comerciales por cada 100.000 adultos ,Araba/Álava,Por 100.000,72.6
2016,Número de sucursales de bancos comerciales por cada 100.000 adultos ,Bizkaia,Por 100.000,75.4
2012,Número de sucursales de bancos comerciales por cada 100.000 adultos ,Gipuzkoa,Por 100.000,94.8
2014,Número de sucursales de bancos comerciales por cada 100.000 adultos ,Bizkaia,Por 100.000,79.4
2012,Número de sucursales de bancos comerciales por cada 100.000 adultos ,Bizkaia,Por 100.000,95.8
2010,Número de sucursales de bancos comerciales por cada 100.000 adultos ,Gipuzkoa,Por 100.000,98.7
2023,Número de sucursales de bancos comerciales por cada 100.000 adultos ,Araba/Álava,Por 100.000,53.7
2021,Número de sucursales de bancos comerciales por cada 100.000 adultos ,Gipuzkoa,Por 100.000,59.4
2015,Número de sucursales de bancos comerciales por cada 100.000 adultos ,Araba/Álava,Por 100.000,91.6
2023,Número de sucursales de bancos comerciales por cada 100.000 adultos ,Bizkaia,Por 100.000,49.6
2019,Número de sucursales de bancos comerciales por cada 100.000 adultos ,Araba/Álava,Por 100.000,68.9
2019,Número de sucursales de bancos comerciales por cada 100.000 adultos ,Bizkaia,Por 100.000,66.0
2017,Número de sucursales de bancos comerciales por cada 100.000 adultos ,Gipuzkoa,Por 100.000,77.5
2013,Número de sucursales de bancos comerciales por cada 100.000 adultos ,Gipuzkoa,Por 100.000,89.7
2015,Número de sucursales de bancos comerciales por cada 100.000 adultos ,Bizkaia,Por 100.000,78.3
2011,Número de sucursales de bancos comerciales por cada 100.000 adultos ,Bizkaia,Por 100.000,98.8
2023,Número de sucursales de bancos comerciales por cada 100.000 adultos ,Gipuzkoa,Por 100.000,53.3
2021,Número de sucursales de bancos comerciales por cada 100.000 adultos ,Araba/Álava,Por 100.000,58.8
2015,Número de sucursales de bancos comerciales por cada 100.000 adultos ,Gipuzkoa,Por 100.000,84.4
2017,Número de sucursales de bancos comerciales por cada 100.000 adultos ,Bizkaia,Por 100.000,71.0
2019,Número de sucursales de bancos comerciales por cada 100.000 adultos ,Gipuzkoa,Por 100.000,70.8
2013,Número de sucursales de bancos comerciales por cada 100.000 adultos ,Bizkaia,Por 100.000,85.6
2011,Número de sucursales de bancos comerciales por cada 100.000 adultos ,Gipuzkoa,Por 100.000,97.0
2017,Número de sucursales de bancos comerciales por cada 100.000 adultos ,Araba/Álava,Por 100.000,76.0
2013,Número de sucursales de bancos comerciales por cada 100.000 adultos ,Araba/Álava,Por 100.000,102.4
2011,Número de sucursales de bancos comerciales por cada 100.000 adultos ,Araba/Álava,Por 100.000,118.0
2010,Número de sucursales de bancos comerciales por cada 100.000 adultos ,Araba/Álava,Por 100.000,122.5
2016,Número de sucursales de bancos comerciales por cada 100.000 adultos ,Araba/Álava,Por 100.000,83.7
2022,Número de sucursales de bancos comerciales por cada 100.000 adultos ,Gipuzkoa,Por 100.000,54.3
2022,Número de sucursales de bancos comerciales por cada 100.000 adultos ,Araba/Álava,Por 100.000,54.4
2020,Número de sucursales de bancos comerciales por cada 100.000 adultos ,Gipuzkoa,Por 100.000,65.8
2012,Número de sucursales de bancos comerciales por cada 100.000 adultos ,Araba/Álava,Por 100.000,113.8
2018,Número de sucursales de bancos comerciales por cada 100.000 adultos ,Gipuzkoa,Por 100.000,74.7
2020,Número de sucursales de bancos comerciales por cada 100.000 adultos ,Araba/Álava,Por 100.000,63.2
2016,Número de sucursales de bancos comerciales por cada 100.000 adultos ,Gipuzkoa,Por 100.000,81.3
2022,Número de sucursales de bancos comerciales por cada 100.000 adultos ,Bizkaia,Por 100.000,50.4
2014,Número de sucursales de bancos comerciales por cada 100.000 adultos ,Araba/Álava,Por 100.000,93.9
2020,Número de sucursales de bancos comerciales por cada 100.000 adultos ,Bizkaia,Por 100.000,59.5
2014,Número de sucursales de bancos comerciales por cada 100.000 adultos ,Gipuzkoa,Por 100.000,86.1
2018,Número de sucursales de bancos comerciales por cada 100.000 adultos ,Bizkaia,Por 100.000,69.0
2018,Número de sucursales de bancos comerciales por cada 100.000 adultos ,Araba/Álava,Por 100.000,72.6
2016,Número de sucursales de bancos comerciales por cada 100.000 adultos ,Bizkaia,Por 100.000,75.4
2012,Número de sucursales de bancos comerciales por cada 100.000 adultos ,Gipuzkoa,Por 100.000,94.8
2014,Número de sucursales de bancos comerciales por cada 100.000 adultos ,Bizkaia,Por 100.000,79.4
2012,Número de sucursales de bancos comerciales por cada 100.000 adultos ,Bizkaia,Por 100.000,95.8
2010,Número de sucursales de bancos comerciales por cada 100.000 adultos ,Gipuzkoa,Por 100.000,98.7
2010,Número de sucursales de bancos comerciales por cada 100.000 adultos ,Bizkaia,Por 100.000,101.2
2023,Número de sucursales de bancos comerciales por cada 100.000 adultos ,Araba/Álava,Por 100.000,53.7
2021,Número de sucursales de bancos comerciales por cada 100.000 adultos ,Gipuzkoa,Por 100.000,59.4
2015,Número de sucursales de bancos comerciales por cada 100.000 adultos ,Araba/Álava,Por 100.000,91.6
2017,Número de sucursales de bancos comerciales por cada 100.000 adultos ,Gipuzkoa,Por 100.000,77.5
2023,Número de sucursales de bancos comerciales por cada 100.000 adultos ,Bizkaia,Por 100.000,49.6
2019,Número de sucursales de bancos comerciales por cada 100.000 adultos ,Araba/Álava,Por 100.000,68.9
2019,Número de sucursales de bancos comerciales por cada 100.000 adultos ,Bizkaia,Por 100.000,66.0
2013,Número de sucursales de bancos comerciales por cada 100.000 adultos ,Gipuzkoa,Por 100.000,89.7
2015,Número de sucursales de bancos comerciales por cada 100.000 adultos ,Bizkaia,Por 100.000,78.3
2011,Número de sucursales de bancos comerciales por cada 100.000 adultos ,Bizkaia,Por 100.000,98.8
2023,Número de sucursales de bancos comerciales por cada 100.000 adultos ,Gipuzkoa,Por 100.000,53.3
2021,Número de sucursales de bancos comerciales por cada 100.000 adultos ,Araba/Álava,Por 100.000,58.8
2015,Número de sucursales de bancos comerciales por cada 100.000 adultos ,Gipuzkoa,Por 100.000,84.4
2017,Número de sucursales de bancos comerciales por cada 100.000 adultos ,Bizkaia,Por 100.000,71.0
2019,Número de sucursales de bancos comerciales por cada 100.000 adultos ,Gipuzkoa,Por 100.000,70.8
2021,Número de sucursales de bancos comerciales por cada 100.000 adultos ,Bizkaia,Por 100.000,54.1
