Year,Series,Sexua,Adina,Lurralde historikoa,Units,Value
2011,"Ikasten ez duten, enplegurik ez duten eta gaikuntzarik jasotzen ez duten gazteen proportzioa",,15-24 urte,,%,10.9
2022,"Ikasten ez duten, enplegurik ez duten eta gaikuntzarik jasotzen ez duten gazteen proportzioa",,15-24 urte,,%,8.6
2023,"Ikasten ez duten, enplegurik ez duten eta gaikuntzarik jasotzen ez duten gazteen proportzioa",,15-24 urte,,%,8.0
2015,"Ikasten ez duten, enplegurik ez duten eta gaikuntzarik jasotzen ez duten gazteen proportzioa",,15-24 urte,,%,8.2
2012,"Ikasten ez duten, enplegurik ez duten eta gaikuntzarik jasotzen ez duten gazteen proportzioa",,15-24 urte,,%,11.6
2014,"Ikasten ez duten, enplegurik ez duten eta gaikuntzarik jasotzen ez duten gazteen proportzioa",,15-24 urte,,%,9.9
2013,"Ikasten ez duten, enplegurik ez duten eta gaikuntzarik jasotzen ez duten gazteen proportzioa",,15-24 urte,,%,13.2
2024,"Ikasten ez duten, enplegurik ez duten eta gaikuntzarik jasotzen ez duten gazteen proportzioa",,15-24 urte,,%,6.7
2018,"Ikasten ez duten, enplegurik ez duten eta gaikuntzarik jasotzen ez duten gazteen proportzioa",,15-24 urte,,%,8.7
2010,"Ikasten ez duten, enplegurik ez duten eta gaikuntzarik jasotzen ez duten gazteen proportzioa",,15-24 urte,,%,10.9
2020,"Ikasten ez duten, enplegurik ez duten eta gaikuntzarik jasotzen ez duten gazteen proportzioa",,15-24 urte,,%,8.5
2021,"Ikasten ez duten, enplegurik ez duten eta gaikuntzarik jasotzen ez duten gazteen proportzioa",,15-24 urte,,%,7.9
2016,"Ikasten ez duten, enplegurik ez duten eta gaikuntzarik jasotzen ez duten gazteen proportzioa",,15-24 urte,,%,9.2
2017,"Ikasten ez duten, enplegurik ez duten eta gaikuntzarik jasotzen ez duten gazteen proportzioa",,15-24 urte,,%,9.4
2019,"Ikasten ez duten, enplegurik ez duten eta gaikuntzarik jasotzen ez duten gazteen proportzioa",,15-24 urte,,%,8.0
2017,"Ikasten ez duten, enplegurik ez duten eta gaikuntzarik jasotzen ez duten gazteen proportzioa",,15-24 urte,Araba / Álava,%,12.0
2018,"Ikasten ez duten, enplegurik ez duten eta gaikuntzarik jasotzen ez duten gazteen proportzioa",,15-24 urte,Araba / Álava,%,8.7
2024,"Ikasten ez duten, enplegurik ez duten eta gaikuntzarik jasotzen ez duten gazteen proportzioa",,15-24 urte,Araba / Álava,%,6.3
2010,"Ikasten ez duten, enplegurik ez duten eta gaikuntzarik jasotzen ez duten gazteen proportzioa",,15-24 urte,Araba / Álava,%,12.7
2013,"Ikasten ez duten, enplegurik ez duten eta gaikuntzarik jasotzen ez duten gazteen proportzioa",,15-24 urte,Araba / Álava,%,13.6
2022,"Ikasten ez duten, enplegurik ez duten eta gaikuntzarik jasotzen ez duten gazteen proportzioa",,15-24 urte,Araba / Álava,%,8.6
2015,"Ikasten ez duten, enplegurik ez duten eta gaikuntzarik jasotzen ez duten gazteen proportzioa",,15-24 urte,Araba / Álava,%,8.2
2011,"Ikasten ez duten, enplegurik ez duten eta gaikuntzarik jasotzen ez duten gazteen proportzioa",,15-24 urte,Araba / Álava,%,12.6
2020,"Ikasten ez duten, enplegurik ez duten eta gaikuntzarik jasotzen ez duten gazteen proportzioa",,15-24 urte,Araba / Álava,%,9.5
2021,"Ikasten ez duten, enplegurik ez duten eta gaikuntzarik jasotzen ez duten gazteen proportzioa",,15-24 urte,Araba / Álava,%,7.6
2016,"Ikasten ez duten, enplegurik ez duten eta gaikuntzarik jasotzen ez duten gazteen proportzioa",,15-24 urte,Araba / Álava,%,8.5
2012,"Ikasten ez duten, enplegurik ez duten eta gaikuntzarik jasotzen ez duten gazteen proportzioa",,15-24 urte,Araba / Álava,%,13.0
2014,"Ikasten ez duten, enplegurik ez duten eta gaikuntzarik jasotzen ez duten gazteen proportzioa",,15-24 urte,Araba / Álava,%,9.4
2023,"Ikasten ez duten, enplegurik ez duten eta gaikuntzarik jasotzen ez duten gazteen proportzioa",,15-24 urte,Araba / Álava,%,9.1
2019,"Ikasten ez duten, enplegurik ez duten eta gaikuntzarik jasotzen ez duten gazteen proportzioa",,15-24 urte,Araba / Álava,%,9.1
2021,"Ikasten ez duten, enplegurik ez duten eta gaikuntzarik jasotzen ez duten gazteen proportzioa",,15-24 urte,Bizkaia,%,8.4
2015,"Ikasten ez duten, enplegurik ez duten eta gaikuntzarik jasotzen ez duten gazteen proportzioa",,15-24 urte,Bizkaia,%,8.3
2019,"Ikasten ez duten, enplegurik ez duten eta gaikuntzarik jasotzen ez duten gazteen proportzioa",,15-24 urte,Bizkaia,%,8.5
2024,"Ikasten ez duten, enplegurik ez duten eta gaikuntzarik jasotzen ez duten gazteen proportzioa",,15-24 urte,Bizkaia,%,7.3
2013,"Ikasten ez duten, enplegurik ez duten eta gaikuntzarik jasotzen ez duten gazteen proportzioa",,15-24 urte,Bizkaia,%,13.4
2011,"Ikasten ez duten, enplegurik ez duten eta gaikuntzarik jasotzen ez duten gazteen proportzioa",,15-24 urte,Bizkaia,%,11.2
2020,"Ikasten ez duten, enplegurik ez duten eta gaikuntzarik jasotzen ez duten gazteen proportzioa",,15-24 urte,Bizkaia,%,9.2
2023,"Ikasten ez duten, enplegurik ez duten eta gaikuntzarik jasotzen ez duten gazteen proportzioa",,15-24 urte,Bizkaia,%,8.8
2017,"Ikasten ez duten, enplegurik ez duten eta gaikuntzarik jasotzen ez duten gazteen proportzioa",,15-24 urte,Bizkaia,%,8.6
2016,"Ikasten ez duten, enplegurik ez duten eta gaikuntzarik jasotzen ez duten gazteen proportzioa",,15-24 urte,Bizkaia,%,9.6
2014,"Ikasten ez duten, enplegurik ez duten eta gaikuntzarik jasotzen ez duten gazteen proportzioa",,15-24 urte,Bizkaia,%,10.7
2010,"Ikasten ez duten, enplegurik ez duten eta gaikuntzarik jasotzen ez duten gazteen proportzioa",,15-24 urte,Bizkaia,%,11.4
2018,"Ikasten ez duten, enplegurik ez duten eta gaikuntzarik jasotzen ez duten gazteen proportzioa",,15-24 urte,Bizkaia,%,9.4
2012,"Ikasten ez duten, enplegurik ez duten eta gaikuntzarik jasotzen ez duten gazteen proportzioa",,15-24 urte,Bizkaia,%,11.2
2022,"Ikasten ez duten, enplegurik ez duten eta gaikuntzarik jasotzen ez duten gazteen proportzioa",,15-24 urte,Bizkaia,%,10.3
2010,"Ikasten ez duten, enplegurik ez duten eta gaikuntzarik jasotzen ez duten gazteen proportzioa",,15-24 urte,Gipuzkoa,%,9.3
2022,"Ikasten ez duten, enplegurik ez duten eta gaikuntzarik jasotzen ez duten gazteen proportzioa",,15-24 urte,Gipuzkoa,%,6.1
2023,"Ikasten ez duten, enplegurik ez duten eta gaikuntzarik jasotzen ez duten gazteen proportzioa",,15-24 urte,Gipuzkoa,%,6.3
2015,"Ikasten ez duten, enplegurik ez duten eta gaikuntzarik jasotzen ez duten gazteen proportzioa",,15-24 urte,Gipuzkoa,%,8.1
2011,"Ikasten ez duten, enplegurik ez duten eta gaikuntzarik jasotzen ez duten gazteen proportzioa",,15-24 urte,Gipuzkoa,%,9.5
2017,"Ikasten ez duten, enplegurik ez duten eta gaikuntzarik jasotzen ez duten gazteen proportzioa",,15-24 urte,Gipuzkoa,%,9.6
2012,"Ikasten ez duten, enplegurik ez duten eta gaikuntzarik jasotzen ez duten gazteen proportzioa",,15-24 urte,Gipuzkoa,%,11.4
2020,"Ikasten ez duten, enplegurik ez duten eta gaikuntzarik jasotzen ez duten gazteen proportzioa",,15-24 urte,Gipuzkoa,%,7.1
2013,"Ikasten ez duten, enplegurik ez duten eta gaikuntzarik jasotzen ez duten gazteen proportzioa",,15-24 urte,Gipuzkoa,%,12.8
2014,"Ikasten ez duten, enplegurik ez duten eta gaikuntzarik jasotzen ez duten gazteen proportzioa",,15-24 urte,Gipuzkoa,%,9.0
2019,"Ikasten ez duten, enplegurik ez duten eta gaikuntzarik jasotzen ez duten gazteen proportzioa",,15-24 urte,Gipuzkoa,%,7.0
2016,"Ikasten ez duten, enplegurik ez duten eta gaikuntzarik jasotzen ez duten gazteen proportzioa",,15-24 urte,Gipuzkoa,%,8.8
2018,"Ikasten ez duten, enplegurik ez duten eta gaikuntzarik jasotzen ez duten gazteen proportzioa",,15-24 urte,Gipuzkoa,%,7.6
2024,"Ikasten ez duten, enplegurik ez duten eta gaikuntzarik jasotzen ez duten gazteen proportzioa",,15-24 urte,Gipuzkoa,%,5.9
2021,"Ikasten ez duten, enplegurik ez duten eta gaikuntzarik jasotzen ez duten gazteen proportzioa",,15-24 urte,Gipuzkoa,%,7.5
2013,"Ikasten ez duten, enplegurik ez duten eta gaikuntzarik jasotzen ez duten gazteen proportzioa",Emakumea,15-24 urte,,%,13.0
2015,"Ikasten ez duten, enplegurik ez duten eta gaikuntzarik jasotzen ez duten gazteen proportzioa",Emakumea,15-24 urte,,%,7.9
2021,"Ikasten ez duten, enplegurik ez duten eta gaikuntzarik jasotzen ez duten gazteen proportzioa",Emakumea,15-24 urte,,%,7.3
2012,"Ikasten ez duten, enplegurik ez duten eta gaikuntzarik jasotzen ez duten gazteen proportzioa",Emakumea,15-24 urte,,%,11.1
2019,"Ikasten ez duten, enplegurik ez duten eta gaikuntzarik jasotzen ez duten gazteen proportzioa",Emakumea,15-24 urte,,%,8.3
2014,"Ikasten ez duten, enplegurik ez duten eta gaikuntzarik jasotzen ez duten gazteen proportzioa",Emakumea,15-24 urte,,%,9.3
2016,"Ikasten ez duten, enplegurik ez duten eta gaikuntzarik jasotzen ez duten gazteen proportzioa",Emakumea,15-24 urte,,%,9.2
2011,"Ikasten ez duten, enplegurik ez duten eta gaikuntzarik jasotzen ez duten gazteen proportzioa",Emakumea,15-24 urte,,%,9.7
2024,"Ikasten ez duten, enplegurik ez duten eta gaikuntzarik jasotzen ez duten gazteen proportzioa",Emakumea,15-24 urte,,%,6.8
2010,"Ikasten ez duten, enplegurik ez duten eta gaikuntzarik jasotzen ez duten gazteen proportzioa",Emakumea,15-24 urte,,%,9.6
2017,"Ikasten ez duten, enplegurik ez duten eta gaikuntzarik jasotzen ez duten gazteen proportzioa",Emakumea,15-24 urte,,%,9.6
2018,"Ikasten ez duten, enplegurik ez duten eta gaikuntzarik jasotzen ez duten gazteen proportzioa",Emakumea,15-24 urte,,%,9.2
2022,"Ikasten ez duten, enplegurik ez duten eta gaikuntzarik jasotzen ez duten gazteen proportzioa",Emakumea,15-24 urte,,%,7.9
2023,"Ikasten ez duten, enplegurik ez duten eta gaikuntzarik jasotzen ez duten gazteen proportzioa",Emakumea,15-24 urte,,%,8.5
2020,"Ikasten ez duten, enplegurik ez duten eta gaikuntzarik jasotzen ez duten gazteen proportzioa",Emakumea,15-24 urte,,%,8.5
2021,"Ikasten ez duten, enplegurik ez duten eta gaikuntzarik jasotzen ez duten gazteen proportzioa",Emakumea,15-24 urte,Araba / Álava,%,7.2
2022,"Ikasten ez duten, enplegurik ez duten eta gaikuntzarik jasotzen ez duten gazteen proportzioa",Emakumea,15-24 urte,Araba / Álava,%,7.6
2013,"Ikasten ez duten, enplegurik ez duten eta gaikuntzarik jasotzen ez duten gazteen proportzioa",Emakumea,15-24 urte,Araba / Álava,%,13.6
2023,"Ikasten ez duten, enplegurik ez duten eta gaikuntzarik jasotzen ez duten gazteen proportzioa",Emakumea,15-24 urte,Araba / Álava,%,11.5
2015,"Ikasten ez duten, enplegurik ez duten eta gaikuntzarik jasotzen ez duten gazteen proportzioa",Emakumea,15-24 urte,Araba / Álava,%,7.6
2024,"Ikasten ez duten, enplegurik ez duten eta gaikuntzarik jasotzen ez duten gazteen proportzioa",Emakumea,15-24 urte,Araba / Álava,%,6.1
2010,"Ikasten ez duten, enplegurik ez duten eta gaikuntzarik jasotzen ez duten gazteen proportzioa",Emakumea,15-24 urte,Araba / Álava,%,12.2
2020,"Ikasten ez duten, enplegurik ez duten eta gaikuntzarik jasotzen ez duten gazteen proportzioa",Emakumea,15-24 urte,Araba / Álava,%,7.3
2019,"Ikasten ez duten, enplegurik ez duten eta gaikuntzarik jasotzen ez duten gazteen proportzioa",Emakumea,15-24 urte,Araba / Álava,%,6.0
2017,"Ikasten ez duten, enplegurik ez duten eta gaikuntzarik jasotzen ez duten gazteen proportzioa",Emakumea,15-24 urte,Araba / Álava,%,11.8
2012,"Ikasten ez duten, enplegurik ez duten eta gaikuntzarik jasotzen ez duten gazteen proportzioa",Emakumea,15-24 urte,Araba / Álava,%,12.4
2011,"Ikasten ez duten, enplegurik ez duten eta gaikuntzarik jasotzen ez duten gazteen proportzioa",Emakumea,15-24 urte,Araba / Álava,%,11.1
2014,"Ikasten ez duten, enplegurik ez duten eta gaikuntzarik jasotzen ez duten gazteen proportzioa",Emakumea,15-24 urte,Araba / Álava,%,10.6
2016,"Ikasten ez duten, enplegurik ez duten eta gaikuntzarik jasotzen ez duten gazteen proportzioa",Emakumea,15-24 urte,Araba / Álava,%,9.8
2018,"Ikasten ez duten, enplegurik ez duten eta gaikuntzarik jasotzen ez duten gazteen proportzioa",Emakumea,15-24 urte,Araba / Álava,%,8.6
2020,"Ikasten ez duten, enplegurik ez duten eta gaikuntzarik jasotzen ez duten gazteen proportzioa",Emakumea,15-24 urte,Bizkaia,%,9.9
2012,"Ikasten ez duten, enplegurik ez duten eta gaikuntzarik jasotzen ez duten gazteen proportzioa",Emakumea,15-24 urte,Bizkaia,%,10.6
2024,"Ikasten ez duten, enplegurik ez duten eta gaikuntzarik jasotzen ez duten gazteen proportzioa",Emakumea,15-24 urte,Bizkaia,%,6.8
2010,"Ikasten ez duten, enplegurik ez duten eta gaikuntzarik jasotzen ez duten gazteen proportzioa",Emakumea,15-24 urte,Bizkaia,%,10.0
2022,"Ikasten ez duten, enplegurik ez duten eta gaikuntzarik jasotzen ez duten gazteen proportzioa",Emakumea,15-24 urte,Bizkaia,%,9.2
2016,"Ikasten ez duten, enplegurik ez duten eta gaikuntzarik jasotzen ez duten gazteen proportzioa",Emakumea,15-24 urte,Bizkaia,%,8.5
2021,"Ikasten ez duten, enplegurik ez duten eta gaikuntzarik jasotzen ez duten gazteen proportzioa",Emakumea,15-24 urte,Bizkaia,%,7.6
2019,"Ikasten ez duten, enplegurik ez duten eta gaikuntzarik jasotzen ez duten gazteen proportzioa",Emakumea,15-24 urte,Bizkaia,%,10.2
2013,"Ikasten ez duten, enplegurik ez duten eta gaikuntzarik jasotzen ez duten gazteen proportzioa",Emakumea,15-24 urte,Bizkaia,%,13.0
2011,"Ikasten ez duten, enplegurik ez duten eta gaikuntzarik jasotzen ez duten gazteen proportzioa",Emakumea,15-24 urte,Bizkaia,%,9.5
2023,"Ikasten ez duten, enplegurik ez duten eta gaikuntzarik jasotzen ez duten gazteen proportzioa",Emakumea,15-24 urte,Bizkaia,%,9.3
2015,"Ikasten ez duten, enplegurik ez duten eta gaikuntzarik jasotzen ez duten gazteen proportzioa",Emakumea,15-24 urte,Bizkaia,%,7.3
2017,"Ikasten ez duten, enplegurik ez duten eta gaikuntzarik jasotzen ez duten gazteen proportzioa",Emakumea,15-24 urte,Bizkaia,%,9.2
2014,"Ikasten ez duten, enplegurik ez duten eta gaikuntzarik jasotzen ez duten gazteen proportzioa",Emakumea,15-24 urte,Bizkaia,%,9.3
2018,"Ikasten ez duten, enplegurik ez duten eta gaikuntzarik jasotzen ez duten gazteen proportzioa",Emakumea,15-24 urte,Bizkaia,%,10.4
2014,"Ikasten ez duten, enplegurik ez duten eta gaikuntzarik jasotzen ez duten gazteen proportzioa",Emakumea,15-24 urte,Gipuzkoa,%,8.6
2011,"Ikasten ez duten, enplegurik ez duten eta gaikuntzarik jasotzen ez duten gazteen proportzioa",Emakumea,15-24 urte,Gipuzkoa,%,9.5
2020,"Ikasten ez duten, enplegurik ez duten eta gaikuntzarik jasotzen ez duten gazteen proportzioa",Emakumea,15-24 urte,Gipuzkoa,%,6.8
2019,"Ikasten ez duten, enplegurik ez duten eta gaikuntzarik jasotzen ez duten gazteen proportzioa",Emakumea,15-24 urte,Gipuzkoa,%,6.2
2015,"Ikasten ez duten, enplegurik ez duten eta gaikuntzarik jasotzen ez duten gazteen proportzioa",Emakumea,15-24 urte,Gipuzkoa,%,9.0
2010,"Ikasten ez duten, enplegurik ez duten eta gaikuntzarik jasotzen ez duten gazteen proportzioa",Emakumea,15-24 urte,Gipuzkoa,%,7.9
2024,"Ikasten ez duten, enplegurik ez duten eta gaikuntzarik jasotzen ez duten gazteen proportzioa",Emakumea,15-24 urte,Gipuzkoa,%,7.0
2023,"Ikasten ez duten, enplegurik ez duten eta gaikuntzarik jasotzen ez duten gazteen proportzioa",Emakumea,15-24 urte,Gipuzkoa,%,6.2
2016,"Ikasten ez duten, enplegurik ez duten eta gaikuntzarik jasotzen ez duten gazteen proportzioa",Emakumea,15-24 urte,Gipuzkoa,%,10.1
2018,"Ikasten ez duten, enplegurik ez duten eta gaikuntzarik jasotzen ez duten gazteen proportzioa",Emakumea,15-24 urte,Gipuzkoa,%,7.7
2012,"Ikasten ez duten, enplegurik ez duten eta gaikuntzarik jasotzen ez duten gazteen proportzioa",Emakumea,15-24 urte,Gipuzkoa,%,11.0
2022,"Ikasten ez duten, enplegurik ez duten eta gaikuntzarik jasotzen ez duten gazteen proportzioa",Emakumea,15-24 urte,Gipuzkoa,%,6.1
2017,"Ikasten ez duten, enplegurik ez duten eta gaikuntzarik jasotzen ez duten gazteen proportzioa",Emakumea,15-24 urte,Gipuzkoa,%,9.3
2021,"Ikasten ez duten, enplegurik ez duten eta gaikuntzarik jasotzen ez duten gazteen proportzioa",Emakumea,15-24 urte,Gipuzkoa,%,6.9
2013,"Ikasten ez duten, enplegurik ez duten eta gaikuntzarik jasotzen ez duten gazteen proportzioa",Emakumea,15-24 urte,Gipuzkoa,%,12.7
2021,"Ikasten ez duten, enplegurik ez duten eta gaikuntzarik jasotzen ez duten gazteen proportzioa",Gizona,15-24 urte,,%,8.6
2019,"Ikasten ez duten, enplegurik ez duten eta gaikuntzarik jasotzen ez duten gazteen proportzioa",Gizona,15-24 urte,,%,7.8
2018,"Ikasten ez duten, enplegurik ez duten eta gaikuntzarik jasotzen ez duten gazteen proportzioa",Gizona,15-24 urte,,%,8.2
2016,"Ikasten ez duten, enplegurik ez duten eta gaikuntzarik jasotzen ez duten gazteen proportzioa",Gizona,15-24 urte,,%,9.1
2020,"Ikasten ez duten, enplegurik ez duten eta gaikuntzarik jasotzen ez duten gazteen proportzioa",Gizona,15-24 urte,,%,8.6
2010,"Ikasten ez duten, enplegurik ez duten eta gaikuntzarik jasotzen ez duten gazteen proportzioa",Gizona,15-24 urte,,%,12.1
2023,"Ikasten ez duten, enplegurik ez duten eta gaikuntzarik jasotzen ez duten gazteen proportzioa",Gizona,15-24 urte,,%,7.5
2013,"Ikasten ez duten, enplegurik ez duten eta gaikuntzarik jasotzen ez duten gazteen proportzioa",Gizona,15-24 urte,,%,13.4
2015,"Ikasten ez duten, enplegurik ez duten eta gaikuntzarik jasotzen ez duten gazteen proportzioa",Gizona,15-24 urte,,%,8.5
2017,"Ikasten ez duten, enplegurik ez duten eta gaikuntzarik jasotzen ez duten gazteen proportzioa",Gizona,15-24 urte,,%,9.3
2014,"Ikasten ez duten, enplegurik ez duten eta gaikuntzarik jasotzen ez duten gazteen proportzioa",Gizona,15-24 urte,,%,10.5
2012,"Ikasten ez duten, enplegurik ez duten eta gaikuntzarik jasotzen ez duten gazteen proportzioa",Gizona,15-24 urte,,%,12.0
2011,"Ikasten ez duten, enplegurik ez duten eta gaikuntzarik jasotzen ez duten gazteen proportzioa",Gizona,15-24 urte,,%,11.9
2024,"Ikasten ez duten, enplegurik ez duten eta gaikuntzarik jasotzen ez duten gazteen proportzioa",Gizona,15-24 urte,,%,6.6
2022,"Ikasten ez duten, enplegurik ez duten eta gaikuntzarik jasotzen ez duten gazteen proportzioa",Gizona,15-24 urte,,%,9.3
2023,"Ikasten ez duten, enplegurik ez duten eta gaikuntzarik jasotzen ez duten gazteen proportzioa",Gizona,15-24 urte,Araba / Álava,%,6.8
2016,"Ikasten ez duten, enplegurik ez duten eta gaikuntzarik jasotzen ez duten gazteen proportzioa",Gizona,15-24 urte,Araba / Álava,%,7.3
2021,"Ikasten ez duten, enplegurik ez duten eta gaikuntzarik jasotzen ez duten gazteen proportzioa",Gizona,15-24 urte,Araba / Álava,%,8.1
2024,"Ikasten ez duten, enplegurik ez duten eta gaikuntzarik jasotzen ez duten gazteen proportzioa",Gizona,15-24 urte,Araba / Álava,%,6.5
2022,"Ikasten ez duten, enplegurik ez duten eta gaikuntzarik jasotzen ez duten gazteen proportzioa",Gizona,15-24 urte,Araba / Álava,%,9.5
2019,"Ikasten ez duten, enplegurik ez duten eta gaikuntzarik jasotzen ez duten gazteen proportzioa",Gizona,15-24 urte,Araba / Álava,%,12.0
2020,"Ikasten ez duten, enplegurik ez duten eta gaikuntzarik jasotzen ez duten gazteen proportzioa",Gizona,15-24 urte,Araba / Álava,%,11.5
2017,"Ikasten ez duten, enplegurik ez duten eta gaikuntzarik jasotzen ez duten gazteen proportzioa",Gizona,15-24 urte,Araba / Álava,%,12.2
2010,"Ikasten ez duten, enplegurik ez duten eta gaikuntzarik jasotzen ez duten gazteen proportzioa",Gizona,15-24 urte,Araba / Álava,%,13.0
2015,"Ikasten ez duten, enplegurik ez duten eta gaikuntzarik jasotzen ez duten gazteen proportzioa",Gizona,15-24 urte,Araba / Álava,%,8.7
2012,"Ikasten ez duten, enplegurik ez duten eta gaikuntzarik jasotzen ez duten gazteen proportzioa",Gizona,15-24 urte,Araba / Álava,%,13.5
2018,"Ikasten ez duten, enplegurik ez duten eta gaikuntzarik jasotzen ez duten gazteen proportzioa",Gizona,15-24 urte,Araba / Álava,%,8.8
2013,"Ikasten ez duten, enplegurik ez duten eta gaikuntzarik jasotzen ez duten gazteen proportzioa",Gizona,15-24 urte,Araba / Álava,%,13.7
2011,"Ikasten ez duten, enplegurik ez duten eta gaikuntzarik jasotzen ez duten gazteen proportzioa",Gizona,15-24 urte,Araba / Álava,%,14.0
2014,"Ikasten ez duten, enplegurik ez duten eta gaikuntzarik jasotzen ez duten gazteen proportzioa",Gizona,15-24 urte,Araba / Álava,%,8.2
2011,"Ikasten ez duten, enplegurik ez duten eta gaikuntzarik jasotzen ez duten gazteen proportzioa",Gizona,15-24 urte,Bizkaia,%,12.9
2022,"Ikasten ez duten, enplegurik ez duten eta gaikuntzarik jasotzen ez duten gazteen proportzioa",Gizona,15-24 urte,Bizkaia,%,11.4
2020,"Ikasten ez duten, enplegurik ez duten eta gaikuntzarik jasotzen ez duten gazteen proportzioa",Gizona,15-24 urte,Bizkaia,%,8.5
2021,"Ikasten ez duten, enplegurik ez duten eta gaikuntzarik jasotzen ez duten gazteen proportzioa",Gizona,15-24 urte,Bizkaia,%,9.1
2023,"Ikasten ez duten, enplegurik ez duten eta gaikuntzarik jasotzen ez duten gazteen proportzioa",Gizona,15-24 urte,Bizkaia,%,8.4
2018,"Ikasten ez duten, enplegurik ez duten eta gaikuntzarik jasotzen ez duten gazteen proportzioa",Gizona,15-24 urte,Bizkaia,%,8.5
2017,"Ikasten ez duten, enplegurik ez duten eta gaikuntzarik jasotzen ez duten gazteen proportzioa",Gizona,15-24 urte,Bizkaia,%,8.1
2016,"Ikasten ez duten, enplegurik ez duten eta gaikuntzarik jasotzen ez duten gazteen proportzioa",Gizona,15-24 urte,Bizkaia,%,10.6
2014,"Ikasten ez duten, enplegurik ez duten eta gaikuntzarik jasotzen ez duten gazteen proportzioa",Gizona,15-24 urte,Bizkaia,%,11.9
2013,"Ikasten ez duten, enplegurik ez duten eta gaikuntzarik jasotzen ez duten gazteen proportzioa",Gizona,15-24 urte,Bizkaia,%,13.7
2019,"Ikasten ez duten, enplegurik ez duten eta gaikuntzarik jasotzen ez duten gazteen proportzioa",Gizona,15-24 urte,Bizkaia,%,6.7
2012,"Ikasten ez duten, enplegurik ez duten eta gaikuntzarik jasotzen ez duten gazteen proportzioa",Gizona,15-24 urte,Bizkaia,%,11.7
2024,"Ikasten ez duten, enplegurik ez duten eta gaikuntzarik jasotzen ez duten gazteen proportzioa",Gizona,15-24 urte,Bizkaia,%,7.8
2015,"Ikasten ez duten, enplegurik ez duten eta gaikuntzarik jasotzen ez duten gazteen proportzioa",Gizona,15-24 urte,Bizkaia,%,9.3
2010,"Ikasten ez duten, enplegurik ez duten eta gaikuntzarik jasotzen ez duten gazteen proportzioa",Gizona,15-24 urte,Bizkaia,%,12.8
2017,"Ikasten ez duten, enplegurik ez duten eta gaikuntzarik jasotzen ez duten gazteen proportzioa",Gizona,15-24 urte,Gipuzkoa,%,10.0
2019,"Ikasten ez duten, enplegurik ez duten eta gaikuntzarik jasotzen ez duten gazteen proportzioa",Gizona,15-24 urte,Gipuzkoa,%,7.7
2016,"Ikasten ez duten, enplegurik ez duten eta gaikuntzarik jasotzen ez duten gazteen proportzioa",Gizona,15-24 urte,Gipuzkoa,%,7.6
2015,"Ikasten ez duten, enplegurik ez duten eta gaikuntzarik jasotzen ez duten gazteen proportzioa",Gizona,15-24 urte,Gipuzkoa,%,7.3
2014,"Ikasten ez duten, enplegurik ez duten eta gaikuntzarik jasotzen ez duten gazteen proportzioa",Gizona,15-24 urte,Gipuzkoa,%,9.4
2011,"Ikasten ez duten, enplegurik ez duten eta gaikuntzarik jasotzen ez duten gazteen proportzioa",Gizona,15-24 urte,Gipuzkoa,%,9.4
2012,"Ikasten ez duten, enplegurik ez duten eta gaikuntzarik jasotzen ez duten gazteen proportzioa",Gizona,15-24 urte,Gipuzkoa,%,11.8
2013,"Ikasten ez duten, enplegurik ez duten eta gaikuntzarik jasotzen ez duten gazteen proportzioa",Gizona,15-24 urte,Gipuzkoa,%,12.9
2018,"Ikasten ez duten, enplegurik ez duten eta gaikuntzarik jasotzen ez duten gazteen proportzioa",Gizona,15-24 urte,Gipuzkoa,%,7.6
2024,"Ikasten ez duten, enplegurik ez duten eta gaikuntzarik jasotzen ez duten gazteen proportzioa",Gizona,15-24 urte,Gipuzkoa,%,4.9
2021,"Ikasten ez duten, enplegurik ez duten eta gaikuntzarik jasotzen ez duten gazteen proportzioa",Gizona,15-24 urte,Gipuzkoa,%,8.0
2023,"Ikasten ez duten, enplegurik ez duten eta gaikuntzarik jasotzen ez duten gazteen proportzioa",Gizona,15-24 urte,Gipuzkoa,%,6.4
2010,"Ikasten ez duten, enplegurik ez duten eta gaikuntzarik jasotzen ez duten gazteen proportzioa",Gizona,15-24 urte,Gipuzkoa,%,10.6
2022,"Ikasten ez duten, enplegurik ez duten eta gaikuntzarik jasotzen ez duten gazteen proportzioa",Gizona,15-24 urte,Gipuzkoa,%,6.1
2020,"Ikasten ez duten, enplegurik ez duten eta gaikuntzarik jasotzen ez duten gazteen proportzioa",Gizona,15-24 urte,Gipuzkoa,%,7.4
