Year,Series,Lurralde historikoa,Units,Value
2010,"Manufaktura-sektorearen balio erantsia, BPGrekiko proportzioan",Araba / Álava,Porcentaje,24.9
2011,"Manufaktura-sektorearen balio erantsia, BPGrekiko proportzioan",Araba / Álava,Porcentaje,25.9
2012,"Manufaktura-sektorearen balio erantsia, BPGrekiko proportzioan",Araba / Álava,Porcentaje,25.1
2013,"Manufaktura-sektorearen balio erantsia, BPGrekiko proportzioan",Araba / Álava,Porcentaje,25.7
2014,"Manufaktura-sektorearen balio erantsia, BPGrekiko proportzioan",Araba / Álava,Porcentaje,26.1
2015,"Manufaktura-sektorearen balio erantsia, BPGrekiko proportzioan",Araba / Álava,Porcentaje,26.2
2016,"Manufaktura-sektorearen balio erantsia, BPGrekiko proportzioan",Araba / Álava,Porcentaje,26.2
2017,"Manufaktura-sektorearen balio erantsia, BPGrekiko proportzioan",Araba / Álava,Porcentaje,26.4
2018,"Manufaktura-sektorearen balio erantsia, BPGrekiko proportzioan",Araba / Álava,Porcentaje,25.8
2019,"Manufaktura-sektorearen balio erantsia, BPGrekiko proportzioan",Araba / Álava,Porcentaje,25.0
2020,"Manufaktura-sektorearen balio erantsia, BPGrekiko proportzioan",Araba / Álava,Porcentaje,23.9
2021,"Manufaktura-sektorearen balio erantsia, BPGrekiko proportzioan",Araba / Álava,Porcentaje,24.3
2022,"Manufaktura-sektorearen balio erantsia, BPGrekiko proportzioan",Araba / Álava,Porcentaje,24.1
2023,"Manufaktura-sektorearen balio erantsia, BPGrekiko proportzioan",Araba / Álava,Porcentaje,24.0
2010,"Manufaktura-sektorearen balio erantsia, BPGrekiko proportzioan",Gipuzkoa,Porcentaje,22.6
2011,"Manufaktura-sektorearen balio erantsia, BPGrekiko proportzioan",Gipuzkoa,Porcentaje,23.3
2012,"Manufaktura-sektorearen balio erantsia, BPGrekiko proportzioan",Gipuzkoa,Porcentaje,22.8
2013,"Manufaktura-sektorearen balio erantsia, BPGrekiko proportzioan",Gipuzkoa,Porcentaje,22.2
2014,"Manufaktura-sektorearen balio erantsia, BPGrekiko proportzioan",Gipuzkoa,Porcentaje,22.2
2015,"Manufaktura-sektorearen balio erantsia, BPGrekiko proportzioan",Gipuzkoa,Porcentaje,22.6
2016,"Manufaktura-sektorearen balio erantsia, BPGrekiko proportzioan",Gipuzkoa,Porcentaje,22.7
2017,"Manufaktura-sektorearen balio erantsia, BPGrekiko proportzioan",Gipuzkoa,Porcentaje,22.4
2018,"Manufaktura-sektorearen balio erantsia, BPGrekiko proportzioan",Gipuzkoa,Porcentaje,22.4
2019,"Manufaktura-sektorearen balio erantsia, BPGrekiko proportzioan",Gipuzkoa,Porcentaje,22.2
2020,"Manufaktura-sektorearen balio erantsia, BPGrekiko proportzioan",Gipuzkoa,Porcentaje,21.9
2021,"Manufaktura-sektorearen balio erantsia, BPGrekiko proportzioan",Gipuzkoa,Porcentaje,22.8
2022,"Manufaktura-sektorearen balio erantsia, BPGrekiko proportzioan",Gipuzkoa,Porcentaje,22.9
2023,"Manufaktura-sektorearen balio erantsia, BPGrekiko proportzioan",Gipuzkoa,Porcentaje,22.6
2010,"Manufaktura-sektorearen balio erantsia, BPGrekiko proportzioan",Bizkaia,Porcentaje,17.1
2011,"Manufaktura-sektorearen balio erantsia, BPGrekiko proportzioan",Bizkaia,Porcentaje,17.2
2012,"Manufaktura-sektorearen balio erantsia, BPGrekiko proportzioan",Bizkaia,Porcentaje,16.2
2013,"Manufaktura-sektorearen balio erantsia, BPGrekiko proportzioan",Bizkaia,Porcentaje,16.2
2014,"Manufaktura-sektorearen balio erantsia, BPGrekiko proportzioan",Bizkaia,Porcentaje,16.5
2015,"Manufaktura-sektorearen balio erantsia, BPGrekiko proportzioan",Bizkaia,Porcentaje,16.5
2016,"Manufaktura-sektorearen balio erantsia, BPGrekiko proportzioan",Bizkaia,Porcentaje,16.8
2017,"Manufaktura-sektorearen balio erantsia, BPGrekiko proportzioan",Bizkaia,Porcentaje,16.9
2018,"Manufaktura-sektorearen balio erantsia, BPGrekiko proportzioan",Bizkaia,Porcentaje,16.5
2019,"Manufaktura-sektorearen balio erantsia, BPGrekiko proportzioan",Bizkaia,Porcentaje,16.5
2020,"Manufaktura-sektorearen balio erantsia, BPGrekiko proportzioan",Bizkaia,Porcentaje,15.6
2021,"Manufaktura-sektorearen balio erantsia, BPGrekiko proportzioan",Bizkaia,Porcentaje,15.8
2022,"Manufaktura-sektorearen balio erantsia, BPGrekiko proportzioan",Bizkaia,Porcentaje,15.5
2023,"Manufaktura-sektorearen balio erantsia, BPGrekiko proportzioan",Bizkaia,Porcentaje,14.8
2010,"Manufaktura-sektorearen balio erantsia, BPGrekiko proportzioan",,Porcentaje,20.2
2011,"Manufaktura-sektorearen balio erantsia, BPGrekiko proportzioan",,Porcentaje,20.6
2012,"Manufaktura-sektorearen balio erantsia, BPGrekiko proportzioan",,Porcentaje,19.9
2013,"Manufaktura-sektorearen balio erantsia, BPGrekiko proportzioan",,Porcentaje,19.8
2014,"Manufaktura-sektorearen balio erantsia, BPGrekiko proportzioan",,Porcentaje,19.9
2015,"Manufaktura-sektorearen balio erantsia, BPGrekiko proportzioan",,Porcentaje,20.1
2016,"Manufaktura-sektorearen balio erantsia, BPGrekiko proportzioan",,Porcentaje,20.3
2017,"Manufaktura-sektorearen balio erantsia, BPGrekiko proportzioan",,Porcentaje,20.3
2018,"Manufaktura-sektorearen balio erantsia, BPGrekiko proportzioan",,Porcentaje,20.0
2019,"Manufaktura-sektorearen balio erantsia, BPGrekiko proportzioan",,Porcentaje,19.8
2020,"Manufaktura-sektorearen balio erantsia, BPGrekiko proportzioan",,Porcentaje,19.0
2021,"Manufaktura-sektorearen balio erantsia, BPGrekiko proportzioan",,Porcentaje,19.5
2022,"Manufaktura-sektorearen balio erantsia, BPGrekiko proportzioan",,Porcentaje,19.3
2023,"Manufaktura-sektorearen balio erantsia, BPGrekiko proportzioan",,Porcentaje,18.9
2010,Manufaktura-sektorearen balio erantsia per capita,Araba / Álava,Euro per capita,9735.7
2011,Manufaktura-sektorearen balio erantsia per capita,Araba / Álava,Euro per capita,10121.6
2012,Manufaktura-sektorearen balio erantsia per capita,Araba / Álava,Euro per capita,9536.6
2013,Manufaktura-sektorearen balio erantsia per capita,Araba / Álava,Euro per capita,9608.3
2014,Manufaktura-sektorearen balio erantsia per capita,Araba / Álava,Euro per capita,9938.6
2015,Manufaktura-sektorearen balio erantsia per capita,Araba / Álava,Euro per capita,10224.2
2016,Manufaktura-sektorearen balio erantsia per capita,Araba / Álava,Euro per capita,10505.2
2017,Manufaktura-sektorearen balio erantsia per capita,Araba / Álava,Euro per capita,10744.1
2018,Manufaktura-sektorearen balio erantsia per capita,Araba / Álava,Euro per capita,10671.7
2019,Manufaktura-sektorearen balio erantsia per capita,Araba / Álava,Euro per capita,10481.8
2020,Manufaktura-sektorearen balio erantsia per capita,Araba / Álava,Euro per capita,8926.7
2021,Manufaktura-sektorearen balio erantsia per capita,Araba / Álava,Euro per capita,9745.2
2022,Manufaktura-sektorearen balio erantsia per capita,Araba / Álava,Euro per capita,10030.6
2023,Manufaktura-sektorearen balio erantsia per capita,Araba / Álava,Euro per capita,10214.6
2010,Manufaktura-sektorearen balio erantsia per capita,Gipuzkoa,Euro per capita,8118.4
2011,Manufaktura-sektorearen balio erantsia per capita,Gipuzkoa,Euro per capita,8344.2
2012,Manufaktura-sektorearen balio erantsia per capita,Gipuzkoa,Euro per capita,8012.3
2013,Manufaktura-sektorearen balio erantsia per capita,Gipuzkoa,Euro per capita,7629.4
2014,Manufaktura-sektorearen balio erantsia per capita,Gipuzkoa,Euro per capita,7743.6
2015,Manufaktura-sektorearen balio erantsia per capita,Gipuzkoa,Euro per capita,8123.6
2016,Manufaktura-sektorearen balio erantsia per capita,Gipuzkoa,Euro per capita,8435.5
2017,Manufaktura-sektorearen balio erantsia per capita,Gipuzkoa,Euro per capita,8527.6
2018,Manufaktura-sektorearen balio erantsia per capita,Gipuzkoa,Euro per capita,8832.1
2019,Manufaktura-sektorearen balio erantsia per capita,Gipuzkoa,Euro per capita,8940.6
2020,Manufaktura-sektorearen balio erantsia per capita,Gipuzkoa,Euro per capita,7912.1
2021,Manufaktura-sektorearen balio erantsia per capita,Gipuzkoa,Euro per capita,8769.1
2022,Manufaktura-sektorearen balio erantsia per capita,Gipuzkoa,Euro per capita,9195.3
2023,Manufaktura-sektorearen balio erantsia per capita,Gipuzkoa,Euro per capita,9314.2
2010,Manufaktura-sektorearen balio erantsia per capita,Bizkaia,Euro per capita,5660.0
2011,Manufaktura-sektorearen balio erantsia per capita,Bizkaia,Euro per capita,5693.5
2012,Manufaktura-sektorearen balio erantsia per capita,Bizkaia,Euro per capita,5246.0
2013,Manufaktura-sektorearen balio erantsia per capita,Bizkaia,Euro per capita,5178.0
2014,Manufaktura-sektorearen balio erantsia per capita,Bizkaia,Euro per capita,5354.3
2015,Manufaktura-sektorearen balio erantsia per capita,Bizkaia,Euro per capita,5527.2
2016,Manufaktura-sektorearen balio erantsia per capita,Bizkaia,Euro per capita,5834.6
2017,Manufaktura-sektorearen balio erantsia per capita,Bizkaia,Euro per capita,6020.7
2018,Manufaktura-sektorearen balio erantsia per capita,Bizkaia,Euro per capita,6031.7
2019,Manufaktura-sektorearen balio erantsia per capita,Bizkaia,Euro per capita,6136.2
2020,Manufaktura-sektorearen balio erantsia per capita,Bizkaia,Euro per capita,5305.3
2021,Manufaktura-sektorearen balio erantsia per capita,Bizkaia,Euro per capita,5714.5
2022,Manufaktura-sektorearen balio erantsia per capita,Bizkaia,Euro per capita,5994.9
2023,Manufaktura-sektorearen balio erantsia per capita,Bizkaia,Euro per capita,5826.4
2010,Manufaktura-sektorearen balio erantsia per capita,,Euro per capita,7033.8
2011,Manufaktura-sektorearen balio erantsia per capita,,Euro per capita,7190.6
2012,Manufaktura-sektorearen balio erantsia per capita,,Euro per capita,6772.9
2013,Manufaktura-sektorearen balio erantsia per capita,,Euro per capita,6623.1
2014,Manufaktura-sektorearen balio erantsia per capita,,Euro per capita,6804.9
2015,Manufaktura-sektorearen balio erantsia per capita,,Euro per capita,7069.6
2016,Manufaktura-sektorearen balio erantsia per capita,,Euro per capita,7372.0
2017,Manufaktura-sektorearen balio erantsia per capita,,Euro per capita,7533.8
2018,Manufaktura-sektorearen balio erantsia per capita,,Euro per capita,7637.4
2019,Manufaktura-sektorearen balio erantsia per capita,,Euro per capita,7696.3
2020,Manufaktura-sektorearen balio erantsia per capita,,Euro per capita,6697.6
2021,Manufaktura-sektorearen balio erantsia per capita,,Euro per capita,7325.0
2022,Manufaktura-sektorearen balio erantsia per capita,,Euro per capita,7654.4
2023,Manufaktura-sektorearen balio erantsia per capita,,Euro per capita,7633.7
