Year,Series,Sexo,Territorio histórico,Units,Value
2014,SI_COV_PENSN,,,Porcentaje,82.9
2016,SI_COV_PENSN,,,Porcentaje,82.8
2012,SI_COV_PENSN,,,Porcentaje,82.3
2024,SI_COV_PENSN,,,Porcentaje,82.5
2022,SI_COV_UEMP,,,Porcentaje,61.3
2024,SI_COV_UEMP,,,Porcentaje,70.0
2020,SI_COV_UEMP,,,Porcentaje,92.6
2022,SI_COV_PENSN,,,Porcentaje,82.1
2015,SI_COV_PENSN,,,Porcentaje,82.7
2011,SI_COV_PENSN,,,Porcentaje,82.4
2013,SI_COV_PENSN,,,Porcentaje,82.8
2019,SI_COV_UEMP,,,Porcentaje,53.5
2020,SI_COV_PENSN,,,Porcentaje,82.9
2017,SI_COV_UEMP,,,Porcentaje,45.7
2018,SI_COV_UEMP,,,Porcentaje,46.7
2018,SI_COV_PENSN,,,Porcentaje,82.9
2019,SI_COV_PENSN,,,Porcentaje,83.0
2010,SI_COV_PENSN,,,Porcentaje,82.4
2021,SI_COV_PENSN,,,Porcentaje,82.5
2023,SI_COV_UEMP,,,Porcentaje,66.4
2021,SI_COV_UEMP,,,Porcentaje,59.1
2017,SI_COV_PENSN,,,Porcentaje,82.8
2023,SI_COV_PENSN,,,Porcentaje,81.8
2024,SI_COV_UEMP,,Araba/Álava,Porcentaje,71.3
2015,SI_COV_PENSN,,Araba/Álava,Porcentaje,80.8
2018,SI_COV_UEMP,,Araba/Álava,Porcentaje,44.4
2021,SI_COV_UEMP,,Araba/Álava,Porcentaje,56.7
2013,SI_COV_PENSN,,Araba/Álava,Porcentaje,80.6
2023,SI_COV_UEMP,,Araba/Álava,Porcentaje,69.0
2018,SI_COV_PENSN,,Araba/Álava,Porcentaje,81.7
2020,SI_COV_PENSN,,Araba/Álava,Porcentaje,81.7
2016,SI_COV_PENSN,,Araba/Álava,Porcentaje,81.0
2012,SI_COV_PENSN,,Araba/Álava,Porcentaje,80.0
2019,SI_COV_UEMP,,Araba/Álava,Porcentaje,50.5
2020,SI_COV_UEMP,,Araba/Álava,Porcentaje,92.4
2017,SI_COV_UEMP,,Araba/Álava,Porcentaje,46.0
2010,SI_COV_PENSN,,Araba/Álava,Porcentaje,79.9
2019,SI_COV_PENSN,,Araba/Álava,Porcentaje,82.0
2023,SI_COV_PENSN,,Araba/Álava,Porcentaje,80.3
2011,SI_COV_PENSN,,Araba/Álava,Porcentaje,80.0
2014,SI_COV_PENSN,,Araba/Álava,Porcentaje,80.9
2022,SI_COV_PENSN,,Araba/Álava,Porcentaje,80.7
2021,SI_COV_PENSN,,Araba/Álava,Porcentaje,81.3
2024,SI_COV_PENSN,,Araba/Álava,Porcentaje,81.4
2017,SI_COV_PENSN,,Araba/Álava,Porcentaje,81.5
2022,SI_COV_UEMP,,Araba/Álava,Porcentaje,57.0
2010,SI_COV_PENSN,,Bizkaia,Porcentaje,80.8
2017,SI_COV_UEMP,,Bizkaia,Porcentaje,42.8
2021,SI_COV_PENSN,,Bizkaia,Porcentaje,80.9
2020,SI_COV_PENSN,,Bizkaia,Porcentaje,81.1
2024,SI_COV_PENSN,,Bizkaia,Porcentaje,81.0
2022,SI_COV_PENSN,,Bizkaia,Porcentaje,80.5
2014,SI_COV_PENSN,,Bizkaia,Porcentaje,81.4
2013,SI_COV_PENSN,,Bizkaia,Porcentaje,81.4
2024,SI_COV_UEMP,,Bizkaia,Porcentaje,65.7
2018,SI_COV_PENSN,,Bizkaia,Porcentaje,81.2
2022,SI_COV_UEMP,,Bizkaia,Porcentaje,61.2
2019,SI_COV_UEMP,,Bizkaia,Porcentaje,49.7
2015,SI_COV_PENSN,,Bizkaia,Porcentaje,81.2
2011,SI_COV_PENSN,,Bizkaia,Porcentaje,80.9
2016,SI_COV_PENSN,,Bizkaia,Porcentaje,81.2
2023,SI_COV_UEMP,,Bizkaia,Porcentaje,64.7
2023,SI_COV_PENSN,,Bizkaia,Porcentaje,80.3
2012,SI_COV_PENSN,,Bizkaia,Porcentaje,80.9
2020,SI_COV_UEMP,,Bizkaia,Porcentaje,84.7
2019,SI_COV_PENSN,,Bizkaia,Porcentaje,81.3
2018,SI_COV_UEMP,,Bizkaia,Porcentaje,43.3
2021,SI_COV_UEMP,,Bizkaia,Porcentaje,56.4
2017,SI_COV_PENSN,,Bizkaia,Porcentaje,81.2
2023,SI_COV_PENSN,,Gipuzkoa,Porcentaje,85.0
2023,SI_COV_UEMP,,Gipuzkoa,Porcentaje,68.7
2024,SI_COV_PENSN,,Gipuzkoa,Porcentaje,85.4
2013,SI_COV_PENSN,,Gipuzkoa,Porcentaje,86.1
2017,SI_COV_PENSN,,Gipuzkoa,Porcentaje,86.0
2012,SI_COV_PENSN,,Gipuzkoa,Porcentaje,85.8
2020,SI_COV_UEMP,,Gipuzkoa,Porcentaje,100.0
2021,SI_COV_UEMP,,Gipuzkoa,Porcentaje,66.8
2019,SI_COV_UEMP,,Gipuzkoa,Porcentaje,65.0
2017,SI_COV_UEMP,,Gipuzkoa,Porcentaje,52.1
2018,SI_COV_UEMP,,Gipuzkoa,Porcentaje,56.4
2016,SI_COV_PENSN,,Gipuzkoa,Porcentaje,86.2
2019,SI_COV_PENSN,,Gipuzkoa,Porcentaje,86.2
2015,SI_COV_PENSN,,Gipuzkoa,Porcentaje,86.1
2024,SI_COV_UEMP,,Gipuzkoa,Porcentaje,79.2
2018,SI_COV_PENSN,,Gipuzkoa,Porcentaje,86.1
2010,SI_COV_PENSN,,Gipuzkoa,Porcentaje,86.1
2021,SI_COV_PENSN,,Gipuzkoa,Porcentaje,85.6
2014,SI_COV_PENSN,,Gipuzkoa,Porcentaje,86.2
2022,SI_COV_PENSN,,Gipuzkoa,Porcentaje,85.4
2022,SI_COV_UEMP,,Gipuzkoa,Porcentaje,64.6
2011,SI_COV_PENSN,,Gipuzkoa,Porcentaje,85.9
2020,SI_COV_PENSN,,Gipuzkoa,Porcentaje,86.2
2013,SI_COV_PENSN,Mujer,,Porcentaje,69.6
2011,SI_COV_PENSN,Mujer,,Porcentaje,69.2
2019,SI_COV_PENSN,Mujer,,Porcentaje,71.0
2019,SI_COV_UEMP,Mujer,,Porcentaje,56.4
2018,SI_COV_PENSN,Mujer,,Porcentaje,70.5
2020,SI_COV_UEMP,Mujer,,Porcentaje,100.0
2022,SI_COV_PENSN,Mujer,,Porcentaje,71.6
2016,SI_COV_PENSN,Mujer,,Porcentaje,69.9
2021,SI_COV_PENSN,Mujer,,Porcentaje,71.5
2023,SI_COV_UEMP,Mujer,,Porcentaje,74.9
2014,SI_COV_PENSN,Mujer,,Porcentaje,69.6
2022,SI_COV_UEMP,Mujer,,Porcentaje,65.1
2024,SI_COV_PENSN,Mujer,,Porcentaje,72.8
2012,SI_COV_PENSN,Mujer,,Porcentaje,69.2
2024,SI_COV_UEMP,Mujer,,Porcentaje,79.0
2017,SI_COV_PENSN,Mujer,,Porcentaje,70.1
2018,SI_COV_UEMP,Mujer,,Porcentaje,49.9
2020,SI_COV_PENSN,Mujer,,Porcentaje,71.2
2015,SI_COV_PENSN,Mujer,,Porcentaje,69.7
2023,SI_COV_PENSN,Mujer,,Porcentaje,71.9
2017,SI_COV_UEMP,Mujer,,Porcentaje,48.6
2010,SI_COV_PENSN,Mujer,,Porcentaje,69.1
2021,SI_COV_UEMP,Mujer,,Porcentaje,65.8
2020,SI_COV_UEMP,Mujer,Araba/Álava,Porcentaje,78.6
2020,SI_COV_PENSN,Mujer,Araba/Álava,Porcentaje,69.0
2014,SI_COV_PENSN,Mujer,Araba/Álava,Porcentaje,66.2
2017,SI_COV_UEMP,Mujer,Araba/Álava,Porcentaje,45.6
2012,SI_COV_PENSN,Mujer,Araba/Álava,Porcentaje,65.5
2024,SI_COV_UEMP,Mujer,Araba/Álava,Porcentaje,90.9
2022,SI_COV_PENSN,Mujer,Araba/Álava,Porcentaje,69.5
2021,SI_COV_UEMP,Mujer,Araba/Álava,Porcentaje,57.8
2024,SI_COV_PENSN,Mujer,Araba/Álava,Porcentaje,71.2
2019,SI_COV_PENSN,Mujer,Araba/Álava,Porcentaje,68.8
2019,SI_COV_UEMP,Mujer,Araba/Álava,Porcentaje,53.4
2013,SI_COV_PENSN,Mujer,Araba/Álava,Porcentaje,66.0
2015,SI_COV_PENSN,Mujer,Araba/Álava,Porcentaje,66.3
2018,SI_COV_UEMP,Mujer,Araba/Álava,Porcentaje,47.0
2017,SI_COV_PENSN,Mujer,Araba/Álava,Porcentaje,67.4
2018,SI_COV_PENSN,Mujer,Araba/Álava,Porcentaje,68.0
2022,SI_COV_UEMP,Mujer,Araba/Álava,Porcentaje,68.1
2023,SI_COV_UEMP,Mujer,Araba/Álava,Porcentaje,90.7
2016,SI_COV_PENSN,Mujer,Araba/Álava,Porcentaje,66.8
2010,SI_COV_PENSN,Mujer,Araba/Álava,Porcentaje,65.4
2011,SI_COV_PENSN,Mujer,Araba/Álava,Porcentaje,65.5
2021,SI_COV_PENSN,Mujer,Araba/Álava,Porcentaje,69.5
2023,SI_COV_PENSN,Mujer,Araba/Álava,Porcentaje,69.9
2023,SI_COV_PENSN,Mujer,Bizkaia,Porcentaje,69.7
2021,SI_COV_PENSN,Mujer,Bizkaia,Porcentaje,69.3
2018,SI_COV_PENSN,Mujer,Bizkaia,Porcentaje,68.2
2011,SI_COV_PENSN,Mujer,Bizkaia,Porcentaje,67.0
2016,SI_COV_PENSN,Mujer,Bizkaia,Porcentaje,67.6
2017,SI_COV_PENSN,Mujer,Bizkaia,Porcentaje,67.9
2017,SI_COV_UEMP,Mujer,Bizkaia,Porcentaje,45.5
2020,SI_COV_UEMP,Mujer,Bizkaia,Porcentaje,100.0
2010,SI_COV_PENSN,Mujer,Bizkaia,Porcentaje,66.9
2022,SI_COV_UEMP,Mujer,Bizkaia,Porcentaje,60.7
2013,SI_COV_PENSN,Mujer,Bizkaia,Porcentaje,67.5
2014,SI_COV_PENSN,Mujer,Bizkaia,Porcentaje,67.5
2019,SI_COV_UEMP,Mujer,Bizkaia,Porcentaje,50.3
2020,SI_COV_PENSN,Mujer,Bizkaia,Porcentaje,68.9
2024,SI_COV_PENSN,Mujer,Bizkaia,Porcentaje,70.6
2012,SI_COV_PENSN,Mujer,Bizkaia,Porcentaje,67.1
2021,SI_COV_UEMP,Mujer,Bizkaia,Porcentaje,64.0
2024,SI_COV_UEMP,Mujer,Bizkaia,Porcentaje,70.5
2023,SI_COV_UEMP,Mujer,Bizkaia,Porcentaje,69.2
2019,SI_COV_PENSN,Mujer,Bizkaia,Porcentaje,68.6
2015,SI_COV_PENSN,Mujer,Bizkaia,Porcentaje,67.5
2022,SI_COV_PENSN,Mujer,Bizkaia,Porcentaje,69.2
2018,SI_COV_UEMP,Mujer,Bizkaia,Porcentaje,45.6
2024,SI_COV_UEMP,Mujer,Gipuzkoa,Porcentaje,92.1
2018,SI_COV_PENSN,Mujer,Gipuzkoa,Porcentaje,75.4
2023,SI_COV_PENSN,Mujer,Gipuzkoa,Porcentaje,76.4
2022,SI_COV_PENSN,Mujer,Gipuzkoa,Porcentaje,76.3
2018,SI_COV_UEMP,Mujer,Gipuzkoa,Porcentaje,61.8
2019,SI_COV_PENSN,Mujer,Gipuzkoa,Porcentaje,75.9
2020,SI_COV_PENSN,Mujer,Gipuzkoa,Porcentaje,76.1
2017,SI_COV_PENSN,Mujer,Gipuzkoa,Porcentaje,75.1
2015,SI_COV_PENSN,Mujer,Gipuzkoa,Porcentaje,74.8
2010,SI_COV_PENSN,Mujer,Gipuzkoa,Porcentaje,74.4
2024,SI_COV_PENSN,Mujer,Gipuzkoa,Porcentaje,77.1
2013,SI_COV_PENSN,Mujer,Gipuzkoa,Porcentaje,74.5
2014,SI_COV_PENSN,Mujer,Gipuzkoa,Porcentaje,74.6
2012,SI_COV_PENSN,Mujer,Gipuzkoa,Porcentaje,74.2
2011,SI_COV_PENSN,Mujer,Gipuzkoa,Porcentaje,74.3
2019,SI_COV_UEMP,Mujer,Gipuzkoa,Porcentaje,74.5
2020,SI_COV_UEMP,Mujer,Gipuzkoa,Porcentaje,100.0
2021,SI_COV_UEMP,Mujer,Gipuzkoa,Porcentaje,74.9
2023,SI_COV_UEMP,Mujer,Gipuzkoa,Porcentaje,78.7
2017,SI_COV_UEMP,Mujer,Gipuzkoa,Porcentaje,57.2
2022,SI_COV_UEMP,Mujer,Gipuzkoa,Porcentaje,72.5
2016,SI_COV_PENSN,Mujer,Gipuzkoa,Porcentaje,75.0
2021,SI_COV_PENSN,Mujer,Gipuzkoa,Porcentaje,76.2
2018,SI_COV_PENSN,Hombre,,Porcentaje,99.7
2024,SI_COV_UEMP,Hombre,,Porcentaje,61.4
2013,SI_COV_PENSN,Hombre,,Porcentaje,100.0
2020,SI_COV_PENSN,Hombre,,Porcentaje,98.6
2021,SI_COV_PENSN,Hombre,,Porcentaje,97.2
2014,SI_COV_PENSN,Hombre,,Porcentaje,100.0
2017,SI_COV_UEMP,Hombre,,Porcentaje,42.8
2019,SI_COV_UEMP,Hombre,,Porcentaje,50.3
2016,SI_COV_PENSN,Hombre,,Porcentaje,100.0
2015,SI_COV_PENSN,Hombre,,Porcentaje,100.0
2023,SI_COV_PENSN,Hombre,,Porcentaje,95.0
2011,SI_COV_PENSN,Hombre,,Porcentaje,100.0
2020,SI_COV_UEMP,Hombre,,Porcentaje,84.7
2021,SI_COV_UEMP,Hombre,,Porcentaje,53.1
2022,SI_COV_UEMP,Hombre,,Porcentaje,57.5
2012,SI_COV_PENSN,Hombre,,Porcentaje,100.0
2017,SI_COV_PENSN,Hombre,,Porcentaje,100.0
2024,SI_COV_PENSN,Hombre,,Porcentaje,95.4
2022,SI_COV_PENSN,Hombre,,Porcentaje,96.2
2019,SI_COV_PENSN,Hombre,,Porcentaje,99.3
2018,SI_COV_UEMP,Hombre,,Porcentaje,43.4
2023,SI_COV_UEMP,Hombre,,Porcentaje,58.4
2010,SI_COV_PENSN,Hombre,,Porcentaje,100.0
2019,SI_COV_UEMP,Hombre,Araba/Álava,Porcentaje,47.4
2018,SI_COV_PENSN,Hombre,Araba/Álava,Porcentaje,98.8
2011,SI_COV_PENSN,Hombre,Araba/Álava,Porcentaje,98.2
2010,SI_COV_PENSN,Hombre,Araba/Álava,Porcentaje,98.1
2015,SI_COV_PENSN,Hombre,Araba/Álava,Porcentaje,98.7
2012,SI_COV_PENSN,Hombre,Araba/Álava,Porcentaje,98.1
2016,SI_COV_PENSN,Hombre,Araba/Álava,Porcentaje,98.7
2019,SI_COV_PENSN,Hombre,Araba/Álava,Porcentaje,98.6
2014,SI_COV_PENSN,Hombre,Araba/Álava,Porcentaje,99.2
2017,SI_COV_UEMP,Hombre,Araba/Álava,Porcentaje,46.6
2022,SI_COV_UEMP,Hombre,Araba/Álava,Porcentaje,47.3
2024,SI_COV_UEMP,Hombre,Araba/Álava,Porcentaje,55.6
2023,SI_COV_UEMP,Hombre,Araba/Álava,Porcentaje,51.6
2017,SI_COV_PENSN,Hombre,Araba/Álava,Porcentaje,99.2
2013,SI_COV_PENSN,Hombre,Araba/Álava,Porcentaje,98.8
2018,SI_COV_UEMP,Hombre,Araba/Álava,Porcentaje,41.5
2021,SI_COV_PENSN,Hombre,Araba/Álava,Porcentaje,96.0
2021,SI_COV_UEMP,Hombre,Araba/Álava,Porcentaje,54.7
2024,SI_COV_PENSN,Hombre,Araba/Álava,Porcentaje,94.2
2023,SI_COV_PENSN,Hombre,Araba/Álava,Porcentaje,93.3
2020,SI_COV_PENSN,Hombre,Araba/Álava,Porcentaje,97.6
2020,SI_COV_UEMP,Hombre,Araba/Álava,Porcentaje,100.0
2022,SI_COV_PENSN,Hombre,Araba/Álava,Porcentaje,94.7
2012,SI_COV_PENSN,Hombre,Bizkaia,Porcentaje,100.0
2023,SI_COV_UEMP,Hombre,Bizkaia,Porcentaje,59.8
2019,SI_COV_UEMP,Hombre,Bizkaia,Porcentaje,48.9
2017,SI_COV_UEMP,Hombre,Bizkaia,Porcentaje,40.3
2018,SI_COV_UEMP,Hombre,Bizkaia,Porcentaje,41.1
2020,SI_COV_UEMP,Hombre,Bizkaia,Porcentaje,71.9
2021,SI_COV_UEMP,Hombre,Bizkaia,Porcentaje,50.0
2022,SI_COV_UEMP,Hombre,Bizkaia,Porcentaje,61.4
2024,SI_COV_PENSN,Hombre,Bizkaia,Porcentaje,95.3
2024,SI_COV_UEMP,Hombre,Bizkaia,Porcentaje,60.5
2022,SI_COV_PENSN,Hombre,Bizkaia,Porcentaje,96.0
2020,SI_COV_PENSN,Hombre,Bizkaia,Porcentaje,98.2
2018,SI_COV_PENSN,Hombre,Bizkaia,Porcentaje,99.5
2021,SI_COV_PENSN,Hombre,Bizkaia,Porcentaje,97.0
2016,SI_COV_PENSN,Hombre,Bizkaia,Porcentaje,100.0
2014,SI_COV_PENSN,Hombre,Bizkaia,Porcentaje,100.0
2017,SI_COV_PENSN,Hombre,Bizkaia,Porcentaje,100.0
2010,SI_COV_PENSN,Hombre,Bizkaia,Porcentaje,100.0
2013,SI_COV_PENSN,Hombre,Bizkaia,Porcentaje,100.0
2019,SI_COV_PENSN,Hombre,Bizkaia,Porcentaje,99.0
2023,SI_COV_PENSN,Hombre,Bizkaia,Porcentaje,94.8
2011,SI_COV_PENSN,Hombre,Bizkaia,Porcentaje,100.0
2015,SI_COV_PENSN,Hombre,Bizkaia,Porcentaje,100.0
2019,SI_COV_PENSN,Hombre,Gipuzkoa,Porcentaje,100.0
2020,SI_COV_PENSN,Hombre,Gipuzkoa,Porcentaje,99.6
2017,SI_COV_PENSN,Hombre,Gipuzkoa,Porcentaje,100.0
2015,SI_COV_PENSN,Hombre,Gipuzkoa,Porcentaje,100.0
2016,SI_COV_PENSN,Hombre,Gipuzkoa,Porcentaje,100.0
2013,SI_COV_PENSN,Hombre,Gipuzkoa,Porcentaje,100.0
2018,SI_COV_PENSN,Hombre,Gipuzkoa,Porcentaje,100.0
2011,SI_COV_PENSN,Hombre,Gipuzkoa,Porcentaje,100.0
2012,SI_COV_PENSN,Hombre,Gipuzkoa,Porcentaje,100.0
2022,SI_COV_PENSN,Hombre,Gipuzkoa,Porcentaje,97.2
2010,SI_COV_PENSN,Hombre,Gipuzkoa,Porcentaje,100.0
2021,SI_COV_PENSN,Hombre,Gipuzkoa,Porcentaje,98.0
2023,SI_COV_PENSN,Hombre,Gipuzkoa,Porcentaje,96.2
2019,SI_COV_UEMP,Hombre,Gipuzkoa,Porcentaje,55.9
2017,SI_COV_UEMP,Hombre,Gipuzkoa,Porcentaje,46.8
2018,SI_COV_UEMP,Hombre,Gipuzkoa,Porcentaje,50.6
2020,SI_COV_UEMP,Hombre,Gipuzkoa,Porcentaje,100.0
2021,SI_COV_UEMP,Hombre,Gipuzkoa,Porcentaje,59.2
2022,SI_COV_UEMP,Hombre,Gipuzkoa,Porcentaje,56.9
2023,SI_COV_UEMP,Hombre,Gipuzkoa,Porcentaje,59.3
2014,SI_COV_PENSN,Hombre,Gipuzkoa,Porcentaje,100.0
2024,SI_COV_PENSN,Hombre,Gipuzkoa,Porcentaje,96.2
2024,SI_COV_UEMP,Hombre,Gipuzkoa,Porcentaje,67.0
