Year,Series,Operación de tratamiento de residuos,Territorio histórico,Units,Value
2011,Residuos urbanos recogidos per cápita,,,Kg per cápita,434.5
2012,Residuos urbanos recogidos per cápita,,,Kg per cápita,457.8
2014,Residuos urbanos recogidos per cápita,,,Kg per cápita,469.5
2015,Residuos urbanos recogidos per cápita,,,Kg per cápita,462.3
2022,Residuos urbanos recogidos per cápita,,,Kg per cápita,446.2
2013,Residuos urbanos recogidos per cápita,,,Kg per cápita,463.0
2020,Residuos urbanos recogidos per cápita,,,Kg per cápita,449.7
2017,Residuos urbanos recogidos per cápita,,,Kg per cápita,472.3
2019,Residuos urbanos recogidos per cápita,,,Kg per cápita,469.8
2021,Residuos urbanos recogidos per cápita,,,Kg per cápita,458.4
2016,Residuos urbanos recogidos per cápita,,,Kg per cápita,474.7
2018,Residuos urbanos recogidos per cápita,,,Kg per cápita,485.3
2010,Residuos urbanos recogidos per cápita,,,Kg per cápita,445.9
2016,Residuos urbanos recogidos per cápita,,Araba/Álava,Kg per cápita,405.5
2010,Residuos urbanos recogidos per cápita,,Araba/Álava,Kg per cápita,444.9
2018,Residuos urbanos recogidos per cápita,,Araba/Álava,Kg per cápita,436.3
2021,Residuos urbanos recogidos per cápita,,Araba/Álava,Kg per cápita,403.8
2013,Residuos urbanos recogidos per cápita,,Araba/Álava,Kg per cápita,387.0
2012,Residuos urbanos recogidos per cápita,,Araba/Álava,Kg per cápita,405.3
2011,Residuos urbanos recogidos per cápita,,Araba/Álava,Kg per cápita,421.7
2020,Residuos urbanos recogidos per cápita,,Araba/Álava,Kg per cápita,411.1
2019,Residuos urbanos recogidos per cápita,,Araba/Álava,Kg per cápita,425.4
2017,Residuos urbanos recogidos per cápita,,Araba/Álava,Kg per cápita,422.3
2015,Residuos urbanos recogidos per cápita,,Araba/Álava,Kg per cápita,408.7
2014,Residuos urbanos recogidos per cápita,,Araba/Álava,Kg per cápita,392.3
2022,Residuos urbanos recogidos per cápita,,Araba/Álava,Kg per cápita,390.6
2022,Residuos urbanos recogidos per cápita,,Bizkaia,Kg per cápita,470.8
2020,Residuos urbanos recogidos per cápita,,Bizkaia,Kg per cápita,475.2
2013,Residuos urbanos recogidos per cápita,,Bizkaia,Kg per cápita,467.6
2011,Residuos urbanos recogidos per cápita,,Bizkaia,Kg per cápita,428.2
2018,Residuos urbanos recogidos per cápita,,Bizkaia,Kg per cápita,485.1
2017,Residuos urbanos recogidos per cápita,,Bizkaia,Kg per cápita,476.6
2015,Residuos urbanos recogidos per cápita,,Bizkaia,Kg per cápita,447.2
2014,Residuos urbanos recogidos per cápita,,Bizkaia,Kg per cápita,457.8
2019,Residuos urbanos recogidos per cápita,,Bizkaia,Kg per cápita,492.7
2021,Residuos urbanos recogidos per cápita,,Bizkaia,Kg per cápita,480.3
2010,Residuos urbanos recogidos per cápita,,Bizkaia,Kg per cápita,437.1
2016,Residuos urbanos recogidos per cápita,,Bizkaia,Kg per cápita,462.7
2012,Residuos urbanos recogidos per cápita,,Bizkaia,Kg per cápita,466.3
2015,Residuos urbanos recogidos per cápita,,Gipuzkoa,Kg per cápita,510.7
2010,Residuos urbanos recogidos per cápita,,Gipuzkoa,Kg per cápita,460.2
2018,Residuos urbanos recogidos per cápita,,Gipuzkoa,Kg per cápita,508.0
2011,Residuos urbanos recogidos per cápita,,Gipuzkoa,Kg per cápita,449.9
2022,Residuos urbanos recogidos per cápita,,Gipuzkoa,Kg per cápita,432.9
2017,Residuos urbanos recogidos per cápita,,Gipuzkoa,Kg per cápita,488.1
2013,Residuos urbanos recogidos per cápita,,Gipuzkoa,Kg per cápita,490.0
2012,Residuos urbanos recogidos per cápita,,Gipuzkoa,Kg per cápita,460.5
2019,Residuos urbanos recogidos per cápita,,Gipuzkoa,Kg per cápita,453.7
2020,Residuos urbanos recogidos per cápita,,Gipuzkoa,Kg per cápita,426.7
2014,Residuos urbanos recogidos per cápita,,Gipuzkoa,Kg per cápita,523.3
2021,Residuos urbanos recogidos per cápita,,Gipuzkoa,Kg per cápita,448.6
2016,Residuos urbanos recogidos per cápita,,Gipuzkoa,Kg per cápita,525.3
2017,Proporción de residuos urbanos recogidos y administrados en instalaciones controladas,,,Porcentaje,100.0
2021,Proporción de residuos urbanos recogidos y administrados en instalaciones controladas,,,Porcentaje,100.0
2010,Proporción de residuos urbanos recogidos y administrados en instalaciones controladas,,,Porcentaje,100.0
2012,Proporción de residuos urbanos recogidos y administrados en instalaciones controladas,,,Porcentaje,100.0
2015,Proporción de residuos urbanos recogidos y administrados en instalaciones controladas,,,Porcentaje,100.0
2011,Proporción de residuos urbanos recogidos y administrados en instalaciones controladas,,,Porcentaje,100.0
2022,Proporción de residuos urbanos recogidos y administrados en instalaciones controladas,,,Porcentaje,100.0
2019,Proporción de residuos urbanos recogidos y administrados en instalaciones controladas,,,Porcentaje,100.0
2013,Proporción de residuos urbanos recogidos y administrados en instalaciones controladas,,,Porcentaje,100.0
2016,Proporción de residuos urbanos recogidos y administrados en instalaciones controladas,,,Porcentaje,100.0
2020,Proporción de residuos urbanos recogidos y administrados en instalaciones controladas,,,Porcentaje,100.0
2014,Proporción de residuos urbanos recogidos y administrados en instalaciones controladas,,,Porcentaje,100.0
2018,Proporción de residuos urbanos recogidos y administrados en instalaciones controladas,,,Porcentaje,100.0
2015,Proporción de residuos urbanos recogidos y administrados en instalaciones controladas,,Araba/Álava,Porcentaje,100.0
2019,Proporción de residuos urbanos recogidos y administrados en instalaciones controladas,,Araba/Álava,Porcentaje,100.0
2013,Proporción de residuos urbanos recogidos y administrados en instalaciones controladas,,Araba/Álava,Porcentaje,100.0
2021,Proporción de residuos urbanos recogidos y administrados en instalaciones controladas,,Araba/Álava,Porcentaje,100.0
2016,Proporción de residuos urbanos recogidos y administrados en instalaciones controladas,,Araba/Álava,Porcentaje,100.0
2014,Proporción de residuos urbanos recogidos y administrados en instalaciones controladas,,Araba/Álava,Porcentaje,100.0
2020,Proporción de residuos urbanos recogidos y administrados en instalaciones controladas,,Araba/Álava,Porcentaje,100.0
2018,Proporción de residuos urbanos recogidos y administrados en instalaciones controladas,,Araba/Álava,Porcentaje,100.0
2010,Proporción de residuos urbanos recogidos y administrados en instalaciones controladas,,Araba/Álava,Porcentaje,100.0
2012,Proporción de residuos urbanos recogidos y administrados en instalaciones controladas,,Araba/Álava,Porcentaje,100.0
2011,Proporción de residuos urbanos recogidos y administrados en instalaciones controladas,,Araba/Álava,Porcentaje,100.0
2022,Proporción de residuos urbanos recogidos y administrados en instalaciones controladas,,Araba/Álava,Porcentaje,100.0
2017,Proporción de residuos urbanos recogidos y administrados en instalaciones controladas,,Araba/Álava,Porcentaje,100.0
2013,Proporción de residuos urbanos recogidos y administrados en instalaciones controladas,,Bizkaia,Porcentaje,100.0
2016,Proporción de residuos urbanos recogidos y administrados en instalaciones controladas,,Bizkaia,Porcentaje,100.0
2015,Proporción de residuos urbanos recogidos y administrados en instalaciones controladas,,Bizkaia,Porcentaje,100.0
2018,Proporción de residuos urbanos recogidos y administrados en instalaciones controladas,,Bizkaia,Porcentaje,100.0
2010,Proporción de residuos urbanos recogidos y administrados en instalaciones controladas,,Bizkaia,Porcentaje,100.0
2019,Proporción de residuos urbanos recogidos y administrados en instalaciones controladas,,Bizkaia,Porcentaje,100.0
2020,Proporción de residuos urbanos recogidos y administrados en instalaciones controladas,,Bizkaia,Porcentaje,100.0
2017,Proporción de residuos urbanos recogidos y administrados en instalaciones controladas,,Bizkaia,Porcentaje,100.0
2014,Proporción de residuos urbanos recogidos y administrados en instalaciones controladas,,Bizkaia,Porcentaje,100.0
2022,Proporción de residuos urbanos recogidos y administrados en instalaciones controladas,,Bizkaia,Porcentaje,100.0
2011,Proporción de residuos urbanos recogidos y administrados en instalaciones controladas,,Bizkaia,Porcentaje,100.0
2021,Proporción de residuos urbanos recogidos y administrados en instalaciones controladas,,Bizkaia,Porcentaje,100.0
2012,Proporción de residuos urbanos recogidos y administrados en instalaciones controladas,,Bizkaia,Porcentaje,100.0
2016,Proporción de residuos urbanos recogidos y administrados en instalaciones controladas,,Gipuzkoa,Porcentaje,100.0
2011,Proporción de residuos urbanos recogidos y administrados en instalaciones controladas,,Gipuzkoa,Porcentaje,100.0
2021,Proporción de residuos urbanos recogidos y administrados en instalaciones controladas,,Gipuzkoa,Porcentaje,100.0
2018,Proporción de residuos urbanos recogidos y administrados en instalaciones controladas,,Gipuzkoa,Porcentaje,100.0
2010,Proporción de residuos urbanos recogidos y administrados en instalaciones controladas,,Gipuzkoa,Porcentaje,100.0
2015,Proporción de residuos urbanos recogidos y administrados en instalaciones controladas,,Gipuzkoa,Porcentaje,100.0
2019,Proporción de residuos urbanos recogidos y administrados en instalaciones controladas,,Gipuzkoa,Porcentaje,100.0
2014,Proporción de residuos urbanos recogidos y administrados en instalaciones controladas,,Gipuzkoa,Porcentaje,100.0
2012,Proporción de residuos urbanos recogidos y administrados en instalaciones controladas,,Gipuzkoa,Porcentaje,100.0
2017,Proporción de residuos urbanos recogidos y administrados en instalaciones controladas,,Gipuzkoa,Porcentaje,100.0
2013,Proporción de residuos urbanos recogidos y administrados en instalaciones controladas,,Gipuzkoa,Porcentaje,100.0
2020,Proporción de residuos urbanos recogidos y administrados en instalaciones controladas,,Gipuzkoa,Porcentaje,100.0
2022,Proporción de residuos urbanos recogidos y administrados en instalaciones controladas,,Gipuzkoa,Porcentaje,100.0
2014,"Proporción de residuos urbanos tratados, desglosados por tipo de tratamiento",Reciclaje,,Porcentaje,33.3
2010,"Proporción de residuos urbanos tratados, desglosados por tipo de tratamiento",Reciclaje,,Porcentaje,24.7
2020,"Proporción de residuos urbanos tratados, desglosados por tipo de tratamiento",Reciclaje,,Porcentaje,47.2
2013,"Proporción de residuos urbanos tratados, desglosados por tipo de tratamiento",Reciclaje,,Porcentaje,28.2
2016,"Proporción de residuos urbanos tratados, desglosados por tipo de tratamiento",Reciclaje,,Porcentaje,38.0
2015,"Proporción de residuos urbanos tratados, desglosados por tipo de tratamiento",Reciclaje,,Porcentaje,36.4
2022,"Proporción de residuos urbanos tratados, desglosados por tipo de tratamiento",Reciclaje,,Porcentaje,47.4
2018,"Proporción de residuos urbanos tratados, desglosados por tipo de tratamiento",Reciclaje,,Porcentaje,41.5
2012,"Proporción de residuos urbanos tratados, desglosados por tipo de tratamiento",Reciclaje,,Porcentaje,28.5
2019,"Proporción de residuos urbanos tratados, desglosados por tipo de tratamiento",Reciclaje,,Porcentaje,44.7
2021,"Proporción de residuos urbanos tratados, desglosados por tipo de tratamiento",Reciclaje,,Porcentaje,45.4
2011,"Proporción de residuos urbanos tratados, desglosados por tipo de tratamiento",Reciclaje,,Porcentaje,25.6
2017,"Proporción de residuos urbanos tratados, desglosados por tipo de tratamiento",Reciclaje,,Porcentaje,39.3
2013,"Proporción de residuos urbanos tratados, desglosados por tipo de tratamiento",Reciclaje,Araba/Álava,Porcentaje,24.2
2019,"Proporción de residuos urbanos tratados, desglosados por tipo de tratamiento",Reciclaje,Araba/Álava,Porcentaje,38.4
2018,"Proporción de residuos urbanos tratados, desglosados por tipo de tratamiento",Reciclaje,Araba/Álava,Porcentaje,31.5
2021,"Proporción de residuos urbanos tratados, desglosados por tipo de tratamiento",Reciclaje,Araba/Álava,Porcentaje,38.9
2020,"Proporción de residuos urbanos tratados, desglosados por tipo de tratamiento",Reciclaje,Araba/Álava,Porcentaje,39.2
2015,"Proporción de residuos urbanos tratados, desglosados por tipo de tratamiento",Reciclaje,Araba/Álava,Porcentaje,30.6
2014,"Proporción de residuos urbanos tratados, desglosados por tipo de tratamiento",Reciclaje,Araba/Álava,Porcentaje,27.0
2016,"Proporción de residuos urbanos tratados, desglosados por tipo de tratamiento",Reciclaje,Araba/Álava,Porcentaje,33.7
2017,"Proporción de residuos urbanos tratados, desglosados por tipo de tratamiento",Reciclaje,Araba/Álava,Porcentaje,31.3
2022,"Proporción de residuos urbanos tratados, desglosados por tipo de tratamiento",Reciclaje,Araba/Álava,Porcentaje,44.9
2013,"Proporción de residuos urbanos tratados, desglosados por tipo de tratamiento",Reciclaje,Bizkaia,Porcentaje,26.6
2019,"Proporción de residuos urbanos tratados, desglosados por tipo de tratamiento",Reciclaje,Bizkaia,Porcentaje,37.9
2021,"Proporción de residuos urbanos tratados, desglosados por tipo de tratamiento",Reciclaje,Bizkaia,Porcentaje,37.1
2015,"Proporción de residuos urbanos tratados, desglosados por tipo de tratamiento",Reciclaje,Bizkaia,Porcentaje,28.7
2016,"Proporción de residuos urbanos tratados, desglosados por tipo de tratamiento",Reciclaje,Bizkaia,Porcentaje,31.2
2022,"Proporción de residuos urbanos tratados, desglosados por tipo de tratamiento",Reciclaje,Bizkaia,Porcentaje,39.2
2020,"Proporción de residuos urbanos tratados, desglosados por tipo de tratamiento",Reciclaje,Bizkaia,Porcentaje,38.1
2017,"Proporción de residuos urbanos tratados, desglosados por tipo de tratamiento",Reciclaje,Bizkaia,Porcentaje,34.8
2018,"Proporción de residuos urbanos tratados, desglosados por tipo de tratamiento",Reciclaje,Bizkaia,Porcentaje,35.8
2014,"Proporción de residuos urbanos tratados, desglosados por tipo de tratamiento",Reciclaje,Bizkaia,Porcentaje,28.2
2020,"Proporción de residuos urbanos tratados, desglosados por tipo de tratamiento",Reciclaje,Gipuzkoa,Porcentaje,69.3
2018,"Proporción de residuos urbanos tratados, desglosados por tipo de tratamiento",Reciclaje,Gipuzkoa,Porcentaje,52.9
2015,"Proporción de residuos urbanos tratados, desglosados por tipo de tratamiento",Reciclaje,Gipuzkoa,Porcentaje,48.3
2017,"Proporción de residuos urbanos tratados, desglosados por tipo de tratamiento",Reciclaje,Gipuzkoa,Porcentaje,48.7
2019,"Proporción de residuos urbanos tratados, desglosados por tipo de tratamiento",Reciclaje,Gipuzkoa,Porcentaje,59.3
2021,"Proporción de residuos urbanos tratados, desglosados por tipo de tratamiento",Reciclaje,Gipuzkoa,Porcentaje,63.4
2022,"Proporción de residuos urbanos tratados, desglosados por tipo de tratamiento",Reciclaje,Gipuzkoa,Porcentaje,63.5
2013,"Proporción de residuos urbanos tratados, desglosados por tipo de tratamiento",Reciclaje,Gipuzkoa,Porcentaje,31.9
2014,"Proporción de residuos urbanos tratados, desglosados por tipo de tratamiento",Reciclaje,Gipuzkoa,Porcentaje,41.9
2016,"Proporción de residuos urbanos tratados, desglosados por tipo de tratamiento",Reciclaje,Gipuzkoa,Porcentaje,48.4
2021,"Proporción de residuos urbanos tratados, desglosados por tipo de tratamiento",Incineración con recuperación de energía,,Porcentaje,32.5
2012,"Proporción de residuos urbanos tratados, desglosados por tipo de tratamiento",Incineración con recuperación de energía,,Porcentaje,20.9
2011,"Proporción de residuos urbanos tratados, desglosados por tipo de tratamiento",Incineración con recuperación de energía,,Porcentaje,23.3
2022,"Proporción de residuos urbanos tratados, desglosados por tipo de tratamiento",Incineración con recuperación de energía,,Porcentaje,33.9
2013,"Proporción de residuos urbanos tratados, desglosados por tipo de tratamiento",Incineración con recuperación de energía,,Porcentaje,26.6
2017,"Proporción de residuos urbanos tratados, desglosados por tipo de tratamiento",Incineración con recuperación de energía,,Porcentaje,24.3
2014,"Proporción de residuos urbanos tratados, desglosados por tipo de tratamiento",Incineración con recuperación de energía,,Porcentaje,25.6
2018,"Proporción de residuos urbanos tratados, desglosados por tipo de tratamiento",Incineración con recuperación de energía,,Porcentaje,22.8
2015,"Proporción de residuos urbanos tratados, desglosados por tipo de tratamiento",Incineración con recuperación de energía,,Porcentaje,27.9
2020,"Proporción de residuos urbanos tratados, desglosados por tipo de tratamiento",Incineración con recuperación de energía,,Porcentaje,30.8
2019,"Proporción de residuos urbanos tratados, desglosados por tipo de tratamiento",Incineración con recuperación de energía,,Porcentaje,23.5
2010,"Proporción de residuos urbanos tratados, desglosados por tipo de tratamiento",Incineración con recuperación de energía,,Porcentaje,21.4
2016,"Proporción de residuos urbanos tratados, desglosados por tipo de tratamiento",Incineración con recuperación de energía,,Porcentaje,24.7
2013,"Proporción de residuos urbanos tratados, desglosados por tipo de tratamiento",Incineración con recuperación de energía,Araba/Álava,Porcentaje,3.7
2019,"Proporción de residuos urbanos tratados, desglosados por tipo de tratamiento",Incineración con recuperación de energía,Araba/Álava,Porcentaje,2.9
2015,"Proporción de residuos urbanos tratados, desglosados por tipo de tratamiento",Incineración con recuperación de energía,Araba/Álava,Porcentaje,4.3
2016,"Proporción de residuos urbanos tratados, desglosados por tipo de tratamiento",Incineración con recuperación de energía,Araba/Álava,Porcentaje,4.4
2017,"Proporción de residuos urbanos tratados, desglosados por tipo de tratamiento",Incineración con recuperación de energía,Araba/Álava,Porcentaje,4.2
2021,"Proporción de residuos urbanos tratados, desglosados por tipo de tratamiento",Incineración con recuperación de energía,Araba/Álava,Porcentaje,1.6
2014,"Proporción de residuos urbanos tratados, desglosados por tipo de tratamiento",Incineración con recuperación de energía,Araba/Álava,Porcentaje,3.5
2022,"Proporción de residuos urbanos tratados, desglosados por tipo de tratamiento",Incineración con recuperación de energía,Araba/Álava,Porcentaje,1.3
2018,"Proporción de residuos urbanos tratados, desglosados por tipo de tratamiento",Incineración con recuperación de energía,Araba/Álava,Porcentaje,4.4
2020,"Proporción de residuos urbanos tratados, desglosados por tipo de tratamiento",Incineración con recuperación de energía,Araba/Álava,Porcentaje,2.1
2020,"Proporción de residuos urbanos tratados, desglosados por tipo de tratamiento",Incineración con recuperación de energía,Bizkaia,Porcentaje,42.2
2015,"Proporción de residuos urbanos tratados, desglosados por tipo de tratamiento",Incineración con recuperación de energía,Bizkaia,Porcentaje,49.4
2014,"Proporción de residuos urbanos tratados, desglosados por tipo de tratamiento",Incineración con recuperación de energía,Bizkaia,Porcentaje,44.2
2013,"Proporción de residuos urbanos tratados, desglosados por tipo de tratamiento",Incineración con recuperación de energía,Bizkaia,Porcentaje,43.0
2022,"Proporción de residuos urbanos tratados, desglosados por tipo de tratamiento",Incineración con recuperación de energía,Bizkaia,Porcentaje,43.8
2018,"Proporción de residuos urbanos tratados, desglosados por tipo de tratamiento",Incineración con recuperación de energía,Bizkaia,Porcentaje,39.6
2019,"Proporción de residuos urbanos tratados, desglosados por tipo de tratamiento",Incineración con recuperación de energía,Bizkaia,Porcentaje,41.2
2016,"Proporción de residuos urbanos tratados, desglosados por tipo de tratamiento",Incineración con recuperación de energía,Bizkaia,Porcentaje,42.5
2017,"Proporción de residuos urbanos tratados, desglosados por tipo de tratamiento",Incineración con recuperación de energía,Bizkaia,Porcentaje,41.9
2021,"Proporción de residuos urbanos tratados, desglosados por tipo de tratamiento",Incineración con recuperación de energía,Bizkaia,Porcentaje,41.2
2020,"Proporción de residuos urbanos tratados, desglosados por tipo de tratamiento",Incineración con recuperación de energía,Gipuzkoa,Porcentaje,21.9
2016,"Proporción de residuos urbanos tratados, desglosados por tipo de tratamiento",Incineración con recuperación de energía,Gipuzkoa,Porcentaje,6.9
2014,"Proporción de residuos urbanos tratados, desglosados por tipo de tratamiento",Incineración con recuperación de energía,Gipuzkoa,Porcentaje,7.4
2015,"Proporción de residuos urbanos tratados, desglosados por tipo de tratamiento",Incineración con recuperación de energía,Gipuzkoa,Porcentaje,6.9
2013,"Proporción de residuos urbanos tratados, desglosados por tipo de tratamiento",Incineración con recuperación de energía,Gipuzkoa,Porcentaje,9.3
2022,"Proporción de residuos urbanos tratados, desglosados por tipo de tratamiento",Incineración con recuperación de energía,Gipuzkoa,Porcentaje,29.8
2021,"Proporción de residuos urbanos tratados, desglosados por tipo de tratamiento",Incineración con recuperación de energía,Gipuzkoa,Porcentaje,30.1
2018,"Proporción de residuos urbanos tratados, desglosados por tipo de tratamiento",Incineración con recuperación de energía,Gipuzkoa,Porcentaje,5.6
2017,"Proporción de residuos urbanos tratados, desglosados por tipo de tratamiento",Incineración con recuperación de energía,Gipuzkoa,Porcentaje,5.4
2019,"Proporción de residuos urbanos tratados, desglosados por tipo de tratamiento",Incineración con recuperación de energía,Gipuzkoa,Porcentaje,1.1
2010,"Proporción de residuos urbanos tratados, desglosados por tipo de tratamiento",Depósito en vertedero,,Porcentaje,53.9
2016,"Proporción de residuos urbanos tratados, desglosados por tipo de tratamiento",Depósito en vertedero,,Porcentaje,37.3
2020,"Proporción de residuos urbanos tratados, desglosados por tipo de tratamiento",Depósito en vertedero,,Porcentaje,21.9
2011,"Proporción de residuos urbanos tratados, desglosados por tipo de tratamiento",Depósito en vertedero,,Porcentaje,51.1
2017,"Proporción de residuos urbanos tratados, desglosados por tipo de tratamiento",Depósito en vertedero,,Porcentaje,36.4
2014,"Proporción de residuos urbanos tratados, desglosados por tipo de tratamiento",Depósito en vertedero,,Porcentaje,41.2
2013,"Proporción de residuos urbanos tratados, desglosados por tipo de tratamiento",Depósito en vertedero,,Porcentaje,45.2
2022,"Proporción de residuos urbanos tratados, desglosados por tipo de tratamiento",Depósito en vertedero,,Porcentaje,18.6
2019,"Proporción de residuos urbanos tratados, desglosados por tipo de tratamiento",Depósito en vertedero,,Porcentaje,31.7
2021,"Proporción de residuos urbanos tratados, desglosados por tipo de tratamiento",Depósito en vertedero,,Porcentaje,22.1
2018,"Proporción de residuos urbanos tratados, desglosados por tipo de tratamiento",Depósito en vertedero,,Porcentaje,35.7
2012,"Proporción de residuos urbanos tratados, desglosados por tipo de tratamiento",Depósito en vertedero,,Porcentaje,50.7
2015,"Proporción de residuos urbanos tratados, desglosados por tipo de tratamiento",Depósito en vertedero,,Porcentaje,35.6
2019,"Proporción de residuos urbanos tratados, desglosados por tipo de tratamiento",Depósito en vertedero,Araba/Álava,Porcentaje,58.7
2016,"Proporción de residuos urbanos tratados, desglosados por tipo de tratamiento",Depósito en vertedero,Araba/Álava,Porcentaje,61.8
2020,"Proporción de residuos urbanos tratados, desglosados por tipo de tratamiento",Depósito en vertedero,Araba/Álava,Porcentaje,58.8
2013,"Proporción de residuos urbanos tratados, desglosados por tipo de tratamiento",Depósito en vertedero,Araba/Álava,Porcentaje,72.1
2018,"Proporción de residuos urbanos tratados, desglosados por tipo de tratamiento",Depósito en vertedero,Araba/Álava,Porcentaje,64.0
2015,"Proporción de residuos urbanos tratados, desglosados por tipo de tratamiento",Depósito en vertedero,Araba/Álava,Porcentaje,65.1
2021,"Proporción de residuos urbanos tratados, desglosados por tipo de tratamiento",Depósito en vertedero,Araba/Álava,Porcentaje,59.5
2022,"Proporción de residuos urbanos tratados, desglosados por tipo de tratamiento",Depósito en vertedero,Araba/Álava,Porcentaje,53.8
2014,"Proporción de residuos urbanos tratados, desglosados por tipo de tratamiento",Depósito en vertedero,Araba/Álava,Porcentaje,69.5
2017,"Proporción de residuos urbanos tratados, desglosados por tipo de tratamiento",Depósito en vertedero,Araba/Álava,Porcentaje,64.5
2018,"Proporción de residuos urbanos tratados, desglosados por tipo de tratamiento",Depósito en vertedero,Bizkaia,Porcentaje,24.5
2019,"Proporción de residuos urbanos tratados, desglosados por tipo de tratamiento",Depósito en vertedero,Bizkaia,Porcentaje,21.0
2016,"Proporción de residuos urbanos tratados, desglosados por tipo de tratamiento",Depósito en vertedero,Bizkaia,Porcentaje,26.4
2014,"Proporción de residuos urbanos tratados, desglosados por tipo de tratamiento",Depósito en vertedero,Bizkaia,Porcentaje,27.6
2015,"Proporción de residuos urbanos tratados, desglosados por tipo de tratamiento",Depósito en vertedero,Bizkaia,Porcentaje,21.9
2017,"Proporción de residuos urbanos tratados, desglosados por tipo de tratamiento",Depósito en vertedero,Bizkaia,Porcentaje,23.3
2021,"Proporción de residuos urbanos tratados, desglosados por tipo de tratamiento",Depósito en vertedero,Bizkaia,Porcentaje,21.7
2022,"Proporción de residuos urbanos tratados, desglosados por tipo de tratamiento",Depósito en vertedero,Bizkaia,Porcentaje,17.0
2020,"Proporción de residuos urbanos tratados, desglosados por tipo de tratamiento",Depósito en vertedero,Bizkaia,Porcentaje,19.7
2013,"Proporción de residuos urbanos tratados, desglosados por tipo de tratamiento",Depósito en vertedero,Bizkaia,Porcentaje,30.4
2022,"Proporción de residuos urbanos tratados, desglosados por tipo de tratamiento",Depósito en vertedero,Gipuzkoa,Porcentaje,6.6
2020,"Proporción de residuos urbanos tratados, desglosados por tipo de tratamiento",Depósito en vertedero,Gipuzkoa,Porcentaje,8.8
2021,"Proporción de residuos urbanos tratados, desglosados por tipo de tratamiento",Depósito en vertedero,Gipuzkoa,Porcentaje,6.6
2018,"Proporción de residuos urbanos tratados, desglosados por tipo de tratamiento",Depósito en vertedero,Gipuzkoa,Porcentaje,41.4
2016,"Proporción de residuos urbanos tratados, desglosados por tipo de tratamiento",Depósito en vertedero,Gipuzkoa,Porcentaje,44.7
2019,"Proporción de residuos urbanos tratados, desglosados por tipo de tratamiento",Depósito en vertedero,Gipuzkoa,Porcentaje,39.6
2014,"Proporción de residuos urbanos tratados, desglosados por tipo de tratamiento",Depósito en vertedero,Gipuzkoa,Porcentaje,50.7
2017,"Proporción de residuos urbanos tratados, desglosados por tipo de tratamiento",Depósito en vertedero,Gipuzkoa,Porcentaje,45.9
2013,"Proporción de residuos urbanos tratados, desglosados por tipo de tratamiento",Depósito en vertedero,Gipuzkoa,Porcentaje,58.8
2015,"Proporción de residuos urbanos tratados, desglosados por tipo de tratamiento",Depósito en vertedero,Gipuzkoa,Porcentaje,44.8
