Year,Series,Operación de tratamiento de residuos,Territorio histórico,Units,Value
2018,Residuos peligrosos generados per cápita,,,Kg per cápita,149.3
2014,Residuos peligrosos generados per cápita,,,Kg per cápita,148.8
2010,Residuos peligrosos generados per cápita,,,Kg per cápita,162.9
2012,Residuos peligrosos generados per cápita,,,Kg per cápita,137.2
2016,Residuos peligrosos generados per cápita,,,Kg per cápita,148.0
2011,Residuos peligrosos generados per cápita,,,Kg per cápita,150.9
2019,Residuos peligrosos generados per cápita,,,Kg per cápita,150.1
2017,Residuos peligrosos generados per cápita,,,Kg per cápita,145.3
2021,Residuos peligrosos generados per cápita,,,Kg per cápita,150.7
2022,Residuos peligrosos generados per cápita,,,Kg per cápita,157.5
2020,Residuos peligrosos generados per cápita,,,Kg per cápita,144.9
2013,Residuos peligrosos generados per cápita,,,Kg per cápita,130.7
2015,Residuos peligrosos generados per cápita,,,Kg per cápita,150.9
2017,Residuos peligrosos generados per cápita,,Araba/Álava,Kg per cápita,159.4
2015,Residuos peligrosos generados per cápita,,Araba/Álava,Kg per cápita,160.7
2010,Residuos peligrosos generados per cápita,,Araba/Álava,Kg per cápita,141.1
2013,Residuos peligrosos generados per cápita,,Araba/Álava,Kg per cápita,129.3
2018,Residuos peligrosos generados per cápita,,Araba/Álava,Kg per cápita,196.3
2012,Residuos peligrosos generados per cápita,,Araba/Álava,Kg per cápita,137.0
2022,Residuos peligrosos generados per cápita,,Araba/Álava,Kg per cápita,200.8
2019,Residuos peligrosos generados per cápita,,Araba/Álava,Kg per cápita,203.5
2014,Residuos peligrosos generados per cápita,,Araba/Álava,Kg per cápita,164.3
2021,Residuos peligrosos generados per cápita,,Araba/Álava,Kg per cápita,177.9
2016,Residuos peligrosos generados per cápita,,Araba/Álava,Kg per cápita,160.9
2011,Residuos peligrosos generados per cápita,,Araba/Álava,Kg per cápita,164.5
2020,Residuos peligrosos generados per cápita,,Araba/Álava,Kg per cápita,187.3
2021,Residuos peligrosos generados per cápita,,Bizkaia,Kg per cápita,165.1
2017,Residuos peligrosos generados per cápita,,Bizkaia,Kg per cápita,176.8
2019,Residuos peligrosos generados per cápita,,Bizkaia,Kg per cápita,168.3
2016,Residuos peligrosos generados per cápita,,Bizkaia,Kg per cápita,180.3
2018,Residuos peligrosos generados per cápita,,Bizkaia,Kg per cápita,171.0
2022,Residuos peligrosos generados per cápita,,Bizkaia,Kg per cápita,173.8
2010,Residuos peligrosos generados per cápita,,Bizkaia,Kg per cápita,201.2
2012,Residuos peligrosos generados per cápita,,Bizkaia,Kg per cápita,166.6
2013,Residuos peligrosos generados per cápita,,Bizkaia,Kg per cápita,160.0
2011,Residuos peligrosos generados per cápita,,Bizkaia,Kg per cápita,178.5
2015,Residuos peligrosos generados per cápita,,Bizkaia,Kg per cápita,184.4
2020,Residuos peligrosos generados per cápita,,Bizkaia,Kg per cápita,157.3
2014,Residuos peligrosos generados per cápita,,Bizkaia,Kg per cápita,183.2
2020,Residuos peligrosos generados per cápita,,Gipuzkoa,Kg per cápita,105.6
2022,Residuos peligrosos generados per cápita,,Gipuzkoa,Kg per cápita,111.6
2014,Residuos peligrosos generados per cápita,,Gipuzkoa,Kg per cápita,86.4
2018,Residuos peligrosos generados per cápita,,Gipuzkoa,Kg per cápita,93.2
2011,Residuos peligrosos generados per cápita,,Gipuzkoa,Kg per cápita,99.7
2012,Residuos peligrosos generados per cápita,,Gipuzkoa,Kg per cápita,89.3
2016,Residuos peligrosos generados per cápita,,Gipuzkoa,Kg per cápita,90.3
2015,Residuos peligrosos generados per cápita,,Gipuzkoa,Kg per cápita,92.6
2021,Residuos peligrosos generados per cápita,,Gipuzkoa,Kg per cápita,115.2
2013,Residuos peligrosos generados per cápita,,Gipuzkoa,Kg per cápita,83.9
2017,Residuos peligrosos generados per cápita,,Gipuzkoa,Kg per cápita,88.6
2010,Residuos peligrosos generados per cápita,,Gipuzkoa,Kg per cápita,109.7
2019,Residuos peligrosos generados per cápita,,Gipuzkoa,Kg per cápita,96.7
2015,"Proporción de residuos peligrosos tratados, desglosados por tipo de tratamiento",Reciclaje,,%,67.7
2011,"Proporción de residuos peligrosos tratados, desglosados por tipo de tratamiento",Reciclaje,,%,66.7
2014,"Proporción de residuos peligrosos tratados, desglosados por tipo de tratamiento",Reciclaje,,%,66.6
2019,"Proporción de residuos peligrosos tratados, desglosados por tipo de tratamiento",Reciclaje,,%,65.0
2013,"Proporción de residuos peligrosos tratados, desglosados por tipo de tratamiento",Reciclaje,,%,68.7
2018,"Proporción de residuos peligrosos tratados, desglosados por tipo de tratamiento",Reciclaje,,%,64.7
2017,"Proporción de residuos peligrosos tratados, desglosados por tipo de tratamiento",Reciclaje,,%,64.4
2010,"Proporción de residuos peligrosos tratados, desglosados por tipo de tratamiento",Reciclaje,,%,62.2
2016,"Proporción de residuos peligrosos tratados, desglosados por tipo de tratamiento",Reciclaje,,%,66.1
2022,"Proporción de residuos peligrosos tratados, desglosados por tipo de tratamiento",Reciclaje,,%,60.4
2021,"Proporción de residuos peligrosos tratados, desglosados por tipo de tratamiento",Reciclaje,,%,65.7
2012,"Proporción de residuos peligrosos tratados, desglosados por tipo de tratamiento",Reciclaje,,%,61.5
2020,"Proporción de residuos peligrosos tratados, desglosados por tipo de tratamiento",Reciclaje,,%,59.1
2019,"Proporción de residuos peligrosos tratados, desglosados por tipo de tratamiento",Incineración con recuperación de energía,,%,1.1
2022,"Proporción de residuos peligrosos tratados, desglosados por tipo de tratamiento",Incineración con recuperación de energía,,%,0.0
2015,"Proporción de residuos peligrosos tratados, desglosados por tipo de tratamiento",Incineración con recuperación de energía,,%,1.8
2014,"Proporción de residuos peligrosos tratados, desglosados por tipo de tratamiento",Incineración con recuperación de energía,,%,1.0
2021,"Proporción de residuos peligrosos tratados, desglosados por tipo de tratamiento",Incineración con recuperación de energía,,%,0.0
2010,"Proporción de residuos peligrosos tratados, desglosados por tipo de tratamiento",Incineración con recuperación de energía,,%,0.5
2013,"Proporción de residuos peligrosos tratados, desglosados por tipo de tratamiento",Incineración con recuperación de energía,,%,0.5
2012,"Proporción de residuos peligrosos tratados, desglosados por tipo de tratamiento",Incineración con recuperación de energía,,%,0.2
2017,"Proporción de residuos peligrosos tratados, desglosados por tipo de tratamiento",Incineración con recuperación de energía,,%,0.9
2011,"Proporción de residuos peligrosos tratados, desglosados por tipo de tratamiento",Incineración con recuperación de energía,,%,0.5
2018,"Proporción de residuos peligrosos tratados, desglosados por tipo de tratamiento",Incineración con recuperación de energía,,%,0.9
2020,"Proporción de residuos peligrosos tratados, desglosados por tipo de tratamiento",Incineración con recuperación de energía,,%,1.0
2016,"Proporción de residuos peligrosos tratados, desglosados por tipo de tratamiento",Incineración con recuperación de energía,,%,1.0
2022,"Proporción de residuos peligrosos tratados, desglosados por tipo de tratamiento",Incineración sin recuperación de energía,,%,0.1
2019,"Proporción de residuos peligrosos tratados, desglosados por tipo de tratamiento",Incineración sin recuperación de energía,,%,0.2
2017,"Proporción de residuos peligrosos tratados, desglosados por tipo de tratamiento",Incineración sin recuperación de energía,,%,0.2
2018,"Proporción de residuos peligrosos tratados, desglosados por tipo de tratamiento",Incineración sin recuperación de energía,,%,0.1
2016,"Proporción de residuos peligrosos tratados, desglosados por tipo de tratamiento",Incineración sin recuperación de energía,,%,0.8
2014,"Proporción de residuos peligrosos tratados, desglosados por tipo de tratamiento",Incineración sin recuperación de energía,,%,0.8
2015,"Proporción de residuos peligrosos tratados, desglosados por tipo de tratamiento",Incineración sin recuperación de energía,,%,0.6
2020,"Proporción de residuos peligrosos tratados, desglosados por tipo de tratamiento",Incineración sin recuperación de energía,,%,0.3
2010,"Proporción de residuos peligrosos tratados, desglosados por tipo de tratamiento",Incineración sin recuperación de energía,,%,0.9
2011,"Proporción de residuos peligrosos tratados, desglosados por tipo de tratamiento",Incineración sin recuperación de energía,,%,0.1
2012,"Proporción de residuos peligrosos tratados, desglosados por tipo de tratamiento",Incineración sin recuperación de energía,,%,0.1
2013,"Proporción de residuos peligrosos tratados, desglosados por tipo de tratamiento",Incineración sin recuperación de energía,,%,0.1
2021,"Proporción de residuos peligrosos tratados, desglosados por tipo de tratamiento",Incineración sin recuperación de energía,,%,0.0
2022,"Proporción de residuos peligrosos tratados, desglosados por tipo de tratamiento",Depósito en vertedero,,%,39.5
2016,"Proporción de residuos peligrosos tratados, desglosados por tipo de tratamiento",Depósito en vertedero,,%,32.2
2017,"Proporción de residuos peligrosos tratados, desglosados por tipo de tratamiento",Depósito en vertedero,,%,34.6
2020,"Proporción de residuos peligrosos tratados, desglosados por tipo de tratamiento",Depósito en vertedero,,%,39.6
2013,"Proporción de residuos peligrosos tratados, desglosados por tipo de tratamiento",Depósito en vertedero,,%,30.6
2019,"Proporción de residuos peligrosos tratados, desglosados por tipo de tratamiento",Depósito en vertedero,,%,33.7
2012,"Proporción de residuos peligrosos tratados, desglosados por tipo de tratamiento",Depósito en vertedero,,%,38.1
2021,"Proporción de residuos peligrosos tratados, desglosados por tipo de tratamiento",Depósito en vertedero,,%,34.2
2015,"Proporción de residuos peligrosos tratados, desglosados por tipo de tratamiento",Depósito en vertedero,,%,29.9
2011,"Proporción de residuos peligrosos tratados, desglosados por tipo de tratamiento",Depósito en vertedero,,%,32.6
2010,"Proporción de residuos peligrosos tratados, desglosados por tipo de tratamiento",Depósito en vertedero,,%,36.4
2014,"Proporción de residuos peligrosos tratados, desglosados por tipo de tratamiento",Depósito en vertedero,,%,31.5
2018,"Proporción de residuos peligrosos tratados, desglosados por tipo de tratamiento",Depósito en vertedero,,%,34.2
