Year,Series,Ecosistema,Units,Value
2018,Superficie de las áreas terrestres protegidas (Km2),Pastizales,Kilómetros cuadrados,432.1
2015,Superficie de las áreas terrestres protegidas (Porcentaje),Humedales,Porcentaje,70.4
2015,Superficie de las áreas terrestres protegidas (Km2),Asentamientos,Kilómetros cuadrados,14.8
2018,Superficie de las áreas terrestres protegidas (Porcentaje),Otras tierras,Porcentaje,70.6
2018,Superficie de las áreas terrestres protegidas (Km2),Bosques,Kilómetros cuadrados,1147.4
2015,Superficie de las áreas terrestres protegidas (Porcentaje),Pastizales,Porcentaje,24.0
2021,Superficie de las áreas terrestres protegidas (Porcentaje),Pastizales,Porcentaje,24.2
2015,Superficie de las áreas terrestres protegidas (Km2),,Kilómetros cuadrados,1698.7
2015,Superficie de las áreas terrestres protegidas (Porcentaje),Otras tierras,Porcentaje,70.5
2018,Superficie de las áreas terrestres protegidas (Porcentaje),Tierras de cultivo,Porcentaje,4.1
2021,Superficie de las áreas terrestres protegidas (Km2),Otras tierras,Kilómetros cuadrados,45.9
2015,Superficie de las áreas terrestres protegidas (Km2),Bosques,Kilómetros cuadrados,1138.9
2018,Superficie de las áreas terrestres protegidas (Km2),Tierras de cultivo,Kilómetros cuadrados,35.9
2021,Superficie de las áreas terrestres protegidas (Km2),Humedales,Kilómetros cuadrados,37.8
2015,Superficie de las áreas terrestres protegidas (Porcentaje),Asentamientos,Porcentaje,3.2
2021,Superficie de las áreas terrestres protegidas (Porcentaje),Humedales,Porcentaje,70.9
2021,Superficie de las áreas terrestres protegidas (Km2),Asentamientos,Kilómetros cuadrados,14.8
2015,Superficie de las áreas terrestres protegidas (Km2),Pastizales,Kilómetros cuadrados,429.0
2018,Superficie de las áreas terrestres protegidas (Km2),,Kilómetros cuadrados,1713.6
2018,Superficie de las áreas terrestres protegidas (Km2),Otras tierras,Kilómetros cuadrados,45.9
2015,Superficie de las áreas terrestres protegidas (Porcentaje),Tierras de cultivo,Porcentaje,3.7
2015,Superficie de las áreas terrestres protegidas (Km2),Otras tierras,Kilómetros cuadrados,46.0
2021,Superficie de las áreas terrestres protegidas (Porcentaje),Asentamientos,Porcentaje,3.2
2021,Superficie de las áreas terrestres protegidas (Porcentaje),Otras tierras,Porcentaje,70.6
2021,Superficie de las áreas terrestres protegidas (Porcentaje),Tierras de cultivo,Porcentaje,4.1
2015,Superficie de las áreas terrestres protegidas (Porcentaje),Bosques,Porcentaje,28.7
2018,Superficie de las áreas terrestres protegidas (Porcentaje),Bosques,Porcentaje,28.9
2015,Superficie de las áreas terrestres protegidas (Km2),Tierras de cultivo,Kilómetros cuadrados,32.5
2021,Superficie de las áreas terrestres protegidas (Km2),Bosques,Kilómetros cuadrados,1147.5
2018,Superficie de las áreas terrestres protegidas (Km2),Asentamientos,Kilómetros cuadrados,14.8
2018,Superficie de las áreas terrestres protegidas (Km2),Humedales,Kilómetros cuadrados,37.6
2021,Superficie de las áreas terrestres protegidas (Km2),Pastizales,Kilómetros cuadrados,432.2
2015,Superficie de las áreas terrestres protegidas (Km2),Humedales,Kilómetros cuadrados,37.5
2018,Superficie de las áreas terrestres protegidas (Porcentaje),,Porcentaje,23.7
2018,Superficie de las áreas terrestres protegidas (Porcentaje),Humedales,Porcentaje,70.6
2018,Superficie de las áreas terrestres protegidas (Porcentaje),Pastizales,Porcentaje,24.2
2021,Superficie de las áreas terrestres protegidas (Km2),,Kilómetros cuadrados,1714.1
2015,Superficie de las áreas terrestres protegidas (Porcentaje),,Porcentaje,23.5
2021,Superficie de las áreas terrestres protegidas (Porcentaje),,Porcentaje,23.7
2018,Superficie de las áreas terrestres protegidas (Porcentaje),Asentamientos,Porcentaje,3.2
2021,Superficie de las áreas terrestres protegidas (Km2),Tierras de cultivo,Kilómetros cuadrados,35.9
2021,Superficie de las áreas terrestres protegidas (Porcentaje),Bosques,Porcentaje,28.9
