Year,Territorio histórico,Units,Value
2021,,Por 100.000,0.5
2022,,Por 100.000,0.32
2023,,Por 100.000,0.32
2020,,Por 100.000,0.59
2020,Araba/Álava,Por 100.000,0.3
2022,Araba/Álava,Por 100.000,0.0
2023,Araba/Álava,Por 100.000,0.3
2021,Araba/Álava,Por 100.000,0.61
2022,Bizkaia,Por 100.000,0.35
2023,Bizkaia,Por 100.000,0.35
2021,Bizkaia,Por 100.000,0.53
2020,Bizkaia,Por 100.000,0.7
2023,Gipuzkoa,Por 100.000,0.28
2020,Gipuzkoa,Por 100.000,0.56
2021,Gipuzkoa,Por 100.000,0.42
2022,Gipuzkoa,Por 100.000,0.42
