Year,Sexo,Territorio histórico,Units,Value
2018,,,%,13.0
2023,,,%,12.9
2012,,,%,12.8
2013,,,%,9.3
2020,,,%,12.1
2019,,,%,12.7
2014,,,%,7.8
2015,,,%,9.4
2022,,,%,11.2
2016,,,%,10.2
2017,,,%,10.2
2021,,,%,10.4
2018,,Araba/Álava,%,8.6
2023,,Araba/Álava,%,9.5
2016,,Araba/Álava,%,6.1
2021,,Araba/Álava,%,7.9
2017,,Araba/Álava,%,6.0
2014,,Araba/Álava,%,5.5
2012,,Araba/Álava,%,9.4
2013,,Araba/Álava,%,6.6
2020,,Araba/Álava,%,8.1
2015,,Araba/Álava,%,5.5
2022,,Araba/Álava,%,7.7
2019,,Araba/Álava,%,9.1
2021,,Bizkaia,%,13.2
2023,,Bizkaia,%,15.8
2022,,Bizkaia,%,15.5
2016,,Bizkaia,%,15.0
2017,,Bizkaia,%,12.7
2014,,Bizkaia,%,11.4
2019,,Bizkaia,%,18.1
2015,,Bizkaia,%,14.5
2012,,Bizkaia,%,17.4
2018,,Bizkaia,%,16.2
2020,,Bizkaia,%,13.3
2013,,Bizkaia,%,13.6
2023,,Gipuzkoa,%,17.7
2016,,Gipuzkoa,%,16.7
2021,,Gipuzkoa,%,13.9
2022,,Gipuzkoa,%,15.4
2015,,Gipuzkoa,%,13.9
2014,,Gipuzkoa,%,9.2
2020,,Gipuzkoa,%,21.3
2013,,Gipuzkoa,%,10.5
2018,,Gipuzkoa,%,20.2
2012,,Gipuzkoa,%,15.4
2019,,Gipuzkoa,%,16.5
2017,,Gipuzkoa,%,17.7
2019,Mujer,,%,9.3
2013,Mujer,,%,9.8
2023,Mujer,,%,6.7
2015,Mujer,,%,3.0
2014,Mujer,,%,4.4
2016,Mujer,,%,6.5
2022,Mujer,,%,8.1
2012,Mujer,,%,7.6
2018,Mujer,,%,8.9
2020,Mujer,,%,6.0
2017,Mujer,,%,7.5
2021,Mujer,,%,7.0
2012,Mujer,Araba/Álava,%,6.7
2016,Mujer,Araba/Álava,%,6.6
2013,Mujer,Araba/Álava,%,9.7
2022,Mujer,Araba/Álava,%,6.3
2021,Mujer,Araba/Álava,%,5.4
2020,Mujer,Araba/Álava,%,6.9
2018,Mujer,Araba/Álava,%,9.5
2017,Mujer,Araba/Álava,%,5.4
2014,Mujer,Araba/Álava,%,6.3
2023,Mujer,Araba/Álava,%,6.5
2015,Mujer,Araba/Álava,%,4.2
2019,Mujer,Araba/Álava,%,10.2
2014,Mujer,Bizkaia,%,0.0
2013,Mujer,Bizkaia,%,0.0
2012,Mujer,Bizkaia,%,0.0
2015,Mujer,Bizkaia,%,0.0
2023,Mujer,Bizkaia,%,0.0
2019,Mujer,Bizkaia,%,0.0
2021,Mujer,Bizkaia,%,0.0
2022,Mujer,Bizkaia,%,0.0
2020,Mujer,Bizkaia,%,0.0
2018,Mujer,Bizkaia,%,0.0
2017,Mujer,Bizkaia,%,0.0
2016,Mujer,Bizkaia,%,0.0
2023,Mujer,Gipuzkoa,%,12.5
2022,Mujer,Gipuzkoa,%,16.7
2020,Mujer,Gipuzkoa,%,9.5
2019,Mujer,Gipuzkoa,%,12.5
2018,Mujer,Gipuzkoa,%,11.1
2021,Mujer,Gipuzkoa,%,13.8
2017,Mujer,Gipuzkoa,%,17.2
2016,Mujer,Gipuzkoa,%,10.5
2015,Mujer,Gipuzkoa,%,0.0
2013,Mujer,Gipuzkoa,%,13.9
2012,Mujer,Gipuzkoa,%,13.8
2014,Mujer,Gipuzkoa,%,0.0
2012,Hombre,,%,13.3
2017,Hombre,,%,10.5
2022,Hombre,,%,11.5
2016,Hombre,,%,10.6
2015,Hombre,,%,10.1
2013,Hombre,,%,9.2
2019,Hombre,,%,13.1
2023,Hombre,,%,13.5
2014,Hombre,,%,8.3
2021,Hombre,,%,10.7
2020,Hombre,,%,12.8
2018,Hombre,,%,13.4
2013,Hombre,Araba/Álava,%,6.0
2018,Hombre,Araba/Álava,%,8.4
2023,Hombre,Araba/Álava,%,9.8
2021,Hombre,Araba/Álava,%,8.1
2014,Hombre,Araba/Álava,%,5.3
2022,Hombre,Araba/Álava,%,7.8
2016,Hombre,Araba/Álava,%,6.1
2020,Hombre,Araba/Álava,%,8.2
2017,Hombre,Araba/Álava,%,6.1
2012,Hombre,Araba/Álava,%,9.8
2015,Hombre,Araba/Álava,%,5.7
2019,Hombre,Araba/Álava,%,9.0
2018,Hombre,Bizkaia,%,16.8
2017,Hombre,Bizkaia,%,13.4
2016,Hombre,Bizkaia,%,15.7
2015,Hombre,Bizkaia,%,15.4
2014,Hombre,Bizkaia,%,11.9
2013,Hombre,Bizkaia,%,14.2
2012,Hombre,Bizkaia,%,18.1
2023,Hombre,Bizkaia,%,16.8
2022,Hombre,Bizkaia,%,16.1
2021,Hombre,Bizkaia,%,13.7
2020,Hombre,Bizkaia,%,14.3
2019,Hombre,Bizkaia,%,19.3
2018,Hombre,Gipuzkoa,%,21.1
2017,Hombre,Gipuzkoa,%,17.7
2016,Hombre,Gipuzkoa,%,17.2
2015,Hombre,Gipuzkoa,%,15.0
2014,Hombre,Gipuzkoa,%,10.2
2013,Hombre,Gipuzkoa,%,10.0
2012,Hombre,Gipuzkoa,%,15.6
2023,Hombre,Gipuzkoa,%,18.3
2022,Hombre,Gipuzkoa,%,15.3
2021,Hombre,Gipuzkoa,%,13.9
2020,Hombre,Gipuzkoa,%,22.2
2019,Hombre,Gipuzkoa,%,16.9
