Year,Series,Territorio histórico,Units,Value
2022,Volumen de remesas enviadas al extranjero en proporción al PIB,,Porcentaje,0.5
2015,Volumen de remesas enviadas al extranjero en proporción al PIB,,Porcentaje,0.4
2021,Volumen de remesas enviadas al extranjero en proporción al PIB,,Porcentaje,0.5
2016,Volumen de remesas enviadas al extranjero en proporción al PIB,,Porcentaje,0.4
2019,Volumen de remesas enviadas al extranjero en proporción al PIB,,Porcentaje,0.5
2013,Volumen de remesas enviadas al extranjero en proporción al PIB,,Porcentaje,0.4
2017,Volumen de remesas enviadas al extranjero en proporción al PIB,,Porcentaje,0.4
2018,Volumen de remesas enviadas al extranjero en proporción al PIB,,Porcentaje,0.5
2014,Volumen de remesas enviadas al extranjero en proporción al PIB,,Porcentaje,0.4
2020,Volumen de remesas enviadas al extranjero en proporción al PIB,,Porcentaje,0.5
2013,Tasa de variación interanual del PIB,,Porcentaje,-1.7
2019,Tasa de variación interanual del PIB,,Porcentaje,2.3
2015,Tasa de variación interanual del PIB,,Porcentaje,3.0
2022,Tasa de variación interanual del PIB,,Porcentaje,5.4
2020,Tasa de variación interanual del PIB,,Porcentaje,-9.6
2010,Tasa de variación interanual del PIB,,Porcentaje,0.7
2021,Tasa de variación interanual del PIB,,Porcentaje,6.0
2011,Tasa de variación interanual del PIB,,Porcentaje,0.3
2018,Tasa de variación interanual del PIB,,Porcentaje,3.1
2017,Tasa de variación interanual del PIB,,Porcentaje,2.8
2014,Tasa de variación interanual del PIB,,Porcentaje,1.7
2016,Tasa de variación interanual del PIB,,Porcentaje,3.3
2012,Tasa de variación interanual del PIB,,Porcentaje,-1.9
2019,Tasa de variación interanual del PIB,Araba/Álava,Porcentaje,1.9
2014,Tasa de variación interanual del PIB,Araba/Álava,Porcentaje,2.0
2012,Tasa de variación interanual del PIB,Araba/Álava,Porcentaje,-2.3
2013,Tasa de variación interanual del PIB,Araba/Álava,Porcentaje,-1.7
2010,Tasa de variación interanual del PIB,Araba/Álava,Porcentaje,1.2
2017,Tasa de variación interanual del PIB,Araba/Álava,Porcentaje,2.1
2016,Tasa de variación interanual del PIB,Araba/Álava,Porcentaje,3.1
2021,Tasa de variación interanual del PIB,Araba/Álava,Porcentaje,6.0
2018,Tasa de variación interanual del PIB,Araba/Álava,Porcentaje,2.2
2020,Tasa de variación interanual del PIB,Araba/Álava,Porcentaje,-10.4
2011,Tasa de variación interanual del PIB,Araba/Álava,Porcentaje,0.8
2022,Tasa de variación interanual del PIB,Araba/Álava,Porcentaje,4.3
2015,Tasa de variación interanual del PIB,Araba/Álava,Porcentaje,3.0
2018,Tasa de variación interanual del PIB,Bizkaia,Porcentaje,2.9
2020,Tasa de variación interanual del PIB,Bizkaia,Porcentaje,-9.2
2021,Tasa de variación interanual del PIB,Bizkaia,Porcentaje,6.1
2013,Tasa de variación interanual del PIB,Bizkaia,Porcentaje,-1.5
2012,Tasa de variación interanual del PIB,Bizkaia,Porcentaje,-2.2
2017,Tasa de variación interanual del PIB,Bizkaia,Porcentaje,3.0
2019,Tasa de variación interanual del PIB,Bizkaia,Porcentaje,2.2
2010,Tasa de variación interanual del PIB,Bizkaia,Porcentaje,0.6
2014,Tasa de variación interanual del PIB,Bizkaia,Porcentaje,1.4
2016,Tasa de variación interanual del PIB,Bizkaia,Porcentaje,3.5
2011,Tasa de variación interanual del PIB,Bizkaia,Porcentaje,0.2
2015,Tasa de variación interanual del PIB,Bizkaia,Porcentaje,2.8
2022,Tasa de variación interanual del PIB,Bizkaia,Porcentaje,6.5
2015,Tasa de variación interanual del PIB,Gipuzkoa,Porcentaje,3.4
2013,Tasa de variación interanual del PIB,Gipuzkoa,Porcentaje,-1.9
2012,Tasa de variación interanual del PIB,Gipuzkoa,Porcentaje,-1.3
2010,Tasa de variación interanual del PIB,Gipuzkoa,Porcentaje,0.6
2019,Tasa de variación interanual del PIB,Gipuzkoa,Porcentaje,2.6
2014,Tasa de variación interanual del PIB,Gipuzkoa,Porcentaje,1.7
2011,Tasa de variación interanual del PIB,Gipuzkoa,Porcentaje,0.3
2022,Tasa de variación interanual del PIB,Gipuzkoa,Porcentaje,4.3
2016,Tasa de variación interanual del PIB,Gipuzkoa,Porcentaje,3.3
2021,Tasa de variación interanual del PIB,Gipuzkoa,Porcentaje,6.0
2018,Tasa de variación interanual del PIB,Gipuzkoa,Porcentaje,3.7
2020,Tasa de variación interanual del PIB,Gipuzkoa,Porcentaje,-10.0
2017,Tasa de variación interanual del PIB,Gipuzkoa,Porcentaje,2.8
2018,Tasa de desempleo,,Porcentaje,10.5
2015,Tasa de desempleo,,Porcentaje,15.7
2013,Tasa de desempleo,,Porcentaje,15.1
2014,Tasa de desempleo,,Porcentaje,16.1
2021,Tasa de desempleo,,Porcentaje,10.0
2017,Tasa de desempleo,,Porcentaje,11.6
2016,Tasa de desempleo,,Porcentaje,13.8
2023,Tasa de desempleo,,Porcentaje,7.8
2022,Tasa de desempleo,,Porcentaje,8.6
2010,Tasa de desempleo,,Porcentaje,9.2
2012,Tasa de desempleo,,Porcentaje,11.8
2019,Tasa de desempleo,,Porcentaje,9.8
2020,Tasa de desempleo,,Porcentaje,10.6
2011,Tasa de desempleo,,Porcentaje,10.8
2011,Tasa de desempleo,Araba/Álava,Porcentaje,7.8
2018,Tasa de desempleo,Araba/Álava,Porcentaje,11.2
2010,Tasa de desempleo,Araba/Álava,Porcentaje,10.0
2017,Tasa de desempleo,Araba/Álava,Porcentaje,11.9
2012,Tasa de desempleo,Araba/Álava,Porcentaje,9.4
2013,Tasa de desempleo,Araba/Álava,Porcentaje,15.1
2019,Tasa de desempleo,Araba/Álava,Porcentaje,10.8
2021,Tasa de desempleo,Araba/Álava,Porcentaje,10.6
2023,Tasa de desempleo,Araba/Álava,Porcentaje,7.9
2016,Tasa de desempleo,Araba/Álava,Porcentaje,14.1
2015,Tasa de desempleo,Araba/Álava,Porcentaje,16.3
2022,Tasa de desempleo,Araba/Álava,Porcentaje,9.5
2020,Tasa de desempleo,Araba/Álava,Porcentaje,11.1
2014,Tasa de desempleo,Araba/Álava,Porcentaje,17.1
2019,Tasa de desempleo,Bizkaia,Porcentaje,11.1
2021,Tasa de desempleo,Bizkaia,Porcentaje,11.2
2020,Tasa de desempleo,Bizkaia,Porcentaje,11.9
2018,Tasa de desempleo,Bizkaia,Porcentaje,11.9
2016,Tasa de desempleo,Bizkaia,Porcentaje,15.3
2013,Tasa de desempleo,Bizkaia,Porcentaje,16.7
2011,Tasa de desempleo,Bizkaia,Porcentaje,13.2
2014,Tasa de desempleo,Bizkaia,Porcentaje,17.2
2022,Tasa de desempleo,Bizkaia,Porcentaje,9.3
2010,Tasa de desempleo,Bizkaia,Porcentaje,10.0
2012,Tasa de desempleo,Bizkaia,Porcentaje,14.2
2015,Tasa de desempleo,Bizkaia,Porcentaje,17.0
2017,Tasa de desempleo,Bizkaia,Porcentaje,12.9
2023,Tasa de desempleo,Bizkaia,Porcentaje,8.7
2015,Tasa de desempleo,Gipuzkoa,Porcentaje,13.3
2020,Tasa de desempleo,Gipuzkoa,Porcentaje,8.2
2023,Tasa de desempleo,Gipuzkoa,Porcentaje,6.4
2010,Tasa de desempleo,Gipuzkoa,Porcentaje,7.4
2022,Tasa de desempleo,Gipuzkoa,Porcentaje,7.0
2021,Tasa de desempleo,Gipuzkoa,Porcentaje,8.0
2019,Tasa de desempleo,Gipuzkoa,Porcentaje,7.4
2017,Tasa de desempleo,Gipuzkoa,Porcentaje,9.3
2014,Tasa de desempleo,Gipuzkoa,Porcentaje,13.9
2018,Tasa de desempleo,Gipuzkoa,Porcentaje,8.1
2013,Tasa de desempleo,Gipuzkoa,Porcentaje,12.5
2012,Tasa de desempleo,Gipuzkoa,Porcentaje,8.9
2011,Tasa de desempleo,Gipuzkoa,Porcentaje,8.2
2016,Tasa de desempleo,Gipuzkoa,Porcentaje,11.3
2017,Tasa de variación interanual del índice de precios de consumo,,Porcentaje,2.0
2011,Tasa de variación interanual del índice de precios de consumo,,Porcentaje,3.1
2010,Tasa de variación interanual del índice de precios de consumo,,Porcentaje,1.7
2015,Tasa de variación interanual del índice de precios de consumo,,Porcentaje,-0.3
2014,Tasa de variación interanual del índice de precios de consumo,,Porcentaje,0.2
2023,Tasa de variación interanual del índice de precios de consumo,,Porcentaje,3.6
2020,Tasa de variación interanual del índice de precios de consumo,,Porcentaje,-0.1
2021,Tasa de variación interanual del índice de precios de consumo,,Porcentaje,3.1
2012,Tasa de variación interanual del índice de precios de consumo,,Porcentaje,2.3
2018,Tasa de variación interanual del índice de precios de consumo,,Porcentaje,1.6
2016,Tasa de variación interanual del índice de precios de consumo,,Porcentaje,0.0
2019,Tasa de variación interanual del índice de precios de consumo,,Porcentaje,1.0
2013,Tasa de variación interanual del índice de precios de consumo,,Porcentaje,1.6
2022,Tasa de variación interanual del índice de precios de consumo,,Porcentaje,8.0
2015,Tasa de variación interanual del índice de precios de consumo,Araba/Álava,Porcentaje,-0.2
2018,Tasa de variación interanual del índice de precios de consumo,Araba/Álava,Porcentaje,1.4
2011,Tasa de variación interanual del índice de precios de consumo,Araba/Álava,Porcentaje,3.1
2019,Tasa de variación interanual del índice de precios de consumo,Araba/Álava,Porcentaje,0.9
2014,Tasa de variación interanual del índice de precios de consumo,Araba/Álava,Porcentaje,0.1
2017,Tasa de variación interanual del índice de precios de consumo,Araba/Álava,Porcentaje,2.1
2012,Tasa de variación interanual del índice de precios de consumo,Araba/Álava,Porcentaje,2.1
2022,Tasa de variación interanual del índice de precios de consumo,Araba/Álava,Porcentaje,8.1
2010,Tasa de variación interanual del índice de precios de consumo,Araba/Álava,Porcentaje,1.8
2016,Tasa de variación interanual del índice de precios de consumo,Araba/Álava,Porcentaje,-0.1
2020,Tasa de variación interanual del índice de precios de consumo,Araba/Álava,Porcentaje,-0.3
2023,Tasa de variación interanual del índice de precios de consumo,Araba/Álava,Porcentaje,3.0
2021,Tasa de variación interanual del índice de precios de consumo,Araba/Álava,Porcentaje,3.2
2013,Tasa de variación interanual del índice de precios de consumo,Araba/Álava,Porcentaje,1.3
2021,Tasa de variación interanual del índice de precios de consumo,Bizkaia,Porcentaje,3.1
2022,Tasa de variación interanual del índice de precios de consumo,Bizkaia,Porcentaje,8.3
2020,Tasa de variación interanual del índice de precios de consumo,Bizkaia,Porcentaje,0.0
2023,Tasa de variación interanual del índice de precios de consumo,Bizkaia,Porcentaje,3.6
2010,Tasa de variación interanual del índice de precios de consumo,Bizkaia,Porcentaje,1.8
2016,Tasa de variación interanual del índice de precios de consumo,Bizkaia,Porcentaje,0.1
2019,Tasa de variación interanual del índice de precios de consumo,Bizkaia,Porcentaje,0.9
2012,Tasa de variación interanual del índice de precios de consumo,Bizkaia,Porcentaje,2.4
2014,Tasa de variación interanual del índice de precios de consumo,Bizkaia,Porcentaje,0.2
2018,Tasa de variación interanual del índice de precios de consumo,Bizkaia,Porcentaje,1.6
2015,Tasa de variación interanual del índice de precios de consumo,Bizkaia,Porcentaje,-0.4
2017,Tasa de variación interanual del índice de precios de consumo,Bizkaia,Porcentaje,2.0
2013,Tasa de variación interanual del índice de precios de consumo,Bizkaia,Porcentaje,1.6
2011,Tasa de variación interanual del índice de precios de consumo,Bizkaia,Porcentaje,3.1
2021,Tasa de variación interanual del índice de precios de consumo,Gipuzkoa,Porcentaje,3.1
2020,Tasa de variación interanual del índice de precios de consumo,Gipuzkoa,Porcentaje,-0.2
2023,Tasa de variación interanual del índice de precios de consumo,Gipuzkoa,Porcentaje,3.9
2018,Tasa de variación interanual del índice de precios de consumo,Gipuzkoa,Porcentaje,1.8
2010,Tasa de variación interanual del índice de precios de consumo,Gipuzkoa,Porcentaje,1.5
2013,Tasa de variación interanual del índice de precios de consumo,Gipuzkoa,Porcentaje,1.6
2019,Tasa de variación interanual del índice de precios de consumo,Gipuzkoa,Porcentaje,1.1
2017,Tasa de variación interanual del índice de precios de consumo,Gipuzkoa,Porcentaje,1.9
2022,Tasa de variación interanual del índice de precios de consumo,Gipuzkoa,Porcentaje,7.7
2016,Tasa de variación interanual del índice de precios de consumo,Gipuzkoa,Porcentaje,0.0
2015,Tasa de variación interanual del índice de precios de consumo,Gipuzkoa,Porcentaje,-0.1
2014,Tasa de variación interanual del índice de precios de consumo,Gipuzkoa,Porcentaje,0.2
2012,Tasa de variación interanual del índice de precios de consumo,Gipuzkoa,Porcentaje,2.3
2011,Tasa de variación interanual del índice de precios de consumo,Gipuzkoa,Porcentaje,3.0
2021,Deuda bruta de las administraciones públicas autonómicas según el protocolo de déficit excesivo en proporción al PIB ,,Porcentaje,14.3
2020,Deuda bruta de las administraciones públicas autonómicas según el protocolo de déficit excesivo en proporción al PIB ,,Porcentaje,15.0
2013,Deuda bruta de las administraciones públicas autonómicas según el protocolo de déficit excesivo en proporción al PIB ,,Porcentaje,12.8
2010,Deuda bruta de las administraciones públicas autonómicas según el protocolo de déficit excesivo en proporción al PIB ,,Porcentaje,7.6
2014,Deuda bruta de las administraciones públicas autonómicas según el protocolo de déficit excesivo en proporción al PIB ,,Porcentaje,13.4
2016,Deuda bruta de las administraciones públicas autonómicas según el protocolo de déficit excesivo en proporción al PIB ,,Porcentaje,14.0
2015,Deuda bruta de las administraciones públicas autonómicas según el protocolo de déficit excesivo en proporción al PIB ,,Porcentaje,13.8
2017,Deuda bruta de las administraciones públicas autonómicas según el protocolo de déficit excesivo en proporción al PIB ,,Porcentaje,13.8
2019,Deuda bruta de las administraciones públicas autonómicas según el protocolo de déficit excesivo en proporción al PIB ,,Porcentaje,11.8
2012,Deuda bruta de las administraciones públicas autonómicas según el protocolo de déficit excesivo en proporción al PIB ,,Porcentaje,11.0
2011,Deuda bruta de las administraciones públicas autonómicas según el protocolo de déficit excesivo en proporción al PIB ,,Porcentaje,8.3
2018,Deuda bruta de las administraciones públicas autonómicas según el protocolo de déficit excesivo en proporción al PIB ,,Porcentaje,13.1
2018,Saldo fiscal de las administraciones públicas autonómicas en proporción al PIB ,,Porcentaje,0.7
2017,Saldo fiscal de las administraciones públicas autonómicas en proporción al PIB ,,Porcentaje,1.5
2020,Saldo fiscal de las administraciones públicas autonómicas en proporción al PIB ,,Porcentaje,-1.0
2012,Saldo fiscal de las administraciones públicas autonómicas en proporción al PIB ,,Porcentaje,-1.4
2021,Saldo fiscal de las administraciones públicas autonómicas en proporción al PIB ,,Porcentaje,0.8
2010,Saldo fiscal de las administraciones públicas autonómicas en proporción al PIB ,,Porcentaje,-2.7
2011,Saldo fiscal de las administraciones públicas autonómicas en proporción al PIB ,,Porcentaje,-2.6
2013,Saldo fiscal de las administraciones públicas autonómicas en proporción al PIB ,,Porcentaje,-1.2
2019,Saldo fiscal de las administraciones públicas autonómicas en proporción al PIB ,,Porcentaje,0.5
2014,Saldo fiscal de las administraciones públicas autonómicas en proporción al PIB ,,Porcentaje,-1.0
2015,Saldo fiscal de las administraciones públicas autonómicas en proporción al PIB ,,Porcentaje,-0.6
2016,Saldo fiscal de las administraciones públicas autonómicas en proporción al PIB ,,Porcentaje,-0.6
