Year,Series,Units,Value
2011,Ayuda Oficial al Desarrollo neta de las administraciones públicas autonómicas y locales,Millones de euros,67.21
2014,Ayuda Oficial al Desarrollo neta de las administraciones públicas autonómicas y locales,Millones de euros,49.62
2017,Ayuda Oficial al Desarrollo neta de las administraciones públicas autonómicas y locales,Millones de euros,65.96
2020,Ayuda Oficial al Desarrollo neta de las administraciones públicas autonómicas y locales,Millones de euros,65.98
2010,Ayuda Oficial al Desarrollo neta de las administraciones públicas autonómicas y locales,Millones de euros,70.73
2022,Ayuda Oficial al Desarrollo neta de las administraciones públicas autonómicas y locales,Millones de euros,78.48
2015,Ayuda Oficial al Desarrollo neta de las administraciones públicas autonómicas y locales,Millones de euros,49.43
2016,Ayuda Oficial al Desarrollo neta de las administraciones públicas autonómicas y locales,Millones de euros,52.35
2021,Ayuda Oficial al Desarrollo neta de las administraciones públicas autonómicas y locales,Millones de euros,73.9
2018,Ayuda Oficial al Desarrollo neta de las administraciones públicas autonómicas y locales,Millones de euros,60.66
2012,Ayuda Oficial al Desarrollo neta de las administraciones públicas autonómicas y locales,Millones de euros,61.89
2019,Ayuda Oficial al Desarrollo neta de las administraciones públicas autonómicas y locales,Millones de euros,63.9
2013,Ayuda Oficial al Desarrollo neta de las administraciones públicas autonómicas y locales,Millones de euros,40.98
2010,Ayuda Oficial al Desarrollo neta de las administraciones públicas autonómicas y locales en proporción al PIB,%,0.11
2011,Ayuda Oficial al Desarrollo neta de las administraciones públicas autonómicas y locales en proporción al PIB,%,0.1
2012,Ayuda Oficial al Desarrollo neta de las administraciones públicas autonómicas y locales en proporción al PIB,%,0.09
2013,Ayuda Oficial al Desarrollo neta de las administraciones públicas autonómicas y locales en proporción al PIB,%,0.06
2014,Ayuda Oficial al Desarrollo neta de las administraciones públicas autonómicas y locales en proporción al PIB,%,0.07
2015,Ayuda Oficial al Desarrollo neta de las administraciones públicas autonómicas y locales en proporción al PIB,%,0.07
2016,Ayuda Oficial al Desarrollo neta de las administraciones públicas autonómicas y locales en proporción al PIB,%,0.07
2017,Ayuda Oficial al Desarrollo neta de las administraciones públicas autonómicas y locales en proporción al PIB,%,0.09
2018,Ayuda Oficial al Desarrollo neta de las administraciones públicas autonómicas y locales en proporción al PIB,%,0.08
2019,Ayuda Oficial al Desarrollo neta de las administraciones públicas autonómicas y locales en proporción al PIB,%,0.08
2020,Ayuda Oficial al Desarrollo neta de las administraciones públicas autonómicas y locales en proporción al PIB,%,0.09
2021,Ayuda Oficial al Desarrollo neta de las administraciones públicas autonómicas y locales en proporción al PIB,%,0.09
2022,Ayuda Oficial al Desarrollo neta de las administraciones públicas autonómicas y locales en proporción al PIB,%,0.09
