Year,Sexo,Territorio histórico,Units,Value
2008,,,%,55.4
2014,,,%,76.4
2020,,,%,91.7
2009,,,%,57.7
2022,,,%,94.3
2010,,,%,58.4
2021,,,%,94.0
2015,,,%,80.2
2011,,,%,63.5
2012,,,%,64.3
2016,,,%,83.7
2019,,,%,89.1
2013,,,%,73.8
2017,,,%,84.3
2018,,,%,87.9
2023,,,%,96.3
2016,,Araba/Álava,%,83.9
2019,,Araba/Álava,%,89.2
2009,,Araba/Álava,%,56.2
2017,,Araba/Álava,%,86.4
2014,,Araba/Álava,%,76.4
2015,,Araba/Álava,%,80.9
2023,,Araba/Álava,%,96.6
2008,,Araba/Álava,%,55.3
2013,,Araba/Álava,%,75.4
2020,,Araba/Álava,%,91.1
2010,,Araba/Álava,%,61.8
2022,,Araba/Álava,%,93.7
2018,,Araba/Álava,%,90.5
2012,,Araba/Álava,%,64.5
2011,,Araba/Álava,%,61.2
2021,,Araba/Álava,%,94.2
2011,,Bizkaia,%,62.6
2010,,Bizkaia,%,55.2
2019,,Bizkaia,%,89.7
2021,,Bizkaia,%,94.0
2017,,Bizkaia,%,83.5
2015,,Bizkaia,%,80.2
2018,,Bizkaia,%,87.5
2013,,Bizkaia,%,74.0
2012,,Bizkaia,%,62.1
2009,,Bizkaia,%,57.8
2008,,Bizkaia,%,55.2
2014,,Bizkaia,%,77.2
2022,,Bizkaia,%,94.5
2023,,Bizkaia,%,96.5
2020,,Bizkaia,%,91.4
2016,,Bizkaia,%,84.0
2014,,Gipuzkoa,%,75.1
2010,,Gipuzkoa,%,62.3
2012,,Gipuzkoa,%,67.7
2015,,Gipuzkoa,%,79.8
2011,,Gipuzkoa,%,66.0
2023,,Gipuzkoa,%,96.0
2009,,Gipuzkoa,%,58.2
2018,,Gipuzkoa,%,87.4
2022,,Gipuzkoa,%,94.4
2019,,Gipuzkoa,%,88.2
2017,,Gipuzkoa,%,84.5
2008,,Gipuzkoa,%,55.7
2013,,Gipuzkoa,%,72.8
2020,,Gipuzkoa,%,92.5
2021,,Gipuzkoa,%,93.8
2016,,Gipuzkoa,%,83.0
2009,Mujer,,%,54.9
2010,Mujer,,%,55.7
2013,Mujer,,%,70.2
2016,Mujer,,%,82.7
2017,Mujer,,%,84.0
2015,Mujer,,%,77.3
2021,Mujer,,%,94.6
2008,Mujer,,%,52.4
2023,Mujer,,%,97.0
2011,Mujer,,%,60.5
2018,Mujer,,%,86.6
2012,Mujer,,%,61.1
2022,Mujer,,%,94.8
2014,Mujer,,%,74.4
2020,Mujer,,%,92.1
2019,Mujer,,%,88.6
2021,Mujer,Araba/Álava,%,95.3
2020,Mujer,Araba/Álava,%,92.4
2023,Mujer,Araba/Álava,%,97.6
2018,Mujer,Araba/Álava,%,88.9
2009,Mujer,Araba/Álava,%,54.0
2010,Mujer,Araba/Álava,%,60.8
2013,Mujer,Araba/Álava,%,72.9
2015,Mujer,Araba/Álava,%,77.6
2017,Mujer,Araba/Álava,%,86.9
2014,Mujer,Araba/Álava,%,75.0
2011,Mujer,Araba/Álava,%,60.2
2008,Mujer,Araba/Álava,%,53.1
2016,Mujer,Araba/Álava,%,81.8
2012,Mujer,Araba/Álava,%,62.5
2022,Mujer,Araba/Álava,%,92.5
2019,Mujer,Araba/Álava,%,89.2
2020,Mujer,Bizkaia,%,91.6
2023,Mujer,Bizkaia,%,96.7
2021,Mujer,Bizkaia,%,94.5
2019,Mujer,Bizkaia,%,88.2
2015,Mujer,Bizkaia,%,76.7
2010,Mujer,Bizkaia,%,52.4
2013,Mujer,Bizkaia,%,69.6
2012,Mujer,Bizkaia,%,59.1
2011,Mujer,Bizkaia,%,57.9
2009,Mujer,Bizkaia,%,54.4
2008,Mujer,Bizkaia,%,51.7
2017,Mujer,Bizkaia,%,83.1
2016,Mujer,Bizkaia,%,83.1
2014,Mujer,Bizkaia,%,75.3
2018,Mujer,Bizkaia,%,85.5
2022,Mujer,Bizkaia,%,94.9
2023,Mujer,Gipuzkoa,%,97.2
2020,Mujer,Gipuzkoa,%,92.7
2019,Mujer,Gipuzkoa,%,89.1
2017,Mujer,Gipuzkoa,%,84.3
2016,Mujer,Gipuzkoa,%,82.5
2015,Mujer,Gipuzkoa,%,78.1
2014,Mujer,Gipuzkoa,%,72.7
2013,Mujer,Gipuzkoa,%,70.1
2012,Mujer,Gipuzkoa,%,63.8
2011,Mujer,Gipuzkoa,%,64.9
2010,Mujer,Gipuzkoa,%,59.0
2009,Mujer,Gipuzkoa,%,56.2
2008,Mujer,Gipuzkoa,%,53.4
2022,Mujer,Gipuzkoa,%,95.9
2018,Mujer,Gipuzkoa,%,87.5
2021,Mujer,Gipuzkoa,%,94.4
2019,Hombre,,%,89.6
2012,Hombre,,%,67.5
2023,Hombre,,%,95.7
2020,Hombre,,%,91.3
2018,Hombre,,%,89.2
2010,Hombre,,%,61.2
2017,Hombre,,%,84.5
2008,Hombre,,%,58.3
2016,Hombre,,%,84.6
2009,Hombre,,%,60.5
2014,Hombre,,%,78.4
2015,Hombre,,%,83.1
2011,Hombre,,%,66.5
2022,Hombre,,%,93.8
2013,Hombre,,%,77.4
2021,Hombre,,%,93.4
2022,Hombre,Araba/Álava,%,95.0
2014,Hombre,Araba/Álava,%,77.8
2021,Hombre,Araba/Álava,%,93.0
2023,Hombre,Araba/Álava,%,95.5
2010,Hombre,Araba/Álava,%,62.9
2013,Hombre,Araba/Álava,%,77.9
2009,Hombre,Araba/Álava,%,58.4
2017,Hombre,Araba/Álava,%,85.9
2012,Hombre,Araba/Álava,%,66.5
2016,Hombre,Araba/Álava,%,86.0
2008,Hombre,Araba/Álava,%,57.5
2018,Hombre,Araba/Álava,%,92.2
2011,Hombre,Araba/Álava,%,62.1
2019,Hombre,Araba/Álava,%,89.2
2015,Hombre,Araba/Álava,%,84.2
2020,Hombre,Araba/Álava,%,89.8
2023,Hombre,Bizkaia,%,96.3
2022,Hombre,Bizkaia,%,94.1
2021,Hombre,Bizkaia,%,93.6
2020,Hombre,Bizkaia,%,91.2
2019,Hombre,Bizkaia,%,91.3
2018,Hombre,Bizkaia,%,89.6
2014,Hombre,Bizkaia,%,79.1
2017,Hombre,Bizkaia,%,83.9
2016,Hombre,Bizkaia,%,85.0
2015,Hombre,Bizkaia,%,83.8
2013,Hombre,Bizkaia,%,78.5
2012,Hombre,Bizkaia,%,65.3
2011,Hombre,Bizkaia,%,67.3
2010,Hombre,Bizkaia,%,58.1
2009,Hombre,Bizkaia,%,61.2
2008,Hombre,Bizkaia,%,58.8
2014,Hombre,Gipuzkoa,%,77.5
2009,Hombre,Gipuzkoa,%,60.1
2013,Hombre,Gipuzkoa,%,75.4
2012,Hombre,Gipuzkoa,%,71.6
2011,Hombre,Gipuzkoa,%,67.2
2010,Hombre,Gipuzkoa,%,65.4
2023,Hombre,Gipuzkoa,%,94.8
2022,Hombre,Gipuzkoa,%,92.9
2021,Hombre,Gipuzkoa,%,93.2
2020,Hombre,Gipuzkoa,%,92.3
2019,Hombre,Gipuzkoa,%,87.2
2018,Hombre,Gipuzkoa,%,87.3
2008,Hombre,Gipuzkoa,%,57.9
2017,Hombre,Gipuzkoa,%,84.8
2016,Hombre,Gipuzkoa,%,83.4
2015,Hombre,Gipuzkoa,%,81.5
