Year,Series,Units,Value
2014,Proporción de superficie agrícola que ha alcanzado un nivel aceptable o deseable de valor de producción agrícola por hectárea,Porcentaje,27.73
2015,Proporción de superficie agrícola que ha alcanzado un nivel aceptable o deseable de valor de producción agrícola por hectárea,Porcentaje,30.21
2016,Proporción de superficie agrícola que ha alcanzado un nivel aceptable o deseable de valor de producción agrícola por hectárea,Porcentaje,20.46
2017,Proporción de superficie agrícola que ha alcanzado un nivel aceptable o deseable de valor de producción agrícola por hectárea,Porcentaje,24.62
2018,Proporción de superficie agrícola que ha alcanzado un nivel aceptable o deseable de valor de producción agrícola por hectárea,Porcentaje,23.52
2019,Proporción de superficie agrícola que ha alcanzado un nivel aceptable o deseable de valor de producción agrícola por hectárea,Porcentaje,28.37
2020,Proporción de superficie agrícola que ha alcanzado un nivel aceptable o deseable de valor de producción agrícola por hectárea,Porcentaje,18.38
2021,Proporción de superficie agrícola que ha alcanzado un nivel aceptable o deseable de valor de producción agrícola por hectárea,Porcentaje,16.8
2022,Proporción de superficie agrícola que ha alcanzado un nivel aceptable o deseable de valor de producción agrícola por hectárea,Porcentaje,16.86
2016,Proporción de la superficie de tierras agrícolas que ha alcanzado un nivel aceptable o deseable de ingresos agrícolas netos,Porcentaje,98.77
2017,Proporción de la superficie de tierras agrícolas que ha alcanzado un nivel aceptable o deseable de ingresos agrícolas netos,Porcentaje,97.65
2018,Proporción de la superficie de tierras agrícolas que ha alcanzado un nivel aceptable o deseable de ingresos agrícolas netos,Porcentaje,99.13
2019,Proporción de la superficie de tierras agrícolas que ha alcanzado un nivel aceptable o deseable de ingresos agrícolas netos,Porcentaje,99.91
2020,Proporción de la superficie de tierras agrícolas que ha alcanzado un nivel aceptable o deseable de ingresos agrícolas netos,Porcentaje,99.83
2021,Proporción de la superficie de tierras agrícolas que ha alcanzado un nivel aceptable o deseable de ingresos agrícolas netos,Porcentaje,99.39
2022,Proporción de la superficie de tierras agrícolas que ha alcanzado un nivel aceptable o deseable de ingresos agrícolas netos,Porcentaje,97.79
2022,Índice de salarios agrarios,Índice,100.0
2023,Índice de salarios agrarios,Índice,100.15
