Year,Series,Actividad económica,Units,Value
2017,EU_sdg_02_60_KG_PER_HA,,Kg por hectárea,19.2
2021,EU_sdg_02_60_KG_PER_HA,,Kg por hectárea,18.1
2010,EU_sdg_02_60_KG_PER_HA,,Kg por hectárea,19.6
2020,EU_sdg_02_60_KG_PER_HA,,Kg por hectárea,18.5
2015,EU_sdg_02_60_KG_PER_HA,,Kg por hectárea,19.1
2019,EU_sdg_02_60_KG_PER_HA,,Kg por hectárea,18.4
2018,EU_sdg_02_60_KG_PER_HA,,Kg por hectárea,18.2
2016,EU_sdg_02_60_KG_PER_HA,,Kg por hectárea,19.2
2014,EU_sdg_02_60_KG_PER_HA,,Kg por hectárea,19.3
2013,EU_sdg_02_60_KG_PER_HA,,Kg por hectárea,18.6
2011,EU_sdg_02_60_KG_PER_HA,,Kg por hectárea,18.6
2012,EU_sdg_02_60_KG_PER_HA,,Kg por hectárea,19.2
2017,EU_sdg_02_60_KG_PER_HA,Agricultura,Kg por hectárea,40.2
2016,EU_sdg_02_60_KG_PER_HA,Agricultura,Kg por hectárea,39.4
2010,EU_sdg_02_60_KG_PER_HA,Agricultura,Kg por hectárea,38.1
2015,EU_sdg_02_60_KG_PER_HA,Agricultura,Kg por hectárea,38.7
2012,EU_sdg_02_60_KG_PER_HA,Agricultura,Kg por hectárea,38.3
2021,EU_sdg_02_60_KG_PER_HA,Agricultura,Kg por hectárea,35.2
2011,EU_sdg_02_60_KG_PER_HA,Agricultura,Kg por hectárea,36.3
2014,EU_sdg_02_60_KG_PER_HA,Agricultura,Kg por hectárea,38.9
2018,EU_sdg_02_60_KG_PER_HA,Agricultura,Kg por hectárea,37.0
2020,EU_sdg_02_60_KG_PER_HA,Agricultura,Kg por hectárea,36.1
2019,EU_sdg_02_60_KG_PER_HA,Agricultura,Kg por hectárea,37.0
2013,EU_sdg_02_60_KG_PER_HA,Agricultura,Kg por hectárea,39.1
2013,EU_sdg_02_60_KG_PER_HA,Ganadería,Kg por hectárea,6.6
2012,EU_sdg_02_60_KG_PER_HA,Ganadería,Kg por hectárea,8.0
2010,EU_sdg_02_60_KG_PER_HA,Ganadería,Kg por hectárea,8.6
2017,EU_sdg_02_60_KG_PER_HA,Ganadería,Kg por hectárea,6.9
2021,EU_sdg_02_60_KG_PER_HA,Ganadería,Kg por hectárea,7.3
2020,EU_sdg_02_60_KG_PER_HA,Ganadería,Kg por hectárea,7.5
2018,EU_sdg_02_60_KG_PER_HA,Ganadería,Kg por hectárea,7.1
2016,EU_sdg_02_60_KG_PER_HA,Ganadería,Kg por hectárea,7.1
2011,EU_sdg_02_60_KG_PER_HA,Ganadería,Kg por hectárea,8.3
2014,EU_sdg_02_60_KG_PER_HA,Ganadería,Kg por hectárea,7.7
2015,EU_sdg_02_60_KG_PER_HA,Ganadería,Kg por hectárea,7.5
2019,EU_sdg_02_60_KG_PER_HA,Ganadería,Kg por hectárea,6.9
2010,EU_sdg_02_60_KT,,Kilotoneladas,4.3
2015,EU_sdg_02_60_KT,,Kilotoneladas,4.2
2016,EU_sdg_02_60_KT,,Kilotoneladas,4.2
2017,EU_sdg_02_60_KT,,Kilotoneladas,4.3
2012,EU_sdg_02_60_KT,,Kilotoneladas,4.2
2018,EU_sdg_02_60_KT,,Kilotoneladas,4.0
2021,EU_sdg_02_60_KT,,Kilotoneladas,4.0
2013,EU_sdg_02_60_KT,,Kilotoneladas,4.1
2014,EU_sdg_02_60_KT,,Kilotoneladas,4.3
2011,EU_sdg_02_60_KT,,Kilotoneladas,4.1
2019,EU_sdg_02_60_KT,,Kilotoneladas,4.1
2020,EU_sdg_02_60_KT,,Kilotoneladas,4.1
2017,EU_sdg_02_60_KT,Agricultura,Kilotoneladas,3.3
2015,EU_sdg_02_60_KT,Agricultura,Kilotoneladas,3.2
2014,EU_sdg_02_60_KT,Agricultura,Kilotoneladas,3.2
2012,EU_sdg_02_60_KT,Agricultura,Kilotoneladas,3.1
2011,EU_sdg_02_60_KT,Agricultura,Kilotoneladas,3.0
2010,EU_sdg_02_60_KT,Agricultura,Kilotoneladas,3.1
2016,EU_sdg_02_60_KT,Agricultura,Kilotoneladas,3.3
2020,EU_sdg_02_60_KT,Agricultura,Kilotoneladas,3.1
2013,EU_sdg_02_60_KT,Agricultura,Kilotoneladas,3.2
2021,EU_sdg_02_60_KT,Agricultura,Kilotoneladas,3.0
2019,EU_sdg_02_60_KT,Agricultura,Kilotoneladas,3.1
2018,EU_sdg_02_60_KT,Agricultura,Kilotoneladas,3.0
2018,EU_sdg_02_60_KT,Ganadería,Kilotoneladas,1.0
2014,EU_sdg_02_60_KT,Ganadería,Kilotoneladas,1.1
2011,EU_sdg_02_60_KT,Ganadería,Kilotoneladas,1.2
2016,EU_sdg_02_60_KT,Ganadería,Kilotoneladas,1.0
2012,EU_sdg_02_60_KT,Ganadería,Kilotoneladas,1.1
2010,EU_sdg_02_60_KT,Ganadería,Kilotoneladas,1.2
2013,EU_sdg_02_60_KT,Ganadería,Kilotoneladas,0.9
2021,EU_sdg_02_60_KT,Ganadería,Kilotoneladas,1.0
2015,EU_sdg_02_60_KT,Ganadería,Kilotoneladas,1.0
2020,EU_sdg_02_60_KT,Ganadería,Kilotoneladas,1.0
2019,EU_sdg_02_60_KT,Ganadería,Kilotoneladas,0.9
2017,EU_sdg_02_60_KT,Ganadería,Kilotoneladas,1.0
