Year,Territorio,Comarca,Municipio,Units,GeoCode,Value
2010,Araba/Álava,,,Porcentaje,Araba/Álava,1.1
2011,Araba/Álava,,,Porcentaje,Araba/Álava,1.0
2012,Araba/Álava,,,Porcentaje,Araba/Álava,1.1
2013,Araba/Álava,,,Porcentaje,Araba/Álava,1.0
2014,Araba/Álava,,,Porcentaje,Araba/Álava,1.4
2015,Araba/Álava,,,Porcentaje,Araba/Álava,1.5
2016,Araba/Álava,,,Porcentaje,Araba/Álava,1.5
2017,Araba/Álava,,,Porcentaje,Araba/Álava,1.5
2018,Araba/Álava,,,Porcentaje,Araba/Álava,1.6
2019,Araba/Álava,,,Porcentaje,Araba/Álava,1.4
2020,Araba/Álava,,,Porcentaje,Araba/Álava,1.2
2021,Araba/Álava,,,Porcentaje,Araba/Álava,1.4
2022,Araba/Álava,,,Porcentaje,Araba/Álava,1.4
2014,,,Alegría-Dulantzi,Porcentaje,Alegría-Dulantzi,2.5
2015,,,Alegría-Dulantzi,Porcentaje,Alegría-Dulantzi,3.6
2016,,,Alegría-Dulantzi,Porcentaje,Alegría-Dulantzi,3.4
2017,,,Alegría-Dulantzi,Porcentaje,Alegría-Dulantzi,4.1
2018,,,Alegría-Dulantzi,Porcentaje,Alegría-Dulantzi,4.0
2019,,,Alegría-Dulantzi,Porcentaje,Alegría-Dulantzi,3.5
2020,,,Alegría-Dulantzi,Porcentaje,Alegría-Dulantzi,3.2
2014,,,Amurrio,Porcentaje,Amurrio,1.5
2015,,,Amurrio,Porcentaje,Amurrio,1.3
2016,,,Amurrio,Porcentaje,Amurrio,1.2
2017,,,Amurrio,Porcentaje,Amurrio,1.3
2018,,,Amurrio,Porcentaje,Amurrio,1.2
2019,,,Amurrio,Porcentaje,Amurrio,0.9
2020,,,Amurrio,Porcentaje,Amurrio,1.0
2014,,,Aramaio,Porcentaje,Aramaio,17.4
2015,,,Aramaio,Porcentaje,Aramaio,15.9
2016,,,Aramaio,Porcentaje,Aramaio,14.4
2017,,,Aramaio,Porcentaje,Aramaio,16.4
2018,,,Aramaio,Porcentaje,Aramaio,16.5
2019,,,Aramaio,Porcentaje,Aramaio,13.8
2020,,,Aramaio,Porcentaje,Aramaio,12.5
2014,,,Artziniega,Porcentaje,Artziniega,2.9
2015,,,Artziniega,Porcentaje,Artziniega,2.2
2016,,,Artziniega,Porcentaje,Artziniega,2.1
2017,,,Artziniega,Porcentaje,Artziniega,2.4
2018,,,Artziniega,Porcentaje,Artziniega,2.7
2019,,,Artziniega,Porcentaje,Artziniega,2.0
2020,,,Artziniega,Porcentaje,Artziniega,1.7
2014,,,Armiñón,Porcentaje,Armiñón,6.6
2015,,,Armiñón,Porcentaje,Armiñón,7.3
2016,,,Armiñón,Porcentaje,Armiñón,9.2
2017,,,Armiñón,Porcentaje,Armiñón,7.4
2018,,,Armiñón,Porcentaje,Armiñón,7.2
2019,,,Armiñón,Porcentaje,Armiñón,8.1
2020,,,Armiñón,Porcentaje,Armiñón,9.6
2014,,,Arratzua-Ubarrundia,Porcentaje,Arratzua-Ubarrundia,10.7
2015,,,Arratzua-Ubarrundia,Porcentaje,Arratzua-Ubarrundia,9.3
2016,,,Arratzua-Ubarrundia,Porcentaje,Arratzua-Ubarrundia,9.0
2017,,,Arratzua-Ubarrundia,Porcentaje,Arratzua-Ubarrundia,8.8
2018,,,Arratzua-Ubarrundia,Porcentaje,Arratzua-Ubarrundia,7.5
2019,,,Arratzua-Ubarrundia,Porcentaje,Arratzua-Ubarrundia,6.8
2020,,,Arratzua-Ubarrundia,Porcentaje,Arratzua-Ubarrundia,6.4
2014,,,Asparrena,Porcentaje,Asparrena,3.5
2015,,,Asparrena,Porcentaje,Asparrena,3.1
2016,,,Asparrena,Porcentaje,Asparrena,2.4
2017,,,Asparrena,Porcentaje,Asparrena,1.7
2018,,,Asparrena,Porcentaje,Asparrena,1.5
2019,,,Asparrena,Porcentaje,Asparrena,1.3
2020,,,Asparrena,Porcentaje,Asparrena,1.7
2014,,Añana (comarca),,Porcentaje,Añana (comarca),8.1
2015,,Añana (comarca),,Porcentaje,Añana (comarca),7.4
2016,,Añana (comarca),,Porcentaje,Añana (comarca),7.1
2017,,Añana (comarca),,Porcentaje,Añana (comarca),6.7
2018,,Añana (comarca),,Porcentaje,Añana (comarca),7.0
2019,,Añana (comarca),,Porcentaje,Añana (comarca),6.5
2020,,Añana (comarca),,Porcentaje,Añana (comarca),6.3
2014,,,Ayala/Aiara,Porcentaje,Ayala/Aiara,11.9
2015,,,Ayala/Aiara,Porcentaje,Ayala/Aiara,9.2
2016,,,Ayala/Aiara,Porcentaje,Ayala/Aiara,7.9
2017,,,Ayala/Aiara,Porcentaje,Ayala/Aiara,8.4
2018,,,Ayala/Aiara,Porcentaje,Ayala/Aiara,7.8
2019,,,Ayala/Aiara,Porcentaje,Ayala/Aiara,6.1
2020,,,Ayala/Aiara,Porcentaje,Ayala/Aiara,6.0
2014,,,Baños de Ebro/Mañueta,Porcentaje,Baños de Ebro/Mañueta,26.6
2015,,,Baños de Ebro/Mañueta,Porcentaje,Baños de Ebro/Mañueta,32.6
2016,,,Baños de Ebro/Mañueta,Porcentaje,Baños de Ebro/Mañueta,34.2
2017,,,Baños de Ebro/Mañueta,Porcentaje,Baños de Ebro/Mañueta,34.5
2018,,,Baños de Ebro/Mañueta,Porcentaje,Baños de Ebro/Mañueta,37.1
2019,,,Baños de Ebro/Mañueta,Porcentaje,Baños de Ebro/Mañueta,35.7
2020,,,Baños de Ebro/Mañueta,Porcentaje,Baños de Ebro/Mañueta,39.7
2014,,,Barrundia,Porcentaje,Barrundia,30.9
2015,,,Barrundia,Porcentaje,Barrundia,25.8
2016,,,Barrundia,Porcentaje,Barrundia,27.3
2017,,,Barrundia,Porcentaje,Barrundia,28.2
2018,,,Barrundia,Porcentaje,Barrundia,27.5
2019,,,Barrundia,Porcentaje,Barrundia,26.6
2020,,,Barrundia,Porcentaje,Barrundia,26.7
2014,,,Berantevilla,Porcentaje,Berantevilla,4.1
2015,,,Berantevilla,Porcentaje,Berantevilla,6.0
2016,,,Berantevilla,Porcentaje,Berantevilla,4.9
2017,,,Berantevilla,Porcentaje,Berantevilla,4.0
2018,,,Berantevilla,Porcentaje,Berantevilla,4.4
2019,,,Berantevilla,Porcentaje,Berantevilla,3.9
2020,,,Berantevilla,Porcentaje,Berantevilla,4.4
2014,,,Bernedo,Porcentaje,Bernedo,7.5
2015,,,Bernedo,Porcentaje,Bernedo,7.8
2016,,,Bernedo,Porcentaje,Bernedo,7.6
2017,,,Bernedo,Porcentaje,Bernedo,7.5
2018,,,Bernedo,Porcentaje,Bernedo,7.4
2019,,,Bernedo,Porcentaje,Bernedo,7.0
2020,,,Bernedo,Porcentaje,Bernedo,5.6
2014,,,Campezo/Kanpezu,Porcentaje,Campezo/Kanpezu,11.5
2015,,,Campezo/Kanpezu,Porcentaje,Campezo/Kanpezu,12.9
2016,,,Campezo/Kanpezu,Porcentaje,Campezo/Kanpezu,13.1
2017,,,Campezo/Kanpezu,Porcentaje,Campezo/Kanpezu,11.3
2018,,,Campezo/Kanpezu,Porcentaje,Campezo/Kanpezu,12.6
2019,,,Campezo/Kanpezu,Porcentaje,Campezo/Kanpezu,11.3
2020,,,Campezo/Kanpezu,Porcentaje,Campezo/Kanpezu,9.7
2014,,,Zigoitia,Porcentaje,Zigoitia,4.4
2015,,,Zigoitia,Porcentaje,Zigoitia,2.7
2016,,,Zigoitia,Porcentaje,Zigoitia,2.9
2017,,,Zigoitia,Porcentaje,Zigoitia,3.4
2018,,,Zigoitia,Porcentaje,Zigoitia,3.5
2019,,,Zigoitia,Porcentaje,Zigoitia,2.8
2020,,,Zigoitia,Porcentaje,Zigoitia,3.2
2014,,,Kripan,Porcentaje,Kripan,45.8
2015,,,Kripan,Porcentaje,Kripan,59.0
2016,,,Kripan,Porcentaje,Kripan,60.7
2017,,,Kripan,Porcentaje,Kripan,59.9
2018,,,Kripan,Porcentaje,Kripan,63.8
2019,,,Kripan,Porcentaje,Kripan,60.2
2020,,,Kripan,Porcentaje,Kripan,58.9
2014,,Arabako Lautada / Llanada Alavesa,,Porcentaje,Arabako Lautada / Llanada Alavesa,0.5
2015,,Arabako Lautada / Llanada Alavesa,,Porcentaje,Arabako Lautada / Llanada Alavesa,0.6
2016,,Arabako Lautada / Llanada Alavesa,,Porcentaje,Arabako Lautada / Llanada Alavesa,0.5
2017,,Arabako Lautada / Llanada Alavesa,,Porcentaje,Arabako Lautada / Llanada Alavesa,0.5
2018,,Arabako Lautada / Llanada Alavesa,,Porcentaje,Arabako Lautada / Llanada Alavesa,0.5
2019,,Arabako Lautada / Llanada Alavesa,,Porcentaje,Arabako Lautada / Llanada Alavesa,0.4
2020,,Arabako Lautada / Llanada Alavesa,,Porcentaje,Arabako Lautada / Llanada Alavesa,0.4
2014,,,Kuartango,Porcentaje,Kuartango,41.3
2015,,,Kuartango,Porcentaje,Kuartango,29.5
2016,,,Kuartango,Porcentaje,Kuartango,32.8
2017,,,Kuartango,Porcentaje,Kuartango,33.0
2018,,,Kuartango,Porcentaje,Kuartango,37.3
2019,,,Kuartango,Porcentaje,Kuartango,35.4
2020,,,Kuartango,Porcentaje,Kuartango,33.3
2014,,,Elburgo/Burgelu,Porcentaje,Elburgo/Burgelu,17.0
2015,,,Elburgo/Burgelu,Porcentaje,Elburgo/Burgelu,25.6
2016,,,Elburgo/Burgelu,Porcentaje,Elburgo/Burgelu,20.2
2017,,,Elburgo/Burgelu,Porcentaje,Elburgo/Burgelu,17.3
2018,,,Elburgo/Burgelu,Porcentaje,Elburgo/Burgelu,17.3
2019,,,Elburgo/Burgelu,Porcentaje,Elburgo/Burgelu,18.1
2020,,,Elburgo/Burgelu,Porcentaje,Elburgo/Burgelu,18.9
2014,,,Elciego,Porcentaje,Elciego,9.8
2015,,,Elciego,Porcentaje,Elciego,13.3
2016,,,Elciego,Porcentaje,Elciego,13.8
2017,,,Elciego,Porcentaje,Elciego,12.6
2018,,,Elciego,Porcentaje,Elciego,14.1
2019,,,Elciego,Porcentaje,Elciego,12.5
2020,,,Elciego,Porcentaje,Elciego,12.3
2014,,,Elvillar/Bilar,Porcentaje,Elvillar/Bilar,25.5
2015,,,Elvillar/Bilar,Porcentaje,Elvillar/Bilar,33.6
2016,,,Elvillar/Bilar,Porcentaje,Elvillar/Bilar,39.7
2017,,,Elvillar/Bilar,Porcentaje,Elvillar/Bilar,43.1
2018,,,Elvillar/Bilar,Porcentaje,Elvillar/Bilar,50.6
2019,,,Elvillar/Bilar,Porcentaje,Elvillar/Bilar,48.9
2020,,,Elvillar/Bilar,Porcentaje,Elvillar/Bilar,53.4
2014,,,Iruraiz-Gauna,Porcentaje,Iruraiz-Gauna,35.9
2015,,,Iruraiz-Gauna,Porcentaje,Iruraiz-Gauna,44.1
2016,,,Iruraiz-Gauna,Porcentaje,Iruraiz-Gauna,37.2
2017,,,Iruraiz-Gauna,Porcentaje,Iruraiz-Gauna,34.5
2018,,,Iruraiz-Gauna,Porcentaje,Iruraiz-Gauna,33.5
2019,,,Iruraiz-Gauna,Porcentaje,Iruraiz-Gauna,36.5
2020,,,Iruraiz-Gauna,Porcentaje,Iruraiz-Gauna,35.3
2014,,,Labastida/Bastida,Porcentaje,Labastida/Bastida,8.2
2015,,,Labastida/Bastida,Porcentaje,Labastida/Bastida,10.8
2016,,,Labastida/Bastida,Porcentaje,Labastida/Bastida,8.9
2017,,,Labastida/Bastida,Porcentaje,Labastida/Bastida,8.6
2018,,,Labastida/Bastida,Porcentaje,Labastida/Bastida,9.8
2019,,,Labastida/Bastida,Porcentaje,Labastida/Bastida,8.2
2020,,,Labastida/Bastida,Porcentaje,Labastida/Bastida,6.8
2014,,Arabako Mendialdea / Montaña Alavesa,,Porcentaje,Arabako Mendialdea / Montaña Alavesa,12.0
2015,,Arabako Mendialdea / Montaña Alavesa,,Porcentaje,Arabako Mendialdea / Montaña Alavesa,12.2
2016,,Arabako Mendialdea / Montaña Alavesa,,Porcentaje,Arabako Mendialdea / Montaña Alavesa,12.6
2017,,Arabako Mendialdea / Montaña Alavesa,,Porcentaje,Arabako Mendialdea / Montaña Alavesa,12.0
2018,,Arabako Mendialdea / Montaña Alavesa,,Porcentaje,Arabako Mendialdea / Montaña Alavesa,12.4
2019,,Arabako Mendialdea / Montaña Alavesa,,Porcentaje,Arabako Mendialdea / Montaña Alavesa,11.4
2020,,Arabako Mendialdea / Montaña Alavesa,,Porcentaje,Arabako Mendialdea / Montaña Alavesa,10.0
2014,,,Lagrán,Porcentaje,Lagrán,18.9
2015,,,Lagrán,Porcentaje,Lagrán,24.0
2016,,,Lagrán,Porcentaje,Lagrán,21.5
2017,,,Lagrán,Porcentaje,Lagrán,17.9
2018,,,Lagrán,Porcentaje,Lagrán,22.0
2019,,,Lagrán,Porcentaje,Lagrán,18.9
2020,,,Lagrán,Porcentaje,Lagrán,22.1
2014,,,Laguardia,Porcentaje,Laguardia,8.3
2015,,,Laguardia,Porcentaje,Laguardia,9.3
2016,,,Laguardia,Porcentaje,Laguardia,10.4
2017,,,Laguardia,Porcentaje,Laguardia,9.8
2018,,,Laguardia,Porcentaje,Laguardia,11.2
2019,,,Laguardia,Porcentaje,Laguardia,9.0
2020,,,Laguardia,Porcentaje,Laguardia,8.6
2014,,,Lanciego/Lantziego,Porcentaje,Lanciego/Lantziego,13.0
2015,,,Lanciego/Lantziego,Porcentaje,Lanciego/Lantziego,17.7
2016,,,Lanciego/Lantziego,Porcentaje,Lanciego/Lantziego,17.3
2017,,,Lanciego/Lantziego,Porcentaje,Lanciego/Lantziego,17.4
2018,,,Lanciego/Lantziego,Porcentaje,Lanciego/Lantziego,18.9
2019,,,Lanciego/Lantziego,Porcentaje,Lanciego/Lantziego,16.3
2020,,,Lanciego/Lantziego,Porcentaje,Lanciego/Lantziego,12.9
2014,,,Lapuebla de Labarca,Porcentaje,Lapuebla de Labarca,1.8
2015,,,Lapuebla de Labarca,Porcentaje,Lapuebla de Labarca,2.5
2016,,,Lapuebla de Labarca,Porcentaje,Lapuebla de Labarca,3.0
2017,,,Lapuebla de Labarca,Porcentaje,Lapuebla de Labarca,3.7
2018,,,Lapuebla de Labarca,Porcentaje,Lapuebla de Labarca,4.8
2019,,,Lapuebla de Labarca,Porcentaje,Lapuebla de Labarca,5.6
2020,,,Lapuebla de Labarca,Porcentaje,Lapuebla de Labarca,5.8
2014,,,Leza,Porcentaje,Leza,23.4
2015,,,Leza,Porcentaje,Leza,29.8
2016,,,Leza,Porcentaje,Leza,32.1
2017,,,Leza,Porcentaje,Leza,29.1
2018,,,Leza,Porcentaje,Leza,48.6
2019,,,Leza,Porcentaje,Leza,44.3
2020,,,Leza,Porcentaje,Leza,37.5
2014,,,Laudio/Llodio,Porcentaje,Laudio/Llodio,0.3
2015,,,Laudio/Llodio,Porcentaje,Laudio/Llodio,0.3
2016,,,Laudio/Llodio,Porcentaje,Laudio/Llodio,0.3
2017,,,Laudio/Llodio,Porcentaje,Laudio/Llodio,0.3
2018,,,Laudio/Llodio,Porcentaje,Laudio/Llodio,0.3
2019,,,Laudio/Llodio,Porcentaje,Laudio/Llodio,0.2
2020,,,Laudio/Llodio,Porcentaje,Laudio/Llodio,0.2
2014,,,Arraia-Maeztu,Porcentaje,Arraia-Maeztu,12.6
2015,,,Arraia-Maeztu,Porcentaje,Arraia-Maeztu,11.0
2016,,,Arraia-Maeztu,Porcentaje,Arraia-Maeztu,12.7
2017,,,Arraia-Maeztu,Porcentaje,Arraia-Maeztu,13.4
2018,,,Arraia-Maeztu,Porcentaje,Arraia-Maeztu,13.4
2019,,,Arraia-Maeztu,Porcentaje,Arraia-Maeztu,12.2
2020,,,Arraia-Maeztu,Porcentaje,Arraia-Maeztu,12.0
2014,,,Moreda de Álava/Moreda Araba,Porcentaje,Moreda de Álava/Moreda Araba,34.0
2015,,,Moreda de Álava/Moreda Araba,Porcentaje,Moreda de Álava/Moreda Araba,31.2
2016,,,Moreda de Álava/Moreda Araba,Porcentaje,Moreda de Álava/Moreda Araba,38.6
2017,,,Moreda de Álava/Moreda Araba,Porcentaje,Moreda de Álava/Moreda Araba,36.7
2018,,,Moreda de Álava/Moreda Araba,Porcentaje,Moreda de Álava/Moreda Araba,39.4
2019,,,Moreda de Álava/Moreda Araba,Porcentaje,Moreda de Álava/Moreda Araba,34.7
2020,,,Moreda de Álava/Moreda Araba,Porcentaje,Moreda de Álava/Moreda Araba,26.0
2014,,Arabako Errioxa / Rioja Alavesa,,Porcentaje,Arabako Errioxa / Rioja Alavesa,8.9
2015,,Arabako Errioxa / Rioja Alavesa,,Porcentaje,Arabako Errioxa / Rioja Alavesa,11.4
2016,,Arabako Errioxa / Rioja Alavesa,,Porcentaje,Arabako Errioxa / Rioja Alavesa,12.6
2017,,Arabako Errioxa / Rioja Alavesa,,Porcentaje,Arabako Errioxa / Rioja Alavesa,12.6
2018,,Arabako Errioxa / Rioja Alavesa,,Porcentaje,Arabako Errioxa / Rioja Alavesa,14.8
2019,,Arabako Errioxa / Rioja Alavesa,,Porcentaje,Arabako Errioxa / Rioja Alavesa,12.7
2020,,Arabako Errioxa / Rioja Alavesa,,Porcentaje,Arabako Errioxa / Rioja Alavesa,11.2
2014,,,Navaridas,Porcentaje,Navaridas,27.9
2015,,,Navaridas,Porcentaje,Navaridas,36.1
2016,,,Navaridas,Porcentaje,Navaridas,40.4
2017,,,Navaridas,Porcentaje,Navaridas,38.1
2018,,,Navaridas,Porcentaje,Navaridas,43.2
2019,,,Navaridas,Porcentaje,Navaridas,39.5
2020,,,Navaridas,Porcentaje,Navaridas,37.6
2014,,,Okondo,Porcentaje,Okondo,5.7
2015,,,Okondo,Porcentaje,Okondo,4.8
2016,,,Okondo,Porcentaje,Okondo,5.5
2017,,,Okondo,Porcentaje,Okondo,5.7
2018,,,Okondo,Porcentaje,Okondo,5.2
2019,,,Okondo,Porcentaje,Okondo,4.1
2020,,,Okondo,Porcentaje,Okondo,4.4
2014,,,Oyón-Oion,Porcentaje,Oyón-Oion,3.6
2015,,,Oyón-Oion,Porcentaje,Oyón-Oion,4.9
2016,,,Oyón-Oion,Porcentaje,Oyón-Oion,5.9
2017,,,Oyón-Oion,Porcentaje,Oyón-Oion,7.0
2018,,,Oyón-Oion,Porcentaje,Oyón-Oion,9.0
2019,,,Oyón-Oion,Porcentaje,Oyón-Oion,8.6
2020,,,Oyón-Oion,Porcentaje,Oyón-Oion,6.7
2014,,,Peñacerrada-Urizaharra,Porcentaje,Peñacerrada-Urizaharra,29.7
2015,,,Peñacerrada-Urizaharra,Porcentaje,Peñacerrada-Urizaharra,28.7
2016,,,Peñacerrada-Urizaharra,Porcentaje,Peñacerrada-Urizaharra,31.5
2017,,,Peñacerrada-Urizaharra,Porcentaje,Peñacerrada-Urizaharra,30.2
2018,,,Peñacerrada-Urizaharra,Porcentaje,Peñacerrada-Urizaharra,31.7
2019,,,Peñacerrada-Urizaharra,Porcentaje,Peñacerrada-Urizaharra,33.2
2020,,,Peñacerrada-Urizaharra,Porcentaje,Peñacerrada-Urizaharra,34.2
2014,,,Erriberagoitia/Ribera Alta,Porcentaje,Erriberagoitia/Ribera Alta,28.5
2015,,,Erriberagoitia/Ribera Alta,Porcentaje,Erriberagoitia/Ribera Alta,22.5
2016,,,Erriberagoitia/Ribera Alta,Porcentaje,Erriberagoitia/Ribera Alta,25.1
2017,,,Erriberagoitia/Ribera Alta,Porcentaje,Erriberagoitia/Ribera Alta,23.0
2018,,,Erriberagoitia/Ribera Alta,Porcentaje,Erriberagoitia/Ribera Alta,25.8
2019,,,Erriberagoitia/Ribera Alta,Porcentaje,Erriberagoitia/Ribera Alta,26.9
2020,,,Erriberagoitia/Ribera Alta,Porcentaje,Erriberagoitia/Ribera Alta,27.1
2014,,,Ribera Baja/Erribera Beitia,Porcentaje,Ribera Baja/Erribera Beitia,1.3
2015,,,Ribera Baja/Erribera Beitia,Porcentaje,Ribera Baja/Erribera Beitia,1.3
2016,,,Ribera Baja/Erribera Beitia,Porcentaje,Ribera Baja/Erribera Beitia,1.5
2017,,,Ribera Baja/Erribera Beitia,Porcentaje,Ribera Baja/Erribera Beitia,1.7
2018,,,Ribera Baja/Erribera Beitia,Porcentaje,Ribera Baja/Erribera Beitia,1.8
2019,,,Ribera Baja/Erribera Beitia,Porcentaje,Ribera Baja/Erribera Beitia,1.6
2020,,,Ribera Baja/Erribera Beitia,Porcentaje,Ribera Baja/Erribera Beitia,1.5
2014,,,Añana,Porcentaje,Añana,13.6
2015,,,Añana,Porcentaje,Añana,16.8
2016,,,Añana,Porcentaje,Añana,15.8
2017,,,Añana,Porcentaje,Añana,14.3
2018,,,Añana,Porcentaje,Añana,11.8
2019,,,Añana,Porcentaje,Añana,14.7
2020,,,Añana,Porcentaje,Añana,13.6
2014,,Gorbeialdea / Estribaciones del Gorbea,,Porcentaje,Gorbeialdea / Estribaciones del Gorbea,4.3
2015,,Gorbeialdea / Estribaciones del Gorbea,,Porcentaje,Gorbeialdea / Estribaciones del Gorbea,3.1
2016,,Gorbeialdea / Estribaciones del Gorbea,,Porcentaje,Gorbeialdea / Estribaciones del Gorbea,2.8
2017,,Gorbeialdea / Estribaciones del Gorbea,,Porcentaje,Gorbeialdea / Estribaciones del Gorbea,2.7
2018,,Gorbeialdea / Estribaciones del Gorbea,,Porcentaje,Gorbeialdea / Estribaciones del Gorbea,2.6
2019,,Gorbeialdea / Estribaciones del Gorbea,,Porcentaje,Gorbeialdea / Estribaciones del Gorbea,2.0
2020,,Gorbeialdea / Estribaciones del Gorbea,,Porcentaje,Gorbeialdea / Estribaciones del Gorbea,2.1
2014,,,Agurain/Salvatierra,Porcentaje,Agurain/Salvatierra,2.8
2015,,,Agurain/Salvatierra,Porcentaje,Agurain/Salvatierra,2.7
2016,,,Agurain/Salvatierra,Porcentaje,Agurain/Salvatierra,2.2
2017,,,Agurain/Salvatierra,Porcentaje,Agurain/Salvatierra,1.7
2018,,,Agurain/Salvatierra,Porcentaje,Agurain/Salvatierra,1.6
2019,,,Agurain/Salvatierra,Porcentaje,Agurain/Salvatierra,1.5
2020,,,Agurain/Salvatierra,Porcentaje,Agurain/Salvatierra,1.5
2014,,,Samaniego,Porcentaje,Samaniego,13.9
2015,,,Samaniego,Porcentaje,Samaniego,19.5
2016,,,Samaniego,Porcentaje,Samaniego,23.0
2017,,,Samaniego,Porcentaje,Samaniego,21.1
2018,,,Samaniego,Porcentaje,Samaniego,23.3
2019,,,Samaniego,Porcentaje,Samaniego,19.6
2020,,,Samaniego,Porcentaje,Samaniego,14.2
2014,,,San Millán/Donemiliaga,Porcentaje,San Millán/Donemiliaga,22.3
2015,,,San Millán/Donemiliaga,Porcentaje,San Millán/Donemiliaga,23.0
2016,,,San Millán/Donemiliaga,Porcentaje,San Millán/Donemiliaga,23.9
2017,,,San Millán/Donemiliaga,Porcentaje,San Millán/Donemiliaga,22.8
2018,,,San Millán/Donemiliaga,Porcentaje,San Millán/Donemiliaga,23.9
2019,,,San Millán/Donemiliaga,Porcentaje,San Millán/Donemiliaga,20.4
2020,,,San Millán/Donemiliaga,Porcentaje,San Millán/Donemiliaga,19.9
2014,,,Urkabustaiz,Porcentaje,Urkabustaiz,9.6
2015,,,Urkabustaiz,Porcentaje,Urkabustaiz,6.9
2016,,,Urkabustaiz,Porcentaje,Urkabustaiz,6.0
2017,,,Urkabustaiz,Porcentaje,Urkabustaiz,6.3
2018,,,Urkabustaiz,Porcentaje,Urkabustaiz,6.9
2019,,,Urkabustaiz,Porcentaje,Urkabustaiz,4.6
2020,,,Urkabustaiz,Porcentaje,Urkabustaiz,4.2
2014,,,Valdegovía/Gaubea,Porcentaje,Valdegovía/Gaubea,22.8
2015,,,Valdegovía/Gaubea,Porcentaje,Valdegovía/Gaubea,19.8
2016,,,Valdegovía/Gaubea,Porcentaje,Valdegovía/Gaubea,19.2
2017,,,Valdegovía/Gaubea,Porcentaje,Valdegovía/Gaubea,18.9
2018,,,Valdegovía/Gaubea,Porcentaje,Valdegovía/Gaubea,19.8
2019,,,Valdegovía/Gaubea,Porcentaje,Valdegovía/Gaubea,20.5
2020,,,Valdegovía/Gaubea,Porcentaje,Valdegovía/Gaubea,19.3
2014,,,Harana/Valle de Arana,Porcentaje,Harana/Valle de Arana,34.9
2015,,,Harana/Valle de Arana,Porcentaje,Harana/Valle de Arana,32.3
2016,,,Harana/Valle de Arana,Porcentaje,Harana/Valle de Arana,30.9
2017,,,Harana/Valle de Arana,Porcentaje,Harana/Valle de Arana,29.5
2018,,,Harana/Valle de Arana,Porcentaje,Harana/Valle de Arana,30.6
2019,,,Harana/Valle de Arana,Porcentaje,Harana/Valle de Arana,23.9
2020,,,Harana/Valle de Arana,Porcentaje,Harana/Valle de Arana,24.6
2014,,,Villabuena de Álava/Eskuernaga,Porcentaje,Villabuena de Álava/Eskuernaga,11.3
2015,,,Villabuena de Álava/Eskuernaga,Porcentaje,Villabuena de Álava/Eskuernaga,15.4
2016,,,Villabuena de Álava/Eskuernaga,Porcentaje,Villabuena de Álava/Eskuernaga,15.5
2017,,,Villabuena de Álava/Eskuernaga,Porcentaje,Villabuena de Álava/Eskuernaga,13.8
2018,,,Villabuena de Álava/Eskuernaga,Porcentaje,Villabuena de Álava/Eskuernaga,16.2
2019,,,Villabuena de Álava/Eskuernaga,Porcentaje,Villabuena de Álava/Eskuernaga,13.8
2020,,,Villabuena de Álava/Eskuernaga,Porcentaje,Villabuena de Álava/Eskuernaga,14.7
2014,,,Legutio,Porcentaje,Legutio,1.6
2015,,,Legutio,Porcentaje,Legutio,1.2
2016,,,Legutio,Porcentaje,Legutio,0.9
2017,,,Legutio,Porcentaje,Legutio,0.6
2018,,,Legutio,Porcentaje,Legutio,0.6
2019,,,Legutio,Porcentaje,Legutio,0.4
2020,,,Legutio,Porcentaje,Legutio,0.5
2014,,,Vitoria-Gasteiz,Porcentaje,Vitoria-Gasteiz,0.2
2015,,,Vitoria-Gasteiz,Porcentaje,Vitoria-Gasteiz,0.2
2016,,,Vitoria-Gasteiz,Porcentaje,Vitoria-Gasteiz,0.2
2017,,,Vitoria-Gasteiz,Porcentaje,Vitoria-Gasteiz,0.2
2018,,,Vitoria-Gasteiz,Porcentaje,Vitoria-Gasteiz,0.2
2019,,,Vitoria-Gasteiz,Porcentaje,Vitoria-Gasteiz,0.2
2020,,,Vitoria-Gasteiz,Porcentaje,Vitoria-Gasteiz,0.2
2014,,Arabako Kantaurialdea / Cantábrica Alavesa,,Porcentaje,Arabako Kantaurialdea / Cantábrica Alavesa,1.7
2015,,Arabako Kantaurialdea / Cantábrica Alavesa,,Porcentaje,Arabako Kantaurialdea / Cantábrica Alavesa,1.3
2016,,Arabako Kantaurialdea / Cantábrica Alavesa,,Porcentaje,Arabako Kantaurialdea / Cantábrica Alavesa,1.3
2017,,Arabako Kantaurialdea / Cantábrica Alavesa,,Porcentaje,Arabako Kantaurialdea / Cantábrica Alavesa,1.3
2018,,Arabako Kantaurialdea / Cantábrica Alavesa,,Porcentaje,Arabako Kantaurialdea / Cantábrica Alavesa,1.2
2019,,Arabako Kantaurialdea / Cantábrica Alavesa,,Porcentaje,Arabako Kantaurialdea / Cantábrica Alavesa,0.9
2020,,Arabako Kantaurialdea / Cantábrica Alavesa,,Porcentaje,Arabako Kantaurialdea / Cantábrica Alavesa,0.9
2014,,,Yécora/Iekora,Porcentaje,Yécora/Iekora,41.0
2015,,,Yécora/Iekora,Porcentaje,Yécora/Iekora,46.7
2016,,,Yécora/Iekora,Porcentaje,Yécora/Iekora,53.0
2017,,,Yécora/Iekora,Porcentaje,Yécora/Iekora,58.5
2018,,,Yécora/Iekora,Porcentaje,Yécora/Iekora,66.1
2019,,,Yécora/Iekora,Porcentaje,Yécora/Iekora,63.4
2020,,,Yécora/Iekora,Porcentaje,Yécora/Iekora,60.3
2014,,,Zalduondo,Porcentaje,Zalduondo,32.1
2015,,,Zalduondo,Porcentaje,Zalduondo,29.5
2016,,,Zalduondo,Porcentaje,Zalduondo,27.3
2017,,,Zalduondo,Porcentaje,Zalduondo,23.9
2018,,,Zalduondo,Porcentaje,Zalduondo,27.1
2019,,,Zalduondo,Porcentaje,Zalduondo,25.8
2020,,,Zalduondo,Porcentaje,Zalduondo,23.8
2014,,,Zambrana,Porcentaje,Zambrana,30.2
2015,,,Zambrana,Porcentaje,Zambrana,33.3
2016,,,Zambrana,Porcentaje,Zambrana,28.7
2017,,,Zambrana,Porcentaje,Zambrana,24.3
2018,,,Zambrana,Porcentaje,Zambrana,22.8
2019,,,Zambrana,Porcentaje,Zambrana,20.9
2020,,,Zambrana,Porcentaje,Zambrana,16.1
2014,,,Zuia,Porcentaje,Zuia,5.8
2015,,,Zuia,Porcentaje,Zuia,3.9
2016,,,Zuia,Porcentaje,Zuia,3.9
2017,,,Zuia,Porcentaje,Zuia,4.1
2018,,,Zuia,Porcentaje,Zuia,4.7
2019,,,Zuia,Porcentaje,Zuia,3.2
2020,,,Zuia,Porcentaje,Zuia,3.3
2014,,,Iruña Oka/Iruña de Oca,Porcentaje,Iruña Oka/Iruña de Oca,1.4
2015,,,Iruña Oka/Iruña de Oca,Porcentaje,Iruña Oka/Iruña de Oca,1.2
2016,,,Iruña Oka/Iruña de Oca,Porcentaje,Iruña Oka/Iruña de Oca,1.0
2017,,,Iruña Oka/Iruña de Oca,Porcentaje,Iruña Oka/Iruña de Oca,0.9
2018,,,Iruña Oka/Iruña de Oca,Porcentaje,Iruña Oka/Iruña de Oca,0.9
2019,,,Iruña Oka/Iruña de Oca,Porcentaje,Iruña Oka/Iruña de Oca,0.9
2020,,,Iruña Oka/Iruña de Oca,Porcentaje,Iruña Oka/Iruña de Oca,0.7
2014,,,Lantarón,Porcentaje,Lantarón,5.7
2015,,,Lantarón,Porcentaje,Lantarón,4.5
2016,,,Lantarón,Porcentaje,Lantarón,3.8
2017,,,Lantarón,Porcentaje,Lantarón,3.4
2018,,,Lantarón,Porcentaje,Lantarón,3.0
2019,,,Lantarón,Porcentaje,Lantarón,3.1
2020,,,Lantarón,Porcentaje,Lantarón,2.8
2010,Gipuzkoa,,,Porcentaje,Gipuzkoa,0.5
2011,Gipuzkoa,,,Porcentaje,Gipuzkoa,0.5
2012,Gipuzkoa,,,Porcentaje,Gipuzkoa,0.6
2013,Gipuzkoa,,,Porcentaje,Gipuzkoa,0.5
2014,Gipuzkoa,,,Porcentaje,Gipuzkoa,0.5
2015,Gipuzkoa,,,Porcentaje,Gipuzkoa,0.5
2016,Gipuzkoa,,,Porcentaje,Gipuzkoa,0.5
2017,Gipuzkoa,,,Porcentaje,Gipuzkoa,0.6
2018,Gipuzkoa,,,Porcentaje,Gipuzkoa,0.5
2019,Gipuzkoa,,,Porcentaje,Gipuzkoa,0.6
2020,Gipuzkoa,,,Porcentaje,Gipuzkoa,0.5
2021,Gipuzkoa,,,Porcentaje,Gipuzkoa,0.6
2022,Gipuzkoa,,,Porcentaje,Gipuzkoa,0.7
2014,,,Abaltzisketa,Porcentaje,Abaltzisketa,6.7
2015,,,Abaltzisketa,Porcentaje,Abaltzisketa,9.7
2016,,,Abaltzisketa,Porcentaje,Abaltzisketa,7.7
2017,,,Abaltzisketa,Porcentaje,Abaltzisketa,7.0
2018,,,Abaltzisketa,Porcentaje,Abaltzisketa,5.6
2019,,,Abaltzisketa,Porcentaje,Abaltzisketa,6.5
2020,,,Abaltzisketa,Porcentaje,Abaltzisketa,6.5
2014,,,Aduna,Porcentaje,Aduna,0.6
2015,,,Aduna,Porcentaje,Aduna,0.7
2016,,,Aduna,Porcentaje,Aduna,0.6
2017,,,Aduna,Porcentaje,Aduna,0.7
2018,,,Aduna,Porcentaje,Aduna,0.5
2019,,,Aduna,Porcentaje,Aduna,0.5
2020,,,Aduna,Porcentaje,Aduna,0.4
2014,,,Aizarnazabal,Porcentaje,Aizarnazabal,0.8
2015,,,Aizarnazabal,Porcentaje,Aizarnazabal,1.1
2016,,,Aizarnazabal,Porcentaje,Aizarnazabal,1.0
2017,,,Aizarnazabal,Porcentaje,Aizarnazabal,1.0
2018,,,Aizarnazabal,Porcentaje,Aizarnazabal,1.0
2019,,,Aizarnazabal,Porcentaje,Aizarnazabal,1.0
2020,,,Aizarnazabal,Porcentaje,Aizarnazabal,1.2
2014,,,Albiztur,Porcentaje,Albiztur,4.9
2015,,,Albiztur,Porcentaje,Albiztur,4.0
2016,,,Albiztur,Porcentaje,Albiztur,4.2
2017,,,Albiztur,Porcentaje,Albiztur,4.7
2018,,,Albiztur,Porcentaje,Albiztur,3.2
2019,,,Albiztur,Porcentaje,Albiztur,4.1
2020,,,Albiztur,Porcentaje,Albiztur,3.5
2014,,,Alegia,Porcentaje,Alegia,0.8
2015,,,Alegia,Porcentaje,Alegia,0.7
2016,,,Alegia,Porcentaje,Alegia,0.8
2017,,,Alegia,Porcentaje,Alegia,0.9
2018,,,Alegia,Porcentaje,Alegia,0.6
2019,,,Alegia,Porcentaje,Alegia,0.8
2020,,,Alegia,Porcentaje,Alegia,0.6
2014,,,Alkiza,Porcentaje,Alkiza,8.8
2015,,,Alkiza,Porcentaje,Alkiza,10.6
2016,,,Alkiza,Porcentaje,Alkiza,9.4
2017,,,Alkiza,Porcentaje,Alkiza,11.3
2018,,,Alkiza,Porcentaje,Alkiza,9.5
2019,,,Alkiza,Porcentaje,Alkiza,11.3
2020,,,Alkiza,Porcentaje,Alkiza,11.5
2014,,,Altzo,Porcentaje,Altzo,1.3
2015,,,Altzo,Porcentaje,Altzo,1.2
2016,,,Altzo,Porcentaje,Altzo,1.2
2017,,,Altzo,Porcentaje,Altzo,1.8
2018,,,Altzo,Porcentaje,Altzo,1.2
2019,,,Altzo,Porcentaje,Altzo,1.3
2020,,,Altzo,Porcentaje,Altzo,1.0
2014,,,Amezketa,Porcentaje,Amezketa,1.9
2015,,,Amezketa,Porcentaje,Amezketa,1.7
2016,,,Amezketa,Porcentaje,Amezketa,1.8
2017,,,Amezketa,Porcentaje,Amezketa,2.1
2018,,,Amezketa,Porcentaje,Amezketa,1.6
2019,,,Amezketa,Porcentaje,Amezketa,1.5
2020,,,Amezketa,Porcentaje,Amezketa,1.5
2014,,,Andoain,Porcentaje,Andoain,0.2
2015,,,Andoain,Porcentaje,Andoain,0.3
2016,,,Andoain,Porcentaje,Andoain,0.2
2017,,,Andoain,Porcentaje,Andoain,0.2
2018,,,Andoain,Porcentaje,Andoain,0.2
2019,,,Andoain,Porcentaje,Andoain,0.2
2020,,,Andoain,Porcentaje,Andoain,0.2
2014,,Bidasoa Beherea / Bajo Bidasoa,,Porcentaje,Bidasoa Beherea / Bajo Bidasoa,1.0
2015,,Bidasoa Beherea / Bajo Bidasoa,,Porcentaje,Bidasoa Beherea / Bajo Bidasoa,1.1
2016,,Bidasoa Beherea / Bajo Bidasoa,,Porcentaje,Bidasoa Beherea / Bajo Bidasoa,1.0
2017,,Bidasoa Beherea / Bajo Bidasoa,,Porcentaje,Bidasoa Beherea / Bajo Bidasoa,1.3
2018,,Bidasoa Beherea / Bajo Bidasoa,,Porcentaje,Bidasoa Beherea / Bajo Bidasoa,1.3
2019,,Bidasoa Beherea / Bajo Bidasoa,,Porcentaje,Bidasoa Beherea / Bajo Bidasoa,1.3
2020,,Bidasoa Beherea / Bajo Bidasoa,,Porcentaje,Bidasoa Beherea / Bajo Bidasoa,1.0
2014,,,Anoeta,Porcentaje,Anoeta,0.3
2015,,,Anoeta,Porcentaje,Anoeta,0.4
2016,,,Anoeta,Porcentaje,Anoeta,0.4
2017,,,Anoeta,Porcentaje,Anoeta,0.5
2018,,,Anoeta,Porcentaje,Anoeta,0.4
2019,,,Anoeta,Porcentaje,Anoeta,0.5
2020,,,Anoeta,Porcentaje,Anoeta,0.5
2014,,,Antzuola,Porcentaje,Antzuola,1.1
2015,,,Antzuola,Porcentaje,Antzuola,1.3
2016,,,Antzuola,Porcentaje,Antzuola,1.2
2017,,,Antzuola,Porcentaje,Antzuola,1.5
2018,,,Antzuola,Porcentaje,Antzuola,1.2
2019,,,Antzuola,Porcentaje,Antzuola,1.6
2020,,,Antzuola,Porcentaje,Antzuola,1.4
2014,,,Arama,Porcentaje,Arama,1.5
2015,,,Arama,Porcentaje,Arama,1.5
2016,,,Arama,Porcentaje,Arama,0.4
2017,,,Arama,Porcentaje,Arama,0.5
2018,,,Arama,Porcentaje,Arama,0.4
2019,,,Arama,Porcentaje,Arama,0.3
2020,,,Arama,Porcentaje,Arama,0.4
2014,,,Aretxabaleta,Porcentaje,Aretxabaleta,0.3
2015,,,Aretxabaleta,Porcentaje,Aretxabaleta,0.4
2016,,,Aretxabaleta,Porcentaje,Aretxabaleta,0.4
2017,,,Aretxabaleta,Porcentaje,Aretxabaleta,0.5
2018,,,Aretxabaleta,Porcentaje,Aretxabaleta,0.4
2019,,,Aretxabaleta,Porcentaje,Aretxabaleta,0.5
2020,,,Aretxabaleta,Porcentaje,Aretxabaleta,0.4
2014,,,Asteasu,Porcentaje,Asteasu,2.2
2015,,,Asteasu,Porcentaje,Asteasu,2.1
2016,,,Asteasu,Porcentaje,Asteasu,1.6
2017,,,Asteasu,Porcentaje,Asteasu,1.6
2018,,,Asteasu,Porcentaje,Asteasu,1.4
2019,,,Asteasu,Porcentaje,Asteasu,1.5
2020,,,Asteasu,Porcentaje,Asteasu,1.5
2014,,,Ataun,Porcentaje,Ataun,8.4
2015,,,Ataun,Porcentaje,Ataun,7.5
2016,,,Ataun,Porcentaje,Ataun,7.2
2017,,,Ataun,Porcentaje,Ataun,7.9
2018,,,Ataun,Porcentaje,Ataun,6.1
2019,,,Ataun,Porcentaje,Ataun,7.7
2020,,,Ataun,Porcentaje,Ataun,7.2
2014,,,Aia,Porcentaje,Aia,5.3
2015,,,Aia,Porcentaje,Aia,5.2
2016,,,Aia,Porcentaje,Aia,4.7
2017,,,Aia,Porcentaje,Aia,5.2
2018,,,Aia,Porcentaje,Aia,4.2
2019,,,Aia,Porcentaje,Aia,5.0
2020,,,Aia,Porcentaje,Aia,4.9
2014,,,Azkoitia,Porcentaje,Azkoitia,0.5
2015,,,Azkoitia,Porcentaje,Azkoitia,0.6
2016,,,Azkoitia,Porcentaje,Azkoitia,0.7
2017,,,Azkoitia,Porcentaje,Azkoitia,0.9
2018,,,Azkoitia,Porcentaje,Azkoitia,0.7
2019,,,Azkoitia,Porcentaje,Azkoitia,0.9
2020,,,Azkoitia,Porcentaje,Azkoitia,0.8
2014,,,Azpeitia,Porcentaje,Azpeitia,0.6
2015,,,Azpeitia,Porcentaje,Azpeitia,0.7
2016,,,Azpeitia,Porcentaje,Azpeitia,0.7
2017,,,Azpeitia,Porcentaje,Azpeitia,0.9
2018,,,Azpeitia,Porcentaje,Azpeitia,0.7
2019,,,Azpeitia,Porcentaje,Azpeitia,0.9
2020,,,Azpeitia,Porcentaje,Azpeitia,0.9
2014,,,Beasain,Porcentaje,Beasain,0.2
2015,,,Beasain,Porcentaje,Beasain,0.2
2016,,,Beasain,Porcentaje,Beasain,0.2
2017,,,Beasain,Porcentaje,Beasain,0.2
2018,,,Beasain,Porcentaje,Beasain,0.1
2019,,,Beasain,Porcentaje,Beasain,0.2
2020,,,Beasain,Porcentaje,Beasain,0.1
2014,,Debabarrena / Bajo Deba,,Porcentaje,Debabarrena / Bajo Deba,0.4
2015,,Debabarrena / Bajo Deba,,Porcentaje,Debabarrena / Bajo Deba,0.4
2016,,Debabarrena / Bajo Deba,,Porcentaje,Debabarrena / Bajo Deba,0.5
2017,,Debabarrena / Bajo Deba,,Porcentaje,Debabarrena / Bajo Deba,0.6
2018,,Debabarrena / Bajo Deba,,Porcentaje,Debabarrena / Bajo Deba,0.5
2019,,Debabarrena / Bajo Deba,,Porcentaje,Debabarrena / Bajo Deba,0.6
2020,,Debabarrena / Bajo Deba,,Porcentaje,Debabarrena / Bajo Deba,0.6
2014,,,Beizama,Porcentaje,Beizama,15.6
2015,,,Beizama,Porcentaje,Beizama,16.5
2016,,,Beizama,Porcentaje,Beizama,19.2
2017,,,Beizama,Porcentaje,Beizama,19.9
2018,,,Beizama,Porcentaje,Beizama,18.5
2019,,,Beizama,Porcentaje,Beizama,23.8
2020,,,Beizama,Porcentaje,Beizama,20.4
2014,,,Belauntza,Porcentaje,Belauntza,1.7
2015,,,Belauntza,Porcentaje,Belauntza,1.4
2016,,,Belauntza,Porcentaje,Belauntza,1.3
2017,,,Belauntza,Porcentaje,Belauntza,1.2
2018,,,Belauntza,Porcentaje,Belauntza,0.9
2019,,,Belauntza,Porcentaje,Belauntza,1.1
2020,,,Belauntza,Porcentaje,Belauntza,1.0
2014,,,Berastegi,Porcentaje,Berastegi,2.7
2015,,,Berastegi,Porcentaje,Berastegi,2.7
2016,,,Berastegi,Porcentaje,Berastegi,2.9
2017,,,Berastegi,Porcentaje,Berastegi,3.7
2018,,,Berastegi,Porcentaje,Berastegi,2.7
2019,,,Berastegi,Porcentaje,Berastegi,3.7
2020,,,Berastegi,Porcentaje,Berastegi,3.1
2014,,,Berrobi,Porcentaje,Berrobi,3.2
2015,,,Berrobi,Porcentaje,Berrobi,3.6
2016,,,Berrobi,Porcentaje,Berrobi,3.3
2017,,,Berrobi,Porcentaje,Berrobi,3.4
2018,,,Berrobi,Porcentaje,Berrobi,2.6
2019,,,Berrobi,Porcentaje,Berrobi,3.2
2020,,,Berrobi,Porcentaje,Berrobi,3.4
2014,,,Bidania-Goiatz,Porcentaje,Bidania-Goiatz,5.5
2015,,,Bidania-Goiatz,Porcentaje,Bidania-Goiatz,6.8
2016,,,Bidania-Goiatz,Porcentaje,Bidania-Goiatz,6.4
2017,,,Bidania-Goiatz,Porcentaje,Bidania-Goiatz,6.4
2018,,,Bidania-Goiatz,Porcentaje,Bidania-Goiatz,5.8
2019,,,Bidania-Goiatz,Porcentaje,Bidania-Goiatz,6.5
2020,,,Bidania-Goiatz,Porcentaje,Bidania-Goiatz,5.9
2014,,,Zegama,Porcentaje,Zegama,3.6
2015,,,Zegama,Porcentaje,Zegama,4.1
2016,,,Zegama,Porcentaje,Zegama,3.3
2017,,,Zegama,Porcentaje,Zegama,4.0
2018,,,Zegama,Porcentaje,Zegama,2.6
2019,,,Zegama,Porcentaje,Zegama,3.8
2020,,,Zegama,Porcentaje,Zegama,3.4
2014,,,Zerain,Porcentaje,Zerain,12.0
2015,,,Zerain,Porcentaje,Zerain,10.9
2016,,,Zerain,Porcentaje,Zerain,9.4
2017,,,Zerain,Porcentaje,Zerain,9.9
2018,,,Zerain,Porcentaje,Zerain,9.0
2019,,,Zerain,Porcentaje,Zerain,8.2
2020,,,Zerain,Porcentaje,Zerain,7.8
2014,,,Zestoa,Porcentaje,Zestoa,1.6
2015,,,Zestoa,Porcentaje,Zestoa,1.6
2016,,,Zestoa,Porcentaje,Zestoa,1.7
2017,,,Zestoa,Porcentaje,Zestoa,2.0
2018,,,Zestoa,Porcentaje,Zestoa,1.7
2019,,,Zestoa,Porcentaje,Zestoa,1.9
2020,,,Zestoa,Porcentaje,Zestoa,1.6
2014,,,Zizurkil,Porcentaje,Zizurkil,1.2
2015,,,Zizurkil,Porcentaje,Zizurkil,1.2
2016,,,Zizurkil,Porcentaje,Zizurkil,1.1
2017,,,Zizurkil,Porcentaje,Zizurkil,1.2
2018,,,Zizurkil,Porcentaje,Zizurkil,0.9
2019,,,Zizurkil,Porcentaje,Zizurkil,1.1
2020,,,Zizurkil,Porcentaje,Zizurkil,1.0
2014,,,Deba,Porcentaje,Deba,1.1
2015,,,Deba,Porcentaje,Deba,1.1
2016,,,Deba,Porcentaje,Deba,1.1
2017,,,Deba,Porcentaje,Deba,1.3
2018,,,Deba,Porcentaje,Deba,0.9
2019,,,Deba,Porcentaje,Deba,1.2
2020,,,Deba,Porcentaje,Deba,1.2
2014,,Debagoiena / Alto Deba,,Porcentaje,Debagoiena / Alto Deba,0.5
2015,,Debagoiena / Alto Deba,,Porcentaje,Debagoiena / Alto Deba,0.5
2016,,Debagoiena / Alto Deba,,Porcentaje,Debagoiena / Alto Deba,0.5
2017,,Debagoiena / Alto Deba,,Porcentaje,Debagoiena / Alto Deba,0.7
2018,,Debagoiena / Alto Deba,,Porcentaje,Debagoiena / Alto Deba,0.4
2019,,Debagoiena / Alto Deba,,Porcentaje,Debagoiena / Alto Deba,0.6
2020,,Debagoiena / Alto Deba,,Porcentaje,Debagoiena / Alto Deba,0.5
2014,,,Eibar,Porcentaje,Eibar,0.1
2015,,,Eibar,Porcentaje,Eibar,0.1
2016,,,Eibar,Porcentaje,Eibar,0.2
2017,,,Eibar,Porcentaje,Eibar,0.2
2018,,,Eibar,Porcentaje,Eibar,0.2
2019,,,Eibar,Porcentaje,Eibar,0.2
2020,,,Eibar,Porcentaje,Eibar,0.2
2014,,,Elduain,Porcentaje,Elduain,7.9
2015,,,Elduain,Porcentaje,Elduain,7.0
2016,,,Elduain,Porcentaje,Elduain,5.8
2017,,,Elduain,Porcentaje,Elduain,7.2
2018,,,Elduain,Porcentaje,Elduain,6.5
2019,,,Elduain,Porcentaje,Elduain,7.8
2020,,,Elduain,Porcentaje,Elduain,7.2
2014,,,Elgoibar,Porcentaje,Elgoibar,0.3
2015,,,Elgoibar,Porcentaje,Elgoibar,0.3
2016,,,Elgoibar,Porcentaje,Elgoibar,0.3
2017,,,Elgoibar,Porcentaje,Elgoibar,0.4
2018,,,Elgoibar,Porcentaje,Elgoibar,0.3
2019,,,Elgoibar,Porcentaje,Elgoibar,0.5
2020,,,Elgoibar,Porcentaje,Elgoibar,0.4
2014,,,Elgeta,Porcentaje,Elgeta,0.9
2015,,,Elgeta,Porcentaje,Elgeta,1.0
2016,,,Elgeta,Porcentaje,Elgeta,1.2
2017,,,Elgeta,Porcentaje,Elgeta,1.5
2018,,,Elgeta,Porcentaje,Elgeta,0.9
2019,,,Elgeta,Porcentaje,Elgeta,1.3
2020,,,Elgeta,Porcentaje,Elgeta,1.3
2014,,,Eskoriatza,Porcentaje,Eskoriatza,0.7
2015,,,Eskoriatza,Porcentaje,Eskoriatza,0.7
2016,,,Eskoriatza,Porcentaje,Eskoriatza,0.8
2017,,,Eskoriatza,Porcentaje,Eskoriatza,1.0
2018,,,Eskoriatza,Porcentaje,Eskoriatza,0.9
2019,,,Eskoriatza,Porcentaje,Eskoriatza,1.0
2020,,,Eskoriatza,Porcentaje,Eskoriatza,1.0
2014,,,Ezkio-Itsaso,Porcentaje,Ezkio-Itsaso,1.7
2015,,,Ezkio-Itsaso,Porcentaje,Ezkio-Itsaso,1.7
2016,,,Ezkio-Itsaso,Porcentaje,Ezkio-Itsaso,1.9
2017,,,Ezkio-Itsaso,Porcentaje,Ezkio-Itsaso,2.5
2018,,,Ezkio-Itsaso,Porcentaje,Ezkio-Itsaso,1.6
2019,,,Ezkio-Itsaso,Porcentaje,Ezkio-Itsaso,2.1
2020,,,Ezkio-Itsaso,Porcentaje,Ezkio-Itsaso,1.9
2014,,,Hondarribia,Porcentaje,Hondarribia,4.5
2015,,,Hondarribia,Porcentaje,Hondarribia,5.2
2016,,,Hondarribia,Porcentaje,Hondarribia,4.8
2017,,,Hondarribia,Porcentaje,Hondarribia,6.6
2018,,,Hondarribia,Porcentaje,Hondarribia,6.0
2019,,,Hondarribia,Porcentaje,Hondarribia,5.8
2020,,,Hondarribia,Porcentaje,Hondarribia,4.7
2014,,,Gaintza,Porcentaje,Gaintza,13.7
2015,,,Gaintza,Porcentaje,Gaintza,13.9
2016,,,Gaintza,Porcentaje,Gaintza,13.8
2017,,,Gaintza,Porcentaje,Gaintza,16.5
2018,,,Gaintza,Porcentaje,Gaintza,12.3
2019,,,Gaintza,Porcentaje,Gaintza,15.7
2020,,,Gaintza,Porcentaje,Gaintza,14.6
2014,,,Gabiria,Porcentaje,Gabiria,5.7
2015,,,Gabiria,Porcentaje,Gabiria,6.6
2016,,,Gabiria,Porcentaje,Gabiria,6.3
2017,,,Gabiria,Porcentaje,Gabiria,6.6
2018,,,Gabiria,Porcentaje,Gabiria,4.9
2019,,,Gabiria,Porcentaje,Gabiria,5.8
2020,,,Gabiria,Porcentaje,Gabiria,6.2
2014,,,Getaria,Porcentaje,Getaria,18.1
2015,,,Getaria,Porcentaje,Getaria,20.7
2016,,,Getaria,Porcentaje,Getaria,19.2
2017,,,Getaria,Porcentaje,Getaria,24.7
2018,,,Getaria,Porcentaje,Getaria,23.0
2019,,,Getaria,Porcentaje,Getaria,20.8
2020,,,Getaria,Porcentaje,Getaria,17.6
2014,,Donostialdea,,Porcentaje,Donostialdea,0.2
2015,,Donostialdea,,Porcentaje,Donostialdea,0.2
2016,,Donostialdea,,Porcentaje,Donostialdea,0.2
2017,,Donostialdea,,Porcentaje,Donostialdea,0.2
2018,,Donostialdea,,Porcentaje,Donostialdea,0.2
2019,,Donostialdea,,Porcentaje,Donostialdea,0.2
2020,,Donostialdea,,Porcentaje,Donostialdea,0.2
2014,,,Hernani,Porcentaje,Hernani,0.5
2015,,,Hernani,Porcentaje,Hernani,0.5
2016,,,Hernani,Porcentaje,Hernani,0.4
2017,,,Hernani,Porcentaje,Hernani,0.3
2018,,,Hernani,Porcentaje,Hernani,0.3
2019,,,Hernani,Porcentaje,Hernani,0.3
2020,,,Hernani,Porcentaje,Hernani,0.3
2014,,,Hernialde,Porcentaje,Hernialde,4.9
2015,,,Hernialde,Porcentaje,Hernialde,7.3
2016,,,Hernialde,Porcentaje,Hernialde,5.8
2017,,,Hernialde,Porcentaje,Hernialde,7.0
2018,,,Hernialde,Porcentaje,Hernialde,5.4
2019,,,Hernialde,Porcentaje,Hernialde,5.5
2020,,,Hernialde,Porcentaje,Hernialde,5.5
2014,,,Ibarra,Porcentaje,Ibarra,0.6
2015,,,Ibarra,Porcentaje,Ibarra,0.6
2016,,,Ibarra,Porcentaje,Ibarra,0.5
2017,,,Ibarra,Porcentaje,Ibarra,0.6
2018,,,Ibarra,Porcentaje,Ibarra,0.5
2019,,,Ibarra,Porcentaje,Ibarra,0.5
2020,,,Ibarra,Porcentaje,Ibarra,0.5
2014,,,Idiazabal,Porcentaje,Idiazabal,1.6
2015,,,Idiazabal,Porcentaje,Idiazabal,2.5
2016,,,Idiazabal,Porcentaje,Idiazabal,1.6
2017,,,Idiazabal,Porcentaje,Idiazabal,1.9
2018,,,Idiazabal,Porcentaje,Idiazabal,1.3
2019,,,Idiazabal,Porcentaje,Idiazabal,1.2
2020,,,Idiazabal,Porcentaje,Idiazabal,1.0
2014,,,Ikaztegieta,Porcentaje,Ikaztegieta,0.6
2015,,,Ikaztegieta,Porcentaje,Ikaztegieta,0.8
2016,,,Ikaztegieta,Porcentaje,Ikaztegieta,0.5
2017,,,Ikaztegieta,Porcentaje,Ikaztegieta,0.5
2018,,,Ikaztegieta,Porcentaje,Ikaztegieta,0.4
2019,,,Ikaztegieta,Porcentaje,Ikaztegieta,0.4
2020,,,Ikaztegieta,Porcentaje,Ikaztegieta,0.5
2014,,,Irun,Porcentaje,Irun,0.1
2015,,,Irun,Porcentaje,Irun,0.2
2016,,,Irun,Porcentaje,Irun,0.1
2017,,,Irun,Porcentaje,Irun,0.1
2018,,,Irun,Porcentaje,Irun,0.1
2019,,,Irun,Porcentaje,Irun,0.1
2020,,,Irun,Porcentaje,Irun,0.1
2014,,,Irura,Porcentaje,Irura,0.1
2015,,,Irura,Porcentaje,Irura,0.1
2016,,,Irura,Porcentaje,Irura,0.1
2017,,,Irura,Porcentaje,Irura,0.1
2018,,,Irura,Porcentaje,Irura,0.1
2019,,,Irura,Porcentaje,Irura,0.1
2020,,,Irura,Porcentaje,Irura,0.1
2014,,,Itsasondo,Porcentaje,Itsasondo,1.0
2015,,,Itsasondo,Porcentaje,Itsasondo,1.2
2016,,,Itsasondo,Porcentaje,Itsasondo,1.4
2017,,,Itsasondo,Porcentaje,Itsasondo,1.7
2018,,,Itsasondo,Porcentaje,Itsasondo,1.6
2019,,,Itsasondo,Porcentaje,Itsasondo,1.8
2020,,,Itsasondo,Porcentaje,Itsasondo,1.3
2014,,,Larraul,Porcentaje,Larraul,6.8
2015,,,Larraul,Porcentaje,Larraul,7.5
2016,,,Larraul,Porcentaje,Larraul,4.8
2017,,,Larraul,Porcentaje,Larraul,4.5
2018,,,Larraul,Porcentaje,Larraul,4.3
2019,,,Larraul,Porcentaje,Larraul,4.3
2020,,,Larraul,Porcentaje,Larraul,5.1
2014,,,Lazkao,Porcentaje,Lazkao,0.8
2015,,,Lazkao,Porcentaje,Lazkao,0.8
2016,,,Lazkao,Porcentaje,Lazkao,0.8
2017,,,Lazkao,Porcentaje,Lazkao,0.9
2018,,,Lazkao,Porcentaje,Lazkao,0.6
2019,,,Lazkao,Porcentaje,Lazkao,0.7
2020,,,Lazkao,Porcentaje,Lazkao,0.7
2014,,Goierri,,Porcentaje,Goierri,0.6
2015,,Goierri,,Porcentaje,Goierri,0.7
2016,,Goierri,,Porcentaje,Goierri,0.6
2017,,Goierri,,Porcentaje,Goierri,0.7
2018,,Goierri,,Porcentaje,Goierri,0.5
2019,,Goierri,,Porcentaje,Goierri,0.6
2020,,Goierri,,Porcentaje,Goierri,0.6
2014,,,Leaburu,Porcentaje,Leaburu,2.0
2015,,,Leaburu,Porcentaje,Leaburu,1.9
2016,,,Leaburu,Porcentaje,Leaburu,1.8
2017,,,Leaburu,Porcentaje,Leaburu,2.1
2018,,,Leaburu,Porcentaje,Leaburu,1.7
2019,,,Leaburu,Porcentaje,Leaburu,2.1
2020,,,Leaburu,Porcentaje,Leaburu,2.0
2014,,,Legazpi,Porcentaje,Legazpi,0.4
2015,,,Legazpi,Porcentaje,Legazpi,0.3
2016,,,Legazpi,Porcentaje,Legazpi,0.4
2017,,,Legazpi,Porcentaje,Legazpi,0.5
2018,,,Legazpi,Porcentaje,Legazpi,0.3
2019,,,Legazpi,Porcentaje,Legazpi,0.5
2020,,,Legazpi,Porcentaje,Legazpi,0.4
2014,,,Legorreta,Porcentaje,Legorreta,2.1
2015,,,Legorreta,Porcentaje,Legorreta,2.3
2016,,,Legorreta,Porcentaje,Legorreta,1.6
2017,,,Legorreta,Porcentaje,Legorreta,1.5
2018,,,Legorreta,Porcentaje,Legorreta,1.2
2019,,,Legorreta,Porcentaje,Legorreta,1.2
2020,,,Legorreta,Porcentaje,Legorreta,1.0
2014,,,Lezo,Porcentaje,Lezo,0.1
2015,,,Lezo,Porcentaje,Lezo,0.2
2016,,,Lezo,Porcentaje,Lezo,0.1
2017,,,Lezo,Porcentaje,Lezo,0.2
2018,,,Lezo,Porcentaje,Lezo,0.1
2019,,,Lezo,Porcentaje,Lezo,0.1
2020,,,Lezo,Porcentaje,Lezo,0.1
2014,,,Lizartza,Porcentaje,Lizartza,1.6
2015,,,Lizartza,Porcentaje,Lizartza,1.7
2016,,,Lizartza,Porcentaje,Lizartza,1.6
2017,,,Lizartza,Porcentaje,Lizartza,1.8
2018,,,Lizartza,Porcentaje,Lizartza,1.3
2019,,,Lizartza,Porcentaje,Lizartza,1.6
2020,,,Lizartza,Porcentaje,Lizartza,1.4
2014,,,Arrasate/Mondragón,Porcentaje,Arrasate/Mondragón,0.1
2015,,,Arrasate/Mondragón,Porcentaje,Arrasate/Mondragón,0.1
2016,,,Arrasate/Mondragón,Porcentaje,Arrasate/Mondragón,0.2
2017,,,Arrasate/Mondragón,Porcentaje,Arrasate/Mondragón,0.2
2018,,,Arrasate/Mondragón,Porcentaje,Arrasate/Mondragón,0.1
2019,,,Arrasate/Mondragón,Porcentaje,Arrasate/Mondragón,0.2
2020,,,Arrasate/Mondragón,Porcentaje,Arrasate/Mondragón,0.2
2014,,,Mutriku,Porcentaje,Mutriku,2.1
2015,,,Mutriku,Porcentaje,Mutriku,2.1
2016,,,Mutriku,Porcentaje,Mutriku,2.3
2017,,,Mutriku,Porcentaje,Mutriku,2.5
2018,,,Mutriku,Porcentaje,Mutriku,2.4
2019,,,Mutriku,Porcentaje,Mutriku,2.5
2020,,,Mutriku,Porcentaje,Mutriku,2.6
2014,,,Mutiloa,Porcentaje,Mutiloa,10.1
2015,,,Mutiloa,Porcentaje,Mutiloa,10.2
2016,,,Mutiloa,Porcentaje,Mutiloa,11.8
2017,,,Mutiloa,Porcentaje,Mutiloa,14.0
2018,,,Mutiloa,Porcentaje,Mutiloa,7.0
2019,,,Mutiloa,Porcentaje,Mutiloa,7.7
2020,,,Mutiloa,Porcentaje,Mutiloa,8.0
2014,,,Olaberria,Porcentaje,Olaberria,0.2
2015,,,Olaberria,Porcentaje,Olaberria,0.2
2016,,,Olaberria,Porcentaje,Olaberria,0.2
2017,,,Olaberria,Porcentaje,Olaberria,0.3
2018,,,Olaberria,Porcentaje,Olaberria,0.2
2019,,,Olaberria,Porcentaje,Olaberria,0.2
2020,,,Olaberria,Porcentaje,Olaberria,0.2
2014,,,Oñati,Porcentaje,Oñati,0.7
2015,,,Oñati,Porcentaje,Oñati,0.7
2016,,,Oñati,Porcentaje,Oñati,0.7
2017,,,Oñati,Porcentaje,Oñati,0.8
2018,,,Oñati,Porcentaje,Oñati,0.6
2019,,,Oñati,Porcentaje,Oñati,0.7
2020,,,Oñati,Porcentaje,Oñati,0.7
2014,,Tolosaldea,,Porcentaje,Tolosaldea,1.1
2015,,Tolosaldea,,Porcentaje,Tolosaldea,1.1
2016,,Tolosaldea,,Porcentaje,Tolosaldea,1.0
2017,,Tolosaldea,,Porcentaje,Tolosaldea,1.1
2018,,Tolosaldea,,Porcentaje,Tolosaldea,0.9
2019,,Tolosaldea,,Porcentaje,Tolosaldea,1.0
2020,,Tolosaldea,,Porcentaje,Tolosaldea,0.9
2014,,,Orexa,Porcentaje,Orexa,8.1
2015,,,Orexa,Porcentaje,Orexa,11.2
2016,,,Orexa,Porcentaje,Orexa,14.0
2017,,,Orexa,Porcentaje,Orexa,16.5
2018,,,Orexa,Porcentaje,Orexa,14.2
2019,,,Orexa,Porcentaje,Orexa,10.5
2020,,,Orexa,Porcentaje,Orexa,10.8
2014,,,Orio,Porcentaje,Orio,4.7
2015,,,Orio,Porcentaje,Orio,5.1
2016,,,Orio,Porcentaje,Orio,5.7
2017,,,Orio,Porcentaje,Orio,7.7
2018,,,Orio,Porcentaje,Orio,7.7
2019,,,Orio,Porcentaje,Orio,6.3
2020,,,Orio,Porcentaje,Orio,3.6
2014,,,Ormaiztegi,Porcentaje,Ormaiztegi,0.4
2015,,,Ormaiztegi,Porcentaje,Ormaiztegi,0.3
2016,,,Ormaiztegi,Porcentaje,Ormaiztegi,0.3
2017,,,Ormaiztegi,Porcentaje,Ormaiztegi,0.3
2018,,,Ormaiztegi,Porcentaje,Ormaiztegi,0.2
2019,,,Ormaiztegi,Porcentaje,Ormaiztegi,0.3
2020,,,Ormaiztegi,Porcentaje,Ormaiztegi,0.4
2014,,,Oiartzun,Porcentaje,Oiartzun,0.5
2015,,,Oiartzun,Porcentaje,Oiartzun,0.5
2016,,,Oiartzun,Porcentaje,Oiartzun,0.4
2017,,,Oiartzun,Porcentaje,Oiartzun,0.4
2018,,,Oiartzun,Porcentaje,Oiartzun,0.3
2019,,,Oiartzun,Porcentaje,Oiartzun,0.3
2020,,,Oiartzun,Porcentaje,Oiartzun,0.3
2014,,,Pasaia,Porcentaje,Pasaia,2.3
2015,,,Pasaia,Porcentaje,Pasaia,2.4
2016,,,Pasaia,Porcentaje,Pasaia,2.4
2017,,,Pasaia,Porcentaje,Pasaia,2.1
2018,,,Pasaia,Porcentaje,Pasaia,2.6
2019,,,Pasaia,Porcentaje,Pasaia,3.8
2020,,,Pasaia,Porcentaje,Pasaia,3.5
2014,,,Soraluze/Placencia de las Armas,Porcentaje,Soraluze/Placencia de las Armas,0.5
2015,,,Soraluze/Placencia de las Armas,Porcentaje,Soraluze/Placencia de las Armas,0.5
2016,,,Soraluze/Placencia de las Armas,Porcentaje,Soraluze/Placencia de las Armas,0.6
2017,,,Soraluze/Placencia de las Armas,Porcentaje,Soraluze/Placencia de las Armas,0.8
2018,,,Soraluze/Placencia de las Armas,Porcentaje,Soraluze/Placencia de las Armas,0.6
2019,,,Soraluze/Placencia de las Armas,Porcentaje,Soraluze/Placencia de las Armas,0.8
2020,,,Soraluze/Placencia de las Armas,Porcentaje,Soraluze/Placencia de las Armas,0.8
2014,,,Errezil,Porcentaje,Errezil,5.1
2015,,,Errezil,Porcentaje,Errezil,5.1
2016,,,Errezil,Porcentaje,Errezil,6.4
2017,,,Errezil,Porcentaje,Errezil,7.4
2018,,,Errezil,Porcentaje,Errezil,6.0
2019,,,Errezil,Porcentaje,Errezil,7.3
2020,,,Errezil,Porcentaje,Errezil,5.9
2014,,,Errenteria,Porcentaje,Errenteria,0.1
2015,,,Errenteria,Porcentaje,Errenteria,0.1
2016,,,Errenteria,Porcentaje,Errenteria,0.1
2017,,,Errenteria,Porcentaje,Errenteria,0.2
2018,,,Errenteria,Porcentaje,Errenteria,0.1
2019,,,Errenteria,Porcentaje,Errenteria,0.1
2020,,,Errenteria,Porcentaje,Errenteria,0.1
2014,,,Leintz-Gatzaga,Porcentaje,Leintz-Gatzaga,4.5
2015,,,Leintz-Gatzaga,Porcentaje,Leintz-Gatzaga,5.8
2016,,,Leintz-Gatzaga,Porcentaje,Leintz-Gatzaga,6.3
2017,,,Leintz-Gatzaga,Porcentaje,Leintz-Gatzaga,7.2
2018,,,Leintz-Gatzaga,Porcentaje,Leintz-Gatzaga,5.0
2019,,,Leintz-Gatzaga,Porcentaje,Leintz-Gatzaga,6.7
2020,,,Leintz-Gatzaga,Porcentaje,Leintz-Gatzaga,8.3
2014,,,Donostia / San Sebastián,Porcentaje,Donostia / San Sebastián,0.1
2015,,,Donostia / San Sebastián,Porcentaje,Donostia / San Sebastián,0.1
2016,,,Donostia / San Sebastián,Porcentaje,Donostia / San Sebastián,0.0
2017,,,Donostia / San Sebastián,Porcentaje,Donostia / San Sebastián,0.0
2018,,,Donostia / San Sebastián,Porcentaje,Donostia / San Sebastián,0.0
2019,,,Donostia / San Sebastián,Porcentaje,Donostia / San Sebastián,0.0
2020,,,Donostia / San Sebastián,Porcentaje,Donostia / San Sebastián,0.0
2014,,Urola Kosta,,Porcentaje,Urola Kosta,1.7
2015,,Urola Kosta,,Porcentaje,Urola Kosta,1.9
2016,,Urola Kosta,,Porcentaje,Urola Kosta,1.9
2017,,Urola Kosta,,Porcentaje,Urola Kosta,2.5
2018,,Urola Kosta,,Porcentaje,Urola Kosta,2.1
2019,,Urola Kosta,,Porcentaje,Urola Kosta,2.2
2020,,Urola Kosta,,Porcentaje,Urola Kosta,1.9
2014,,,Segura,Porcentaje,Segura,2.6
2015,,,Segura,Porcentaje,Segura,2.7
2016,,,Segura,Porcentaje,Segura,2.4
2017,,,Segura,Porcentaje,Segura,2.9
2018,,,Segura,Porcentaje,Segura,2.4
2019,,,Segura,Porcentaje,Segura,2.9
2020,,,Segura,Porcentaje,Segura,2.8
2014,,,Tolosa,Porcentaje,Tolosa,0.5
2015,,,Tolosa,Porcentaje,Tolosa,0.4
2016,,,Tolosa,Porcentaje,Tolosa,0.4
2017,,,Tolosa,Porcentaje,Tolosa,0.4
2018,,,Tolosa,Porcentaje,Tolosa,0.3
2019,,,Tolosa,Porcentaje,Tolosa,0.3
2020,,,Tolosa,Porcentaje,Tolosa,0.3
2014,,,Urnieta,Porcentaje,Urnieta,0.6
2015,,,Urnieta,Porcentaje,Urnieta,0.6
2016,,,Urnieta,Porcentaje,Urnieta,0.6
2017,,,Urnieta,Porcentaje,Urnieta,0.6
2018,,,Urnieta,Porcentaje,Urnieta,0.5
2019,,,Urnieta,Porcentaje,Urnieta,0.6
2020,,,Urnieta,Porcentaje,Urnieta,0.6
2014,,,Usurbil,Porcentaje,Usurbil,0.5
2015,,,Usurbil,Porcentaje,Usurbil,0.6
2016,,,Usurbil,Porcentaje,Usurbil,0.6
2017,,,Usurbil,Porcentaje,Usurbil,0.7
2018,,,Usurbil,Porcentaje,Usurbil,0.5
2019,,,Usurbil,Porcentaje,Usurbil,0.6
2020,,,Usurbil,Porcentaje,Usurbil,0.6
2014,,,Bergara,Porcentaje,Bergara,0.7
2015,,,Bergara,Porcentaje,Bergara,0.8
2016,,,Bergara,Porcentaje,Bergara,0.8
2017,,,Bergara,Porcentaje,Bergara,0.9
2018,,,Bergara,Porcentaje,Bergara,0.6
2019,,,Bergara,Porcentaje,Bergara,0.8
2020,,,Bergara,Porcentaje,Bergara,0.7
2014,,,Villabona,Porcentaje,Villabona,0.6
2015,,,Villabona,Porcentaje,Villabona,0.6
2016,,,Villabona,Porcentaje,Villabona,0.5
2017,,,Villabona,Porcentaje,Villabona,0.6
2018,,,Villabona,Porcentaje,Villabona,0.5
2019,,,Villabona,Porcentaje,Villabona,0.6
2020,,,Villabona,Porcentaje,Villabona,0.5
2014,,,Ordizia,Porcentaje,Ordizia,0.1
2015,,,Ordizia,Porcentaje,Ordizia,0.1
2016,,,Ordizia,Porcentaje,Ordizia,0.1
2017,,,Ordizia,Porcentaje,Ordizia,0.2
2018,,,Ordizia,Porcentaje,Ordizia,0.1
2019,,,Ordizia,Porcentaje,Ordizia,0.2
2020,,,Ordizia,Porcentaje,Ordizia,0.2
2014,,,Urretxu,Porcentaje,Urretxu,0.3
2015,,,Urretxu,Porcentaje,Urretxu,0.3
2016,,,Urretxu,Porcentaje,Urretxu,0.3
2017,,,Urretxu,Porcentaje,Urretxu,0.3
2018,,,Urretxu,Porcentaje,Urretxu,0.3
2019,,,Urretxu,Porcentaje,Urretxu,0.3
2020,,,Urretxu,Porcentaje,Urretxu,0.3
2014,,,Zaldibia,Porcentaje,Zaldibia,2.4
2015,,,Zaldibia,Porcentaje,Zaldibia,2.7
2016,,,Zaldibia,Porcentaje,Zaldibia,2.8
2017,,,Zaldibia,Porcentaje,Zaldibia,3.5
2018,,,Zaldibia,Porcentaje,Zaldibia,2.8
2019,,,Zaldibia,Porcentaje,Zaldibia,3.2
2020,,,Zaldibia,Porcentaje,Zaldibia,3.1
2014,,,Zarautz,Porcentaje,Zarautz,0.4
2015,,,Zarautz,Porcentaje,Zarautz,0.5
2016,,,Zarautz,Porcentaje,Zarautz,0.4
2017,,,Zarautz,Porcentaje,Zarautz,0.5
2018,,,Zarautz,Porcentaje,Zarautz,0.4
2019,,,Zarautz,Porcentaje,Zarautz,0.5
2020,,,Zarautz,Porcentaje,Zarautz,0.5
2014,,,Zumarraga,Porcentaje,Zumarraga,0.3
2015,,,Zumarraga,Porcentaje,Zumarraga,0.3
2016,,,Zumarraga,Porcentaje,Zumarraga,0.4
2017,,,Zumarraga,Porcentaje,Zumarraga,0.4
2018,,,Zumarraga,Porcentaje,Zumarraga,0.3
2019,,,Zumarraga,Porcentaje,Zumarraga,0.4
2020,,,Zumarraga,Porcentaje,Zumarraga,0.3
2014,,,Zumaia,Porcentaje,Zumaia,0.3
2015,,,Zumaia,Porcentaje,Zumaia,0.3
2016,,,Zumaia,Porcentaje,Zumaia,0.3
2017,,,Zumaia,Porcentaje,Zumaia,0.4
2018,,,Zumaia,Porcentaje,Zumaia,0.3
2019,,,Zumaia,Porcentaje,Zumaia,0.3
2020,,,Zumaia,Porcentaje,Zumaia,0.4
2014,,,Mendaro,Porcentaje,Mendaro,0.5
2015,,,Mendaro,Porcentaje,Mendaro,0.6
2016,,,Mendaro,Porcentaje,Mendaro,0.7
2017,,,Mendaro,Porcentaje,Mendaro,0.8
2018,,,Mendaro,Porcentaje,Mendaro,0.5
2019,,,Mendaro,Porcentaje,Mendaro,0.7
2020,,,Mendaro,Porcentaje,Mendaro,0.6
2014,,,Lasarte-Oria,Porcentaje,Lasarte-Oria,0.1
2015,,,Lasarte-Oria,Porcentaje,Lasarte-Oria,0.1
2016,,,Lasarte-Oria,Porcentaje,Lasarte-Oria,0.1
2017,,,Lasarte-Oria,Porcentaje,Lasarte-Oria,0.1
2018,,,Lasarte-Oria,Porcentaje,Lasarte-Oria,0.1
2019,,,Lasarte-Oria,Porcentaje,Lasarte-Oria,0.1
2020,,,Lasarte-Oria,Porcentaje,Lasarte-Oria,0.1
2014,,,Astigarraga,Porcentaje,Astigarraga,0.1
2015,,,Astigarraga,Porcentaje,Astigarraga,0.1
2016,,,Astigarraga,Porcentaje,Astigarraga,0.1
2017,,,Astigarraga,Porcentaje,Astigarraga,0.2
2018,,,Astigarraga,Porcentaje,Astigarraga,0.2
2019,,,Astigarraga,Porcentaje,Astigarraga,0.2
2020,,,Astigarraga,Porcentaje,Astigarraga,0.3
2014,,,Baliarrain,Porcentaje,Baliarrain,9.5
2015,,,Baliarrain,Porcentaje,Baliarrain,8.2
2016,,,Baliarrain,Porcentaje,Baliarrain,7.2
2017,,,Baliarrain,Porcentaje,Baliarrain,7.1
2018,,,Baliarrain,Porcentaje,Baliarrain,6.2
2019,,,Baliarrain,Porcentaje,Baliarrain,6.8
2020,,,Baliarrain,Porcentaje,Baliarrain,6.1
2014,,,Orendain,Porcentaje,Orendain,19.7
2015,,,Orendain,Porcentaje,Orendain,16.8
2016,,,Orendain,Porcentaje,Orendain,18.6
2017,,,Orendain,Porcentaje,Orendain,18.0
2018,,,Orendain,Porcentaje,Orendain,14.2
2019,,,Orendain,Porcentaje,Orendain,15.1
2020,,,Orendain,Porcentaje,Orendain,16.1
2014,,,Altzaga,Porcentaje,Altzaga,4.7
2015,,,Altzaga,Porcentaje,Altzaga,5.5
2016,,,Altzaga,Porcentaje,Altzaga,5.4
2017,,,Altzaga,Porcentaje,Altzaga,6.0
2018,,,Altzaga,Porcentaje,Altzaga,4.7
2019,,,Altzaga,Porcentaje,Altzaga,4.9
2020,,,Altzaga,Porcentaje,Altzaga,4.8
2014,,,Gaztelu,Porcentaje,Gaztelu,12.1
2015,,,Gaztelu,Porcentaje,Gaztelu,13.8
2016,,,Gaztelu,Porcentaje,Gaztelu,16.4
2017,,,Gaztelu,Porcentaje,Gaztelu,18.0
2018,,,Gaztelu,Porcentaje,Gaztelu,15.6
2019,,,Gaztelu,Porcentaje,Gaztelu,19.9
2020,,,Gaztelu,Porcentaje,Gaztelu,20.0
2010,Bizkaia,,,Porcentaje,Bizkaia,0.6
2011,Bizkaia,,,Porcentaje,Bizkaia,0.7
2012,Bizkaia,,,Porcentaje,Bizkaia,0.8
2013,Bizkaia,,,Porcentaje,Bizkaia,0.9
2014,Bizkaia,,,Porcentaje,Bizkaia,0.6
2015,Bizkaia,,,Porcentaje,Bizkaia,0.6
2016,Bizkaia,,,Porcentaje,Bizkaia,0.6
2017,Bizkaia,,,Porcentaje,Bizkaia,0.8
2018,Bizkaia,,,Porcentaje,Bizkaia,0.7
2019,Bizkaia,,,Porcentaje,Bizkaia,0.7
2020,Bizkaia,,,Porcentaje,Bizkaia,0.7
2021,Bizkaia,,,Porcentaje,Bizkaia,0.7
2022,Bizkaia,,,Porcentaje,Bizkaia,0.9
2014,,,Abadiño,Porcentaje,Abadiño,0.2
2015,,,Abadiño,Porcentaje,Abadiño,0.2
2016,,,Abadiño,Porcentaje,Abadiño,0.2
2017,,,Abadiño,Porcentaje,Abadiño,0.2
2018,,,Abadiño,Porcentaje,Abadiño,0.2
2019,,,Abadiño,Porcentaje,Abadiño,0.2
2020,,,Abadiño,Porcentaje,Abadiño,0.3
2014,,,Abanto y Ciérvana-Abanto Zierbena,Porcentaje,Abanto y Ciérvana-Abanto Zierbena,0.5
2015,,,Abanto y Ciérvana-Abanto Zierbena,Porcentaje,Abanto y Ciérvana-Abanto Zierbena,0.3
2016,,,Abanto y Ciérvana-Abanto Zierbena,Porcentaje,Abanto y Ciérvana-Abanto Zierbena,0.3
2017,,,Abanto y Ciérvana-Abanto Zierbena,Porcentaje,Abanto y Ciérvana-Abanto Zierbena,0.3
2018,,,Abanto y Ciérvana-Abanto Zierbena,Porcentaje,Abanto y Ciérvana-Abanto Zierbena,0.2
2019,,,Abanto y Ciérvana-Abanto Zierbena,Porcentaje,Abanto y Ciérvana-Abanto Zierbena,0.2
2020,,,Abanto y Ciérvana-Abanto Zierbena,Porcentaje,Abanto y Ciérvana-Abanto Zierbena,0.2
2014,,,Amorebieta-Etxano,Porcentaje,Amorebieta-Etxano,0.4
2015,,,Amorebieta-Etxano,Porcentaje,Amorebieta-Etxano,0.4
2016,,,Amorebieta-Etxano,Porcentaje,Amorebieta-Etxano,0.4
2017,,,Amorebieta-Etxano,Porcentaje,Amorebieta-Etxano,0.3
2018,,,Amorebieta-Etxano,Porcentaje,Amorebieta-Etxano,0.3
2019,,,Amorebieta-Etxano,Porcentaje,Amorebieta-Etxano,0.3
2020,,,Amorebieta-Etxano,Porcentaje,Amorebieta-Etxano,0.3
2014,,,Amoroto,Porcentaje,Amoroto,4.7
2015,,,Amoroto,Porcentaje,Amoroto,5.7
2016,,,Amoroto,Porcentaje,Amoroto,5.6
2017,,,Amoroto,Porcentaje,Amoroto,4.8
2018,,,Amoroto,Porcentaje,Amoroto,4.0
2019,,,Amoroto,Porcentaje,Amoroto,4.0
2020,,,Amoroto,Porcentaje,Amoroto,4.0
2014,,,Arakaldo,Porcentaje,Arakaldo,2.5
2015,,,Arakaldo,Porcentaje,Arakaldo,4.6
2016,,,Arakaldo,Porcentaje,Arakaldo,4.7
2017,,,Arakaldo,Porcentaje,Arakaldo,4.4
2018,,,Arakaldo,Porcentaje,Arakaldo,3.8
2019,,,Arakaldo,Porcentaje,Arakaldo,4.0
2020,,,Arakaldo,Porcentaje,Arakaldo,5.2
2014,,,Arantzazu,Porcentaje,Arantzazu,3.7
2015,,,Arantzazu,Porcentaje,Arantzazu,3.4
2016,,,Arantzazu,Porcentaje,Arantzazu,4.2
2017,,,Arantzazu,Porcentaje,Arantzazu,4.2
2018,,,Arantzazu,Porcentaje,Arantzazu,4.9
2019,,,Arantzazu,Porcentaje,Arantzazu,5.8
2020,,,Arantzazu,Porcentaje,Arantzazu,6.6
2014,,,Munitibar-Arbatzegi Gerrikaitz,Porcentaje,Munitibar-Arbatzegi Gerrikaitz,10.1
2015,,,Munitibar-Arbatzegi Gerrikaitz,Porcentaje,Munitibar-Arbatzegi Gerrikaitz,10.5
2016,,,Munitibar-Arbatzegi Gerrikaitz,Porcentaje,Munitibar-Arbatzegi Gerrikaitz,12.2
2017,,,Munitibar-Arbatzegi Gerrikaitz,Porcentaje,Munitibar-Arbatzegi Gerrikaitz,11.4
2018,,,Munitibar-Arbatzegi Gerrikaitz,Porcentaje,Munitibar-Arbatzegi Gerrikaitz,11.1
2019,,,Munitibar-Arbatzegi Gerrikaitz,Porcentaje,Munitibar-Arbatzegi Gerrikaitz,13.6
2020,,,Munitibar-Arbatzegi Gerrikaitz,Porcentaje,Munitibar-Arbatzegi Gerrikaitz,12.3
2014,,,Artzentales,Porcentaje,Artzentales,12.3
2015,,,Artzentales,Porcentaje,Artzentales,10.1
2016,,,Artzentales,Porcentaje,Artzentales,12.1
2017,,,Artzentales,Porcentaje,Artzentales,12.5
2018,,,Artzentales,Porcentaje,Artzentales,13.6
2019,,,Artzentales,Porcentaje,Artzentales,13.6
2020,,,Artzentales,Porcentaje,Artzentales,15.0
2014,,,Arrankudiaga-Zollo,Porcentaje,Arrankudiaga-Zollo,2.2
2015,,,Arrankudiaga-Zollo,Porcentaje,Arrankudiaga-Zollo,2.0
2016,,,Arrankudiaga-Zollo,Porcentaje,Arrankudiaga-Zollo,2.1
2017,,,Arrankudiaga-Zollo,Porcentaje,Arrankudiaga-Zollo,1.7
2018,,,Arrankudiaga-Zollo,Porcentaje,Arrankudiaga-Zollo,1.5
2019,,,Arrankudiaga-Zollo,Porcentaje,Arrankudiaga-Zollo,1.9
2020,,,Arrankudiaga-Zollo,Porcentaje,Arrankudiaga-Zollo,1.7
2014,,Arratia Nerbioi / Arratia-Nervión,,Porcentaje,Arratia Nerbioi / Arratia-Nervión,2.1
2015,,Arratia Nerbioi / Arratia-Nervión,,Porcentaje,Arratia Nerbioi / Arratia-Nervión,2.2
2016,,Arratia Nerbioi / Arratia-Nervión,,Porcentaje,Arratia Nerbioi / Arratia-Nervión,2.4
2017,,Arratia Nerbioi / Arratia-Nervión,,Porcentaje,Arratia Nerbioi / Arratia-Nervión,2.2
2018,,Arratia Nerbioi / Arratia-Nervión,,Porcentaje,Arratia Nerbioi / Arratia-Nervión,2.0
2019,,Arratia Nerbioi / Arratia-Nervión,,Porcentaje,Arratia Nerbioi / Arratia-Nervión,2.2
2020,,Arratia Nerbioi / Arratia-Nervión,,Porcentaje,Arratia Nerbioi / Arratia-Nervión,2.4
2014,,,Arrieta,Porcentaje,Arrieta,14.1
2015,,,Arrieta,Porcentaje,Arrieta,15.7
2016,,,Arrieta,Porcentaje,Arrieta,15.6
2017,,,Arrieta,Porcentaje,Arrieta,15.1
2018,,,Arrieta,Porcentaje,Arrieta,13.6
2019,,,Arrieta,Porcentaje,Arrieta,12.2
2020,,,Arrieta,Porcentaje,Arrieta,13.7
2014,,,Arrigorriaga,Porcentaje,Arrigorriaga,0.2
2015,,,Arrigorriaga,Porcentaje,Arrigorriaga,0.2
2016,,,Arrigorriaga,Porcentaje,Arrigorriaga,0.2
2017,,,Arrigorriaga,Porcentaje,Arrigorriaga,0.2
2018,,,Arrigorriaga,Porcentaje,Arrigorriaga,0.2
2019,,,Arrigorriaga,Porcentaje,Arrigorriaga,0.3
2020,,,Arrigorriaga,Porcentaje,Arrigorriaga,0.4
2014,,,Bakio,Porcentaje,Bakio,5.0
2015,,,Bakio,Porcentaje,Bakio,4.9
2016,,,Bakio,Porcentaje,Bakio,4.0
2017,,,Bakio,Porcentaje,Bakio,3.3
2018,,,Bakio,Porcentaje,Bakio,2.7
2019,,,Bakio,Porcentaje,Bakio,2.8
2020,,,Bakio,Porcentaje,Bakio,3.1
2014,,,Barakaldo,Porcentaje,Barakaldo,0.0
2015,,,Barakaldo,Porcentaje,Barakaldo,0.0
2016,,,Barakaldo,Porcentaje,Barakaldo,0.0
2017,,,Barakaldo,Porcentaje,Barakaldo,0.0
2018,,,Barakaldo,Porcentaje,Barakaldo,0.0
2019,,,Barakaldo,Porcentaje,Barakaldo,0.0
2020,,,Barakaldo,Porcentaje,Barakaldo,0.0
2014,,,Barrika,Porcentaje,Barrika,1.1
2015,,,Barrika,Porcentaje,Barrika,1.3
2016,,,Barrika,Porcentaje,Barrika,1.6
2017,,,Barrika,Porcentaje,Barrika,1.8
2018,,,Barrika,Porcentaje,Barrika,1.7
2019,,,Barrika,Porcentaje,Barrika,1.8
2020,,,Barrika,Porcentaje,Barrika,1.9
2014,,,Basauri,Porcentaje,Basauri,0.1
2015,,,Basauri,Porcentaje,Basauri,0.1
2016,,,Basauri,Porcentaje,Basauri,0.1
2017,,,Basauri,Porcentaje,Basauri,0.1
2018,,,Basauri,Porcentaje,Basauri,0.0
2019,,,Basauri,Porcentaje,Basauri,0.0
2020,,,Basauri,Porcentaje,Basauri,0.1
2014,,,Berango,Porcentaje,Berango,1.1
2015,,,Berango,Porcentaje,Berango,0.9
2016,,,Berango,Porcentaje,Berango,0.7
2017,,,Berango,Porcentaje,Berango,0.7
2018,,,Berango,Porcentaje,Berango,0.5
2019,,,Berango,Porcentaje,Berango,0.5
2020,,,Berango,Porcentaje,Berango,0.4
2014,,,Bermeo,Porcentaje,Bermeo,16.6
2015,,,Bermeo,Porcentaje,Bermeo,13.0
2016,,,Bermeo,Porcentaje,Bermeo,14.3
2017,,,Bermeo,Porcentaje,Bermeo,33.4
2018,,,Bermeo,Porcentaje,Bermeo,30.8
2019,,,Bermeo,Porcentaje,Bermeo,32.5
2020,,,Bermeo,Porcentaje,Bermeo,29.4
2014,,,Berriatua,Porcentaje,Berriatua,1.5
2015,,,Berriatua,Porcentaje,Berriatua,1.5
2016,,,Berriatua,Porcentaje,Berriatua,1.4
2017,,,Berriatua,Porcentaje,Berriatua,1.2
2018,,,Berriatua,Porcentaje,Berriatua,1.2
2019,,,Berriatua,Porcentaje,Berriatua,1.4
2020,,,Berriatua,Porcentaje,Berriatua,1.6
2014,,,Berriz,Porcentaje,Berriz,0.7
2015,,,Berriz,Porcentaje,Berriz,0.7
2016,,,Berriz,Porcentaje,Berriz,0.9
2017,,,Berriz,Porcentaje,Berriz,0.9
2018,,,Berriz,Porcentaje,Berriz,0.8
2019,,,Berriz,Porcentaje,Berriz,0.9
2020,,,Berriz,Porcentaje,Berriz,1.1
2014,,Bilbo Handia / Gran Bilbao,,Porcentaje,Bilbo Handia / Gran Bilbao,0.1
2015,,Bilbo Handia / Gran Bilbao,,Porcentaje,Bilbo Handia / Gran Bilbao,0.1
2016,,Bilbo Handia / Gran Bilbao,,Porcentaje,Bilbo Handia / Gran Bilbao,0.1
2017,,Bilbo Handia / Gran Bilbao,,Porcentaje,Bilbo Handia / Gran Bilbao,0.1
2018,,Bilbo Handia / Gran Bilbao,,Porcentaje,Bilbo Handia / Gran Bilbao,0.1
2019,,Bilbo Handia / Gran Bilbao,,Porcentaje,Bilbo Handia / Gran Bilbao,0.1
2020,,Bilbo Handia / Gran Bilbao,,Porcentaje,Bilbo Handia / Gran Bilbao,0.1
2014,,,Bilbao,Porcentaje,Bilbao,0.0
2015,,,Bilbao,Porcentaje,Bilbao,0.0
2016,,,Bilbao,Porcentaje,Bilbao,0.0
2017,,,Bilbao,Porcentaje,Bilbao,0.1
2018,,,Bilbao,Porcentaje,Bilbao,0.1
2019,,,Bilbao,Porcentaje,Bilbao,0.1
2020,,,Bilbao,Porcentaje,Bilbao,0.0
2014,,,Busturia,Porcentaje,Busturia,6.5
2015,,,Busturia,Porcentaje,Busturia,5.8
2016,,,Busturia,Porcentaje,Busturia,5.0
2017,,,Busturia,Porcentaje,Busturia,5.0
2018,,,Busturia,Porcentaje,Busturia,4.3
2019,,,Busturia,Porcentaje,Busturia,4.8
2020,,,Busturia,Porcentaje,Busturia,4.7
2014,,,Karrantza Harana/Valle de Carranza,Porcentaje,Karrantza Harana/Valle de Carranza,22.2
2015,,,Karrantza Harana/Valle de Carranza,Porcentaje,Karrantza Harana/Valle de Carranza,17.0
2016,,,Karrantza Harana/Valle de Carranza,Porcentaje,Karrantza Harana/Valle de Carranza,18.6
2017,,,Karrantza Harana/Valle de Carranza,Porcentaje,Karrantza Harana/Valle de Carranza,19.6
2018,,,Karrantza Harana/Valle de Carranza,Porcentaje,Karrantza Harana/Valle de Carranza,15.7
2019,,,Karrantza Harana/Valle de Carranza,Porcentaje,Karrantza Harana/Valle de Carranza,15.0
2020,,,Karrantza Harana/Valle de Carranza,Porcentaje,Karrantza Harana/Valle de Carranza,16.7
2014,,,Artea,Porcentaje,Artea,1.7
2015,,,Artea,Porcentaje,Artea,2.1
2016,,,Artea,Porcentaje,Artea,2.1
2017,,,Artea,Porcentaje,Artea,2.0
2018,,,Artea,Porcentaje,Artea,1.7
2019,,,Artea,Porcentaje,Artea,1.9
2020,,,Artea,Porcentaje,Artea,2.1
2014,,,Zeanuri,Porcentaje,Zeanuri,6.8
2015,,,Zeanuri,Porcentaje,Zeanuri,10.0
2016,,,Zeanuri,Porcentaje,Zeanuri,10.0
2017,,,Zeanuri,Porcentaje,Zeanuri,8.1
2018,,,Zeanuri,Porcentaje,Zeanuri,7.2
2019,,,Zeanuri,Porcentaje,Zeanuri,8.1
2020,,,Zeanuri,Porcentaje,Zeanuri,8.7
2014,,,Zeberio,Porcentaje,Zeberio,12.7
2015,,,Zeberio,Porcentaje,Zeberio,11.8
2016,,,Zeberio,Porcentaje,Zeberio,13.2
2017,,,Zeberio,Porcentaje,Zeberio,11.1
2018,,,Zeberio,Porcentaje,Zeberio,11.0
2019,,,Zeberio,Porcentaje,Zeberio,12.8
2020,,,Zeberio,Porcentaje,Zeberio,12.5
2014,,,Dima,Porcentaje,Dima,5.9
2015,,,Dima,Porcentaje,Dima,6.3
2016,,,Dima,Porcentaje,Dima,7.8
2017,,,Dima,Porcentaje,Dima,7.7
2018,,,Dima,Porcentaje,Dima,7.1
2019,,,Dima,Porcentaje,Dima,8.6
2020,,,Dima,Porcentaje,Dima,8.2
2014,,,Durango,Porcentaje,Durango,0.1
2015,,,Durango,Porcentaje,Durango,0.1
2016,,,Durango,Porcentaje,Durango,0.1
2017,,,Durango,Porcentaje,Durango,0.1
2018,,,Durango,Porcentaje,Durango,0.1
2019,,,Durango,Porcentaje,Durango,0.1
2020,,,Durango,Porcentaje,Durango,0.1
2014,,,Ea,Porcentaje,Ea,5.6
2015,,,Ea,Porcentaje,Ea,5.2
2016,,,Ea,Porcentaje,Ea,4.7
2017,,,Ea,Porcentaje,Ea,4.9
2018,,,Ea,Porcentaje,Ea,4.3
2019,,,Ea,Porcentaje,Ea,4.9
2020,,,Ea,Porcentaje,Ea,4.7
2014,,,Etxebarri,Porcentaje,Etxebarri,0.0
2015,,,Etxebarri,Porcentaje,Etxebarri,0.0
2016,,,Etxebarri,Porcentaje,Etxebarri,0.0
2017,,,Etxebarri,Porcentaje,Etxebarri,0.0
2018,,,Etxebarri,Porcentaje,Etxebarri,0.0
2019,,,Etxebarri,Porcentaje,Etxebarri,0.0
2020,,,Etxebarri,Porcentaje,Etxebarri,0.0
2014,,Durangaldea / Duranguesado,,Porcentaje,Durangaldea / Duranguesado,0.4
2015,,Durangaldea / Duranguesado,,Porcentaje,Durangaldea / Duranguesado,0.4
2016,,Durangaldea / Duranguesado,,Porcentaje,Durangaldea / Duranguesado,0.4
2017,,Durangaldea / Duranguesado,,Porcentaje,Durangaldea / Duranguesado,0.4
2018,,Durangaldea / Duranguesado,,Porcentaje,Durangaldea / Duranguesado,0.4
2019,,Durangaldea / Duranguesado,,Porcentaje,Durangaldea / Duranguesado,0.4
2020,,Durangaldea / Duranguesado,,Porcentaje,Durangaldea / Duranguesado,0.4
2014,,,Etxebarria,Porcentaje,Etxebarria,0.9
2015,,,Etxebarria,Porcentaje,Etxebarria,0.9
2016,,,Etxebarria,Porcentaje,Etxebarria,0.9
2017,,,Etxebarria,Porcentaje,Etxebarria,0.8
2018,,,Etxebarria,Porcentaje,Etxebarria,0.9
2019,,,Etxebarria,Porcentaje,Etxebarria,1.1
2020,,,Etxebarria,Porcentaje,Etxebarria,1.1
2014,,,Elantxobe,Porcentaje,Elantxobe,1.8
2015,,,Elantxobe,Porcentaje,Elantxobe,1.6
2016,,,Elantxobe,Porcentaje,Elantxobe,1.4
2017,,,Elantxobe,Porcentaje,Elantxobe,1.2
2018,,,Elantxobe,Porcentaje,Elantxobe,1.0
2019,,,Elantxobe,Porcentaje,Elantxobe,1.1
2020,,,Elantxobe,Porcentaje,Elantxobe,1.0
2014,,,Elorrio,Porcentaje,Elorrio,0.6
2015,,,Elorrio,Porcentaje,Elorrio,0.5
2016,,,Elorrio,Porcentaje,Elorrio,0.8
2017,,,Elorrio,Porcentaje,Elorrio,0.7
2018,,,Elorrio,Porcentaje,Elorrio,0.7
2019,,,Elorrio,Porcentaje,Elorrio,0.8
2020,,,Elorrio,Porcentaje,Elorrio,0.8
2014,,,Ereño,Porcentaje,Ereño,13.6
2015,,,Ereño,Porcentaje,Ereño,10.6
2016,,,Ereño,Porcentaje,Ereño,8.7
2017,,,Ereño,Porcentaje,Ereño,8.5
2018,,,Ereño,Porcentaje,Ereño,11.9
2019,,,Ereño,Porcentaje,Ereño,14.9
2020,,,Ereño,Porcentaje,Ereño,16.4
2014,,,Ermua,Porcentaje,Ermua,0.1
2015,,,Ermua,Porcentaje,Ermua,0.1
2016,,,Ermua,Porcentaje,Ermua,0.1
2017,,,Ermua,Porcentaje,Ermua,0.1
2018,,,Ermua,Porcentaje,Ermua,0.0
2019,,,Ermua,Porcentaje,Ermua,0.1
2020,,,Ermua,Porcentaje,Ermua,0.1
2014,,,Fruiz,Porcentaje,Fruiz,8.3
2015,,,Fruiz,Porcentaje,Fruiz,7.1
2016,,,Fruiz,Porcentaje,Fruiz,6.2
2017,,,Fruiz,Porcentaje,Fruiz,5.3
2018,,,Fruiz,Porcentaje,Fruiz,4.8
2019,,,Fruiz,Porcentaje,Fruiz,5.1
2020,,,Fruiz,Porcentaje,Fruiz,4.5
2014,,,Galdakao,Porcentaje,Galdakao,0.2
2015,,,Galdakao,Porcentaje,Galdakao,0.2
2016,,,Galdakao,Porcentaje,Galdakao,0.2
2017,,,Galdakao,Porcentaje,Galdakao,0.1
2018,,,Galdakao,Porcentaje,Galdakao,0.1
2019,,,Galdakao,Porcentaje,Galdakao,0.1
2020,,,Galdakao,Porcentaje,Galdakao,0.1
2014,,,Galdames,Porcentaje,Galdames,6.2
2015,,,Galdames,Porcentaje,Galdames,7.0
2016,,,Galdames,Porcentaje,Galdames,9.0
2017,,,Galdames,Porcentaje,Galdames,8.4
2018,,,Galdames,Porcentaje,Galdames,7.4
2019,,,Galdames,Porcentaje,Galdames,7.8
2020,,,Galdames,Porcentaje,Galdames,8.0
2014,,,Gamiz-Fika,Porcentaje,Gamiz-Fika,18.3
2015,,,Gamiz-Fika,Porcentaje,Gamiz-Fika,18.9
2016,,,Gamiz-Fika,Porcentaje,Gamiz-Fika,14.5
2017,,,Gamiz-Fika,Porcentaje,Gamiz-Fika,12.9
2018,,,Gamiz-Fika,Porcentaje,Gamiz-Fika,11.4
2019,,,Gamiz-Fika,Porcentaje,Gamiz-Fika,11.4
2020,,,Gamiz-Fika,Porcentaje,Gamiz-Fika,12.3
2014,,,Garai,Porcentaje,Garai,6.1
2015,,,Garai,Porcentaje,Garai,6.0
2016,,,Garai,Porcentaje,Garai,7.0
2017,,,Garai,Porcentaje,Garai,6.4
2018,,,Garai,Porcentaje,Garai,6.1
2019,,,Garai,Porcentaje,Garai,6.4
2020,,,Garai,Porcentaje,Garai,8.4
2014,,Enkartazioak / Encartaciones,,Porcentaje,Enkartazioak / Encartaciones,4.2
2015,,Enkartazioak / Encartaciones,,Porcentaje,Enkartazioak / Encartaciones,3.4
2016,,Enkartazioak / Encartaciones,,Porcentaje,Enkartazioak / Encartaciones,3.8
2017,,Enkartazioak / Encartaciones,,Porcentaje,Enkartazioak / Encartaciones,3.8
2018,,Enkartazioak / Encartaciones,,Porcentaje,Enkartazioak / Encartaciones,3.5
2019,,Enkartazioak / Encartaciones,,Porcentaje,Enkartazioak / Encartaciones,3.3
2020,,Enkartazioak / Encartaciones,,Porcentaje,Enkartazioak / Encartaciones,3.5
2014,,,Gatika,Porcentaje,Gatika,2.9
2015,,,Gatika,Porcentaje,Gatika,3.6
2016,,,Gatika,Porcentaje,Gatika,2.7
2017,,,Gatika,Porcentaje,Gatika,2.7
2018,,,Gatika,Porcentaje,Gatika,2.3
2019,,,Gatika,Porcentaje,Gatika,2.6
2020,,,Gatika,Porcentaje,Gatika,3.0
2014,,,Gautegiz Arteaga,Porcentaje,Gautegiz Arteaga,4.5
2015,,,Gautegiz Arteaga,Porcentaje,Gautegiz Arteaga,4.0
2016,,,Gautegiz Arteaga,Porcentaje,Gautegiz Arteaga,3.5
2017,,,Gautegiz Arteaga,Porcentaje,Gautegiz Arteaga,2.9
2018,,,Gautegiz Arteaga,Porcentaje,Gautegiz Arteaga,2.6
2019,,,Gautegiz Arteaga,Porcentaje,Gautegiz Arteaga,2.8
2020,,,Gautegiz Arteaga,Porcentaje,Gautegiz Arteaga,3.1
2014,,,Gordexola,Porcentaje,Gordexola,5.5
2015,,,Gordexola,Porcentaje,Gordexola,5.1
2016,,,Gordexola,Porcentaje,Gordexola,5.1
2017,,,Gordexola,Porcentaje,Gordexola,4.3
2018,,,Gordexola,Porcentaje,Gordexola,4.0
2019,,,Gordexola,Porcentaje,Gordexola,4.5
2020,,,Gordexola,Porcentaje,Gordexola,4.3
2014,,,Gorliz,Porcentaje,Gorliz,1.6
2015,,,Gorliz,Porcentaje,Gorliz,1.5
2016,,,Gorliz,Porcentaje,Gorliz,1.2
2017,,,Gorliz,Porcentaje,Gorliz,0.9
2018,,,Gorliz,Porcentaje,Gorliz,0.8
2019,,,Gorliz,Porcentaje,Gorliz,0.6
2020,,,Gorliz,Porcentaje,Gorliz,0.5
2014,,,Getxo,Porcentaje,Getxo,0.1
2015,,,Getxo,Porcentaje,Getxo,0.1
2016,,,Getxo,Porcentaje,Getxo,0.1
2017,,,Getxo,Porcentaje,Getxo,0.1
2018,,,Getxo,Porcentaje,Getxo,0.1
2019,,,Getxo,Porcentaje,Getxo,0.0
2020,,,Getxo,Porcentaje,Getxo,0.0
2014,,,Güeñes,Porcentaje,Güeñes,1.4
2015,,,Güeñes,Porcentaje,Güeñes,1.3
2016,,,Güeñes,Porcentaje,Güeñes,1.4
2017,,,Güeñes,Porcentaje,Güeñes,1.2
2018,,,Güeñes,Porcentaje,Güeñes,1.2
2019,,,Güeñes,Porcentaje,Güeñes,1.0
2020,,,Güeñes,Porcentaje,Güeñes,1.2
2014,,,Gernika-Lumo,Porcentaje,Gernika-Lumo,0.2
2015,,,Gernika-Lumo,Porcentaje,Gernika-Lumo,0.2
2016,,,Gernika-Lumo,Porcentaje,Gernika-Lumo,0.2
2017,,,Gernika-Lumo,Porcentaje,Gernika-Lumo,0.3
2018,,,Gernika-Lumo,Porcentaje,Gernika-Lumo,0.3
2019,,,Gernika-Lumo,Porcentaje,Gernika-Lumo,0.3
2020,,,Gernika-Lumo,Porcentaje,Gernika-Lumo,0.4
2014,,,Gizaburuaga,Porcentaje,Gizaburuaga,2.2
2015,,,Gizaburuaga,Porcentaje,Gizaburuaga,1.9
2016,,,Gizaburuaga,Porcentaje,Gizaburuaga,2.1
2017,,,Gizaburuaga,Porcentaje,Gizaburuaga,1.6
2018,,,Gizaburuaga,Porcentaje,Gizaburuaga,1.7
2019,,,Gizaburuaga,Porcentaje,Gizaburuaga,2.1
2020,,,Gizaburuaga,Porcentaje,Gizaburuaga,2.1
2014,,,Ibarrangelu,Porcentaje,Ibarrangelu,4.2
2015,,,Ibarrangelu,Porcentaje,Ibarrangelu,4.4
2016,,,Ibarrangelu,Porcentaje,Ibarrangelu,4.2
2017,,,Ibarrangelu,Porcentaje,Ibarrangelu,4.3
2018,,,Ibarrangelu,Porcentaje,Ibarrangelu,3.5
2019,,,Ibarrangelu,Porcentaje,Ibarrangelu,3.9
2020,,,Ibarrangelu,Porcentaje,Ibarrangelu,4.3
2014,,,Ispaster,Porcentaje,Ispaster,7.6
2015,,,Ispaster,Porcentaje,Ispaster,8.7
2016,,,Ispaster,Porcentaje,Ispaster,9.4
2017,,,Ispaster,Porcentaje,Ispaster,8.8
2018,,,Ispaster,Porcentaje,Ispaster,11.5
2019,,,Ispaster,Porcentaje,Ispaster,12.6
2020,,,Ispaster,Porcentaje,Ispaster,12.2
2014,,Gernika-Bermeo,,Porcentaje,Gernika-Bermeo,7.8
2015,,Gernika-Bermeo,,Porcentaje,Gernika-Bermeo,6.5
2016,,Gernika-Bermeo,,Porcentaje,Gernika-Bermeo,6.9
2017,,Gernika-Bermeo,,Porcentaje,Gernika-Bermeo,14.9
2018,,Gernika-Bermeo,,Porcentaje,Gernika-Bermeo,13.2
2019,,Gernika-Bermeo,,Porcentaje,Gernika-Bermeo,14.1
2020,,Gernika-Bermeo,,Porcentaje,Gernika-Bermeo,12.7
2014,,,Izurtza,Porcentaje,Izurtza,0.4
2015,,,Izurtza,Porcentaje,Izurtza,0.4
2016,,,Izurtza,Porcentaje,Izurtza,0.6
2017,,,Izurtza,Porcentaje,Izurtza,0.6
2018,,,Izurtza,Porcentaje,Izurtza,0.6
2019,,,Izurtza,Porcentaje,Izurtza,0.8
2020,,,Izurtza,Porcentaje,Izurtza,0.9
2014,,,Lanestosa,Porcentaje,Lanestosa,5.4
2015,,,Lanestosa,Porcentaje,Lanestosa,4.5
2016,,,Lanestosa,Porcentaje,Lanestosa,5.1
2017,,,Lanestosa,Porcentaje,Lanestosa,5.5
2018,,,Lanestosa,Porcentaje,Lanestosa,5.7
2019,,,Lanestosa,Porcentaje,Lanestosa,5.6
2020,,,Lanestosa,Porcentaje,Lanestosa,6.3
2014,,,Larrabetzu,Porcentaje,Larrabetzu,2.9
2015,,,Larrabetzu,Porcentaje,Larrabetzu,2.6
2016,,,Larrabetzu,Porcentaje,Larrabetzu,2.0
2017,,,Larrabetzu,Porcentaje,Larrabetzu,1.4
2018,,,Larrabetzu,Porcentaje,Larrabetzu,1.1
2019,,,Larrabetzu,Porcentaje,Larrabetzu,1.2
2020,,,Larrabetzu,Porcentaje,Larrabetzu,1.3
2014,,,Laukiz,Porcentaje,Laukiz,4.3
2015,,,Laukiz,Porcentaje,Laukiz,4.3
2016,,,Laukiz,Porcentaje,Laukiz,4.2
2017,,,Laukiz,Porcentaje,Laukiz,4.0
2018,,,Laukiz,Porcentaje,Laukiz,3.8
2019,,,Laukiz,Porcentaje,Laukiz,3.2
2020,,,Laukiz,Porcentaje,Laukiz,3.5
2014,,,Leioa,Porcentaje,Leioa,0.0
2015,,,Leioa,Porcentaje,Leioa,0.0
2016,,,Leioa,Porcentaje,Leioa,0.0
2017,,,Leioa,Porcentaje,Leioa,0.0
2018,,,Leioa,Porcentaje,Leioa,0.0
2019,,,Leioa,Porcentaje,Leioa,0.0
2020,,,Leioa,Porcentaje,Leioa,0.0
2014,,,Lemoa,Porcentaje,Lemoa,0.5
2015,,,Lemoa,Porcentaje,Lemoa,0.5
2016,,,Lemoa,Porcentaje,Lemoa,0.6
2017,,,Lemoa,Porcentaje,Lemoa,0.5
2018,,,Lemoa,Porcentaje,Lemoa,0.5
2019,,,Lemoa,Porcentaje,Lemoa,0.6
2020,,,Lemoa,Porcentaje,Lemoa,0.6
2014,,,Lemoiz,Porcentaje,Lemoiz,7.7
2015,,,Lemoiz,Porcentaje,Lemoiz,5.9
2016,,,Lemoiz,Porcentaje,Lemoiz,6.2
2017,,,Lemoiz,Porcentaje,Lemoiz,7.8
2018,,,Lemoiz,Porcentaje,Lemoiz,6.4
2019,,,Lemoiz,Porcentaje,Lemoiz,9.9
2020,,,Lemoiz,Porcentaje,Lemoiz,12.2
2014,,,Lekeitio,Porcentaje,Lekeitio,1.8
2015,,,Lekeitio,Porcentaje,Lekeitio,2.0
2016,,,Lekeitio,Porcentaje,Lekeitio,2.8
2017,,,Lekeitio,Porcentaje,Lekeitio,3.5
2018,,,Lekeitio,Porcentaje,Lekeitio,3.5
2019,,,Lekeitio,Porcentaje,Lekeitio,3.1
2020,,,Lekeitio,Porcentaje,Lekeitio,2.5
2014,,,Mallabia,Porcentaje,Mallabia,1.0
2015,,,Mallabia,Porcentaje,Mallabia,1.0
2016,,,Mallabia,Porcentaje,Mallabia,1.1
2017,,,Mallabia,Porcentaje,Mallabia,0.9
2018,,,Mallabia,Porcentaje,Mallabia,0.8
2019,,,Mallabia,Porcentaje,Mallabia,0.8
2020,,,Mallabia,Porcentaje,Mallabia,0.8
2014,,,Mañaria,Porcentaje,Mañaria,1.8
2015,,,Mañaria,Porcentaje,Mañaria,1.8
2016,,,Mañaria,Porcentaje,Mañaria,2.7
2017,,,Mañaria,Porcentaje,Mañaria,2.9
2018,,,Mañaria,Porcentaje,Mañaria,2.4
2019,,,Mañaria,Porcentaje,Mañaria,2.6
2020,,,Mañaria,Porcentaje,Mañaria,2.8
2014,,Markina-Ondarroa,,Porcentaje,Markina-Ondarroa,5.6
2015,,Markina-Ondarroa,,Porcentaje,Markina-Ondarroa,6.3
2016,,Markina-Ondarroa,,Porcentaje,Markina-Ondarroa,6.7
2017,,Markina-Ondarroa,,Porcentaje,Markina-Ondarroa,6.4
2018,,Markina-Ondarroa,,Porcentaje,Markina-Ondarroa,5.8
2019,,Markina-Ondarroa,,Porcentaje,Markina-Ondarroa,6.7
2020,,Markina-Ondarroa,,Porcentaje,Markina-Ondarroa,5.4
2014,,,Markina-Xemein,Porcentaje,Markina-Xemein,1.9
2015,,,Markina-Xemein,Porcentaje,Markina-Xemein,2.2
2016,,,Markina-Xemein,Porcentaje,Markina-Xemein,2.5
2017,,,Markina-Xemein,Porcentaje,Markina-Xemein,2.4
2018,,,Markina-Xemein,Porcentaje,Markina-Xemein,2.3
2019,,,Markina-Xemein,Porcentaje,Markina-Xemein,2.7
2020,,,Markina-Xemein,Porcentaje,Markina-Xemein,3.0
2014,,,Maruri-Jatabe,Porcentaje,Maruri-Jatabe,6.9
2015,,,Maruri-Jatabe,Porcentaje,Maruri-Jatabe,5.3
2016,,,Maruri-Jatabe,Porcentaje,Maruri-Jatabe,7.4
2017,,,Maruri-Jatabe,Porcentaje,Maruri-Jatabe,6.3
2018,,,Maruri-Jatabe,Porcentaje,Maruri-Jatabe,5.7
2019,,,Maruri-Jatabe,Porcentaje,Maruri-Jatabe,6.7
2020,,,Maruri-Jatabe,Porcentaje,Maruri-Jatabe,8.0
2014,,,Mendata,Porcentaje,Mendata,22.4
2015,,,Mendata,Porcentaje,Mendata,25.0
2016,,,Mendata,Porcentaje,Mendata,29.4
2017,,,Mendata,Porcentaje,Mendata,32.0
2018,,,Mendata,Porcentaje,Mendata,28.6
2019,,,Mendata,Porcentaje,Mendata,31.1
2020,,,Mendata,Porcentaje,Mendata,27.4
2014,,,Mendexa,Porcentaje,Mendexa,9.4
2015,,,Mendexa,Porcentaje,Mendexa,9.4
2016,,,Mendexa,Porcentaje,Mendexa,7.8
2017,,,Mendexa,Porcentaje,Mendexa,7.8
2018,,,Mendexa,Porcentaje,Mendexa,6.6
2019,,,Mendexa,Porcentaje,Mendexa,8.7
2020,,,Mendexa,Porcentaje,Mendexa,10.6
2014,,,Meñaka,Porcentaje,Meñaka,5.6
2015,,,Meñaka,Porcentaje,Meñaka,5.4
2016,,,Meñaka,Porcentaje,Meñaka,7.2
2017,,,Meñaka,Porcentaje,Meñaka,7.2
2018,,,Meñaka,Porcentaje,Meñaka,6.9
2019,,,Meñaka,Porcentaje,Meñaka,6.7
2020,,,Meñaka,Porcentaje,Meñaka,7.2
2014,,,Ugao-Miraballes,Porcentaje,Ugao-Miraballes,0.3
2015,,,Ugao-Miraballes,Porcentaje,Ugao-Miraballes,0.3
2016,,,Ugao-Miraballes,Porcentaje,Ugao-Miraballes,0.3
2017,,,Ugao-Miraballes,Porcentaje,Ugao-Miraballes,0.3
2018,,,Ugao-Miraballes,Porcentaje,Ugao-Miraballes,0.3
2019,,,Ugao-Miraballes,Porcentaje,Ugao-Miraballes,0.3
2020,,,Ugao-Miraballes,Porcentaje,Ugao-Miraballes,0.3
2014,,,Morga,Porcentaje,Morga,15.8
2015,,,Morga,Porcentaje,Morga,17.5
2016,,,Morga,Porcentaje,Morga,19.7
2017,,,Morga,Porcentaje,Morga,18.8
2018,,,Morga,Porcentaje,Morga,15.1
2019,,,Morga,Porcentaje,Morga,13.5
2020,,,Morga,Porcentaje,Morga,20.1
2014,,,Muxika,Porcentaje,Muxika,7.1
2015,,,Muxika,Porcentaje,Muxika,8.1
2016,,,Muxika,Porcentaje,Muxika,8.4
2017,,,Muxika,Porcentaje,Muxika,8.1
2018,,,Muxika,Porcentaje,Muxika,7.4
2019,,,Muxika,Porcentaje,Muxika,8.7
2020,,,Muxika,Porcentaje,Muxika,8.5
2014,,,Mundaka,Porcentaje,Mundaka,1.3
2015,,,Mundaka,Porcentaje,Mundaka,1.2
2016,,,Mundaka,Porcentaje,Mundaka,1.3
2017,,,Mundaka,Porcentaje,Mundaka,0.6
2018,,,Mundaka,Porcentaje,Mundaka,0.7
2019,,,Mundaka,Porcentaje,Mundaka,0.5
2020,,,Mundaka,Porcentaje,Mundaka,0.6
2014,,,Mungia,Porcentaje,Mungia,0.6
2015,,,Mungia,Porcentaje,Mungia,0.7
2016,,,Mungia,Porcentaje,Mungia,0.6
2017,,,Mungia,Porcentaje,Mungia,0.5
2018,,,Mungia,Porcentaje,Mungia,0.4
2019,,,Mungia,Porcentaje,Mungia,0.4
2020,,,Mungia,Porcentaje,Mungia,0.5
2014,,Plentzia-Mungia,,Porcentaje,Plentzia-Mungia,1.6
2015,,Plentzia-Mungia,,Porcentaje,Plentzia-Mungia,1.7
2016,,Plentzia-Mungia,,Porcentaje,Plentzia-Mungia,1.4
2017,,Plentzia-Mungia,,Porcentaje,Plentzia-Mungia,1.3
2018,,Plentzia-Mungia,,Porcentaje,Plentzia-Mungia,1.1
2019,,Plentzia-Mungia,,Porcentaje,Plentzia-Mungia,1.1
2020,,Plentzia-Mungia,,Porcentaje,Plentzia-Mungia,1.2
2014,,,Aulesti,Porcentaje,Aulesti,5.9
2015,,,Aulesti,Porcentaje,Aulesti,6.2
2016,,,Aulesti,Porcentaje,Aulesti,8.3
2017,,,Aulesti,Porcentaje,Aulesti,8.2
2018,,,Aulesti,Porcentaje,Aulesti,7.9
2019,,,Aulesti,Porcentaje,Aulesti,8.8
2020,,,Aulesti,Porcentaje,Aulesti,7.1
2014,,,Muskiz,Porcentaje,Muskiz,0.7
2015,,,Muskiz,Porcentaje,Muskiz,0.2
2016,,,Muskiz,Porcentaje,Muskiz,0.2
2017,,,Muskiz,Porcentaje,Muskiz,0.2
2018,,,Muskiz,Porcentaje,Muskiz,0.2
2019,,,Muskiz,Porcentaje,Muskiz,0.2
2020,,,Muskiz,Porcentaje,Muskiz,0.4
2014,,,Otxandio,Porcentaje,Otxandio,1.0
2015,,,Otxandio,Porcentaje,Otxandio,1.0
2016,,,Otxandio,Porcentaje,Otxandio,0.9
2017,,,Otxandio,Porcentaje,Otxandio,0.8
2018,,,Otxandio,Porcentaje,Otxandio,0.7
2019,,,Otxandio,Porcentaje,Otxandio,0.7
2020,,,Otxandio,Porcentaje,Otxandio,0.9
2014,,,Ondarroa,Porcentaje,Ondarroa,13.7
2015,,,Ondarroa,Porcentaje,Ondarroa,17.5
2016,,,Ondarroa,Porcentaje,Ondarroa,17.7
2017,,,Ondarroa,Porcentaje,Ondarroa,17.2
2018,,,Ondarroa,Porcentaje,Ondarroa,14.8
2019,,,Ondarroa,Porcentaje,Ondarroa,17.1
2020,,,Ondarroa,Porcentaje,Ondarroa,12.4
2014,,,Urduña/Orduña,Porcentaje,Urduña/Orduña,4.0
2015,,,Urduña/Orduña,Porcentaje,Urduña/Orduña,3.5
2016,,,Urduña/Orduña,Porcentaje,Urduña/Orduña,3.8
2017,,,Urduña/Orduña,Porcentaje,Urduña/Orduña,4.3
2018,,,Urduña/Orduña,Porcentaje,Urduña/Orduña,3.9
2019,,,Urduña/Orduña,Porcentaje,Urduña/Orduña,4.4
2020,,,Urduña/Orduña,Porcentaje,Urduña/Orduña,5.0
2014,,,Orozko,Porcentaje,Orozko,2.5
2015,,,Orozko,Porcentaje,Orozko,2.6
2016,,,Orozko,Porcentaje,Orozko,2.5
2017,,,Orozko,Porcentaje,Orozko,2.2
2018,,,Orozko,Porcentaje,Orozko,1.6
2019,,,Orozko,Porcentaje,Orozko,1.8
2020,,,Orozko,Porcentaje,Orozko,2.3
2014,,,Sukarrieta,Porcentaje,Sukarrieta,0.5
2015,,,Sukarrieta,Porcentaje,Sukarrieta,0.4
2016,,,Sukarrieta,Porcentaje,Sukarrieta,0.6
2017,,,Sukarrieta,Porcentaje,Sukarrieta,1.0
2018,,,Sukarrieta,Porcentaje,Sukarrieta,0.9
2019,,,Sukarrieta,Porcentaje,Sukarrieta,1.1
2020,,,Sukarrieta,Porcentaje,Sukarrieta,1.1
2014,,,Plentzia,Porcentaje,Plentzia,2.5
2015,,,Plentzia,Porcentaje,Plentzia,2.6
2016,,,Plentzia,Porcentaje,Plentzia,2.1
2017,,,Plentzia,Porcentaje,Plentzia,1.4
2018,,,Plentzia,Porcentaje,Plentzia,1.4
2019,,,Plentzia,Porcentaje,Plentzia,1.3
2020,,,Plentzia,Porcentaje,Plentzia,1.6
2014,,,Portugalete,Porcentaje,Portugalete,0.0
2015,,,Portugalete,Porcentaje,Portugalete,0.0
2016,,,Portugalete,Porcentaje,Portugalete,0.0
2017,,,Portugalete,Porcentaje,Portugalete,0.0
2018,,,Portugalete,Porcentaje,Portugalete,0.0
2019,,,Portugalete,Porcentaje,Portugalete,0.0
2020,,,Portugalete,Porcentaje,Portugalete,0.0
2014,,,Errigoiti,Porcentaje,Errigoiti,14.9
2015,,,Errigoiti,Porcentaje,Errigoiti,12.7
2016,,,Errigoiti,Porcentaje,Errigoiti,14.3
2017,,,Errigoiti,Porcentaje,Errigoiti,15.5
2018,,,Errigoiti,Porcentaje,Errigoiti,13.4
2019,,,Errigoiti,Porcentaje,Errigoiti,14.7
2020,,,Errigoiti,Porcentaje,Errigoiti,15.8
2014,,,Valle de Trápaga-Trapagaran,Porcentaje,Valle de Trápaga-Trapagaran,0.1
2015,,,Valle de Trápaga-Trapagaran,Porcentaje,Valle de Trápaga-Trapagaran,0.0
2016,,,Valle de Trápaga-Trapagaran,Porcentaje,Valle de Trápaga-Trapagaran,0.1
2017,,,Valle de Trápaga-Trapagaran,Porcentaje,Valle de Trápaga-Trapagaran,0.1
2018,,,Valle de Trápaga-Trapagaran,Porcentaje,Valle de Trápaga-Trapagaran,0.1
2019,,,Valle de Trápaga-Trapagaran,Porcentaje,Valle de Trápaga-Trapagaran,0.0
2020,,,Valle de Trápaga-Trapagaran,Porcentaje,Valle de Trápaga-Trapagaran,0.1
2014,,,Lezama,Porcentaje,Lezama,1.0
2015,,,Lezama,Porcentaje,Lezama,1.1
2016,,,Lezama,Porcentaje,Lezama,1.1
2017,,,Lezama,Porcentaje,Lezama,1.2
2018,,,Lezama,Porcentaje,Lezama,1.2
2019,,,Lezama,Porcentaje,Lezama,1.1
2020,,,Lezama,Porcentaje,Lezama,1.0
2014,,,Santurtzi,Porcentaje,Santurtzi,0.2
2015,,,Santurtzi,Porcentaje,Santurtzi,0.2
2016,,,Santurtzi,Porcentaje,Santurtzi,0.2
2017,,,Santurtzi,Porcentaje,Santurtzi,0.2
2018,,,Santurtzi,Porcentaje,Santurtzi,0.2
2019,,,Santurtzi,Porcentaje,Santurtzi,0.3
2020,,,Santurtzi,Porcentaje,Santurtzi,0.3
2014,,,Ortuella,Porcentaje,Ortuella,0.1
2015,,,Ortuella,Porcentaje,Ortuella,0.1
2016,,,Ortuella,Porcentaje,Ortuella,0.1
2017,,,Ortuella,Porcentaje,Ortuella,0.1
2018,,,Ortuella,Porcentaje,Ortuella,0.1
2019,,,Ortuella,Porcentaje,Ortuella,0.1
2020,,,Ortuella,Porcentaje,Ortuella,0.1
2014,,,Sestao,Porcentaje,Sestao,0.0
2015,,,Sestao,Porcentaje,Sestao,0.0
2016,,,Sestao,Porcentaje,Sestao,0.0
2017,,,Sestao,Porcentaje,Sestao,0.0
2018,,,Sestao,Porcentaje,Sestao,0.0
2019,,,Sestao,Porcentaje,Sestao,0.0
2020,,,Sestao,Porcentaje,Sestao,0.0
2014,,,Sopela,Porcentaje,Sopela,0.8
2015,,,Sopela,Porcentaje,Sopela,0.8
2016,,,Sopela,Porcentaje,Sopela,0.5
2017,,,Sopela,Porcentaje,Sopela,0.5
2018,,,Sopela,Porcentaje,Sopela,0.3
2019,,,Sopela,Porcentaje,Sopela,0.3
2020,,,Sopela,Porcentaje,Sopela,0.2
2014,,,Sopuerta,Porcentaje,Sopuerta,4.8
2015,,,Sopuerta,Porcentaje,Sopuerta,3.5
2016,,,Sopuerta,Porcentaje,Sopuerta,3.8
2017,,,Sopuerta,Porcentaje,Sopuerta,4.1
2018,,,Sopuerta,Porcentaje,Sopuerta,4.0
2019,,,Sopuerta,Porcentaje,Sopuerta,4.3
2020,,,Sopuerta,Porcentaje,Sopuerta,4.0
2014,,,Trucios-Turtzioz,Porcentaje,Trucios-Turtzioz,10.3
2015,,,Trucios-Turtzioz,Porcentaje,Trucios-Turtzioz,8.6
2016,,,Trucios-Turtzioz,Porcentaje,Trucios-Turtzioz,10.2
2017,,,Trucios-Turtzioz,Porcentaje,Trucios-Turtzioz,11.3
2018,,,Trucios-Turtzioz,Porcentaje,Trucios-Turtzioz,12.1
2019,,,Trucios-Turtzioz,Porcentaje,Trucios-Turtzioz,13.6
2020,,,Trucios-Turtzioz,Porcentaje,Trucios-Turtzioz,13.7
2014,,,Ubide,Porcentaje,Ubide,3.9
2015,,,Ubide,Porcentaje,Ubide,3.3
2016,,,Ubide,Porcentaje,Ubide,3.8
2017,,,Ubide,Porcentaje,Ubide,3.6
2018,,,Ubide,Porcentaje,Ubide,3.6
2019,,,Ubide,Porcentaje,Ubide,4.3
2020,,,Ubide,Porcentaje,Ubide,4.7
2014,,,Urduliz,Porcentaje,Urduliz,0.4
2015,,,Urduliz,Porcentaje,Urduliz,0.4
2016,,,Urduliz,Porcentaje,Urduliz,0.5
2017,,,Urduliz,Porcentaje,Urduliz,0.4
2018,,,Urduliz,Porcentaje,Urduliz,0.2
2019,,,Urduliz,Porcentaje,Urduliz,0.2
2020,,,Urduliz,Porcentaje,Urduliz,0.2
2014,,,Balmaseda,Porcentaje,Balmaseda,0.7
2015,,,Balmaseda,Porcentaje,Balmaseda,0.7
2016,,,Balmaseda,Porcentaje,Balmaseda,0.9
2017,,,Balmaseda,Porcentaje,Balmaseda,0.9
2018,,,Balmaseda,Porcentaje,Balmaseda,0.9
2019,,,Balmaseda,Porcentaje,Balmaseda,0.9
2020,,,Balmaseda,Porcentaje,Balmaseda,1.0
2014,,,Atxondo,Porcentaje,Atxondo,0.7
2015,,,Atxondo,Porcentaje,Atxondo,0.7
2016,,,Atxondo,Porcentaje,Atxondo,0.9
2017,,,Atxondo,Porcentaje,Atxondo,0.9
2018,,,Atxondo,Porcentaje,Atxondo,1.0
2019,,,Atxondo,Porcentaje,Atxondo,1.1
2020,,,Atxondo,Porcentaje,Atxondo,1.0
2014,,,Bedia,Porcentaje,Bedia,2.2
2015,,,Bedia,Porcentaje,Bedia,2.1
2016,,,Bedia,Porcentaje,Bedia,2.3
2017,,,Bedia,Porcentaje,Bedia,2.5
2018,,,Bedia,Porcentaje,Bedia,2.5
2019,,,Bedia,Porcentaje,Bedia,2.6
2020,,,Bedia,Porcentaje,Bedia,3.0
2014,,,Areatza,Porcentaje,Areatza,1.9
2015,,,Areatza,Porcentaje,Areatza,1.9
2016,,,Areatza,Porcentaje,Areatza,2.5
2017,,,Areatza,Porcentaje,Areatza,2.3
2018,,,Areatza,Porcentaje,Areatza,2.2
2019,,,Areatza,Porcentaje,Areatza,2.4
2020,,,Areatza,Porcentaje,Areatza,3.0
2014,,,Igorre,Porcentaje,Igorre,0.4
2015,,,Igorre,Porcentaje,Igorre,0.4
2016,,,Igorre,Porcentaje,Igorre,0.5
2017,,,Igorre,Porcentaje,Igorre,0.5
2018,,,Igorre,Porcentaje,Igorre,0.5
2019,,,Igorre,Porcentaje,Igorre,0.6
2020,,,Igorre,Porcentaje,Igorre,0.6
2014,,,Zaldibar,Porcentaje,Zaldibar,0.5
2015,,,Zaldibar,Porcentaje,Zaldibar,0.5
2016,,,Zaldibar,Porcentaje,Zaldibar,0.5
2017,,,Zaldibar,Porcentaje,Zaldibar,0.4
2018,,,Zaldibar,Porcentaje,Zaldibar,0.4
2019,,,Zaldibar,Porcentaje,Zaldibar,0.5
2020,,,Zaldibar,Porcentaje,Zaldibar,0.5
2014,,,Zalla,Porcentaje,Zalla,1.1
2015,,,Zalla,Porcentaje,Zalla,1.3
2016,,,Zalla,Porcentaje,Zalla,1.2
2017,,,Zalla,Porcentaje,Zalla,1.1
2018,,,Zalla,Porcentaje,Zalla,1.0
2019,,,Zalla,Porcentaje,Zalla,1.0
2020,,,Zalla,Porcentaje,Zalla,1.0
2014,,,Zaratamo,Porcentaje,Zaratamo,1.3
2015,,,Zaratamo,Porcentaje,Zaratamo,1.2
2016,,,Zaratamo,Porcentaje,Zaratamo,1.4
2017,,,Zaratamo,Porcentaje,Zaratamo,1.4
2018,,,Zaratamo,Porcentaje,Zaratamo,1.1
2019,,,Zaratamo,Porcentaje,Zaratamo,1.2
2020,,,Zaratamo,Porcentaje,Zaratamo,1.3
2014,,,Derio,Porcentaje,Derio,0.2
2015,,,Derio,Porcentaje,Derio,0.2
2016,,,Derio,Porcentaje,Derio,0.2
2017,,,Derio,Porcentaje,Derio,0.2
2018,,,Derio,Porcentaje,Derio,0.2
2019,,,Derio,Porcentaje,Derio,0.2
2020,,,Derio,Porcentaje,Derio,0.1
2014,,,Erandio,Porcentaje,Erandio,0.2
2015,,,Erandio,Porcentaje,Erandio,0.1
2016,,,Erandio,Porcentaje,Erandio,0.1
2017,,,Erandio,Porcentaje,Erandio,0.1
2018,,,Erandio,Porcentaje,Erandio,0.1
2019,,,Erandio,Porcentaje,Erandio,0.1
2020,,,Erandio,Porcentaje,Erandio,0.1
2014,,,Loiu,Porcentaje,Loiu,0.2
2015,,,Loiu,Porcentaje,Loiu,0.2
2016,,,Loiu,Porcentaje,Loiu,0.2
2017,,,Loiu,Porcentaje,Loiu,0.2
2018,,,Loiu,Porcentaje,Loiu,0.1
2019,,,Loiu,Porcentaje,Loiu,0.2
2020,,,Loiu,Porcentaje,Loiu,0.2
2014,,,Sondika,Porcentaje,Sondika,0.1
2015,,,Sondika,Porcentaje,Sondika,0.1
2016,,,Sondika,Porcentaje,Sondika,0.1
2017,,,Sondika,Porcentaje,Sondika,0.1
2018,,,Sondika,Porcentaje,Sondika,0.1
2019,,,Sondika,Porcentaje,Sondika,0.1
2020,,,Sondika,Porcentaje,Sondika,0.1
2014,,,Zamudio,Porcentaje,Zamudio,0.1
2015,,,Zamudio,Porcentaje,Zamudio,0.1
2016,,,Zamudio,Porcentaje,Zamudio,0.1
2017,,,Zamudio,Porcentaje,Zamudio,0.1
2018,,,Zamudio,Porcentaje,Zamudio,0.1
2019,,,Zamudio,Porcentaje,Zamudio,0.1
2020,,,Zamudio,Porcentaje,Zamudio,0.1
2014,,,Forua,Porcentaje,Forua,5.1
2015,,,Forua,Porcentaje,Forua,5.2
2016,,,Forua,Porcentaje,Forua,5.2
2017,,,Forua,Porcentaje,Forua,4.9
2018,,,Forua,Porcentaje,Forua,4.5
2019,,,Forua,Porcentaje,Forua,4.9
2020,,,Forua,Porcentaje,Forua,6.0
2014,,,Kortezubi,Porcentaje,Kortezubi,24.4
2015,,,Kortezubi,Porcentaje,Kortezubi,29.7
2016,,,Kortezubi,Porcentaje,Kortezubi,23.3
2017,,,Kortezubi,Porcentaje,Kortezubi,21.2
2018,,,Kortezubi,Porcentaje,Kortezubi,17.5
2019,,,Kortezubi,Porcentaje,Kortezubi,19.1
2020,,,Kortezubi,Porcentaje,Kortezubi,21.8
2014,,,Murueta,Porcentaje,Murueta,4.0
2015,,,Murueta,Porcentaje,Murueta,4.3
2016,,,Murueta,Porcentaje,Murueta,5.3
2017,,,Murueta,Porcentaje,Murueta,5.7
2018,,,Murueta,Porcentaje,Murueta,4.6
2019,,,Murueta,Porcentaje,Murueta,4.4
2020,,,Murueta,Porcentaje,Murueta,10.2
2014,,,Nabarniz,Porcentaje,Nabarniz,10.8
2015,,,Nabarniz,Porcentaje,Nabarniz,11.8
2016,,,Nabarniz,Porcentaje,Nabarniz,13.3
2017,,,Nabarniz,Porcentaje,Nabarniz,12.9
2018,,,Nabarniz,Porcentaje,Nabarniz,12.5
2019,,,Nabarniz,Porcentaje,Nabarniz,13.7
2020,,,Nabarniz,Porcentaje,Nabarniz,14.4
2014,,,Iurreta,Porcentaje,Iurreta,0.2
2015,,,Iurreta,Porcentaje,Iurreta,0.2
2016,,,Iurreta,Porcentaje,Iurreta,0.2
2017,,,Iurreta,Porcentaje,Iurreta,0.2
2018,,,Iurreta,Porcentaje,Iurreta,0.2
2019,,,Iurreta,Porcentaje,Iurreta,0.2
2020,,,Iurreta,Porcentaje,Iurreta,0.2
2014,,,Ajangiz,Porcentaje,Ajangiz,0.8
2015,,,Ajangiz,Porcentaje,Ajangiz,0.9
2016,,,Ajangiz,Porcentaje,Ajangiz,1.0
2017,,,Ajangiz,Porcentaje,Ajangiz,0.9
2018,,,Ajangiz,Porcentaje,Ajangiz,0.8
2019,,,Ajangiz,Porcentaje,Ajangiz,0.9
2020,,,Ajangiz,Porcentaje,Ajangiz,1.0
2014,,,Alonsotegi,Porcentaje,Alonsotegi,0.7
2015,,,Alonsotegi,Porcentaje,Alonsotegi,0.6
2016,,,Alonsotegi,Porcentaje,Alonsotegi,0.8
2017,,,Alonsotegi,Porcentaje,Alonsotegi,0.8
2018,,,Alonsotegi,Porcentaje,Alonsotegi,0.7
2019,,,Alonsotegi,Porcentaje,Alonsotegi,0.7
2020,,,Alonsotegi,Porcentaje,Alonsotegi,0.7
2014,,,Zierbena,Porcentaje,Zierbena,0.6
2015,,,Zierbena,Porcentaje,Zierbena,0.6
2016,,,Zierbena,Porcentaje,Zierbena,0.7
2017,,,Zierbena,Porcentaje,Zierbena,0.6
2018,,,Zierbena,Porcentaje,Zierbena,0.4
2019,,,Zierbena,Porcentaje,Zierbena,0.9
2020,,,Zierbena,Porcentaje,Zierbena,0.8
2014,,,Arratzu,Porcentaje,Arratzu,11.3
2015,,,Arratzu,Porcentaje,Arratzu,13.4
2016,,,Arratzu,Porcentaje,Arratzu,13.1
2017,,,Arratzu,Porcentaje,Arratzu,12.8
2018,,,Arratzu,Porcentaje,Arratzu,11.3
2019,,,Arratzu,Porcentaje,Arratzu,12.9
2020,,,Arratzu,Porcentaje,Arratzu,11.8
2014,,,Ziortza-Bolibar,Porcentaje,Ziortza-Bolibar,7.3
2015,,,Ziortza-Bolibar,Porcentaje,Ziortza-Bolibar,7.0
2016,,,Ziortza-Bolibar,Porcentaje,Ziortza-Bolibar,7.2
2017,,,Ziortza-Bolibar,Porcentaje,Ziortza-Bolibar,7.8
2018,,,Ziortza-Bolibar,Porcentaje,Ziortza-Bolibar,7.9
2019,,,Ziortza-Bolibar,Porcentaje,Ziortza-Bolibar,9.2
2020,,,Ziortza-Bolibar,Porcentaje,Ziortza-Bolibar,11.4
2010,,,,Porcentaje,,0.6
2011,,,,Porcentaje,,0.7
2012,,,,Porcentaje,,0.8
2013,,,,Porcentaje,,0.8
2014,,,,Porcentaje,,0.7
2015,,,,Porcentaje,,0.7
2016,,,,Porcentaje,,0.7
2017,,,,Porcentaje,,0.9
2018,,,,Porcentaje,,0.8
2019,,,,Porcentaje,,0.8
2020,,,,Porcentaje,,0.7
2021,,,,Porcentaje,,0.8
2022,,,,Porcentaje,,0.9
