Year,Sexo,Territorio histórico,Units,Value
2011,,,Por 1.000 nacidos vivos,3.4
2010,,,Por 1.000 nacidos vivos,3.5
2020,,,Por 1.000 nacidos vivos,3.1
2014,,,Por 1.000 nacidos vivos,2.9
2013,,,Por 1.000 nacidos vivos,2.8
2024,,,Por 1.000 nacidos vivos,2.3
2021,,,Por 1.000 nacidos vivos,2.9
2019,,,Por 1.000 nacidos vivos,3.6
2023,,,Por 1.000 nacidos vivos,3.1
2016,,,Por 1.000 nacidos vivos,3.2
2015,,,Por 1.000 nacidos vivos,3.4
2018,,,Por 1.000 nacidos vivos,3.6
2012,,,Por 1.000 nacidos vivos,3.2
2017,,,Por 1.000 nacidos vivos,2.8
2022,,,Por 1.000 nacidos vivos,3.6
2015,,Araba/Álava,Por 1.000 nacidos vivos,2.5
2023,,Araba/Álava,Por 1.000 nacidos vivos,5.0
2016,,Araba/Álava,Por 1.000 nacidos vivos,3.6
2021,,Araba/Álava,Por 1.000 nacidos vivos,3.8
2024,,Araba/Álava,Por 1.000 nacidos vivos,3.8
2017,,Araba/Álava,Por 1.000 nacidos vivos,3.0
2018,,Araba/Álava,Por 1.000 nacidos vivos,4.5
2019,,Araba/Álava,Por 1.000 nacidos vivos,2.3
2011,,Araba/Álava,Por 1.000 nacidos vivos,3.8
2012,,Araba/Álava,Por 1.000 nacidos vivos,3.3
2014,,Araba/Álava,Por 1.000 nacidos vivos,3.0
2020,,Araba/Álava,Por 1.000 nacidos vivos,3.3
2013,,Araba/Álava,Por 1.000 nacidos vivos,3.2
2010,,Araba/Álava,Por 1.000 nacidos vivos,3.0
2022,,Araba/Álava,Por 1.000 nacidos vivos,4.4
2015,,Bizkaia,Por 1.000 nacidos vivos,4.4
2014,,Bizkaia,Por 1.000 nacidos vivos,2.6
2017,,Bizkaia,Por 1.000 nacidos vivos,2.8
2010,,Bizkaia,Por 1.000 nacidos vivos,4.2
2023,,Bizkaia,Por 1.000 nacidos vivos,3.4
2012,,Bizkaia,Por 1.000 nacidos vivos,3.2
2022,,Bizkaia,Por 1.000 nacidos vivos,3.3
2024,,Bizkaia,Por 1.000 nacidos vivos,1.6
2016,,Bizkaia,Por 1.000 nacidos vivos,3.4
2021,,Bizkaia,Por 1.000 nacidos vivos,2.7
2013,,Bizkaia,Por 1.000 nacidos vivos,2.6
2019,,Bizkaia,Por 1.000 nacidos vivos,3.9
2018,,Bizkaia,Por 1.000 nacidos vivos,3.6
2020,,Bizkaia,Por 1.000 nacidos vivos,3.0
2011,,Bizkaia,Por 1.000 nacidos vivos,3.7
2018,,Gipuzkoa,Por 1.000 nacidos vivos,3.1
2021,,Gipuzkoa,Por 1.000 nacidos vivos,2.8
2019,,Gipuzkoa,Por 1.000 nacidos vivos,3.7
2015,,Gipuzkoa,Por 1.000 nacidos vivos,2.5
2010,,Gipuzkoa,Por 1.000 nacidos vivos,2.8
2011,,Gipuzkoa,Por 1.000 nacidos vivos,2.5
2020,,Gipuzkoa,Por 1.000 nacidos vivos,3.0
2012,,Gipuzkoa,Por 1.000 nacidos vivos,3.0
2014,,Gipuzkoa,Por 1.000 nacidos vivos,3.3
2022,,Gipuzkoa,Por 1.000 nacidos vivos,3.5
2016,,Gipuzkoa,Por 1.000 nacidos vivos,2.7
2023,,Gipuzkoa,Por 1.000 nacidos vivos,1.8
2013,,Gipuzkoa,Por 1.000 nacidos vivos,3.0
2024,,Gipuzkoa,Por 1.000 nacidos vivos,2.7
2017,,Gipuzkoa,Por 1.000 nacidos vivos,2.5
2015,Mujer,,Por 1.000 nacidos vivos,3.4
2013,Mujer,,Por 1.000 nacidos vivos,2.7
2022,Mujer,,Por 1.000 nacidos vivos,2.4
2016,Mujer,,Por 1.000 nacidos vivos,2.8
2012,Mujer,,Por 1.000 nacidos vivos,3.6
2014,Mujer,,Por 1.000 nacidos vivos,2.8
2018,Mujer,,Por 1.000 nacidos vivos,3.7
2017,Mujer,,Por 1.000 nacidos vivos,2.2
2011,Mujer,,Por 1.000 nacidos vivos,4.2
2024,Mujer,,Por 1.000 nacidos vivos,2.0
2021,Mujer,,Por 1.000 nacidos vivos,2.8
2010,Mujer,,Por 1.000 nacidos vivos,3.8
2023,Mujer,,Por 1.000 nacidos vivos,3.0
2019,Mujer,,Por 1.000 nacidos vivos,3.3
2020,Mujer,,Por 1.000 nacidos vivos,2.8
2024,Mujer,Araba/Álava,Por 1.000 nacidos vivos,3.9
2022,Mujer,Araba/Álava,Por 1.000 nacidos vivos,1.8
2015,Mujer,Araba/Álava,Por 1.000 nacidos vivos,1.3
2020,Mujer,Araba/Álava,Por 1.000 nacidos vivos,1.7
2019,Mujer,Araba/Álava,Por 1.000 nacidos vivos,2.4
2017,Mujer,Araba/Álava,Por 1.000 nacidos vivos,2.7
2013,Mujer,Araba/Álava,Por 1.000 nacidos vivos,2.0
2011,Mujer,Araba/Álava,Por 1.000 nacidos vivos,5.3
2023,Mujer,Araba/Álava,Por 1.000 nacidos vivos,2.9
2012,Mujer,Araba/Álava,Por 1.000 nacidos vivos,4.5
2010,Mujer,Araba/Álava,Por 1.000 nacidos vivos,2.5
2014,Mujer,Araba/Álava,Por 1.000 nacidos vivos,2.5
2016,Mujer,Araba/Álava,Por 1.000 nacidos vivos,2.6
2021,Mujer,Araba/Álava,Por 1.000 nacidos vivos,3.5
2018,Mujer,Araba/Álava,Por 1.000 nacidos vivos,3.1
2023,Mujer,Bizkaia,Por 1.000 nacidos vivos,3.7
2024,Mujer,Bizkaia,Por 1.000 nacidos vivos,1.3
2021,Mujer,Bizkaia,Por 1.000 nacidos vivos,2.7
2020,Mujer,Bizkaia,Por 1.000 nacidos vivos,3.1
2017,Mujer,Bizkaia,Por 1.000 nacidos vivos,2.4
2019,Mujer,Bizkaia,Por 1.000 nacidos vivos,4.0
2018,Mujer,Bizkaia,Por 1.000 nacidos vivos,4.1
2015,Mujer,Bizkaia,Por 1.000 nacidos vivos,5.4
2013,Mujer,Bizkaia,Por 1.000 nacidos vivos,3.0
2012,Mujer,Bizkaia,Por 1.000 nacidos vivos,3.2
2011,Mujer,Bizkaia,Por 1.000 nacidos vivos,4.7
2014,Mujer,Bizkaia,Por 1.000 nacidos vivos,2.9
2010,Mujer,Bizkaia,Por 1.000 nacidos vivos,4.2
2022,Mujer,Bizkaia,Por 1.000 nacidos vivos,2.4
2016,Mujer,Bizkaia,Por 1.000 nacidos vivos,2.9
2023,Mujer,Gipuzkoa,Por 1.000 nacidos vivos,2.2
2022,Mujer,Gipuzkoa,Por 1.000 nacidos vivos,2.8
2021,Mujer,Gipuzkoa,Por 1.000 nacidos vivos,2.5
2020,Mujer,Gipuzkoa,Por 1.000 nacidos vivos,2.9
2019,Mujer,Gipuzkoa,Por 1.000 nacidos vivos,2.8
2018,Mujer,Gipuzkoa,Por 1.000 nacidos vivos,3.4
2017,Mujer,Gipuzkoa,Por 1.000 nacidos vivos,1.5
2016,Mujer,Gipuzkoa,Por 1.000 nacidos vivos,2.7
2010,Mujer,Gipuzkoa,Por 1.000 nacidos vivos,3.7
2015,Mujer,Gipuzkoa,Por 1.000 nacidos vivos,1.6
2014,Mujer,Gipuzkoa,Por 1.000 nacidos vivos,2.9
2013,Mujer,Gipuzkoa,Por 1.000 nacidos vivos,2.6
2012,Mujer,Gipuzkoa,Por 1.000 nacidos vivos,3.7
2011,Mujer,Gipuzkoa,Por 1.000 nacidos vivos,2.9
2024,Mujer,Gipuzkoa,Por 1.000 nacidos vivos,2.3
2012,Hombre,,Por 1.000 nacidos vivos,2.8
2015,Hombre,,Por 1.000 nacidos vivos,3.5
2022,Hombre,,Por 1.000 nacidos vivos,4.7
2020,Hombre,,Por 1.000 nacidos vivos,3.3
2013,Hombre,,Por 1.000 nacidos vivos,2.9
2021,Hombre,,Por 1.000 nacidos vivos,3.1
2016,Hombre,,Por 1.000 nacidos vivos,3.5
2018,Hombre,,Por 1.000 nacidos vivos,3.5
2019,Hombre,,Por 1.000 nacidos vivos,3.8
2011,Hombre,,Por 1.000 nacidos vivos,2.5
2014,Hombre,,Por 1.000 nacidos vivos,2.9
2023,Hombre,,Por 1.000 nacidos vivos,3.2
2024,Hombre,,Por 1.000 nacidos vivos,2.6
2017,Hombre,,Por 1.000 nacidos vivos,3.3
2010,Hombre,,Por 1.000 nacidos vivos,3.2
2024,Hombre,Araba/Álava,Por 1.000 nacidos vivos,3.8
2016,Hombre,Araba/Álava,Por 1.000 nacidos vivos,4.5
2019,Hombre,Araba/Álava,Por 1.000 nacidos vivos,2.3
2023,Hombre,Araba/Álava,Por 1.000 nacidos vivos,6.8
2022,Hombre,Araba/Álava,Por 1.000 nacidos vivos,6.8
2012,Hombre,Araba/Álava,Por 1.000 nacidos vivos,2.3
2015,Hombre,Araba/Álava,Por 1.000 nacidos vivos,3.7
2021,Hombre,Araba/Álava,Por 1.000 nacidos vivos,4.0
2020,Hombre,Araba/Álava,Por 1.000 nacidos vivos,4.9
2010,Hombre,Araba/Álava,Por 1.000 nacidos vivos,3.4
2017,Hombre,Araba/Álava,Por 1.000 nacidos vivos,3.3
2014,Hombre,Araba/Álava,Por 1.000 nacidos vivos,3.6
2018,Hombre,Araba/Álava,Por 1.000 nacidos vivos,5.8
2013,Hombre,Araba/Álava,Por 1.000 nacidos vivos,4.3
2011,Hombre,Araba/Álava,Por 1.000 nacidos vivos,2.3
2024,Hombre,Bizkaia,Por 1.000 nacidos vivos,1.9
2023,Hombre,Bizkaia,Por 1.000 nacidos vivos,3.2
2022,Hombre,Bizkaia,Por 1.000 nacidos vivos,4.3
2021,Hombre,Bizkaia,Por 1.000 nacidos vivos,2.8
2014,Hombre,Bizkaia,Por 1.000 nacidos vivos,2.2
2020,Hombre,Bizkaia,Por 1.000 nacidos vivos,2.9
2016,Hombre,Bizkaia,Por 1.000 nacidos vivos,3.8
2019,Hombre,Bizkaia,Por 1.000 nacidos vivos,3.8
2018,Hombre,Bizkaia,Por 1.000 nacidos vivos,3.2
2017,Hombre,Bizkaia,Por 1.000 nacidos vivos,3.2
2015,Hombre,Bizkaia,Por 1.000 nacidos vivos,3.5
2013,Hombre,Bizkaia,Por 1.000 nacidos vivos,2.2
2012,Hombre,Bizkaia,Por 1.000 nacidos vivos,3.2
2011,Hombre,Bizkaia,Por 1.000 nacidos vivos,2.8
2010,Hombre,Bizkaia,Por 1.000 nacidos vivos,4.1
2018,Hombre,Gipuzkoa,Por 1.000 nacidos vivos,2.8
2017,Hombre,Gipuzkoa,Por 1.000 nacidos vivos,3.4
2016,Hombre,Gipuzkoa,Por 1.000 nacidos vivos,2.6
2015,Hombre,Gipuzkoa,Por 1.000 nacidos vivos,3.4
2011,Hombre,Gipuzkoa,Por 1.000 nacidos vivos,2.2
2014,Hombre,Gipuzkoa,Por 1.000 nacidos vivos,3.7
2013,Hombre,Gipuzkoa,Por 1.000 nacidos vivos,3.4
2012,Hombre,Gipuzkoa,Por 1.000 nacidos vivos,2.5
2010,Hombre,Gipuzkoa,Por 1.000 nacidos vivos,1.9
2024,Hombre,Gipuzkoa,Por 1.000 nacidos vivos,3.1
2023,Hombre,Gipuzkoa,Por 1.000 nacidos vivos,1.3
2022,Hombre,Gipuzkoa,Por 1.000 nacidos vivos,4.2
2021,Hombre,Gipuzkoa,Por 1.000 nacidos vivos,3.1
2020,Hombre,Gipuzkoa,Por 1.000 nacidos vivos,3.1
2019,Hombre,Gipuzkoa,Por 1.000 nacidos vivos,4.6
