Year,Series,Sexo,Units,Value
2016,Cáncer de mama,Mujer,Porcentaje,79.4
2020,Cáncer de mama,Mujer,Porcentaje,75.8
2015,Cáncer de mama,Mujer,Porcentaje,80.8
2013,Cáncer de mama,Mujer,Porcentaje,80.3
2019,Cáncer de mama,Mujer,Porcentaje,76.7
2017,Cáncer de mama,Mujer,Porcentaje,77.1
2012,Cáncer de mama,Mujer,Porcentaje,81.8
2021,Cáncer de mama,Mujer,Porcentaje,76.7
2014,Cáncer de mama,Mujer,Porcentaje,79.8
2018,Cáncer de mama,Mujer,Porcentaje,77.2
2016,Cáncer colorrectal,,Porcentaje,72.4
2021,Cáncer colorrectal,,Porcentaje,72.0
2012,Cáncer colorrectal,,Porcentaje,67.7
2015,Cáncer colorrectal,,Porcentaje,70.4
2018,Cáncer colorrectal,,Porcentaje,72.3
2019,Cáncer colorrectal,,Porcentaje,71.5
2014,Cáncer colorrectal,,Porcentaje,70.7
2020,Cáncer colorrectal,,Porcentaje,70.9
2013,Cáncer colorrectal,,Porcentaje,69.7
2017,Cáncer colorrectal,,Porcentaje,72.3
2015,Cáncer colorrectal,Mujer,Porcentaje,67.9
2016,Cáncer colorrectal,Mujer,Porcentaje,70.0
2014,Cáncer colorrectal,Mujer,Porcentaje,68.2
2020,Cáncer colorrectal,Mujer,Porcentaje,73.4
2017,Cáncer colorrectal,Mujer,Porcentaje,70.0
2019,Cáncer colorrectal,Mujer,Porcentaje,73.7
2013,Cáncer colorrectal,Mujer,Porcentaje,67.1
2012,Cáncer colorrectal,Mujer,Porcentaje,64.9
2021,Cáncer colorrectal,Mujer,Porcentaje,74.0
2018,Cáncer colorrectal,Mujer,Porcentaje,74.9
2019,Cáncer colorrectal,Hombre,Porcentaje,68.4
2020,Cáncer colorrectal,Hombre,Porcentaje,68.1
2018,Cáncer colorrectal,Hombre,Porcentaje,69.9
2013,Cáncer colorrectal,Hombre,Porcentaje,72.1
2017,Cáncer colorrectal,Hombre,Porcentaje,74.6
2012,Cáncer colorrectal,Hombre,Porcentaje,70.3
2014,Cáncer colorrectal,Hombre,Porcentaje,73.0
2021,Cáncer colorrectal,Hombre,Porcentaje,69.4
2015,Cáncer colorrectal,Hombre,Porcentaje,72.6
2016,Cáncer colorrectal,Hombre,Porcentaje,74.6
