Year,Series,Enfermedad no transmisible,Sexo,Territorio histórico,Comarca,Municipio,Units,GeoCode,Value
2023,Tasa de mortalidad,Diabetes,,,,,Por 100.000 habitantes,,21.7
2015,Tasa de mortalidad,Cáncer,,,,,Por 100.000 habitantes,,284.0
2019,Tasa de mortalidad prematura (entre 30 y 70 años),"Enfermedades cardiovasculares, respiratorias crónicas, cáncer o diabetes",,,,,%,,9.6
2023,Tasa de mortalidad,"Enfermedades cardiovasculares, respiratorias crónicas, cáncer o diabetes",,,,,Por 100.000 habitantes,,612.8
2020,Tasa de mortalidad,Enfermedades cardiovasculares,,,,,Por 100.000 habitantes,,255.5
2019,Tasa de mortalidad,Enfermedades cardiovasculares,,,,,Por 100.000 habitantes,,256.3
2016,Tasa de mortalidad,Enfermedades respiratorias crónicas,,,,,Por 100.000 habitantes,,76.3
2018,Tasa de mortalidad,Cáncer,,,,,Por 100.000 habitantes,,281.7
2011,Tasa de mortalidad,Diabetes,,,,,Por 100.000 habitantes,,22.0
2012,Tasa de mortalidad,Diabetes,,,,,Por 100.000 habitantes,,21.8
2012,Tasa de mortalidad,Enfermedades respiratorias crónicas,,,,,Por 100.000 habitantes,,71.1
2010,Tasa de mortalidad,"Enfermedades cardiovasculares, respiratorias crónicas, cáncer o diabetes",,,,,Por 100.000 habitantes,,616.2
2015,Tasa de mortalidad,Enfermedades respiratorias crónicas,,,,,Por 100.000 habitantes,,78.8
2013,Tasa de mortalidad,Enfermedades respiratorias crónicas,,,,,Por 100.000 habitantes,,69.2
2019,Tasa de mortalidad,Enfermedades respiratorias crónicas,,,,,Por 100.000 habitantes,,76.6
2016,Tasa de mortalidad,Enfermedades cardiovasculares,,,,,Por 100.000 habitantes,,263.8
2020,Tasa de mortalidad,Enfermedades respiratorias crónicas,,,,,Por 100.000 habitantes,,56.0
2020,Tasa de mortalidad,"Enfermedades cardiovasculares, respiratorias crónicas, cáncer o diabetes",,,,,Por 100.000 habitantes,,607.8
2011,Tasa de mortalidad,Enfermedades respiratorias crónicas,,,,,Por 100.000 habitantes,,65.4
2010,Tasa de mortalidad,Diabetes,,,,,Por 100.000 habitantes,,23.9
2022,Tasa de mortalidad,"Enfermedades cardiovasculares, respiratorias crónicas, cáncer o diabetes",,,,,Por 100.000 habitantes,,625.9
2019,Tasa de mortalidad,Cáncer,,,,,Por 100.000 habitantes,,277.6
2014,Tasa de mortalidad,"Enfermedades cardiovasculares, respiratorias crónicas, cáncer o diabetes",,,,,Por 100.000 habitantes,,620.7
2017,Tasa de mortalidad,"Enfermedades cardiovasculares, respiratorias crónicas, cáncer o diabetes",,,,,Por 100.000 habitantes,,647.2
2014,Tasa de mortalidad,Enfermedades respiratorias crónicas,,,,,Por 100.000 habitantes,,68.7
2017,Tasa de mortalidad,Enfermedades cardiovasculares,,,,,Por 100.000 habitantes,,264.6
2023,Tasa de mortalidad,Cáncer,,,,,Por 100.000 habitantes,,274.9
2022,Tasa de mortalidad,Cáncer,,,,,Por 100.000 habitantes,,282.3
2012,Tasa de mortalidad,"Enfermedades cardiovasculares, respiratorias crónicas, cáncer o diabetes",,,,,Por 100.000 habitantes,,628.5
2018,Tasa de mortalidad,Diabetes,,,,,Por 100.000 habitantes,,20.6
2017,Tasa de mortalidad,Cáncer,,,,,Por 100.000 habitantes,,282.4
2016,Tasa de mortalidad,Diabetes,,,,,Por 100.000 habitantes,,19.5
2014,Tasa de mortalidad,Enfermedades cardiovasculares,,,,,Por 100.000 habitantes,,248.1
2020,Tasa de mortalidad,Diabetes,,,,,Por 100.000 habitantes,,22.8
2019,Tasa de mortalidad,Diabetes,,,,,Por 100.000 habitantes,,20.7
2023,Tasa de mortalidad,Enfermedades cardiovasculares,,,,,Por 100.000 habitantes,,257.1
2018,Tasa de mortalidad,"Enfermedades cardiovasculares, respiratorias crónicas, cáncer o diabetes",,,,,Por 100.000 habitantes,,648.9
2020,Tasa de mortalidad,Cáncer,,,,,Por 100.000 habitantes,,273.5
2014,Tasa de mortalidad,Cáncer,,,,,Por 100.000 habitantes,,283.9
2010,Tasa de mortalidad,Enfermedades cardiovasculares,,,,,Por 100.000 habitantes,,261.3
2012,Tasa de mortalidad,Enfermedades cardiovasculares,,,,,Por 100.000 habitantes,,263.2
2021,Tasa de mortalidad,Cáncer,,,,,Por 100.000 habitantes,,276.7
2018,Tasa de mortalidad,Enfermedades cardiovasculares,,,,,Por 100.000 habitantes,,265.0
2015,Tasa de mortalidad prematura (entre 30 y 70 años),"Enfermedades cardiovasculares, respiratorias crónicas, cáncer o diabetes",,,,,%,,10.3
2015,Tasa de mortalidad,Diabetes,,,,,Por 100.000 habitantes,,22.2
2010,Tasa de mortalidad prematura (entre 30 y 70 años),"Enfermedades cardiovasculares, respiratorias crónicas, cáncer o diabetes",,,,,%,,11.0
2018,Tasa de mortalidad,Enfermedades respiratorias crónicas,,,,,Por 100.000 habitantes,,81.7
2013,Tasa de mortalidad,"Enfermedades cardiovasculares, respiratorias crónicas, cáncer o diabetes",,,,,Por 100.000 habitantes,,613.0
2013,Tasa de mortalidad,Diabetes,,,,,Por 100.000 habitantes,,23.2
2013,Tasa de mortalidad,Enfermedades cardiovasculares,,,,,Por 100.000 habitantes,,248.6
2019,Tasa de mortalidad,"Enfermedades cardiovasculares, respiratorias crónicas, cáncer o diabetes",,,,,Por 100.000 habitantes,,631.2
2022,Tasa de mortalidad,Diabetes,,,,,Por 100.000 habitantes,,22.1
2014,Tasa de mortalidad,Diabetes,,,,,Por 100.000 habitantes,,20.1
2010,Tasa de mortalidad,Enfermedades respiratorias crónicas,,,,,Por 100.000 habitantes,,63.5
2013,Tasa de mortalidad,Cáncer,,,,,Por 100.000 habitantes,,272.0
2011,Tasa de mortalidad,Enfermedades cardiovasculares,,,,,Por 100.000 habitantes,,259.7
2011,Tasa de mortalidad,"Enfermedades cardiovasculares, respiratorias crónicas, cáncer o diabetes",,,,,Por 100.000 habitantes,,626.2
2021,Tasa de mortalidad,Diabetes,,,,,Por 100.000 habitantes,,21.0
2021,Tasa de mortalidad,Enfermedades respiratorias crónicas,,,,,Por 100.000 habitantes,,54.6
2017,Tasa de mortalidad,Diabetes,,,,,Por 100.000 habitantes,,17.4
2021,Tasa de mortalidad,"Enfermedades cardiovasculares, respiratorias crónicas, cáncer o diabetes",,,,,Por 100.000 habitantes,,622.4
2016,Tasa de mortalidad,"Enfermedades cardiovasculares, respiratorias crónicas, cáncer o diabetes",,,,,Por 100.000 habitantes,,641.2
2015,Tasa de mortalidad,"Enfermedades cardiovasculares, respiratorias crónicas, cáncer o diabetes",,,,,Por 100.000 habitantes,,651.4
2012,Tasa de mortalidad,Cáncer,,,,,Por 100.000 habitantes,,272.4
2021,Tasa de mortalidad,Enfermedades cardiovasculares,,,,,Por 100.000 habitantes,,270.2
2015,Tasa de mortalidad,Enfermedades cardiovasculares,,,,,Por 100.000 habitantes,,266.4
2022,Tasa de mortalidad,Enfermedades cardiovasculares,,,,,Por 100.000 habitantes,,263.1
2023,Tasa de mortalidad,Enfermedades respiratorias crónicas,,,,,Por 100.000 habitantes,,59.1
2017,Tasa de mortalidad,Enfermedades respiratorias crónicas,,,,,Por 100.000 habitantes,,82.8
2022,Tasa de mortalidad,Enfermedades respiratorias crónicas,,,,,Por 100.000 habitantes,,58.3
2011,Tasa de mortalidad,Cáncer,,,,,Por 100.000 habitantes,,279.1
2016,Tasa de mortalidad,Cáncer,,,,,Por 100.000 habitantes,,281.6
2010,Tasa de mortalidad,Cáncer,,,,,Por 100.000 habitantes,,267.5
2012,Tasa de mortalidad,"Enfermedades cardiovasculares, respiratorias crónicas, cáncer o diabetes",,Araba/Álava,,,Por 100.000 habitantes,Araba/Álava,524.5
2014,Tasa de mortalidad,Enfermedades respiratorias crónicas,,Araba/Álava,,,Por 100.000 habitantes,Araba/Álava,57.6
2022,Tasa de mortalidad,Enfermedades cardiovasculares,,Araba/Álava,,,Por 100.000 habitantes,Araba/Álava,218.9
2017,Tasa de mortalidad,Diabetes,,Araba/Álava,,,Por 100.000 habitantes,Araba/Álava,16.9
2010,Tasa de mortalidad,Enfermedades cardiovasculares,,Araba/Álava,,,Por 100.000 habitantes,Araba/Álava,216.1
2023,Tasa de mortalidad,Enfermedades cardiovasculares,,Araba/Álava,,,Por 100.000 habitantes,Araba/Álava,232.4
2011,Tasa de mortalidad,"Enfermedades cardiovasculares, respiratorias crónicas, cáncer o diabetes",,Araba/Álava,,,Por 100.000 habitantes,Araba/Álava,539.2
2020,Tasa de mortalidad,Diabetes,,Araba/Álava,,,Por 100.000 habitantes,Araba/Álava,19.4
2019,Tasa de mortalidad,Cáncer,,Araba/Álava,,,Por 100.000 habitantes,Araba/Álava,250.4
2020,Tasa de mortalidad,Enfermedades respiratorias crónicas,,Araba/Álava,,,Por 100.000 habitantes,Araba/Álava,57.8
2016,Tasa de mortalidad,Enfermedades cardiovasculares,,Araba/Álava,,,Por 100.000 habitantes,Araba/Álava,218.3
2019,Tasa de mortalidad,Enfermedades cardiovasculares,,Araba/Álava,,,Por 100.000 habitantes,Araba/Álava,204.2
2014,Tasa de mortalidad,"Enfermedades cardiovasculares, respiratorias crónicas, cáncer o diabetes",,Araba/Álava,,,Por 100.000 habitantes,Araba/Álava,496.1
2012,Tasa de mortalidad,Enfermedades respiratorias crónicas,,Araba/Álava,,,Por 100.000 habitantes,Araba/Álava,66.0
2013,Tasa de mortalidad,Diabetes,,Araba/Álava,,,Por 100.000 habitantes,Araba/Álava,21.2
2016,Tasa de mortalidad,Diabetes,,Araba/Álava,,,Por 100.000 habitantes,Araba/Álava,17.3
2016,Tasa de mortalidad,Cáncer,,Araba/Álava,,,Por 100.000 habitantes,Araba/Álava,250.5
2018,Tasa de mortalidad,"Enfermedades cardiovasculares, respiratorias crónicas, cáncer o diabetes",,Araba/Álava,,,Por 100.000 habitantes,Araba/Álava,538.3
2010,Tasa de mortalidad,"Enfermedades cardiovasculares, respiratorias crónicas, cáncer o diabetes",,Araba/Álava,,,Por 100.000 habitantes,Araba/Álava,521.0
2020,Tasa de mortalidad,Enfermedades cardiovasculares,,Araba/Álava,,,Por 100.000 habitantes,Araba/Álava,190.5
2013,Tasa de mortalidad,Enfermedades cardiovasculares,,Araba/Álava,,,Por 100.000 habitantes,Araba/Álava,206.2
2018,Tasa de mortalidad,Diabetes,,Araba/Álava,,,Por 100.000 habitantes,Araba/Álava,17.1
2023,Tasa de mortalidad,Cáncer,,Araba/Álava,,,Por 100.000 habitantes,Araba/Álava,241.4
2010,Tasa de mortalidad,Cáncer,,Araba/Álava,,,Por 100.000 habitantes,Araba/Álava,224.0
2021,Tasa de mortalidad,Cáncer,,Araba/Álava,,,Por 100.000 habitantes,Araba/Álava,250.6
2014,Tasa de mortalidad,Cáncer,,Araba/Álava,,,Por 100.000 habitantes,Araba/Álava,234.3
2021,Tasa de mortalidad,Enfermedades respiratorias crónicas,,Araba/Álava,,,Por 100.000 habitantes,Araba/Álava,45.1
2017,Tasa de mortalidad,"Enfermedades cardiovasculares, respiratorias crónicas, cáncer o diabetes",,Araba/Álava,,,Por 100.000 habitantes,Araba/Álava,567.5
2015,Tasa de mortalidad,Enfermedades cardiovasculares,,Araba/Álava,,,Por 100.000 habitantes,Araba/Álava,220.1
2022,Tasa de mortalidad,Enfermedades respiratorias crónicas,,Araba/Álava,,,Por 100.000 habitantes,Araba/Álava,56.0
2023,Tasa de mortalidad,Diabetes,,Araba/Álava,,,Por 100.000 habitantes,Araba/Álava,19.5
2011,Tasa de mortalidad,Enfermedades cardiovasculares,,Araba/Álava,,,Por 100.000 habitantes,Araba/Álava,201.4
2017,Tasa de mortalidad,Enfermedades respiratorias crónicas,,Araba/Álava,,,Por 100.000 habitantes,Araba/Álava,68.7
2018,Tasa de mortalidad,Enfermedades respiratorias crónicas,,Araba/Álava,,,Por 100.000 habitantes,Araba/Álava,68.9
2019,Tasa de mortalidad,Diabetes,,Araba/Álava,,,Por 100.000 habitantes,Araba/Álava,14.0
2017,Tasa de mortalidad,Enfermedades cardiovasculares,,Araba/Álava,,,Por 100.000 habitantes,Araba/Álava,213.2
2018,Tasa de mortalidad,Cáncer,,Araba/Álava,,,Por 100.000 habitantes,Araba/Álava,243.0
2020,Tasa de mortalidad,Cáncer,,Araba/Álava,,,Por 100.000 habitantes,Araba/Álava,224.1
2021,Tasa de mortalidad,Enfermedades cardiovasculares,,Araba/Álava,,,Por 100.000 habitantes,Araba/Álava,217.6
2019,Tasa de mortalidad,"Enfermedades cardiovasculares, respiratorias crónicas, cáncer o diabetes",,Araba/Álava,,,Por 100.000 habitantes,Araba/Álava,546.4
2012,Tasa de mortalidad,Cáncer,,Araba/Álava,,,Por 100.000 habitantes,Araba/Álava,232.0
2011,Tasa de mortalidad,Cáncer,,Araba/Álava,,,Por 100.000 habitantes,Araba/Álava,257.9
2023,Tasa de mortalidad,Enfermedades respiratorias crónicas,,Araba/Álava,,,Por 100.000 habitantes,Araba/Álava,51.5
2021,Tasa de mortalidad,"Enfermedades cardiovasculares, respiratorias crónicas, cáncer o diabetes",,Araba/Álava,,,Por 100.000 habitantes,Araba/Álava,536.3
2022,Tasa de mortalidad,Cáncer,,Araba/Álava,,,Por 100.000 habitantes,Araba/Álava,243.6
2016,Tasa de mortalidad,"Enfermedades cardiovasculares, respiratorias crónicas, cáncer o diabetes",,Araba/Álava,,,Por 100.000 habitantes,Araba/Álava,553.9
2022,Tasa de mortalidad,Diabetes,,Araba/Álava,,,Por 100.000 habitantes,Araba/Álava,19.6
2019,Tasa de mortalidad,Enfermedades respiratorias crónicas,,Araba/Álava,,,Por 100.000 habitantes,Araba/Álava,77.8
2015,Tasa de mortalidad,"Enfermedades cardiovasculares, respiratorias crónicas, cáncer o diabetes",,Araba/Álava,,,Por 100.000 habitantes,Araba/Álava,574.1
2013,Tasa de mortalidad,Cáncer,,Araba/Álava,,,Por 100.000 habitantes,Araba/Álava,247.7
2010,Tasa de mortalidad,Enfermedades respiratorias crónicas,,Araba/Álava,,,Por 100.000 habitantes,Araba/Álava,55.4
2016,Tasa de mortalidad,Enfermedades respiratorias crónicas,,Araba/Álava,,,Por 100.000 habitantes,Araba/Álava,67.8
2012,Tasa de mortalidad,Enfermedades cardiovasculares,,Araba/Álava,,,Por 100.000 habitantes,Araba/Álava,207.1
2017,Tasa de mortalidad,Cáncer,,Araba/Álava,,,Por 100.000 habitantes,Araba/Álava,268.7
2013,Tasa de mortalidad,Enfermedades respiratorias crónicas,,Araba/Álava,,,Por 100.000 habitantes,Araba/Álava,71.5
2022,Tasa de mortalidad,"Enfermedades cardiovasculares, respiratorias crónicas, cáncer o diabetes",,Araba/Álava,,,Por 100.000 habitantes,Araba/Álava,538.1
2013,Tasa de mortalidad,"Enfermedades cardiovasculares, respiratorias crónicas, cáncer o diabetes",,Araba/Álava,,,Por 100.000 habitantes,Araba/Álava,546.6
2015,Tasa de mortalidad,Diabetes,,Araba/Álava,,,Por 100.000 habitantes,Araba/Álava,21.1
2012,Tasa de mortalidad,Diabetes,,Araba/Álava,,,Por 100.000 habitantes,Araba/Álava,19.3
2018,Tasa de mortalidad,Enfermedades cardiovasculares,,Araba/Álava,,,Por 100.000 habitantes,Araba/Álava,209.3
2014,Tasa de mortalidad,Enfermedades cardiovasculares,,Araba/Álava,,,Por 100.000 habitantes,Araba/Álava,191.6
2021,Tasa de mortalidad,Diabetes,,Araba/Álava,,,Por 100.000 habitantes,Araba/Álava,23.0
2020,Tasa de mortalidad,"Enfermedades cardiovasculares, respiratorias crónicas, cáncer o diabetes",,Araba/Álava,,,Por 100.000 habitantes,Araba/Álava,491.8
2014,Tasa de mortalidad,Diabetes,,Araba/Álava,,,Por 100.000 habitantes,Araba/Álava,12.5
2023,Tasa de mortalidad,"Enfermedades cardiovasculares, respiratorias crónicas, cáncer o diabetes",,Araba/Álava,,,Por 100.000 habitantes,Araba/Álava,544.7
2011,Tasa de mortalidad,Diabetes,,Araba/Álava,,,Por 100.000 habitantes,Araba/Álava,22.5
2015,Tasa de mortalidad,Cáncer,,Araba/Álava,,,Por 100.000 habitantes,Araba/Álava,263.6
2011,Tasa de mortalidad,Enfermedades respiratorias crónicas,,Araba/Álava,,,Por 100.000 habitantes,Araba/Álava,57.4
2010,Tasa de mortalidad,Diabetes,,Araba/Álava,,,Por 100.000 habitantes,Araba/Álava,25.5
2015,Tasa de mortalidad,Enfermedades respiratorias crónicas,,Araba/Álava,,,Por 100.000 habitantes,Araba/Álava,69.2
2017,Tasa de mortalidad,"Enfermedades cardiovasculares, respiratorias crónicas, cáncer o diabetes",,Bizkaia,,,Por 100.000 habitantes,Bizkaia,684.1
2022,Tasa de mortalidad,Cáncer,,Bizkaia,,,Por 100.000 habitantes,Bizkaia,301.6
2016,Tasa de mortalidad,Enfermedades cardiovasculares,,Bizkaia,,,Por 100.000 habitantes,Bizkaia,285.3
2012,Tasa de mortalidad,Enfermedades respiratorias crónicas,,Bizkaia,,,Por 100.000 habitantes,Bizkaia,72.9
2018,Tasa de mortalidad,"Enfermedades cardiovasculares, respiratorias crónicas, cáncer o diabetes",,Bizkaia,,,Por 100.000 habitantes,Bizkaia,691.0
2023,Tasa de mortalidad,Enfermedades cardiovasculares,,Bizkaia,,,Por 100.000 habitantes,Bizkaia,259.4
2016,Tasa de mortalidad,Cáncer,,Bizkaia,,,Por 100.000 habitantes,Bizkaia,303.7
2012,Tasa de mortalidad,Enfermedades cardiovasculares,,Bizkaia,,,Por 100.000 habitantes,Bizkaia,285.8
2016,Tasa de mortalidad,Enfermedades respiratorias crónicas,,Bizkaia,,,Por 100.000 habitantes,Bizkaia,79.5
2020,Tasa de mortalidad,Cáncer,,Bizkaia,,,Por 100.000 habitantes,Bizkaia,292.3
2015,Tasa de mortalidad,Diabetes,,Bizkaia,,,Por 100.000 habitantes,Bizkaia,23.8
2020,Tasa de mortalidad,Diabetes,,Bizkaia,,,Por 100.000 habitantes,Bizkaia,24.4
2013,Tasa de mortalidad,Enfermedades cardiovasculares,,Bizkaia,,,Por 100.000 habitantes,Bizkaia,263.0
2015,Tasa de mortalidad,"Enfermedades cardiovasculares, respiratorias crónicas, cáncer o diabetes",,Bizkaia,,,Por 100.000 habitantes,Bizkaia,696.8
2015,Tasa de mortalidad,Enfermedades respiratorias crónicas,,Bizkaia,,,Por 100.000 habitantes,Bizkaia,83.8
2013,Tasa de mortalidad,Diabetes,,Bizkaia,,,Por 100.000 habitantes,Bizkaia,22.4
2020,Tasa de mortalidad,"Enfermedades cardiovasculares, respiratorias crónicas, cáncer o diabetes",,Bizkaia,,,Por 100.000 habitantes,Bizkaia,651.0
2022,Tasa de mortalidad,Enfermedades respiratorias crónicas,,Bizkaia,,,Por 100.000 habitantes,Bizkaia,61.3
2018,Tasa de mortalidad,Enfermedades respiratorias crónicas,,Bizkaia,,,Por 100.000 habitantes,Bizkaia,89.1
2019,Tasa de mortalidad,Enfermedades cardiovasculares,,Bizkaia,,,Por 100.000 habitantes,Bizkaia,276.2
2014,Tasa de mortalidad,Enfermedades cardiovasculares,,Bizkaia,,,Por 100.000 habitantes,Bizkaia,274.4
2018,Tasa de mortalidad,Cáncer,,Bizkaia,,,Por 100.000 habitantes,Bizkaia,293.8
2012,Tasa de mortalidad,Diabetes,,Bizkaia,,,Por 100.000 habitantes,Bizkaia,21.8
2022,Tasa de mortalidad,Enfermedades cardiovasculares,,Bizkaia,,,Por 100.000 habitantes,Bizkaia,275.1
2020,Tasa de mortalidad,Enfermedades cardiovasculares,,Bizkaia,,,Por 100.000 habitantes,Bizkaia,277.0
2017,Tasa de mortalidad,Enfermedades cardiovasculares,,Bizkaia,,,Por 100.000 habitantes,Bizkaia,285.9
2014,Tasa de mortalidad,Diabetes,,Bizkaia,,,Por 100.000 habitantes,Bizkaia,22.3
2019,Tasa de mortalidad,"Enfermedades cardiovasculares, respiratorias crónicas, cáncer o diabetes",,Bizkaia,,,Por 100.000 habitantes,Bizkaia,676.6
2010,Tasa de mortalidad,Cáncer,,Bizkaia,,,Por 100.000 habitantes,Bizkaia,287.6
2012,Tasa de mortalidad,"Enfermedades cardiovasculares, respiratorias crónicas, cáncer o diabetes",,Bizkaia,,,Por 100.000 habitantes,Bizkaia,669.6
2018,Tasa de mortalidad,Enfermedades cardiovasculares,,Bizkaia,,,Por 100.000 habitantes,Bizkaia,287.8
2016,Tasa de mortalidad,"Enfermedades cardiovasculares, respiratorias crónicas, cáncer o diabetes",,Bizkaia,,,Por 100.000 habitantes,Bizkaia,689.2
2013,Tasa de mortalidad,Cáncer,,Bizkaia,,,Por 100.000 habitantes,Bizkaia,285.8
2015,Tasa de mortalidad,Cáncer,,Bizkaia,,,Por 100.000 habitantes,Bizkaia,295.8
2019,Tasa de mortalidad,Enfermedades respiratorias crónicas,,Bizkaia,,,Por 100.000 habitantes,Bizkaia,79.1
2023,Tasa de mortalidad,Diabetes,,Bizkaia,,,Por 100.000 habitantes,Bizkaia,20.1
2014,Tasa de mortalidad,Cáncer,,Bizkaia,,,Por 100.000 habitantes,Bizkaia,303.4
2013,Tasa de mortalidad,Enfermedades respiratorias crónicas,,Bizkaia,,,Por 100.000 habitantes,Bizkaia,71.0
2017,Tasa de mortalidad,Cáncer,,Bizkaia,,,Por 100.000 habitantes,Bizkaia,291.2
2012,Tasa de mortalidad,Cáncer,,Bizkaia,,,Por 100.000 habitantes,Bizkaia,289.1
2023,Tasa de mortalidad,"Enfermedades cardiovasculares, respiratorias crónicas, cáncer o diabetes",,Bizkaia,,,Por 100.000 habitantes,Bizkaia,623.5
2021,Tasa de mortalidad,Diabetes,,Bizkaia,,,Por 100.000 habitantes,Bizkaia,22.1
2014,Tasa de mortalidad,Enfermedades respiratorias crónicas,,Bizkaia,,,Por 100.000 habitantes,Bizkaia,68.9
2017,Tasa de mortalidad,Enfermedades respiratorias crónicas,,Bizkaia,,,Por 100.000 habitantes,Bizkaia,89.0
2021,Tasa de mortalidad,Enfermedades cardiovasculares,,Bizkaia,,,Por 100.000 habitantes,Bizkaia,276.1
2016,Tasa de mortalidad,Diabetes,,Bizkaia,,,Por 100.000 habitantes,Bizkaia,20.7
2023,Tasa de mortalidad,Enfermedades respiratorias crónicas,,Bizkaia,,,Por 100.000 habitantes,Bizkaia,61.7
2015,Tasa de mortalidad,Enfermedades cardiovasculares,,Bizkaia,,,Por 100.000 habitantes,Bizkaia,293.5
2010,Tasa de mortalidad,Enfermedades cardiovasculares,,Bizkaia,,,Por 100.000 habitantes,Bizkaia,280.5
2017,Tasa de mortalidad,Diabetes,,Bizkaia,,,Por 100.000 habitantes,Bizkaia,18.0
2011,Tasa de mortalidad,Cáncer,,Bizkaia,,,Por 100.000 habitantes,Bizkaia,291.5
2021,Tasa de mortalidad,Cáncer,,Bizkaia,,,Por 100.000 habitantes,Bizkaia,291.9
2010,Tasa de mortalidad,Enfermedades respiratorias crónicas,,Bizkaia,,,Por 100.000 habitantes,Bizkaia,64.1
2023,Tasa de mortalidad,Cáncer,,Bizkaia,,,Por 100.000 habitantes,Bizkaia,282.4
2019,Tasa de mortalidad,Diabetes,,Bizkaia,,,Por 100.000 habitantes,Bizkaia,23.4
2013,Tasa de mortalidad,"Enfermedades cardiovasculares, respiratorias crónicas, cáncer o diabetes",,Bizkaia,,,Por 100.000 habitantes,Bizkaia,642.3
2011,Tasa de mortalidad,Diabetes,,Bizkaia,,,Por 100.000 habitantes,Bizkaia,21.9
2019,Tasa de mortalidad,Cáncer,,Bizkaia,,,Por 100.000 habitantes,Bizkaia,297.8
2010,Tasa de mortalidad,"Enfermedades cardiovasculares, respiratorias crónicas, cáncer o diabetes",,Bizkaia,,,Por 100.000 habitantes,Bizkaia,654.2
2018,Tasa de mortalidad,Diabetes,,Bizkaia,,,Por 100.000 habitantes,Bizkaia,20.4
2014,Tasa de mortalidad,"Enfermedades cardiovasculares, respiratorias crónicas, cáncer o diabetes",,Bizkaia,,,Por 100.000 habitantes,Bizkaia,669.0
2022,Tasa de mortalidad,"Enfermedades cardiovasculares, respiratorias crónicas, cáncer o diabetes",,Bizkaia,,,Por 100.000 habitantes,Bizkaia,659.6
2011,Tasa de mortalidad,Enfermedades cardiovasculares,,Bizkaia,,,Por 100.000 habitantes,Bizkaia,282.1
2021,Tasa de mortalidad,Enfermedades respiratorias crónicas,,Bizkaia,,,Por 100.000 habitantes,Bizkaia,57.9
2021,Tasa de mortalidad,"Enfermedades cardiovasculares, respiratorias crónicas, cáncer o diabetes",,Bizkaia,,,Por 100.000 habitantes,Bizkaia,648.0
2011,Tasa de mortalidad,"Enfermedades cardiovasculares, respiratorias crónicas, cáncer o diabetes",,Bizkaia,,,Por 100.000 habitantes,Bizkaia,662.9
2022,Tasa de mortalidad,Diabetes,,Bizkaia,,,Por 100.000 habitantes,Bizkaia,21.6
2020,Tasa de mortalidad,Enfermedades respiratorias crónicas,,Bizkaia,,,Por 100.000 habitantes,Bizkaia,57.2
2010,Tasa de mortalidad,Diabetes,,Bizkaia,,,Por 100.000 habitantes,Bizkaia,22.0
2011,Tasa de mortalidad,Enfermedades respiratorias crónicas,,Bizkaia,,,Por 100.000 habitantes,Bizkaia,67.4
2010,Tasa de mortalidad,"Enfermedades cardiovasculares, respiratorias crónicas, cáncer o diabetes",,Gipuzkoa,,,Por 100.000 habitantes,Gipuzkoa,596.9
2011,Tasa de mortalidad,Cáncer,,Gipuzkoa,,,Por 100.000 habitantes,Gipuzkoa,268.4
2018,Tasa de mortalidad,"Enfermedades cardiovasculares, respiratorias crónicas, cáncer o diabetes",,Gipuzkoa,,,Por 100.000 habitantes,Gipuzkoa,631.8
2017,Tasa de mortalidad,"Enfermedades cardiovasculares, respiratorias crónicas, cáncer o diabetes",,Gipuzkoa,,,Por 100.000 habitantes,Gipuzkoa,624.4
2018,Tasa de mortalidad,Diabetes,,Gipuzkoa,,,Por 100.000 habitantes,Gipuzkoa,22.2
2020,Tasa de mortalidad,Enfermedades respiratorias crónicas,,Gipuzkoa,,,Por 100.000 habitantes,Gipuzkoa,53.2
2019,Tasa de mortalidad,"Enfermedades cardiovasculares, respiratorias crónicas, cáncer o diabetes",,Gipuzkoa,,,Por 100.000 habitantes,Gipuzkoa,597.6
2010,Tasa de mortalidad,Enfermedades respiratorias crónicas,,Gipuzkoa,,,Por 100.000 habitantes,Gipuzkoa,66.3
2018,Tasa de mortalidad,Cáncer,,Gipuzkoa,,,Por 100.000 habitantes,Gipuzkoa,280.0
2012,Tasa de mortalidad,Enfermedades respiratorias crónicas,,Gipuzkoa,,,Por 100.000 habitantes,Gipuzkoa,70.5
2014,Tasa de mortalidad,Cáncer,,Gipuzkoa,,,Por 100.000 habitantes,Gipuzkoa,274.9
2020,Tasa de mortalidad,Enfermedades cardiovasculares,,Gipuzkoa,,,Por 100.000 habitantes,Gipuzkoa,251.1
2011,Tasa de mortalidad,Enfermedades respiratorias crónicas,,Gipuzkoa,,,Por 100.000 habitantes,Gipuzkoa,65.7
2018,Tasa de mortalidad,Enfermedades respiratorias crónicas,,Gipuzkoa,,,Por 100.000 habitantes,Gipuzkoa,75.7
2016,Tasa de mortalidad,Cáncer,,Gipuzkoa,,,Por 100.000 habitantes,Gipuzkoa,260.3
2015,Tasa de mortalidad,Enfermedades cardiovasculares,,Gipuzkoa,,,Por 100.000 habitantes,Gipuzkoa,244.0
2016,Tasa de mortalidad,Enfermedades respiratorias crónicas,,Gipuzkoa,,,Por 100.000 habitantes,Gipuzkoa,75.0
2017,Tasa de mortalidad,Diabetes,,Gipuzkoa,,,Por 100.000 habitantes,Gipuzkoa,16.7
2016,Tasa de mortalidad,Enfermedades cardiovasculares,,Gipuzkoa,,,Por 100.000 habitantes,Gipuzkoa,249.8
2014,Tasa de mortalidad,Enfermedades respiratorias crónicas,,Gipuzkoa,,,Por 100.000 habitantes,Gipuzkoa,73.5
2013,Tasa de mortalidad,Enfermedades respiratorias crónicas,,Gipuzkoa,,,Por 100.000 habitantes,Gipuzkoa,65.2
2012,Tasa de mortalidad,Cáncer,,Gipuzkoa,,,Por 100.000 habitantes,Gipuzkoa,263.6
2019,Tasa de mortalidad,Enfermedades cardiovasculares,,Gipuzkoa,,,Por 100.000 habitantes,Gipuzkoa,248.3
2021,Tasa de mortalidad,Cáncer,,Gipuzkoa,,,Por 100.000 habitantes,Gipuzkoa,264.4
2019,Tasa de mortalidad,Diabetes,,Gipuzkoa,,,Por 100.000 habitantes,Gipuzkoa,19.5
2013,Tasa de mortalidad,Diabetes,,Gipuzkoa,,,Por 100.000 habitantes,Gipuzkoa,25.3
2015,Tasa de mortalidad,Cáncer,,Gipuzkoa,,,Por 100.000 habitantes,Gipuzkoa,274.1
2013,Tasa de mortalidad,Cáncer,,Gipuzkoa,,,Por 100.000 habitantes,Gipuzkoa,260.5
2022,Tasa de mortalidad,Diabetes,,Gipuzkoa,,,Por 100.000 habitantes,Gipuzkoa,24.1
2022,Tasa de mortalidad,Cáncer,,Gipuzkoa,,,Por 100.000 habitantes,Gipuzkoa,269.7
2022,Tasa de mortalidad,Enfermedades respiratorias crónicas,,Gipuzkoa,,,Por 100.000 habitantes,Gipuzkoa,54.6
2023,Tasa de mortalidad,Cáncer,,Gipuzkoa,,,Por 100.000 habitantes,Gipuzkoa,278.5
2014,Tasa de mortalidad,Diabetes,,Gipuzkoa,,,Por 100.000 habitantes,Gipuzkoa,19.9
2023,Tasa de mortalidad,Enfermedades respiratorias crónicas,,Gipuzkoa,,,Por 100.000 habitantes,Gipuzkoa,58.7
2016,Tasa de mortalidad,Diabetes,,Gipuzkoa,,,Por 100.000 habitantes,Gipuzkoa,18.4
2017,Tasa de mortalidad,Enfermedades respiratorias crónicas,,Gipuzkoa,,,Por 100.000 habitantes,Gipuzkoa,79.3
2022,Tasa de mortalidad,"Enfermedades cardiovasculares, respiratorias crónicas, cáncer o diabetes",,Gipuzkoa,,,Por 100.000 habitantes,Gipuzkoa,613.0
2010,Tasa de mortalidad,Cáncer,,Gipuzkoa,,,Por 100.000 habitantes,Gipuzkoa,254.3
2012,Tasa de mortalidad,"Enfermedades cardiovasculares, respiratorias crónicas, cáncer o diabetes",,Gipuzkoa,,,Por 100.000 habitantes,Gipuzkoa,608.3
2011,Tasa de mortalidad,Enfermedades cardiovasculares,,Gipuzkoa,,,Por 100.000 habitantes,Gipuzkoa,249.5
2014,Tasa de mortalidad,Enfermedades cardiovasculares,,Gipuzkoa,,,Por 100.000 habitantes,Gipuzkoa,230.9
2012,Tasa de mortalidad,Diabetes,,Gipuzkoa,,,Por 100.000 habitantes,Gipuzkoa,22.8
2012,Tasa de mortalidad,Enfermedades cardiovasculares,,Gipuzkoa,,,Por 100.000 habitantes,Gipuzkoa,251.4
2018,Tasa de mortalidad,Enfermedades cardiovasculares,,Gipuzkoa,,,Por 100.000 habitantes,Gipuzkoa,253.9
2023,Tasa de mortalidad,Enfermedades cardiovasculares,,Gipuzkoa,,,Por 100.000 habitantes,Gipuzkoa,264.8
2017,Tasa de mortalidad,Enfermedades cardiovasculares,,Gipuzkoa,,,Por 100.000 habitantes,Gipuzkoa,253.9
2019,Tasa de mortalidad,Cáncer,,Gipuzkoa,,,Por 100.000 habitantes,Gipuzkoa,257.9
2021,Tasa de mortalidad,Enfermedades cardiovasculares,,Gipuzkoa,,,Por 100.000 habitantes,Gipuzkoa,284.9
2015,Tasa de mortalidad,Enfermedades respiratorias crónicas,,Gipuzkoa,,,Por 100.000 habitantes,Gipuzkoa,75.2
2021,Tasa de mortalidad,Diabetes,,Gipuzkoa,,,Por 100.000 habitantes,Gipuzkoa,18.3
2021,Tasa de mortalidad,"Enfermedades cardiovasculares, respiratorias crónicas, cáncer o diabetes",,Gipuzkoa,,,Por 100.000 habitantes,Gipuzkoa,621.2
2010,Tasa de mortalidad,Diabetes,,Gipuzkoa,,,Por 100.000 habitantes,Gipuzkoa,26.1
2020,Tasa de mortalidad,Cáncer,,Gipuzkoa,,,Por 100.000 habitantes,Gipuzkoa,266.1
2013,Tasa de mortalidad,"Enfermedades cardiovasculares, respiratorias crónicas, cáncer o diabetes",,Gipuzkoa,,,Por 100.000 habitantes,Gipuzkoa,595.4
2014,Tasa de mortalidad,"Enfermedades cardiovasculares, respiratorias crónicas, cáncer o diabetes",,Gipuzkoa,,,Por 100.000 habitantes,Gipuzkoa,599.2
2023,Tasa de mortalidad,"Enfermedades cardiovasculares, respiratorias crónicas, cáncer o diabetes",,Gipuzkoa,,,Por 100.000 habitantes,Gipuzkoa,627.4
2021,Tasa de mortalidad,Enfermedades respiratorias crónicas,,Gipuzkoa,,,Por 100.000 habitantes,Gipuzkoa,53.6
2010,Tasa de mortalidad,Enfermedades cardiovasculares,,Gipuzkoa,,,Por 100.000 habitantes,Gipuzkoa,250.3
2017,Tasa de mortalidad,Cáncer,,Gipuzkoa,,,Por 100.000 habitantes,Gipuzkoa,274.4
2019,Tasa de mortalidad,Enfermedades respiratorias crónicas,,Gipuzkoa,,,Por 100.000 habitantes,Gipuzkoa,71.9
2022,Tasa de mortalidad,Enfermedades cardiovasculares,,Gipuzkoa,,,Por 100.000 habitantes,Gipuzkoa,264.6
2015,Tasa de mortalidad,Diabetes,,Gipuzkoa,,,Por 100.000 habitantes,Gipuzkoa,20.3
2013,Tasa de mortalidad,Enfermedades cardiovasculares,,Gipuzkoa,,,Por 100.000 habitantes,Gipuzkoa,244.4
2020,Tasa de mortalidad,"Enfermedades cardiovasculares, respiratorias crónicas, cáncer o diabetes",,Gipuzkoa,,,Por 100.000 habitantes,Gipuzkoa,592.1
2020,Tasa de mortalidad,Diabetes,,Gipuzkoa,,,Por 100.000 habitantes,Gipuzkoa,21.7
2011,Tasa de mortalidad,"Enfermedades cardiovasculares, respiratorias crónicas, cáncer o diabetes",,Gipuzkoa,,,Por 100.000 habitantes,Gipuzkoa,605.6
2023,Tasa de mortalidad,Diabetes,,Gipuzkoa,,,Por 100.000 habitantes,Gipuzkoa,25.4
2015,Tasa de mortalidad,"Enfermedades cardiovasculares, respiratorias crónicas, cáncer o diabetes",,Gipuzkoa,,,Por 100.000 habitantes,Gipuzkoa,613.5
2011,Tasa de mortalidad,Diabetes,,Gipuzkoa,,,Por 100.000 habitantes,Gipuzkoa,22.0
2016,Tasa de mortalidad,"Enfermedades cardiovasculares, respiratorias crónicas, cáncer o diabetes",,Gipuzkoa,,,Por 100.000 habitantes,Gipuzkoa,603.6
2016,Tasa de mortalidad,Enfermedades cardiovasculares,Mujer,,,,Por 100.000 habitantes,,269.1
2011,Tasa de mortalidad,"Enfermedades cardiovasculares, respiratorias crónicas, cáncer o diabetes",Mujer,,,,Por 100.000 habitantes,,553.0
2019,Tasa de mortalidad,Diabetes,Mujer,,,,Por 100.000 habitantes,,22.8
2017,Tasa de mortalidad,Enfermedades cardiovasculares,Mujer,,,,Por 100.000 habitantes,,271.6
2012,Tasa de mortalidad,Cáncer,Mujer,,,,Por 100.000 habitantes,,193.8
2014,Tasa de mortalidad,Cáncer,Mujer,,,,Por 100.000 habitantes,,216.6
2015,Tasa de mortalidad,Cáncer,Mujer,,,,Por 100.000 habitantes,,218.4
2016,Tasa de mortalidad,Diabetes,Mujer,,,,Por 100.000 habitantes,,20.2
2018,Tasa de mortalidad,Cáncer,Mujer,,,,Por 100.000 habitantes,,213.6
2021,Tasa de mortalidad,Cáncer,Mujer,,,,Por 100.000 habitantes,,220.5
2017,Tasa de mortalidad,"Enfermedades cardiovasculares, respiratorias crónicas, cáncer o diabetes",Mujer,,,,Por 100.000 habitantes,,581.7
2022,Tasa de mortalidad,Cáncer,Mujer,,,,Por 100.000 habitantes,,228.0
2010,Tasa de mortalidad,Enfermedades cardiovasculares,Mujer,,,,Por 100.000 habitantes,,262.6
2011,Tasa de mortalidad,Diabetes,Mujer,,,,Por 100.000 habitantes,,24.5
2019,Tasa de mortalidad prematura (entre 30 y 70 años),"Enfermedades cardiovasculares, respiratorias crónicas, cáncer o diabetes",Mujer,,,,%,,6.5
2020,Tasa de mortalidad,"Enfermedades cardiovasculares, respiratorias crónicas, cáncer o diabetes",Mujer,,,,Por 100.000 habitantes,,550.5
2010,Tasa de mortalidad,Cáncer,Mujer,,,,Por 100.000 habitantes,,195.2
2014,Tasa de mortalidad,"Enfermedades cardiovasculares, respiratorias crónicas, cáncer o diabetes",Mujer,,,,Por 100.000 habitantes,,556.0
2020,Tasa de mortalidad,Diabetes,Mujer,,,,Por 100.000 habitantes,,23.2
2020,Tasa de mortalidad,Enfermedades cardiovasculares,Mujer,,,,Por 100.000 habitantes,,267.0
2012,Tasa de mortalidad,Enfermedades cardiovasculares,Mujer,,,,Por 100.000 habitantes,,275.6
2013,Tasa de mortalidad,"Enfermedades cardiovasculares, respiratorias crónicas, cáncer o diabetes",Mujer,,,,Por 100.000 habitantes,,538.5
2021,Tasa de mortalidad,Diabetes,Mujer,,,,Por 100.000 habitantes,,23.1
2015,Tasa de mortalidad prematura (entre 30 y 70 años),"Enfermedades cardiovasculares, respiratorias crónicas, cáncer o diabetes",Mujer,,,,%,,6.6
2013,Tasa de mortalidad,Enfermedades cardiovasculares,Mujer,,,,Por 100.000 habitantes,,252.4
2014,Tasa de mortalidad,Diabetes,Mujer,,,,Por 100.000 habitantes,,22.4
2019,Tasa de mortalidad,"Enfermedades cardiovasculares, respiratorias crónicas, cáncer o diabetes",Mujer,,,,Por 100.000 habitantes,,567.0
2022,Tasa de mortalidad,Enfermedades cardiovasculares,Mujer,,,,Por 100.000 habitantes,,272.8
2019,Tasa de mortalidad,Enfermedades cardiovasculares,Mujer,,,,Por 100.000 habitantes,,260.7
2014,Tasa de mortalidad,Enfermedades respiratorias crónicas,Mujer,,,,Por 100.000 habitantes,,60.0
2013,Tasa de mortalidad,Cáncer,Mujer,,,,Por 100.000 habitantes,,199.0
2012,Tasa de mortalidad,Diabetes,Mujer,,,,Por 100.000 habitantes,,24.3
2016,Tasa de mortalidad,Cáncer,Mujer,,,,Por 100.000 habitantes,,215.0
2022,Tasa de mortalidad,Diabetes,Mujer,,,,Por 100.000 habitantes,,22.8
2023,Tasa de mortalidad,Enfermedades cardiovasculares,Mujer,,,,Por 100.000 habitantes,,262.0
2020,Tasa de mortalidad,Enfermedades respiratorias crónicas,Mujer,,,,Por 100.000 habitantes,,49.8
2011,Tasa de mortalidad,Enfermedades respiratorias crónicas,Mujer,,,,Por 100.000 habitantes,,53.7
2017,Tasa de mortalidad,Diabetes,Mujer,,,,Por 100.000 habitantes,,18.5
2022,Tasa de mortalidad,"Enfermedades cardiovasculares, respiratorias crónicas, cáncer o diabetes",Mujer,,,,Por 100.000 habitantes,,573.5
2021,Tasa de mortalidad,"Enfermedades cardiovasculares, respiratorias crónicas, cáncer o diabetes",Mujer,,,,Por 100.000 habitantes,,566.5
2010,Tasa de mortalidad prematura (entre 30 y 70 años),"Enfermedades cardiovasculares, respiratorias crónicas, cáncer o diabetes",Mujer,,,,%,,6.7
2012,Tasa de mortalidad,Enfermedades respiratorias crónicas,Mujer,,,,Por 100.000 habitantes,,60.5
2016,Tasa de mortalidad,"Enfermedades cardiovasculares, respiratorias crónicas, cáncer o diabetes",Mujer,,,,Por 100.000 habitantes,,572.1
2018,Tasa de mortalidad,"Enfermedades cardiovasculares, respiratorias crónicas, cáncer o diabetes",Mujer,,,,Por 100.000 habitantes,,580.4
2015,Tasa de mortalidad,Enfermedades cardiovasculares,Mujer,,,,Por 100.000 habitantes,,275.9
2017,Tasa de mortalidad,Enfermedades respiratorias crónicas,Mujer,,,,Por 100.000 habitantes,,76.2
2020,Tasa de mortalidad,Cáncer,Mujer,,,,Por 100.000 habitantes,,210.6
2010,Tasa de mortalidad,Diabetes,Mujer,,,,Por 100.000 habitantes,,26.6
2023,Tasa de mortalidad,Cáncer,Mujer,,,,Por 100.000 habitantes,,213.6
2014,Tasa de mortalidad,Enfermedades cardiovasculares,Mujer,,,,Por 100.000 habitantes,,257.0
2012,Tasa de mortalidad,"Enfermedades cardiovasculares, respiratorias crónicas, cáncer o diabetes",Mujer,,,,Por 100.000 habitantes,,554.2
2013,Tasa de mortalidad,Enfermedades respiratorias crónicas,Mujer,,,,Por 100.000 habitantes,,60.1
2017,Tasa de mortalidad,Cáncer,Mujer,,,,Por 100.000 habitantes,,215.4
2015,Tasa de mortalidad,Enfermedades respiratorias crónicas,Mujer,,,,Por 100.000 habitantes,,68.2
2019,Tasa de mortalidad,Enfermedades respiratorias crónicas,Mujer,,,,Por 100.000 habitantes,,68.1
2023,Tasa de mortalidad,Enfermedades respiratorias crónicas,Mujer,,,,Por 100.000 habitantes,,51.7
2011,Tasa de mortalidad,Cáncer,Mujer,,,,Por 100.000 habitantes,,209.7
2018,Tasa de mortalidad,Enfermedades cardiovasculares,Mujer,,,,Por 100.000 habitantes,,269.6
2010,Tasa de mortalidad,Enfermedades respiratorias crónicas,Mujer,,,,Por 100.000 habitantes,,52.5
2015,Tasa de mortalidad,"Enfermedades cardiovasculares, respiratorias crónicas, cáncer o diabetes",Mujer,,,,Por 100.000 habitantes,,586.7
2013,Tasa de mortalidad,Diabetes,Mujer,,,,Por 100.000 habitantes,,27.0
2023,Tasa de mortalidad,"Enfermedades cardiovasculares, respiratorias crónicas, cáncer o diabetes",Mujer,,,,Por 100.000 habitantes,,550.8
2021,Tasa de mortalidad,Enfermedades respiratorias crónicas,Mujer,,,,Por 100.000 habitantes,,43.8
2015,Tasa de mortalidad,Diabetes,Mujer,,,,Por 100.000 habitantes,,24.2
2018,Tasa de mortalidad,Enfermedades respiratorias crónicas,Mujer,,,,Por 100.000 habitantes,,75.0
2022,Tasa de mortalidad,Enfermedades respiratorias crónicas,Mujer,,,,Por 100.000 habitantes,,50.0
2023,Tasa de mortalidad,Diabetes,Mujer,,,,Por 100.000 habitantes,,23.5
2018,Tasa de mortalidad,Diabetes,Mujer,,,,Por 100.000 habitantes,,22.2
2021,Tasa de mortalidad,Enfermedades cardiovasculares,Mujer,,,,Por 100.000 habitantes,,279.1
2010,Tasa de mortalidad,"Enfermedades cardiovasculares, respiratorias crónicas, cáncer o diabetes",Mujer,,,,Por 100.000 habitantes,,536.9
2011,Tasa de mortalidad,Enfermedades cardiovasculares,Mujer,,,,Por 100.000 habitantes,,265.1
2016,Tasa de mortalidad,Enfermedades respiratorias crónicas,Mujer,,,,Por 100.000 habitantes,,67.9
2019,Tasa de mortalidad,Cáncer,Mujer,,,,Por 100.000 habitantes,,215.3
2013,Tasa de mortalidad,Enfermedades cardiovasculares,Mujer,Araba/Álava,,,Por 100.000 habitantes,Araba/Álava,214.9
2018,Tasa de mortalidad,Enfermedades respiratorias crónicas,Mujer,Araba/Álava,,,Por 100.000 habitantes,Araba/Álava,62.1
2011,Tasa de mortalidad,Enfermedades respiratorias crónicas,Mujer,Araba/Álava,,,Por 100.000 habitantes,Araba/Álava,42.3
2016,Tasa de mortalidad,Enfermedades respiratorias crónicas,Mujer,Araba/Álava,,,Por 100.000 habitantes,Araba/Álava,58.7
2010,Tasa de mortalidad,"Enfermedades cardiovasculares, respiratorias crónicas, cáncer o diabetes",Mujer,Araba/Álava,,,Por 100.000 habitantes,Araba/Álava,453.1
2019,Tasa de mortalidad,Enfermedades respiratorias crónicas,Mujer,Araba/Álava,,,Por 100.000 habitantes,Araba/Álava,64.0
2014,Tasa de mortalidad,Diabetes,Mujer,Araba/Álava,,,Por 100.000 habitantes,Araba/Álava,14.8
2020,Tasa de mortalidad,Enfermedades respiratorias crónicas,Mujer,Araba/Álava,,,Por 100.000 habitantes,Araba/Álava,48.8
2012,Tasa de mortalidad,"Enfermedades cardiovasculares, respiratorias crónicas, cáncer o diabetes",Mujer,Araba/Álava,,,Por 100.000 habitantes,Araba/Álava,454.1
2016,Tasa de mortalidad,"Enfermedades cardiovasculares, respiratorias crónicas, cáncer o diabetes",Mujer,Araba/Álava,,,Por 100.000 habitantes,Araba/Álava,468.7
2021,Tasa de mortalidad,Enfermedades respiratorias crónicas,Mujer,Araba/Álava,,,Por 100.000 habitantes,Araba/Álava,37.5
2019,Tasa de mortalidad,Diabetes,Mujer,Araba/Álava,,,Por 100.000 habitantes,Araba/Álava,14.9
2013,Tasa de mortalidad,Enfermedades respiratorias crónicas,Mujer,Araba/Álava,,,Por 100.000 habitantes,Araba/Álava,57.6
2014,Tasa de mortalidad,Enfermedades respiratorias crónicas,Mujer,Araba/Álava,,,Por 100.000 habitantes,Araba/Álava,48.1
2017,Tasa de mortalidad,Enfermedades respiratorias crónicas,Mujer,Araba/Álava,,,Por 100.000 habitantes,Araba/Álava,61.3
2021,Tasa de mortalidad,Cáncer,Mujer,Araba/Álava,,,Por 100.000 habitantes,Araba/Álava,202.8
2017,Tasa de mortalidad,"Enfermedades cardiovasculares, respiratorias crónicas, cáncer o diabetes",Mujer,Araba/Álava,,,Por 100.000 habitantes,Araba/Álava,500.8
2023,Tasa de mortalidad,Enfermedades respiratorias crónicas,Mujer,Araba/Álava,,,Por 100.000 habitantes,Araba/Álava,38.2
2022,Tasa de mortalidad,Diabetes,Mujer,Araba/Álava,,,Por 100.000 habitantes,Araba/Álava,17.7
2012,Tasa de mortalidad,Diabetes,Mujer,Araba/Álava,,,Por 100.000 habitantes,Araba/Álava,19.2
2016,Tasa de mortalidad,Diabetes,Mujer,Araba/Álava,,,Por 100.000 habitantes,Araba/Álava,18.9
2013,Tasa de mortalidad,Diabetes,Mujer,Araba/Álava,,,Por 100.000 habitantes,Araba/Álava,19.8
2010,Tasa de mortalidad,Diabetes,Mujer,Araba/Álava,,,Por 100.000 habitantes,Araba/Álava,28.2
2022,Tasa de mortalidad,Cáncer,Mujer,Araba/Álava,,,Por 100.000 habitantes,Araba/Álava,208.2
2011,Tasa de mortalidad,"Enfermedades cardiovasculares, respiratorias crónicas, cáncer o diabetes",Mujer,Araba/Álava,,,Por 100.000 habitantes,Araba/Álava,453.0
2023,Tasa de mortalidad,Enfermedades cardiovasculares,Mujer,Araba/Álava,,,Por 100.000 habitantes,Araba/Álava,247.0
2022,Tasa de mortalidad,Enfermedades cardiovasculares,Mujer,Araba/Álava,,,Por 100.000 habitantes,Araba/Álava,224.8
2020,Tasa de mortalidad,Enfermedades cardiovasculares,Mujer,Araba/Álava,,,Por 100.000 habitantes,Araba/Álava,180.4
2021,Tasa de mortalidad,Enfermedades cardiovasculares,Mujer,Araba/Álava,,,Por 100.000 habitantes,Araba/Álava,201.6
2020,Tasa de mortalidad,Diabetes,Mujer,Araba/Álava,,,Por 100.000 habitantes,Araba/Álava,19.1
2018,Tasa de mortalidad,Diabetes,Mujer,Araba/Álava,,,Por 100.000 habitantes,Araba/Álava,20.5
2015,Tasa de mortalidad,"Enfermedades cardiovasculares, respiratorias crónicas, cáncer o diabetes",Mujer,Araba/Álava,,,Por 100.000 habitantes,Araba/Álava,526.7
2021,Tasa de mortalidad,"Enfermedades cardiovasculares, respiratorias crónicas, cáncer o diabetes",Mujer,Araba/Álava,,,Por 100.000 habitantes,Araba/Álava,464.5
2017,Tasa de mortalidad,Diabetes,Mujer,Araba/Álava,,,Por 100.000 habitantes,Araba/Álava,20.0
2018,Tasa de mortalidad,Enfermedades cardiovasculares,Mujer,Araba/Álava,,,Por 100.000 habitantes,Araba/Álava,197.6
2017,Tasa de mortalidad,Enfermedades cardiovasculares,Mujer,Araba/Álava,,,Por 100.000 habitantes,Araba/Álava,213.1
2018,Tasa de mortalidad,"Enfermedades cardiovasculares, respiratorias crónicas, cáncer o diabetes",Mujer,Araba/Álava,,,Por 100.000 habitantes,Araba/Álava,448.8
2015,Tasa de mortalidad,Diabetes,Mujer,Araba/Álava,,,Por 100.000 habitantes,Araba/Álava,22.1
2020,Tasa de mortalidad,"Enfermedades cardiovasculares, respiratorias crónicas, cáncer o diabetes",Mujer,Araba/Álava,,,Por 100.000 habitantes,Araba/Álava,426.3
2016,Tasa de mortalidad,Enfermedades cardiovasculares,Mujer,Araba/Álava,,,Por 100.000 habitantes,Araba/Álava,213.9
2013,Tasa de mortalidad,"Enfermedades cardiovasculares, respiratorias crónicas, cáncer o diabetes",Mujer,Araba/Álava,,,Por 100.000 habitantes,Araba/Álava,470.1
2015,Tasa de mortalidad,Enfermedades cardiovasculares,Mujer,Araba/Álava,,,Por 100.000 habitantes,Araba/Álava,224.7
2017,Tasa de mortalidad,Cáncer,Mujer,Araba/Álava,,,Por 100.000 habitantes,Araba/Álava,206.4
2023,Tasa de mortalidad,Cáncer,Mujer,Araba/Álava,,,Por 100.000 habitantes,Araba/Álava,191.7
2014,Tasa de mortalidad,Enfermedades cardiovasculares,Mujer,Araba/Álava,,,Por 100.000 habitantes,Araba/Álava,196.1
2018,Tasa de mortalidad,Cáncer,Mujer,Araba/Álava,,,Por 100.000 habitantes,Araba/Álava,168.7
2012,Tasa de mortalidad,Cáncer,Mujer,Araba/Álava,,,Por 100.000 habitantes,Araba/Álava,161.7
2015,Tasa de mortalidad,Cáncer,Mujer,Araba/Álava,,,Por 100.000 habitantes,Araba/Álava,220.4
2011,Tasa de mortalidad,Enfermedades cardiovasculares,Mujer,Araba/Álava,,,Por 100.000 habitantes,Araba/Álava,207.2
2019,Tasa de mortalidad,Cáncer,Mujer,Araba/Álava,,,Por 100.000 habitantes,Araba/Álava,187.7
2011,Tasa de mortalidad,Cáncer,Mujer,Araba/Álava,,,Por 100.000 habitantes,Araba/Álava,174.2
2010,Tasa de mortalidad,Enfermedades cardiovasculares,Mujer,Araba/Álava,,,Por 100.000 habitantes,Araba/Álava,224.0
2014,Tasa de mortalidad,Cáncer,Mujer,Araba/Álava,,,Por 100.000 habitantes,Araba/Álava,178.9
2023,Tasa de mortalidad,"Enfermedades cardiovasculares, respiratorias crónicas, cáncer o diabetes",Mujer,Araba/Álava,,,Por 100.000 habitantes,Araba/Álava,496.3
2011,Tasa de mortalidad,Diabetes,Mujer,Araba/Álava,,,Por 100.000 habitantes,Araba/Álava,29.2
2019,Tasa de mortalidad,"Enfermedades cardiovasculares, respiratorias crónicas, cáncer o diabetes",Mujer,Araba/Álava,,,Por 100.000 habitantes,Araba/Álava,471.7
2020,Tasa de mortalidad,Cáncer,Mujer,Araba/Álava,,,Por 100.000 habitantes,Araba/Álava,178.0
2010,Tasa de mortalidad,Cáncer,Mujer,Araba/Álava,,,Por 100.000 habitantes,Araba/Álava,160.0
2022,Tasa de mortalidad,"Enfermedades cardiovasculares, respiratorias crónicas, cáncer o diabetes",Mujer,Araba/Álava,,,Por 100.000 habitantes,Araba/Álava,498.7
2012,Tasa de mortalidad,Enfermedades cardiovasculares,Mujer,Araba/Álava,,,Por 100.000 habitantes,Araba/Álava,227.4
2013,Tasa de mortalidad,Cáncer,Mujer,Araba/Álava,,,Por 100.000 habitantes,Araba/Álava,177.8
2015,Tasa de mortalidad,Enfermedades respiratorias crónicas,Mujer,Araba/Álava,,,Por 100.000 habitantes,Araba/Álava,59.5
2022,Tasa de mortalidad,Enfermedades respiratorias crónicas,Mujer,Araba/Álava,,,Por 100.000 habitantes,Araba/Álava,47.9
2016,Tasa de mortalidad,Cáncer,Mujer,Araba/Álava,,,Por 100.000 habitantes,Araba/Álava,177.2
2019,Tasa de mortalidad,Enfermedades cardiovasculares,Mujer,Araba/Álava,,,Por 100.000 habitantes,Araba/Álava,205.0
2014,Tasa de mortalidad,"Enfermedades cardiovasculares, respiratorias crónicas, cáncer o diabetes",Mujer,Araba/Álava,,,Por 100.000 habitantes,Araba/Álava,437.9
2010,Tasa de mortalidad,Enfermedades respiratorias crónicas,Mujer,Araba/Álava,,,Por 100.000 habitantes,Araba/Álava,40.8
2021,Tasa de mortalidad,Diabetes,Mujer,Araba/Álava,,,Por 100.000 habitantes,Araba/Álava,22.6
2012,Tasa de mortalidad,Enfermedades respiratorias crónicas,Mujer,Araba/Álava,,,Por 100.000 habitantes,Araba/Álava,45.8
2023,Tasa de mortalidad,Diabetes,Mujer,Araba/Álava,,,Por 100.000 habitantes,Araba/Álava,19.4
2013,Tasa de mortalidad,Diabetes,Mujer,Bizkaia,,,Por 100.000 habitantes,Bizkaia,28.5
2012,Tasa de mortalidad,Enfermedades respiratorias crónicas,Mujer,Bizkaia,,,Por 100.000 habitantes,Bizkaia,60.0
2016,Tasa de mortalidad,Enfermedades cardiovasculares,Mujer,Bizkaia,,,Por 100.000 habitantes,Bizkaia,295.8
2019,Tasa de mortalidad,Diabetes,Mujer,Bizkaia,,,Por 100.000 habitantes,Bizkaia,26.1
2023,Tasa de mortalidad,Enfermedades cardiovasculares,Mujer,Bizkaia,,,Por 100.000 habitantes,Bizkaia,258.7
2021,Tasa de mortalidad,Diabetes,Mujer,Bizkaia,,,Por 100.000 habitantes,Bizkaia,25.7
2023,Tasa de mortalidad,Enfermedades respiratorias crónicas,Mujer,Bizkaia,,,Por 100.000 habitantes,Bizkaia,53.2
2018,Tasa de mortalidad,Enfermedades respiratorias crónicas,Mujer,Bizkaia,,,Por 100.000 habitantes,Bizkaia,80.8
2022,Tasa de mortalidad,Cáncer,Mujer,Bizkaia,,,Por 100.000 habitantes,Bizkaia,245.7
2019,Tasa de mortalidad,Enfermedades respiratorias crónicas,Mujer,Bizkaia,,,Por 100.000 habitantes,Bizkaia,71.1
2021,Tasa de mortalidad,"Enfermedades cardiovasculares, respiratorias crónicas, cáncer o diabetes",Mujer,Bizkaia,,,Por 100.000 habitantes,Bizkaia,591.7
2020,Tasa de mortalidad,Cáncer,Mujer,Bizkaia,,,Por 100.000 habitantes,Bizkaia,225.3
2011,Tasa de mortalidad,Enfermedades respiratorias crónicas,Mujer,Bizkaia,,,Por 100.000 habitantes,Bizkaia,53.3
2023,Tasa de mortalidad,Cáncer,Mujer,Bizkaia,,,Por 100.000 habitantes,Bizkaia,222.4
2016,Tasa de mortalidad,Cáncer,Mujer,Bizkaia,,,Por 100.000 habitantes,Bizkaia,234.5
2020,Tasa de mortalidad,Enfermedades respiratorias crónicas,Mujer,Bizkaia,,,Por 100.000 habitantes,Bizkaia,51.6
2014,Tasa de mortalidad,Cáncer,Mujer,Bizkaia,,,Por 100.000 habitantes,Bizkaia,231.8
2012,Tasa de mortalidad,Cáncer,Mujer,Bizkaia,,,Por 100.000 habitantes,Bizkaia,205.2
2015,Tasa de mortalidad,Cáncer,Mujer,Bizkaia,,,Por 100.000 habitantes,Bizkaia,220.2
2017,Tasa de mortalidad,Diabetes,Mujer,Bizkaia,,,Por 100.000 habitantes,Bizkaia,19.1
2018,Tasa de mortalidad,Cáncer,Mujer,Bizkaia,,,Por 100.000 habitantes,Bizkaia,224.1
2022,Tasa de mortalidad,Diabetes,Mujer,Bizkaia,,,Por 100.000 habitantes,Bizkaia,23.6
2011,Tasa de mortalidad,Cáncer,Mujer,Bizkaia,,,Por 100.000 habitantes,Bizkaia,222.7
2023,Tasa de mortalidad,"Enfermedades cardiovasculares, respiratorias crónicas, cáncer o diabetes",Mujer,Bizkaia,,,Por 100.000 habitantes,Bizkaia,556.6
2015,Tasa de mortalidad,Enfermedades respiratorias crónicas,Mujer,Bizkaia,,,Por 100.000 habitantes,Bizkaia,72.3
2016,Tasa de mortalidad,Enfermedades respiratorias crónicas,Mujer,Bizkaia,,,Por 100.000 habitantes,Bizkaia,68.6
2014,Tasa de mortalidad,Enfermedades respiratorias crónicas,Mujer,Bizkaia,,,Por 100.000 habitantes,Bizkaia,57.8
2022,Tasa de mortalidad,Enfermedades respiratorias crónicas,Mujer,Bizkaia,,,Por 100.000 habitantes,Bizkaia,52.3
2022,Tasa de mortalidad,Enfermedades cardiovasculares,Mujer,Bizkaia,,,Por 100.000 habitantes,Bizkaia,285.4
2013,Tasa de mortalidad,Cáncer,Mujer,Bizkaia,,,Por 100.000 habitantes,Bizkaia,206.0
2011,Tasa de mortalidad,"Enfermedades cardiovasculares, respiratorias crónicas, cáncer o diabetes",Mujer,Bizkaia,,,Por 100.000 habitantes,Bizkaia,583.9
2019,Tasa de mortalidad,Cáncer,Mujer,Bizkaia,,,Por 100.000 habitantes,Bizkaia,226.5
2015,Tasa de mortalidad,"Enfermedades cardiovasculares, respiratorias crónicas, cáncer o diabetes",Mujer,Bizkaia,,,Por 100.000 habitantes,Bizkaia,619.1
2021,Tasa de mortalidad,Enfermedades respiratorias crónicas,Mujer,Bizkaia,,,Por 100.000 habitantes,Bizkaia,46.9
2019,Tasa de mortalidad,"Enfermedades cardiovasculares, respiratorias crónicas, cáncer o diabetes",Mujer,Bizkaia,,,Por 100.000 habitantes,Bizkaia,601.9
2014,Tasa de mortalidad,"Enfermedades cardiovasculares, respiratorias crónicas, cáncer o diabetes",Mujer,Bizkaia,,,Por 100.000 habitantes,Bizkaia,605.0
2013,Tasa de mortalidad,"Enfermedades cardiovasculares, respiratorias crónicas, cáncer o diabetes",Mujer,Bizkaia,,,Por 100.000 habitantes,Bizkaia,564.5
2010,Tasa de mortalidad,Cáncer,Mujer,Bizkaia,,,Por 100.000 habitantes,Bizkaia,209.0
2010,Tasa de mortalidad,Enfermedades respiratorias crónicas,Mujer,Bizkaia,,,Por 100.000 habitantes,Bizkaia,51.0
2015,Tasa de mortalidad,Enfermedades cardiovasculares,Mujer,Bizkaia,,,Por 100.000 habitantes,Bizkaia,300.9
2021,Tasa de mortalidad,Cáncer,Mujer,Bizkaia,,,Por 100.000 habitantes,Bizkaia,229.8
2017,Tasa de mortalidad,"Enfermedades cardiovasculares, respiratorias crónicas, cáncer o diabetes",Mujer,Bizkaia,,,Por 100.000 habitantes,Bizkaia,614.1
2012,Tasa de mortalidad,"Enfermedades cardiovasculares, respiratorias crónicas, cáncer o diabetes",Mujer,Bizkaia,,,Por 100.000 habitantes,Bizkaia,587.6
2017,Tasa de mortalidad,Enfermedades cardiovasculares,Mujer,Bizkaia,,,Por 100.000 habitantes,Bizkaia,294.9
2013,Tasa de mortalidad,Enfermedades respiratorias crónicas,Mujer,Bizkaia,,,Por 100.000 habitantes,Bizkaia,61.8
2011,Tasa de mortalidad,Enfermedades cardiovasculares,Mujer,Bizkaia,,,Por 100.000 habitantes,Bizkaia,286.1
2014,Tasa de mortalidad,Enfermedades cardiovasculares,Mujer,Bizkaia,,,Por 100.000 habitantes,Bizkaia,289.9
2010,Tasa de mortalidad,Enfermedades cardiovasculares,Mujer,Bizkaia,,,Por 100.000 habitantes,Bizkaia,278.7
2013,Tasa de mortalidad,Enfermedades cardiovasculares,Mujer,Bizkaia,,,Por 100.000 habitantes,Bizkaia,268.2
2016,Tasa de mortalidad,"Enfermedades cardiovasculares, respiratorias crónicas, cáncer o diabetes",Mujer,Bizkaia,,,Por 100.000 habitantes,Bizkaia,620.9
2019,Tasa de mortalidad,Enfermedades cardiovasculares,Mujer,Bizkaia,,,Por 100.000 habitantes,Bizkaia,278.1
2022,Tasa de mortalidad,"Enfermedades cardiovasculares, respiratorias crónicas, cáncer o diabetes",Mujer,Bizkaia,,,Por 100.000 habitantes,Bizkaia,607.0
2021,Tasa de mortalidad,Enfermedades cardiovasculares,Mujer,Bizkaia,,,Por 100.000 habitantes,Bizkaia,289.4
2018,Tasa de mortalidad,"Enfermedades cardiovasculares, respiratorias crónicas, cáncer o diabetes",Mujer,Bizkaia,,,Por 100.000 habitantes,Bizkaia,620.5
2012,Tasa de mortalidad,Enfermedades cardiovasculares,Mujer,Bizkaia,,,Por 100.000 habitantes,Bizkaia,298.2
2018,Tasa de mortalidad,Diabetes,Mujer,Bizkaia,,,Por 100.000 habitantes,Bizkaia,22.6
2016,Tasa de mortalidad,Diabetes,Mujer,Bizkaia,,,Por 100.000 habitantes,Bizkaia,22.0
2014,Tasa de mortalidad,Diabetes,Mujer,Bizkaia,,,Por 100.000 habitantes,Bizkaia,25.5
2018,Tasa de mortalidad,Enfermedades cardiovasculares,Mujer,Bizkaia,,,Por 100.000 habitantes,Bizkaia,292.8
2017,Tasa de mortalidad,Enfermedades respiratorias crónicas,Mujer,Bizkaia,,,Por 100.000 habitantes,Bizkaia,81.7
2010,Tasa de mortalidad,Diabetes,Mujer,Bizkaia,,,Por 100.000 habitantes,Bizkaia,24.9
2015,Tasa de mortalidad,Diabetes,Mujer,Bizkaia,,,Por 100.000 habitantes,Bizkaia,25.7
2012,Tasa de mortalidad,Diabetes,Mujer,Bizkaia,,,Por 100.000 habitantes,Bizkaia,24.2
2023,Tasa de mortalidad,Diabetes,Mujer,Bizkaia,,,Por 100.000 habitantes,Bizkaia,22.4
2017,Tasa de mortalidad,Cáncer,Mujer,Bizkaia,,,Por 100.000 habitantes,Bizkaia,218.5
2010,Tasa de mortalidad,"Enfermedades cardiovasculares, respiratorias crónicas, cáncer o diabetes",Mujer,Bizkaia,,,Por 100.000 habitantes,Bizkaia,563.5
2020,Tasa de mortalidad,"Enfermedades cardiovasculares, respiratorias crónicas, cáncer o diabetes",Mujer,Bizkaia,,,Por 100.000 habitantes,Bizkaia,594.9
2020,Tasa de mortalidad,Enfermedades cardiovasculares,Mujer,Bizkaia,,,Por 100.000 habitantes,Bizkaia,292.8
2011,Tasa de mortalidad,Diabetes,Mujer,Bizkaia,,,Por 100.000 habitantes,Bizkaia,21.8
2020,Tasa de mortalidad,Diabetes,Mujer,Bizkaia,,,Por 100.000 habitantes,Bizkaia,25.2
2010,Tasa de mortalidad,Cáncer,Mujer,Gipuzkoa,,,Por 100.000 habitantes,Gipuzkoa,188.0
2012,Tasa de mortalidad,Enfermedades respiratorias crónicas,Mujer,Gipuzkoa,,,Por 100.000 habitantes,Gipuzkoa,68.0
2017,Tasa de mortalidad,"Enfermedades cardiovasculares, respiratorias crónicas, cáncer o diabetes",Mujer,Gipuzkoa,,,Por 100.000 habitantes,Gipuzkoa,565.7
2020,Tasa de mortalidad,Enfermedades respiratorias crónicas,Mujer,Gipuzkoa,,,Por 100.000 habitantes,Gipuzkoa,47.3
2010,Tasa de mortalidad,"Enfermedades cardiovasculares, respiratorias crónicas, cáncer o diabetes",Mujer,Gipuzkoa,,,Por 100.000 habitantes,Gipuzkoa,530.0
2010,Tasa de mortalidad,Diabetes,Mujer,Gipuzkoa,,,Por 100.000 habitantes,Gipuzkoa,28.8
2011,Tasa de mortalidad,Cáncer,Mujer,Gipuzkoa,,,Por 100.000 habitantes,Gipuzkoa,203.9
2017,Tasa de mortalidad,Enfermedades cardiovasculares,Mujer,Gipuzkoa,,,Por 100.000 habitantes,Gipuzkoa,260.4
2016,Tasa de mortalidad,"Enfermedades cardiovasculares, respiratorias crónicas, cáncer o diabetes",Mujer,Gipuzkoa,,,Por 100.000 habitantes,Gipuzkoa,539.6
2011,Tasa de mortalidad,"Enfermedades cardiovasculares, respiratorias crónicas, cáncer o diabetes",Mujer,Gipuzkoa,,,Por 100.000 habitantes,Gipuzkoa,546.6
2020,Tasa de mortalidad,"Enfermedades cardiovasculares, respiratorias crónicas, cáncer o diabetes",Mujer,Gipuzkoa,,,Por 100.000 habitantes,Gipuzkoa,535.3
2013,Tasa de mortalidad,"Enfermedades cardiovasculares, respiratorias crónicas, cáncer o diabetes",Mujer,Gipuzkoa,,,Por 100.000 habitantes,Gipuzkoa,526.4
2011,Tasa de mortalidad,Enfermedades respiratorias crónicas,Mujer,Gipuzkoa,,,Por 100.000 habitantes,Gipuzkoa,59.6
2012,Tasa de mortalidad,"Enfermedades cardiovasculares, respiratorias crónicas, cáncer o diabetes",Mujer,Gipuzkoa,,,Por 100.000 habitantes,Gipuzkoa,543.8
2019,Tasa de mortalidad,Cáncer,Mujer,Gipuzkoa,,,Por 100.000 habitantes,Gipuzkoa,209.8
2018,Tasa de mortalidad,Enfermedades respiratorias crónicas,Mujer,Gipuzkoa,,,Por 100.000 habitantes,Gipuzkoa,71.3
2019,Tasa de mortalidad,"Enfermedades cardiovasculares, respiratorias crónicas, cáncer o diabetes",Mujer,Gipuzkoa,,,Por 100.000 habitantes,Gipuzkoa,554.0
2015,Tasa de mortalidad,Cáncer,Mujer,Gipuzkoa,,,Por 100.000 habitantes,Gipuzkoa,214.6
2018,Tasa de mortalidad,"Enfermedades cardiovasculares, respiratorias crónicas, cáncer o diabetes",Mujer,Gipuzkoa,,,Por 100.000 habitantes,Gipuzkoa,575.1
2011,Tasa de mortalidad,Diabetes,Mujer,Gipuzkoa,,,Por 100.000 habitantes,Gipuzkoa,26.7
2023,Tasa de mortalidad,Enfermedades cardiovasculares,Mujer,Gipuzkoa,,,Por 100.000 habitantes,Gipuzkoa,274.3
2018,Tasa de mortalidad,Enfermedades cardiovasculares,Mujer,Gipuzkoa,,,Por 100.000 habitantes,Gipuzkoa,264.5
2016,Tasa de mortalidad,Enfermedades cardiovasculares,Mujer,Gipuzkoa,,,Por 100.000 habitantes,Gipuzkoa,250.5
2023,Tasa de mortalidad,"Enfermedades cardiovasculares, respiratorias crónicas, cáncer o diabetes",Mujer,Gipuzkoa,,,Por 100.000 habitantes,Gipuzkoa,566.4
2022,Tasa de mortalidad,Enfermedades cardiovasculares,Mujer,Gipuzkoa,,,Por 100.000 habitantes,Gipuzkoa,274.6
2019,Tasa de mortalidad,Enfermedades respiratorias crónicas,Mujer,Gipuzkoa,,,Por 100.000 habitantes,Gipuzkoa,65.0
2014,Tasa de mortalidad,"Enfermedades cardiovasculares, respiratorias crónicas, cáncer o diabetes",Mujer,Gipuzkoa,,,Por 100.000 habitantes,Gipuzkoa,528.7
2021,Tasa de mortalidad,"Enfermedades cardiovasculares, respiratorias crónicas, cáncer o diabetes",Mujer,Gipuzkoa,,,Por 100.000 habitantes,Gipuzkoa,572.4
2012,Tasa de mortalidad,Enfermedades cardiovasculares,Mujer,Gipuzkoa,,,Por 100.000 habitantes,Gipuzkoa,259.8
2023,Tasa de mortalidad,Cáncer,Mujer,Gipuzkoa,,,Por 100.000 habitantes,Gipuzkoa,209.5
2014,Tasa de mortalidad,Enfermedades cardiovasculares,Mujer,Gipuzkoa,,,Por 100.000 habitantes,Gipuzkoa,230.5
2015,Tasa de mortalidad,Enfermedades cardiovasculares,Mujer,Gipuzkoa,,,Por 100.000 habitantes,Gipuzkoa,258.1
2017,Tasa de mortalidad,Diabetes,Mujer,Gipuzkoa,,,Por 100.000 habitantes,Gipuzkoa,16.7
2010,Tasa de mortalidad,Enfermedades cardiovasculares,Mujer,Gipuzkoa,,,Por 100.000 habitantes,Gipuzkoa,253.0
2020,Tasa de mortalidad,Enfermedades cardiovasculares,Mujer,Gipuzkoa,,,Por 100.000 habitantes,Gipuzkoa,264.7
2012,Tasa de mortalidad,Diabetes,Mujer,Gipuzkoa,,,Por 100.000 habitantes,Gipuzkoa,26.6
2013,Tasa de mortalidad,Enfermedades cardiovasculares,Mujer,Gipuzkoa,,,Por 100.000 habitantes,Gipuzkoa,243.4
2022,Tasa de mortalidad,Diabetes,Mujer,Gipuzkoa,,,Por 100.000 habitantes,Gipuzkoa,23.7
2021,Tasa de mortalidad,Diabetes,Mujer,Gipuzkoa,,,Por 100.000 habitantes,Gipuzkoa,19.1
2017,Tasa de mortalidad,Enfermedades respiratorias crónicas,Mujer,Gipuzkoa,,,Por 100.000 habitantes,Gipuzkoa,74.0
2015,Tasa de mortalidad,Enfermedades respiratorias crónicas,Mujer,Gipuzkoa,,,Por 100.000 habitantes,Gipuzkoa,65.4
2018,Tasa de mortalidad,Diabetes,Mujer,Gipuzkoa,,,Por 100.000 habitantes,Gipuzkoa,22.4
2016,Tasa de mortalidad,Diabetes,Mujer,Gipuzkoa,,,Por 100.000 habitantes,Gipuzkoa,17.9
2013,Tasa de mortalidad,Diabetes,Mujer,Gipuzkoa,,,Por 100.000 habitantes,Gipuzkoa,27.7
2019,Tasa de mortalidad,Enfermedades cardiovasculares,Mujer,Gipuzkoa,,,Por 100.000 habitantes,Gipuzkoa,257.9
2023,Tasa de mortalidad,Enfermedades respiratorias crónicas,Mujer,Gipuzkoa,,,Por 100.000 habitantes,Gipuzkoa,55.6
2019,Tasa de mortalidad,Diabetes,Mujer,Gipuzkoa,,,Por 100.000 habitantes,Gipuzkoa,21.2
2015,Tasa de mortalidad,Diabetes,Mujer,Gipuzkoa,,,Por 100.000 habitantes,Gipuzkoa,22.6
2023,Tasa de mortalidad,Diabetes,Mujer,Gipuzkoa,,,Por 100.000 habitantes,Gipuzkoa,27.1
2011,Tasa de mortalidad,Enfermedades cardiovasculares,Mujer,Gipuzkoa,,,Por 100.000 habitantes,Gipuzkoa,256.3
2020,Tasa de mortalidad,Diabetes,Mujer,Gipuzkoa,,,Por 100.000 habitantes,Gipuzkoa,21.7
2022,Tasa de mortalidad,Cáncer,Mujer,Gipuzkoa,,,Por 100.000 habitantes,Gipuzkoa,208.5
2014,Tasa de mortalidad,Diabetes,Mujer,Gipuzkoa,,,Por 100.000 habitantes,Gipuzkoa,20.7
2020,Tasa de mortalidad,Cáncer,Mujer,Gipuzkoa,,,Por 100.000 habitantes,Gipuzkoa,201.6
2021,Tasa de mortalidad,Cáncer,Mujer,Gipuzkoa,,,Por 100.000 habitantes,Gipuzkoa,213.6
2016,Tasa de mortalidad,Cáncer,Mujer,Gipuzkoa,,,Por 100.000 habitantes,Gipuzkoa,200.2
2014,Tasa de mortalidad,Cáncer,Mujer,Gipuzkoa,,,Por 100.000 habitantes,Gipuzkoa,208.7
2013,Tasa de mortalidad,Cáncer,Mujer,Gipuzkoa,,,Por 100.000 habitantes,Gipuzkoa,196.9
2022,Tasa de mortalidad,"Enfermedades cardiovasculares, respiratorias crónicas, cáncer o diabetes",Mujer,Gipuzkoa,,,Por 100.000 habitantes,Gipuzkoa,553.8
2017,Tasa de mortalidad,Cáncer,Mujer,Gipuzkoa,,,Por 100.000 habitantes,Gipuzkoa,214.6
2018,Tasa de mortalidad,Cáncer,Mujer,Gipuzkoa,,,Por 100.000 habitantes,Gipuzkoa,216.9
2012,Tasa de mortalidad,Cáncer,Mujer,Gipuzkoa,,,Por 100.000 habitantes,Gipuzkoa,189.3
2022,Tasa de mortalidad,Enfermedades respiratorias crónicas,Mujer,Gipuzkoa,,,Por 100.000 habitantes,Gipuzkoa,47.1
2021,Tasa de mortalidad,Enfermedades respiratorias crónicas,Mujer,Gipuzkoa,,,Por 100.000 habitantes,Gipuzkoa,41.7
2016,Tasa de mortalidad,Enfermedades respiratorias crónicas,Mujer,Gipuzkoa,,,Por 100.000 habitantes,Gipuzkoa,71.0
2014,Tasa de mortalidad,Enfermedades respiratorias crónicas,Mujer,Gipuzkoa,,,Por 100.000 habitantes,Gipuzkoa,68.8
2010,Tasa de mortalidad,Enfermedades respiratorias crónicas,Mujer,Gipuzkoa,,,Por 100.000 habitantes,Gipuzkoa,60.2
2013,Tasa de mortalidad,Enfermedades respiratorias crónicas,Mujer,Gipuzkoa,,,Por 100.000 habitantes,Gipuzkoa,58.4
2015,Tasa de mortalidad,"Enfermedades cardiovasculares, respiratorias crónicas, cáncer o diabetes",Mujer,Gipuzkoa,,,Por 100.000 habitantes,Gipuzkoa,560.7
2021,Tasa de mortalidad,Enfermedades cardiovasculares,Mujer,Gipuzkoa,,,Por 100.000 habitantes,Gipuzkoa,298.0
2015,Tasa de mortalidad,Diabetes,Hombre,,,,Por 100.000 habitantes,,20.2
2019,Tasa de mortalidad,"Enfermedades cardiovasculares, respiratorias crónicas, cáncer o diabetes",Hombre,,,,Por 100.000 habitantes,,699.3
2011,Tasa de mortalidad,Cáncer,Hombre,,,,Por 100.000 habitantes,,351.9
2023,Tasa de mortalidad,Diabetes,Hombre,,,,Por 100.000 habitantes,,19.9
2018,Tasa de mortalidad,Enfermedades cardiovasculares,Hombre,,,,Por 100.000 habitantes,,260.1
2013,Tasa de mortalidad,Diabetes,Hombre,,,,Por 100.000 habitantes,,19.2
2020,Tasa de mortalidad,"Enfermedades cardiovasculares, respiratorias crónicas, cáncer o diabetes",Hombre,,,,Por 100.000 habitantes,,668.5
2015,Tasa de mortalidad,Enfermedades cardiovasculares,Hombre,,,,Por 100.000 habitantes,,256.4
2018,Tasa de mortalidad,Enfermedades respiratorias crónicas,Hombre,,,,Por 100.000 habitantes,,88.8
2014,Tasa de mortalidad,"Enfermedades cardiovasculares, respiratorias crónicas, cáncer o diabetes",Hombre,,,,Por 100.000 habitantes,,689.1
2020,Tasa de mortalidad,Cáncer,Hombre,,,,Por 100.000 habitantes,,340.3
2020,Tasa de mortalidad,Enfermedades respiratorias crónicas,Hombre,,,,Por 100.000 habitantes,,62.6
2018,Tasa de mortalidad,Cáncer,Hombre,,,,Por 100.000 habitantes,,353.9
2017,Tasa de mortalidad,Enfermedades cardiovasculares,Hombre,,,,Por 100.000 habitantes,,257.1
2019,Tasa de mortalidad,Enfermedades respiratorias crónicas,Hombre,,,,Por 100.000 habitantes,,85.6
2012,Tasa de mortalidad,Cáncer,Hombre,,,,Por 100.000 habitantes,,355.1
2014,Tasa de mortalidad,Enfermedades cardiovasculares,Hombre,,,,Por 100.000 habitantes,,238.7
2021,Tasa de mortalidad,Diabetes,Hombre,,,,Por 100.000 habitantes,,18.7
2011,Tasa de mortalidad,Enfermedades cardiovasculares,Hombre,,,,Por 100.000 habitantes,,253.9
2011,Tasa de mortalidad,Enfermedades respiratorias crónicas,Hombre,,,,Por 100.000 habitantes,,77.6
2011,Tasa de mortalidad,Diabetes,Hombre,,,,Por 100.000 habitantes,,19.5
2017,Tasa de mortalidad,Enfermedades respiratorias crónicas,Hombre,,,,Por 100.000 habitantes,,89.9
2022,Tasa de mortalidad,Diabetes,Hombre,,,,Por 100.000 habitantes,,21.5
2019,Tasa de mortalidad,Enfermedades cardiovasculares,Hombre,,,,Por 100.000 habitantes,,251.5
2012,Tasa de mortalidad,Enfermedades respiratorias crónicas,Hombre,,,,Por 100.000 habitantes,,82.2
2023,Tasa de mortalidad,"Enfermedades cardiovasculares, respiratorias crónicas, cáncer o diabetes",Hombre,,,,Por 100.000 habitantes,,678.7
2012,Tasa de mortalidad,"Enfermedades cardiovasculares, respiratorias crónicas, cáncer o diabetes",Hombre,,,,Por 100.000 habitantes,,706.3
2017,Tasa de mortalidad,"Enfermedades cardiovasculares, respiratorias crónicas, cáncer o diabetes",Hombre,,,,Por 100.000 habitantes,,716.5
2010,Tasa de mortalidad,Enfermedades cardiovasculares,Hombre,,,,Por 100.000 habitantes,,260.1
2022,Tasa de mortalidad,"Enfermedades cardiovasculares, respiratorias crónicas, cáncer o diabetes",Hombre,,,,Por 100.000 habitantes,,681.6
2016,Tasa de mortalidad,Enfermedades cardiovasculares,Hombre,,,,Por 100.000 habitantes,,258.1
2018,Tasa de mortalidad,"Enfermedades cardiovasculares, respiratorias crónicas, cáncer o diabetes",Hombre,,,,Por 100.000 habitantes,,721.4
2015,Tasa de mortalidad,"Enfermedades cardiovasculares, respiratorias crónicas, cáncer o diabetes",Hombre,,,,Por 100.000 habitantes,,719.8
2021,Tasa de mortalidad,"Enfermedades cardiovasculares, respiratorias crónicas, cáncer o diabetes",Hombre,,,,Por 100.000 habitantes,,681.7
2010,Tasa de mortalidad,"Enfermedades cardiovasculares, respiratorias crónicas, cáncer o diabetes",Hombre,,,,Por 100.000 habitantes,,699.3
2014,Tasa de mortalidad,Diabetes,Hombre,,,,Por 100.000 habitantes,,17.6
2015,Tasa de mortalidad,Enfermedades respiratorias crónicas,Hombre,,,,Por 100.000 habitantes,,90.1
2011,Tasa de mortalidad,"Enfermedades cardiovasculares, respiratorias crónicas, cáncer o diabetes",Hombre,,,,Por 100.000 habitantes,,702.9
2016,Tasa de mortalidad,Enfermedades respiratorias crónicas,Hombre,,,,Por 100.000 habitantes,,85.2
2021,Tasa de mortalidad,Enfermedades respiratorias crónicas,Hombre,,,,Por 100.000 habitantes,,66.0
2023,Tasa de mortalidad,Enfermedades cardiovasculares,Hombre,,,,Por 100.000 habitantes,,251.8
2023,Tasa de mortalidad,Cáncer,Hombre,,,,Por 100.000 habitantes,,340.0
2017,Tasa de mortalidad,Cáncer,Hombre,,,,Por 100.000 habitantes,,353.3
2010,Tasa de mortalidad,Enfermedades respiratorias crónicas,Hombre,,,,Por 100.000 habitantes,,75.1
2010,Tasa de mortalidad,Cáncer,Hombre,,,,Por 100.000 habitantes,,343.2
2013,Tasa de mortalidad,Cáncer,Hombre,,,,Por 100.000 habitantes,,348.9
2012,Tasa de mortalidad,Enfermedades cardiovasculares,Hombre,,,,Por 100.000 habitantes,,249.9
2015,Tasa de mortalidad prematura (entre 30 y 70 años),"Enfermedades cardiovasculares, respiratorias crónicas, cáncer o diabetes",Hombre,,,,%,,14.0
2016,Tasa de mortalidad,"Enfermedades cardiovasculares, respiratorias crónicas, cáncer o diabetes",Hombre,,,,Por 100.000 habitantes,,714.0
2020,Tasa de mortalidad,Enfermedades cardiovasculares,Hombre,,,,Por 100.000 habitantes,,243.3
2014,Tasa de mortalidad,Enfermedades respiratorias crónicas,Hombre,,,,Por 100.000 habitantes,,77.9
2021,Tasa de mortalidad,Enfermedades cardiovasculares,Hombre,,,,Por 100.000 habitantes,,260.7
2019,Tasa de mortalidad prematura (entre 30 y 70 años),"Enfermedades cardiovasculares, respiratorias crónicas, cáncer o diabetes",Hombre,,,,%,,12.8
2015,Tasa de mortalidad,Cáncer,Hombre,,,,Por 100.000 habitantes,,353.1
2019,Tasa de mortalidad,Diabetes,Hombre,,,,Por 100.000 habitantes,,18.4
2010,Tasa de mortalidad,Diabetes,Hombre,,,,Por 100.000 habitantes,,20.9
2020,Tasa de mortalidad,Diabetes,Hombre,,,,Por 100.000 habitantes,,22.3
2017,Tasa de mortalidad,Diabetes,Hombre,,,,Por 100.000 habitantes,,16.3
2014,Tasa de mortalidad,Cáncer,Hombre,,,,Por 100.000 habitantes,,354.9
2023,Tasa de mortalidad,Enfermedades respiratorias crónicas,Hombre,,,,Por 100.000 habitantes,,67.0
2022,Tasa de mortalidad,Enfermedades respiratorias crónicas,Hombre,,,,Por 100.000 habitantes,,67.2
2022,Tasa de mortalidad,Cáncer,Hombre,,,,Por 100.000 habitantes,,340.1
2013,Tasa de mortalidad,"Enfermedades cardiovasculares, respiratorias crónicas, cáncer o diabetes",Hombre,,,,Por 100.000 habitantes,,691.4
2010,Tasa de mortalidad prematura (entre 30 y 70 años),"Enfermedades cardiovasculares, respiratorias crónicas, cáncer o diabetes",Hombre,,,,%,,15.4
2013,Tasa de mortalidad,Enfermedades cardiovasculares,Hombre,,,,Por 100.000 habitantes,,244.5
2013,Tasa de mortalidad,Enfermedades respiratorias crónicas,Hombre,,,,Por 100.000 habitantes,,78.8
2019,Tasa de mortalidad,Cáncer,Hombre,,,,Por 100.000 habitantes,,343.8
2022,Tasa de mortalidad,Enfermedades cardiovasculares,Hombre,,,,Por 100.000 habitantes,,252.9
2021,Tasa de mortalidad,Cáncer,Hombre,,,,Por 100.000 habitantes,,336.3
2016,Tasa de mortalidad,Diabetes,Hombre,,,,Por 100.000 habitantes,,18.7
2016,Tasa de mortalidad,Cáncer,Hombre,,,,Por 100.000 habitantes,,352.1
2018,Tasa de mortalidad,Diabetes,Hombre,,,,Por 100.000 habitantes,,18.7
2012,Tasa de mortalidad,Diabetes,Hombre,,,,Por 100.000 habitantes,,19.1
2015,Tasa de mortalidad,Enfermedades respiratorias crónicas,Hombre,Araba/Álava,,,Por 100.000 habitantes,Araba/Álava,79.2
2010,Tasa de mortalidad,Enfermedades respiratorias crónicas,Hombre,Araba/Álava,,,Por 100.000 habitantes,Araba/Álava,70.0
2023,Tasa de mortalidad,"Enfermedades cardiovasculares, respiratorias crónicas, cáncer o diabetes",Hombre,Araba/Álava,,,Por 100.000 habitantes,Araba/Álava,595.0
2019,Tasa de mortalidad,Enfermedades respiratorias crónicas,Hombre,Araba/Álava,,,Por 100.000 habitantes,Araba/Álava,92.1
2013,Tasa de mortalidad,Enfermedades respiratorias crónicas,Hombre,Araba/Álava,,,Por 100.000 habitantes,Araba/Álava,85.7
2014,Tasa de mortalidad,Cáncer,Hombre,Araba/Álava,,,Por 100.000 habitantes,Araba/Álava,291.0
2019,Tasa de mortalidad,Enfermedades cardiovasculares,Hombre,Araba/Álava,,,Por 100.000 habitantes,Araba/Álava,203.3
2021,Tasa de mortalidad,Enfermedades respiratorias crónicas,Hombre,Araba/Álava,,,Por 100.000 habitantes,Araba/Álava,53.0
2018,Tasa de mortalidad,Cáncer,Hombre,Araba/Álava,,,Por 100.000 habitantes,Araba/Álava,319.7
2023,Tasa de mortalidad,Cáncer,Hombre,Araba/Álava,,,Por 100.000 habitantes,Araba/Álava,292.9
2023,Tasa de mortalidad,Enfermedades respiratorias crónicas,Hombre,Araba/Álava,,,Por 100.000 habitantes,Araba/Álava,65.3
2013,Tasa de mortalidad,"Enfermedades cardiovasculares, respiratorias crónicas, cáncer o diabetes",Hombre,Araba/Álava,,,Por 100.000 habitantes,Araba/Álava,624.5
2016,Tasa de mortalidad,"Enfermedades cardiovasculares, respiratorias crónicas, cáncer o diabetes",Hombre,Araba/Álava,,,Por 100.000 habitantes,Araba/Álava,641.5
2020,Tasa de mortalidad,Cáncer,Hombre,Araba/Álava,,,Por 100.000 habitantes,Araba/Álava,271.8
2012,Tasa de mortalidad,Enfermedades respiratorias crónicas,Hombre,Araba/Álava,,,Por 100.000 habitantes,Araba/Álava,86.4
2013,Tasa de mortalidad,Cáncer,Hombre,Araba/Álava,,,Por 100.000 habitantes,Araba/Álava,318.9
2014,Tasa de mortalidad,Enfermedades respiratorias crónicas,Hombre,Araba/Álava,,,Por 100.000 habitantes,Araba/Álava,67.4
2021,Tasa de mortalidad,Cáncer,Hombre,Araba/Álava,,,Por 100.000 habitantes,Araba/Álava,300.1
2018,Tasa de mortalidad,"Enfermedades cardiovasculares, respiratorias crónicas, cáncer o diabetes",Hombre,Araba/Álava,,,Por 100.000 habitantes,Araba/Álava,630.8
2015,Tasa de mortalidad,"Enfermedades cardiovasculares, respiratorias crónicas, cáncer o diabetes",Hombre,Araba/Álava,,,Por 100.000 habitantes,Araba/Álava,622.7
2020,Tasa de mortalidad,"Enfermedades cardiovasculares, respiratorias crónicas, cáncer o diabetes",Hombre,Araba/Álava,,,Por 100.000 habitantes,Araba/Álava,559.6
2022,Tasa de mortalidad,Enfermedades cardiovasculares,Hombre,Araba/Álava,,,Por 100.000 habitantes,Araba/Álava,212.8
2022,Tasa de mortalidad,"Enfermedades cardiovasculares, respiratorias crónicas, cáncer o diabetes",Hombre,Araba/Álava,,,Por 100.000 habitantes,Araba/Álava,579.0
2017,Tasa de mortalidad,Enfermedades respiratorias crónicas,Hombre,Araba/Álava,,,Por 100.000 habitantes,Araba/Álava,76.3
2016,Tasa de mortalidad,Enfermedades respiratorias crónicas,Hombre,Araba/Álava,,,Por 100.000 habitantes,Araba/Álava,77.2
2020,Tasa de mortalidad,Enfermedades cardiovasculares,Hombre,Araba/Álava,,,Por 100.000 habitantes,Araba/Álava,200.9
2017,Tasa de mortalidad,"Enfermedades cardiovasculares, respiratorias crónicas, cáncer o diabetes",Hombre,Araba/Álava,,,Por 100.000 habitantes,Araba/Álava,636.3
2023,Tasa de mortalidad,Diabetes,Hombre,Araba/Álava,,,Por 100.000 habitantes,Araba/Álava,19.5
2011,Tasa de mortalidad,Enfermedades cardiovasculares,Hombre,Araba/Álava,,,Por 100.000 habitantes,Araba/Álava,195.5
2016,Tasa de mortalidad,Cáncer,Hombre,Araba/Álava,,,Por 100.000 habitantes,Araba/Álava,325.8
2014,Tasa de mortalidad,Enfermedades cardiovasculares,Hombre,Araba/Álava,,,Por 100.000 habitantes,Araba/Álava,187.1
2018,Tasa de mortalidad,Diabetes,Hombre,Araba/Álava,,,Por 100.000 habitantes,Araba/Álava,13.7
2019,Tasa de mortalidad,Diabetes,Hombre,Araba/Álava,,,Por 100.000 habitantes,Araba/Álava,13.0
2020,Tasa de mortalidad,Diabetes,Hombre,Araba/Álava,,,Por 100.000 habitantes,Araba/Álava,19.7
2022,Tasa de mortalidad,Enfermedades respiratorias crónicas,Hombre,Araba/Álava,,,Por 100.000 habitantes,Araba/Álava,64.4
2011,Tasa de mortalidad,Diabetes,Hombre,Araba/Álava,,,Por 100.000 habitantes,Araba/Álava,15.7
2015,Tasa de mortalidad,Diabetes,Hombre,Araba/Álava,,,Por 100.000 habitantes,Araba/Álava,20.1
2018,Tasa de mortalidad,Enfermedades cardiovasculares,Hombre,Araba/Álava,,,Por 100.000 habitantes,Araba/Álava,221.5
2014,Tasa de mortalidad,Diabetes,Hombre,Araba/Álava,,,Por 100.000 habitantes,Araba/Álava,10.1
2017,Tasa de mortalidad,Cáncer,Hombre,Araba/Álava,,,Por 100.000 habitantes,Araba/Álava,332.9
2023,Tasa de mortalidad,Enfermedades cardiovasculares,Hombre,Araba/Álava,,,Por 100.000 habitantes,Araba/Álava,217.2
2021,Tasa de mortalidad,Diabetes,Hombre,Araba/Álava,,,Por 100.000 habitantes,Araba/Álava,23.4
2013,Tasa de mortalidad,Enfermedades cardiovasculares,Hombre,Araba/Álava,,,Por 100.000 habitantes,Araba/Álava,197.2
2021,Tasa de mortalidad,"Enfermedades cardiovasculares, respiratorias crónicas, cáncer o diabetes",Hombre,Araba/Álava,,,Por 100.000 habitantes,Araba/Álava,610.6
2013,Tasa de mortalidad,Diabetes,Hombre,Araba/Álava,,,Por 100.000 habitantes,Araba/Álava,22.7
2010,Tasa de mortalidad,Enfermedades cardiovasculares,Hombre,Araba/Álava,,,Por 100.000 habitantes,Araba/Álava,208.2
2010,Tasa de mortalidad,Diabetes,Hombre,Araba/Álava,,,Por 100.000 habitantes,Araba/Álava,22.7
2017,Tasa de mortalidad,Diabetes,Hombre,Araba/Álava,,,Por 100.000 habitantes,Araba/Álava,13.8
2017,Tasa de mortalidad,Enfermedades cardiovasculares,Hombre,Araba/Álava,,,Por 100.000 habitantes,Araba/Álava,213.4
2010,Tasa de mortalidad,"Enfermedades cardiovasculares, respiratorias crónicas, cáncer o diabetes",Hombre,Araba/Álava,,,Por 100.000 habitantes,Araba/Álava,589.2
2011,Tasa de mortalidad,"Enfermedades cardiovasculares, respiratorias crónicas, cáncer o diabetes",Hombre,Araba/Álava,,,Por 100.000 habitantes,Araba/Álava,626.0
2012,Tasa de mortalidad,"Enfermedades cardiovasculares, respiratorias crónicas, cáncer o diabetes",Hombre,Araba/Álava,,,Por 100.000 habitantes,Araba/Álava,595.7
2019,Tasa de mortalidad,"Enfermedades cardiovasculares, respiratorias crónicas, cáncer o diabetes",Hombre,Araba/Álava,,,Por 100.000 habitantes,Araba/Álava,623.6
2012,Tasa de mortalidad,Diabetes,Hombre,Araba/Álava,,,Por 100.000 habitantes,Araba/Álava,19.4
2021,Tasa de mortalidad,Enfermedades cardiovasculares,Hombre,Araba/Álava,,,Por 100.000 habitantes,Araba/Álava,234.1
2022,Tasa de mortalidad,Diabetes,Hombre,Araba/Álava,,,Por 100.000 habitantes,Araba/Álava,21.5
2014,Tasa de mortalidad,"Enfermedades cardiovasculares, respiratorias crónicas, cáncer o diabetes",Hombre,Araba/Álava,,,Por 100.000 habitantes,Araba/Álava,555.5
2012,Tasa de mortalidad,Cáncer,Hombre,Araba/Álava,,,Por 100.000 habitantes,Araba/Álava,303.2
2010,Tasa de mortalidad,Cáncer,Hombre,Araba/Álava,,,Por 100.000 habitantes,Araba/Álava,288.3
2011,Tasa de mortalidad,Cáncer,Hombre,Araba/Álava,,,Por 100.000 habitantes,Araba/Álava,342.1
2015,Tasa de mortalidad,Enfermedades cardiovasculares,Hombre,Araba/Álava,,,Por 100.000 habitantes,Araba/Álava,215.5
2022,Tasa de mortalidad,Cáncer,Hombre,Araba/Álava,,,Por 100.000 habitantes,Araba/Álava,280.3
2020,Tasa de mortalidad,Enfermedades respiratorias crónicas,Hombre,Araba/Álava,,,Por 100.000 habitantes,Araba/Álava,67.2
2019,Tasa de mortalidad,Cáncer,Hombre,Araba/Álava,,,Por 100.000 habitantes,Araba/Álava,315.2
2016,Tasa de mortalidad,Enfermedades cardiovasculares,Hombre,Araba/Álava,,,Por 100.000 habitantes,Araba/Álava,222.8
2016,Tasa de mortalidad,Diabetes,Hombre,Araba/Álava,,,Por 100.000 habitantes,Araba/Álava,15.7
2015,Tasa de mortalidad,Cáncer,Hombre,Araba/Álava,,,Por 100.000 habitantes,Araba/Álava,307.9
2018,Tasa de mortalidad,Enfermedades respiratorias crónicas,Hombre,Araba/Álava,,,Por 100.000 habitantes,Araba/Álava,75.9
2012,Tasa de mortalidad,Enfermedades cardiovasculares,Hombre,Araba/Álava,,,Por 100.000 habitantes,Araba/Álava,186.7
2011,Tasa de mortalidad,Enfermedades respiratorias crónicas,Hombre,Araba/Álava,,,Por 100.000 habitantes,Araba/Álava,72.7
2016,Tasa de mortalidad,Enfermedades cardiovasculares,Hombre,Bizkaia,,,Por 100.000 habitantes,Bizkaia,274.0
2015,Tasa de mortalidad,Cáncer,Hombre,Bizkaia,,,Por 100.000 habitantes,Bizkaia,377.0
2014,Tasa de mortalidad,Enfermedades respiratorias crónicas,Hombre,Bizkaia,,,Por 100.000 habitantes,Bizkaia,80.8
2015,Tasa de mortalidad,Diabetes,Hombre,Bizkaia,,,Por 100.000 habitantes,Bizkaia,21.7
2023,Tasa de mortalidad,Diabetes,Hombre,Bizkaia,,,Por 100.000 habitantes,Bizkaia,17.6
2013,Tasa de mortalidad,"Enfermedades cardiovasculares, respiratorias crónicas, cáncer o diabetes",Hombre,Bizkaia,,,Por 100.000 habitantes,Bizkaia,725.7
2011,Tasa de mortalidad,Enfermedades cardiovasculares,Hombre,Bizkaia,,,Por 100.000 habitantes,Bizkaia,277.8
2010,Tasa de mortalidad,Enfermedades cardiovasculares,Hombre,Bizkaia,,,Por 100.000 habitantes,Bizkaia,282.5
2022,Tasa de mortalidad,Cáncer,Hombre,Bizkaia,,,Por 100.000 habitantes,Bizkaia,361.8
2023,Tasa de mortalidad,Cáncer,Hombre,Bizkaia,,,Por 100.000 habitantes,Bizkaia,347.0
2019,Tasa de mortalidad,Cáncer,Hombre,Bizkaia,,,Por 100.000 habitantes,Bizkaia,374.8
2014,Tasa de mortalidad,Cáncer,Hombre,Bizkaia,,,Por 100.000 habitantes,Bizkaia,380.3
2017,Tasa de mortalidad,Cáncer,Hombre,Bizkaia,,,Por 100.000 habitantes,Bizkaia,369.6
2010,Tasa de mortalidad,Cáncer,Hombre,Bizkaia,,,Por 100.000 habitantes,Bizkaia,371.3
2012,Tasa de mortalidad,Enfermedades cardiovasculares,Hombre,Bizkaia,,,Por 100.000 habitantes,Bizkaia,272.5
2021,Tasa de mortalidad,Diabetes,Hombre,Bizkaia,,,Por 100.000 habitantes,Bizkaia,18.2
2022,Tasa de mortalidad,Enfermedades respiratorias crónicas,Hombre,Bizkaia,,,Por 100.000 habitantes,Bizkaia,71.0
2018,Tasa de mortalidad,Cáncer,Hombre,Bizkaia,,,Por 100.000 habitantes,Bizkaia,368.8
2013,Tasa de mortalidad,Enfermedades cardiovasculares,Hombre,Bizkaia,,,Por 100.000 habitantes,Bizkaia,257.5
2021,Tasa de mortalidad,Cáncer,Hombre,Bizkaia,,,Por 100.000 habitantes,Bizkaia,359.0
2018,Tasa de mortalidad,Enfermedades respiratorias crónicas,Hombre,Bizkaia,,,Por 100.000 habitantes,Bizkaia,97.9
2012,Tasa de mortalidad,Enfermedades respiratorias crónicas,Hombre,Bizkaia,,,Por 100.000 habitantes,Bizkaia,86.7
2016,Tasa de mortalidad,Cáncer,Hombre,Bizkaia,,,Por 100.000 habitantes,Bizkaia,378.1
2015,Tasa de mortalidad,Enfermedades respiratorias crónicas,Hombre,Bizkaia,,,Por 100.000 habitantes,Bizkaia,96.3
2010,Tasa de mortalidad,Enfermedades respiratorias crónicas,Hombre,Bizkaia,,,Por 100.000 habitantes,Bizkaia,78.0
2020,Tasa de mortalidad,Enfermedades respiratorias crónicas,Hombre,Bizkaia,,,Por 100.000 habitantes,Bizkaia,63.3
2011,Tasa de mortalidad,Cáncer,Hombre,Bizkaia,,,Por 100.000 habitantes,Bizkaia,364.9
2013,Tasa de mortalidad,Diabetes,Hombre,Bizkaia,,,Por 100.000 habitantes,Bizkaia,15.9
2011,Tasa de mortalidad,Enfermedades respiratorias crónicas,Hombre,Bizkaia,,,Por 100.000 habitantes,Bizkaia,82.4
2020,Tasa de mortalidad,"Enfermedades cardiovasculares, respiratorias crónicas, cáncer o diabetes",Hombre,Bizkaia,,,Por 100.000 habitantes,Bizkaia,711.4
2023,Tasa de mortalidad,Enfermedades respiratorias crónicas,Hombre,Bizkaia,,,Por 100.000 habitantes,Bizkaia,70.8
2021,Tasa de mortalidad,Enfermedades respiratorias crónicas,Hombre,Bizkaia,,,Por 100.000 habitantes,Bizkaia,69.7
2019,Tasa de mortalidad,Enfermedades respiratorias crónicas,Hombre,Bizkaia,,,Por 100.000 habitantes,Bizkaia,87.8
2012,Tasa de mortalidad,"Enfermedades cardiovasculares, respiratorias crónicas, cáncer o diabetes",Hombre,Bizkaia,,,Por 100.000 habitantes,Bizkaia,757.3
2019,Tasa de mortalidad,"Enfermedades cardiovasculares, respiratorias crónicas, cáncer o diabetes",Hombre,Bizkaia,,,Por 100.000 habitantes,Bizkaia,757.1
2015,Tasa de mortalidad,"Enfermedades cardiovasculares, respiratorias crónicas, cáncer o diabetes",Hombre,Bizkaia,,,Por 100.000 habitantes,Bizkaia,780.4
2011,Tasa de mortalidad,"Enfermedades cardiovasculares, respiratorias crónicas, cáncer o diabetes",Hombre,Bizkaia,,,Por 100.000 habitantes,Bizkaia,747.2
2016,Tasa de mortalidad,"Enfermedades cardiovasculares, respiratorias crónicas, cáncer o diabetes",Hombre,Bizkaia,,,Por 100.000 habitantes,Bizkaia,762.8
2017,Tasa de mortalidad,"Enfermedades cardiovasculares, respiratorias crónicas, cáncer o diabetes",Hombre,Bizkaia,,,Por 100.000 habitantes,Bizkaia,759.5
2017,Tasa de mortalidad,Diabetes,Hombre,Bizkaia,,,Por 100.000 habitantes,Bizkaia,16.8
2020,Tasa de mortalidad,Cáncer,Hombre,Bizkaia,,,Por 100.000 habitantes,Bizkaia,364.7
2010,Tasa de mortalidad,"Enfermedades cardiovasculares, respiratorias crónicas, cáncer o diabetes",Hombre,Bizkaia,,,Por 100.000 habitantes,Bizkaia,750.8
2023,Tasa de mortalidad,"Enfermedades cardiovasculares, respiratorias crónicas, cáncer o diabetes",Hombre,Bizkaia,,,Por 100.000 habitantes,Bizkaia,695.5
2013,Tasa de mortalidad,Cáncer,Hombre,Bizkaia,,,Por 100.000 habitantes,Bizkaia,371.4
2016,Tasa de mortalidad,Enfermedades respiratorias crónicas,Hombre,Bizkaia,,,Por 100.000 habitantes,Bizkaia,91.3
2014,Tasa de mortalidad,"Enfermedades cardiovasculares, respiratorias crónicas, cáncer o diabetes",Hombre,Bizkaia,,,Por 100.000 habitantes,Bizkaia,738.0
2020,Tasa de mortalidad,Enfermedades cardiovasculares,Hombre,Bizkaia,,,Por 100.000 habitantes,Bizkaia,259.9
2019,Tasa de mortalidad,Enfermedades cardiovasculares,Hombre,Bizkaia,,,Por 100.000 habitantes,Bizkaia,274.1
2018,Tasa de mortalidad,Enfermedades cardiovasculares,Hombre,Bizkaia,,,Por 100.000 habitantes,Bizkaia,282.4
2021,Tasa de mortalidad,"Enfermedades cardiovasculares, respiratorias crónicas, cáncer o diabetes",Hombre,Bizkaia,,,Por 100.000 habitantes,Bizkaia,708.7
2017,Tasa de mortalidad,Enfermedades cardiovasculares,Hombre,Bizkaia,,,Por 100.000 habitantes,Bizkaia,276.1
2022,Tasa de mortalidad,Diabetes,Hombre,Bizkaia,,,Por 100.000 habitantes,Bizkaia,19.5
2012,Tasa de mortalidad,Cáncer,Hombre,Bizkaia,,,Por 100.000 habitantes,Bizkaia,378.8
2020,Tasa de mortalidad,Diabetes,Hombre,Bizkaia,,,Por 100.000 habitantes,Bizkaia,23.6
2018,Tasa de mortalidad,Diabetes,Hombre,Bizkaia,,,Por 100.000 habitantes,Bizkaia,18.0
2023,Tasa de mortalidad,Enfermedades cardiovasculares,Hombre,Bizkaia,,,Por 100.000 habitantes,Bizkaia,260.1
2015,Tasa de mortalidad,Enfermedades cardiovasculares,Hombre,Bizkaia,,,Por 100.000 habitantes,Bizkaia,285.4
2012,Tasa de mortalidad,Diabetes,Hombre,Bizkaia,,,Por 100.000 habitantes,Bizkaia,19.2
2013,Tasa de mortalidad,Enfermedades respiratorias crónicas,Hombre,Bizkaia,,,Por 100.000 habitantes,Bizkaia,80.9
2014,Tasa de mortalidad,Enfermedades cardiovasculares,Hombre,Bizkaia,,,Por 100.000 habitantes,Bizkaia,258.1
2021,Tasa de mortalidad,Enfermedades cardiovasculares,Hombre,Bizkaia,,,Por 100.000 habitantes,Bizkaia,261.8
2016,Tasa de mortalidad,Diabetes,Hombre,Bizkaia,,,Por 100.000 habitantes,Bizkaia,19.3
2017,Tasa de mortalidad,Enfermedades respiratorias crónicas,Hombre,Bizkaia,,,Por 100.000 habitantes,Bizkaia,97.0
2011,Tasa de mortalidad,Diabetes,Hombre,Bizkaia,,,Por 100.000 habitantes,Bizkaia,22.0
2014,Tasa de mortalidad,Diabetes,Hombre,Bizkaia,,,Por 100.000 habitantes,Bizkaia,18.9
2022,Tasa de mortalidad,"Enfermedades cardiovasculares, respiratorias crónicas, cáncer o diabetes",Hombre,Bizkaia,,,Por 100.000 habitantes,Bizkaia,716.3
2018,Tasa de mortalidad,"Enfermedades cardiovasculares, respiratorias crónicas, cáncer o diabetes",Hombre,Bizkaia,,,Por 100.000 habitantes,Bizkaia,767.2
2022,Tasa de mortalidad,Enfermedades cardiovasculares,Hombre,Bizkaia,,,Por 100.000 habitantes,Bizkaia,264.0
2010,Tasa de mortalidad,Diabetes,Hombre,Bizkaia,,,Por 100.000 habitantes,Bizkaia,19.0
2019,Tasa de mortalidad,Diabetes,Hombre,Bizkaia,,,Por 100.000 habitantes,Bizkaia,20.5
2023,Tasa de mortalidad,Enfermedades respiratorias crónicas,Hombre,Gipuzkoa,,,Por 100.000 habitantes,Gipuzkoa,61.9
2012,Tasa de mortalidad,Enfermedades respiratorias crónicas,Hombre,Gipuzkoa,,,Por 100.000 habitantes,Gipuzkoa,73.0
2020,Tasa de mortalidad,Enfermedades respiratorias crónicas,Hombre,Gipuzkoa,,,Por 100.000 habitantes,Gipuzkoa,59.4
2013,Tasa de mortalidad,Enfermedades respiratorias crónicas,Hombre,Gipuzkoa,,,Por 100.000 habitantes,Gipuzkoa,72.3
2017,Tasa de mortalidad,Enfermedades cardiovasculares,Hombre,Gipuzkoa,,,Por 100.000 habitantes,Gipuzkoa,247.2
2020,Tasa de mortalidad,"Enfermedades cardiovasculares, respiratorias crónicas, cáncer o diabetes",Hombre,Gipuzkoa,,,Por 100.000 habitantes,Gipuzkoa,651.5
2016,Tasa de mortalidad,"Enfermedades cardiovasculares, respiratorias crónicas, cáncer o diabetes",Hombre,Gipuzkoa,,,Por 100.000 habitantes,Gipuzkoa,670.5
2017,Tasa de mortalidad,"Enfermedades cardiovasculares, respiratorias crónicas, cáncer o diabetes",Hombre,Gipuzkoa,,,Por 100.000 habitantes,Gipuzkoa,685.7
2017,Tasa de mortalidad,Enfermedades respiratorias crónicas,Hombre,Gipuzkoa,,,Por 100.000 habitantes,Gipuzkoa,84.9
2011,Tasa de mortalidad,Cáncer,Hombre,Gipuzkoa,,,Por 100.000 habitantes,Gipuzkoa,335.3
2021,Tasa de mortalidad,"Enfermedades cardiovasculares, respiratorias crónicas, cáncer o diabetes",Hombre,Gipuzkoa,,,Por 100.000 habitantes,Gipuzkoa,672.4
2012,Tasa de mortalidad,"Enfermedades cardiovasculares, respiratorias crónicas, cáncer o diabetes",Hombre,Gipuzkoa,,,Por 100.000 habitantes,Gipuzkoa,675.4
2022,Tasa de mortalidad,"Enfermedades cardiovasculares, respiratorias crónicas, cáncer o diabetes",Hombre,Gipuzkoa,,,Por 100.000 habitantes,Gipuzkoa,675.0
2013,Tasa de mortalidad,"Enfermedades cardiovasculares, respiratorias crónicas, cáncer o diabetes",Hombre,Gipuzkoa,,,Por 100.000 habitantes,Gipuzkoa,667.2
2014,Tasa de mortalidad,Enfermedades cardiovasculares,Hombre,Gipuzkoa,,,Por 100.000 habitantes,Gipuzkoa,231.4
2014,Tasa de mortalidad,"Enfermedades cardiovasculares, respiratorias crónicas, cáncer o diabetes",Hombre,Gipuzkoa,,,Por 100.000 habitantes,Gipuzkoa,672.6
2017,Tasa de mortalidad,Cáncer,Hombre,Gipuzkoa,,,Por 100.000 habitantes,Gipuzkoa,337.0
2016,Tasa de mortalidad,Enfermedades cardiovasculares,Hombre,Gipuzkoa,,,Por 100.000 habitantes,Gipuzkoa,249.1
2015,Tasa de mortalidad,"Enfermedades cardiovasculares, respiratorias crónicas, cáncer o diabetes",Hombre,Gipuzkoa,,,Por 100.000 habitantes,Gipuzkoa,668.6
2016,Tasa de mortalidad,Enfermedades respiratorias crónicas,Hombre,Gipuzkoa,,,Por 100.000 habitantes,Gipuzkoa,79.3
2023,Tasa de mortalidad,"Enfermedades cardiovasculares, respiratorias crónicas, cáncer o diabetes",Hombre,Gipuzkoa,,,Por 100.000 habitantes,Gipuzkoa,691.4
2015,Tasa de mortalidad,Enfermedades respiratorias crónicas,Hombre,Gipuzkoa,,,Por 100.000 habitantes,Gipuzkoa,85.4
2011,Tasa de mortalidad,"Enfermedades cardiovasculares, respiratorias crónicas, cáncer o diabetes",Hombre,Gipuzkoa,,,Por 100.000 habitantes,Gipuzkoa,666.9
2019,Tasa de mortalidad,"Enfermedades cardiovasculares, respiratorias crónicas, cáncer o diabetes",Hombre,Gipuzkoa,,,Por 100.000 habitantes,Gipuzkoa,643.3
2011,Tasa de mortalidad,Enfermedades respiratorias crónicas,Hombre,Gipuzkoa,,,Por 100.000 habitantes,Gipuzkoa,72.1
2022,Tasa de mortalidad,Diabetes,Hombre,Gipuzkoa,,,Por 100.000 habitantes,Gipuzkoa,24.5
2013,Tasa de mortalidad,Cáncer,Hombre,Gipuzkoa,,,Por 100.000 habitantes,Gipuzkoa,326.7
2020,Tasa de mortalidad,Diabetes,Hombre,Gipuzkoa,,,Por 100.000 habitantes,Gipuzkoa,21.6
2021,Tasa de mortalidad,Diabetes,Hombre,Gipuzkoa,,,Por 100.000 habitantes,Gipuzkoa,17.4
2012,Tasa de mortalidad,Cáncer,Hombre,Gipuzkoa,,,Por 100.000 habitantes,Gipuzkoa,340.9
2021,Tasa de mortalidad,Cáncer,Hombre,Gipuzkoa,,,Por 100.000 habitantes,Gipuzkoa,317.7
2018,Tasa de mortalidad,"Enfermedades cardiovasculares, respiratorias crónicas, cáncer o diabetes",Hombre,Gipuzkoa,,,Por 100.000 habitantes,Gipuzkoa,691.1
2013,Tasa de mortalidad,Enfermedades cardiovasculares,Hombre,Gipuzkoa,,,Por 100.000 habitantes,Gipuzkoa,245.4
2013,Tasa de mortalidad,Diabetes,Hombre,Gipuzkoa,,,Por 100.000 habitantes,Gipuzkoa,22.8
2010,Tasa de mortalidad,"Enfermedades cardiovasculares, respiratorias crónicas, cáncer o diabetes",Hombre,Gipuzkoa,,,Por 100.000 habitantes,Gipuzkoa,666.4
2019,Tasa de mortalidad,Enfermedades respiratorias crónicas,Hombre,Gipuzkoa,,,Por 100.000 habitantes,Gipuzkoa,79.1
2010,Tasa de mortalidad,Enfermedades respiratorias crónicas,Hombre,Gipuzkoa,,,Por 100.000 habitantes,Gipuzkoa,72.6
2020,Tasa de mortalidad,Cáncer,Hombre,Gipuzkoa,,,Por 100.000 habitantes,Gipuzkoa,333.5
2015,Tasa de mortalidad,Enfermedades cardiovasculares,Hombre,Gipuzkoa,,,Por 100.000 habitantes,Gipuzkoa,229.2
2018,Tasa de mortalidad,Diabetes,Hombre,Gipuzkoa,,,Por 100.000 habitantes,Gipuzkoa,22.0
2021,Tasa de mortalidad,Enfermedades cardiovasculares,Hombre,Gipuzkoa,,,Por 100.000 habitantes,Gipuzkoa,271.2
2016,Tasa de mortalidad,Diabetes,Hombre,Gipuzkoa,,,Por 100.000 habitantes,Gipuzkoa,19.0
2014,Tasa de mortalidad,Diabetes,Hombre,Gipuzkoa,,,Por 100.000 habitantes,Gipuzkoa,19.0
2012,Tasa de mortalidad,Diabetes,Hombre,Gipuzkoa,,,Por 100.000 habitantes,Gipuzkoa,18.8
2012,Tasa de mortalidad,Enfermedades cardiovasculares,Hombre,Gipuzkoa,,,Por 100.000 habitantes,Gipuzkoa,242.7
2010,Tasa de mortalidad,Enfermedades cardiovasculares,Hombre,Gipuzkoa,,,Por 100.000 habitantes,Gipuzkoa,247.5
2011,Tasa de mortalidad,Diabetes,Hombre,Gipuzkoa,,,Por 100.000 habitantes,Gipuzkoa,17.1
2019,Tasa de mortalidad,Diabetes,Hombre,Gipuzkoa,,,Por 100.000 habitantes,Gipuzkoa,17.6
2023,Tasa de mortalidad,Diabetes,Hombre,Gipuzkoa,,,Por 100.000 habitantes,Gipuzkoa,23.6
2017,Tasa de mortalidad,Diabetes,Hombre,Gipuzkoa,,,Por 100.000 habitantes,Gipuzkoa,16.6
2022,Tasa de mortalidad,Enfermedades cardiovasculares,Hombre,Gipuzkoa,,,Por 100.000 habitantes,Gipuzkoa,254.1
2011,Tasa de mortalidad,Enfermedades cardiovasculares,Hombre,Gipuzkoa,,,Por 100.000 habitantes,Gipuzkoa,242.4
2015,Tasa de mortalidad,Diabetes,Hombre,Gipuzkoa,,,Por 100.000 habitantes,Gipuzkoa,17.8
2022,Tasa de mortalidad,Cáncer,Hombre,Gipuzkoa,,,Por 100.000 habitantes,Gipuzkoa,333.9
2018,Tasa de mortalidad,Cáncer,Hombre,Gipuzkoa,,,Por 100.000 habitantes,Gipuzkoa,346.0
2014,Tasa de mortalidad,Cáncer,Hombre,Gipuzkoa,,,Por 100.000 habitantes,Gipuzkoa,343.9
2018,Tasa de mortalidad,Enfermedades cardiovasculares,Hombre,Gipuzkoa,,,Por 100.000 habitantes,Gipuzkoa,242.8
2010,Tasa de mortalidad,Diabetes,Hombre,Gipuzkoa,,,Por 100.000 habitantes,Gipuzkoa,23.2
2023,Tasa de mortalidad,Enfermedades cardiovasculares,Hombre,Gipuzkoa,,,Por 100.000 habitantes,Gipuzkoa,254.9
2020,Tasa de mortalidad,Enfermedades cardiovasculares,Hombre,Gipuzkoa,,,Por 100.000 habitantes,Gipuzkoa,236.9
2010,Tasa de mortalidad,Cáncer,Hombre,Gipuzkoa,,,Por 100.000 habitantes,Gipuzkoa,323.0
2023,Tasa de mortalidad,Cáncer,Hombre,Gipuzkoa,,,Por 100.000 habitantes,Gipuzkoa,350.9
2018,Tasa de mortalidad,Enfermedades respiratorias crónicas,Hombre,Gipuzkoa,,,Por 100.000 habitantes,Gipuzkoa,80.4
2019,Tasa de mortalidad,Enfermedades cardiovasculares,Hombre,Gipuzkoa,,,Por 100.000 habitantes,Gipuzkoa,238.3
2015,Tasa de mortalidad,Cáncer,Hombre,Gipuzkoa,,,Por 100.000 habitantes,Gipuzkoa,336.2
2016,Tasa de mortalidad,Cáncer,Hombre,Gipuzkoa,,,Por 100.000 habitantes,Gipuzkoa,323.2
2019,Tasa de mortalidad,Cáncer,Hombre,Gipuzkoa,,,Por 100.000 habitantes,Gipuzkoa,308.3
2014,Tasa de mortalidad,Enfermedades respiratorias crónicas,Hombre,Gipuzkoa,,,Por 100.000 habitantes,Gipuzkoa,78.3
2021,Tasa de mortalidad,Enfermedades respiratorias crónicas,Hombre,Gipuzkoa,,,Por 100.000 habitantes,Gipuzkoa,66.2
2022,Tasa de mortalidad,Enfermedades respiratorias crónicas,Hombre,Gipuzkoa,,,Por 100.000 habitantes,Gipuzkoa,62.5
