Year,Series,Units,Value
2015,Consumo de alcohol per cápita (a partir de los 15 años de edad) durante un año civil ,Litros de alcohol puro,10.6
2023,Consumo de alcohol per cápita (a partir de los 15 años de edad) durante un año civil ,Litros de alcohol puro,10.8
2017,Consumo de alcohol per cápita (a partir de los 15 años de edad) durante un año civil ,Litros de alcohol puro,10.3
2016,Consumo de alcohol per cápita (a partir de los 15 años de edad) durante un año civil ,Litros de alcohol puro,11.0
2022,Consumo de alcohol per cápita (a partir de los 15 años de edad) durante un año civil ,Litros de alcohol puro,11.3
2020,Consumo de alcohol per cápita (a partir de los 15 años de edad) durante un año civil ,Litros de alcohol puro,9.3
2019,Consumo de alcohol per cápita (a partir de los 15 años de edad) durante un año civil ,Litros de alcohol puro,10.0
2021,Consumo de alcohol per cápita (a partir de los 15 años de edad) durante un año civil ,Litros de alcohol puro,10.7
2018,Consumo de alcohol per cápita (a partir de los 15 años de edad) durante un año civil ,Litros de alcohol puro,9.8
