Year,Tipo de vacuna,Units,Value
2020,"Difteria, tétanos y tosferina en la población infantil ",Porcentaje,85.5
2018,"Difteria, tétanos y tosferina en la población infantil ",Porcentaje,92.5
2022,"Difteria, tétanos y tosferina en la población infantil ",Porcentaje,91.7
2017,"Difteria, tétanos y tosferina en la población infantil ",Porcentaje,93.0
2021,"Difteria, tétanos y tosferina en la población infantil ",Porcentaje,90.8
2019,"Difteria, tétanos y tosferina en la población infantil ",Porcentaje,93.1
2018,Neumococo en la población infantil ,Porcentaje,91.3
2019,Neumococo en la población infantil ,Porcentaje,93.3
2020,Neumococo en la población infantil ,Porcentaje,85.4
2021,Neumococo en la población infantil ,Porcentaje,90.6
2022,Neumococo en la población infantil ,Porcentaje,90.9
2017,Neumococo en la población infantil ,Porcentaje,88.3
2017,"Sarampión, rubeola y parotiditis en la población infantil",Porcentaje,94.7
2018,"Sarampión, rubeola y parotiditis en la población infantil",Porcentaje,93.5
2019,"Sarampión, rubeola y parotiditis en la población infantil",Porcentaje,94.2
2020,"Sarampión, rubeola y parotiditis en la población infantil",Porcentaje,90.2
2021,"Sarampión, rubeola y parotiditis en la población infantil",Porcentaje,83.3
2022,"Sarampión, rubeola y parotiditis en la población infantil",Porcentaje,88.4
2017,Papiloma humano (VPH) en las adolescentes ,Porcentaje,93.4
2018,Papiloma humano (VPH) en las adolescentes ,Porcentaje,92.6
2019,Papiloma humano (VPH) en las adolescentes ,Porcentaje,85.5
2020,Papiloma humano (VPH) en las adolescentes ,Porcentaje,88.5
2021,Papiloma humano (VPH) en las adolescentes ,Porcentaje,69.1
