Year,Profesión,Sexo,Territorio histórico,Units,Value
2018,,,,Por 10.000 habitantes,164.2
2013,,,,Por 10.000 habitantes,150.8
2011,,,,Por 10.000 habitantes,147.2
2023,,,,Por 10.000 habitantes,187.6
2015,,,,Por 10.000 habitantes,156.7
2022,,,,Por 10.000 habitantes,176.4
2016,,,,Por 10.000 habitantes,159.5
2021,,,,Por 10.000 habitantes,173.2
2017,,,,Por 10.000 habitantes,161.6
2024,,,,Por 10.000 habitantes,188.3
2014,,,,Por 10.000 habitantes,154.1
2010,,,,Por 10.000 habitantes,143.5
2012,,,,Por 10.000 habitantes,149.0
2020,,,,Por 10.000 habitantes,170.3
2019,,,,Por 10.000 habitantes,167.0
2010,,,Araba/Álava,Por 10.000 habitantes,146.7
2020,,,Araba/Álava,Por 10.000 habitantes,172.1
2023,,,Araba/Álava,Por 10.000 habitantes,178.1
2021,,,Araba/Álava,Por 10.000 habitantes,174.4
2018,,,Araba/Álava,Por 10.000 habitantes,169.5
2013,,,Araba/Álava,Por 10.000 habitantes,155.6
2019,,,Araba/Álava,Por 10.000 habitantes,170.0
2024,,,Araba/Álava,Por 10.000 habitantes,180.0
2017,,,Araba/Álava,Por 10.000 habitantes,167.5
2011,,,Araba/Álava,Por 10.000 habitantes,151.0
2012,,,Araba/Álava,Por 10.000 habitantes,152.9
2022,,,Araba/Álava,Por 10.000 habitantes,176.6
2016,,,Araba/Álava,Por 10.000 habitantes,165.2
2014,,,Araba/Álava,Por 10.000 habitantes,160.3
2015,,,Araba/Álava,Por 10.000 habitantes,162.3
2020,,,Bizkaia,Por 10.000 habitantes,175.3
2010,,,Bizkaia,Por 10.000 habitantes,144.4
2015,,,Bizkaia,Por 10.000 habitantes,159.0
2022,,,Bizkaia,Por 10.000 habitantes,181.8
2013,,,Bizkaia,Por 10.000 habitantes,152.4
2012,,,Bizkaia,Por 10.000 habitantes,150.5
2017,,,Bizkaia,Por 10.000 habitantes,165.2
2011,,,Bizkaia,Por 10.000 habitantes,148.4
2021,,,Bizkaia,Por 10.000 habitantes,178.4
2016,,,Bizkaia,Por 10.000 habitantes,162.4
2019,,,Bizkaia,Por 10.000 habitantes,171.8
2014,,,Bizkaia,Por 10.000 habitantes,155.6
2018,,,Bizkaia,Por 10.000 habitantes,168.6
2024,,,Bizkaia,Por 10.000 habitantes,188.1
2023,,,Bizkaia,Por 10.000 habitantes,185.3
2010,,,Gipuzkoa,Por 10.000 habitantes,140.5
2020,,,Gipuzkoa,Por 10.000 habitantes,161.6
2021,,,Gipuzkoa,Por 10.000 habitantes,164.2
2015,,,Gipuzkoa,Por 10.000 habitantes,150.4
2022,,,Gipuzkoa,Por 10.000 habitantes,167.7
2017,,,Gipuzkoa,Por 10.000 habitantes,153.3
2013,,,Gipuzkoa,Por 10.000 habitantes,145.9
2016,,,Gipuzkoa,Por 10.000 habitantes,152.3
2012,,,Gipuzkoa,Por 10.000 habitantes,144.8
2023,,,Gipuzkoa,Por 10.000 habitantes,195.5
2018,,,Gipuzkoa,Por 10.000 habitantes,154.9
2014,,,Gipuzkoa,Por 10.000 habitantes,148.7
2024,,,Gipuzkoa,Por 10.000 habitantes,192.3
2019,,,Gipuzkoa,Por 10.000 habitantes,158.0
2011,,,Gipuzkoa,Por 10.000 habitantes,143.4
2021,,Mujer,,Por 10.000 habitantes,249.0
2013,,Mujer,,Por 10.000 habitantes,214.9
2010,,Mujer,,Por 10.000 habitantes,201.8
2024,,Mujer,,Por 10.000 habitantes,274.4
2012,,Mujer,,Por 10.000 habitantes,211.2
2022,,Mujer,,Por 10.000 habitantes,253.9
2011,,Mujer,,Por 10.000 habitantes,206.4
2020,,Mujer,,Por 10.000 habitantes,244.5
2023,,Mujer,,Por 10.000 habitantes,272.7
2015,,Mujer,,Por 10.000 habitantes,224.4
2014,,Mujer,,Por 10.000 habitantes,219.9
2017,,Mujer,,Por 10.000 habitantes,232.0
2018,,Mujer,,Por 10.000 habitantes,235.7
2019,,Mujer,,Por 10.000 habitantes,239.4
2016,,Mujer,,Por 10.000 habitantes,228.7
2023,,Mujer,Araba/Álava,Por 10.000 habitantes,266.3
2012,,Mujer,Araba/Álava,Por 10.000 habitantes,229.5
2014,,Mujer,Araba/Álava,Por 10.000 habitantes,239.9
2013,,Mujer,Araba/Álava,Por 10.000 habitantes,233.4
2015,,Mujer,Araba/Álava,Por 10.000 habitantes,243.6
2024,,Mujer,Araba/Álava,Por 10.000 habitantes,269.6
2011,,Mujer,Araba/Álava,Por 10.000 habitantes,224.6
2010,,Mujer,Araba/Álava,Por 10.000 habitantes,217.6
2017,,Mujer,Araba/Álava,Por 10.000 habitantes,250.5
2020,,Mujer,Araba/Álava,Por 10.000 habitantes,256.1
2018,,Mujer,Araba/Álava,Por 10.000 habitantes,253.1
2019,,Mujer,Araba/Álava,Por 10.000 habitantes,253.0
2016,,Mujer,Araba/Álava,Por 10.000 habitantes,247.5
2021,,Mujer,Araba/Álava,Por 10.000 habitantes,259.5
2022,,Mujer,Araba/Álava,Por 10.000 habitantes,263.9
2013,,Mujer,Bizkaia,Por 10.000 habitantes,210.4
2018,,Mujer,Bizkaia,Por 10.000 habitantes,234.7
2021,,Mujer,Bizkaia,Por 10.000 habitantes,248.8
2019,,Mujer,Bizkaia,Por 10.000 habitantes,239.2
2011,,Mujer,Bizkaia,Por 10.000 habitantes,202.6
2017,,Mujer,Bizkaia,Por 10.000 habitantes,230.0
2012,,Mujer,Bizkaia,Por 10.000 habitantes,207.8
2016,,Mujer,Bizkaia,Por 10.000 habitantes,225.9
2014,,Mujer,Bizkaia,Por 10.000 habitantes,215.0
2022,,Mujer,Bizkaia,Por 10.000 habitantes,253.7
2010,,Mujer,Bizkaia,Por 10.000 habitantes,196.1
2023,,Mujer,Bizkaia,Por 10.000 habitantes,258.6
2024,,Mujer,Bizkaia,Por 10.000 habitantes,263.3
2015,,Mujer,Bizkaia,Por 10.000 habitantes,220.7
2020,,Mujer,Bizkaia,Por 10.000 habitantes,244.0
2019,,Mujer,Gipuzkoa,Por 10.000 habitantes,233.7
2024,,Mujer,Gipuzkoa,Por 10.000 habitantes,294.7
2021,,Mujer,Gipuzkoa,Por 10.000 habitantes,244.7
2011,,Mujer,Gipuzkoa,Por 10.000 habitantes,204.6
2012,,Mujer,Gipuzkoa,Por 10.000 habitantes,208.5
2018,,Mujer,Gipuzkoa,Por 10.000 habitantes,229.3
2014,,Mujer,Gipuzkoa,Por 10.000 habitantes,219.0
2016,,Mujer,Gipuzkoa,Por 10.000 habitantes,224.7
2022,,Mujer,Gipuzkoa,Por 10.000 habitantes,249.6
2023,,Mujer,Gipuzkoa,Por 10.000 habitantes,298.4
2013,,Mujer,Gipuzkoa,Por 10.000 habitantes,214.0
2015,,Mujer,Gipuzkoa,Por 10.000 habitantes,222.0
2020,,Mujer,Gipuzkoa,Por 10.000 habitantes,240.1
2010,,Mujer,Gipuzkoa,Por 10.000 habitantes,204.2
2017,,Mujer,Gipuzkoa,Por 10.000 habitantes,227.0
2017,,Hombre,,Por 10.000 habitantes,87.0
2024,,Hombre,,Por 10.000 habitantes,96.8
2022,,Hombre,,Por 10.000 habitantes,94.1
2011,,Hombre,,Por 10.000 habitantes,85.0
2020,,Hombre,,Por 10.000 habitantes,91.6
2018,,Hombre,,Por 10.000 habitantes,88.5
2013,,Hombre,,Por 10.000 habitantes,83.3
2012,,Hombre,,Por 10.000 habitantes,83.7
2014,,Hombre,,Por 10.000 habitantes,84.6
2010,,Hombre,,Por 10.000 habitantes,82.4
2015,,Hombre,,Por 10.000 habitantes,85.1
2016,,Hombre,,Por 10.000 habitantes,86.4
2023,,Hombre,,Por 10.000 habitantes,97.1
2019,,Hombre,,Por 10.000 habitantes,90.2
2021,,Hombre,,Por 10.000 habitantes,92.6
2016,,Hombre,Araba/Álava,Por 10.000 habitantes,80.8
2019,,Hombre,Araba/Álava,Por 10.000 habitantes,84.4
2022,,Hombre,Araba/Álava,Por 10.000 habitantes,86.2
2023,,Hombre,Araba/Álava,Por 10.000 habitantes,86.7
2015,,Hombre,Araba/Álava,Por 10.000 habitantes,79.4
2013,,Hombre,Araba/Álava,Por 10.000 habitantes,76.7
2021,,Hombre,Araba/Álava,Por 10.000 habitantes,86.4
2014,,Hombre,Araba/Álava,Por 10.000 habitantes,79.0
2010,,Hombre,Araba/Álava,Por 10.000 habitantes,75.5
2011,,Hombre,Araba/Álava,Por 10.000 habitantes,77.0
2012,,Hombre,Araba/Álava,Por 10.000 habitantes,75.7
2018,,Hombre,Araba/Álava,Por 10.000 habitantes,83.2
2020,,Hombre,Araba/Álava,Por 10.000 habitantes,85.1
2017,,Hombre,Araba/Álava,Por 10.000 habitantes,82.1
2024,,Hombre,Araba/Álava,Por 10.000 habitantes,87.1
2021,,Hombre,Bizkaia,Por 10.000 habitantes,102.5
2020,,Hombre,Bizkaia,Por 10.000 habitantes,101.2
2024,,Hombre,Bizkaia,Por 10.000 habitantes,107.2
2023,,Hombre,Bizkaia,Por 10.000 habitantes,106.4
2017,,Hombre,Bizkaia,Por 10.000 habitantes,95.2
2013,,Hombre,Bizkaia,Por 10.000 habitantes,90.2
2011,,Hombre,Bizkaia,Por 10.000 habitantes,90.6
2022,,Hombre,Bizkaia,Por 10.000 habitantes,104.2
2016,,Hombre,Bizkaia,Por 10.000 habitantes,94.1
2019,,Hombre,Bizkaia,Por 10.000 habitantes,99.0
2012,,Hombre,Bizkaia,Por 10.000 habitantes,89.2
2010,,Hombre,Bizkaia,Por 10.000 habitantes,89.3
2015,,Hombre,Bizkaia,Por 10.000 habitantes,92.7
2018,,Hombre,Bizkaia,Por 10.000 habitantes,97.2
2014,,Hombre,Bizkaia,Por 10.000 habitantes,91.9
2013,,Hombre,Gipuzkoa,Por 10.000 habitantes,75.1
2018,,Hombre,Gipuzkoa,Por 10.000 habitantes,77.1
2012,,Hombre,Gipuzkoa,Por 10.000 habitantes,78.6
2015,,Hombre,Gipuzkoa,Por 10.000 habitantes,75.8
2020,,Hombre,Gipuzkoa,Por 10.000 habitantes,79.4
2023,,Hombre,Gipuzkoa,Por 10.000 habitantes,87.5
2014,,Hombre,Gipuzkoa,Por 10.000 habitantes,75.6
2019,,Hombre,Gipuzkoa,Por 10.000 habitantes,78.9
2017,,Hombre,Gipuzkoa,Por 10.000 habitantes,76.2
2021,,Hombre,Gipuzkoa,Por 10.000 habitantes,80.0
2022,,Hombre,Gipuzkoa,Por 10.000 habitantes,82.0
2010,,Hombre,Gipuzkoa,Por 10.000 habitantes,74.4
2024,,Hombre,Gipuzkoa,Por 10.000 habitantes,84.9
2011,,Hombre,Gipuzkoa,Por 10.000 habitantes,79.7
2016,,Hombre,Gipuzkoa,Por 10.000 habitantes,76.6
2019,Médico/a,,,Por 10.000 habitantes,65.4
2018,Médico/a,,,Por 10.000 habitantes,63.6
2011,Médico/a,,,Por 10.000 habitantes,55.8
2021,Médico/a,,,Por 10.000 habitantes,68.7
2017,Médico/a,,,Por 10.000 habitantes,62.2
2023,Médico/a,,,Por 10.000 habitantes,72.1
2010,Médico/a,,,Por 10.000 habitantes,54.5
2022,Médico/a,,,Por 10.000 habitantes,70.6
2015,Médico/a,,,Por 10.000 habitantes,60.0
2013,Médico/a,,,Por 10.000 habitantes,58.1
2020,Médico/a,,,Por 10.000 habitantes,66.9
2024,Médico/a,,,Por 10.000 habitantes,73.6
2016,Médico/a,,,Por 10.000 habitantes,61.1
2014,Médico/a,,,Por 10.000 habitantes,59.3
2012,Médico/a,,,Por 10.000 habitantes,57.0
2022,Médico/a,,Araba/Álava,Por 10.000 habitantes,63.9
2020,Médico/a,,Araba/Álava,Por 10.000 habitantes,61.3
2010,Médico/a,,Araba/Álava,Por 10.000 habitantes,51.9
2021,Médico/a,,Araba/Álava,Por 10.000 habitantes,62.7
2019,Médico/a,,Araba/Álava,Por 10.000 habitantes,60.7
2011,Médico/a,,Araba/Álava,Por 10.000 habitantes,54.0
2024,Médico/a,,Araba/Álava,Por 10.000 habitantes,66.6
2023,Médico/a,,Araba/Álava,Por 10.000 habitantes,65.1
2018,Médico/a,,Araba/Álava,Por 10.000 habitantes,59.7
2015,Médico/a,,Araba/Álava,Por 10.000 habitantes,58.0
2012,Médico/a,,Araba/Álava,Por 10.000 habitantes,55.1
2016,Médico/a,,Araba/Álava,Por 10.000 habitantes,58.8
2014,Médico/a,,Araba/Álava,Por 10.000 habitantes,57.9
2017,Médico/a,,Araba/Álava,Por 10.000 habitantes,59.4
2013,Médico/a,,Araba/Álava,Por 10.000 habitantes,56.5
2010,Médico/a,,Bizkaia,Por 10.000 habitantes,57.2
2021,Médico/a,,Bizkaia,Por 10.000 habitantes,74.1
2015,Médico/a,,Bizkaia,Por 10.000 habitantes,63.4
2012,Médico/a,,Bizkaia,Por 10.000 habitantes,59.9
2014,Médico/a,,Bizkaia,Por 10.000 habitantes,62.4
2011,Médico/a,,Bizkaia,Por 10.000 habitantes,58.6
2019,Médico/a,,Bizkaia,Por 10.000 habitantes,70.4
2016,Médico/a,,Bizkaia,Por 10.000 habitantes,64.9
2017,Médico/a,,Bizkaia,Por 10.000 habitantes,66.2
2023,Médico/a,,Bizkaia,Por 10.000 habitantes,78.4
2024,Médico/a,,Bizkaia,Por 10.000 habitantes,80.0
2018,Médico/a,,Bizkaia,Por 10.000 habitantes,68.2
2020,Médico/a,,Bizkaia,Por 10.000 habitantes,72.2
2022,Médico/a,,Bizkaia,Por 10.000 habitantes,76.2
2013,Médico/a,,Bizkaia,Por 10.000 habitantes,61.2
2023,Médico/a,,Gipuzkoa,Por 10.000 habitantes,65.5
2015,Médico/a,,Gipuzkoa,Por 10.000 habitantes,55.4
2018,Médico/a,,Gipuzkoa,Por 10.000 habitantes,58.1
2012,Médico/a,,Gipuzkoa,Por 10.000 habitantes,53.0
2016,Médico/a,,Gipuzkoa,Por 10.000 habitantes,56.1
2024,Médico/a,,Gipuzkoa,Por 10.000 habitantes,66.5
2022,Médico/a,,Gipuzkoa,Por 10.000 habitantes,64.7
2020,Médico/a,,Gipuzkoa,Por 10.000 habitantes,61.1
2019,Médico/a,,Gipuzkoa,Por 10.000 habitantes,59.6
2017,Médico/a,,Gipuzkoa,Por 10.000 habitantes,57.0
2014,Médico/a,,Gipuzkoa,Por 10.000 habitantes,54.9
2013,Médico/a,,Gipuzkoa,Por 10.000 habitantes,53.8
2021,Médico/a,,Gipuzkoa,Por 10.000 habitantes,62.8
2010,Médico/a,,Gipuzkoa,Por 10.000 habitantes,51.1
2011,Médico/a,,Gipuzkoa,Por 10.000 habitantes,52.0
2021,Médico/a,Mujer,,Por 10.000 habitantes,75.2
2019,Médico/a,Mujer,,Por 10.000 habitantes,69.8
2022,Médico/a,Mujer,,Por 10.000 habitantes,78.1
2016,Médico/a,Mujer,,Por 10.000 habitantes,63.3
2017,Médico/a,Mujer,,Por 10.000 habitantes,65.1
2012,Médico/a,Mujer,,Por 10.000 habitantes,56.8
2020,Médico/a,Mujer,,Por 10.000 habitantes,72.3
2015,Médico/a,Mujer,,Por 10.000 habitantes,61.6
2024,Médico/a,Mujer,,Por 10.000 habitantes,83.1
2013,Médico/a,Mujer,,Por 10.000 habitantes,58.5
2011,Médico/a,Mujer,,Por 10.000 habitantes,54.6
2010,Médico/a,Mujer,,Por 10.000 habitantes,52.5
2023,Médico/a,Mujer,,Por 10.000 habitantes,80.7
2018,Médico/a,Mujer,,Por 10.000 habitantes,67.1
2014,Médico/a,Mujer,,Por 10.000 habitantes,60.1
2023,Médico/a,Mujer,Araba/Álava,Por 10.000 habitantes,74.7
2022,Médico/a,Mujer,Araba/Álava,Por 10.000 habitantes,72.5
2018,Médico/a,Mujer,Araba/Álava,Por 10.000 habitantes,64.5
2017,Médico/a,Mujer,Araba/Álava,Por 10.000 habitantes,63.9
2024,Médico/a,Mujer,Araba/Álava,Por 10.000 habitantes,77.9
2010,Médico/a,Mujer,Araba/Álava,Por 10.000 habitantes,52.8
2015,Médico/a,Mujer,Araba/Álava,Por 10.000 habitantes,62.1
2012,Médico/a,Mujer,Araba/Álava,Por 10.000 habitantes,57.4
2019,Médico/a,Mujer,Araba/Álava,Por 10.000 habitantes,66.3
2016,Médico/a,Mujer,Araba/Álava,Por 10.000 habitantes,63.6
2011,Médico/a,Mujer,Araba/Álava,Por 10.000 habitantes,55.2
2013,Médico/a,Mujer,Araba/Álava,Por 10.000 habitantes,59.6
2014,Médico/a,Mujer,Araba/Álava,Por 10.000 habitantes,61.4
2021,Médico/a,Mujer,Araba/Álava,Por 10.000 habitantes,70.5
2020,Médico/a,Mujer,Araba/Álava,Por 10.000 habitantes,67.6
2024,Médico/a,Mujer,Bizkaia,Por 10.000 habitantes,88.4
2019,Médico/a,Mujer,Bizkaia,Por 10.000 habitantes,74.1
2023,Médico/a,Mujer,Bizkaia,Por 10.000 habitantes,85.7
2022,Médico/a,Mujer,Bizkaia,Por 10.000 habitantes,82.7
2020,Médico/a,Mujer,Bizkaia,Por 10.000 habitantes,76.8
2018,Médico/a,Mujer,Bizkaia,Por 10.000 habitantes,70.8
2016,Médico/a,Mujer,Bizkaia,Por 10.000 habitantes,66.3
2014,Médico/a,Mujer,Bizkaia,Por 10.000 habitantes,62.3
2017,Médico/a,Mujer,Bizkaia,Por 10.000 habitantes,68.4
2021,Médico/a,Mujer,Bizkaia,Por 10.000 habitantes,79.4
2015,Médico/a,Mujer,Bizkaia,Por 10.000 habitantes,64.2
2012,Médico/a,Mujer,Bizkaia,Por 10.000 habitantes,59.1
2013,Médico/a,Mujer,Bizkaia,Por 10.000 habitantes,60.8
2010,Médico/a,Mujer,Bizkaia,Por 10.000 habitantes,54.5
2011,Médico/a,Mujer,Bizkaia,Por 10.000 habitantes,56.5
2012,Médico/a,Mujer,Gipuzkoa,Por 10.000 habitantes,52.6
2010,Médico/a,Mujer,Gipuzkoa,Por 10.000 habitantes,49.1
2018,Médico/a,Mujer,Gipuzkoa,Por 10.000 habitantes,62.3
2021,Médico/a,Mujer,Gipuzkoa,Por 10.000 habitantes,70.4
2023,Médico/a,Mujer,Gipuzkoa,Por 10.000 habitantes,75.3
2024,Médico/a,Mujer,Gipuzkoa,Por 10.000 habitantes,77.0
2020,Médico/a,Mujer,Gipuzkoa,Por 10.000 habitantes,67.3
2011,Médico/a,Mujer,Gipuzkoa,Por 10.000 habitantes,51.0
2013,Médico/a,Mujer,Gipuzkoa,Por 10.000 habitantes,54.2
2016,Médico/a,Mujer,Gipuzkoa,Por 10.000 habitantes,58.4
2017,Médico/a,Mujer,Gipuzkoa,Por 10.000 habitantes,60.3
2022,Médico/a,Mujer,Gipuzkoa,Por 10.000 habitantes,73.3
2014,Médico/a,Mujer,Gipuzkoa,Por 10.000 habitantes,55.9
2019,Médico/a,Mujer,Gipuzkoa,Por 10.000 habitantes,64.5
2015,Médico/a,Mujer,Gipuzkoa,Por 10.000 habitantes,57.2
2019,Médico/a,Hombre,,Por 10.000 habitantes,60.7
2014,Médico/a,Hombre,,Por 10.000 habitantes,58.4
2023,Médico/a,Hombre,,Por 10.000 habitantes,63.1
2020,Médico/a,Hombre,,Por 10.000 habitantes,61.2
2010,Médico/a,Hombre,,Por 10.000 habitantes,56.5
2022,Médico/a,Hombre,,Por 10.000 habitantes,62.6
2016,Médico/a,Hombre,,Por 10.000 habitantes,58.8
2013,Médico/a,Hombre,,Por 10.000 habitantes,57.6
2012,Médico/a,Hombre,,Por 10.000 habitantes,57.2
2015,Médico/a,Hombre,,Por 10.000 habitantes,58.3
2021,Médico/a,Hombre,,Por 10.000 habitantes,61.8
2011,Médico/a,Hombre,,Por 10.000 habitantes,57.1
2017,Médico/a,Hombre,,Por 10.000 habitantes,59.1
2018,Médico/a,Hombre,,Por 10.000 habitantes,59.9
2024,Médico/a,Hombre,,Por 10.000 habitantes,63.4
2019,Médico/a,Hombre,Araba/Álava,Por 10.000 habitantes,55.0
2021,Médico/a,Hombre,Araba/Álava,Por 10.000 habitantes,54.7
2020,Médico/a,Hombre,Araba/Álava,Por 10.000 habitantes,54.8
2018,Médico/a,Hombre,Araba/Álava,Por 10.000 habitantes,54.7
2014,Médico/a,Hombre,Araba/Álava,Por 10.000 habitantes,54.3
2011,Médico/a,Hombre,Araba/Álava,Por 10.000 habitantes,52.7
2013,Médico/a,Hombre,Araba/Álava,Por 10.000 habitantes,53.2
2010,Médico/a,Hombre,Araba/Álava,Por 10.000 habitantes,51.1
2023,Médico/a,Hombre,Araba/Álava,Por 10.000 habitantes,55.1
2016,Médico/a,Hombre,Araba/Álava,Por 10.000 habitantes,53.9
2015,Médico/a,Hombre,Araba/Álava,Por 10.000 habitantes,53.9
2017,Médico/a,Hombre,Araba/Álava,Por 10.000 habitantes,54.8
2024,Médico/a,Hombre,Araba/Álava,Por 10.000 habitantes,54.8
2022,Médico/a,Hombre,Araba/Álava,Por 10.000 habitantes,55.1
2012,Médico/a,Hombre,Araba/Álava,Por 10.000 habitantes,52.7
2011,Médico/a,Hombre,Bizkaia,Por 10.000 habitantes,60.7
2013,Médico/a,Hombre,Bizkaia,Por 10.000 habitantes,61.5
2010,Médico/a,Hombre,Bizkaia,Por 10.000 habitantes,60.2
2019,Médico/a,Hombre,Bizkaia,Por 10.000 habitantes,66.4
2012,Médico/a,Hombre,Bizkaia,Por 10.000 habitantes,60.8
2021,Médico/a,Hombre,Bizkaia,Por 10.000 habitantes,68.3
2022,Médico/a,Hombre,Bizkaia,Por 10.000 habitantes,69.3
2018,Médico/a,Hombre,Bizkaia,Por 10.000 habitantes,65.4
2015,Médico/a,Hombre,Bizkaia,Por 10.000 habitantes,62.6
2023,Médico/a,Hombre,Bizkaia,Por 10.000 habitantes,70.5
2017,Médico/a,Hombre,Bizkaia,Por 10.000 habitantes,63.9
2014,Médico/a,Hombre,Bizkaia,Por 10.000 habitantes,62.5
2016,Médico/a,Hombre,Bizkaia,Por 10.000 habitantes,63.3
2024,Médico/a,Hombre,Bizkaia,Por 10.000 habitantes,71.0
2020,Médico/a,Hombre,Bizkaia,Por 10.000 habitantes,67.3
2021,Médico/a,Hombre,Gipuzkoa,Por 10.000 habitantes,54.9
2023,Médico/a,Hombre,Gipuzkoa,Por 10.000 habitantes,55.2
2019,Médico/a,Hombre,Gipuzkoa,Por 10.000 habitantes,54.4
2020,Médico/a,Hombre,Gipuzkoa,Por 10.000 habitantes,54.6
2017,Médico/a,Hombre,Gipuzkoa,Por 10.000 habitantes,53.6
2018,Médico/a,Hombre,Gipuzkoa,Por 10.000 habitantes,53.7
2022,Médico/a,Hombre,Gipuzkoa,Por 10.000 habitantes,55.6
2016,Médico/a,Hombre,Gipuzkoa,Por 10.000 habitantes,53.7
2015,Médico/a,Hombre,Gipuzkoa,Por 10.000 habitantes,53.5
2024,Médico/a,Hombre,Gipuzkoa,Por 10.000 habitantes,55.6
2013,Médico/a,Hombre,Gipuzkoa,Por 10.000 habitantes,53.4
2011,Médico/a,Hombre,Gipuzkoa,Por 10.000 habitantes,53.1
2010,Médico/a,Hombre,Gipuzkoa,Por 10.000 habitantes,53.1
2014,Médico/a,Hombre,Gipuzkoa,Por 10.000 habitantes,53.9
2012,Médico/a,Hombre,Gipuzkoa,Por 10.000 habitantes,53.5
2011,Profesionales de enfermería y obstetricia,,,Por 10.000 habitantes,70.2
2015,Profesionales de enfermería y obstetricia,,,Por 10.000 habitantes,73.5
2020,Profesionales de enfermería y obstetricia,,,Por 10.000 habitantes,78.4
2012,Profesionales de enfermería y obstetricia,,,Por 10.000 habitantes,70.3
2023,Profesionales de enfermería y obstetricia,,,Por 10.000 habitantes,89.6
2022,Profesionales de enfermería y obstetricia,,,Por 10.000 habitantes,80.0
2019,Profesionales de enfermería y obstetricia,,,Por 10.000 habitantes,76.9
2021,Profesionales de enfermería y obstetricia,,,Por 10.000 habitantes,79.1
2018,Profesionales de enfermería y obstetricia,,,Por 10.000 habitantes,76.1
2024,Profesionales de enfermería y obstetricia,,,Por 10.000 habitantes,88.9
2017,Profesionales de enfermería y obstetricia,,,Por 10.000 habitantes,75.3
2016,Profesionales de enfermería y obstetricia,,,Por 10.000 habitantes,74.7
2013,Profesionales de enfermería y obstetricia,,,Por 10.000 habitantes,70.5
2010,Profesionales de enfermería y obstetricia,,,Por 10.000 habitantes,68.1
2014,Profesionales de enfermería y obstetricia,,,Por 10.000 habitantes,72.1
2019,Profesionales de enfermería y obstetricia,,Araba/Álava,Por 10.000 habitantes,86.4
2013,Profesionales de enfermería y obstetricia,,Araba/Álava,Por 10.000 habitantes,78.4
2012,Profesionales de enfermería y obstetricia,,Araba/Álava,Por 10.000 habitantes,77.6
2014,Profesionales de enfermería y obstetricia,,Araba/Álava,Por 10.000 habitantes,81.1
2015,Profesionales de enfermería y obstetricia,,Araba/Álava,Por 10.000 habitantes,82.7
2011,Profesionales de enfermería y obstetricia,,Araba/Álava,Por 10.000 habitantes,77.2
2020,Profesionales de enfermería y obstetricia,,Araba/Álava,Por 10.000 habitantes,87.5
2022,Profesionales de enfermería y obstetricia,,Araba/Álava,Por 10.000 habitantes,89.0
2018,Profesionales de enfermería y obstetricia,,Araba/Álava,Por 10.000 habitantes,87.4
2024,Profesionales de enfermería y obstetricia,,Araba/Álava,Por 10.000 habitantes,89.4
2023,Profesionales de enfermería y obstetricia,,Araba/Álava,Por 10.000 habitantes,89.5
2021,Profesionales de enfermería y obstetricia,,Araba/Álava,Por 10.000 habitantes,88.6
2016,Profesionales de enfermería y obstetricia,,Araba/Álava,Por 10.000 habitantes,84.2
2017,Profesionales de enfermería y obstetricia,,Araba/Álava,Por 10.000 habitantes,86.0
2010,Profesionales de enfermería y obstetricia,,Araba/Álava,Por 10.000 habitantes,75.4
2013,Profesionales de enfermería y obstetricia,,Bizkaia,Por 10.000 habitantes,68.6
2016,Profesionales de enfermería y obstetricia,,Bizkaia,Por 10.000 habitantes,73.3
2014,Profesionales de enfermería y obstetricia,,Bizkaia,Por 10.000 habitantes,70.1
2012,Profesionales de enfermería y obstetricia,,Bizkaia,Por 10.000 habitantes,68.4
2023,Profesionales de enfermería y obstetricia,,Bizkaia,Por 10.000 habitantes,81.2
2010,Profesionales de enfermería y obstetricia,,Bizkaia,Por 10.000 habitantes,65.4
2017,Profesionales de enfermería y obstetricia,,Bizkaia,Por 10.000 habitantes,74.2
2024,Profesionales de enfermería y obstetricia,,Bizkaia,Por 10.000 habitantes,82.4
2022,Profesionales de enfermería y obstetricia,,Bizkaia,Por 10.000 habitantes,79.6
2020,Profesionales de enfermería y obstetricia,,Bizkaia,Por 10.000 habitantes,77.9
2018,Profesionales de enfermería y obstetricia,,Bizkaia,Por 10.000 habitantes,75.3
2021,Profesionales de enfermería y obstetricia,,Bizkaia,Por 10.000 habitantes,78.7
2015,Profesionales de enfermería y obstetricia,,Bizkaia,Por 10.000 habitantes,71.9
2011,Profesionales de enfermería y obstetricia,,Bizkaia,Por 10.000 habitantes,67.9
2019,Profesionales de enfermería y obstetricia,,Bizkaia,Por 10.000 habitantes,76.2
2013,Profesionales de enfermería y obstetricia,,Gipuzkoa,Por 10.000 habitantes,70.0
2015,Profesionales de enfermería y obstetricia,,Gipuzkoa,Por 10.000 habitantes,72.0
2019,Profesionales de enfermería y obstetricia,,Gipuzkoa,Por 10.000 habitantes,73.7
2011,Profesionales de enfermería y obstetricia,,Gipuzkoa,Por 10.000 habitantes,70.8
2016,Profesionales de enfermería y obstetricia,,Gipuzkoa,Por 10.000 habitantes,72.6
2020,Profesionales de enfermería y obstetricia,,Gipuzkoa,Por 10.000 habitantes,75.0
2014,Profesionales de enfermería y obstetricia,,Gipuzkoa,Por 10.000 habitantes,71.3
2022,Profesionales de enfermería y obstetricia,,Gipuzkoa,Por 10.000 habitantes,76.4
2012,Profesionales de enfermería y obstetricia,,Gipuzkoa,Por 10.000 habitantes,70.1
2018,Profesionales de enfermería y obstetricia,,Gipuzkoa,Por 10.000 habitantes,72.3
2010,Profesionales de enfermería y obstetricia,,Gipuzkoa,Por 10.000 habitantes,69.3
2024,Profesionales de enfermería y obstetricia,,Gipuzkoa,Por 10.000 habitantes,98.9
2023,Profesionales de enfermería y obstetricia,,Gipuzkoa,Por 10.000 habitantes,103.2
2021,Profesionales de enfermería y obstetricia,,Gipuzkoa,Por 10.000 habitantes,75.4
2017,Profesionales de enfermería y obstetricia,,Gipuzkoa,Por 10.000 habitantes,72.3
2011,Profesionales de enfermería y obstetricia,Mujer,,Por 10.000 habitantes,123.3
2022,Profesionales de enfermería y obstetricia,Mujer,,Por 10.000 habitantes,138.1
2024,Profesionales de enfermería y obstetricia,Mujer,,Por 10.000 habitantes,153.5
2015,Profesionales de enfermería y obstetricia,Mujer,,Por 10.000 habitantes,129.6
2021,Profesionales de enfermería y obstetricia,Mujer,,Por 10.000 habitantes,136.9
2014,Profesionales de enfermería y obstetricia,Mujer,,Por 10.000 habitantes,127.4
2013,Profesionales de enfermería y obstetricia,Mujer,,Por 10.000 habitantes,124.8
2019,Profesionales de enfermería y obstetricia,Mujer,,Por 10.000 habitantes,134.0
2016,Profesionales de enfermería y obstetricia,Mujer,,Por 10.000 habitantes,131.2
2010,Profesionales de enfermería y obstetricia,Mujer,,Por 10.000 habitantes,121.2
2020,Profesionales de enfermería y obstetricia,Mujer,,Por 10.000 habitantes,135.8
2018,Profesionales de enfermería y obstetricia,Mujer,,Por 10.000 habitantes,133.1
2023,Profesionales de enfermería y obstetricia,Mujer,,Por 10.000 habitantes,154.4
2017,Profesionales de enfermería y obstetricia,Mujer,,Por 10.000 habitantes,132.2
2012,Profesionales de enfermería y obstetricia,Mujer,,Por 10.000 habitantes,123.5
2024,Profesionales de enfermería y obstetricia,Mujer,Araba/Álava,Por 10.000 habitantes,155.3
2017,Profesionales de enfermería y obstetricia,Mujer,Araba/Álava,Por 10.000 habitantes,154.5
2010,Profesionales de enfermería y obstetricia,Mujer,Araba/Álava,Por 10.000 habitantes,138.2
2018,Profesionales de enfermería y obstetricia,Mujer,Araba/Álava,Por 10.000 habitantes,156.3
2022,Profesionales de enfermería y obstetricia,Mujer,Araba/Álava,Por 10.000 habitantes,155.9
2019,Profesionales de enfermería y obstetricia,Mujer,Araba/Álava,Por 10.000 habitantes,153.5
2011,Profesionales de enfermería y obstetricia,Mujer,Araba/Álava,Por 10.000 habitantes,141.7
2013,Profesionales de enfermería y obstetricia,Mujer,Araba/Álava,Por 10.000 habitantes,143.3
2016,Profesionales de enfermería y obstetricia,Mujer,Araba/Álava,Por 10.000 habitantes,151.9
2020,Profesionales de enfermería y obstetricia,Mujer,Araba/Álava,Por 10.000 habitantes,154.7
2014,Profesionales de enfermería y obstetricia,Mujer,Araba/Álava,Por 10.000 habitantes,147.2
2012,Profesionales de enfermería y obstetricia,Mujer,Araba/Álava,Por 10.000 habitantes,142.4
2023,Profesionales de enfermería y obstetricia,Mujer,Araba/Álava,Por 10.000 habitantes,156.3
2021,Profesionales de enfermería y obstetricia,Mujer,Araba/Álava,Por 10.000 habitantes,155.3
2015,Profesionales de enfermería y obstetricia,Mujer,Araba/Álava,Por 10.000 habitantes,150.0
2012,Profesionales de enfermería y obstetricia,Mujer,Bizkaia,Por 10.000 habitantes,117.4
2016,Profesionales de enfermería y obstetricia,Mujer,Bizkaia,Por 10.000 habitantes,125.0
2017,Profesionales de enfermería y obstetricia,Mujer,Bizkaia,Por 10.000 habitantes,126.4
2023,Profesionales de enfermería y obstetricia,Mujer,Bizkaia,Por 10.000 habitantes,135.6
2010,Profesionales de enfermería y obstetricia,Mujer,Bizkaia,Por 10.000 habitantes,112.5
2019,Profesionales de enfermería y obstetricia,Mujer,Bizkaia,Por 10.000 habitantes,128.9
2015,Profesionales de enfermería y obstetricia,Mujer,Bizkaia,Por 10.000 habitantes,122.9
2011,Profesionales de enfermería y obstetricia,Mujer,Bizkaia,Por 10.000 habitantes,116.6
2020,Profesionales de enfermería y obstetricia,Mujer,Bizkaia,Por 10.000 habitantes,130.9
2022,Profesionales de enfermería y obstetricia,Mujer,Bizkaia,Por 10.000 habitantes,133.4
2018,Profesionales de enfermería y obstetricia,Mujer,Bizkaia,Por 10.000 habitantes,128.0
2013,Profesionales de enfermería y obstetricia,Mujer,Bizkaia,Por 10.000 habitantes,117.7
2024,Profesionales de enfermería y obstetricia,Mujer,Bizkaia,Por 10.000 habitantes,137.5
2014,Profesionales de enfermería y obstetricia,Mujer,Bizkaia,Por 10.000 habitantes,120.1
2021,Profesionales de enfermería y obstetricia,Mujer,Bizkaia,Por 10.000 habitantes,132.2
2013,Profesionales de enfermería y obstetricia,Mujer,Gipuzkoa,Por 10.000 habitantes,128.3
2015,Profesionales de enfermería y obstetricia,Mujer,Gipuzkoa,Por 10.000 habitantes,131.4
2019,Profesionales de enfermería y obstetricia,Mujer,Gipuzkoa,Por 10.000 habitantes,133.4
2011,Profesionales de enfermería y obstetricia,Mujer,Gipuzkoa,Por 10.000 habitantes,126.1
2016,Profesionales de enfermería y obstetricia,Mujer,Gipuzkoa,Por 10.000 habitantes,132.2
2014,Profesionales de enfermería y obstetricia,Mujer,Gipuzkoa,Por 10.000 habitantes,130.6
2012,Profesionales de enfermería y obstetricia,Mujer,Gipuzkoa,Por 10.000 habitantes,125.1
2010,Profesionales de enfermería y obstetricia,Mujer,Gipuzkoa,Por 10.000 habitantes,128.2
2024,Profesionales de enfermería y obstetricia,Mujer,Gipuzkoa,Por 10.000 habitantes,178.3
2023,Profesionales de enfermería y obstetricia,Mujer,Gipuzkoa,Por 10.000 habitantes,183.7
2017,Profesionales de enfermería y obstetricia,Mujer,Gipuzkoa,Por 10.000 habitantes,131.4
2021,Profesionales de enfermería y obstetricia,Mujer,Gipuzkoa,Por 10.000 habitantes,136.0
2018,Profesionales de enfermería y obstetricia,Mujer,Gipuzkoa,Por 10.000 habitantes,131.0
2022,Profesionales de enfermería y obstetricia,Mujer,Gipuzkoa,Por 10.000 habitantes,137.4
2020,Profesionales de enfermería y obstetricia,Mujer,Gipuzkoa,Por 10.000 habitantes,135.2
2024,Profesionales de enfermería y obstetricia,Hombre,,Por 10.000 habitantes,20.3
2011,Profesionales de enfermería y obstetricia,Hombre,,Por 10.000 habitantes,14.5
2020,Profesionales de enfermería y obstetricia,Hombre,,Por 10.000 habitantes,17.5
2012,Profesionales de enfermería y obstetricia,Hombre,,Por 10.000 habitantes,14.5
2013,Profesionales de enfermería y obstetricia,Hombre,,Por 10.000 habitantes,13.4
2014,Profesionales de enfermería y obstetricia,Hombre,,Por 10.000 habitantes,13.9
2017,Profesionales de enfermería y obstetricia,Hombre,,Por 10.000 habitantes,15.1
2018,Profesionales de enfermería y obstetricia,Hombre,,Por 10.000 habitantes,15.6
2021,Profesionales de enfermería y obstetricia,Hombre,,Por 10.000 habitantes,17.8
2023,Profesionales de enfermería y obstetricia,Hombre,,Por 10.000 habitantes,20.9
2016,Profesionales de enfermería y obstetricia,Hombre,,Por 10.000 habitantes,14.9
2010,Profesionales de enfermería y obstetricia,Hombre,,Por 10.000 habitantes,12.5
2022,Profesionales de enfermería y obstetricia,Hombre,,Por 10.000 habitantes,18.3
2015,Profesionales de enfermería y obstetricia,Hombre,,Por 10.000 habitantes,14.3
2019,Profesionales de enfermería y obstetricia,Hombre,,Por 10.000 habitantes,16.4
2023,Profesionales de enfermería y obstetricia,Hombre,Araba/Álava,Por 10.000 habitantes,20.2
2022,Profesionales de enfermería y obstetricia,Hombre,Araba/Álava,Por 10.000 habitantes,19.6
2015,Profesionales de enfermería y obstetricia,Hombre,Araba/Álava,Por 10.000 habitantes,13.9
2019,Profesionales de enfermería y obstetricia,Hombre,Araba/Álava,Por 10.000 habitantes,17.1
2011,Profesionales de enfermería y obstetricia,Hombre,Araba/Álava,Por 10.000 habitantes,12.3
2016,Profesionales de enfermería y obstetricia,Hombre,Araba/Álava,Por 10.000 habitantes,14.8
2020,Profesionales de enfermería y obstetricia,Hombre,Araba/Álava,Por 10.000 habitantes,18.0
2014,Profesionales de enfermería y obstetricia,Hombre,Araba/Álava,Por 10.000 habitantes,13.7
2010,Profesionales de enfermería y obstetricia,Hombre,Araba/Álava,Por 10.000 habitantes,12.3
2024,Profesionales de enfermería y obstetricia,Hombre,Araba/Álava,Por 10.000 habitantes,21.0
2021,Profesionales de enfermería y obstetricia,Hombre,Araba/Álava,Por 10.000 habitantes,19.5
2017,Profesionales de enfermería y obstetricia,Hombre,Araba/Álava,Por 10.000 habitantes,15.5
2012,Profesionales de enfermería y obstetricia,Hombre,Araba/Álava,Por 10.000 habitantes,12.4
2013,Profesionales de enfermería y obstetricia,Hombre,Araba/Álava,Por 10.000 habitantes,12.6
2018,Profesionales de enfermería y obstetricia,Hombre,Araba/Álava,Por 10.000 habitantes,16.4
2013,Profesionales de enfermería y obstetricia,Hombre,Bizkaia,Por 10.000 habitantes,16.2
2015,Profesionales de enfermería y obstetricia,Hombre,Bizkaia,Por 10.000 habitantes,17.0
2019,Profesionales de enfermería y obstetricia,Hombre,Bizkaia,Por 10.000 habitantes,19.4
2011,Profesionales de enfermería y obstetricia,Hombre,Bizkaia,Por 10.000 habitantes,15.9
2020,Profesionales de enfermería y obstetricia,Hombre,Bizkaia,Por 10.000 habitantes,20.8
2014,Profesionales de enfermería y obstetricia,Hombre,Bizkaia,Por 10.000 habitantes,16.5
2022,Profesionales de enfermería y obstetricia,Hombre,Bizkaia,Por 10.000 habitantes,21.6
2012,Profesionales de enfermería y obstetricia,Hombre,Bizkaia,Por 10.000 habitantes,16.1
2018,Profesionales de enfermería y obstetricia,Hombre,Bizkaia,Por 10.000 habitantes,18.5
2010,Profesionales de enfermería y obstetricia,Hombre,Bizkaia,Por 10.000 habitantes,15.2
2024,Profesionales de enfermería y obstetricia,Hombre,Bizkaia,Por 10.000 habitantes,23.1
2023,Profesionales de enfermería y obstetricia,Hombre,Bizkaia,Por 10.000 habitantes,22.5
2021,Profesionales de enfermería y obstetricia,Hombre,Bizkaia,Por 10.000 habitantes,21.0
2017,Profesionales de enfermería y obstetricia,Hombre,Bizkaia,Por 10.000 habitantes,17.9
2016,Profesionales de enfermería y obstetricia,Hombre,Bizkaia,Por 10.000 habitantes,17.6
2024,Profesionales de enfermería y obstetricia,Hombre,Gipuzkoa,Por 10.000 habitantes,15.6
2015,Profesionales de enfermería y obstetricia,Hombre,Gipuzkoa,Por 10.000 habitantes,10.1
2013,Profesionales de enfermería y obstetricia,Hombre,Gipuzkoa,Por 10.000 habitantes,9.4
2019,Profesionales de enfermería y obstetricia,Hombre,Gipuzkoa,Por 10.000 habitantes,11.3
2011,Profesionales de enfermería y obstetricia,Hombre,Gipuzkoa,Por 10.000 habitantes,13.3
2016,Profesionales de enfermería y obstetricia,Hombre,Gipuzkoa,Por 10.000 habitantes,10.5
2020,Profesionales de enfermería y obstetricia,Hombre,Gipuzkoa,Por 10.000 habitantes,12.0
2014,Profesionales de enfermería y obstetricia,Hombre,Gipuzkoa,Por 10.000 habitantes,9.7
2022,Profesionales de enfermería y obstetricia,Hombre,Gipuzkoa,Por 10.000 habitantes,12.5
2012,Profesionales de enfermería y obstetricia,Hombre,Gipuzkoa,Por 10.000 habitantes,12.9
2018,Profesionales de enfermería y obstetricia,Hombre,Gipuzkoa,Por 10.000 habitantes,10.7
2010,Profesionales de enfermería y obstetricia,Hombre,Gipuzkoa,Por 10.000 habitantes,8.1
2023,Profesionales de enfermería y obstetricia,Hombre,Gipuzkoa,Por 10.000 habitantes,18.7
2021,Profesionales de enfermería y obstetricia,Hombre,Gipuzkoa,Por 10.000 habitantes,12.1
2017,Profesionales de enfermería y obstetricia,Hombre,Gipuzkoa,Por 10.000 habitantes,10.4
2017,Dentista,,,Por 10.000 habitantes,8.5
2013,Dentista,,,Por 10.000 habitantes,7.8
2020,Dentista,,,Por 10.000 habitantes,8.7
2016,Dentista,,,Por 10.000 habitantes,8.4
2014,Dentista,,,Por 10.000 habitantes,7.9
2022,Dentista,,,Por 10.000 habitantes,9.0
2010,Dentista,,,Por 10.000 habitantes,7.3
2021,Dentista,,,Por 10.000 habitantes,9.0
2023,Dentista,,,Por 10.000 habitantes,9.1
2019,Dentista,,,Por 10.000 habitantes,8.7
2011,Dentista,,,Por 10.000 habitantes,7.4
2018,Dentista,,,Por 10.000 habitantes,8.6
2012,Dentista,,,Por 10.000 habitantes,7.6
2024,Dentista,,,Por 10.000 habitantes,9.1
2015,Dentista,,,Por 10.000 habitantes,8.2
2016,Dentista,,Araba/Álava,Por 10.000 habitantes,6.5
2024,Dentista,,Araba/Álava,Por 10.000 habitantes,6.7
2015,Dentista,,Araba/Álava,Por 10.000 habitantes,6.5
2012,Dentista,,Araba/Álava,Por 10.000 habitantes,5.7
2017,Dentista,,Araba/Álava,Por 10.000 habitantes,6.3
2020,Dentista,,Araba/Álava,Por 10.000 habitantes,6.7
2014,Dentista,,Araba/Álava,Por 10.000 habitantes,6.3
2021,Dentista,,Araba/Álava,Por 10.000 habitantes,6.6
2010,Dentista,,Araba/Álava,Por 10.000 habitantes,5.6
2023,Dentista,,Araba/Álava,Por 10.000 habitantes,6.4
2013,Dentista,,Araba/Álava,Por 10.000 habitantes,6.0
2019,Dentista,,Araba/Álava,Por 10.000 habitantes,6.7
2022,Dentista,,Araba/Álava,Por 10.000 habitantes,6.4
2011,Dentista,,Araba/Álava,Por 10.000 habitantes,5.8
2018,Dentista,,Araba/Álava,Por 10.000 habitantes,6.4
2016,Dentista,,Bizkaia,Por 10.000 habitantes,8.7
2012,Dentista,,Bizkaia,Por 10.000 habitantes,7.9
2017,Dentista,,Bizkaia,Por 10.000 habitantes,8.9
2021,Dentista,,Bizkaia,Por 10.000 habitantes,9.2
2015,Dentista,,Bizkaia,Por 10.000 habitantes,8.5
2013,Dentista,,Bizkaia,Por 10.000 habitantes,8.1
2019,Dentista,,Bizkaia,Por 10.000 habitantes,9.1
2011,Dentista,,Bizkaia,Por 10.000 habitantes,7.9
2024,Dentista,,Bizkaia,Por 10.000 habitantes,9.2
2022,Dentista,,Bizkaia,Por 10.000 habitantes,9.3
2018,Dentista,,Bizkaia,Por 10.000 habitantes,9.1
2010,Dentista,,Bizkaia,Por 10.000 habitantes,7.7
2023,Dentista,,Bizkaia,Por 10.000 habitantes,9.3
2014,Dentista,,Bizkaia,Por 10.000 habitantes,8.3
2020,Dentista,,Bizkaia,Por 10.000 habitantes,9.1
2010,Dentista,,Gipuzkoa,Por 10.000 habitantes,7.3
2014,Dentista,,Gipuzkoa,Por 10.000 habitantes,8.0
2016,Dentista,,Gipuzkoa,Por 10.000 habitantes,8.7
2020,Dentista,,Gipuzkoa,Por 10.000 habitantes,9.1
2012,Dentista,,Gipuzkoa,Por 10.000 habitantes,8.0
2017,Dentista,,Gipuzkoa,Por 10.000 habitantes,8.7
2021,Dentista,,Gipuzkoa,Por 10.000 habitantes,9.7
2015,Dentista,,Gipuzkoa,Por 10.000 habitantes,8.5
2023,Dentista,,Gipuzkoa,Por 10.000 habitantes,10.0
2013,Dentista,,Gipuzkoa,Por 10.000 habitantes,8.1
2019,Dentista,,Gipuzkoa,Por 10.000 habitantes,8.9
2022,Dentista,,Gipuzkoa,Por 10.000 habitantes,9.8
2024,Dentista,,Gipuzkoa,Por 10.000 habitantes,10.1
2011,Dentista,,Gipuzkoa,Por 10.000 habitantes,7.3
2018,Dentista,,Gipuzkoa,Por 10.000 habitantes,8.8
2023,Dentista,Mujer,,Por 10.000 habitantes,11.6
2012,Dentista,Mujer,,Por 10.000 habitantes,9.0
2019,Dentista,Mujer,,Por 10.000 habitantes,10.7
2021,Dentista,Mujer,,Por 10.000 habitantes,11.3
2011,Dentista,Mujer,,Por 10.000 habitantes,6.9
2022,Dentista,Mujer,,Por 10.000 habitantes,11.4
2014,Dentista,Mujer,,Por 10.000 habitantes,9.5
2020,Dentista,Mujer,,Por 10.000 habitantes,11.1
2015,Dentista,Mujer,,Por 10.000 habitantes,9.9
2018,Dentista,Mujer,,Por 10.000 habitantes,10.7
2013,Dentista,Mujer,,Por 10.000 habitantes,9.3
2016,Dentista,Mujer,,Por 10.000 habitantes,10.2
2017,Dentista,Mujer,,Por 10.000 habitantes,10.4
2010,Dentista,Mujer,,Por 10.000 habitantes,6.8
2024,Dentista,Mujer,,Por 10.000 habitantes,11.7
2016,Dentista,Mujer,Araba/Álava,Por 10.000 habitantes,8.3
2012,Dentista,Mujer,Araba/Álava,Por 10.000 habitantes,7.2
2023,Dentista,Mujer,Araba/Álava,Por 10.000 habitantes,8.2
2017,Dentista,Mujer,Araba/Álava,Por 10.000 habitantes,7.9
2010,Dentista,Mujer,Araba/Álava,Por 10.000 habitantes,5.4
2014,Dentista,Mujer,Araba/Álava,Por 10.000 habitantes,8.0
2020,Dentista,Mujer,Araba/Álava,Por 10.000 habitantes,8.5
2015,Dentista,Mujer,Araba/Álava,Por 10.000 habitantes,8.2
2024,Dentista,Mujer,Araba/Álava,Por 10.000 habitantes,8.7
2018,Dentista,Mujer,Araba/Álava,Por 10.000 habitantes,8.0
2019,Dentista,Mujer,Araba/Álava,Por 10.000 habitantes,8.5
2011,Dentista,Mujer,Araba/Álava,Por 10.000 habitantes,5.6
2022,Dentista,Mujer,Araba/Álava,Por 10.000 habitantes,8.1
2021,Dentista,Mujer,Araba/Álava,Por 10.000 habitantes,8.2
2013,Dentista,Mujer,Araba/Álava,Por 10.000 habitantes,7.7
2019,Dentista,Mujer,Bizkaia,Por 10.000 habitantes,11.3
2021,Dentista,Mujer,Bizkaia,Por 10.000 habitantes,11.7
2010,Dentista,Mujer,Bizkaia,Por 10.000 habitantes,7.2
2014,Dentista,Mujer,Bizkaia,Por 10.000 habitantes,9.7
2016,Dentista,Mujer,Bizkaia,Por 10.000 habitantes,10.4
2020,Dentista,Mujer,Bizkaia,Por 10.000 habitantes,11.4
2017,Dentista,Mujer,Bizkaia,Por 10.000 habitantes,10.8
2015,Dentista,Mujer,Bizkaia,Por 10.000 habitantes,10.1
2023,Dentista,Mujer,Bizkaia,Por 10.000 habitantes,11.9
2013,Dentista,Mujer,Bizkaia,Por 10.000 habitantes,9.4
2011,Dentista,Mujer,Bizkaia,Por 10.000 habitantes,7.3
2024,Dentista,Mujer,Bizkaia,Por 10.000 habitantes,12.0
2022,Dentista,Mujer,Bizkaia,Por 10.000 habitantes,11.9
2018,Dentista,Mujer,Bizkaia,Por 10.000 habitantes,11.2
2012,Dentista,Mujer,Bizkaia,Por 10.000 habitantes,9.2
2018,Dentista,Mujer,Gipuzkoa,Por 10.000 habitantes,11.1
2015,Dentista,Mujer,Gipuzkoa,Por 10.000 habitantes,10.3
2010,Dentista,Mujer,Gipuzkoa,Por 10.000 habitantes,6.7
2014,Dentista,Mujer,Gipuzkoa,Por 10.000 habitantes,9.8
2016,Dentista,Mujer,Gipuzkoa,Por 10.000 habitantes,10.7
2020,Dentista,Mujer,Gipuzkoa,Por 10.000 habitantes,11.8
2012,Dentista,Mujer,Gipuzkoa,Por 10.000 habitantes,9.5
2017,Dentista,Mujer,Gipuzkoa,Por 10.000 habitantes,10.8
2021,Dentista,Mujer,Gipuzkoa,Por 10.000 habitantes,12.1
2023,Dentista,Mujer,Gipuzkoa,Por 10.000 habitantes,12.6
2013,Dentista,Mujer,Gipuzkoa,Por 10.000 habitantes,9.6
2019,Dentista,Mujer,Gipuzkoa,Por 10.000 habitantes,10.6
2024,Dentista,Mujer,Gipuzkoa,Por 10.000 habitantes,12.8
2022,Dentista,Mujer,Gipuzkoa,Por 10.000 habitantes,12.2
2011,Dentista,Mujer,Gipuzkoa,Por 10.000 habitantes,6.7
2014,Dentista,Hombre,,Por 10.000 habitantes,6.2
2015,Dentista,Hombre,,Por 10.000 habitantes,6.4
2012,Dentista,Hombre,,Por 10.000 habitantes,6.1
2024,Dentista,Hombre,,Por 10.000 habitantes,6.3
2010,Dentista,Hombre,,Por 10.000 habitantes,7.8
2016,Dentista,Hombre,,Por 10.000 habitantes,6.4
2021,Dentista,Hombre,,Por 10.000 habitantes,6.5
2020,Dentista,Hombre,,Por 10.000 habitantes,6.2
2019,Dentista,Hombre,,Por 10.000 habitantes,6.6
2022,Dentista,Hombre,,Por 10.000 habitantes,6.5
2011,Dentista,Hombre,,Por 10.000 habitantes,7.9
2013,Dentista,Hombre,,Por 10.000 habitantes,6.2
2018,Dentista,Hombre,,Por 10.000 habitantes,6.4
2017,Dentista,Hombre,,Por 10.000 habitantes,6.4
2023,Dentista,Hombre,,Por 10.000 habitantes,6.4
2016,Dentista,Hombre,Araba/Álava,Por 10.000 habitantes,4.7
2021,Dentista,Hombre,Araba/Álava,Por 10.000 habitantes,5.0
2015,Dentista,Hombre,Araba/Álava,Por 10.000 habitantes,4.7
2022,Dentista,Hombre,Araba/Álava,Por 10.000 habitantes,4.7
2020,Dentista,Hombre,Araba/Álava,Por 10.000 habitantes,4.9
2013,Dentista,Hombre,Araba/Álava,Por 10.000 habitantes,4.3
2024,Dentista,Hombre,Araba/Álava,Por 10.000 habitantes,4.7
2018,Dentista,Hombre,Araba/Álava,Por 10.000 habitantes,4.7
2019,Dentista,Hombre,Araba/Álava,Por 10.000 habitantes,5.0
2011,Dentista,Hombre,Araba/Álava,Por 10.000 habitantes,6.0
2012,Dentista,Hombre,Araba/Álava,Por 10.000 habitantes,4.2
2023,Dentista,Hombre,Araba/Álava,Por 10.000 habitantes,4.6
2014,Dentista,Hombre,Araba/Álava,Por 10.000 habitantes,4.5
2010,Dentista,Hombre,Araba/Álava,Por 10.000 habitantes,5.9
2017,Dentista,Hombre,Araba/Álava,Por 10.000 habitantes,4.6
2023,Dentista,Hombre,Bizkaia,Por 10.000 habitantes,6.4
2021,Dentista,Hombre,Bizkaia,Por 10.000 habitantes,6.5
2012,Dentista,Hombre,Bizkaia,Por 10.000 habitantes,6.4
2016,Dentista,Hombre,Bizkaia,Por 10.000 habitantes,6.8
2010,Dentista,Hombre,Bizkaia,Por 10.000 habitantes,8.3
2014,Dentista,Hombre,Bizkaia,Por 10.000 habitantes,6.7
2020,Dentista,Hombre,Bizkaia,Por 10.000 habitantes,6.5
2017,Dentista,Hombre,Bizkaia,Por 10.000 habitantes,6.9
2015,Dentista,Hombre,Bizkaia,Por 10.000 habitantes,6.8
2013,Dentista,Hombre,Bizkaia,Por 10.000 habitantes,6.6
2019,Dentista,Hombre,Bizkaia,Por 10.000 habitantes,6.8
2011,Dentista,Hombre,Bizkaia,Por 10.000 habitantes,8.4
2024,Dentista,Hombre,Bizkaia,Por 10.000 habitantes,6.2
2022,Dentista,Hombre,Bizkaia,Por 10.000 habitantes,6.5
2018,Dentista,Hombre,Bizkaia,Por 10.000 habitantes,6.8
2010,Dentista,Hombre,Gipuzkoa,Por 10.000 habitantes,7.9
2015,Dentista,Hombre,Gipuzkoa,Por 10.000 habitantes,6.6
2022,Dentista,Hombre,Gipuzkoa,Por 10.000 habitantes,7.3
2018,Dentista,Hombre,Gipuzkoa,Por 10.000 habitantes,6.5
2024,Dentista,Hombre,Gipuzkoa,Por 10.000 habitantes,7.2
2014,Dentista,Hombre,Gipuzkoa,Por 10.000 habitantes,6.1
2011,Dentista,Hombre,Gipuzkoa,Por 10.000 habitantes,8.0
2013,Dentista,Hombre,Gipuzkoa,Por 10.000 habitantes,6.5
2016,Dentista,Hombre,Gipuzkoa,Por 10.000 habitantes,6.6
2020,Dentista,Hombre,Gipuzkoa,Por 10.000 habitantes,6.4
2012,Dentista,Hombre,Gipuzkoa,Por 10.000 habitantes,6.5
2017,Dentista,Hombre,Gipuzkoa,Por 10.000 habitantes,6.5
2021,Dentista,Hombre,Gipuzkoa,Por 10.000 habitantes,7.2
2023,Dentista,Hombre,Gipuzkoa,Por 10.000 habitantes,7.3
2019,Dentista,Hombre,Gipuzkoa,Por 10.000 habitantes,7.0
2013,Farmaceútico/a,,,Por 10.000 habitantes,14.4
2015,Farmaceútico/a,,,Por 10.000 habitantes,14.9
2017,Farmaceútico/a,,,Por 10.000 habitantes,15.6
2010,Farmaceútico/a,,,Por 10.000 habitantes,13.6
2012,Farmaceútico/a,,,Por 10.000 habitantes,14.1
2023,Farmaceútico/a,,,Por 10.000 habitantes,16.7
2011,Farmaceútico/a,,,Por 10.000 habitantes,13.8
2022,Farmaceútico/a,,,Por 10.000 habitantes,16.8
2021,Farmaceútico/a,,,Por 10.000 habitantes,16.4
2020,Farmaceútico/a,,,Por 10.000 habitantes,16.2
2024,Farmaceútico/a,,,Por 10.000 habitantes,16.7
2016,Farmaceútico/a,,,Por 10.000 habitantes,15.4
2014,Farmaceútico/a,,,Por 10.000 habitantes,14.7
2018,Farmaceútico/a,,,Por 10.000 habitantes,15.9
2019,Farmaceútico/a,,,Por 10.000 habitantes,16.0
2013,Farmaceútico/a,,Araba/Álava,Por 10.000 habitantes,14.7
2016,Farmaceútico/a,,Araba/Álava,Por 10.000 habitantes,15.7
2015,Farmaceútico/a,,Araba/Álava,Por 10.000 habitantes,15.2
2011,Farmaceútico/a,,Araba/Álava,Por 10.000 habitantes,14.1
2022,Farmaceútico/a,,Araba/Álava,Por 10.000 habitantes,17.3
2012,Farmaceútico/a,,Araba/Álava,Por 10.000 habitantes,14.4
2018,Farmaceútico/a,,Araba/Álava,Por 10.000 habitantes,16.0
2021,Farmaceútico/a,,Araba/Álava,Por 10.000 habitantes,16.5
2014,Farmaceútico/a,,Araba/Álava,Por 10.000 habitantes,15.0
2010,Farmaceútico/a,,Araba/Álava,Por 10.000 habitantes,13.8
2017,Farmaceútico/a,,Araba/Álava,Por 10.000 habitantes,15.8
2024,Farmaceútico/a,,Araba/Álava,Por 10.000 habitantes,17.3
2023,Farmaceútico/a,,Araba/Álava,Por 10.000 habitantes,17.1
2020,Farmaceútico/a,,Araba/Álava,Por 10.000 habitantes,16.5
2019,Farmaceútico/a,,Araba/Álava,Por 10.000 habitantes,16.2
2013,Farmaceútico/a,,Bizkaia,Por 10.000 habitantes,14.5
2015,Farmaceútico/a,,Bizkaia,Por 10.000 habitantes,15.2
2019,Farmaceútico/a,,Bizkaia,Por 10.000 habitantes,16.0
2011,Farmaceútico/a,,Bizkaia,Por 10.000 habitantes,14.1
2016,Farmaceútico/a,,Bizkaia,Por 10.000 habitantes,15.6
2020,Farmaceútico/a,,Bizkaia,Por 10.000 habitantes,16.1
2014,Farmaceútico/a,,Bizkaia,Por 10.000 habitantes,14.8
2022,Farmaceútico/a,,Bizkaia,Por 10.000 habitantes,16.6
2012,Farmaceútico/a,,Bizkaia,Por 10.000 habitantes,14.2
2018,Farmaceútico/a,,Bizkaia,Por 10.000 habitantes,16.0
2010,Farmaceútico/a,,Bizkaia,Por 10.000 habitantes,14.0
2024,Farmaceútico/a,,Bizkaia,Por 10.000 habitantes,16.5
2023,Farmaceútico/a,,Bizkaia,Por 10.000 habitantes,16.5
2021,Farmaceútico/a,,Bizkaia,Por 10.000 habitantes,16.4
2017,Farmaceútico/a,,Bizkaia,Por 10.000 habitantes,15.8
2013,Farmaceútico/a,,Gipuzkoa,Por 10.000 habitantes,14.0
2015,Farmaceútico/a,,Gipuzkoa,Por 10.000 habitantes,14.5
2019,Farmaceútico/a,,Gipuzkoa,Por 10.000 habitantes,15.9
2011,Farmaceútico/a,,Gipuzkoa,Por 10.000 habitantes,13.3
2016,Farmaceútico/a,,Gipuzkoa,Por 10.000 habitantes,14.9
2020,Farmaceútico/a,,Gipuzkoa,Por 10.000 habitantes,16.3
2014,Farmaceútico/a,,Gipuzkoa,Por 10.000 habitantes,14.5
2022,Farmaceútico/a,,Gipuzkoa,Por 10.000 habitantes,16.9
2012,Farmaceútico/a,,Gipuzkoa,Por 10.000 habitantes,13.7
2018,Farmaceútico/a,,Gipuzkoa,Por 10.000 habitantes,15.7
2010,Farmaceútico/a,,Gipuzkoa,Por 10.000 habitantes,12.9
2024,Farmaceútico/a,,Gipuzkoa,Por 10.000 habitantes,16.8
2023,Farmaceútico/a,,Gipuzkoa,Por 10.000 habitantes,16.8
2021,Farmaceútico/a,,Gipuzkoa,Por 10.000 habitantes,16.3
2017,Farmaceútico/a,,Gipuzkoa,Por 10.000 habitantes,15.2
2018,Farmaceútico/a,Mujer,,Por 10.000 habitantes,24.7
2010,Farmaceútico/a,Mujer,,Por 10.000 habitantes,21.3
2019,Farmaceútico/a,Mujer,,Por 10.000 habitantes,24.9
2015,Farmaceútico/a,Mujer,,Por 10.000 habitantes,23.3
2017,Farmaceútico/a,Mujer,,Por 10.000 habitantes,24.4
2020,Farmaceútico/a,Mujer,,Por 10.000 habitantes,25.3
2023,Farmaceútico/a,Mujer,,Por 10.000 habitantes,26.1
2014,Farmaceútico/a,Mujer,,Por 10.000 habitantes,22.9
2021,Farmaceútico/a,Mujer,,Por 10.000 habitantes,25.7
2022,Farmaceútico/a,Mujer,,Por 10.000 habitantes,26.3
2016,Farmaceútico/a,Mujer,,Por 10.000 habitantes,23.9
2024,Farmaceútico/a,Mujer,,Por 10.000 habitantes,26.1
2012,Farmaceútico/a,Mujer,,Por 10.000 habitantes,21.9
2011,Farmaceútico/a,Mujer,,Por 10.000 habitantes,21.7
2013,Farmaceútico/a,Mujer,,Por 10.000 habitantes,22.4
2017,Farmaceútico/a,Mujer,Araba/Álava,Por 10.000 habitantes,24.1
2014,Farmaceútico/a,Mujer,Araba/Álava,Por 10.000 habitantes,23.4
2020,Farmaceútico/a,Mujer,Araba/Álava,Por 10.000 habitantes,25.4
2018,Farmaceútico/a,Mujer,Araba/Álava,Por 10.000 habitantes,24.3
2013,Farmaceútico/a,Mujer,Araba/Álava,Por 10.000 habitantes,22.8
2019,Farmaceútico/a,Mujer,Araba/Álava,Por 10.000 habitantes,24.7
2023,Farmaceútico/a,Mujer,Araba/Álava,Por 10.000 habitantes,27.0
2010,Farmaceútico/a,Mujer,Araba/Álava,Por 10.000 habitantes,21.2
2024,Farmaceútico/a,Mujer,Araba/Álava,Por 10.000 habitantes,27.7
2021,Farmaceútico/a,Mujer,Araba/Álava,Por 10.000 habitantes,25.4
2012,Farmaceútico/a,Mujer,Araba/Álava,Por 10.000 habitantes,22.5
2016,Farmaceútico/a,Mujer,Araba/Álava,Por 10.000 habitantes,23.8
2022,Farmaceútico/a,Mujer,Araba/Álava,Por 10.000 habitantes,27.4
2011,Farmaceútico/a,Mujer,Araba/Álava,Por 10.000 habitantes,22.1
2015,Farmaceútico/a,Mujer,Araba/Álava,Por 10.000 habitantes,23.2
2021,Farmaceútico/a,Mujer,Bizkaia,Por 10.000 habitantes,25.4
2018,Farmaceútico/a,Mujer,Bizkaia,Por 10.000 habitantes,24.8
2022,Farmaceútico/a,Mujer,Bizkaia,Por 10.000 habitantes,25.8
2020,Farmaceútico/a,Mujer,Bizkaia,Por 10.000 habitantes,24.9
2013,Farmaceútico/a,Mujer,Bizkaia,Por 10.000 habitantes,22.5
2015,Farmaceútico/a,Mujer,Bizkaia,Por 10.000 habitantes,23.5
2019,Farmaceútico/a,Mujer,Bizkaia,Por 10.000 habitantes,24.8
2011,Farmaceútico/a,Mujer,Bizkaia,Por 10.000 habitantes,22.1
2016,Farmaceútico/a,Mujer,Bizkaia,Por 10.000 habitantes,24.2
2014,Farmaceútico/a,Mujer,Bizkaia,Por 10.000 habitantes,22.9
2012,Farmaceútico/a,Mujer,Bizkaia,Por 10.000 habitantes,22.1
2010,Farmaceútico/a,Mujer,Bizkaia,Por 10.000 habitantes,21.9
2024,Farmaceútico/a,Mujer,Bizkaia,Por 10.000 habitantes,25.3
2023,Farmaceútico/a,Mujer,Bizkaia,Por 10.000 habitantes,25.4
2017,Farmaceútico/a,Mujer,Bizkaia,Por 10.000 habitantes,24.4
2010,Farmaceútico/a,Mujer,Gipuzkoa,Por 10.000 habitantes,20.3
2023,Farmaceútico/a,Mujer,Gipuzkoa,Por 10.000 habitantes,26.8
2017,Farmaceútico/a,Mujer,Gipuzkoa,Por 10.000 habitantes,24.5
2012,Farmaceútico/a,Mujer,Gipuzkoa,Por 10.000 habitantes,21.4
2014,Farmaceútico/a,Mujer,Gipuzkoa,Por 10.000 habitantes,22.7
2016,Farmaceútico/a,Mujer,Gipuzkoa,Por 10.000 habitantes,23.5
2013,Farmaceútico/a,Mujer,Gipuzkoa,Por 10.000 habitantes,21.9
2015,Farmaceútico/a,Mujer,Gipuzkoa,Por 10.000 habitantes,23.0
2019,Farmaceútico/a,Mujer,Gipuzkoa,Por 10.000 habitantes,25.2
2011,Farmaceútico/a,Mujer,Gipuzkoa,Por 10.000 habitantes,20.8
2020,Farmaceútico/a,Mujer,Gipuzkoa,Por 10.000 habitantes,25.8
2022,Farmaceútico/a,Mujer,Gipuzkoa,Por 10.000 habitantes,26.7
2018,Farmaceútico/a,Mujer,Gipuzkoa,Por 10.000 habitantes,24.9
2024,Farmaceútico/a,Mujer,Gipuzkoa,Por 10.000 habitantes,26.7
2021,Farmaceútico/a,Mujer,Gipuzkoa,Por 10.000 habitantes,26.3
2014,Farmaceútico/a,Hombre,,Por 10.000 habitantes,6.1
2021,Farmaceútico/a,Hombre,,Por 10.000 habitantes,6.5
2022,Farmaceútico/a,Hombre,,Por 10.000 habitantes,6.7
2013,Farmaceútico/a,Hombre,,Por 10.000 habitantes,6.0
2023,Farmaceútico/a,Hombre,,Por 10.000 habitantes,6.7
2012,Farmaceútico/a,Hombre,,Por 10.000 habitantes,5.9
2016,Farmaceútico/a,Hombre,,Por 10.000 habitantes,6.3
2018,Farmaceútico/a,Hombre,,Por 10.000 habitantes,6.6
2015,Farmaceútico/a,Hombre,,Por 10.000 habitantes,6.1
2011,Farmaceútico/a,Hombre,,Por 10.000 habitantes,5.6
2020,Farmaceútico/a,Hombre,,Por 10.000 habitantes,6.7
2010,Farmaceútico/a,Hombre,,Por 10.000 habitantes,5.6
2019,Farmaceútico/a,Hombre,,Por 10.000 habitantes,6.5
2017,Farmaceútico/a,Hombre,,Por 10.000 habitantes,6.3
2024,Farmaceútico/a,Hombre,,Por 10.000 habitantes,6.8
2013,Farmaceútico/a,Hombre,Araba/Álava,Por 10.000 habitantes,6.5
2015,Farmaceútico/a,Hombre,Araba/Álava,Por 10.000 habitantes,6.9
2011,Farmaceútico/a,Hombre,Araba/Álava,Por 10.000 habitantes,6.0
2016,Farmaceútico/a,Hombre,Araba/Álava,Por 10.000 habitantes,7.4
2020,Farmaceútico/a,Hombre,Araba/Álava,Por 10.000 habitantes,7.4
2014,Farmaceútico/a,Hombre,Araba/Álava,Por 10.000 habitantes,6.4
2022,Farmaceútico/a,Hombre,Araba/Álava,Por 10.000 habitantes,6.8
2012,Farmaceútico/a,Hombre,Araba/Álava,Por 10.000 habitantes,6.4
2018,Farmaceútico/a,Hombre,Araba/Álava,Por 10.000 habitantes,7.4
2024,Farmaceútico/a,Hombre,Araba/Álava,Por 10.000 habitantes,6.6
2023,Farmaceútico/a,Hombre,Araba/Álava,Por 10.000 habitantes,6.8
2021,Farmaceútico/a,Hombre,Araba/Álava,Por 10.000 habitantes,7.2
2017,Farmaceútico/a,Hombre,Araba/Álava,Por 10.000 habitantes,7.2
2010,Farmaceútico/a,Hombre,Araba/Álava,Por 10.000 habitantes,6.3
2019,Farmaceútico/a,Hombre,Araba/Álava,Por 10.000 habitantes,7.4
2013,Farmaceútico/a,Hombre,Bizkaia,Por 10.000 habitantes,6.0
2015,Farmaceútico/a,Hombre,Bizkaia,Por 10.000 habitantes,6.3
2019,Farmaceútico/a,Hombre,Bizkaia,Por 10.000 habitantes,6.5
2011,Farmaceútico/a,Hombre,Bizkaia,Por 10.000 habitantes,5.5
2016,Farmaceútico/a,Hombre,Bizkaia,Por 10.000 habitantes,6.4
2020,Farmaceútico/a,Hombre,Bizkaia,Por 10.000 habitantes,6.6
2014,Farmaceútico/a,Hombre,Bizkaia,Por 10.000 habitantes,6.1
2022,Farmaceútico/a,Hombre,Bizkaia,Por 10.000 habitantes,6.7
2012,Farmaceútico/a,Hombre,Bizkaia,Por 10.000 habitantes,5.8
2018,Farmaceútico/a,Hombre,Bizkaia,Por 10.000 habitantes,6.6
2010,Farmaceútico/a,Hombre,Bizkaia,Por 10.000 habitantes,5.5
2024,Farmaceútico/a,Hombre,Bizkaia,Por 10.000 habitantes,7.0
2023,Farmaceútico/a,Hombre,Bizkaia,Por 10.000 habitantes,7.0
2021,Farmaceútico/a,Hombre,Bizkaia,Por 10.000 habitantes,6.7
2017,Farmaceútico/a,Hombre,Bizkaia,Por 10.000 habitantes,6.5
2013,Farmaceútico/a,Hombre,Gipuzkoa,Por 10.000 habitantes,5.7
2015,Farmaceútico/a,Hombre,Gipuzkoa,Por 10.000 habitantes,5.6
2019,Farmaceútico/a,Hombre,Gipuzkoa,Por 10.000 habitantes,6.1
2011,Farmaceútico/a,Hombre,Gipuzkoa,Por 10.000 habitantes,5.4
2016,Farmaceútico/a,Hombre,Gipuzkoa,Por 10.000 habitantes,5.8
2020,Farmaceútico/a,Hombre,Gipuzkoa,Por 10.000 habitantes,6.4
2014,Farmaceútico/a,Hombre,Gipuzkoa,Por 10.000 habitantes,5.9
2022,Farmaceútico/a,Hombre,Gipuzkoa,Por 10.000 habitantes,6.6
2012,Farmaceútico/a,Hombre,Gipuzkoa,Por 10.000 habitantes,5.7
2018,Farmaceútico/a,Hombre,Gipuzkoa,Por 10.000 habitantes,6.2
2010,Farmaceútico/a,Hombre,Gipuzkoa,Por 10.000 habitantes,5.3
2024,Farmaceútico/a,Hombre,Gipuzkoa,Por 10.000 habitantes,6.5
2023,Farmaceútico/a,Hombre,Gipuzkoa,Por 10.000 habitantes,6.3
2021,Farmaceútico/a,Hombre,Gipuzkoa,Por 10.000 habitantes,5.8
2017,Farmaceútico/a,Hombre,Gipuzkoa,Por 10.000 habitantes,5.6
