Year,Series,Profesión,Sexo,Territorio histórico,Units,Value
2023,Densidad y distribución del personal sanitario,Médico,,,Por 10.000 habitantes,72.1
2020,Densidad y distribución del personal sanitario,Médico,,,Por 10.000 habitantes,66.9
2015,Densidad y distribución del personal sanitario,Médico,,,Por 10.000 habitantes,60.0
2014,Densidad y distribución del personal sanitario,Médico,,,Por 10.000 habitantes,59.3
2012,Densidad y distribución del personal sanitario,Médico,,,Por 10.000 habitantes,57.0
2016,Densidad y distribución del personal sanitario,Médico,,,Por 10.000 habitantes,61.1
2011,Densidad y distribución del personal sanitario,Médico,,,Por 10.000 habitantes,55.8
2019,Densidad y distribución del personal sanitario,Médico,,,Por 10.000 habitantes,65.4
2013,Densidad y distribución del personal sanitario,Médico,,,Por 10.000 habitantes,58.1
2010,Densidad y distribución del personal sanitario,Médico,,,Por 10.000 habitantes,54.5
2021,Densidad y distribución del personal sanitario,Médico,,,Por 10.000 habitantes,68.7
2022,Densidad y distribución del personal sanitario,Médico,,,Por 10.000 habitantes,70.6
2018,Densidad y distribución del personal sanitario,Médico,,,Por 10.000 habitantes,63.6
2017,Densidad y distribución del personal sanitario,Médico,,,Por 10.000 habitantes,62.2
2022,Densidad y distribución del personal sanitario,Médico,,Araba/Álava,Por 10.000 habitantes,63.9
2016,Densidad y distribución del personal sanitario,Médico,,Araba/Álava,Por 10.000 habitantes,58.8
2019,Densidad y distribución del personal sanitario,Médico,,Araba/Álava,Por 10.000 habitantes,60.7
2014,Densidad y distribución del personal sanitario,Médico,,Araba/Álava,Por 10.000 habitantes,57.9
2015,Densidad y distribución del personal sanitario,Médico,,Araba/Álava,Por 10.000 habitantes,58.0
2012,Densidad y distribución del personal sanitario,Médico,,Araba/Álava,Por 10.000 habitantes,55.1
2018,Densidad y distribución del personal sanitario,Médico,,Araba/Álava,Por 10.000 habitantes,59.7
2010,Densidad y distribución del personal sanitario,Médico,,Araba/Álava,Por 10.000 habitantes,51.9
2011,Densidad y distribución del personal sanitario,Médico,,Araba/Álava,Por 10.000 habitantes,54.0
2013,Densidad y distribución del personal sanitario,Médico,,Araba/Álava,Por 10.000 habitantes,56.5
2017,Densidad y distribución del personal sanitario,Médico,,Araba/Álava,Por 10.000 habitantes,59.4
2020,Densidad y distribución del personal sanitario,Médico,,Araba/Álava,Por 10.000 habitantes,61.3
2021,Densidad y distribución del personal sanitario,Médico,,Araba/Álava,Por 10.000 habitantes,62.7
2023,Densidad y distribución del personal sanitario,Médico,,Araba/Álava,Por 10.000 habitantes,65.1
2013,Densidad y distribución del personal sanitario,Médico,,Bizkaia,Por 10.000 habitantes,61.2
2019,Densidad y distribución del personal sanitario,Médico,,Bizkaia,Por 10.000 habitantes,70.4
2016,Densidad y distribución del personal sanitario,Médico,,Bizkaia,Por 10.000 habitantes,64.9
2010,Densidad y distribución del personal sanitario,Médico,,Bizkaia,Por 10.000 habitantes,57.2
2011,Densidad y distribución del personal sanitario,Médico,,Bizkaia,Por 10.000 habitantes,58.6
2015,Densidad y distribución del personal sanitario,Médico,,Bizkaia,Por 10.000 habitantes,63.4
2018,Densidad y distribución del personal sanitario,Médico,,Bizkaia,Por 10.000 habitantes,68.2
2023,Densidad y distribución del personal sanitario,Médico,,Bizkaia,Por 10.000 habitantes,78.4
2022,Densidad y distribución del personal sanitario,Médico,,Bizkaia,Por 10.000 habitantes,76.2
2012,Densidad y distribución del personal sanitario,Médico,,Bizkaia,Por 10.000 habitantes,59.9
2017,Densidad y distribución del personal sanitario,Médico,,Bizkaia,Por 10.000 habitantes,66.2
2021,Densidad y distribución del personal sanitario,Médico,,Bizkaia,Por 10.000 habitantes,74.1
2014,Densidad y distribución del personal sanitario,Médico,,Bizkaia,Por 10.000 habitantes,62.4
2020,Densidad y distribución del personal sanitario,Médico,,Bizkaia,Por 10.000 habitantes,72.2
2010,Densidad y distribución del personal sanitario,Médico,,Gipuzkoa,Por 10.000 habitantes,51.1
2012,Densidad y distribución del personal sanitario,Médico,,Gipuzkoa,Por 10.000 habitantes,53.0
2018,Densidad y distribución del personal sanitario,Médico,,Gipuzkoa,Por 10.000 habitantes,58.1
2017,Densidad y distribución del personal sanitario,Médico,,Gipuzkoa,Por 10.000 habitantes,57.0
2016,Densidad y distribución del personal sanitario,Médico,,Gipuzkoa,Por 10.000 habitantes,56.1
2011,Densidad y distribución del personal sanitario,Médico,,Gipuzkoa,Por 10.000 habitantes,52.0
2021,Densidad y distribución del personal sanitario,Médico,,Gipuzkoa,Por 10.000 habitantes,62.8
2019,Densidad y distribución del personal sanitario,Médico,,Gipuzkoa,Por 10.000 habitantes,59.6
2015,Densidad y distribución del personal sanitario,Médico,,Gipuzkoa,Por 10.000 habitantes,55.4
2013,Densidad y distribución del personal sanitario,Médico,,Gipuzkoa,Por 10.000 habitantes,53.8
2022,Densidad y distribución del personal sanitario,Médico,,Gipuzkoa,Por 10.000 habitantes,64.7
2023,Densidad y distribución del personal sanitario,Médico,,Gipuzkoa,Por 10.000 habitantes,65.5
2020,Densidad y distribución del personal sanitario,Médico,,Gipuzkoa,Por 10.000 habitantes,61.1
2014,Densidad y distribución del personal sanitario,Médico,,Gipuzkoa,Por 10.000 habitantes,54.9
2023,Densidad y distribución del personal sanitario,Médico,Mujer,,Por 10.000 habitantes,80.7
2015,Densidad y distribución del personal sanitario,Médico,Mujer,,Por 10.000 habitantes,61.6
2019,Densidad y distribución del personal sanitario,Médico,Mujer,,Por 10.000 habitantes,69.8
2020,Densidad y distribución del personal sanitario,Médico,Mujer,,Por 10.000 habitantes,72.3
2012,Densidad y distribución del personal sanitario,Médico,Mujer,,Por 10.000 habitantes,56.8
2016,Densidad y distribución del personal sanitario,Médico,Mujer,,Por 10.000 habitantes,63.3
2011,Densidad y distribución del personal sanitario,Médico,Mujer,,Por 10.000 habitantes,54.6
2018,Densidad y distribución del personal sanitario,Médico,Mujer,,Por 10.000 habitantes,67.1
2022,Densidad y distribución del personal sanitario,Médico,Mujer,,Por 10.000 habitantes,78.1
2017,Densidad y distribución del personal sanitario,Médico,Mujer,,Por 10.000 habitantes,65.1
2013,Densidad y distribución del personal sanitario,Médico,Mujer,,Por 10.000 habitantes,58.5
2010,Densidad y distribución del personal sanitario,Médico,Mujer,,Por 10.000 habitantes,52.5
2021,Densidad y distribución del personal sanitario,Médico,Mujer,,Por 10.000 habitantes,75.2
2014,Densidad y distribución del personal sanitario,Médico,Mujer,,Por 10.000 habitantes,60.1
2019,Densidad y distribución del personal sanitario,Médico,Mujer,Araba/Álava,Por 10.000 habitantes,66.3
2020,Densidad y distribución del personal sanitario,Médico,Mujer,Araba/Álava,Por 10.000 habitantes,67.6
2022,Densidad y distribución del personal sanitario,Médico,Mujer,Araba/Álava,Por 10.000 habitantes,72.5
2018,Densidad y distribución del personal sanitario,Médico,Mujer,Araba/Álava,Por 10.000 habitantes,64.5
2011,Densidad y distribución del personal sanitario,Médico,Mujer,Araba/Álava,Por 10.000 habitantes,55.2
2014,Densidad y distribución del personal sanitario,Médico,Mujer,Araba/Álava,Por 10.000 habitantes,61.4
2012,Densidad y distribución del personal sanitario,Médico,Mujer,Araba/Álava,Por 10.000 habitantes,57.4
2013,Densidad y distribución del personal sanitario,Médico,Mujer,Araba/Álava,Por 10.000 habitantes,59.6
2015,Densidad y distribución del personal sanitario,Médico,Mujer,Araba/Álava,Por 10.000 habitantes,62.1
2017,Densidad y distribución del personal sanitario,Médico,Mujer,Araba/Álava,Por 10.000 habitantes,63.9
2010,Densidad y distribución del personal sanitario,Médico,Mujer,Araba/Álava,Por 10.000 habitantes,52.8
2023,Densidad y distribución del personal sanitario,Médico,Mujer,Araba/Álava,Por 10.000 habitantes,74.7
2021,Densidad y distribución del personal sanitario,Médico,Mujer,Araba/Álava,Por 10.000 habitantes,70.5
2016,Densidad y distribución del personal sanitario,Médico,Mujer,Araba/Álava,Por 10.000 habitantes,63.6
2020,Densidad y distribución del personal sanitario,Médico,Mujer,Bizkaia,Por 10.000 habitantes,76.8
2023,Densidad y distribución del personal sanitario,Médico,Mujer,Bizkaia,Por 10.000 habitantes,85.7
2015,Densidad y distribución del personal sanitario,Médico,Mujer,Bizkaia,Por 10.000 habitantes,64.2
2016,Densidad y distribución del personal sanitario,Médico,Mujer,Bizkaia,Por 10.000 habitantes,66.3
2018,Densidad y distribución del personal sanitario,Médico,Mujer,Bizkaia,Por 10.000 habitantes,70.8
2014,Densidad y distribución del personal sanitario,Médico,Mujer,Bizkaia,Por 10.000 habitantes,62.3
2021,Densidad y distribución del personal sanitario,Médico,Mujer,Bizkaia,Por 10.000 habitantes,79.4
2013,Densidad y distribución del personal sanitario,Médico,Mujer,Bizkaia,Por 10.000 habitantes,60.8
2010,Densidad y distribución del personal sanitario,Médico,Mujer,Bizkaia,Por 10.000 habitantes,54.5
2017,Densidad y distribución del personal sanitario,Médico,Mujer,Bizkaia,Por 10.000 habitantes,68.4
2011,Densidad y distribución del personal sanitario,Médico,Mujer,Bizkaia,Por 10.000 habitantes,56.5
2022,Densidad y distribución del personal sanitario,Médico,Mujer,Bizkaia,Por 10.000 habitantes,82.7
2019,Densidad y distribución del personal sanitario,Médico,Mujer,Bizkaia,Por 10.000 habitantes,74.1
2012,Densidad y distribución del personal sanitario,Médico,Mujer,Bizkaia,Por 10.000 habitantes,59.1
2016,Densidad y distribución del personal sanitario,Médico,Mujer,Gipuzkoa,Por 10.000 habitantes,58.4
2022,Densidad y distribución del personal sanitario,Médico,Mujer,Gipuzkoa,Por 10.000 habitantes,73.3
2018,Densidad y distribución del personal sanitario,Médico,Mujer,Gipuzkoa,Por 10.000 habitantes,62.3
2023,Densidad y distribución del personal sanitario,Médico,Mujer,Gipuzkoa,Por 10.000 habitantes,75.3
2019,Densidad y distribución del personal sanitario,Médico,Mujer,Gipuzkoa,Por 10.000 habitantes,64.5
2010,Densidad y distribución del personal sanitario,Médico,Mujer,Gipuzkoa,Por 10.000 habitantes,49.1
2012,Densidad y distribución del personal sanitario,Médico,Mujer,Gipuzkoa,Por 10.000 habitantes,52.6
2011,Densidad y distribución del personal sanitario,Médico,Mujer,Gipuzkoa,Por 10.000 habitantes,51.0
2014,Densidad y distribución del personal sanitario,Médico,Mujer,Gipuzkoa,Por 10.000 habitantes,55.9
2017,Densidad y distribución del personal sanitario,Médico,Mujer,Gipuzkoa,Por 10.000 habitantes,60.3
2015,Densidad y distribución del personal sanitario,Médico,Mujer,Gipuzkoa,Por 10.000 habitantes,57.2
2020,Densidad y distribución del personal sanitario,Médico,Mujer,Gipuzkoa,Por 10.000 habitantes,67.3
2013,Densidad y distribución del personal sanitario,Médico,Mujer,Gipuzkoa,Por 10.000 habitantes,54.2
2021,Densidad y distribución del personal sanitario,Médico,Mujer,Gipuzkoa,Por 10.000 habitantes,70.4
2012,Densidad y distribución del personal sanitario,Médico,Hombre,,Por 10.000 habitantes,57.2
2016,Densidad y distribución del personal sanitario,Médico,Hombre,,Por 10.000 habitantes,58.8
2022,Densidad y distribución del personal sanitario,Médico,Hombre,,Por 10.000 habitantes,62.6
2023,Densidad y distribución del personal sanitario,Médico,Hombre,,Por 10.000 habitantes,63.1
2020,Densidad y distribución del personal sanitario,Médico,Hombre,,Por 10.000 habitantes,61.2
2015,Densidad y distribución del personal sanitario,Médico,Hombre,,Por 10.000 habitantes,58.3
2010,Densidad y distribución del personal sanitario,Médico,Hombre,,Por 10.000 habitantes,56.5
2013,Densidad y distribución del personal sanitario,Médico,Hombre,,Por 10.000 habitantes,57.6
2018,Densidad y distribución del personal sanitario,Médico,Hombre,,Por 10.000 habitantes,59.9
2019,Densidad y distribución del personal sanitario,Médico,Hombre,,Por 10.000 habitantes,60.7
2021,Densidad y distribución del personal sanitario,Médico,Hombre,,Por 10.000 habitantes,61.8
2014,Densidad y distribución del personal sanitario,Médico,Hombre,,Por 10.000 habitantes,58.4
2017,Densidad y distribución del personal sanitario,Médico,Hombre,,Por 10.000 habitantes,59.1
2011,Densidad y distribución del personal sanitario,Médico,Hombre,,Por 10.000 habitantes,57.1
2021,Densidad y distribución del personal sanitario,Médico,Hombre,Araba/Álava,Por 10.000 habitantes,54.7
2018,Densidad y distribución del personal sanitario,Médico,Hombre,Araba/Álava,Por 10.000 habitantes,54.7
2011,Densidad y distribución del personal sanitario,Médico,Hombre,Araba/Álava,Por 10.000 habitantes,52.7
2012,Densidad y distribución del personal sanitario,Médico,Hombre,Araba/Álava,Por 10.000 habitantes,52.7
2013,Densidad y distribución del personal sanitario,Médico,Hombre,Araba/Álava,Por 10.000 habitantes,53.2
2015,Densidad y distribución del personal sanitario,Médico,Hombre,Araba/Álava,Por 10.000 habitantes,53.9
2022,Densidad y distribución del personal sanitario,Médico,Hombre,Araba/Álava,Por 10.000 habitantes,55.1
2014,Densidad y distribución del personal sanitario,Médico,Hombre,Araba/Álava,Por 10.000 habitantes,54.3
2019,Densidad y distribución del personal sanitario,Médico,Hombre,Araba/Álava,Por 10.000 habitantes,55.0
2017,Densidad y distribución del personal sanitario,Médico,Hombre,Araba/Álava,Por 10.000 habitantes,54.8
2023,Densidad y distribución del personal sanitario,Médico,Hombre,Araba/Álava,Por 10.000 habitantes,55.1
2010,Densidad y distribución del personal sanitario,Médico,Hombre,Araba/Álava,Por 10.000 habitantes,51.1
2016,Densidad y distribución del personal sanitario,Médico,Hombre,Araba/Álava,Por 10.000 habitantes,53.9
2020,Densidad y distribución del personal sanitario,Médico,Hombre,Araba/Álava,Por 10.000 habitantes,54.8
2023,Densidad y distribución del personal sanitario,Médico,Hombre,Bizkaia,Por 10.000 habitantes,70.5
2013,Densidad y distribución del personal sanitario,Médico,Hombre,Bizkaia,Por 10.000 habitantes,61.5
2010,Densidad y distribución del personal sanitario,Médico,Hombre,Bizkaia,Por 10.000 habitantes,60.2
2012,Densidad y distribución del personal sanitario,Médico,Hombre,Bizkaia,Por 10.000 habitantes,60.8
2022,Densidad y distribución del personal sanitario,Médico,Hombre,Bizkaia,Por 10.000 habitantes,69.3
2011,Densidad y distribución del personal sanitario,Médico,Hombre,Bizkaia,Por 10.000 habitantes,60.7
2020,Densidad y distribución del personal sanitario,Médico,Hombre,Bizkaia,Por 10.000 habitantes,67.3
2016,Densidad y distribución del personal sanitario,Médico,Hombre,Bizkaia,Por 10.000 habitantes,63.3
2018,Densidad y distribución del personal sanitario,Médico,Hombre,Bizkaia,Por 10.000 habitantes,65.4
2017,Densidad y distribución del personal sanitario,Médico,Hombre,Bizkaia,Por 10.000 habitantes,63.9
2015,Densidad y distribución del personal sanitario,Médico,Hombre,Bizkaia,Por 10.000 habitantes,62.6
2014,Densidad y distribución del personal sanitario,Médico,Hombre,Bizkaia,Por 10.000 habitantes,62.5
2019,Densidad y distribución del personal sanitario,Médico,Hombre,Bizkaia,Por 10.000 habitantes,66.4
2021,Densidad y distribución del personal sanitario,Médico,Hombre,Bizkaia,Por 10.000 habitantes,68.3
2019,Densidad y distribución del personal sanitario,Médico,Hombre,Gipuzkoa,Por 10.000 habitantes,54.4
2016,Densidad y distribución del personal sanitario,Médico,Hombre,Gipuzkoa,Por 10.000 habitantes,53.7
2018,Densidad y distribución del personal sanitario,Médico,Hombre,Gipuzkoa,Por 10.000 habitantes,53.7
2020,Densidad y distribución del personal sanitario,Médico,Hombre,Gipuzkoa,Por 10.000 habitantes,54.6
2011,Densidad y distribución del personal sanitario,Médico,Hombre,Gipuzkoa,Por 10.000 habitantes,53.1
2014,Densidad y distribución del personal sanitario,Médico,Hombre,Gipuzkoa,Por 10.000 habitantes,53.9
2023,Densidad y distribución del personal sanitario,Médico,Hombre,Gipuzkoa,Por 10.000 habitantes,55.2
2010,Densidad y distribución del personal sanitario,Médico,Hombre,Gipuzkoa,Por 10.000 habitantes,53.1
2012,Densidad y distribución del personal sanitario,Médico,Hombre,Gipuzkoa,Por 10.000 habitantes,53.5
2022,Densidad y distribución del personal sanitario,Médico,Hombre,Gipuzkoa,Por 10.000 habitantes,55.6
2021,Densidad y distribución del personal sanitario,Médico,Hombre,Gipuzkoa,Por 10.000 habitantes,54.9
2013,Densidad y distribución del personal sanitario,Médico,Hombre,Gipuzkoa,Por 10.000 habitantes,53.4
2015,Densidad y distribución del personal sanitario,Médico,Hombre,Gipuzkoa,Por 10.000 habitantes,53.5
2017,Densidad y distribución del personal sanitario,Médico,Hombre,Gipuzkoa,Por 10.000 habitantes,53.6
2013,Densidad y distribución del personal sanitario,Profesionales en enfermería y obstetricia,,,Por 10.000 habitantes,70.5
2019,Densidad y distribución del personal sanitario,Profesionales en enfermería y obstetricia,,,Por 10.000 habitantes,76.9
2018,Densidad y distribución del personal sanitario,Profesionales en enfermería y obstetricia,,,Por 10.000 habitantes,76.1
2016,Densidad y distribución del personal sanitario,Profesionales en enfermería y obstetricia,,,Por 10.000 habitantes,74.7
2015,Densidad y distribución del personal sanitario,Profesionales en enfermería y obstetricia,,,Por 10.000 habitantes,73.5
2020,Densidad y distribución del personal sanitario,Profesionales en enfermería y obstetricia,,,Por 10.000 habitantes,78.4
2022,Densidad y distribución del personal sanitario,Profesionales en enfermería y obstetricia,,,Por 10.000 habitantes,80.0
2021,Densidad y distribución del personal sanitario,Profesionales en enfermería y obstetricia,,,Por 10.000 habitantes,79.1
2010,Densidad y distribución del personal sanitario,Profesionales en enfermería y obstetricia,,,Por 10.000 habitantes,68.1
2014,Densidad y distribución del personal sanitario,Profesionales en enfermería y obstetricia,,,Por 10.000 habitantes,72.1
2017,Densidad y distribución del personal sanitario,Profesionales en enfermería y obstetricia,,,Por 10.000 habitantes,75.3
2023,Densidad y distribución del personal sanitario,Profesionales en enfermería y obstetricia,,,Por 10.000 habitantes,89.6
2012,Densidad y distribución del personal sanitario,Profesionales en enfermería y obstetricia,,,Por 10.000 habitantes,70.3
2011,Densidad y distribución del personal sanitario,Profesionales en enfermería y obstetricia,,,Por 10.000 habitantes,70.2
2022,Densidad y distribución del personal sanitario,Profesionales en enfermería y obstetricia,,Araba/Álava,Por 10.000 habitantes,89.0
2023,Densidad y distribución del personal sanitario,Profesionales en enfermería y obstetricia,,Araba/Álava,Por 10.000 habitantes,89.5
2016,Densidad y distribución del personal sanitario,Profesionales en enfermería y obstetricia,,Araba/Álava,Por 10.000 habitantes,84.2
2012,Densidad y distribución del personal sanitario,Profesionales en enfermería y obstetricia,,Araba/Álava,Por 10.000 habitantes,77.6
2010,Densidad y distribución del personal sanitario,Profesionales en enfermería y obstetricia,,Araba/Álava,Por 10.000 habitantes,75.4
2019,Densidad y distribución del personal sanitario,Profesionales en enfermería y obstetricia,,Araba/Álava,Por 10.000 habitantes,86.4
2018,Densidad y distribución del personal sanitario,Profesionales en enfermería y obstetricia,,Araba/Álava,Por 10.000 habitantes,87.4
2014,Densidad y distribución del personal sanitario,Profesionales en enfermería y obstetricia,,Araba/Álava,Por 10.000 habitantes,81.1
2020,Densidad y distribución del personal sanitario,Profesionales en enfermería y obstetricia,,Araba/Álava,Por 10.000 habitantes,87.5
2011,Densidad y distribución del personal sanitario,Profesionales en enfermería y obstetricia,,Araba/Álava,Por 10.000 habitantes,77.2
2021,Densidad y distribución del personal sanitario,Profesionales en enfermería y obstetricia,,Araba/Álava,Por 10.000 habitantes,88.6
2013,Densidad y distribución del personal sanitario,Profesionales en enfermería y obstetricia,,Araba/Álava,Por 10.000 habitantes,78.4
2015,Densidad y distribución del personal sanitario,Profesionales en enfermería y obstetricia,,Araba/Álava,Por 10.000 habitantes,82.7
2017,Densidad y distribución del personal sanitario,Profesionales en enfermería y obstetricia,,Araba/Álava,Por 10.000 habitantes,86.0
2017,Densidad y distribución del personal sanitario,Profesionales en enfermería y obstetricia,,Bizkaia,Por 10.000 habitantes,74.2
2021,Densidad y distribución del personal sanitario,Profesionales en enfermería y obstetricia,,Bizkaia,Por 10.000 habitantes,78.7
2010,Densidad y distribución del personal sanitario,Profesionales en enfermería y obstetricia,,Bizkaia,Por 10.000 habitantes,65.4
2015,Densidad y distribución del personal sanitario,Profesionales en enfermería y obstetricia,,Bizkaia,Por 10.000 habitantes,71.9
2022,Densidad y distribución del personal sanitario,Profesionales en enfermería y obstetricia,,Bizkaia,Por 10.000 habitantes,79.6
2019,Densidad y distribución del personal sanitario,Profesionales en enfermería y obstetricia,,Bizkaia,Por 10.000 habitantes,76.2
2013,Densidad y distribución del personal sanitario,Profesionales en enfermería y obstetricia,,Bizkaia,Por 10.000 habitantes,68.6
2014,Densidad y distribución del personal sanitario,Profesionales en enfermería y obstetricia,,Bizkaia,Por 10.000 habitantes,70.1
2020,Densidad y distribución del personal sanitario,Profesionales en enfermería y obstetricia,,Bizkaia,Por 10.000 habitantes,77.9
2016,Densidad y distribución del personal sanitario,Profesionales en enfermería y obstetricia,,Bizkaia,Por 10.000 habitantes,73.3
2011,Densidad y distribución del personal sanitario,Profesionales en enfermería y obstetricia,,Bizkaia,Por 10.000 habitantes,67.9
2012,Densidad y distribución del personal sanitario,Profesionales en enfermería y obstetricia,,Bizkaia,Por 10.000 habitantes,68.4
2018,Densidad y distribución del personal sanitario,Profesionales en enfermería y obstetricia,,Bizkaia,Por 10.000 habitantes,75.3
2023,Densidad y distribución del personal sanitario,Profesionales en enfermería y obstetricia,,Bizkaia,Por 10.000 habitantes,81.2
2016,Densidad y distribución del personal sanitario,Profesionales en enfermería y obstetricia,,Gipuzkoa,Por 10.000 habitantes,72.6
2014,Densidad y distribución del personal sanitario,Profesionales en enfermería y obstetricia,,Gipuzkoa,Por 10.000 habitantes,71.3
2010,Densidad y distribución del personal sanitario,Profesionales en enfermería y obstetricia,,Gipuzkoa,Por 10.000 habitantes,69.3
2019,Densidad y distribución del personal sanitario,Profesionales en enfermería y obstetricia,,Gipuzkoa,Por 10.000 habitantes,73.7
2011,Densidad y distribución del personal sanitario,Profesionales en enfermería y obstetricia,,Gipuzkoa,Por 10.000 habitantes,70.8
2023,Densidad y distribución del personal sanitario,Profesionales en enfermería y obstetricia,,Gipuzkoa,Por 10.000 habitantes,103.2
2018,Densidad y distribución del personal sanitario,Profesionales en enfermería y obstetricia,,Gipuzkoa,Por 10.000 habitantes,72.3
2022,Densidad y distribución del personal sanitario,Profesionales en enfermería y obstetricia,,Gipuzkoa,Por 10.000 habitantes,76.4
2012,Densidad y distribución del personal sanitario,Profesionales en enfermería y obstetricia,,Gipuzkoa,Por 10.000 habitantes,70.1
2017,Densidad y distribución del personal sanitario,Profesionales en enfermería y obstetricia,,Gipuzkoa,Por 10.000 habitantes,72.3
2013,Densidad y distribución del personal sanitario,Profesionales en enfermería y obstetricia,,Gipuzkoa,Por 10.000 habitantes,70.0
2015,Densidad y distribución del personal sanitario,Profesionales en enfermería y obstetricia,,Gipuzkoa,Por 10.000 habitantes,72.0
2020,Densidad y distribución del personal sanitario,Profesionales en enfermería y obstetricia,,Gipuzkoa,Por 10.000 habitantes,75.0
2021,Densidad y distribución del personal sanitario,Profesionales en enfermería y obstetricia,,Gipuzkoa,Por 10.000 habitantes,75.4
2015,Densidad y distribución del personal sanitario,Profesionales en enfermería y obstetricia,Mujer,,Por 10.000 habitantes,129.6
2018,Densidad y distribución del personal sanitario,Profesionales en enfermería y obstetricia,Mujer,,Por 10.000 habitantes,133.1
2016,Densidad y distribución del personal sanitario,Profesionales en enfermería y obstetricia,Mujer,,Por 10.000 habitantes,131.2
2019,Densidad y distribución del personal sanitario,Profesionales en enfermería y obstetricia,Mujer,,Por 10.000 habitantes,134.0
2017,Densidad y distribución del personal sanitario,Profesionales en enfermería y obstetricia,Mujer,,Por 10.000 habitantes,132.2
2020,Densidad y distribución del personal sanitario,Profesionales en enfermería y obstetricia,Mujer,,Por 10.000 habitantes,135.8
2013,Densidad y distribución del personal sanitario,Profesionales en enfermería y obstetricia,Mujer,,Por 10.000 habitantes,124.8
2012,Densidad y distribución del personal sanitario,Profesionales en enfermería y obstetricia,Mujer,,Por 10.000 habitantes,123.5
2023,Densidad y distribución del personal sanitario,Profesionales en enfermería y obstetricia,Mujer,,Por 10.000 habitantes,154.4
2010,Densidad y distribución del personal sanitario,Profesionales en enfermería y obstetricia,Mujer,,Por 10.000 habitantes,121.2
2014,Densidad y distribución del personal sanitario,Profesionales en enfermería y obstetricia,Mujer,,Por 10.000 habitantes,127.4
2021,Densidad y distribución del personal sanitario,Profesionales en enfermería y obstetricia,Mujer,,Por 10.000 habitantes,136.9
2022,Densidad y distribución del personal sanitario,Profesionales en enfermería y obstetricia,Mujer,,Por 10.000 habitantes,138.1
2011,Densidad y distribución del personal sanitario,Profesionales en enfermería y obstetricia,Mujer,,Por 10.000 habitantes,123.3
2016,Densidad y distribución del personal sanitario,Profesionales en enfermería y obstetricia,Mujer,Araba/Álava,Por 10.000 habitantes,151.9
2022,Densidad y distribución del personal sanitario,Profesionales en enfermería y obstetricia,Mujer,Araba/Álava,Por 10.000 habitantes,155.9
2023,Densidad y distribución del personal sanitario,Profesionales en enfermería y obstetricia,Mujer,Araba/Álava,Por 10.000 habitantes,156.3
2021,Densidad y distribución del personal sanitario,Profesionales en enfermería y obstetricia,Mujer,Araba/Álava,Por 10.000 habitantes,155.3
2013,Densidad y distribución del personal sanitario,Profesionales en enfermería y obstetricia,Mujer,Araba/Álava,Por 10.000 habitantes,143.3
2018,Densidad y distribución del personal sanitario,Profesionales en enfermería y obstetricia,Mujer,Araba/Álava,Por 10.000 habitantes,156.3
2020,Densidad y distribución del personal sanitario,Profesionales en enfermería y obstetricia,Mujer,Araba/Álava,Por 10.000 habitantes,154.7
2019,Densidad y distribución del personal sanitario,Profesionales en enfermería y obstetricia,Mujer,Araba/Álava,Por 10.000 habitantes,153.5
2011,Densidad y distribución del personal sanitario,Profesionales en enfermería y obstetricia,Mujer,Araba/Álava,Por 10.000 habitantes,141.7
2015,Densidad y distribución del personal sanitario,Profesionales en enfermería y obstetricia,Mujer,Araba/Álava,Por 10.000 habitantes,150.0
2010,Densidad y distribución del personal sanitario,Profesionales en enfermería y obstetricia,Mujer,Araba/Álava,Por 10.000 habitantes,138.2
2012,Densidad y distribución del personal sanitario,Profesionales en enfermería y obstetricia,Mujer,Araba/Álava,Por 10.000 habitantes,142.4
2017,Densidad y distribución del personal sanitario,Profesionales en enfermería y obstetricia,Mujer,Araba/Álava,Por 10.000 habitantes,154.5
2014,Densidad y distribución del personal sanitario,Profesionales en enfermería y obstetricia,Mujer,Araba/Álava,Por 10.000 habitantes,147.2
2021,Densidad y distribución del personal sanitario,Profesionales en enfermería y obstetricia,Mujer,Bizkaia,Por 10.000 habitantes,132.2
2023,Densidad y distribución del personal sanitario,Profesionales en enfermería y obstetricia,Mujer,Bizkaia,Por 10.000 habitantes,135.6
2020,Densidad y distribución del personal sanitario,Profesionales en enfermería y obstetricia,Mujer,Bizkaia,Por 10.000 habitantes,130.9
2011,Densidad y distribución del personal sanitario,Profesionales en enfermería y obstetricia,Mujer,Bizkaia,Por 10.000 habitantes,116.6
2022,Densidad y distribución del personal sanitario,Profesionales en enfermería y obstetricia,Mujer,Bizkaia,Por 10.000 habitantes,133.4
2019,Densidad y distribución del personal sanitario,Profesionales en enfermería y obstetricia,Mujer,Bizkaia,Por 10.000 habitantes,128.9
2013,Densidad y distribución del personal sanitario,Profesionales en enfermería y obstetricia,Mujer,Bizkaia,Por 10.000 habitantes,117.7
2017,Densidad y distribución del personal sanitario,Profesionales en enfermería y obstetricia,Mujer,Bizkaia,Por 10.000 habitantes,126.4
2012,Densidad y distribución del personal sanitario,Profesionales en enfermería y obstetricia,Mujer,Bizkaia,Por 10.000 habitantes,117.4
2010,Densidad y distribución del personal sanitario,Profesionales en enfermería y obstetricia,Mujer,Bizkaia,Por 10.000 habitantes,112.5
2016,Densidad y distribución del personal sanitario,Profesionales en enfermería y obstetricia,Mujer,Bizkaia,Por 10.000 habitantes,125.0
2015,Densidad y distribución del personal sanitario,Profesionales en enfermería y obstetricia,Mujer,Bizkaia,Por 10.000 habitantes,122.9
2018,Densidad y distribución del personal sanitario,Profesionales en enfermería y obstetricia,Mujer,Bizkaia,Por 10.000 habitantes,128.0
2014,Densidad y distribución del personal sanitario,Profesionales en enfermería y obstetricia,Mujer,Bizkaia,Por 10.000 habitantes,120.1
2022,Densidad y distribución del personal sanitario,Profesionales en enfermería y obstetricia,Mujer,Gipuzkoa,Por 10.000 habitantes,137.4
2010,Densidad y distribución del personal sanitario,Profesionales en enfermería y obstetricia,Mujer,Gipuzkoa,Por 10.000 habitantes,128.2
2015,Densidad y distribución del personal sanitario,Profesionales en enfermería y obstetricia,Mujer,Gipuzkoa,Por 10.000 habitantes,131.4
2011,Densidad y distribución del personal sanitario,Profesionales en enfermería y obstetricia,Mujer,Gipuzkoa,Por 10.000 habitantes,126.1
2013,Densidad y distribución del personal sanitario,Profesionales en enfermería y obstetricia,Mujer,Gipuzkoa,Por 10.000 habitantes,128.3
2019,Densidad y distribución del personal sanitario,Profesionales en enfermería y obstetricia,Mujer,Gipuzkoa,Por 10.000 habitantes,133.4
2023,Densidad y distribución del personal sanitario,Profesionales en enfermería y obstetricia,Mujer,Gipuzkoa,Por 10.000 habitantes,183.7
2020,Densidad y distribución del personal sanitario,Profesionales en enfermería y obstetricia,Mujer,Gipuzkoa,Por 10.000 habitantes,135.2
2016,Densidad y distribución del personal sanitario,Profesionales en enfermería y obstetricia,Mujer,Gipuzkoa,Por 10.000 habitantes,132.2
2017,Densidad y distribución del personal sanitario,Profesionales en enfermería y obstetricia,Mujer,Gipuzkoa,Por 10.000 habitantes,131.4
2012,Densidad y distribución del personal sanitario,Profesionales en enfermería y obstetricia,Mujer,Gipuzkoa,Por 10.000 habitantes,125.1
2018,Densidad y distribución del personal sanitario,Profesionales en enfermería y obstetricia,Mujer,Gipuzkoa,Por 10.000 habitantes,131.0
2021,Densidad y distribución del personal sanitario,Profesionales en enfermería y obstetricia,Mujer,Gipuzkoa,Por 10.000 habitantes,136.0
2014,Densidad y distribución del personal sanitario,Profesionales en enfermería y obstetricia,Mujer,Gipuzkoa,Por 10.000 habitantes,130.6
2017,Densidad y distribución del personal sanitario,Profesionales en enfermería y obstetricia,Hombre,,Por 10.000 habitantes,15.1
2011,Densidad y distribución del personal sanitario,Profesionales en enfermería y obstetricia,Hombre,,Por 10.000 habitantes,14.5
2012,Densidad y distribución del personal sanitario,Profesionales en enfermería y obstetricia,Hombre,,Por 10.000 habitantes,14.5
2016,Densidad y distribución del personal sanitario,Profesionales en enfermería y obstetricia,Hombre,,Por 10.000 habitantes,14.9
2010,Densidad y distribución del personal sanitario,Profesionales en enfermería y obstetricia,Hombre,,Por 10.000 habitantes,12.5
2014,Densidad y distribución del personal sanitario,Profesionales en enfermería y obstetricia,Hombre,,Por 10.000 habitantes,13.9
2015,Densidad y distribución del personal sanitario,Profesionales en enfermería y obstetricia,Hombre,,Por 10.000 habitantes,14.3
2019,Densidad y distribución del personal sanitario,Profesionales en enfermería y obstetricia,Hombre,,Por 10.000 habitantes,16.4
2023,Densidad y distribución del personal sanitario,Profesionales en enfermería y obstetricia,Hombre,,Por 10.000 habitantes,20.9
2018,Densidad y distribución del personal sanitario,Profesionales en enfermería y obstetricia,Hombre,,Por 10.000 habitantes,15.6
2022,Densidad y distribución del personal sanitario,Profesionales en enfermería y obstetricia,Hombre,,Por 10.000 habitantes,18.3
2020,Densidad y distribución del personal sanitario,Profesionales en enfermería y obstetricia,Hombre,,Por 10.000 habitantes,17.5
2013,Densidad y distribución del personal sanitario,Profesionales en enfermería y obstetricia,Hombre,,Por 10.000 habitantes,13.4
2021,Densidad y distribución del personal sanitario,Profesionales en enfermería y obstetricia,Hombre,,Por 10.000 habitantes,17.8
2016,Densidad y distribución del personal sanitario,Profesionales en enfermería y obstetricia,Hombre,Araba/Álava,Por 10.000 habitantes,14.8
2018,Densidad y distribución del personal sanitario,Profesionales en enfermería y obstetricia,Hombre,Araba/Álava,Por 10.000 habitantes,16.4
2019,Densidad y distribución del personal sanitario,Profesionales en enfermería y obstetricia,Hombre,Araba/Álava,Por 10.000 habitantes,17.1
2023,Densidad y distribución del personal sanitario,Profesionales en enfermería y obstetricia,Hombre,Araba/Álava,Por 10.000 habitantes,20.2
2015,Densidad y distribución del personal sanitario,Profesionales en enfermería y obstetricia,Hombre,Araba/Álava,Por 10.000 habitantes,13.9
2021,Densidad y distribución del personal sanitario,Profesionales en enfermería y obstetricia,Hombre,Araba/Álava,Por 10.000 habitantes,19.5
2013,Densidad y distribución del personal sanitario,Profesionales en enfermería y obstetricia,Hombre,Araba/Álava,Por 10.000 habitantes,12.6
2011,Densidad y distribución del personal sanitario,Profesionales en enfermería y obstetricia,Hombre,Araba/Álava,Por 10.000 habitantes,12.3
2017,Densidad y distribución del personal sanitario,Profesionales en enfermería y obstetricia,Hombre,Araba/Álava,Por 10.000 habitantes,15.5
2012,Densidad y distribución del personal sanitario,Profesionales en enfermería y obstetricia,Hombre,Araba/Álava,Por 10.000 habitantes,12.4
2020,Densidad y distribución del personal sanitario,Profesionales en enfermería y obstetricia,Hombre,Araba/Álava,Por 10.000 habitantes,18.0
2014,Densidad y distribución del personal sanitario,Profesionales en enfermería y obstetricia,Hombre,Araba/Álava,Por 10.000 habitantes,13.7
2022,Densidad y distribución del personal sanitario,Profesionales en enfermería y obstetricia,Hombre,Araba/Álava,Por 10.000 habitantes,19.6
2010,Densidad y distribución del personal sanitario,Profesionales en enfermería y obstetricia,Hombre,Araba/Álava,Por 10.000 habitantes,12.3
2022,Densidad y distribución del personal sanitario,Profesionales en enfermería y obstetricia,Hombre,Bizkaia,Por 10.000 habitantes,21.6
2020,Densidad y distribución del personal sanitario,Profesionales en enfermería y obstetricia,Hombre,Bizkaia,Por 10.000 habitantes,20.8
2023,Densidad y distribución del personal sanitario,Profesionales en enfermería y obstetricia,Hombre,Bizkaia,Por 10.000 habitantes,22.5
2017,Densidad y distribución del personal sanitario,Profesionales en enfermería y obstetricia,Hombre,Bizkaia,Por 10.000 habitantes,17.9
2015,Densidad y distribución del personal sanitario,Profesionales en enfermería y obstetricia,Hombre,Bizkaia,Por 10.000 habitantes,17.0
2018,Densidad y distribución del personal sanitario,Profesionales en enfermería y obstetricia,Hombre,Bizkaia,Por 10.000 habitantes,18.5
2019,Densidad y distribución del personal sanitario,Profesionales en enfermería y obstetricia,Hombre,Bizkaia,Por 10.000 habitantes,19.4
2011,Densidad y distribución del personal sanitario,Profesionales en enfermería y obstetricia,Hombre,Bizkaia,Por 10.000 habitantes,15.9
2016,Densidad y distribución del personal sanitario,Profesionales en enfermería y obstetricia,Hombre,Bizkaia,Por 10.000 habitantes,17.6
2010,Densidad y distribución del personal sanitario,Profesionales en enfermería y obstetricia,Hombre,Bizkaia,Por 10.000 habitantes,15.2
2014,Densidad y distribución del personal sanitario,Profesionales en enfermería y obstetricia,Hombre,Bizkaia,Por 10.000 habitantes,16.5
2012,Densidad y distribución del personal sanitario,Profesionales en enfermería y obstetricia,Hombre,Bizkaia,Por 10.000 habitantes,16.1
2021,Densidad y distribución del personal sanitario,Profesionales en enfermería y obstetricia,Hombre,Bizkaia,Por 10.000 habitantes,21.0
2013,Densidad y distribución del personal sanitario,Profesionales en enfermería y obstetricia,Hombre,Bizkaia,Por 10.000 habitantes,16.2
2019,Densidad y distribución del personal sanitario,Profesionales en enfermería y obstetricia,Hombre,Gipuzkoa,Por 10.000 habitantes,11.3
2014,Densidad y distribución del personal sanitario,Profesionales en enfermería y obstetricia,Hombre,Gipuzkoa,Por 10.000 habitantes,9.7
2020,Densidad y distribución del personal sanitario,Profesionales en enfermería y obstetricia,Hombre,Gipuzkoa,Por 10.000 habitantes,12.0
2022,Densidad y distribución del personal sanitario,Profesionales en enfermería y obstetricia,Hombre,Gipuzkoa,Por 10.000 habitantes,12.5
2010,Densidad y distribución del personal sanitario,Profesionales en enfermería y obstetricia,Hombre,Gipuzkoa,Por 10.000 habitantes,8.1
2016,Densidad y distribución del personal sanitario,Profesionales en enfermería y obstetricia,Hombre,Gipuzkoa,Por 10.000 habitantes,10.5
2012,Densidad y distribución del personal sanitario,Profesionales en enfermería y obstetricia,Hombre,Gipuzkoa,Por 10.000 habitantes,12.9
2018,Densidad y distribución del personal sanitario,Profesionales en enfermería y obstetricia,Hombre,Gipuzkoa,Por 10.000 habitantes,10.7
2021,Densidad y distribución del personal sanitario,Profesionales en enfermería y obstetricia,Hombre,Gipuzkoa,Por 10.000 habitantes,12.1
2013,Densidad y distribución del personal sanitario,Profesionales en enfermería y obstetricia,Hombre,Gipuzkoa,Por 10.000 habitantes,9.4
2017,Densidad y distribución del personal sanitario,Profesionales en enfermería y obstetricia,Hombre,Gipuzkoa,Por 10.000 habitantes,10.4
2015,Densidad y distribución del personal sanitario,Profesionales en enfermería y obstetricia,Hombre,Gipuzkoa,Por 10.000 habitantes,10.1
2011,Densidad y distribución del personal sanitario,Profesionales en enfermería y obstetricia,Hombre,Gipuzkoa,Por 10.000 habitantes,13.3
2023,Densidad y distribución del personal sanitario,Profesionales en enfermería y obstetricia,Hombre,Gipuzkoa,Por 10.000 habitantes,18.7
2012,Densidad y distribución del personal sanitario,Dentista,,,Por 10.000 habitantes,7.6
2022,Densidad y distribución del personal sanitario,Dentista,,,Por 10.000 habitantes,9.0
2010,Densidad y distribución del personal sanitario,Dentista,,,Por 10.000 habitantes,7.3
2017,Densidad y distribución del personal sanitario,Dentista,,,Por 10.000 habitantes,8.5
2014,Densidad y distribución del personal sanitario,Dentista,,,Por 10.000 habitantes,7.9
2016,Densidad y distribución del personal sanitario,Dentista,,,Por 10.000 habitantes,8.4
2011,Densidad y distribución del personal sanitario,Dentista,,,Por 10.000 habitantes,7.4
2020,Densidad y distribución del personal sanitario,Dentista,,,Por 10.000 habitantes,8.7
2021,Densidad y distribución del personal sanitario,Dentista,,,Por 10.000 habitantes,9.0
2015,Densidad y distribución del personal sanitario,Dentista,,,Por 10.000 habitantes,8.2
2019,Densidad y distribución del personal sanitario,Dentista,,,Por 10.000 habitantes,8.7
2013,Densidad y distribución del personal sanitario,Dentista,,,Por 10.000 habitantes,7.8
2023,Densidad y distribución del personal sanitario,Dentista,,,Por 10.000 habitantes,9.1
2018,Densidad y distribución del personal sanitario,Dentista,,,Por 10.000 habitantes,8.6
2022,Densidad y distribución del personal sanitario,Dentista,,Araba/Álava,Por 10.000 habitantes,6.4
2013,Densidad y distribución del personal sanitario,Dentista,,Araba/Álava,Por 10.000 habitantes,6.0
2023,Densidad y distribución del personal sanitario,Dentista,,Araba/Álava,Por 10.000 habitantes,6.4
2017,Densidad y distribución del personal sanitario,Dentista,,Araba/Álava,Por 10.000 habitantes,6.3
2011,Densidad y distribución del personal sanitario,Dentista,,Araba/Álava,Por 10.000 habitantes,5.8
2021,Densidad y distribución del personal sanitario,Dentista,,Araba/Álava,Por 10.000 habitantes,6.6
2015,Densidad y distribución del personal sanitario,Dentista,,Araba/Álava,Por 10.000 habitantes,6.5
2014,Densidad y distribución del personal sanitario,Dentista,,Araba/Álava,Por 10.000 habitantes,6.3
2020,Densidad y distribución del personal sanitario,Dentista,,Araba/Álava,Por 10.000 habitantes,6.7
2010,Densidad y distribución del personal sanitario,Dentista,,Araba/Álava,Por 10.000 habitantes,5.6
2016,Densidad y distribución del personal sanitario,Dentista,,Araba/Álava,Por 10.000 habitantes,6.5
2012,Densidad y distribución del personal sanitario,Dentista,,Araba/Álava,Por 10.000 habitantes,5.7
2018,Densidad y distribución del personal sanitario,Dentista,,Araba/Álava,Por 10.000 habitantes,6.4
2019,Densidad y distribución del personal sanitario,Dentista,,Araba/Álava,Por 10.000 habitantes,6.7
2023,Densidad y distribución del personal sanitario,Dentista,,Bizkaia,Por 10.000 habitantes,9.3
2010,Densidad y distribución del personal sanitario,Dentista,,Bizkaia,Por 10.000 habitantes,7.7
2016,Densidad y distribución del personal sanitario,Dentista,,Bizkaia,Por 10.000 habitantes,8.7
2017,Densidad y distribución del personal sanitario,Dentista,,Bizkaia,Por 10.000 habitantes,8.9
2022,Densidad y distribución del personal sanitario,Dentista,,Bizkaia,Por 10.000 habitantes,9.3
2014,Densidad y distribución del personal sanitario,Dentista,,Bizkaia,Por 10.000 habitantes,8.3
2020,Densidad y distribución del personal sanitario,Dentista,,Bizkaia,Por 10.000 habitantes,9.1
2018,Densidad y distribución del personal sanitario,Dentista,,Bizkaia,Por 10.000 habitantes,9.1
2012,Densidad y distribución del personal sanitario,Dentista,,Bizkaia,Por 10.000 habitantes,7.9
2013,Densidad y distribución del personal sanitario,Dentista,,Bizkaia,Por 10.000 habitantes,8.1
2019,Densidad y distribución del personal sanitario,Dentista,,Bizkaia,Por 10.000 habitantes,9.1
2011,Densidad y distribución del personal sanitario,Dentista,,Bizkaia,Por 10.000 habitantes,7.9
2015,Densidad y distribución del personal sanitario,Dentista,,Bizkaia,Por 10.000 habitantes,8.5
2021,Densidad y distribución del personal sanitario,Dentista,,Bizkaia,Por 10.000 habitantes,9.2
2020,Densidad y distribución del personal sanitario,Dentista,,Gipuzkoa,Por 10.000 habitantes,9.1
2015,Densidad y distribución del personal sanitario,Dentista,,Gipuzkoa,Por 10.000 habitantes,8.5
2012,Densidad y distribución del personal sanitario,Dentista,,Gipuzkoa,Por 10.000 habitantes,8.0
2018,Densidad y distribución del personal sanitario,Dentista,,Gipuzkoa,Por 10.000 habitantes,8.8
2014,Densidad y distribución del personal sanitario,Dentista,,Gipuzkoa,Por 10.000 habitantes,8.0
2011,Densidad y distribución del personal sanitario,Dentista,,Gipuzkoa,Por 10.000 habitantes,7.3
2016,Densidad y distribución del personal sanitario,Dentista,,Gipuzkoa,Por 10.000 habitantes,8.7
2022,Densidad y distribución del personal sanitario,Dentista,,Gipuzkoa,Por 10.000 habitantes,9.8
2019,Densidad y distribución del personal sanitario,Dentista,,Gipuzkoa,Por 10.000 habitantes,8.9
2017,Densidad y distribución del personal sanitario,Dentista,,Gipuzkoa,Por 10.000 habitantes,8.7
2021,Densidad y distribución del personal sanitario,Dentista,,Gipuzkoa,Por 10.000 habitantes,9.7
2010,Densidad y distribución del personal sanitario,Dentista,,Gipuzkoa,Por 10.000 habitantes,7.3
2013,Densidad y distribución del personal sanitario,Dentista,,Gipuzkoa,Por 10.000 habitantes,8.1
2023,Densidad y distribución del personal sanitario,Dentista,,Gipuzkoa,Por 10.000 habitantes,10.0
2020,Densidad y distribución del personal sanitario,Dentista,Mujer,,Por 10.000 habitantes,11.1
2022,Densidad y distribución del personal sanitario,Dentista,Mujer,,Por 10.000 habitantes,11.4
2013,Densidad y distribución del personal sanitario,Dentista,Mujer,,Por 10.000 habitantes,9.3
2014,Densidad y distribución del personal sanitario,Dentista,Mujer,,Por 10.000 habitantes,9.5
2016,Densidad y distribución del personal sanitario,Dentista,Mujer,,Por 10.000 habitantes,10.2
2011,Densidad y distribución del personal sanitario,Dentista,Mujer,,Por 10.000 habitantes,6.9
2015,Densidad y distribución del personal sanitario,Dentista,Mujer,,Por 10.000 habitantes,9.9
2021,Densidad y distribución del personal sanitario,Dentista,Mujer,,Por 10.000 habitantes,11.3
2012,Densidad y distribución del personal sanitario,Dentista,Mujer,,Por 10.000 habitantes,9.0
2018,Densidad y distribución del personal sanitario,Dentista,Mujer,,Por 10.000 habitantes,10.7
2019,Densidad y distribución del personal sanitario,Dentista,Mujer,,Por 10.000 habitantes,10.7
2017,Densidad y distribución del personal sanitario,Dentista,Mujer,,Por 10.000 habitantes,10.4
2010,Densidad y distribución del personal sanitario,Dentista,Mujer,,Por 10.000 habitantes,6.8
2023,Densidad y distribución del personal sanitario,Dentista,Mujer,,Por 10.000 habitantes,11.6
2016,Densidad y distribución del personal sanitario,Dentista,Mujer,Araba/Álava,Por 10.000 habitantes,8.3
2023,Densidad y distribución del personal sanitario,Dentista,Mujer,Araba/Álava,Por 10.000 habitantes,8.2
2011,Densidad y distribución del personal sanitario,Dentista,Mujer,Araba/Álava,Por 10.000 habitantes,5.6
2015,Densidad y distribución del personal sanitario,Dentista,Mujer,Araba/Álava,Por 10.000 habitantes,8.2
2019,Densidad y distribución del personal sanitario,Dentista,Mujer,Araba/Álava,Por 10.000 habitantes,8.5
2017,Densidad y distribución del personal sanitario,Dentista,Mujer,Araba/Álava,Por 10.000 habitantes,7.9
2010,Densidad y distribución del personal sanitario,Dentista,Mujer,Araba/Álava,Por 10.000 habitantes,5.4
2014,Densidad y distribución del personal sanitario,Dentista,Mujer,Araba/Álava,Por 10.000 habitantes,8.0
2012,Densidad y distribución del personal sanitario,Dentista,Mujer,Araba/Álava,Por 10.000 habitantes,7.2
2021,Densidad y distribución del personal sanitario,Dentista,Mujer,Araba/Álava,Por 10.000 habitantes,8.2
2013,Densidad y distribución del personal sanitario,Dentista,Mujer,Araba/Álava,Por 10.000 habitantes,7.7
2018,Densidad y distribución del personal sanitario,Dentista,Mujer,Araba/Álava,Por 10.000 habitantes,8.0
2022,Densidad y distribución del personal sanitario,Dentista,Mujer,Araba/Álava,Por 10.000 habitantes,8.1
2020,Densidad y distribución del personal sanitario,Dentista,Mujer,Araba/Álava,Por 10.000 habitantes,8.5
2010,Densidad y distribución del personal sanitario,Dentista,Mujer,Bizkaia,Por 10.000 habitantes,7.2
2020,Densidad y distribución del personal sanitario,Dentista,Mujer,Bizkaia,Por 10.000 habitantes,11.4
2023,Densidad y distribución del personal sanitario,Dentista,Mujer,Bizkaia,Por 10.000 habitantes,11.9
2018,Densidad y distribución del personal sanitario,Dentista,Mujer,Bizkaia,Por 10.000 habitantes,11.2
2022,Densidad y distribución del personal sanitario,Dentista,Mujer,Bizkaia,Por 10.000 habitantes,11.9
2021,Densidad y distribución del personal sanitario,Dentista,Mujer,Bizkaia,Por 10.000 habitantes,11.7
2013,Densidad y distribución del personal sanitario,Dentista,Mujer,Bizkaia,Por 10.000 habitantes,9.4
2011,Densidad y distribución del personal sanitario,Dentista,Mujer,Bizkaia,Por 10.000 habitantes,7.3
2014,Densidad y distribución del personal sanitario,Dentista,Mujer,Bizkaia,Por 10.000 habitantes,9.7
2015,Densidad y distribución del personal sanitario,Dentista,Mujer,Bizkaia,Por 10.000 habitantes,10.1
2016,Densidad y distribución del personal sanitario,Dentista,Mujer,Bizkaia,Por 10.000 habitantes,10.4
2012,Densidad y distribución del personal sanitario,Dentista,Mujer,Bizkaia,Por 10.000 habitantes,9.2
2019,Densidad y distribución del personal sanitario,Dentista,Mujer,Bizkaia,Por 10.000 habitantes,11.3
2017,Densidad y distribución del personal sanitario,Dentista,Mujer,Bizkaia,Por 10.000 habitantes,10.8
2023,Densidad y distribución del personal sanitario,Dentista,Mujer,Gipuzkoa,Por 10.000 habitantes,12.6
2017,Densidad y distribución del personal sanitario,Dentista,Mujer,Gipuzkoa,Por 10.000 habitantes,10.8
2013,Densidad y distribución del personal sanitario,Dentista,Mujer,Gipuzkoa,Por 10.000 habitantes,9.6
2014,Densidad y distribución del personal sanitario,Dentista,Mujer,Gipuzkoa,Por 10.000 habitantes,9.8
2010,Densidad y distribución del personal sanitario,Dentista,Mujer,Gipuzkoa,Por 10.000 habitantes,6.7
2022,Densidad y distribución del personal sanitario,Dentista,Mujer,Gipuzkoa,Por 10.000 habitantes,12.2
2019,Densidad y distribución del personal sanitario,Dentista,Mujer,Gipuzkoa,Por 10.000 habitantes,10.6
2011,Densidad y distribución del personal sanitario,Dentista,Mujer,Gipuzkoa,Por 10.000 habitantes,6.7
2015,Densidad y distribución del personal sanitario,Dentista,Mujer,Gipuzkoa,Por 10.000 habitantes,10.3
2016,Densidad y distribución del personal sanitario,Dentista,Mujer,Gipuzkoa,Por 10.000 habitantes,10.7
2021,Densidad y distribución del personal sanitario,Dentista,Mujer,Gipuzkoa,Por 10.000 habitantes,12.1
2018,Densidad y distribución del personal sanitario,Dentista,Mujer,Gipuzkoa,Por 10.000 habitantes,11.1
2020,Densidad y distribución del personal sanitario,Dentista,Mujer,Gipuzkoa,Por 10.000 habitantes,11.8
2012,Densidad y distribución del personal sanitario,Dentista,Mujer,Gipuzkoa,Por 10.000 habitantes,9.5
2011,Densidad y distribución del personal sanitario,Dentista,Hombre,,Por 10.000 habitantes,7.9
2018,Densidad y distribución del personal sanitario,Dentista,Hombre,,Por 10.000 habitantes,6.4
2010,Densidad y distribución del personal sanitario,Dentista,Hombre,,Por 10.000 habitantes,7.8
2023,Densidad y distribución del personal sanitario,Dentista,Hombre,,Por 10.000 habitantes,6.4
2015,Densidad y distribución del personal sanitario,Dentista,Hombre,,Por 10.000 habitantes,6.4
2014,Densidad y distribución del personal sanitario,Dentista,Hombre,,Por 10.000 habitantes,6.2
2019,Densidad y distribución del personal sanitario,Dentista,Hombre,,Por 10.000 habitantes,6.6
2016,Densidad y distribución del personal sanitario,Dentista,Hombre,,Por 10.000 habitantes,6.4
2021,Densidad y distribución del personal sanitario,Dentista,Hombre,,Por 10.000 habitantes,6.5
2012,Densidad y distribución del personal sanitario,Dentista,Hombre,,Por 10.000 habitantes,6.1
2022,Densidad y distribución del personal sanitario,Dentista,Hombre,,Por 10.000 habitantes,6.5
2020,Densidad y distribución del personal sanitario,Dentista,Hombre,,Por 10.000 habitantes,6.2
2013,Densidad y distribución del personal sanitario,Dentista,Hombre,,Por 10.000 habitantes,6.2
2017,Densidad y distribución del personal sanitario,Dentista,Hombre,,Por 10.000 habitantes,6.4
2014,Densidad y distribución del personal sanitario,Dentista,Hombre,Araba/Álava,Por 10.000 habitantes,4.5
2021,Densidad y distribución del personal sanitario,Dentista,Hombre,Araba/Álava,Por 10.000 habitantes,5.0
2018,Densidad y distribución del personal sanitario,Dentista,Hombre,Araba/Álava,Por 10.000 habitantes,4.7
2022,Densidad y distribución del personal sanitario,Dentista,Hombre,Araba/Álava,Por 10.000 habitantes,4.7
2016,Densidad y distribución del personal sanitario,Dentista,Hombre,Araba/Álava,Por 10.000 habitantes,4.7
2012,Densidad y distribución del personal sanitario,Dentista,Hombre,Araba/Álava,Por 10.000 habitantes,4.2
2015,Densidad y distribución del personal sanitario,Dentista,Hombre,Araba/Álava,Por 10.000 habitantes,4.7
2013,Densidad y distribución del personal sanitario,Dentista,Hombre,Araba/Álava,Por 10.000 habitantes,4.3
2017,Densidad y distribución del personal sanitario,Dentista,Hombre,Araba/Álava,Por 10.000 habitantes,4.6
2019,Densidad y distribución del personal sanitario,Dentista,Hombre,Araba/Álava,Por 10.000 habitantes,5.0
2011,Densidad y distribución del personal sanitario,Dentista,Hombre,Araba/Álava,Por 10.000 habitantes,6.0
2020,Densidad y distribución del personal sanitario,Dentista,Hombre,Araba/Álava,Por 10.000 habitantes,4.9
2010,Densidad y distribución del personal sanitario,Dentista,Hombre,Araba/Álava,Por 10.000 habitantes,5.9
2023,Densidad y distribución del personal sanitario,Dentista,Hombre,Araba/Álava,Por 10.000 habitantes,4.6
2011,Densidad y distribución del personal sanitario,Dentista,Hombre,Bizkaia,Por 10.000 habitantes,8.4
2013,Densidad y distribución del personal sanitario,Dentista,Hombre,Bizkaia,Por 10.000 habitantes,6.6
2021,Densidad y distribución del personal sanitario,Dentista,Hombre,Bizkaia,Por 10.000 habitantes,6.5
2018,Densidad y distribución del personal sanitario,Dentista,Hombre,Bizkaia,Por 10.000 habitantes,6.8
2022,Densidad y distribución del personal sanitario,Dentista,Hombre,Bizkaia,Por 10.000 habitantes,6.5
2020,Densidad y distribución del personal sanitario,Dentista,Hombre,Bizkaia,Por 10.000 habitantes,6.5
2015,Densidad y distribución del personal sanitario,Dentista,Hombre,Bizkaia,Por 10.000 habitantes,6.8
2023,Densidad y distribución del personal sanitario,Dentista,Hombre,Bizkaia,Por 10.000 habitantes,6.4
2014,Densidad y distribución del personal sanitario,Dentista,Hombre,Bizkaia,Por 10.000 habitantes,6.7
2010,Densidad y distribución del personal sanitario,Dentista,Hombre,Bizkaia,Por 10.000 habitantes,8.3
2012,Densidad y distribución del personal sanitario,Dentista,Hombre,Bizkaia,Por 10.000 habitantes,6.4
2016,Densidad y distribución del personal sanitario,Dentista,Hombre,Bizkaia,Por 10.000 habitantes,6.8
2019,Densidad y distribución del personal sanitario,Dentista,Hombre,Bizkaia,Por 10.000 habitantes,6.8
2017,Densidad y distribución del personal sanitario,Dentista,Hombre,Bizkaia,Por 10.000 habitantes,6.9
2020,Densidad y distribución del personal sanitario,Dentista,Hombre,Gipuzkoa,Por 10.000 habitantes,6.4
2014,Densidad y distribución del personal sanitario,Dentista,Hombre,Gipuzkoa,Por 10.000 habitantes,6.1
2021,Densidad y distribución del personal sanitario,Dentista,Hombre,Gipuzkoa,Por 10.000 habitantes,7.2
2017,Densidad y distribución del personal sanitario,Dentista,Hombre,Gipuzkoa,Por 10.000 habitantes,6.5
2019,Densidad y distribución del personal sanitario,Dentista,Hombre,Gipuzkoa,Por 10.000 habitantes,7.0
2015,Densidad y distribución del personal sanitario,Dentista,Hombre,Gipuzkoa,Por 10.000 habitantes,6.6
2013,Densidad y distribución del personal sanitario,Dentista,Hombre,Gipuzkoa,Por 10.000 habitantes,6.5
2023,Densidad y distribución del personal sanitario,Dentista,Hombre,Gipuzkoa,Por 10.000 habitantes,7.3
2011,Densidad y distribución del personal sanitario,Dentista,Hombre,Gipuzkoa,Por 10.000 habitantes,8.0
2022,Densidad y distribución del personal sanitario,Dentista,Hombre,Gipuzkoa,Por 10.000 habitantes,7.3
2018,Densidad y distribución del personal sanitario,Dentista,Hombre,Gipuzkoa,Por 10.000 habitantes,6.5
2012,Densidad y distribución del personal sanitario,Dentista,Hombre,Gipuzkoa,Por 10.000 habitantes,6.5
2016,Densidad y distribución del personal sanitario,Dentista,Hombre,Gipuzkoa,Por 10.000 habitantes,6.6
2010,Densidad y distribución del personal sanitario,Dentista,Hombre,Gipuzkoa,Por 10.000 habitantes,7.9
2019,Densidad y distribución del personal sanitario,Farmaceútico,,,Por 10.000 habitantes,16.0
2022,Densidad y distribución del personal sanitario,Farmaceútico,,,Por 10.000 habitantes,16.8
2015,Densidad y distribución del personal sanitario,Farmaceútico,,,Por 10.000 habitantes,14.9
2020,Densidad y distribución del personal sanitario,Farmaceútico,,,Por 10.000 habitantes,16.2
2021,Densidad y distribución del personal sanitario,Farmaceútico,,,Por 10.000 habitantes,16.4
2017,Densidad y distribución del personal sanitario,Farmaceútico,,,Por 10.000 habitantes,15.6
2013,Densidad y distribución del personal sanitario,Farmaceútico,,,Por 10.000 habitantes,14.4
2010,Densidad y distribución del personal sanitario,Farmaceútico,,,Por 10.000 habitantes,13.6
2014,Densidad y distribución del personal sanitario,Farmaceútico,,,Por 10.000 habitantes,14.7
2018,Densidad y distribución del personal sanitario,Farmaceútico,,,Por 10.000 habitantes,15.9
2011,Densidad y distribución del personal sanitario,Farmaceútico,,,Por 10.000 habitantes,13.8
2023,Densidad y distribución del personal sanitario,Farmaceútico,,,Por 10.000 habitantes,16.7
2012,Densidad y distribución del personal sanitario,Farmaceútico,,,Por 10.000 habitantes,14.1
2016,Densidad y distribución del personal sanitario,Farmaceútico,,,Por 10.000 habitantes,15.4
2012,Densidad y distribución del personal sanitario,Farmaceútico,,Araba/Álava,Por 10.000 habitantes,14.4
2022,Densidad y distribución del personal sanitario,Farmaceútico,,Araba/Álava,Por 10.000 habitantes,17.3
2023,Densidad y distribución del personal sanitario,Farmaceútico,,Araba/Álava,Por 10.000 habitantes,17.1
2018,Densidad y distribución del personal sanitario,Farmaceútico,,Araba/Álava,Por 10.000 habitantes,16.0
2016,Densidad y distribución del personal sanitario,Farmaceútico,,Araba/Álava,Por 10.000 habitantes,15.7
2013,Densidad y distribución del personal sanitario,Farmaceútico,,Araba/Álava,Por 10.000 habitantes,14.7
2017,Densidad y distribución del personal sanitario,Farmaceútico,,Araba/Álava,Por 10.000 habitantes,15.8
2020,Densidad y distribución del personal sanitario,Farmaceútico,,Araba/Álava,Por 10.000 habitantes,16.5
2021,Densidad y distribución del personal sanitario,Farmaceútico,,Araba/Álava,Por 10.000 habitantes,16.5
2010,Densidad y distribución del personal sanitario,Farmaceútico,,Araba/Álava,Por 10.000 habitantes,13.8
2015,Densidad y distribución del personal sanitario,Farmaceútico,,Araba/Álava,Por 10.000 habitantes,15.2
2014,Densidad y distribución del personal sanitario,Farmaceútico,,Araba/Álava,Por 10.000 habitantes,15.0
2011,Densidad y distribución del personal sanitario,Farmaceútico,,Araba/Álava,Por 10.000 habitantes,14.1
2019,Densidad y distribución del personal sanitario,Farmaceútico,,Araba/Álava,Por 10.000 habitantes,16.2
2021,Densidad y distribución del personal sanitario,Farmaceútico,,Bizkaia,Por 10.000 habitantes,16.4
2017,Densidad y distribución del personal sanitario,Farmaceútico,,Bizkaia,Por 10.000 habitantes,15.8
2013,Densidad y distribución del personal sanitario,Farmaceútico,,Bizkaia,Por 10.000 habitantes,14.5
2011,Densidad y distribución del personal sanitario,Farmaceútico,,Bizkaia,Por 10.000 habitantes,14.1
2012,Densidad y distribución del personal sanitario,Farmaceútico,,Bizkaia,Por 10.000 habitantes,14.2
2014,Densidad y distribución del personal sanitario,Farmaceútico,,Bizkaia,Por 10.000 habitantes,14.8
2020,Densidad y distribución del personal sanitario,Farmaceútico,,Bizkaia,Por 10.000 habitantes,16.1
2015,Densidad y distribución del personal sanitario,Farmaceútico,,Bizkaia,Por 10.000 habitantes,15.2
2016,Densidad y distribución del personal sanitario,Farmaceútico,,Bizkaia,Por 10.000 habitantes,15.6
2019,Densidad y distribución del personal sanitario,Farmaceútico,,Bizkaia,Por 10.000 habitantes,16.0
2010,Densidad y distribución del personal sanitario,Farmaceútico,,Bizkaia,Por 10.000 habitantes,14.0
2018,Densidad y distribución del personal sanitario,Farmaceútico,,Bizkaia,Por 10.000 habitantes,16.0
2022,Densidad y distribución del personal sanitario,Farmaceútico,,Bizkaia,Por 10.000 habitantes,16.6
2023,Densidad y distribución del personal sanitario,Farmaceútico,,Bizkaia,Por 10.000 habitantes,16.5
2019,Densidad y distribución del personal sanitario,Farmaceútico,,Gipuzkoa,Por 10.000 habitantes,15.9
2011,Densidad y distribución del personal sanitario,Farmaceútico,,Gipuzkoa,Por 10.000 habitantes,13.3
2023,Densidad y distribución del personal sanitario,Farmaceútico,,Gipuzkoa,Por 10.000 habitantes,16.8
2015,Densidad y distribución del personal sanitario,Farmaceútico,,Gipuzkoa,Por 10.000 habitantes,14.5
2014,Densidad y distribución del personal sanitario,Farmaceútico,,Gipuzkoa,Por 10.000 habitantes,14.5
2010,Densidad y distribución del personal sanitario,Farmaceútico,,Gipuzkoa,Por 10.000 habitantes,12.9
2021,Densidad y distribución del personal sanitario,Farmaceútico,,Gipuzkoa,Por 10.000 habitantes,16.3
2013,Densidad y distribución del personal sanitario,Farmaceútico,,Gipuzkoa,Por 10.000 habitantes,14.0
2018,Densidad y distribución del personal sanitario,Farmaceútico,,Gipuzkoa,Por 10.000 habitantes,15.7
2012,Densidad y distribución del personal sanitario,Farmaceútico,,Gipuzkoa,Por 10.000 habitantes,13.7
2020,Densidad y distribución del personal sanitario,Farmaceútico,,Gipuzkoa,Por 10.000 habitantes,16.3
2016,Densidad y distribución del personal sanitario,Farmaceútico,,Gipuzkoa,Por 10.000 habitantes,14.9
2017,Densidad y distribución del personal sanitario,Farmaceútico,,Gipuzkoa,Por 10.000 habitantes,15.2
2022,Densidad y distribución del personal sanitario,Farmaceútico,,Gipuzkoa,Por 10.000 habitantes,16.9
2018,Densidad y distribución del personal sanitario,Farmaceútico,Mujer,,Por 10.000 habitantes,24.7
2016,Densidad y distribución del personal sanitario,Farmaceútico,Mujer,,Por 10.000 habitantes,23.9
2020,Densidad y distribución del personal sanitario,Farmaceútico,Mujer,,Por 10.000 habitantes,25.3
2013,Densidad y distribución del personal sanitario,Farmaceútico,Mujer,,Por 10.000 habitantes,22.4
2015,Densidad y distribución del personal sanitario,Farmaceútico,Mujer,,Por 10.000 habitantes,23.3
2012,Densidad y distribución del personal sanitario,Farmaceútico,Mujer,,Por 10.000 habitantes,21.9
2014,Densidad y distribución del personal sanitario,Farmaceútico,Mujer,,Por 10.000 habitantes,22.9
2010,Densidad y distribución del personal sanitario,Farmaceútico,Mujer,,Por 10.000 habitantes,21.3
2019,Densidad y distribución del personal sanitario,Farmaceútico,Mujer,,Por 10.000 habitantes,24.9
2017,Densidad y distribución del personal sanitario,Farmaceútico,Mujer,,Por 10.000 habitantes,24.4
2011,Densidad y distribución del personal sanitario,Farmaceútico,Mujer,,Por 10.000 habitantes,21.7
2021,Densidad y distribución del personal sanitario,Farmaceútico,Mujer,,Por 10.000 habitantes,25.7
2023,Densidad y distribución del personal sanitario,Farmaceútico,Mujer,,Por 10.000 habitantes,26.1
2022,Densidad y distribución del personal sanitario,Farmaceútico,Mujer,,Por 10.000 habitantes,26.3
2011,Densidad y distribución del personal sanitario,Farmaceútico,Mujer,Araba/Álava,Por 10.000 habitantes,22.1
2015,Densidad y distribución del personal sanitario,Farmaceútico,Mujer,Araba/Álava,Por 10.000 habitantes,23.2
2021,Densidad y distribución del personal sanitario,Farmaceútico,Mujer,Araba/Álava,Por 10.000 habitantes,25.4
2010,Densidad y distribución del personal sanitario,Farmaceútico,Mujer,Araba/Álava,Por 10.000 habitantes,21.2
2013,Densidad y distribución del personal sanitario,Farmaceútico,Mujer,Araba/Álava,Por 10.000 habitantes,22.8
2023,Densidad y distribución del personal sanitario,Farmaceútico,Mujer,Araba/Álava,Por 10.000 habitantes,27.0
2020,Densidad y distribución del personal sanitario,Farmaceútico,Mujer,Araba/Álava,Por 10.000 habitantes,25.4
2012,Densidad y distribución del personal sanitario,Farmaceútico,Mujer,Araba/Álava,Por 10.000 habitantes,22.5
2017,Densidad y distribución del personal sanitario,Farmaceútico,Mujer,Araba/Álava,Por 10.000 habitantes,24.1
2014,Densidad y distribución del personal sanitario,Farmaceútico,Mujer,Araba/Álava,Por 10.000 habitantes,23.4
2016,Densidad y distribución del personal sanitario,Farmaceútico,Mujer,Araba/Álava,Por 10.000 habitantes,23.8
2022,Densidad y distribución del personal sanitario,Farmaceútico,Mujer,Araba/Álava,Por 10.000 habitantes,27.4
2019,Densidad y distribución del personal sanitario,Farmaceútico,Mujer,Araba/Álava,Por 10.000 habitantes,24.7
2018,Densidad y distribución del personal sanitario,Farmaceútico,Mujer,Araba/Álava,Por 10.000 habitantes,24.3
2013,Densidad y distribución del personal sanitario,Farmaceútico,Mujer,Bizkaia,Por 10.000 habitantes,22.5
2019,Densidad y distribución del personal sanitario,Farmaceútico,Mujer,Bizkaia,Por 10.000 habitantes,24.8
2014,Densidad y distribución del personal sanitario,Farmaceútico,Mujer,Bizkaia,Por 10.000 habitantes,22.9
2016,Densidad y distribución del personal sanitario,Farmaceútico,Mujer,Bizkaia,Por 10.000 habitantes,24.2
2023,Densidad y distribución del personal sanitario,Farmaceútico,Mujer,Bizkaia,Por 10.000 habitantes,25.4
2020,Densidad y distribución del personal sanitario,Farmaceútico,Mujer,Bizkaia,Por 10.000 habitantes,24.9
2022,Densidad y distribución del personal sanitario,Farmaceútico,Mujer,Bizkaia,Por 10.000 habitantes,25.8
2018,Densidad y distribución del personal sanitario,Farmaceútico,Mujer,Bizkaia,Por 10.000 habitantes,24.8
2015,Densidad y distribución del personal sanitario,Farmaceútico,Mujer,Bizkaia,Por 10.000 habitantes,23.5
2017,Densidad y distribución del personal sanitario,Farmaceútico,Mujer,Bizkaia,Por 10.000 habitantes,24.4
2010,Densidad y distribución del personal sanitario,Farmaceútico,Mujer,Bizkaia,Por 10.000 habitantes,21.9
2011,Densidad y distribución del personal sanitario,Farmaceútico,Mujer,Bizkaia,Por 10.000 habitantes,22.1
2012,Densidad y distribución del personal sanitario,Farmaceútico,Mujer,Bizkaia,Por 10.000 habitantes,22.1
2021,Densidad y distribución del personal sanitario,Farmaceútico,Mujer,Bizkaia,Por 10.000 habitantes,25.4
2011,Densidad y distribución del personal sanitario,Farmaceútico,Mujer,Gipuzkoa,Por 10.000 habitantes,20.8
2012,Densidad y distribución del personal sanitario,Farmaceútico,Mujer,Gipuzkoa,Por 10.000 habitantes,21.4
2020,Densidad y distribución del personal sanitario,Farmaceútico,Mujer,Gipuzkoa,Por 10.000 habitantes,25.8
2014,Densidad y distribución del personal sanitario,Farmaceútico,Mujer,Gipuzkoa,Por 10.000 habitantes,22.7
2021,Densidad y distribución del personal sanitario,Farmaceútico,Mujer,Gipuzkoa,Por 10.000 habitantes,26.3
2018,Densidad y distribución del personal sanitario,Farmaceútico,Mujer,Gipuzkoa,Por 10.000 habitantes,24.9
2022,Densidad y distribución del personal sanitario,Farmaceútico,Mujer,Gipuzkoa,Por 10.000 habitantes,26.7
2013,Densidad y distribución del personal sanitario,Farmaceútico,Mujer,Gipuzkoa,Por 10.000 habitantes,21.9
2023,Densidad y distribución del personal sanitario,Farmaceútico,Mujer,Gipuzkoa,Por 10.000 habitantes,26.8
2017,Densidad y distribución del personal sanitario,Farmaceútico,Mujer,Gipuzkoa,Por 10.000 habitantes,24.5
2010,Densidad y distribución del personal sanitario,Farmaceútico,Mujer,Gipuzkoa,Por 10.000 habitantes,20.3
2016,Densidad y distribución del personal sanitario,Farmaceútico,Mujer,Gipuzkoa,Por 10.000 habitantes,23.5
2015,Densidad y distribución del personal sanitario,Farmaceútico,Mujer,Gipuzkoa,Por 10.000 habitantes,23.0
2019,Densidad y distribución del personal sanitario,Farmaceútico,Mujer,Gipuzkoa,Por 10.000 habitantes,25.2
2018,Densidad y distribución del personal sanitario,Farmaceútico,Hombre,,Por 10.000 habitantes,6.6
2016,Densidad y distribución del personal sanitario,Farmaceútico,Hombre,,Por 10.000 habitantes,6.3
2013,Densidad y distribución del personal sanitario,Farmaceútico,Hombre,,Por 10.000 habitantes,6.0
2017,Densidad y distribución del personal sanitario,Farmaceútico,Hombre,,Por 10.000 habitantes,6.3
2022,Densidad y distribución del personal sanitario,Farmaceútico,Hombre,,Por 10.000 habitantes,6.7
2020,Densidad y distribución del personal sanitario,Farmaceútico,Hombre,,Por 10.000 habitantes,6.7
2021,Densidad y distribución del personal sanitario,Farmaceútico,Hombre,,Por 10.000 habitantes,6.5
2019,Densidad y distribución del personal sanitario,Farmaceútico,Hombre,,Por 10.000 habitantes,6.5
2015,Densidad y distribución del personal sanitario,Farmaceútico,Hombre,,Por 10.000 habitantes,6.1
2014,Densidad y distribución del personal sanitario,Farmaceútico,Hombre,,Por 10.000 habitantes,6.1
2010,Densidad y distribución del personal sanitario,Farmaceútico,Hombre,,Por 10.000 habitantes,5.6
2011,Densidad y distribución del personal sanitario,Farmaceútico,Hombre,,Por 10.000 habitantes,5.6
2012,Densidad y distribución del personal sanitario,Farmaceútico,Hombre,,Por 10.000 habitantes,5.9
2023,Densidad y distribución del personal sanitario,Farmaceútico,Hombre,,Por 10.000 habitantes,6.7
2022,Densidad y distribución del personal sanitario,Farmaceútico,Hombre,Araba/Álava,Por 10.000 habitantes,6.8
2021,Densidad y distribución del personal sanitario,Farmaceútico,Hombre,Araba/Álava,Por 10.000 habitantes,7.2
2013,Densidad y distribución del personal sanitario,Farmaceútico,Hombre,Araba/Álava,Por 10.000 habitantes,6.5
2017,Densidad y distribución del personal sanitario,Farmaceútico,Hombre,Araba/Álava,Por 10.000 habitantes,7.2
2019,Densidad y distribución del personal sanitario,Farmaceútico,Hombre,Araba/Álava,Por 10.000 habitantes,7.4
2014,Densidad y distribución del personal sanitario,Farmaceútico,Hombre,Araba/Álava,Por 10.000 habitantes,6.4
2018,Densidad y distribución del personal sanitario,Farmaceútico,Hombre,Araba/Álava,Por 10.000 habitantes,7.4
2011,Densidad y distribución del personal sanitario,Farmaceútico,Hombre,Araba/Álava,Por 10.000 habitantes,6.0
2010,Densidad y distribución del personal sanitario,Farmaceútico,Hombre,Araba/Álava,Por 10.000 habitantes,6.3
2023,Densidad y distribución del personal sanitario,Farmaceútico,Hombre,Araba/Álava,Por 10.000 habitantes,6.8
2016,Densidad y distribución del personal sanitario,Farmaceútico,Hombre,Araba/Álava,Por 10.000 habitantes,7.4
2015,Densidad y distribución del personal sanitario,Farmaceútico,Hombre,Araba/Álava,Por 10.000 habitantes,6.9
2020,Densidad y distribución del personal sanitario,Farmaceútico,Hombre,Araba/Álava,Por 10.000 habitantes,7.4
2012,Densidad y distribución del personal sanitario,Farmaceútico,Hombre,Araba/Álava,Por 10.000 habitantes,6.4
2017,Densidad y distribución del personal sanitario,Farmaceútico,Hombre,Bizkaia,Por 10.000 habitantes,6.5
2021,Densidad y distribución del personal sanitario,Farmaceútico,Hombre,Bizkaia,Por 10.000 habitantes,6.7
2013,Densidad y distribución del personal sanitario,Farmaceútico,Hombre,Bizkaia,Por 10.000 habitantes,6.0
2018,Densidad y distribución del personal sanitario,Farmaceútico,Hombre,Bizkaia,Por 10.000 habitantes,6.6
2012,Densidad y distribución del personal sanitario,Farmaceútico,Hombre,Bizkaia,Por 10.000 habitantes,5.8
2016,Densidad y distribución del personal sanitario,Farmaceútico,Hombre,Bizkaia,Por 10.000 habitantes,6.4
2020,Densidad y distribución del personal sanitario,Farmaceútico,Hombre,Bizkaia,Por 10.000 habitantes,6.6
2014,Densidad y distribución del personal sanitario,Farmaceútico,Hombre,Bizkaia,Por 10.000 habitantes,6.1
2010,Densidad y distribución del personal sanitario,Farmaceútico,Hombre,Bizkaia,Por 10.000 habitantes,5.5
2019,Densidad y distribución del personal sanitario,Farmaceútico,Hombre,Bizkaia,Por 10.000 habitantes,6.5
2023,Densidad y distribución del personal sanitario,Farmaceútico,Hombre,Bizkaia,Por 10.000 habitantes,7.0
2022,Densidad y distribución del personal sanitario,Farmaceútico,Hombre,Bizkaia,Por 10.000 habitantes,6.7
2011,Densidad y distribución del personal sanitario,Farmaceútico,Hombre,Bizkaia,Por 10.000 habitantes,5.5
2015,Densidad y distribución del personal sanitario,Farmaceútico,Hombre,Bizkaia,Por 10.000 habitantes,6.3
2017,Densidad y distribución del personal sanitario,Farmaceútico,Hombre,Gipuzkoa,Por 10.000 habitantes,5.6
2012,Densidad y distribución del personal sanitario,Farmaceútico,Hombre,Gipuzkoa,Por 10.000 habitantes,5.7
2010,Densidad y distribución del personal sanitario,Farmaceútico,Hombre,Gipuzkoa,Por 10.000 habitantes,5.3
2013,Densidad y distribución del personal sanitario,Farmaceútico,Hombre,Gipuzkoa,Por 10.000 habitantes,5.7
2019,Densidad y distribución del personal sanitario,Farmaceútico,Hombre,Gipuzkoa,Por 10.000 habitantes,6.1
2011,Densidad y distribución del personal sanitario,Farmaceútico,Hombre,Gipuzkoa,Por 10.000 habitantes,5.4
2015,Densidad y distribución del personal sanitario,Farmaceútico,Hombre,Gipuzkoa,Por 10.000 habitantes,5.6
2023,Densidad y distribución del personal sanitario,Farmaceútico,Hombre,Gipuzkoa,Por 10.000 habitantes,6.3
2014,Densidad y distribución del personal sanitario,Farmaceútico,Hombre,Gipuzkoa,Por 10.000 habitantes,5.9
2018,Densidad y distribución del personal sanitario,Farmaceútico,Hombre,Gipuzkoa,Por 10.000 habitantes,6.2
2022,Densidad y distribución del personal sanitario,Farmaceútico,Hombre,Gipuzkoa,Por 10.000 habitantes,6.6
2021,Densidad y distribución del personal sanitario,Farmaceútico,Hombre,Gipuzkoa,Por 10.000 habitantes,5.8
2020,Densidad y distribución del personal sanitario,Farmaceútico,Hombre,Gipuzkoa,Por 10.000 habitantes,6.4
2016,Densidad y distribución del personal sanitario,Farmaceútico,Hombre,Gipuzkoa,Por 10.000 habitantes,5.8
