Year,Sexo,Territorio histórico,Comarca,Municipio,Units,GeoCode,Value
2022,,,,,%,,96.8
2021,,,,,%,,99.7
2023,,,,,%,,100.0
2021,,,,Abadiño,%,Abadiño,100.0
2022,,,,Abadiño,%,Abadiño,97.3
2023,,,,Abadiño,%,Abadiño,100.0
2023,,,,Abaltzisketa,%,Abaltzisketa,100.0
2022,,,,Abaltzisketa,%,Abaltzisketa,100.0
2023,,,,Abanto y Ciérvana-Abanto Zierbena,%,Abanto y Ciérvana-Abanto Zierbena,100.0
2021,,,,Abanto y Ciérvana-Abanto Zierbena,%,Abanto y Ciérvana-Abanto Zierbena,100.0
2022,,,,Abanto y Ciérvana-Abanto Zierbena,%,Abanto y Ciérvana-Abanto Zierbena,95.7
2021,,,,Aduna,%,Aduna,100.0
2022,,,,Aduna,%,Aduna,100.0
2023,,,,Aduna,%,Aduna,100.0
2023,,,,Agurain/Salvatierra,%,Agurain/Salvatierra,100.0
2021,,,,Agurain/Salvatierra,%,Agurain/Salvatierra,100.0
2022,,,,Agurain/Salvatierra,%,Agurain/Salvatierra,93.8
2021,,,,Aia,%,Aia,100.0
2023,,,,Aia,%,Aia,100.0
2022,,,,Aia,%,Aia,95.8
2023,,,,Aizarnazabal,%,Aizarnazabal,100.0
2021,,,,Aizarnazabal,%,Aizarnazabal,100.0
2022,,,,Aizarnazabal,%,Aizarnazabal,100.0
2021,,,,Ajangiz,%,Ajangiz,100.0
2023,,,,Ajangiz,%,Ajangiz,100.0
2022,,,,Ajangiz,%,Ajangiz,100.0
2021,,,,Albiztur,%,Albiztur,100.0
2023,,,,Albiztur,%,Albiztur,100.0
2022,,,,Albiztur,%,Albiztur,100.0
2021,,,,Alegia,%,Alegia,100.0
2022,,,,Alegia,%,Alegia,100.0
2023,,,,Alegia,%,Alegia,100.0
2021,,,,Alegría-Dulantzi,%,Alegría-Dulantzi,100.0
2023,,,,Alegría-Dulantzi,%,Alegría-Dulantzi,100.0
2022,,,,Alegría-Dulantzi,%,Alegría-Dulantzi,97.2
2021,,,,Alkiza,%,Alkiza,100.0
2023,,,,Alkiza,%,Alkiza,100.0
2022,,,,Alkiza,%,Alkiza,100.0
2021,,,,Alonsotegi,%,Alonsotegi,100.0
2022,,,,Alonsotegi,%,Alonsotegi,100.0
2023,,,,Alonsotegi,%,Alonsotegi,100.0
2023,,,,Altzaga,%,Altzaga,100.0
2022,,,,Altzaga,%,Altzaga,100.0
2021,,,,Altzaga,%,Altzaga,100.0
2022,,,,Altzo,%,Altzo,100.0
2021,,,,Altzo,%,Altzo,100.0
2023,,,,Altzo,%,Altzo,100.0
2022,,,,Amezketa,%,Amezketa,100.0
2021,,,,Amezketa,%,Amezketa,100.0
2023,,,,Amezketa,%,Amezketa,100.0
2021,,,,Amorebieta-Etxano,%,Amorebieta-Etxano,100.0
2022,,,,Amorebieta-Etxano,%,Amorebieta-Etxano,97.5
2023,,,,Amorebieta-Etxano,%,Amorebieta-Etxano,100.0
2023,,,,Amoroto,%,Amoroto,100.0
2022,,,,Amoroto,%,Amoroto,100.0
2023,,,,Amurrio,%,Amurrio,100.0
2022,,,,Amurrio,%,Amurrio,100.0
2021,,,,Amurrio,%,Amurrio,100.0
2022,,,,Andoain,%,Andoain,96.8
2023,,,,Andoain,%,Andoain,100.0
2021,,,,Andoain,%,Andoain,100.0
2022,,,,Anoeta,%,Anoeta,100.0
2023,,,,Anoeta,%,Anoeta,100.0
2021,,,,Anoeta,%,Anoeta,100.0
2021,,,,Antzuola,%,Antzuola,100.0
2022,,,,Antzuola,%,Antzuola,100.0
2023,,,,Antzuola,%,Antzuola,100.0
2022,,,,Añana,%,Añana,100.0
2022,,,,Arakaldo,%,Arakaldo,100.0
2023,,,,Arakaldo,%,Arakaldo,100.0
2021,,,,Arakaldo,%,Arakaldo,100.0
2021,,,,Arama,%,Arama,100.0
2023,,,,Arama,%,Arama,100.0
2022,,,,Arama,%,Arama,100.0
2023,,,,Aramaio,%,Aramaio,100.0
2022,,,,Aramaio,%,Aramaio,100.0
2021,,,,Aramaio,%,Aramaio,100.0
2023,,,,Arantzazu,%,Arantzazu,100.0
2022,,,,Arantzazu,%,Arantzazu,100.0
2021,,,,Arantzazu,%,Arantzazu,100.0
2023,,,,Areatza,%,Areatza,100.0
2021,,,,Areatza,%,Areatza,100.0
2022,,,,Areatza,%,Areatza,100.0
2023,,,,Aretxabaleta,%,Aretxabaleta,100.0
2022,,,,Aretxabaleta,%,Aretxabaleta,100.0
2021,,,,Aretxabaleta,%,Aretxabaleta,98.6
2023,,,,Armiñón,%,Armiñón,100.0
2021,,,,Armiñón,%,Armiñón,100.0
2022,,,,Armiñón,%,Armiñón,100.0
2023,,,,Arraia-Maeztu,%,Arraia-Maeztu,100.0
2022,,,,Arraia-Maeztu,%,Arraia-Maeztu,100.0
2021,,,,Arraia-Maeztu,%,Arraia-Maeztu,100.0
2022,,,,Arrankudiaga-Zollo,%,Arrankudiaga-Zollo,100.0
2023,,,,Arrankudiaga-Zollo,%,Arrankudiaga-Zollo,100.0
2021,,,,Arrankudiaga-Zollo,%,Arrankudiaga-Zollo,100.0
2021,,,,Arrasate/Mondragón,%,Arrasate/Mondragón,99.5
2023,,,,Arrasate/Mondragón,%,Arrasate/Mondragón,100.0
2022,,,,Arrasate/Mondragón,%,Arrasate/Mondragón,97.2
2021,,,,Arratzu,%,Arratzu,100.0
2023,,,,Arratzu,%,Arratzu,100.0
2022,,,,Arratzu,%,Arratzu,100.0
2023,,,,Arratzua-Ubarrundia,%,Arratzua-Ubarrundia,100.0
2022,,,,Arratzua-Ubarrundia,%,Arratzua-Ubarrundia,100.0
2021,,,,Arratzua-Ubarrundia,%,Arratzua-Ubarrundia,100.0
2021,,,,Arrieta,%,Arrieta,100.0
2023,,,,Arrieta,%,Arrieta,100.0
2022,,,,Arrieta,%,Arrieta,100.0
2022,,,,Arrigorriaga,%,Arrigorriaga,95.3
2023,,,,Arrigorriaga,%,Arrigorriaga,100.0
2021,,,,Arrigorriaga,%,Arrigorriaga,100.0
2021,,,,Artea,%,Artea,100.0
2023,,,,Artea,%,Artea,100.0
2022,,,,Artea,%,Artea,100.0
2023,,,,Artzentales,%,Artzentales,100.0
2021,,,,Artzentales,%,Artzentales,100.0
2022,,,,Artzentales,%,Artzentales,100.0
2023,,,,Artziniega,%,Artziniega,100.0
2022,,,,Artziniega,%,Artziniega,95.5
2021,,,,Artziniega,%,Artziniega,100.0
2021,,,,Asparrena,%,Asparrena,100.0
2023,,,,Asparrena,%,Asparrena,100.0
2022,,,,Asparrena,%,Asparrena,76.9
2021,,,,Asteasu,%,Asteasu,91.7
2023,,,,Asteasu,%,Asteasu,100.0
2022,,,,Asteasu,%,Asteasu,100.0
2023,,,,Astigarraga,%,Astigarraga,100.0
2022,,,,Astigarraga,%,Astigarraga,100.0
2021,,,,Astigarraga,%,Astigarraga,99.0
2022,,,,Ataun,%,Ataun,100.0
2021,,,,Ataun,%,Ataun,100.0
2023,,,,Ataun,%,Ataun,100.0
2022,,,,Atxondo,%,Atxondo,83.3
2023,,,,Atxondo,%,Atxondo,100.0
2021,,,,Atxondo,%,Atxondo,100.0
2021,,,,Aulesti,%,Aulesti,100.0
2022,,,,Aulesti,%,Aulesti,88.9
2023,,,,Aulesti,%,Aulesti,100.0
2022,,,,Ayala/Aiara,%,Ayala/Aiara,96.3
2023,,,,Ayala/Aiara,%,Ayala/Aiara,100.0
2021,,,,Ayala/Aiara,%,Ayala/Aiara,100.0
2022,,,,Azkoitia,%,Azkoitia,95.7
2021,,,,Azkoitia,%,Azkoitia,100.0
2023,,,,Azkoitia,%,Azkoitia,100.0
2023,,,,Azpeitia,%,Azpeitia,100.0
2021,,,,Azpeitia,%,Azpeitia,100.0
2022,,,,Azpeitia,%,Azpeitia,99.3
2023,,,,Bakio,%,Bakio,100.0
2021,,,,Bakio,%,Bakio,100.0
2022,,,,Bakio,%,Bakio,96.7
2021,,,,Baliarrain,%,Baliarrain,100.0
2022,,,,Baliarrain,%,Baliarrain,100.0
2023,,,,Balmaseda,%,Balmaseda,100.0
2021,,,,Balmaseda,%,Balmaseda,100.0
2022,,,,Balmaseda,%,Balmaseda,96.1
2021,,,,Baños de Ebro/Mañueta,%,Baños de Ebro/Mañueta,100.0
2022,,,,Baños de Ebro/Mañueta,%,Baños de Ebro/Mañueta,100.0
2023,,,,Barakaldo,%,Barakaldo,100.0
2022,,,,Barakaldo,%,Barakaldo,97.2
2021,,,,Barakaldo,%,Barakaldo,99.8
2023,,,,Barrika,%,Barrika,100.0
2021,,,,Barrika,%,Barrika,100.0
2022,,,,Barrika,%,Barrika,92.9
2021,,,,Barrundia,%,Barrundia,100.0
2023,,,,Barrundia,%,Barrundia,100.0
2022,,,,Barrundia,%,Barrundia,83.3
2021,,,,Basauri,%,Basauri,99.6
2023,,,,Basauri,%,Basauri,100.0
2022,,,,Basauri,%,Basauri,97.5
2023,,,,Beasain,%,Beasain,100.0
2022,,,,Beasain,%,Beasain,97.1
2021,,,,Beasain,%,Beasain,99.3
2022,,,,Bedia,%,Bedia,93.8
2023,,,,Bedia,%,Bedia,100.0
2021,,,,Bedia,%,Bedia,100.0
2021,,,,Beizama,%,Beizama,100.0
2022,,,,Beizama,%,Beizama,50.0
2021,,,,Belauntza,%,Belauntza,100.0
2022,,,,Belauntza,%,Belauntza,60.0
2023,,,,Belauntza,%,Belauntza,100.0
2021,,,,Berango,%,Berango,98.9
2022,,,,Berango,%,Berango,95.6
2023,,,,Berango,%,Berango,100.0
2021,,,,Berantevilla,%,Berantevilla,100.0
2023,,,,Berantevilla,%,Berantevilla,100.0
2022,,,,Berantevilla,%,Berantevilla,66.7
2022,,,,Berastegi,%,Berastegi,100.0
2021,,,,Berastegi,%,Berastegi,100.0
2023,,,,Berastegi,%,Berastegi,100.0
2023,,,,Bergara,%,Bergara,100.0
2021,,,,Bergara,%,Bergara,100.0
2022,,,,Bergara,%,Bergara,99.1
2023,,,,Bermeo,%,Bermeo,100.0
2022,,,,Bermeo,%,Bermeo,95.6
2021,,,,Bermeo,%,Bermeo,97.6
2021,,,,Bernedo,%,Bernedo,100.0
2023,,,,Bernedo,%,Bernedo,100.0
2022,,,,Bernedo,%,Bernedo,100.0
2023,,,,Berriatua,%,Berriatua,100.0
2022,,,,Berriatua,%,Berriatua,100.0
2021,,,,Berriatua,%,Berriatua,100.0
2021,,,,Berriz,%,Berriz,97.2
2023,,,,Berriz,%,Berriz,100.0
2022,,,,Berriz,%,Berriz,95.8
2023,,,,Berrobi,%,Berrobi,100.0
2021,,,,Berrobi,%,Berrobi,100.0
2022,,,,Berrobi,%,Berrobi,100.0
2021,,,,Bidania-Goiatz,%,Bidania-Goiatz,100.0
2023,,,,Bidania-Goiatz,%,Bidania-Goiatz,100.0
2022,,,,Bidania-Goiatz,%,Bidania-Goiatz,100.0
2023,,,,Bilbao,%,Bilbao,100.0
2022,,,,Bilbao,%,Bilbao,96.0
2021,,,,Bilbao,%,Bilbao,99.8
2023,,,,Busturia,%,Busturia,100.0
2022,,,,Busturia,%,Busturia,100.0
2021,,,,Busturia,%,Busturia,100.0
2021,,,,Campezo/Kanpezu,%,Campezo/Kanpezu,100.0
2022,,,,Campezo/Kanpezu,%,Campezo/Kanpezu,100.0
2023,,,,Campezo/Kanpezu,%,Campezo/Kanpezu,100.0
2023,,,,Deba,%,Deba,100.0
2022,,,,Deba,%,Deba,87.9
2021,,,,Deba,%,Deba,97.8
2023,,,,Derio,%,Derio,100.0
2021,,,,Derio,%,Derio,100.0
2022,,,,Derio,%,Derio,98.7
2023,,,,Dima,%,Dima,100.0
2022,,,,Dima,%,Dima,100.0
2021,,,,Dima,%,Dima,100.0
2022,,,,Donostia / San Sebastián,%,Donostia / San Sebastián,97.2
2023,,,,Donostia / San Sebastián,%,Donostia / San Sebastián,100.0
2021,,,,Donostia / San Sebastián,%,Donostia / San Sebastián,99.7
2023,,,,Durango,%,Durango,100.0
2022,,,,Durango,%,Durango,98.4
2021,,,,Durango,%,Durango,99.7
2023,,,,Ea,%,Ea,100.0
2021,,,,Ea,%,Ea,100.0
2022,,,,Ea,%,Ea,100.0
2021,,,,Eibar,%,Eibar,100.0
2023,,,,Eibar,%,Eibar,100.0
2022,,,,Eibar,%,Eibar,98.4
2021,,,,Elantxobe,%,Elantxobe,100.0
2022,,,,Elantxobe,%,Elantxobe,100.0
2023,,,,Elburgo/Burgelu,%,Elburgo/Burgelu,100.0
2022,,,,Elburgo/Burgelu,%,Elburgo/Burgelu,100.0
2021,,,,Elburgo/Burgelu,%,Elburgo/Burgelu,100.0
2021,,,,Elciego,%,Elciego,100.0
2022,,,,Elciego,%,Elciego,100.0
2023,,,,Elciego,%,Elciego,100.0
2022,,,,Elduain,%,Elduain,100.0
2023,,,,Elduain,%,Elduain,100.0
2021,,,,Elduain,%,Elduain,100.0
2023,,,,Elgeta,%,Elgeta,100.0
2021,,,,Elgeta,%,Elgeta,100.0
2022,,,,Elgeta,%,Elgeta,100.0
2023,,,,Elgoibar,%,Elgoibar,100.0
2021,,,,Elgoibar,%,Elgoibar,100.0
2022,,,,Elgoibar,%,Elgoibar,96.0
2021,,,,Elorrio,%,Elorrio,100.0
2022,,,,Elorrio,%,Elorrio,97.2
2023,,,,Elorrio,%,Elorrio,100.0
2022,,,,Elvillar/Bilar,%,Elvillar/Bilar,100.0
2021,,,,Elvillar/Bilar,%,Elvillar/Bilar,100.0
2023,,,,Elvillar/Bilar,%,Elvillar/Bilar,100.0
2021,,,,Erandio,%,Erandio,99.5
2022,,,,Erandio,%,Erandio,97.9
2023,,,,Erandio,%,Erandio,100.0
2022,,,,Ereño,%,Ereño,100.0
2021,,,,Ereño,%,Ereño,100.0
2023,,,,Ereño,%,Ereño,100.0
2021,,,,Ermua,%,Ermua,100.0
2022,,,,Ermua,%,Ermua,98.5
2023,,,,Ermua,%,Ermua,100.0
2023,,,,Errenteria,%,Errenteria,100.0
2021,,,,Errenteria,%,Errenteria,100.0
2022,,,,Errenteria,%,Errenteria,98.0
2021,,,,Errezil,%,Errezil,100.0
2022,,,,Errezil,%,Errezil,100.0
2023,,,,Errezil,%,Errezil,100.0
2022,,,,Erriberagoitia/Ribera Alta,%,Erriberagoitia/Ribera Alta,75.0
2021,,,,Erriberagoitia/Ribera Alta,%,Erriberagoitia/Ribera Alta,100.0
2023,,,,Erriberagoitia/Ribera Alta,%,Erriberagoitia/Ribera Alta,100.0
2021,,,,Errigoiti,%,Errigoiti,100.0
2023,,,,Errigoiti,%,Errigoiti,100.0
2022,,,,Errigoiti,%,Errigoiti,100.0
2022,,,,Eskoriatza,%,Eskoriatza,100.0
2023,,,,Eskoriatza,%,Eskoriatza,100.0
2021,,,,Eskoriatza,%,Eskoriatza,100.0
2023,,,,Etxebarri,%,Etxebarri,100.0
2022,,,,Etxebarri,%,Etxebarri,98.1
2021,,,,Etxebarri,%,Etxebarri,99.4
2023,,,,Etxebarria,%,Etxebarria,100.0
2021,,,,Etxebarria,%,Etxebarria,100.0
2022,,,,Etxebarria,%,Etxebarria,100.0
2021,,,,Ezkio-Itsaso,%,Ezkio-Itsaso,100.0
2022,,,,Ezkio-Itsaso,%,Ezkio-Itsaso,100.0
2023,,,,Ezkio-Itsaso,%,Ezkio-Itsaso,100.0
2021,,,,Forua,%,Forua,91.7
2023,,,,Forua,%,Forua,100.0
2022,,,,Forua,%,Forua,100.0
2022,,,,Fruiz,%,Fruiz,100.0
2023,,,,Fruiz,%,Fruiz,100.0
2021,,,,Fruiz,%,Fruiz,100.0
2021,,,,Gabiria,%,Gabiria,100.0
2023,,,,Gabiria,%,Gabiria,100.0
2022,,,,Gabiria,%,Gabiria,100.0
2023,,,,Gaintza,%,Gaintza,100.0
2021,,,,Gaintza,%,Gaintza,100.0
2023,,,,Galdakao,%,Galdakao,100.0
2021,,,,Galdakao,%,Galdakao,99.1
2022,,,,Galdakao,%,Galdakao,97.7
2022,,,,Galdames,%,Galdames,100.0
2021,,,,Galdames,%,Galdames,100.0
2023,,,,Galdames,%,Galdames,100.0
2023,,,,Gamiz-Fika,%,Gamiz-Fika,100.0
2022,,,,Gamiz-Fika,%,Gamiz-Fika,100.0
2021,,,,Gamiz-Fika,%,Gamiz-Fika,100.0
2023,,,,Garai,%,Garai,100.0
2021,,,,Garai,%,Garai,100.0
2022,,,,Garai,%,Garai,100.0
2023,,,,Gatika,%,Gatika,100.0
2021,,,,Gatika,%,Gatika,100.0
2022,,,,Gatika,%,Gatika,100.0
2021,,,,Gautegiz Arteaga,%,Gautegiz Arteaga,100.0
2023,,,,Gautegiz Arteaga,%,Gautegiz Arteaga,100.0
2022,,,,Gautegiz Arteaga,%,Gautegiz Arteaga,100.0
2022,,,,Gaztelu,%,Gaztelu,100.0
2023,,,,Gaztelu,%,Gaztelu,100.0
2021,,,,Gaztelu,%,Gaztelu,100.0
2023,,,,Gernika-Lumo,%,Gernika-Lumo,100.0
2021,,,,Gernika-Lumo,%,Gernika-Lumo,100.0
2022,,,,Gernika-Lumo,%,Gernika-Lumo,95.0
2023,,,,Getaria,%,Getaria,100.0
2021,,,,Getaria,%,Getaria,96.9
2022,,,,Getaria,%,Getaria,100.0
2022,,,,Getxo,%,Getxo,91.2
2023,,,,Getxo,%,Getxo,100.0
2021,,,,Getxo,%,Getxo,99.5
2022,,,,Gizaburuaga,%,Gizaburuaga,100.0
2021,,,,Gizaburuaga,%,Gizaburuaga,100.0
2023,,,,Gordexola,%,Gordexola,100.0
2022,,,,Gordexola,%,Gordexola,92.9
2021,,,,Gordexola,%,Gordexola,100.0
2021,,,,Gorliz,%,Gorliz,100.0
2022,,,,Gorliz,%,Gorliz,93.5
2023,,,,Gorliz,%,Gorliz,100.0
2022,,,,Güeñes,%,Güeñes,92.9
2021,,,,Güeñes,%,Güeñes,100.0
2023,,,,Güeñes,%,Güeñes,100.0
2022,,,,Harana/Valle de Arana,%,Harana/Valle de Arana,100.0
2023,,,,Hernani,%,Hernani,100.0
2021,,,,Hernani,%,Hernani,99.5
2022,,,,Hernani,%,Hernani,97.4
2023,,,,Hernialde,%,Hernialde,100.0
2021,,,,Hondarribia,%,Hondarribia,100.0
2023,,,,Hondarribia,%,Hondarribia,100.0
2022,,,,Hondarribia,%,Hondarribia,91.5
2021,,,,Ibarra,%,Ibarra,100.0
2022,,,,Ibarra,%,Ibarra,96.6
2023,,,,Ibarra,%,Ibarra,100.0
2023,,,,Ibarrangelu,%,Ibarrangelu,100.0
2022,,,,Ibarrangelu,%,Ibarrangelu,83.3
2021,,,,Ibarrangelu,%,Ibarrangelu,100.0
2023,,,,Idiazabal,%,Idiazabal,100.0
2022,,,,Idiazabal,%,Idiazabal,91.2
2021,,,,Idiazabal,%,Idiazabal,100.0
2021,,,,Igorre,%,Igorre,100.0
2023,,,,Igorre,%,Igorre,100.0
2022,,,,Igorre,%,Igorre,97.1
2023,,,,Ikaztegieta,%,Ikaztegieta,100.0
2021,,,,Ikaztegieta,%,Ikaztegieta,100.0
2022,,,,Ikaztegieta,%,Ikaztegieta,100.0
2023,,,,Irun,%,Irun,100.0
2022,,,,Irun,%,Irun,93.3
2021,,,,Irun,%,Irun,99.2
2023,,,,Iruña Oka/Iruña de Oca,%,Iruña Oka/Iruña de Oca,100.0
2022,,,,Iruña Oka/Iruña de Oca,%,Iruña Oka/Iruña de Oca,100.0
2021,,,,Iruña Oka/Iruña de Oca,%,Iruña Oka/Iruña de Oca,100.0
2021,,,,Irura,%,Irura,100.0
2023,,,,Irura,%,Irura,100.0
2022,,,,Irura,%,Irura,96.4
2021,,,,Iruraiz-Gauna,%,Iruraiz-Gauna,100.0
2023,,,,Iruraiz-Gauna,%,Iruraiz-Gauna,100.0
2022,,,,Iruraiz-Gauna,%,Iruraiz-Gauna,100.0
2022,,,,Ispaster,%,Ispaster,75.0
2021,,,,Ispaster,%,Ispaster,100.0
2023,,,,Ispaster,%,Ispaster,100.0
2022,,,,Itsasondo,%,Itsasondo,100.0
2021,,,,Itsasondo,%,Itsasondo,100.0
2023,,,,Itsasondo,%,Itsasondo,100.0
2022,,,,Iurreta,%,Iurreta,100.0
2021,,,,Iurreta,%,Iurreta,100.0
2023,,,,Iurreta,%,Iurreta,100.0
2021,,,,Izurtza,%,Izurtza,100.0
2022,,,,Karrantza Harana/Valle de Carranza,%,Karrantza Harana/Valle de Carranza,100.0
2023,,,,Karrantza Harana/Valle de Carranza,%,Karrantza Harana/Valle de Carranza,100.0
2021,,,,Karrantza Harana/Valle de Carranza,%,Karrantza Harana/Valle de Carranza,100.0
2022,,,,Kortezubi,%,Kortezubi,100.0
2023,,,,Kortezubi,%,Kortezubi,100.0
2021,,,,Kortezubi,%,Kortezubi,100.0
2021,,,,Kripan,%,Kripan,100.0
2023,,,,Kripan,%,Kripan,100.0
2023,,,,Kuartango,%,Kuartango,100.0
2021,,,,Kuartango,%,Kuartango,100.0
2022,,,,Kuartango,%,Kuartango,100.0
2021,,,,Labastida/Bastida,%,Labastida/Bastida,100.0
2022,,,,Labastida/Bastida,%,Labastida/Bastida,100.0
2023,,,,Labastida/Bastida,%,Labastida/Bastida,100.0
2021,,,,Lagrán,%,Lagrán,100.0
2022,,,,Lagrán,%,Lagrán,100.0
2021,,,,Laguardia,%,Laguardia,100.0
2023,,,,Laguardia,%,Laguardia,100.0
2022,,,,Laguardia,%,Laguardia,100.0
2021,,,,Lanciego/Lantziego,%,Lanciego/Lantziego,100.0
2023,,,,Lanciego/Lantziego,%,Lanciego/Lantziego,100.0
2022,,,,Lanciego/Lantziego,%,Lanciego/Lantziego,91.7
2023,,,,Lanestosa,%,Lanestosa,100.0
2021,,,,Lanestosa,%,Lanestosa,100.0
2022,,,,Lanestosa,%,Lanestosa,100.0
2022,,,,Lantarón,%,Lantarón,100.0
2021,,,,Lantarón,%,Lantarón,100.0
2023,,,,Lantarón,%,Lantarón,100.0
2022,,,,Lapuebla de Labarca,%,Lapuebla de Labarca,100.0
2023,,,,Lapuebla de Labarca,%,Lapuebla de Labarca,100.0
2021,,,,Lapuebla de Labarca,%,Lapuebla de Labarca,100.0
2023,,,,Larrabetzu,%,Larrabetzu,100.0
2021,,,,Larrabetzu,%,Larrabetzu,100.0
2022,,,,Larrabetzu,%,Larrabetzu,100.0
2023,,,,Larraul,%,Larraul,100.0
2022,,,,Larraul,%,Larraul,100.0
2021,,,,Lasarte-Oria,%,Lasarte-Oria,100.0
2023,,,,Lasarte-Oria,%,Lasarte-Oria,100.0
2022,,,,Lasarte-Oria,%,Lasarte-Oria,98.7
2021,,,,Laudio/Llodio,%,Laudio/Llodio,99.1
2022,,,,Laudio/Llodio,%,Laudio/Llodio,98.7
2023,,,,Laudio/Llodio,%,Laudio/Llodio,100.0
2021,,,,Laukiz,%,Laukiz,100.0
2023,,,,Laukiz,%,Laukiz,100.0
2022,,,,Laukiz,%,Laukiz,77.8
2023,,,,Lazkao,%,Lazkao,100.0
2021,,,,Lazkao,%,Lazkao,100.0
2022,,,,Lazkao,%,Lazkao,100.0
2022,,,,Leaburu,%,Leaburu,100.0
2023,,,,Leaburu,%,Leaburu,100.0
2021,,,,Leaburu,%,Leaburu,100.0
2022,,,,Legazpi,%,Legazpi,97.3
2023,,,,Legazpi,%,Legazpi,100.0
2021,,,,Legazpi,%,Legazpi,100.0
2023,,,,Legorreta,%,Legorreta,100.0
2022,,,,Legorreta,%,Legorreta,100.0
2021,,,,Legorreta,%,Legorreta,100.0
2022,,,,Legutio,%,Legutio,100.0
2023,,,,Legutio,%,Legutio,100.0
2021,,,,Legutio,%,Legutio,100.0
2023,,,,Leintz-Gatzaga,%,Leintz-Gatzaga,100.0
2021,,,,Leintz-Gatzaga,%,Leintz-Gatzaga,100.0
2023,,,,Leioa,%,Leioa,100.0
2022,,,,Leioa,%,Leioa,98.2
2021,,,,Leioa,%,Leioa,100.0
2022,,,,Lekeitio,%,Lekeitio,97.7
2023,,,,Lekeitio,%,Lekeitio,100.0
2021,,,,Lekeitio,%,Lekeitio,100.0
2022,,,,Lemoa,%,Lemoa,95.5
2021,,,,Lemoa,%,Lemoa,100.0
2023,,,,Lemoa,%,Lemoa,100.0
2021,,,,Lemoiz,%,Lemoiz,100.0
2023,,,,Lemoiz,%,Lemoiz,100.0
2022,,,,Lemoiz,%,Lemoiz,100.0
2021,,,,Leza,%,Leza,100.0
2023,,,,Leza,%,Leza,100.0
2022,,,,Lezama,%,Lezama,100.0
2023,,,,Lezama,%,Lezama,100.0
2021,,,,Lezama,%,Lezama,100.0
2021,,,,Lezo,%,Lezo,100.0
2022,,,,Lezo,%,Lezo,97.9
2023,,,,Lezo,%,Lezo,100.0
2021,,,,Lizartza,%,Lizartza,100.0
2022,,,,Lizartza,%,Lizartza,90.0
2023,,,,Lizartza,%,Lizartza,100.0
2023,,,,Loiu,%,Loiu,100.0
2021,,,,Loiu,%,Loiu,100.0
2022,,,,Loiu,%,Loiu,100.0
2023,,,,Mallabia,%,Mallabia,100.0
2021,,,,Mallabia,%,Mallabia,100.0
2022,,,,Mallabia,%,Mallabia,91.7
2021,,,,Mañaria,%,Mañaria,100.0
2023,,,,Mañaria,%,Mañaria,100.0
2022,,,,Mañaria,%,Mañaria,100.0
2023,,,,Markina-Xemein,%,Markina-Xemein,100.0
2022,,,,Markina-Xemein,%,Markina-Xemein,98.1
2021,,,,Markina-Xemein,%,Markina-Xemein,100.0
2021,,,,Maruri-Jatabe,%,Maruri-Jatabe,100.0
2022,,,,Maruri-Jatabe,%,Maruri-Jatabe,100.0
2023,,,,Maruri-Jatabe,%,Maruri-Jatabe,100.0
2022,,,,Mendaro,%,Mendaro,100.0
2021,,,,Mendaro,%,Mendaro,93.3
2023,,,,Mendaro,%,Mendaro,100.0
2023,,,,Mendata,%,Mendata,100.0
2022,,,,Mendata,%,Mendata,100.0
2021,,,,Mendata,%,Mendata,100.0
2021,,,,Mendexa,%,Mendexa,100.0
2022,,,,Mendexa,%,Mendexa,100.0
2023,,,,Mendexa,%,Mendexa,100.0
2021,,,,Meñaka,%,Meñaka,100.0
2022,,,,Meñaka,%,Meñaka,100.0
2023,,,,Meñaka,%,Meñaka,100.0
2022,,,,Moreda de Álava/Moreda Araba,%,Moreda de Álava/Moreda Araba,100.0
2023,,,,Moreda de Álava/Moreda Araba,%,Moreda de Álava/Moreda Araba,100.0
2021,,,,Morga,%,Morga,100.0
2022,,,,Morga,%,Morga,100.0
2023,,,,Morga,%,Morga,100.0
2022,,,,Mundaka,%,Mundaka,100.0
2023,,,,Mundaka,%,Mundaka,100.0
2021,,,,Mundaka,%,Mundaka,100.0
2022,,,,Mungia,%,Mungia,94.3
2023,,,,Mungia,%,Mungia,100.0
2021,,,,Mungia,%,Mungia,100.0
2023,,,,Munitibar-Arbatzegi Gerrikaitz,%,Munitibar-Arbatzegi Gerrikaitz,100.0
2022,,,,Munitibar-Arbatzegi Gerrikaitz,%,Munitibar-Arbatzegi Gerrikaitz,100.0
2021,,,,Munitibar-Arbatzegi Gerrikaitz,%,Munitibar-Arbatzegi Gerrikaitz,100.0
2023,,,,Murueta,%,Murueta,100.0
2022,,,,Murueta,%,Murueta,100.0
2021,,,,Murueta,%,Murueta,100.0
2021,,,,Muskiz,%,Muskiz,98.4
2023,,,,Muskiz,%,Muskiz,100.0
2022,,,,Muskiz,%,Muskiz,100.0
2022,,,,Mutiloa,%,Mutiloa,100.0
2023,,,,Mutiloa,%,Mutiloa,100.0
2022,,,,Mutriku,%,Mutriku,100.0
2021,,,,Mutriku,%,Mutriku,100.0
2023,,,,Mutriku,%,Mutriku,100.0
2021,,,,Muxika,%,Muxika,100.0
2023,,,,Muxika,%,Muxika,100.0
2022,,,,Muxika,%,Muxika,82.4
2021,,,,Nabarniz,%,Nabarniz,100.0
2022,,,,Nabarniz,%,Nabarniz,100.0
2023,,,,Nabarniz,%,Nabarniz,100.0
2021,,,,Navaridas,%,Navaridas,100.0
2022,,,,Oiartzun,%,Oiartzun,95.6
2023,,,,Oiartzun,%,Oiartzun,100.0
2021,,,,Oiartzun,%,Oiartzun,99.0
2022,,,,Okondo,%,Okondo,100.0
2023,,,,Okondo,%,Okondo,100.0
2021,,,,Okondo,%,Okondo,100.0
2021,,,,Olaberria,%,Olaberria,100.0
2022,,,,Olaberria,%,Olaberria,100.0
2023,,,,Olaberria,%,Olaberria,100.0
2023,,,,Ondarroa,%,Ondarroa,100.0
2022,,,,Ondarroa,%,Ondarroa,98.5
2021,,,,Ondarroa,%,Ondarroa,100.0
2022,,,,Oñati,%,Oñati,96.3
2021,,,,Oñati,%,Oñati,99.2
2023,,,,Oñati,%,Oñati,100.0
2023,,,,Ordizia,%,Ordizia,100.0
2022,,,,Ordizia,%,Ordizia,99.1
2021,,,,Ordizia,%,Ordizia,99.1
2021,,,,Orendain,%,Orendain,100.0
2022,,,,Orendain,%,Orendain,100.0
2023,,,,Orendain,%,Orendain,100.0
2021,,,,Orexa,%,Orexa,100.0
2023,,,,Orexa,%,Orexa,100.0
2023,,,,Orio,%,Orio,100.0
2021,,,,Orio,%,Orio,100.0
2022,,,,Orio,%,Orio,98.2
2023,,,,Ormaiztegi,%,Ormaiztegi,100.0
2021,,,,Ormaiztegi,%,Ormaiztegi,100.0
2022,,,,Ormaiztegi,%,Ormaiztegi,100.0
2022,,,,Orozko,%,Orozko,97.0
2021,,,,Orozko,%,Orozko,96.7
2023,,,,Orozko,%,Orozko,100.0
2022,,,,Ortuella,%,Ortuella,98.7
2023,,,,Ortuella,%,Ortuella,100.0
2021,,,,Ortuella,%,Ortuella,100.0
2022,,,,Otxandio,%,Otxandio,91.7
2021,,,,Otxandio,%,Otxandio,100.0
2023,,,,Otxandio,%,Otxandio,100.0
2021,,,,Oyón-Oion,%,Oyón-Oion,97.7
2023,,,,Oyón-Oion,%,Oyón-Oion,100.0
2022,,,,Oyón-Oion,%,Oyón-Oion,89.4
2022,,,,Pasaia,%,Pasaia,97.1
2021,,,,Pasaia,%,Pasaia,100.0
2023,,,,Pasaia,%,Pasaia,100.0
2021,,,,Peñacerrada-Urizaharra,%,Peñacerrada-Urizaharra,100.0
2023,,,,Peñacerrada-Urizaharra,%,Peñacerrada-Urizaharra,100.0
2022,,,,Plentzia,%,Plentzia,100.0
2023,,,,Plentzia,%,Plentzia,100.0
2021,,,,Plentzia,%,Plentzia,96.8
2022,,,,Portugalete,%,Portugalete,98.3
2023,,,,Portugalete,%,Portugalete,100.0
2021,,,,Portugalete,%,Portugalete,99.7
2021,,,,Ribera Baja/Erriberabeitia,%,Ribera Baja/Erriberabeitia,94.7
2022,,,,Ribera Baja/Erriberabeitia,%,Ribera Baja/Erriberabeitia,88.9
2023,,,,Ribera Baja/Erriberabeitia,%,Ribera Baja/Erriberabeitia,100.0
2021,,,,Samaniego,%,Samaniego,100.0
2022,,,,Samaniego,%,Samaniego,100.0
2023,,,,Samaniego,%,Samaniego,100.0
2023,,,,San Millán/Donemiliaga,%,San Millán/Donemiliaga,100.0
2021,,,,San Millán/Donemiliaga,%,San Millán/Donemiliaga,100.0
2022,,,,San Millán/Donemiliaga,%,San Millán/Donemiliaga,75.0
2023,,,,Santurtzi,%,Santurtzi,100.0
2022,,,,Santurtzi,%,Santurtzi,98.8
2021,,,,Santurtzi,%,Santurtzi,99.5
2021,,,,Segura,%,Segura,100.0
2022,,,,Segura,%,Segura,100.0
2023,,,,Segura,%,Segura,100.0
2023,,,,Sestao,%,Sestao,100.0
2021,,,,Sestao,%,Sestao,100.0
2022,,,,Sestao,%,Sestao,96.8
2022,,,,Sondika,%,Sondika,90.0
2021,,,,Sondika,%,Sondika,100.0
2023,,,,Sondika,%,Sondika,100.0
2023,,,,Sopela,%,Sopela,100.0
2022,,,,Sopela,%,Sopela,96.6
2021,,,,Sopela,%,Sopela,99.4
2021,,,,Sopuerta,%,Sopuerta,100.0
2023,,,,Sopuerta,%,Sopuerta,100.0
2022,,,,Sopuerta,%,Sopuerta,100.0
2021,,,,Soraluze-Placencia de las Armas,%,Soraluze-Placencia de las Armas,100.0
2022,,,,Soraluze-Placencia de las Armas,%,Soraluze-Placencia de las Armas,100.0
2023,,,,Soraluze-Placencia de las Armas,%,Soraluze-Placencia de las Armas,100.0
2021,,,,Sukarrieta,%,Sukarrieta,100.0
2023,,,,Sukarrieta,%,Sukarrieta,100.0
2022,,,,Sukarrieta,%,Sukarrieta,100.0
2022,,,,Tolosa,%,Tolosa,98.3
2021,,,,Tolosa,%,Tolosa,100.0
2023,,,,Tolosa,%,Tolosa,100.0
2022,,,,Trucios-Turtzioz,%,Trucios-Turtzioz,100.0
2021,,,,Trucios-Turtzioz,%,Trucios-Turtzioz,100.0
2023,,,,Trucios-Turtzioz,%,Trucios-Turtzioz,100.0
2021,,,,Ugao-Miraballes,%,Ugao-Miraballes,100.0
2022,,,,Ugao-Miraballes,%,Ugao-Miraballes,93.9
2023,,,,Ugao-Miraballes,%,Ugao-Miraballes,100.0
2023,,,,Urduliz,%,Urduliz,100.0
2022,,,,Urduliz,%,Urduliz,98.1
2021,,,,Urduliz,%,Urduliz,100.0
2023,,,,Urduña/Orduña,%,Urduña/Orduña,100.0
2021,,,,Urduña/Orduña,%,Urduña/Orduña,100.0
2022,,,,Urduña/Orduña,%,Urduña/Orduña,91.2
2022,,,,Urkabustaiz,%,Urkabustaiz,100.0
2023,,,,Urkabustaiz,%,Urkabustaiz,100.0
2021,,,,Urkabustaiz,%,Urkabustaiz,100.0
2023,,,,Urnieta,%,Urnieta,100.0
2022,,,,Urnieta,%,Urnieta,98.0
2021,,,,Urnieta,%,Urnieta,100.0
2022,,,,Urretxu,%,Urretxu,100.0
2023,,,,Urretxu,%,Urretxu,100.0
2021,,,,Urretxu,%,Urretxu,100.0
2023,,,,Usurbil,%,Usurbil,100.0
2021,,,,Usurbil,%,Usurbil,98.2
2022,,,,Usurbil,%,Usurbil,98.4
2021,,,,Valdegovía/Gaubea,%,Valdegovía/Gaubea,100.0
2022,,,,Valdegovía/Gaubea,%,Valdegovía/Gaubea,83.3
2023,,,,Valdegovía/Gaubea,%,Valdegovía/Gaubea,100.0
2023,,,,Valle de Trápaga-Trapagaran,%,Valle de Trápaga-Trapagaran,100.0
2022,,,,Valle de Trápaga-Trapagaran,%,Valle de Trápaga-Trapagaran,95.9
2021,,,,Valle de Trápaga-Trapagaran,%,Valle de Trápaga-Trapagaran,100.0
2022,,,,Villabona,%,Villabona,98.1
2023,,,,Villabona,%,Villabona,100.0
2021,,,,Villabona,%,Villabona,100.0
2022,,,,Villabuena de Álava/Eskuernaga,%,Villabuena de Álava/Eskuernaga,100.0
2021,,,,Villabuena de Álava/Eskuernaga,%,Villabuena de Álava/Eskuernaga,100.0
2023,,,,Villabuena de Álava/Eskuernaga,%,Villabuena de Álava/Eskuernaga,100.0
2021,,,,Vitoria-Gasteiz,%,Vitoria-Gasteiz,99.9
2022,,,,Vitoria-Gasteiz,%,Vitoria-Gasteiz,97.3
2023,,,,Vitoria-Gasteiz,%,Vitoria-Gasteiz,100.0
2021,,,,Yécora/Iekora,%,Yécora/Iekora,100.0
2023,,,,Yécora/Iekora,%,Yécora/Iekora,100.0
2021,,,,Zaldibar,%,Zaldibar,100.0
2022,,,,Zaldibar,%,Zaldibar,96.6
2023,,,,Zaldibar,%,Zaldibar,100.0
2023,,,,Zaldibia,%,Zaldibia,100.0
2021,,,,Zaldibia,%,Zaldibia,100.0
2022,,,,Zaldibia,%,Zaldibia,95.7
2023,,,,Zalduondo,%,Zalduondo,100.0
2021,,,,Zalduondo,%,Zalduondo,100.0
2022,,,,Zalduondo,%,Zalduondo,100.0
2021,,,,Zalla,%,Zalla,100.0
2023,,,,Zalla,%,Zalla,100.0
2022,,,,Zalla,%,Zalla,91.9
2022,,,,Zambrana,%,Zambrana,40.0
2023,,,,Zambrana,%,Zambrana,100.0
2021,,,,Zambrana,%,Zambrana,100.0
2023,,,,Zamudio,%,Zamudio,100.0
2021,,,,Zamudio,%,Zamudio,100.0
2022,,,,Zamudio,%,Zamudio,95.5
2022,,,,Zaratamo,%,Zaratamo,100.0
2021,,,,Zaratamo,%,Zaratamo,100.0
2023,,,,Zaratamo,%,Zaratamo,100.0
2022,,,,Zarautz,%,Zarautz,100.0
2021,,,,Zarautz,%,Zarautz,100.0
2023,,,,Zarautz,%,Zarautz,100.0
2021,,,,Zeanuri,%,Zeanuri,100.0
2023,,,,Zeanuri,%,Zeanuri,100.0
2022,,,,Zeanuri,%,Zeanuri,100.0
2022,,,,Zeberio,%,Zeberio,100.0
2023,,,,Zeberio,%,Zeberio,100.0
2021,,,,Zeberio,%,Zeberio,100.0
2022,,,,Zegama,%,Zegama,100.0
2023,,,,Zegama,%,Zegama,100.0
2021,,,,Zegama,%,Zegama,100.0
2021,,,,Zerain,%,Zerain,100.0
2022,,,,Zerain,%,Zerain,100.0
2023,,,,Zerain,%,Zerain,100.0
2022,,,,Zestoa,%,Zestoa,95.1
2023,,,,Zestoa,%,Zestoa,100.0
2021,,,,Zestoa,%,Zestoa,100.0
2021,,,,Zierbena,%,Zierbena,100.0
2023,,,,Zierbena,%,Zierbena,100.0
2022,,,,Zierbena,%,Zierbena,100.0
2022,,,,Zigoitia,%,Zigoitia,88.9
2021,,,,Zigoitia,%,Zigoitia,100.0
2023,,,,Zigoitia,%,Zigoitia,100.0
2021,,,,Ziortza-Bolibar,%,Ziortza-Bolibar,100.0
2023,,,,Ziortza-Bolibar,%,Ziortza-Bolibar,100.0
2022,,,,Ziortza-Bolibar,%,Ziortza-Bolibar,100.0
2021,,,,Zizurkil,%,Zizurkil,100.0
2023,,,,Zizurkil,%,Zizurkil,100.0
2022,,,,Zizurkil,%,Zizurkil,100.0
2022,,,,Zuia,%,Zuia,100.0
2021,,,,Zuia,%,Zuia,100.0
2023,,,,Zuia,%,Zuia,100.0
2022,,,,Zumaia,%,Zumaia,99.1
2021,,,,Zumaia,%,Zumaia,99.2
2023,,,,Zumaia,%,Zumaia,100.0
2022,,,,Zumarraga,%,Zumarraga,98.7
2021,,,,Zumarraga,%,Zumarraga,98.9
2023,,,,Zumarraga,%,Zumarraga,100.0
2023,,,Añana (comarca),,%,Añana (comarca),100.0
2022,,,Añana (comarca),,%,Añana (comarca),82.1
2021,,,Añana (comarca),,%,Añana (comarca),98.3
2023,,,Arabako Errioxa / Rioja Alavesa,,%,Arabako Errioxa / Rioja Alavesa,100.0
2022,,,Arabako Errioxa / Rioja Alavesa,,%,Arabako Errioxa / Rioja Alavesa,94.5
2021,,,Arabako Errioxa / Rioja Alavesa,,%,Arabako Errioxa / Rioja Alavesa,99.1
2021,,,Arabako Kantaurialdea / Cantábrica Alavesa,,%,Arabako Kantaurialdea / Cantábrica Alavesa,99.7
2023,,,Arabako Kantaurialdea / Cantábrica Alavesa,,%,Arabako Kantaurialdea / Cantábrica Alavesa,100.0
2022,,,Arabako Kantaurialdea / Cantábrica Alavesa,,%,Arabako Kantaurialdea / Cantábrica Alavesa,98.8
2021,,,Arabako Lautada / Llanada Alavesa,,%,Arabako Lautada / Llanada Alavesa,99.9
2022,,,Arabako Lautada / Llanada Alavesa,,%,Arabako Lautada / Llanada Alavesa,97.1
2023,,,Arabako Lautada / Llanada Alavesa,,%,Arabako Lautada / Llanada Alavesa,100.0
2022,,,Arabako Mendialdea / Montaña Alavesa,,%,Arabako Mendialdea / Montaña Alavesa,100.0
2023,,,Arabako Mendialdea / Montaña Alavesa,,%,Arabako Mendialdea / Montaña Alavesa,100.0
2021,,,Arabako Mendialdea / Montaña Alavesa,,%,Arabako Mendialdea / Montaña Alavesa,100.0
2021,,,Arratia Nerbioi / Arratia-Nervión,,%,Arratia Nerbioi / Arratia-Nervión,99.6
2023,,,Arratia Nerbioi / Arratia-Nervión,,%,Arratia Nerbioi / Arratia-Nervión,100.0
2022,,,Arratia Nerbioi / Arratia-Nervión,,%,Arratia Nerbioi / Arratia-Nervión,96.1
2022,,,Bidasoa Beherea / Bajo Bidasoa,,%,Bidasoa Beherea / Bajo Bidasoa,93.0
2021,,,Bidasoa Beherea / Bajo Bidasoa,,%,Bidasoa Beherea / Bajo Bidasoa,99.4
2023,,,Bidasoa Beherea / Bajo Bidasoa,,%,Bidasoa Beherea / Bajo Bidasoa,100.0
2022,,,Bilbo Handia / Gran Bilbao,,%,Bilbo Handia / Gran Bilbao,96.4
2023,,,Bilbo Handia / Gran Bilbao,,%,Bilbo Handia / Gran Bilbao,100.0
2021,,,Bilbo Handia / Gran Bilbao,,%,Bilbo Handia / Gran Bilbao,99.7
2022,,,Debabarrena / Bajo Deba,,%,Debabarrena / Bajo Deba,97.6
2023,,,Debabarrena / Bajo Deba,,%,Debabarrena / Bajo Deba,100.0
2021,,,Debabarrena / Bajo Deba,,%,Debabarrena / Bajo Deba,99.6
2022,,,Debagoiena / Alto Deba,,%,Debagoiena / Alto Deba,98.1
2023,,,Debagoiena / Alto Deba,,%,Debagoiena / Alto Deba,100.0
2021,,,Debagoiena / Alto Deba,,%,Debagoiena / Alto Deba,99.5
2021,,,Donostialdea,,%,Donostialdea,99.7
2022,,,Donostialdea,,%,Donostialdea,97.5
2023,,,Donostialdea,,%,Donostialdea,100.0
2022,,,Durangaldea / Duranguesado,,%,Durangaldea / Duranguesado,97.4
2021,,,Durangaldea / Duranguesado,,%,Durangaldea / Duranguesado,99.8
2023,,,Durangaldea / Duranguesado,,%,Durangaldea / Duranguesado,100.0
2023,,,Enkartazioak / Encartaciones,,%,Enkartazioak / Encartaciones,100.0
2021,,,Enkartazioak / Encartaciones,,%,Enkartazioak / Encartaciones,100.0
2022,,,Enkartazioak / Encartaciones,,%,Enkartazioak / Encartaciones,94.9
2021,,,Gernika-Bermeo,,%,Gernika-Bermeo,98.9
2023,,,Gernika-Bermeo,,%,Gernika-Bermeo,100.0
2022,,,Gernika-Bermeo,,%,Gernika-Bermeo,95.6
2021,,,Goierri,,%,Goierri,99.6
2022,,,Goierri,,%,Goierri,98.2
2023,,,Goierri,,%,Goierri,100.0
2023,,,Gorbeialdea / Estribaciones del Gorbea,,%,Gorbeialdea / Estribaciones del Gorbea,100.0
2021,,,Gorbeialdea / Estribaciones del Gorbea,,%,Gorbeialdea / Estribaciones del Gorbea,100.0
2022,,,Gorbeialdea / Estribaciones del Gorbea,,%,Gorbeialdea / Estribaciones del Gorbea,97.3
2021,,,Markina-Ondarroa,,%,Markina-Ondarroa,100.0
2023,,,Markina-Ondarroa,,%,Markina-Ondarroa,100.0
2022,,,Markina-Ondarroa,,%,Markina-Ondarroa,97.5
2021,,,Plentzia-Mungia,,%,Plentzia-Mungia,99.7
2023,,,Plentzia-Mungia,,%,Plentzia-Mungia,100.0
2022,,,Plentzia-Mungia,,%,Plentzia-Mungia,96.1
2022,,,Tolosaldea,,%,Tolosaldea,98.1
2023,,,Tolosaldea,,%,Tolosaldea,100.0
2021,,,Tolosaldea,,%,Tolosaldea,99.8
2022,,,Urola Kosta,,%,Urola Kosta,98.3
2021,,,Urola Kosta,,%,Urola Kosta,99.7
2023,,,Urola Kosta,,%,Urola Kosta,100.0
2021,,Araba/Álava,,,%,Araba/Álava,99.8
2022,,Araba/Álava,,,%,Araba/Álava,97.0
2023,,Araba/Álava,,,%,Araba/Álava,100.0
2021,,Bizkaia,,,%,Bizkaia,99.7
2023,,Bizkaia,,,%,Bizkaia,100.0
2022,,Bizkaia,,,%,Bizkaia,96.4
2023,,Gipuzkoa,,,%,Gipuzkoa,100.0
2022,,Gipuzkoa,,,%,Gipuzkoa,97.3
2021,,Gipuzkoa,,,%,Gipuzkoa,99.6
2023,Mujer,,,,%,,100.0
2021,Mujer,,,,%,,99.7
2022,Mujer,,,,%,,96.8
2022,Mujer,,,Abadiño,%,Abadiño,97.5
2021,Mujer,,,Abadiño,%,Abadiño,100.0
2023,Mujer,,,Abadiño,%,Abadiño,100.0
2022,Mujer,,,Abaltzisketa,%,Abaltzisketa,100.0
2023,Mujer,,,Abaltzisketa,%,Abaltzisketa,100.0
2021,Mujer,,,Abanto y Ciérvana-Abanto Zierbena,%,Abanto y Ciérvana-Abanto Zierbena,100.0
2023,Mujer,,,Abanto y Ciérvana-Abanto Zierbena,%,Abanto y Ciérvana-Abanto Zierbena,100.0
2022,Mujer,,,Abanto y Ciérvana-Abanto Zierbena,%,Abanto y Ciérvana-Abanto Zierbena,97.0
2021,Mujer,,,Aduna,%,Aduna,100.0
2023,Mujer,,,Aduna,%,Aduna,100.0
2022,Mujer,,,Aduna,%,Aduna,100.0
2021,Mujer,,,Agurain/Salvatierra,%,Agurain/Salvatierra,100.0
2022,Mujer,,,Agurain/Salvatierra,%,Agurain/Salvatierra,100.0
2023,Mujer,,,Agurain/Salvatierra,%,Agurain/Salvatierra,100.0
2022,Mujer,,,Aia,%,Aia,100.0
2023,Mujer,,,Aia,%,Aia,100.0
2021,Mujer,,,Aia,%,Aia,100.0
2021,Mujer,,,Aizarnazabal,%,Aizarnazabal,100.0
2023,Mujer,,,Aizarnazabal,%,Aizarnazabal,100.0
2022,Mujer,,,Aizarnazabal,%,Aizarnazabal,100.0
2023,Mujer,,,Ajangiz,%,Ajangiz,100.0
2021,Mujer,,,Ajangiz,%,Ajangiz,100.0
2022,Mujer,,,Ajangiz,%,Ajangiz,100.0
2022,Mujer,,,Albiztur,%,Albiztur,100.0
2021,Mujer,,,Alegia,%,Alegia,100.0
2022,Mujer,,,Alegia,%,Alegia,100.0
2023,Mujer,,,Alegia,%,Alegia,100.0
2021,Mujer,,,Alegría-Dulantzi,%,Alegría-Dulantzi,100.0
2023,Mujer,,,Alegría-Dulantzi,%,Alegría-Dulantzi,100.0
2022,Mujer,,,Alegría-Dulantzi,%,Alegría-Dulantzi,93.8
2021,Mujer,,,Alkiza,%,Alkiza,100.0
2022,Mujer,,,Alkiza,%,Alkiza,100.0
2023,Mujer,,,Alkiza,%,Alkiza,100.0
2022,Mujer,,,Alonsotegi,%,Alonsotegi,100.0
2023,Mujer,,,Alonsotegi,%,Alonsotegi,100.0
2021,Mujer,,,Alonsotegi,%,Alonsotegi,100.0
2023,Mujer,,,Altzaga,%,Altzaga,100.0
2022,Mujer,,,Altzaga,%,Altzaga,100.0
2021,Mujer,,,Altzaga,%,Altzaga,100.0
2023,Mujer,,,Altzo,%,Altzo,100.0
2021,Mujer,,,Altzo,%,Altzo,100.0
2022,Mujer,,,Altzo,%,Altzo,100.0
2021,Mujer,,,Amezketa,%,Amezketa,100.0
2022,Mujer,,,Amezketa,%,Amezketa,100.0
2023,Mujer,,,Amezketa,%,Amezketa,100.0
2023,Mujer,,,Amorebieta-Etxano,%,Amorebieta-Etxano,100.0
2022,Mujer,,,Amorebieta-Etxano,%,Amorebieta-Etxano,100.0
2021,Mujer,,,Amorebieta-Etxano,%,Amorebieta-Etxano,100.0
2023,Mujer,,,Amoroto,%,Amoroto,100.0
2022,Mujer,,,Amoroto,%,Amoroto,100.0
2022,Mujer,,,Amurrio,%,Amurrio,100.0
2023,Mujer,,,Amurrio,%,Amurrio,100.0
2021,Mujer,,,Amurrio,%,Amurrio,100.0
2022,Mujer,,,Andoain,%,Andoain,100.0
2021,Mujer,,,Andoain,%,Andoain,100.0
2023,Mujer,,,Andoain,%,Andoain,100.0
2023,Mujer,,,Anoeta,%,Anoeta,100.0
2021,Mujer,,,Anoeta,%,Anoeta,100.0
2022,Mujer,,,Anoeta,%,Anoeta,100.0
2023,Mujer,,,Antzuola,%,Antzuola,100.0
2022,Mujer,,,Antzuola,%,Antzuola,100.0
2021,Mujer,,,Antzuola,%,Antzuola,100.0
2023,Mujer,,,Arakaldo,%,Arakaldo,100.0
2022,Mujer,,,Arakaldo,%,Arakaldo,100.0
2021,Mujer,,,Arama,%,Arama,100.0
2023,Mujer,,,Arama,%,Arama,100.0
2021,Mujer,,,Aramaio,%,Aramaio,100.0
2022,Mujer,,,Aramaio,%,Aramaio,100.0
2023,Mujer,,,Aramaio,%,Aramaio,100.0
2022,Mujer,,,Arantzazu,%,Arantzazu,100.0
2021,Mujer,,,Arantzazu,%,Arantzazu,100.0
2022,Mujer,,,Areatza,%,Areatza,100.0
2023,Mujer,,,Areatza,%,Areatza,100.0
2021,Mujer,,,Areatza,%,Areatza,100.0
2021,Mujer,,,Aretxabaleta,%,Aretxabaleta,100.0
2022,Mujer,,,Aretxabaleta,%,Aretxabaleta,100.0
2023,Mujer,,,Aretxabaleta,%,Aretxabaleta,100.0
2023,Mujer,,,Armiñón,%,Armiñón,100.0
2021,Mujer,,,Armiñón,%,Armiñón,100.0
2021,Mujer,,,Arraia-Maeztu,%,Arraia-Maeztu,100.0
2022,Mujer,,,Arraia-Maeztu,%,Arraia-Maeztu,100.0
2023,Mujer,,,Arraia-Maeztu,%,Arraia-Maeztu,100.0
2023,Mujer,,,Arrankudiaga-Zollo,%,Arrankudiaga-Zollo,100.0
2022,Mujer,,,Arrankudiaga-Zollo,%,Arrankudiaga-Zollo,100.0
2021,Mujer,,,Arrankudiaga-Zollo,%,Arrankudiaga-Zollo,100.0
2021,Mujer,,,Arrasate/Mondragón,%,Arrasate/Mondragón,99.0
2022,Mujer,,,Arrasate/Mondragón,%,Arrasate/Mondragón,97.6
2023,Mujer,,,Arrasate/Mondragón,%,Arrasate/Mondragón,100.0
2021,Mujer,,,Arratzu,%,Arratzu,100.0
2022,Mujer,,,Arratzu,%,Arratzu,100.0
2023,Mujer,,,Arratzu,%,Arratzu,100.0
2023,Mujer,,,Arratzua-Ubarrundia,%,Arratzua-Ubarrundia,100.0
2022,Mujer,,,Arratzua-Ubarrundia,%,Arratzua-Ubarrundia,100.0
2021,Mujer,,,Arratzua-Ubarrundia,%,Arratzua-Ubarrundia,100.0
2023,Mujer,,,Arrieta,%,Arrieta,100.0
2021,Mujer,,,Arrieta,%,Arrieta,100.0
2022,Mujer,,,Arrigorriaga,%,Arrigorriaga,94.6
2023,Mujer,,,Arrigorriaga,%,Arrigorriaga,100.0
2021,Mujer,,,Arrigorriaga,%,Arrigorriaga,100.0
2023,Mujer,,,Artea,%,Artea,100.0
2022,Mujer,,,Artea,%,Artea,100.0
2021,Mujer,,,Artea,%,Artea,100.0
2022,Mujer,,,Artzentales,%,Artzentales,100.0
2023,Mujer,,,Artzentales,%,Artzentales,100.0
2021,Mujer,,,Artzentales,%,Artzentales,100.0
2021,Mujer,,,Artziniega,%,Artziniega,100.0
2023,Mujer,,,Artziniega,%,Artziniega,100.0
2022,Mujer,,,Artziniega,%,Artziniega,100.0
2023,Mujer,,,Asparrena,%,Asparrena,100.0
2022,Mujer,,,Asparrena,%,Asparrena,50.0
2021,Mujer,,,Asparrena,%,Asparrena,100.0
2021,Mujer,,,Asteasu,%,Asteasu,87.5
2023,Mujer,,,Asteasu,%,Asteasu,100.0
2022,Mujer,,,Asteasu,%,Asteasu,100.0
2021,Mujer,,,Astigarraga,%,Astigarraga,98.0
2022,Mujer,,,Astigarraga,%,Astigarraga,100.0
2023,Mujer,,,Astigarraga,%,Astigarraga,100.0
2021,Mujer,,,Ataun,%,Ataun,100.0
2023,Mujer,,,Ataun,%,Ataun,100.0
2022,Mujer,,,Ataun,%,Ataun,100.0
2021,Mujer,,,Atxondo,%,Atxondo,100.0
2023,Mujer,,,Atxondo,%,Atxondo,100.0
2022,Mujer,,,Atxondo,%,Atxondo,80.0
2022,Mujer,,,Aulesti,%,Aulesti,83.3
2021,Mujer,,,Aulesti,%,Aulesti,100.0
2021,Mujer,,,Ayala/Aiara,%,Ayala/Aiara,100.0
2022,Mujer,,,Ayala/Aiara,%,Ayala/Aiara,92.3
2023,Mujer,,,Ayala/Aiara,%,Ayala/Aiara,100.0
2023,Mujer,,,Azkoitia,%,Azkoitia,100.0
2021,Mujer,,,Azkoitia,%,Azkoitia,100.0
2022,Mujer,,,Azkoitia,%,Azkoitia,97.2
2023,Mujer,,,Azpeitia,%,Azpeitia,100.0
2022,Mujer,,,Azpeitia,%,Azpeitia,98.5
2021,Mujer,,,Azpeitia,%,Azpeitia,100.0
2023,Mujer,,,Bakio,%,Bakio,100.0
2021,Mujer,,,Bakio,%,Bakio,100.0
2022,Mujer,,,Bakio,%,Bakio,93.8
2022,Mujer,,,Baliarrain,%,Baliarrain,100.0
2023,Mujer,,,Balmaseda,%,Balmaseda,100.0
2022,Mujer,,,Balmaseda,%,Balmaseda,93.8
2021,Mujer,,,Balmaseda,%,Balmaseda,100.0
2021,Mujer,,,Baños de Ebro/Mañueta,%,Baños de Ebro/Mañueta,100.0
2022,Mujer,,,Baños de Ebro/Mañueta,%,Baños de Ebro/Mañueta,100.0
2022,Mujer,,,Barakaldo,%,Barakaldo,96.6
2021,Mujer,,,Barakaldo,%,Barakaldo,100.0
2023,Mujer,,,Barakaldo,%,Barakaldo,100.0
2023,Mujer,,,Barrika,%,Barrika,100.0
2021,Mujer,,,Barrika,%,Barrika,100.0
2022,Mujer,,,Barrika,%,Barrika,83.3
2022,Mujer,,,Barrundia,%,Barrundia,100.0
2023,Mujer,,,Barrundia,%,Barrundia,100.0
2021,Mujer,,,Barrundia,%,Barrundia,100.0
2022,Mujer,,,Basauri,%,Basauri,97.2
2023,Mujer,,,Basauri,%,Basauri,100.0
2021,Mujer,,,Basauri,%,Basauri,99.2
2021,Mujer,,,Beasain,%,Beasain,100.0
2022,Mujer,,,Beasain,%,Beasain,97.1
2023,Mujer,,,Beasain,%,Beasain,100.0
2022,Mujer,,,Bedia,%,Bedia,90.9
2023,Mujer,,,Bedia,%,Bedia,100.0
2021,Mujer,,,Bedia,%,Bedia,100.0
2021,Mujer,,,Beizama,%,Beizama,100.0
2022,Mujer,,,Belauntza,%,Belauntza,66.7
2021,Mujer,,,Belauntza,%,Belauntza,100.0
2023,Mujer,,,Belauntza,%,Belauntza,100.0
2023,Mujer,,,Berango,%,Berango,100.0
2021,Mujer,,,Berango,%,Berango,100.0
2022,Mujer,,,Berango,%,Berango,95.9
2023,Mujer,,,Berantevilla,%,Berantevilla,100.0
2021,Mujer,,,Berantevilla,%,Berantevilla,100.0
2022,Mujer,,,Berastegi,%,Berastegi,100.0
2021,Mujer,,,Berastegi,%,Berastegi,100.0
2023,Mujer,,,Berastegi,%,Berastegi,100.0
2021,Mujer,,,Bergara,%,Bergara,100.0
2023,Mujer,,,Bergara,%,Bergara,100.0
2022,Mujer,,,Bergara,%,Bergara,98.0
2021,Mujer,,,Bermeo,%,Bermeo,97.5
2023,Mujer,,,Bermeo,%,Bermeo,100.0
2022,Mujer,,,Bermeo,%,Bermeo,95.0
2022,Mujer,,,Bernedo,%,Bernedo,100.0
2021,Mujer,,,Bernedo,%,Bernedo,100.0
2023,Mujer,,,Berriatua,%,Berriatua,100.0
2021,Mujer,,,Berriatua,%,Berriatua,100.0
2022,Mujer,,,Berriatua,%,Berriatua,100.0
2023,Mujer,,,Berriz,%,Berriz,100.0
2022,Mujer,,,Berriz,%,Berriz,93.1
2021,Mujer,,,Berriz,%,Berriz,94.4
2021,Mujer,,,Berrobi,%,Berrobi,100.0
2022,Mujer,,,Berrobi,%,Berrobi,100.0
2023,Mujer,,,Berrobi,%,Berrobi,100.0
2021,Mujer,,,Bidania-Goiatz,%,Bidania-Goiatz,100.0
2022,Mujer,,,Bidania-Goiatz,%,Bidania-Goiatz,100.0
2023,Mujer,,,Bidania-Goiatz,%,Bidania-Goiatz,100.0
2022,Mujer,,,Bilbao,%,Bilbao,95.4
2021,Mujer,,,Bilbao,%,Bilbao,99.8
2023,Mujer,,,Bilbao,%,Bilbao,100.0
2023,Mujer,,,Busturia,%,Busturia,100.0
2021,Mujer,,,Busturia,%,Busturia,100.0
2022,Mujer,,,Busturia,%,Busturia,100.0
2022,Mujer,,,Campezo/Kanpezu,%,Campezo/Kanpezu,100.0
2023,Mujer,,,Campezo/Kanpezu,%,Campezo/Kanpezu,100.0
2021,Mujer,,,Campezo/Kanpezu,%,Campezo/Kanpezu,100.0
2022,Mujer,,,Deba,%,Deba,81.8
2023,Mujer,,,Deba,%,Deba,100.0
2021,Mujer,,,Deba,%,Deba,94.7
2023,Mujer,,,Derio,%,Derio,100.0
2022,Mujer,,,Derio,%,Derio,100.0
2021,Mujer,,,Derio,%,Derio,100.0
2022,Mujer,,,Dima,%,Dima,100.0
2021,Mujer,,,Dima,%,Dima,100.0
2023,Mujer,,,Dima,%,Dima,100.0
2021,Mujer,,,Donostia / San Sebastián,%,Donostia / San Sebastián,99.9
2022,Mujer,,,Donostia / San Sebastián,%,Donostia / San Sebastián,97.5
2023,Mujer,,,Donostia / San Sebastián,%,Donostia / San Sebastián,100.0
2023,Mujer,,,Durango,%,Durango,100.0
2021,Mujer,,,Durango,%,Durango,99.3
2022,Mujer,,,Durango,%,Durango,99.1
2023,Mujer,,,Ea,%,Ea,100.0
2021,Mujer,,,Ea,%,Ea,100.0
2022,Mujer,,,Ea,%,Ea,100.0
2021,Mujer,,,Eibar,%,Eibar,100.0
2022,Mujer,,,Eibar,%,Eibar,99.1
2023,Mujer,,,Eibar,%,Eibar,100.0
2021,Mujer,,,Elantxobe,%,Elantxobe,100.0
2022,Mujer,,,Elburgo/Burgelu,%,Elburgo/Burgelu,100.0
2023,Mujer,,,Elburgo/Burgelu,%,Elburgo/Burgelu,100.0
2021,Mujer,,,Elburgo/Burgelu,%,Elburgo/Burgelu,100.0
2023,Mujer,,,Elciego,%,Elciego,100.0
2022,Mujer,,,Elciego,%,Elciego,100.0
2021,Mujer,,,Elciego,%,Elciego,100.0
2021,Mujer,,,Elduain,%,Elduain,100.0
2022,Mujer,,,Elduain,%,Elduain,100.0
2021,Mujer,,,Elgeta,%,Elgeta,100.0
2023,Mujer,,,Elgeta,%,Elgeta,100.0
2022,Mujer,,,Elgeta,%,Elgeta,100.0
2023,Mujer,,,Elgoibar,%,Elgoibar,100.0
2022,Mujer,,,Elgoibar,%,Elgoibar,94.0
2021,Mujer,,,Elgoibar,%,Elgoibar,100.0
2022,Mujer,,,Elorrio,%,Elorrio,100.0
2023,Mujer,,,Elorrio,%,Elorrio,100.0
2021,Mujer,,,Elorrio,%,Elorrio,100.0
2023,Mujer,,,Elvillar/Bilar,%,Elvillar/Bilar,100.0
2022,Mujer,,,Elvillar/Bilar,%,Elvillar/Bilar,100.0
2021,Mujer,,,Elvillar/Bilar,%,Elvillar/Bilar,100.0
2021,Mujer,,,Erandio,%,Erandio,100.0
2022,Mujer,,,Erandio,%,Erandio,97.1
2023,Mujer,,,Erandio,%,Erandio,100.0
2022,Mujer,,,Ereño,%,Ereño,100.0
2023,Mujer,,,Ereño,%,Ereño,100.0
2021,Mujer,,,Ermua,%,Ermua,100.0
2023,Mujer,,,Ermua,%,Ermua,100.0
2022,Mujer,,,Ermua,%,Ermua,97.3
2021,Mujer,,,Errenteria,%,Errenteria,100.0
2023,Mujer,,,Errenteria,%,Errenteria,100.0
2022,Mujer,,,Errenteria,%,Errenteria,98.2
2021,Mujer,,,Errezil,%,Errezil,100.0
2022,Mujer,,,Errezil,%,Errezil,100.0
2023,Mujer,,,Errezil,%,Errezil,100.0
2022,Mujer,,,Erriberagoitia/Ribera Alta,%,Erriberagoitia/Ribera Alta,66.7
2021,Mujer,,,Erriberagoitia/Ribera Alta,%,Erriberagoitia/Ribera Alta,100.0
2023,Mujer,,,Erriberagoitia/Ribera Alta,%,Erriberagoitia/Ribera Alta,100.0
2022,Mujer,,,Errigoiti,%,Errigoiti,100.0
2021,Mujer,,,Errigoiti,%,Errigoiti,100.0
2022,Mujer,,,Eskoriatza,%,Eskoriatza,100.0
2023,Mujer,,,Eskoriatza,%,Eskoriatza,100.0
2021,Mujer,,,Eskoriatza,%,Eskoriatza,100.0
2022,Mujer,,,Etxebarri,%,Etxebarri,100.0
2023,Mujer,,,Etxebarri,%,Etxebarri,100.0
2021,Mujer,,,Etxebarri,%,Etxebarri,98.6
2022,Mujer,,,Etxebarria,%,Etxebarria,100.0
2023,Mujer,,,Etxebarria,%,Etxebarria,100.0
2021,Mujer,,,Etxebarria,%,Etxebarria,100.0
2022,Mujer,,,Ezkio-Itsaso,%,Ezkio-Itsaso,100.0
2021,Mujer,,,Ezkio-Itsaso,%,Ezkio-Itsaso,100.0
2023,Mujer,,,Ezkio-Itsaso,%,Ezkio-Itsaso,100.0
2023,Mujer,,,Forua,%,Forua,100.0
2021,Mujer,,,Forua,%,Forua,100.0
2022,Mujer,,,Forua,%,Forua,100.0
2023,Mujer,,,Fruiz,%,Fruiz,100.0
2021,Mujer,,,Fruiz,%,Fruiz,100.0
2022,Mujer,,,Fruiz,%,Fruiz,100.0
2021,Mujer,,,Gabiria,%,Gabiria,100.0
2022,Mujer,,,Gabiria,%,Gabiria,100.0
2023,Mujer,,,Gaintza,%,Gaintza,100.0
2022,Mujer,,,Galdakao,%,Galdakao,98.2
2023,Mujer,,,Galdakao,%,Galdakao,100.0
2021,Mujer,,,Galdakao,%,Galdakao,99.1
2023,Mujer,,,Galdames,%,Galdames,100.0
2021,Mujer,,,Galdames,%,Galdames,100.0
2022,Mujer,,,Galdames,%,Galdames,100.0
2023,Mujer,,,Gamiz-Fika,%,Gamiz-Fika,100.0
2022,Mujer,,,Gamiz-Fika,%,Gamiz-Fika,100.0
2021,Mujer,,,Gamiz-Fika,%,Gamiz-Fika,100.0
2021,Mujer,,,Garai,%,Garai,100.0
2023,Mujer,,,Garai,%,Garai,100.0
2022,Mujer,,,Garai,%,Garai,100.0
2022,Mujer,,,Gatika,%,Gatika,100.0
2023,Mujer,,,Gatika,%,Gatika,100.0
2021,Mujer,,,Gatika,%,Gatika,100.0
2023,Mujer,,,Gautegiz Arteaga,%,Gautegiz Arteaga,100.0
2022,Mujer,,,Gautegiz Arteaga,%,Gautegiz Arteaga,100.0
2021,Mujer,,,Gautegiz Arteaga,%,Gautegiz Arteaga,100.0
2022,Mujer,,,Gaztelu,%,Gaztelu,100.0
2023,Mujer,,,Gaztelu,%,Gaztelu,100.0
2021,Mujer,,,Gaztelu,%,Gaztelu,100.0
2021,Mujer,,,Gernika-Lumo,%,Gernika-Lumo,100.0
2022,Mujer,,,Gernika-Lumo,%,Gernika-Lumo,93.4
2023,Mujer,,,Gernika-Lumo,%,Gernika-Lumo,100.0
2022,Mujer,,,Getaria,%,Getaria,100.0
2021,Mujer,,,Getaria,%,Getaria,94.4
2023,Mujer,,,Getaria,%,Getaria,100.0
2023,Mujer,,,Getxo,%,Getxo,100.0
2022,Mujer,,,Getxo,%,Getxo,90.8
2021,Mujer,,,Getxo,%,Getxo,99.7
2022,Mujer,,,Gizaburuaga,%,Gizaburuaga,100.0
2021,Mujer,,,Gordexola,%,Gordexola,100.0
2023,Mujer,,,Gordexola,%,Gordexola,100.0
2022,Mujer,,,Gordexola,%,Gordexola,83.3
2021,Mujer,,,Gorliz,%,Gorliz,100.0
2022,Mujer,,,Gorliz,%,Gorliz,91.7
2023,Mujer,,,Gorliz,%,Gorliz,100.0
2023,Mujer,,,Güeñes,%,Güeñes,100.0
2021,Mujer,,,Güeñes,%,Güeñes,100.0
2022,Mujer,,,Güeñes,%,Güeñes,96.0
2022,Mujer,,,Harana/Valle de Arana,%,Harana/Valle de Arana,100.0
2022,Mujer,,,Hernani,%,Hernani,95.6
2021,Mujer,,,Hernani,%,Hernani,100.0
2023,Mujer,,,Hernani,%,Hernani,100.0
2022,Mujer,,,Hondarribia,%,Hondarribia,91.7
2023,Mujer,,,Hondarribia,%,Hondarribia,100.0
2021,Mujer,,,Hondarribia,%,Hondarribia,100.0
2022,Mujer,,,Ibarra,%,Ibarra,100.0
2021,Mujer,,,Ibarra,%,Ibarra,100.0
2023,Mujer,,,Ibarra,%,Ibarra,100.0
2021,Mujer,,,Ibarrangelu,%,Ibarrangelu,100.0
2023,Mujer,,,Ibarrangelu,%,Ibarrangelu,100.0
2022,Mujer,,,Idiazabal,%,Idiazabal,90.0
2021,Mujer,,,Idiazabal,%,Idiazabal,100.0
2023,Mujer,,,Idiazabal,%,Idiazabal,100.0
2023,Mujer,,,Igorre,%,Igorre,100.0
2022,Mujer,,,Igorre,%,Igorre,100.0
2021,Mujer,,,Igorre,%,Igorre,100.0
2023,Mujer,,,Ikaztegieta,%,Ikaztegieta,100.0
2021,Mujer,,,Ikaztegieta,%,Ikaztegieta,100.0
2022,Mujer,,,Ikaztegieta,%,Ikaztegieta,100.0
2021,Mujer,,,Irun,%,Irun,99.2
2023,Mujer,,,Irun,%,Irun,100.0
2022,Mujer,,,Irun,%,Irun,94.6
2021,Mujer,,,Iruña Oka/Iruña de Oca,%,Iruña Oka/Iruña de Oca,100.0
2023,Mujer,,,Iruña Oka/Iruña de Oca,%,Iruña Oka/Iruña de Oca,100.0
2022,Mujer,,,Iruña Oka/Iruña de Oca,%,Iruña Oka/Iruña de Oca,100.0
2022,Mujer,,,Irura,%,Irura,100.0
2021,Mujer,,,Irura,%,Irura,100.0
2023,Mujer,,,Irura,%,Irura,100.0
2023,Mujer,,,Iruraiz-Gauna,%,Iruraiz-Gauna,100.0
2021,Mujer,,,Iruraiz-Gauna,%,Iruraiz-Gauna,100.0
2022,Mujer,,,Iruraiz-Gauna,%,Iruraiz-Gauna,100.0
2022,Mujer,,,Ispaster,%,Ispaster,100.0
2023,Mujer,,,Ispaster,%,Ispaster,100.0
2021,Mujer,,,Ispaster,%,Ispaster,100.0
2022,Mujer,,,Itsasondo,%,Itsasondo,100.0
2023,Mujer,,,Itsasondo,%,Itsasondo,100.0
2021,Mujer,,,Iurreta,%,Iurreta,100.0
2023,Mujer,,,Iurreta,%,Iurreta,100.0
2022,Mujer,,,Iurreta,%,Iurreta,100.0
2021,Mujer,,,Izurtza,%,Izurtza,100.0
2022,Mujer,,,Karrantza Harana/Valle de Carranza,%,Karrantza Harana/Valle de Carranza,100.0
2021,Mujer,,,Karrantza Harana/Valle de Carranza,%,Karrantza Harana/Valle de Carranza,100.0
2023,Mujer,,,Karrantza Harana/Valle de Carranza,%,Karrantza Harana/Valle de Carranza,100.0
2022,Mujer,,,Kortezubi,%,Kortezubi,100.0
2021,Mujer,,,Kortezubi,%,Kortezubi,100.0
2023,Mujer,,,Kortezubi,%,Kortezubi,100.0
2021,Mujer,,,Kripan,%,Kripan,100.0
2022,Mujer,,,Kuartango,%,Kuartango,100.0
2023,Mujer,,,Kuartango,%,Kuartango,100.0
2021,Mujer,,,Kuartango,%,Kuartango,100.0
2022,Mujer,,,Labastida/Bastida,%,Labastida/Bastida,100.0
2023,Mujer,,,Labastida/Bastida,%,Labastida/Bastida,100.0
2021,Mujer,,,Labastida/Bastida,%,Labastida/Bastida,100.0
2021,Mujer,,,Lagrán,%,Lagrán,100.0
2021,Mujer,,,Laguardia,%,Laguardia,100.0
2023,Mujer,,,Laguardia,%,Laguardia,100.0
2022,Mujer,,,Laguardia,%,Laguardia,100.0
2021,Mujer,,,Lanciego/Lantziego,%,Lanciego/Lantziego,100.0
2023,Mujer,,,Lanciego/Lantziego,%,Lanciego/Lantziego,100.0
2022,Mujer,,,Lanciego/Lantziego,%,Lanciego/Lantziego,100.0
2022,Mujer,,,Lanestosa,%,Lanestosa,100.0
2021,Mujer,,,Lanestosa,%,Lanestosa,100.0
2023,Mujer,,,Lantarón,%,Lantarón,100.0
2021,Mujer,,,Lantarón,%,Lantarón,100.0
2022,Mujer,,,Lantarón,%,Lantarón,100.0
2023,Mujer,,,Lapuebla de Labarca,%,Lapuebla de Labarca,100.0
2022,Mujer,,,Lapuebla de Labarca,%,Lapuebla de Labarca,100.0
2021,Mujer,,,Lapuebla de Labarca,%,Lapuebla de Labarca,100.0
2021,Mujer,,,Larrabetzu,%,Larrabetzu,100.0
2022,Mujer,,,Larrabetzu,%,Larrabetzu,100.0
2023,Mujer,,,Larrabetzu,%,Larrabetzu,100.0
2023,Mujer,,,Larraul,%,Larraul,100.0
2022,Mujer,,,Lasarte-Oria,%,Lasarte-Oria,98.6
2023,Mujer,,,Lasarte-Oria,%,Lasarte-Oria,100.0
2021,Mujer,,,Lasarte-Oria,%,Lasarte-Oria,100.0
2022,Mujer,,,Laudio/Llodio,%,Laudio/Llodio,98.8
2023,Mujer,,,Laudio/Llodio,%,Laudio/Llodio,100.0
2021,Mujer,,,Laudio/Llodio,%,Laudio/Llodio,100.0
2022,Mujer,,,Laukiz,%,Laukiz,75.0
2021,Mujer,,,Laukiz,%,Laukiz,100.0
2023,Mujer,,,Laukiz,%,Laukiz,100.0
2021,Mujer,,,Lazkao,%,Lazkao,100.0
2023,Mujer,,,Lazkao,%,Lazkao,100.0
2022,Mujer,,,Lazkao,%,Lazkao,100.0
2022,Mujer,,,Leaburu,%,Leaburu,100.0
2023,Mujer,,,Leaburu,%,Leaburu,100.0
2021,Mujer,,,Leaburu,%,Leaburu,100.0
2022,Mujer,,,Legazpi,%,Legazpi,96.7
2023,Mujer,,,Legazpi,%,Legazpi,100.0
2021,Mujer,,,Legazpi,%,Legazpi,100.0
2023,Mujer,,,Legorreta,%,Legorreta,100.0
2022,Mujer,,,Legorreta,%,Legorreta,100.0
2021,Mujer,,,Legorreta,%,Legorreta,100.0
2023,Mujer,,,Legutio,%,Legutio,100.0
2021,Mujer,,,Legutio,%,Legutio,100.0
2022,Mujer,,,Legutio,%,Legutio,100.0
2021,Mujer,,,Leintz-Gatzaga,%,Leintz-Gatzaga,100.0
2023,Mujer,,,Leintz-Gatzaga,%,Leintz-Gatzaga,100.0
2023,Mujer,,,Leioa,%,Leioa,100.0
2021,Mujer,,,Leioa,%,Leioa,100.0
2022,Mujer,,,Leioa,%,Leioa,97.3
2022,Mujer,,,Lekeitio,%,Lekeitio,95.5
2023,Mujer,,,Lekeitio,%,Lekeitio,100.0
2021,Mujer,,,Lekeitio,%,Lekeitio,100.0
2021,Mujer,,,Lemoa,%,Lemoa,100.0
2023,Mujer,,,Lemoa,%,Lemoa,100.0
2022,Mujer,,,Lemoa,%,Lemoa,92.6
2022,Mujer,,,Lemoiz,%,Lemoiz,100.0
2021,Mujer,,,Lemoiz,%,Lemoiz,100.0
2023,Mujer,,,Lemoiz,%,Lemoiz,100.0
2021,Mujer,,,Leza,%,Leza,100.0
2023,Mujer,,,Leza,%,Leza,100.0
2023,Mujer,,,Lezama,%,Lezama,100.0
2021,Mujer,,,Lezama,%,Lezama,100.0
2022,Mujer,,,Lezama,%,Lezama,100.0
2023,Mujer,,,Lezo,%,Lezo,100.0
2022,Mujer,,,Lezo,%,Lezo,100.0
2021,Mujer,,,Lezo,%,Lezo,100.0
2022,Mujer,,,Lizartza,%,Lizartza,100.0
2021,Mujer,,,Lizartza,%,Lizartza,100.0
2023,Mujer,,,Lizartza,%,Lizartza,100.0
2023,Mujer,,,Loiu,%,Loiu,100.0
2021,Mujer,,,Loiu,%,Loiu,100.0
2022,Mujer,,,Loiu,%,Loiu,100.0
2023,Mujer,,,Mallabia,%,Mallabia,100.0
2021,Mujer,,,Mallabia,%,Mallabia,100.0
2022,Mujer,,,Mallabia,%,Mallabia,80.0
2021,Mujer,,,Mañaria,%,Mañaria,100.0
2022,Mujer,,,Mañaria,%,Mañaria,100.0
2023,Mujer,,,Mañaria,%,Mañaria,100.0
2022,Mujer,,,Markina-Xemein,%,Markina-Xemein,96.0
2023,Mujer,,,Markina-Xemein,%,Markina-Xemein,100.0
2021,Mujer,,,Markina-Xemein,%,Markina-Xemein,100.0
2023,Mujer,,,Maruri-Jatabe,%,Maruri-Jatabe,100.0
2022,Mujer,,,Maruri-Jatabe,%,Maruri-Jatabe,100.0
2021,Mujer,,,Maruri-Jatabe,%,Maruri-Jatabe,100.0
2023,Mujer,,,Mendaro,%,Mendaro,100.0
2022,Mujer,,,Mendaro,%,Mendaro,100.0
2021,Mujer,,,Mendaro,%,Mendaro,100.0
2023,Mujer,,,Mendata,%,Mendata,100.0
2021,Mujer,,,Mendata,%,Mendata,100.0
2022,Mujer,,,Mendexa,%,Mendexa,100.0
2021,Mujer,,,Mendexa,%,Mendexa,100.0
2021,Mujer,,,Meñaka,%,Meñaka,100.0
2023,Mujer,,,Meñaka,%,Meñaka,100.0
2022,Mujer,,,Meñaka,%,Meñaka,100.0
2022,Mujer,,,Moreda de Álava/Moreda Araba,%,Moreda de Álava/Moreda Araba,100.0
2023,Mujer,,,Moreda de Álava/Moreda Araba,%,Moreda de Álava/Moreda Araba,100.0
2022,Mujer,,,Morga,%,Morga,100.0
2022,Mujer,,,Mundaka,%,Mundaka,100.0
2023,Mujer,,,Mundaka,%,Mundaka,100.0
2021,Mujer,,,Mundaka,%,Mundaka,100.0
2021,Mujer,,,Mungia,%,Mungia,100.0
2023,Mujer,,,Mungia,%,Mungia,100.0
2022,Mujer,,,Mungia,%,Mungia,96.3
2021,Mujer,,,Munitibar-Arbatzegi Gerrikaitz,%,Munitibar-Arbatzegi Gerrikaitz,100.0
2023,Mujer,,,Munitibar-Arbatzegi Gerrikaitz,%,Munitibar-Arbatzegi Gerrikaitz,100.0
2022,Mujer,,,Munitibar-Arbatzegi Gerrikaitz,%,Munitibar-Arbatzegi Gerrikaitz,100.0
2022,Mujer,,,Murueta,%,Murueta,100.0
2023,Mujer,,,Murueta,%,Murueta,100.0
2021,Mujer,,,Murueta,%,Murueta,100.0
2023,Mujer,,,Muskiz,%,Muskiz,100.0
2021,Mujer,,,Muskiz,%,Muskiz,100.0
2022,Mujer,,,Muskiz,%,Muskiz,100.0
2023,Mujer,,,Mutiloa,%,Mutiloa,100.0
2022,Mujer,,,Mutiloa,%,Mutiloa,100.0
2021,Mujer,,,Mutriku,%,Mutriku,100.0
2023,Mujer,,,Mutriku,%,Mutriku,100.0
2022,Mujer,,,Mutriku,%,Mutriku,100.0
2021,Mujer,,,Muxika,%,Muxika,100.0
2022,Mujer,,,Muxika,%,Muxika,80.0
2023,Mujer,,,Muxika,%,Muxika,100.0
2023,Mujer,,,Nabarniz,%,Nabarniz,100.0
2022,Mujer,,,Nabarniz,%,Nabarniz,100.0
2021,Mujer,,,Nabarniz,%,Nabarniz,100.0
2021,Mujer,,,Navaridas,%,Navaridas,100.0
2021,Mujer,,,Oiartzun,%,Oiartzun,100.0
2022,Mujer,,,Oiartzun,%,Oiartzun,92.5
2023,Mujer,,,Oiartzun,%,Oiartzun,100.0
2021,Mujer,,,Okondo,%,Okondo,100.0
2023,Mujer,,,Okondo,%,Okondo,100.0
2022,Mujer,,,Okondo,%,Okondo,100.0
2022,Mujer,,,Olaberria,%,Olaberria,100.0
2021,Mujer,,,Olaberria,%,Olaberria,100.0
2023,Mujer,,,Olaberria,%,Olaberria,100.0
2021,Mujer,,,Ondarroa,%,Ondarroa,100.0
2022,Mujer,,,Ondarroa,%,Ondarroa,97.1
2023,Mujer,,,Ondarroa,%,Ondarroa,100.0
2021,Mujer,,,Oñati,%,Oñati,98.3
2022,Mujer,,,Oñati,%,Oñati,97.8
2023,Mujer,,,Oñati,%,Oñati,100.0
2021,Mujer,,,Ordizia,%,Ordizia,98.0
2023,Mujer,,,Ordizia,%,Ordizia,100.0
2022,Mujer,,,Ordizia,%,Ordizia,100.0
2022,Mujer,,,Orendain,%,Orendain,100.0
2021,Mujer,,,Orendain,%,Orendain,100.0
2021,Mujer,,,Orexa,%,Orexa,100.0
2021,Mujer,,,Orio,%,Orio,100.0
2023,Mujer,,,Orio,%,Orio,100.0
2022,Mujer,,,Orio,%,Orio,95.7
2023,Mujer,,,Ormaiztegi,%,Ormaiztegi,100.0
2021,Mujer,,,Ormaiztegi,%,Ormaiztegi,100.0
2022,Mujer,,,Ormaiztegi,%,Ormaiztegi,100.0
2021,Mujer,,,Orozko,%,Orozko,93.8
2022,Mujer,,,Orozko,%,Orozko,94.7
2023,Mujer,,,Orozko,%,Orozko,100.0
2022,Mujer,,,Ortuella,%,Ortuella,97.4
2023,Mujer,,,Ortuella,%,Ortuella,100.0
2021,Mujer,,,Ortuella,%,Ortuella,100.0
2021,Mujer,,,Otxandio,%,Otxandio,100.0
2023,Mujer,,,Otxandio,%,Otxandio,100.0
2022,Mujer,,,Otxandio,%,Otxandio,87.5
2023,Mujer,,,Oyón-Oion,%,Oyón-Oion,100.0
2022,Mujer,,,Oyón-Oion,%,Oyón-Oion,91.7
2021,Mujer,,,Oyón-Oion,%,Oyón-Oion,95.8
2023,Mujer,,,Pasaia,%,Pasaia,100.0
2022,Mujer,,,Pasaia,%,Pasaia,97.4
2021,Mujer,,,Pasaia,%,Pasaia,100.0
2023,Mujer,,,Peñacerrada-Urizaharra,%,Peñacerrada-Urizaharra,100.0
2021,Mujer,,,Plentzia,%,Plentzia,94.1
2023,Mujer,,,Plentzia,%,Plentzia,100.0
2022,Mujer,,,Plentzia,%,Plentzia,100.0
2022,Mujer,,,Portugalete,%,Portugalete,99.3
2023,Mujer,,,Portugalete,%,Portugalete,100.0
2021,Mujer,,,Portugalete,%,Portugalete,99.3
2021,Mujer,,,Ribera Baja/Erriberabeitia,%,Ribera Baja/Erriberabeitia,100.0
2022,Mujer,,,Ribera Baja/Erriberabeitia,%,Ribera Baja/Erriberabeitia,100.0
2023,Mujer,,,Ribera Baja/Erriberabeitia,%,Ribera Baja/Erriberabeitia,100.0
2023,Mujer,,,Samaniego,%,Samaniego,100.0
2022,Mujer,,,Samaniego,%,Samaniego,100.0
2021,Mujer,,,Samaniego,%,Samaniego,100.0
2022,Mujer,,,San Millán/Donemiliaga,%,San Millán/Donemiliaga,50.0
2023,Mujer,,,San Millán/Donemiliaga,%,San Millán/Donemiliaga,100.0
2023,Mujer,,,Santurtzi,%,Santurtzi,100.0
2021,Mujer,,,Santurtzi,%,Santurtzi,99.4
2022,Mujer,,,Santurtzi,%,Santurtzi,99.4
2023,Mujer,,,Segura,%,Segura,100.0
2021,Mujer,,,Segura,%,Segura,100.0
2022,Mujer,,,Segura,%,Segura,100.0
2021,Mujer,,,Sestao,%,Sestao,100.0
2022,Mujer,,,Sestao,%,Sestao,95.6
2023,Mujer,,,Sestao,%,Sestao,100.0
2021,Mujer,,,Sondika,%,Sondika,100.0
2022,Mujer,,,Sondika,%,Sondika,81.0
2023,Mujer,,,Sondika,%,Sondika,100.0
2023,Mujer,,,Sopela,%,Sopela,100.0
2022,Mujer,,,Sopela,%,Sopela,96.9
2021,Mujer,,,Sopela,%,Sopela,98.8
2023,Mujer,,,Sopuerta,%,Sopuerta,100.0
2022,Mujer,,,Sopuerta,%,Sopuerta,100.0
2021,Mujer,,,Sopuerta,%,Sopuerta,100.0
2023,Mujer,,,Soraluze-Placencia de las Armas,%,Soraluze-Placencia de las Armas,100.0
2022,Mujer,,,Soraluze-Placencia de las Armas,%,Soraluze-Placencia de las Armas,100.0
2021,Mujer,,,Soraluze-Placencia de las Armas,%,Soraluze-Placencia de las Armas,100.0
2021,Mujer,,,Sukarrieta,%,Sukarrieta,100.0
2022,Mujer,,,Sukarrieta,%,Sukarrieta,100.0
2023,Mujer,,,Sukarrieta,%,Sukarrieta,100.0
2022,Mujer,,,Tolosa,%,Tolosa,98.8
2021,Mujer,,,Tolosa,%,Tolosa,100.0
2023,Mujer,,,Tolosa,%,Tolosa,100.0
2021,Mujer,,,Trucios-Turtzioz,%,Trucios-Turtzioz,100.0
2022,Mujer,,,Trucios-Turtzioz,%,Trucios-Turtzioz,100.0
2023,Mujer,,,Trucios-Turtzioz,%,Trucios-Turtzioz,100.0
2021,Mujer,,,Ugao-Miraballes,%,Ugao-Miraballes,100.0
2022,Mujer,,,Ugao-Miraballes,%,Ugao-Miraballes,92.9
2023,Mujer,,,Ugao-Miraballes,%,Ugao-Miraballes,100.0
2021,Mujer,,,Urduliz,%,Urduliz,100.0
2022,Mujer,,,Urduliz,%,Urduliz,100.0
2023,Mujer,,,Urduliz,%,Urduliz,100.0
2023,Mujer,,,Urduña/Orduña,%,Urduña/Orduña,100.0
2022,Mujer,,,Urduña/Orduña,%,Urduña/Orduña,93.3
2021,Mujer,,,Urduña/Orduña,%,Urduña/Orduña,100.0
2021,Mujer,,,Urkabustaiz,%,Urkabustaiz,100.0
2023,Mujer,,,Urkabustaiz,%,Urkabustaiz,100.0
2022,Mujer,,,Urkabustaiz,%,Urkabustaiz,100.0
2021,Mujer,,,Urnieta,%,Urnieta,100.0
2023,Mujer,,,Urnieta,%,Urnieta,100.0
2022,Mujer,,,Urnieta,%,Urnieta,100.0
2022,Mujer,,,Urretxu,%,Urretxu,100.0
2021,Mujer,,,Urretxu,%,Urretxu,100.0
2023,Mujer,,,Urretxu,%,Urretxu,100.0
2022,Mujer,,,Usurbil,%,Usurbil,96.3
2021,Mujer,,,Usurbil,%,Usurbil,97.1
2023,Mujer,,,Usurbil,%,Usurbil,100.0
2021,Mujer,,,Valdegovía/Gaubea,%,Valdegovía/Gaubea,100.0
2023,Mujer,,,Valdegovía/Gaubea,%,Valdegovía/Gaubea,100.0
2022,Mujer,,,Valdegovía/Gaubea,%,Valdegovía/Gaubea,66.7
2022,Mujer,,,Valle de Trápaga-Trapagaran,%,Valle de Trápaga-Trapagaran,94.1
2023,Mujer,,,Valle de Trápaga-Trapagaran,%,Valle de Trápaga-Trapagaran,100.0
2021,Mujer,,,Valle de Trápaga-Trapagaran,%,Valle de Trápaga-Trapagaran,100.0
2023,Mujer,,,Villabona,%,Villabona,100.0
2022,Mujer,,,Villabona,%,Villabona,96.0
2021,Mujer,,,Villabona,%,Villabona,100.0
2023,Mujer,,,Villabuena de Álava/Eskuernaga,%,Villabuena de Álava/Eskuernaga,100.0
2022,Mujer,,,Villabuena de Álava/Eskuernaga,%,Villabuena de Álava/Eskuernaga,100.0
2021,Mujer,,,Villabuena de Álava/Eskuernaga,%,Villabuena de Álava/Eskuernaga,100.0
2021,Mujer,,,Vitoria-Gasteiz,%,Vitoria-Gasteiz,99.9
2022,Mujer,,,Vitoria-Gasteiz,%,Vitoria-Gasteiz,97.4
2023,Mujer,,,Vitoria-Gasteiz,%,Vitoria-Gasteiz,100.0
2021,Mujer,,,Yécora/Iekora,%,Yécora/Iekora,100.0
2023,Mujer,,,Yécora/Iekora,%,Yécora/Iekora,100.0
2023,Mujer,,,Zaldibar,%,Zaldibar,100.0
2021,Mujer,,,Zaldibar,%,Zaldibar,100.0
2022,Mujer,,,Zaldibar,%,Zaldibar,100.0
2023,Mujer,,,Zaldibia,%,Zaldibia,100.0
2022,Mujer,,,Zaldibia,%,Zaldibia,100.0
2021,Mujer,,,Zaldibia,%,Zaldibia,100.0
2022,Mujer,,,Zalduondo,%,Zalduondo,100.0
2021,Mujer,,,Zalduondo,%,Zalduondo,100.0
2023,Mujer,,,Zalduondo,%,Zalduondo,100.0
2021,Mujer,,,Zalla,%,Zalla,100.0
2022,Mujer,,,Zalla,%,Zalla,93.8
2023,Mujer,,,Zalla,%,Zalla,100.0
2021,Mujer,,,Zambrana,%,Zambrana,100.0
2022,Mujer,,,Zambrana,%,Zambrana,50.0
2023,Mujer,,,Zambrana,%,Zambrana,100.0
2023,Mujer,,,Zamudio,%,Zamudio,100.0
2022,Mujer,,,Zamudio,%,Zamudio,100.0
2021,Mujer,,,Zamudio,%,Zamudio,100.0
2022,Mujer,,,Zaratamo,%,Zaratamo,100.0
2021,Mujer,,,Zaratamo,%,Zaratamo,100.0
2023,Mujer,,,Zaratamo,%,Zaratamo,100.0
2022,Mujer,,,Zarautz,%,Zarautz,100.0
2021,Mujer,,,Zarautz,%,Zarautz,100.0
2023,Mujer,,,Zarautz,%,Zarautz,100.0
2022,Mujer,,,Zeanuri,%,Zeanuri,100.0
2021,Mujer,,,Zeanuri,%,Zeanuri,100.0
2023,Mujer,,,Zeanuri,%,Zeanuri,100.0
2023,Mujer,,,Zeberio,%,Zeberio,100.0
2021,Mujer,,,Zeberio,%,Zeberio,100.0
2022,Mujer,,,Zeberio,%,Zeberio,100.0
2023,Mujer,,,Zegama,%,Zegama,100.0
2022,Mujer,,,Zegama,%,Zegama,100.0
2021,Mujer,,,Zegama,%,Zegama,100.0
2021,Mujer,,,Zerain,%,Zerain,100.0
2022,Mujer,,,Zerain,%,Zerain,100.0
2021,Mujer,,,Zestoa,%,Zestoa,100.0
2022,Mujer,,,Zestoa,%,Zestoa,94.7
2023,Mujer,,,Zestoa,%,Zestoa,100.0
2022,Mujer,,,Zierbena,%,Zierbena,100.0
2023,Mujer,,,Zierbena,%,Zierbena,100.0
2021,Mujer,,,Zierbena,%,Zierbena,100.0
2023,Mujer,,,Zigoitia,%,Zigoitia,100.0
2022,Mujer,,,Zigoitia,%,Zigoitia,100.0
2021,Mujer,,,Zigoitia,%,Zigoitia,100.0
2021,Mujer,,,Ziortza-Bolibar,%,Ziortza-Bolibar,100.0
2023,Mujer,,,Ziortza-Bolibar,%,Ziortza-Bolibar,100.0
2022,Mujer,,,Ziortza-Bolibar,%,Ziortza-Bolibar,100.0
2021,Mujer,,,Zizurkil,%,Zizurkil,100.0
2023,Mujer,,,Zizurkil,%,Zizurkil,100.0
2022,Mujer,,,Zizurkil,%,Zizurkil,100.0
2022,Mujer,,,Zuia,%,Zuia,100.0
2023,Mujer,,,Zuia,%,Zuia,100.0
2021,Mujer,,,Zuia,%,Zuia,100.0
2022,Mujer,,,Zumaia,%,Zumaia,100.0
2021,Mujer,,,Zumaia,%,Zumaia,98.3
2023,Mujer,,,Zumaia,%,Zumaia,100.0
2021,Mujer,,,Zumarraga,%,Zumarraga,100.0
2022,Mujer,,,Zumarraga,%,Zumarraga,97.9
2023,Mujer,,,Zumarraga,%,Zumarraga,100.0
2023,Mujer,,Añana (comarca),,%,Añana (comarca),100.0
2022,Mujer,,Añana (comarca),,%,Añana (comarca),78.6
2021,Mujer,,Añana (comarca),,%,Añana (comarca),100.0
2022,Mujer,,Arabako Errioxa / Rioja Alavesa,,%,Arabako Errioxa / Rioja Alavesa,96.7
2021,Mujer,,Arabako Errioxa / Rioja Alavesa,,%,Arabako Errioxa / Rioja Alavesa,98.2
2023,Mujer,,Arabako Errioxa / Rioja Alavesa,,%,Arabako Errioxa / Rioja Alavesa,100.0
2022,Mujer,,Arabako Kantaurialdea / Cantábrica Alavesa,,%,Arabako Kantaurialdea / Cantábrica Alavesa,98.8
2021,Mujer,,Arabako Kantaurialdea / Cantábrica Alavesa,,%,Arabako Kantaurialdea / Cantábrica Alavesa,100.0
2023,Mujer,,Arabako Kantaurialdea / Cantábrica Alavesa,,%,Arabako Kantaurialdea / Cantábrica Alavesa,100.0
2021,Mujer,,Arabako Lautada / Llanada Alavesa,,%,Arabako Lautada / Llanada Alavesa,99.9
2023,Mujer,,Arabako Lautada / Llanada Alavesa,,%,Arabako Lautada / Llanada Alavesa,100.0
2022,Mujer,,Arabako Lautada / Llanada Alavesa,,%,Arabako Lautada / Llanada Alavesa,97.3
2021,Mujer,,Arabako Mendialdea / Montaña Alavesa,,%,Arabako Mendialdea / Montaña Alavesa,100.0
2022,Mujer,,Arabako Mendialdea / Montaña Alavesa,,%,Arabako Mendialdea / Montaña Alavesa,100.0
2023,Mujer,,Arabako Mendialdea / Montaña Alavesa,,%,Arabako Mendialdea / Montaña Alavesa,100.0
2022,Mujer,,Arratia Nerbioi / Arratia-Nervión,,%,Arratia Nerbioi / Arratia-Nervión,96.3
2021,Mujer,,Arratia Nerbioi / Arratia-Nervión,,%,Arratia Nerbioi / Arratia-Nervión,99.2
2023,Mujer,,Arratia Nerbioi / Arratia-Nervión,,%,Arratia Nerbioi / Arratia-Nervión,100.0
2023,Mujer,,Bidasoa Beherea / Bajo Bidasoa,,%,Bidasoa Beherea / Bajo Bidasoa,100.0
2022,Mujer,,Bidasoa Beherea / Bajo Bidasoa,,%,Bidasoa Beherea / Bajo Bidasoa,94.0
2021,Mujer,,Bidasoa Beherea / Bajo Bidasoa,,%,Bidasoa Beherea / Bajo Bidasoa,99.4
2023,Mujer,,Bilbo Handia / Gran Bilbao,,%,Bilbo Handia / Gran Bilbao,100.0
2021,Mujer,,Bilbo Handia / Gran Bilbao,,%,Bilbo Handia / Gran Bilbao,99.7
2022,Mujer,,Bilbo Handia / Gran Bilbao,,%,Bilbo Handia / Gran Bilbao,95.9
2021,Mujer,,Debabarrena / Bajo Deba,,%,Debabarrena / Bajo Deba,99.6
2022,Mujer,,Debabarrena / Bajo Deba,,%,Debabarrena / Bajo Deba,97.4
2023,Mujer,,Debabarrena / Bajo Deba,,%,Debabarrena / Bajo Deba,100.0
2022,Mujer,,Debagoiena / Alto Deba,,%,Debagoiena / Alto Deba,98.3
2023,Mujer,,Debagoiena / Alto Deba,,%,Debagoiena / Alto Deba,100.0
2021,Mujer,,Debagoiena / Alto Deba,,%,Debagoiena / Alto Deba,99.4
2023,Mujer,,Donostialdea,,%,Donostialdea,100.0
2021,Mujer,,Donostialdea,,%,Donostialdea,99.8
2022,Mujer,,Donostialdea,,%,Donostialdea,97.6
2021,Mujer,,Durangaldea / Duranguesado,,%,Durangaldea / Duranguesado,99.6
2023,Mujer,,Durangaldea / Duranguesado,,%,Durangaldea / Duranguesado,100.0
2022,Mujer,,Durangaldea / Duranguesado,,%,Durangaldea / Duranguesado,97.7
2023,Mujer,,Enkartazioak / Encartaciones,,%,Enkartazioak / Encartaciones,100.0
2022,Mujer,,Enkartazioak / Encartaciones,,%,Enkartazioak / Encartaciones,94.9
2021,Mujer,,Enkartazioak / Encartaciones,,%,Enkartazioak / Encartaciones,100.0
2023,Mujer,,Gernika-Bermeo,,%,Gernika-Bermeo,100.0
2021,Mujer,,Gernika-Bermeo,,%,Gernika-Bermeo,99.0
2022,Mujer,,Gernika-Bermeo,,%,Gernika-Bermeo,94.8
2023,Mujer,,Goierri,,%,Goierri,100.0
2022,Mujer,,Goierri,,%,Goierri,98.3
2021,Mujer,,Goierri,,%,Goierri,99.7
2023,Mujer,,Gorbeialdea / Estribaciones del Gorbea,,%,Gorbeialdea / Estribaciones del Gorbea,100.0
2021,Mujer,,Gorbeialdea / Estribaciones del Gorbea,,%,Gorbeialdea / Estribaciones del Gorbea,100.0
2022,Mujer,,Gorbeialdea / Estribaciones del Gorbea,,%,Gorbeialdea / Estribaciones del Gorbea,100.0
2021,Mujer,,Markina-Ondarroa,,%,Markina-Ondarroa,100.0
2023,Mujer,,Markina-Ondarroa,,%,Markina-Ondarroa,100.0
2022,Mujer,,Markina-Ondarroa,,%,Markina-Ondarroa,96.0
2022,Mujer,,Plentzia-Mungia,,%,Plentzia-Mungia,96.0
2023,Mujer,,Plentzia-Mungia,,%,Plentzia-Mungia,100.0
2021,Mujer,,Plentzia-Mungia,,%,Plentzia-Mungia,99.3
2023,Mujer,,Tolosaldea,,%,Tolosaldea,100.0
2021,Mujer,,Tolosaldea,,%,Tolosaldea,99.6
2022,Mujer,,Tolosaldea,,%,Tolosaldea,98.7
2021,Mujer,,Urola Kosta,,%,Urola Kosta,99.5
2023,Mujer,,Urola Kosta,,%,Urola Kosta,100.0
2022,Mujer,,Urola Kosta,,%,Urola Kosta,98.6
2023,Mujer,Araba/Álava,,,%,Araba/Álava,100.0
2022,Mujer,Araba/Álava,,,%,Araba/Álava,97.3
2021,Mujer,Araba/Álava,,,%,Araba/Álava,99.9
2021,Mujer,Bizkaia,,,%,Bizkaia,99.7
2022,Mujer,Bizkaia,,,%,Bizkaia,96.0
2023,Mujer,Bizkaia,,,%,Bizkaia,100.0
2023,Mujer,Gipuzkoa,,,%,Gipuzkoa,100.0
2022,Mujer,Gipuzkoa,,,%,Gipuzkoa,97.5
2021,Mujer,Gipuzkoa,,,%,Gipuzkoa,99.6
2022,Hombre,,,,%,,96.9
2023,Hombre,,,,%,,100.0
2021,Hombre,,,,%,,99.7
2022,Hombre,,,Abadiño,%,Abadiño,97.0
2021,Hombre,,,Abadiño,%,Abadiño,100.0
2023,Hombre,,,Abadiño,%,Abadiño,100.0
2022,Hombre,,,Abaltzisketa,%,Abaltzisketa,100.0
2023,Hombre,,,Abaltzisketa,%,Abaltzisketa,100.0
2021,Hombre,,,Abanto y Ciérvana-Abanto Zierbena,%,Abanto y Ciérvana-Abanto Zierbena,100.0
2023,Hombre,,,Abanto y Ciérvana-Abanto Zierbena,%,Abanto y Ciérvana-Abanto Zierbena,100.0
2022,Hombre,,,Abanto y Ciérvana-Abanto Zierbena,%,Abanto y Ciérvana-Abanto Zierbena,94.4
2022,Hombre,,,Aduna,%,Aduna,100.0
2021,Hombre,,,Aduna,%,Aduna,100.0
2023,Hombre,,,Aduna,%,Aduna,100.0
2021,Hombre,,,Agurain/Salvatierra,%,Agurain/Salvatierra,100.0
2022,Hombre,,,Agurain/Salvatierra,%,Agurain/Salvatierra,85.7
2023,Hombre,,,Agurain/Salvatierra,%,Agurain/Salvatierra,100.0
2023,Hombre,,,Aia,%,Aia,100.0
2021,Hombre,,,Aia,%,Aia,100.0
2022,Hombre,,,Aia,%,Aia,94.1
2023,Hombre,,,Aizarnazabal,%,Aizarnazabal,100.0
2022,Hombre,,,Aizarnazabal,%,Aizarnazabal,100.0
2021,Hombre,,,Aizarnazabal,%,Aizarnazabal,100.0
2022,Hombre,,,Ajangiz,%,Ajangiz,100.0
2023,Hombre,,,Ajangiz,%,Ajangiz,100.0
2021,Hombre,,,Ajangiz,%,Ajangiz,100.0
2023,Hombre,,,Albiztur,%,Albiztur,100.0
2022,Hombre,,,Albiztur,%,Albiztur,100.0
2021,Hombre,,,Albiztur,%,Albiztur,100.0
2022,Hombre,,,Alegia,%,Alegia,100.0
2021,Hombre,,,Alegia,%,Alegia,100.0
2023,Hombre,,,Alegia,%,Alegia,100.0
2022,Hombre,,,Alegría-Dulantzi,%,Alegría-Dulantzi,100.0
2021,Hombre,,,Alegría-Dulantzi,%,Alegría-Dulantzi,100.0
2023,Hombre,,,Alegría-Dulantzi,%,Alegría-Dulantzi,100.0
2023,Hombre,,,Alkiza,%,Alkiza,100.0
2022,Hombre,,,Alkiza,%,Alkiza,100.0
2021,Hombre,,,Alkiza,%,Alkiza,100.0
2021,Hombre,,,Alonsotegi,%,Alonsotegi,100.0
2023,Hombre,,,Alonsotegi,%,Alonsotegi,100.0
2022,Hombre,,,Alonsotegi,%,Alonsotegi,100.0
2022,Hombre,,,Altzaga,%,Altzaga,100.0
2021,Hombre,,,Altzo,%,Altzo,100.0
2023,Hombre,,,Altzo,%,Altzo,100.0
2022,Hombre,,,Altzo,%,Altzo,100.0
2022,Hombre,,,Amezketa,%,Amezketa,100.0
2021,Hombre,,,Amezketa,%,Amezketa,100.0
2023,Hombre,,,Amezketa,%,Amezketa,100.0
2023,Hombre,,,Amorebieta-Etxano,%,Amorebieta-Etxano,100.0
2021,Hombre,,,Amorebieta-Etxano,%,Amorebieta-Etxano,100.0
2022,Hombre,,,Amorebieta-Etxano,%,Amorebieta-Etxano,95.2
2023,Hombre,,,Amoroto,%,Amoroto,100.0
2021,Hombre,,,Amurrio,%,Amurrio,100.0
2023,Hombre,,,Amurrio,%,Amurrio,100.0
2022,Hombre,,,Amurrio,%,Amurrio,100.0
2023,Hombre,,,Andoain,%,Andoain,100.0
2021,Hombre,,,Andoain,%,Andoain,100.0
2022,Hombre,,,Andoain,%,Andoain,93.9
2021,Hombre,,,Anoeta,%,Anoeta,100.0
2022,Hombre,,,Anoeta,%,Anoeta,100.0
2023,Hombre,,,Anoeta,%,Anoeta,100.0
2022,Hombre,,,Antzuola,%,Antzuola,100.0
2023,Hombre,,,Antzuola,%,Antzuola,100.0
2021,Hombre,,,Antzuola,%,Antzuola,100.0
2022,Hombre,,,Añana,%,Añana,100.0
2021,Hombre,,,Arakaldo,%,Arakaldo,100.0
2022,Hombre,,,Arama,%,Arama,100.0
2021,Hombre,,,Arama,%,Arama,100.0
2022,Hombre,,,Aramaio,%,Aramaio,100.0
2021,Hombre,,,Aramaio,%,Aramaio,100.0
2023,Hombre,,,Aramaio,%,Aramaio,100.0
2023,Hombre,,,Arantzazu,%,Arantzazu,100.0
2022,Hombre,,,Arantzazu,%,Arantzazu,100.0
2021,Hombre,,,Arantzazu,%,Arantzazu,100.0
2023,Hombre,,,Areatza,%,Areatza,100.0
2021,Hombre,,,Areatza,%,Areatza,100.0
2022,Hombre,,,Areatza,%,Areatza,100.0
2022,Hombre,,,Aretxabaleta,%,Aretxabaleta,100.0
2021,Hombre,,,Aretxabaleta,%,Aretxabaleta,97.1
2023,Hombre,,,Aretxabaleta,%,Aretxabaleta,100.0
2021,Hombre,,,Armiñón,%,Armiñón,100.0
2022,Hombre,,,Armiñón,%,Armiñón,100.0
2021,Hombre,,,Arraia-Maeztu,%,Arraia-Maeztu,100.0
2023,Hombre,,,Arraia-Maeztu,%,Arraia-Maeztu,100.0
2022,Hombre,,,Arraia-Maeztu,%,Arraia-Maeztu,100.0
2023,Hombre,,,Arrankudiaga-Zollo,%,Arrankudiaga-Zollo,100.0
2021,Hombre,,,Arrankudiaga-Zollo,%,Arrankudiaga-Zollo,100.0
2022,Hombre,,,Arrasate/Mondragón,%,Arrasate/Mondragón,96.9
2023,Hombre,,,Arrasate/Mondragón,%,Arrasate/Mondragón,100.0
2021,Hombre,,,Arrasate/Mondragón,%,Arrasate/Mondragón,100.0
2022,Hombre,,,Arratzu,%,Arratzu,100.0
2021,Hombre,,,Arratzu,%,Arratzu,100.0
2023,Hombre,,,Arratzu,%,Arratzu,100.0
2022,Hombre,,,Arratzua-Ubarrundia,%,Arratzua-Ubarrundia,100.0
2023,Hombre,,,Arratzua-Ubarrundia,%,Arratzua-Ubarrundia,100.0
2021,Hombre,,,Arratzua-Ubarrundia,%,Arratzua-Ubarrundia,100.0
2022,Hombre,,,Arrieta,%,Arrieta,100.0
2023,Hombre,,,Arrieta,%,Arrieta,100.0
2021,Hombre,,,Arrigorriaga,%,Arrigorriaga,100.0
2022,Hombre,,,Arrigorriaga,%,Arrigorriaga,95.9
2023,Hombre,,,Arrigorriaga,%,Arrigorriaga,100.0
2022,Hombre,,,Artea,%,Artea,100.0
2023,Hombre,,,Artea,%,Artea,100.0
2021,Hombre,,,Artea,%,Artea,100.0
2022,Hombre,,,Artzentales,%,Artzentales,100.0
2023,Hombre,,,Artzentales,%,Artzentales,100.0
2021,Hombre,,,Artzentales,%,Artzentales,100.0
2023,Hombre,,,Artziniega,%,Artziniega,100.0
2021,Hombre,,,Artziniega,%,Artziniega,100.0
2022,Hombre,,,Artziniega,%,Artziniega,92.9
2021,Hombre,,,Asparrena,%,Asparrena,100.0
2023,Hombre,,,Asparrena,%,Asparrena,100.0
2022,Hombre,,,Asparrena,%,Asparrena,88.9
2021,Hombre,,,Asteasu,%,Asteasu,100.0
2022,Hombre,,,Asteasu,%,Asteasu,100.0
2023,Hombre,,,Asteasu,%,Asteasu,100.0
2021,Hombre,,,Astigarraga,%,Astigarraga,100.0
2022,Hombre,,,Astigarraga,%,Astigarraga,100.0
2023,Hombre,,,Astigarraga,%,Astigarraga,100.0
2022,Hombre,,,Ataun,%,Ataun,100.0
2023,Hombre,,,Ataun,%,Ataun,100.0
2021,Hombre,,,Ataun,%,Ataun,100.0
2022,Hombre,,,Atxondo,%,Atxondo,85.7
2021,Hombre,,,Atxondo,%,Atxondo,100.0
2023,Hombre,,,Atxondo,%,Atxondo,100.0
2021,Hombre,,,Aulesti,%,Aulesti,100.0
2023,Hombre,,,Aulesti,%,Aulesti,100.0
2022,Hombre,,,Aulesti,%,Aulesti,100.0
2023,Hombre,,,Ayala/Aiara,%,Ayala/Aiara,100.0
2021,Hombre,,,Ayala/Aiara,%,Ayala/Aiara,100.0
2022,Hombre,,,Ayala/Aiara,%,Ayala/Aiara,100.0
2023,Hombre,,,Azkoitia,%,Azkoitia,100.0
2022,Hombre,,,Azkoitia,%,Azkoitia,94.1
2021,Hombre,,,Azkoitia,%,Azkoitia,100.0
2021,Hombre,,,Azpeitia,%,Azpeitia,100.0
2022,Hombre,,,Azpeitia,%,Azpeitia,100.0
2023,Hombre,,,Azpeitia,%,Azpeitia,100.0
2021,Hombre,,,Bakio,%,Bakio,100.0
2022,Hombre,,,Bakio,%,Bakio,100.0
2023,Hombre,,,Bakio,%,Bakio,100.0
2021,Hombre,,,Baliarrain,%,Baliarrain,100.0
2022,Hombre,,,Baliarrain,%,Baliarrain,100.0
2022,Hombre,,,Balmaseda,%,Balmaseda,97.8
2023,Hombre,,,Balmaseda,%,Balmaseda,100.0
2021,Hombre,,,Balmaseda,%,Balmaseda,100.0
2021,Hombre,,,Barakaldo,%,Barakaldo,99.5
2023,Hombre,,,Barakaldo,%,Barakaldo,100.0
2022,Hombre,,,Barakaldo,%,Barakaldo,97.9
2021,Hombre,,,Barrika,%,Barrika,100.0
2023,Hombre,,,Barrika,%,Barrika,100.0
2022,Hombre,,,Barrika,%,Barrika,100.0
2021,Hombre,,,Barrundia,%,Barrundia,100.0
2022,Hombre,,,Barrundia,%,Barrundia,75.0
2023,Hombre,,,Barrundia,%,Barrundia,100.0
2022,Hombre,,,Basauri,%,Basauri,97.8
2021,Hombre,,,Basauri,%,Basauri,100.0
2023,Hombre,,,Basauri,%,Basauri,100.0
2023,Hombre,,,Beasain,%,Beasain,100.0
2022,Hombre,,,Beasain,%,Beasain,97.1
2021,Hombre,,,Beasain,%,Beasain,98.9
2023,Hombre,,,Bedia,%,Bedia,100.0
2021,Hombre,,,Bedia,%,Bedia,100.0
2022,Hombre,,,Bedia,%,Bedia,100.0
2022,Hombre,,,Beizama,%,Beizama,50.0
2021,Hombre,,,Belauntza,%,Belauntza,100.0
2023,Hombre,,,Belauntza,%,Belauntza,100.0
2022,Hombre,,,Belauntza,%,Belauntza,50.0
2021,Hombre,,,Berango,%,Berango,98.0
2023,Hombre,,,Berango,%,Berango,100.0
2022,Hombre,,,Berango,%,Berango,95.2
2022,Hombre,,,Berantevilla,%,Berantevilla,66.7
2023,Hombre,,,Berantevilla,%,Berantevilla,100.0
2021,Hombre,,,Berantevilla,%,Berantevilla,100.0
2021,Hombre,,,Berastegi,%,Berastegi,100.0
2023,Hombre,,,Berastegi,%,Berastegi,100.0
2022,Hombre,,,Berastegi,%,Berastegi,100.0
2023,Hombre,,,Bergara,%,Bergara,100.0
2021,Hombre,,,Bergara,%,Bergara,100.0
2022,Hombre,,,Bergara,%,Bergara,100.0
2021,Hombre,,,Bermeo,%,Bermeo,97.7
2023,Hombre,,,Bermeo,%,Bermeo,100.0
2022,Hombre,,,Bermeo,%,Bermeo,96.2
2022,Hombre,,,Bernedo,%,Bernedo,100.0
2023,Hombre,,,Bernedo,%,Bernedo,100.0
2021,Hombre,,,Berriatua,%,Berriatua,100.0
2023,Hombre,,,Berriatua,%,Berriatua,100.0
2022,Hombre,,,Berriatua,%,Berriatua,100.0
2023,Hombre,,,Berriz,%,Berriz,100.0
2022,Hombre,,,Berriz,%,Berriz,100.0
2021,Hombre,,,Berriz,%,Berriz,100.0
2021,Hombre,,,Berrobi,%,Berrobi,100.0
2023,Hombre,,,Berrobi,%,Berrobi,100.0
2022,Hombre,,,Berrobi,%,Berrobi,100.0
2021,Hombre,,,Bidania-Goiatz,%,Bidania-Goiatz,100.0
2022,Hombre,,,Bidania-Goiatz,%,Bidania-Goiatz,100.0
2021,Hombre,,,Bilbao,%,Bilbao,99.8
2023,Hombre,,,Bilbao,%,Bilbao,100.0
2022,Hombre,,,Bilbao,%,Bilbao,96.5
2023,Hombre,,,Busturia,%,Busturia,100.0
2021,Hombre,,,Busturia,%,Busturia,100.0
2022,Hombre,,,Busturia,%,Busturia,100.0
2023,Hombre,,,Campezo/Kanpezu,%,Campezo/Kanpezu,100.0
2021,Hombre,,,Campezo/Kanpezu,%,Campezo/Kanpezu,100.0
2023,Hombre,,,Deba,%,Deba,100.0
2022,Hombre,,,Deba,%,Deba,90.9
2021,Hombre,,,Deba,%,Deba,100.0
2021,Hombre,,,Derio,%,Derio,100.0
2023,Hombre,,,Derio,%,Derio,100.0
2022,Hombre,,,Derio,%,Derio,97.6
2021,Hombre,,,Dima,%,Dima,100.0
2022,Hombre,,,Dima,%,Dima,100.0
2021,Hombre,,,Donostia / San Sebastián,%,Donostia / San Sebastián,99.4
2023,Hombre,,,Donostia / San Sebastián,%,Donostia / San Sebastián,100.0
2022,Hombre,,,Donostia / San Sebastián,%,Donostia / San Sebastián,97.0
2022,Hombre,,,Durango,%,Durango,97.8
2023,Hombre,,,Durango,%,Durango,100.0
2021,Hombre,,,Durango,%,Durango,100.0
2022,Hombre,,,Ea,%,Ea,100.0
2021,Hombre,,,Ea,%,Ea,100.0
2023,Hombre,,,Ea,%,Ea,100.0
2022,Hombre,,,Eibar,%,Eibar,97.8
2023,Hombre,,,Eibar,%,Eibar,100.0
2021,Hombre,,,Eibar,%,Eibar,100.0
2022,Hombre,,,Elantxobe,%,Elantxobe,100.0
2021,Hombre,,,Elantxobe,%,Elantxobe,100.0
2023,Hombre,,,Elburgo/Burgelu,%,Elburgo/Burgelu,100.0
2021,Hombre,,,Elburgo/Burgelu,%,Elburgo/Burgelu,100.0
2022,Hombre,,,Elciego,%,Elciego,100.0
2023,Hombre,,,Elciego,%,Elciego,100.0
2021,Hombre,,,Elciego,%,Elciego,100.0
2023,Hombre,,,Elduain,%,Elduain,100.0
2023,Hombre,,,Elgeta,%,Elgeta,100.0
2021,Hombre,,,Elgeta,%,Elgeta,100.0
2022,Hombre,,,Elgeta,%,Elgeta,100.0
2023,Hombre,,,Elgoibar,%,Elgoibar,100.0
2021,Hombre,,,Elgoibar,%,Elgoibar,100.0
2022,Hombre,,,Elgoibar,%,Elgoibar,98.0
2023,Hombre,,,Elorrio,%,Elorrio,100.0
2022,Hombre,,,Elorrio,%,Elorrio,93.3
2021,Hombre,,,Elorrio,%,Elorrio,100.0
2022,Hombre,,,Elvillar/Bilar,%,Elvillar/Bilar,100.0
2021,Hombre,,,Elvillar/Bilar,%,Elvillar/Bilar,100.0
2023,Hombre,,,Elvillar/Bilar,%,Elvillar/Bilar,100.0
2021,Hombre,,,Erandio,%,Erandio,99.0
2023,Hombre,,,Erandio,%,Erandio,100.0
2022,Hombre,,,Erandio,%,Erandio,98.9
2023,Hombre,,,Ereño,%,Ereño,100.0
2021,Hombre,,,Ereño,%,Ereño,100.0
2023,Hombre,,,Ermua,%,Ermua,100.0
2022,Hombre,,,Ermua,%,Ermua,100.0
2021,Hombre,,,Ermua,%,Ermua,100.0
2023,Hombre,,,Errenteria,%,Errenteria,100.0
2021,Hombre,,,Errenteria,%,Errenteria,100.0
2022,Hombre,,,Errenteria,%,Errenteria,97.8
2023,Hombre,,,Errezil,%,Errezil,100.0
2022,Hombre,,,Errezil,%,Errezil,100.0
2021,Hombre,,,Errezil,%,Errezil,100.0
2023,Hombre,,,Erriberagoitia/Ribera Alta,%,Erriberagoitia/Ribera Alta,100.0
2022,Hombre,,,Erriberagoitia/Ribera Alta,%,Erriberagoitia/Ribera Alta,100.0
2021,Hombre,,,Erriberagoitia/Ribera Alta,%,Erriberagoitia/Ribera Alta,100.0
2022,Hombre,,,Errigoiti,%,Errigoiti,100.0
2023,Hombre,,,Errigoiti,%,Errigoiti,100.0
2021,Hombre,,,Errigoiti,%,Errigoiti,100.0
2021,Hombre,,,Eskoriatza,%,Eskoriatza,100.0
2022,Hombre,,,Eskoriatza,%,Eskoriatza,100.0
2023,Hombre,,,Eskoriatza,%,Eskoriatza,100.0
2021,Hombre,,,Etxebarri,%,Etxebarri,100.0
2022,Hombre,,,Etxebarri,%,Etxebarri,96.9
2023,Hombre,,,Etxebarri,%,Etxebarri,100.0
2022,Hombre,,,Etxebarria,%,Etxebarria,100.0
2023,Hombre,,,Etxebarria,%,Etxebarria,100.0
2021,Hombre,,,Etxebarria,%,Etxebarria,100.0
2023,Hombre,,,Ezkio-Itsaso,%,Ezkio-Itsaso,100.0
2021,Hombre,,,Ezkio-Itsaso,%,Ezkio-Itsaso,100.0
2022,Hombre,,,Ezkio-Itsaso,%,Ezkio-Itsaso,100.0
2023,Hombre,,,Forua,%,Forua,100.0
2021,Hombre,,,Forua,%,Forua,83.3
2022,Hombre,,,Forua,%,Forua,100.0
2022,Hombre,,,Fruiz,%,Fruiz,100.0
2021,Hombre,,,Fruiz,%,Fruiz,100.0
2022,Hombre,,,Gabiria,%,Gabiria,100.0
2023,Hombre,,,Gabiria,%,Gabiria,100.0
2021,Hombre,,,Gabiria,%,Gabiria,100.0
2023,Hombre,,,Gaintza,%,Gaintza,100.0
2021,Hombre,,,Gaintza,%,Gaintza,100.0
2021,Hombre,,,Galdakao,%,Galdakao,99.1
2022,Hombre,,,Galdakao,%,Galdakao,97.4
2023,Hombre,,,Galdakao,%,Galdakao,100.0
2021,Hombre,,,Galdames,%,Galdames,100.0
2022,Hombre,,,Galdames,%,Galdames,100.0
2023,Hombre,,,Galdames,%,Galdames,100.0
2022,Hombre,,,Gamiz-Fika,%,Gamiz-Fika,100.0
2021,Hombre,,,Gamiz-Fika,%,Gamiz-Fika,100.0
2023,Hombre,,,Gamiz-Fika,%,Gamiz-Fika,100.0
2022,Hombre,,,Garai,%,Garai,100.0
2021,Hombre,,,Garai,%,Garai,100.0
2022,Hombre,,,Gatika,%,Gatika,100.0
2021,Hombre,,,Gatika,%,Gatika,100.0
2023,Hombre,,,Gatika,%,Gatika,100.0
2022,Hombre,,,Gautegiz Arteaga,%,Gautegiz Arteaga,100.0
2023,Hombre,,,Gautegiz Arteaga,%,Gautegiz Arteaga,100.0
2021,Hombre,,,Gautegiz Arteaga,%,Gautegiz Arteaga,100.0
2022,Hombre,,,Gaztelu,%,Gaztelu,100.0
2023,Hombre,,,Gaztelu,%,Gaztelu,100.0
2021,Hombre,,,Gaztelu,%,Gaztelu,100.0
2023,Hombre,,,Gernika-Lumo,%,Gernika-Lumo,100.0
2021,Hombre,,,Gernika-Lumo,%,Gernika-Lumo,100.0
2022,Hombre,,,Gernika-Lumo,%,Gernika-Lumo,96.4
2023,Hombre,,,Getaria,%,Getaria,100.0
2021,Hombre,,,Getaria,%,Getaria,100.0
2022,Hombre,,,Getaria,%,Getaria,100.0
2023,Hombre,,,Getxo,%,Getxo,100.0
2022,Hombre,,,Getxo,%,Getxo,91.7
2021,Hombre,,,Getxo,%,Getxo,99.4
2021,Hombre,,,Gizaburuaga,%,Gizaburuaga,100.0
2022,Hombre,,,Gizaburuaga,%,Gizaburuaga,100.0
2021,Hombre,,,Gordexola,%,Gordexola,100.0
2023,Hombre,,,Gordexola,%,Gordexola,100.0
2022,Hombre,,,Gordexola,%,Gordexola,100.0
2022,Hombre,,,Gorliz,%,Gorliz,95.5
2023,Hombre,,,Gorliz,%,Gorliz,100.0
2021,Hombre,,,Gorliz,%,Gorliz,100.0
2023,Hombre,,,Güeñes,%,Güeñes,100.0
2022,Hombre,,,Güeñes,%,Güeñes,90.3
2021,Hombre,,,Güeñes,%,Güeñes,100.0
2021,Hombre,,,Hernani,%,Hernani,98.9
2023,Hombre,,,Hernani,%,Hernani,100.0
2022,Hombre,,,Hernani,%,Hernani,99.0
2023,Hombre,,,Hernialde,%,Hernialde,100.0
2021,Hombre,,,Hondarribia,%,Hondarribia,100.0
2022,Hombre,,,Hondarribia,%,Hondarribia,91.1
2023,Hombre,,,Hondarribia,%,Hondarribia,100.0
2023,Hombre,,,Ibarra,%,Ibarra,100.0
2021,Hombre,,,Ibarra,%,Ibarra,100.0
2022,Hombre,,,Ibarra,%,Ibarra,94.4
2023,Hombre,,,Ibarrangelu,%,Ibarrangelu,100.0
2021,Hombre,,,Ibarrangelu,%,Ibarrangelu,100.0
2022,Hombre,,,Ibarrangelu,%,Ibarrangelu,83.3
2023,Hombre,,,Idiazabal,%,Idiazabal,100.0
2022,Hombre,,,Idiazabal,%,Idiazabal,92.9
2021,Hombre,,,Idiazabal,%,Idiazabal,100.0
2021,Hombre,,,Igorre,%,Igorre,100.0
2022,Hombre,,,Igorre,%,Igorre,90.9
2023,Hombre,,,Igorre,%,Igorre,100.0
2022,Hombre,,,Ikaztegieta,%,Ikaztegieta,100.0
2021,Hombre,,,Ikaztegieta,%,Ikaztegieta,100.0
2023,Hombre,,,Ikaztegieta,%,Ikaztegieta,100.0
2023,Hombre,,,Irun,%,Irun,100.0
2021,Hombre,,,Irun,%,Irun,99.2
2022,Hombre,,,Irun,%,Irun,91.9
2023,Hombre,,,Iruña Oka/Iruña de Oca,%,Iruña Oka/Iruña de Oca,100.0
2021,Hombre,,,Iruña Oka/Iruña de Oca,%,Iruña Oka/Iruña de Oca,100.0
2022,Hombre,,,Iruña Oka/Iruña de Oca,%,Iruña Oka/Iruña de Oca,100.0
2021,Hombre,,,Irura,%,Irura,100.0
2022,Hombre,,,Irura,%,Irura,92.3
2023,Hombre,,,Irura,%,Irura,100.0
2022,Hombre,,,Iruraiz-Gauna,%,Iruraiz-Gauna,100.0
2021,Hombre,,,Iruraiz-Gauna,%,Iruraiz-Gauna,100.0
2023,Hombre,,,Ispaster,%,Ispaster,100.0
2021,Hombre,,,Ispaster,%,Ispaster,100.0
2022,Hombre,,,Ispaster,%,Ispaster,66.7
2023,Hombre,,,Itsasondo,%,Itsasondo,100.0
2022,Hombre,,,Itsasondo,%,Itsasondo,100.0
2021,Hombre,,,Itsasondo,%,Itsasondo,100.0
2023,Hombre,,,Iurreta,%,Iurreta,100.0
2022,Hombre,,,Iurreta,%,Iurreta,100.0
2021,Hombre,,,Iurreta,%,Iurreta,100.0
2021,Hombre,,,Izurtza,%,Izurtza,100.0
2023,Hombre,,,Karrantza Harana/Valle de Carranza,%,Karrantza Harana/Valle de Carranza,100.0
2022,Hombre,,,Karrantza Harana/Valle de Carranza,%,Karrantza Harana/Valle de Carranza,100.0
2021,Hombre,,,Karrantza Harana/Valle de Carranza,%,Karrantza Harana/Valle de Carranza,100.0
2022,Hombre,,,Kortezubi,%,Kortezubi,100.0
2021,Hombre,,,Kortezubi,%,Kortezubi,100.0
2023,Hombre,,,Kripan,%,Kripan,100.0
2021,Hombre,,,Kripan,%,Kripan,100.0
2023,Hombre,,,Kuartango,%,Kuartango,100.0
2022,Hombre,,,Kuartango,%,Kuartango,100.0
2021,Hombre,,,Kuartango,%,Kuartango,100.0
2022,Hombre,,,Labastida/Bastida,%,Labastida/Bastida,100.0
2023,Hombre,,,Labastida/Bastida,%,Labastida/Bastida,100.0
2021,Hombre,,,Labastida/Bastida,%,Labastida/Bastida,100.0
2022,Hombre,,,Lagrán,%,Lagrán,100.0
2021,Hombre,,,Laguardia,%,Laguardia,100.0
2023,Hombre,,,Laguardia,%,Laguardia,100.0
2022,Hombre,,,Laguardia,%,Laguardia,100.0
2021,Hombre,,,Lanciego/Lantziego,%,Lanciego/Lantziego,100.0
2022,Hombre,,,Lanciego/Lantziego,%,Lanciego/Lantziego,83.3
2023,Hombre,,,Lanciego/Lantziego,%,Lanciego/Lantziego,100.0
2023,Hombre,,,Lanestosa,%,Lanestosa,100.0
2021,Hombre,,,Lanestosa,%,Lanestosa,100.0
2023,Hombre,,,Lantarón,%,Lantarón,100.0
2021,Hombre,,,Lantarón,%,Lantarón,100.0
2022,Hombre,,,Lantarón,%,Lantarón,100.0
2021,Hombre,,,Lapuebla de Labarca,%,Lapuebla de Labarca,100.0
2023,Hombre,,,Lapuebla de Labarca,%,Lapuebla de Labarca,100.0
2022,Hombre,,,Lapuebla de Labarca,%,Lapuebla de Labarca,100.0
2022,Hombre,,,Larrabetzu,%,Larrabetzu,100.0
2023,Hombre,,,Larrabetzu,%,Larrabetzu,100.0
2021,Hombre,,,Larrabetzu,%,Larrabetzu,100.0
2023,Hombre,,,Larraul,%,Larraul,100.0
2022,Hombre,,,Larraul,%,Larraul,100.0
2022,Hombre,,,Lasarte-Oria,%,Lasarte-Oria,98.8
2023,Hombre,,,Lasarte-Oria,%,Lasarte-Oria,100.0
2021,Hombre,,,Lasarte-Oria,%,Lasarte-Oria,100.0
2021,Hombre,,,Laudio/Llodio,%,Laudio/Llodio,98.4
2023,Hombre,,,Laudio/Llodio,%,Laudio/Llodio,100.0
2022,Hombre,,,Laudio/Llodio,%,Laudio/Llodio,98.6
2021,Hombre,,,Laukiz,%,Laukiz,100.0
2023,Hombre,,,Laukiz,%,Laukiz,100.0
2022,Hombre,,,Laukiz,%,Laukiz,100.0
2023,Hombre,,,Lazkao,%,Lazkao,100.0
2022,Hombre,,,Lazkao,%,Lazkao,100.0
2021,Hombre,,,Lazkao,%,Lazkao,100.0
2023,Hombre,,,Leaburu,%,Leaburu,100.0
2022,Hombre,,,Leaburu,%,Leaburu,100.0
2021,Hombre,,,Leaburu,%,Leaburu,100.0
2021,Hombre,,,Legazpi,%,Legazpi,100.0
2023,Hombre,,,Legazpi,%,Legazpi,100.0
2022,Hombre,,,Legazpi,%,Legazpi,97.7
2022,Hombre,,,Legorreta,%,Legorreta,100.0
2021,Hombre,,,Legorreta,%,Legorreta,100.0
2023,Hombre,,,Legorreta,%,Legorreta,100.0
2022,Hombre,,,Legutio,%,Legutio,100.0
2021,Hombre,,,Legutio,%,Legutio,100.0
2023,Hombre,,,Legutio,%,Legutio,100.0
2021,Hombre,,,Leintz-Gatzaga,%,Leintz-Gatzaga,100.0
2022,Hombre,,,Leioa,%,Leioa,98.8
2023,Hombre,,,Leioa,%,Leioa,100.0
2021,Hombre,,,Leioa,%,Leioa,100.0
2023,Hombre,,,Lekeitio,%,Lekeitio,100.0
2021,Hombre,,,Lekeitio,%,Lekeitio,100.0
2022,Hombre,,,Lekeitio,%,Lekeitio,100.0
2021,Hombre,,,Lemoa,%,Lemoa,100.0
2022,Hombre,,,Lemoa,%,Lemoa,100.0
2023,Hombre,,,Lemoa,%,Lemoa,100.0
2023,Hombre,,,Lemoiz,%,Lemoiz,100.0
2022,Hombre,,,Lemoiz,%,Lemoiz,100.0
2021,Hombre,,,Lemoiz,%,Lemoiz,100.0
2023,Hombre,,,Leza,%,Leza,100.0
2022,Hombre,,,Lezama,%,Lezama,100.0
2021,Hombre,,,Lezama,%,Lezama,100.0
2023,Hombre,,,Lezama,%,Lezama,100.0
2021,Hombre,,,Lezo,%,Lezo,100.0
2023,Hombre,,,Lezo,%,Lezo,100.0
2022,Hombre,,,Lezo,%,Lezo,95.8
2021,Hombre,,,Lizartza,%,Lizartza,100.0
2022,Hombre,,,Lizartza,%,Lizartza,50.0
2023,Hombre,,,Lizartza,%,Lizartza,100.0
2022,Hombre,,,Loiu,%,Loiu,100.0
2021,Hombre,,,Loiu,%,Loiu,100.0
2023,Hombre,,,Loiu,%,Loiu,100.0
2023,Hombre,,,Mallabia,%,Mallabia,100.0
2021,Hombre,,,Mallabia,%,Mallabia,100.0
2022,Hombre,,,Mallabia,%,Mallabia,100.0
2023,Hombre,,,Mañaria,%,Mañaria,100.0
2021,Hombre,,,Mañaria,%,Mañaria,100.0
2022,Hombre,,,Mañaria,%,Mañaria,100.0
2022,Hombre,,,Markina-Xemein,%,Markina-Xemein,100.0
2023,Hombre,,,Markina-Xemein,%,Markina-Xemein,100.0
2021,Hombre,,,Markina-Xemein,%,Markina-Xemein,100.0
2022,Hombre,,,Maruri-Jatabe,%,Maruri-Jatabe,100.0
2023,Hombre,,,Maruri-Jatabe,%,Maruri-Jatabe,100.0
2021,Hombre,,,Maruri-Jatabe,%,Maruri-Jatabe,100.0
2021,Hombre,,,Mendaro,%,Mendaro,85.7
2023,Hombre,,,Mendaro,%,Mendaro,100.0
2022,Hombre,,,Mendaro,%,Mendaro,100.0
2023,Hombre,,,Mendata,%,Mendata,100.0
2021,Hombre,,,Mendata,%,Mendata,100.0
2022,Hombre,,,Mendata,%,Mendata,100.0
2022,Hombre,,,Mendexa,%,Mendexa,100.0
2023,Hombre,,,Mendexa,%,Mendexa,100.0
2021,Hombre,,,Mendexa,%,Mendexa,100.0
2021,Hombre,,,Meñaka,%,Meñaka,100.0
2023,Hombre,,,Meñaka,%,Meñaka,100.0
2022,Hombre,,,Meñaka,%,Meñaka,100.0
2023,Hombre,,,Moreda de Álava/Moreda Araba,%,Moreda de Álava/Moreda Araba,100.0
2022,Hombre,,,Moreda de Álava/Moreda Araba,%,Moreda de Álava/Moreda Araba,100.0
2022,Hombre,,,Morga,%,Morga,100.0
2023,Hombre,,,Morga,%,Morga,100.0
2021,Hombre,,,Morga,%,Morga,100.0
2022,Hombre,,,Mundaka,%,Mundaka,100.0
2023,Hombre,,,Mundaka,%,Mundaka,100.0
2021,Hombre,,,Mundaka,%,Mundaka,100.0
2023,Hombre,,,Mungia,%,Mungia,100.0
2021,Hombre,,,Mungia,%,Mungia,100.0
2022,Hombre,,,Mungia,%,Mungia,92.2
2023,Hombre,,,Munitibar-Arbatzegi Gerrikaitz,%,Munitibar-Arbatzegi Gerrikaitz,100.0
2022,Hombre,,,Munitibar-Arbatzegi Gerrikaitz,%,Munitibar-Arbatzegi Gerrikaitz,100.0
2021,Hombre,,,Munitibar-Arbatzegi Gerrikaitz,%,Munitibar-Arbatzegi Gerrikaitz,100.0
2023,Hombre,,,Murueta,%,Murueta,100.0
2022,Hombre,,,Murueta,%,Murueta,100.0
2021,Hombre,,,Muskiz,%,Muskiz,96.7
2023,Hombre,,,Muskiz,%,Muskiz,100.0
2022,Hombre,,,Muskiz,%,Muskiz,100.0
2022,Hombre,,,Mutiloa,%,Mutiloa,100.0
2023,Hombre,,,Mutriku,%,Mutriku,100.0
2022,Hombre,,,Mutriku,%,Mutriku,100.0
2021,Hombre,,,Mutriku,%,Mutriku,100.0
2021,Hombre,,,Muxika,%,Muxika,100.0
2023,Hombre,,,Muxika,%,Muxika,100.0
2022,Hombre,,,Muxika,%,Muxika,85.7
2023,Hombre,,,Nabarniz,%,Nabarniz,100.0
2022,Hombre,,,Nabarniz,%,Nabarniz,100.0
2021,Hombre,,,Nabarniz,%,Nabarniz,100.0
2021,Hombre,,,Oiartzun,%,Oiartzun,97.9
2023,Hombre,,,Oiartzun,%,Oiartzun,100.0
2022,Hombre,,,Oiartzun,%,Oiartzun,98.0
2023,Hombre,,,Okondo,%,Okondo,100.0
2022,Hombre,,,Okondo,%,Okondo,100.0
2021,Hombre,,,Okondo,%,Okondo,100.0
2022,Hombre,,,Olaberria,%,Olaberria,100.0
2021,Hombre,,,Olaberria,%,Olaberria,100.0
2023,Hombre,,,Ondarroa,%,Ondarroa,100.0
2021,Hombre,,,Ondarroa,%,Ondarroa,100.0
2022,Hombre,,,Ondarroa,%,Ondarroa,100.0
2023,Hombre,,,Oñati,%,Oñati,100.0
2021,Hombre,,,Oñati,%,Oñati,100.0
2022,Hombre,,,Oñati,%,Oñati,95.2
2023,Hombre,,,Ordizia,%,Ordizia,100.0
2021,Hombre,,,Ordizia,%,Ordizia,100.0
2022,Hombre,,,Ordizia,%,Ordizia,98.3
2023,Hombre,,,Orendain,%,Orendain,100.0
2022,Hombre,,,Orendain,%,Orendain,100.0
2023,Hombre,,,Orexa,%,Orexa,100.0
2021,Hombre,,,Orexa,%,Orexa,100.0
2023,Hombre,,,Orio,%,Orio,100.0
2022,Hombre,,,Orio,%,Orio,100.0
2021,Hombre,,,Orio,%,Orio,100.0
2023,Hombre,,,Ormaiztegi,%,Ormaiztegi,100.0
2022,Hombre,,,Ormaiztegi,%,Ormaiztegi,100.0
2021,Hombre,,,Ormaiztegi,%,Ormaiztegi,100.0
2021,Hombre,,,Orozko,%,Orozko,100.0
2023,Hombre,,,Orozko,%,Orozko,100.0
2022,Hombre,,,Orozko,%,Orozko,100.0
2023,Hombre,,,Ortuella,%,Ortuella,100.0
2022,Hombre,,,Ortuella,%,Ortuella,100.0
2021,Hombre,,,Ortuella,%,Ortuella,100.0
2021,Hombre,,,Otxandio,%,Otxandio,100.0
2022,Hombre,,,Otxandio,%,Otxandio,100.0
2023,Hombre,,,Otxandio,%,Otxandio,100.0
2023,Hombre,,,Oyón-Oion,%,Oyón-Oion,100.0
2022,Hombre,,,Oyón-Oion,%,Oyón-Oion,87.0
2021,Hombre,,,Oyón-Oion,%,Oyón-Oion,100.0
2022,Hombre,,,Pasaia,%,Pasaia,96.7
2023,Hombre,,,Pasaia,%,Pasaia,100.0
2021,Hombre,,,Pasaia,%,Pasaia,100.0
2021,Hombre,,,Peñacerrada-Urizaharra,%,Peñacerrada-Urizaharra,100.0
2023,Hombre,,,Plentzia,%,Plentzia,100.0
2021,Hombre,,,Plentzia,%,Plentzia,100.0
2022,Hombre,,,Plentzia,%,Plentzia,100.0
2023,Hombre,,,Portugalete,%,Portugalete,100.0
2022,Hombre,,,Portugalete,%,Portugalete,97.4
2021,Hombre,,,Portugalete,%,Portugalete,100.0
2021,Hombre,,,Ribera Baja/Erriberabeitia,%,Ribera Baja/Erriberabeitia,88.9
2022,Hombre,,,Ribera Baja/Erriberabeitia,%,Ribera Baja/Erriberabeitia,85.7
2023,Hombre,,,Ribera Baja/Erriberabeitia,%,Ribera Baja/Erriberabeitia,100.0
2022,Hombre,,,Samaniego,%,Samaniego,100.0
2023,Hombre,,,Samaniego,%,Samaniego,100.0
2022,Hombre,,,San Millán/Donemiliaga,%,San Millán/Donemiliaga,100.0
2023,Hombre,,,San Millán/Donemiliaga,%,San Millán/Donemiliaga,100.0
2021,Hombre,,,San Millán/Donemiliaga,%,San Millán/Donemiliaga,100.0
2021,Hombre,,,Santurtzi,%,Santurtzi,99.5
2023,Hombre,,,Santurtzi,%,Santurtzi,100.0
2022,Hombre,,,Santurtzi,%,Santurtzi,98.4
2021,Hombre,,,Segura,%,Segura,100.0
2022,Hombre,,,Segura,%,Segura,100.0
2023,Hombre,,,Segura,%,Segura,100.0
2022,Hombre,,,Sestao,%,Sestao,98.1
2023,Hombre,,,Sestao,%,Sestao,100.0
2021,Hombre,,,Sestao,%,Sestao,100.0
2021,Hombre,,,Sondika,%,Sondika,100.0
2023,Hombre,,,Sondika,%,Sondika,100.0
2022,Hombre,,,Sondika,%,Sondika,100.0
2022,Hombre,,,Sopela,%,Sopela,96.5
2023,Hombre,,,Sopela,%,Sopela,100.0
2021,Hombre,,,Sopela,%,Sopela,100.0
2021,Hombre,,,Sopuerta,%,Sopuerta,100.0
2023,Hombre,,,Sopuerta,%,Sopuerta,100.0
2022,Hombre,,,Sopuerta,%,Sopuerta,100.0
2022,Hombre,,,Soraluze-Placencia de las Armas,%,Soraluze-Placencia de las Armas,100.0
2021,Hombre,,,Soraluze-Placencia de las Armas,%,Soraluze-Placencia de las Armas,100.0
2023,Hombre,,,Soraluze-Placencia de las Armas,%,Soraluze-Placencia de las Armas,100.0
2022,Hombre,,,Sukarrieta,%,Sukarrieta,100.0
2023,Hombre,,,Sukarrieta,%,Sukarrieta,100.0
2021,Hombre,,,Tolosa,%,Tolosa,100.0
2023,Hombre,,,Tolosa,%,Tolosa,100.0
2022,Hombre,,,Tolosa,%,Tolosa,97.8
2021,Hombre,,,Trucios-Turtzioz,%,Trucios-Turtzioz,100.0
2022,Hombre,,,Trucios-Turtzioz,%,Trucios-Turtzioz,100.0
2023,Hombre,,,Trucios-Turtzioz,%,Trucios-Turtzioz,100.0
2022,Hombre,,,Ugao-Miraballes,%,Ugao-Miraballes,94.7
2023,Hombre,,,Ugao-Miraballes,%,Ugao-Miraballes,100.0
2021,Hombre,,,Ugao-Miraballes,%,Ugao-Miraballes,100.0
2021,Hombre,,,Urduliz,%,Urduliz,100.0
2022,Hombre,,,Urduliz,%,Urduliz,95.5
2023,Hombre,,,Urduliz,%,Urduliz,100.0
2022,Hombre,,,Urduña/Orduña,%,Urduña/Orduña,89.5
2023,Hombre,,,Urduña/Orduña,%,Urduña/Orduña,100.0
2021,Hombre,,,Urduña/Orduña,%,Urduña/Orduña,100.0
2023,Hombre,,,Urkabustaiz,%,Urkabustaiz,100.0
2021,Hombre,,,Urkabustaiz,%,Urkabustaiz,100.0
2022,Hombre,,,Urkabustaiz,%,Urkabustaiz,100.0
2023,Hombre,,,Urnieta,%,Urnieta,100.0
2021,Hombre,,,Urnieta,%,Urnieta,100.0
2022,Hombre,,,Urnieta,%,Urnieta,95.8
2023,Hombre,,,Urretxu,%,Urretxu,100.0
2022,Hombre,,,Urretxu,%,Urretxu,100.0
2021,Hombre,,,Urretxu,%,Urretxu,100.0
2023,Hombre,,,Usurbil,%,Usurbil,100.0
2021,Hombre,,,Usurbil,%,Usurbil,100.0
2022,Hombre,,,Usurbil,%,Usurbil,100.0
2022,Hombre,,,Valdegovía/Gaubea,%,Valdegovía/Gaubea,100.0
2023,Hombre,,,Valdegovía/Gaubea,%,Valdegovía/Gaubea,100.0
2021,Hombre,,,Valdegovía/Gaubea,%,Valdegovía/Gaubea,100.0
2021,Hombre,,,Valle de Trápaga-Trapagaran,%,Valle de Trápaga-Trapagaran,100.0
2023,Hombre,,,Valle de Trápaga-Trapagaran,%,Valle de Trápaga-Trapagaran,100.0
2022,Hombre,,,Valle de Trápaga-Trapagaran,%,Valle de Trápaga-Trapagaran,97.5
2021,Hombre,,,Villabona,%,Villabona,100.0
2022,Hombre,,,Villabona,%,Villabona,100.0
2023,Hombre,,,Villabona,%,Villabona,100.0
2022,Hombre,,,Vitoria-Gasteiz,%,Vitoria-Gasteiz,97.2
2021,Hombre,,,Vitoria-Gasteiz,%,Vitoria-Gasteiz,99.8
2023,Hombre,,,Vitoria-Gasteiz,%,Vitoria-Gasteiz,100.0
2023,Hombre,,,Yécora/Iekora,%,Yécora/Iekora,100.0
2021,Hombre,,,Zaldibar,%,Zaldibar,100.0
2022,Hombre,,,Zaldibar,%,Zaldibar,92.9
2023,Hombre,,,Zaldibar,%,Zaldibar,100.0
2023,Hombre,,,Zaldibia,%,Zaldibia,100.0
2021,Hombre,,,Zaldibia,%,Zaldibia,100.0
2022,Hombre,,,Zaldibia,%,Zaldibia,90.0
2022,Hombre,,,Zalduondo,%,Zalduondo,100.0
2022,Hombre,,,Zalla,%,Zalla,89.5
2021,Hombre,,,Zalla,%,Zalla,100.0
2023,Hombre,,,Zalla,%,Zalla,100.0
2021,Hombre,,,Zambrana,%,Zambrana,100.0
2022,Hombre,,,Zambrana,%,Zambrana,33.3
2022,Hombre,,,Zamudio,%,Zamudio,93.8
2023,Hombre,,,Zamudio,%,Zamudio,100.0
2021,Hombre,,,Zamudio,%,Zamudio,100.0
2021,Hombre,,,Zaratamo,%,Zaratamo,100.0
2023,Hombre,,,Zaratamo,%,Zaratamo,100.0
2022,Hombre,,,Zaratamo,%,Zaratamo,100.0
2022,Hombre,,,Zarautz,%,Zarautz,100.0
2023,Hombre,,,Zarautz,%,Zarautz,100.0
2021,Hombre,,,Zarautz,%,Zarautz,100.0
2023,Hombre,,,Zeanuri,%,Zeanuri,100.0
2022,Hombre,,,Zeanuri,%,Zeanuri,100.0
2021,Hombre,,,Zeanuri,%,Zeanuri,100.0
2022,Hombre,,,Zeberio,%,Zeberio,100.0
2023,Hombre,,,Zeberio,%,Zeberio,100.0
2021,Hombre,,,Zeberio,%,Zeberio,100.0
2023,Hombre,,,Zegama,%,Zegama,100.0
2022,Hombre,,,Zegama,%,Zegama,100.0
2021,Hombre,,,Zegama,%,Zegama,100.0
2023,Hombre,,,Zerain,%,Zerain,100.0
2022,Hombre,,,Zerain,%,Zerain,100.0
2023,Hombre,,,Zestoa,%,Zestoa,100.0
2022,Hombre,,,Zestoa,%,Zestoa,95.5
2021,Hombre,,,Zestoa,%,Zestoa,100.0
2022,Hombre,,,Zierbena,%,Zierbena,100.0
2021,Hombre,,,Zierbena,%,Zierbena,100.0
2023,Hombre,,,Zierbena,%,Zierbena,100.0
2021,Hombre,,,Zigoitia,%,Zigoitia,100.0
2023,Hombre,,,Zigoitia,%,Zigoitia,100.0
2022,Hombre,,,Zigoitia,%,Zigoitia,77.8
2021,Hombre,,,Ziortza-Bolibar,%,Ziortza-Bolibar,100.0
2023,Hombre,,,Ziortza-Bolibar,%,Ziortza-Bolibar,100.0
2021,Hombre,,,Zizurkil,%,Zizurkil,100.0
2022,Hombre,,,Zizurkil,%,Zizurkil,100.0
2023,Hombre,,,Zizurkil,%,Zizurkil,100.0
2022,Hombre,,,Zuia,%,Zuia,100.0
2023,Hombre,,,Zuia,%,Zuia,100.0
2021,Hombre,,,Zuia,%,Zuia,100.0
2023,Hombre,,,Zumaia,%,Zumaia,100.0
2021,Hombre,,,Zumaia,%,Zumaia,100.0
2022,Hombre,,,Zumaia,%,Zumaia,98.3
2022,Hombre,,,Zumarraga,%,Zumarraga,100.0
2021,Hombre,,,Zumarraga,%,Zumarraga,98.2
2023,Hombre,,,Zumarraga,%,Zumarraga,100.0
2022,Hombre,,Añana (comarca),,%,Añana (comarca),84.0
2023,Hombre,,Añana (comarca),,%,Añana (comarca),100.0
2021,Hombre,,Añana (comarca),,%,Añana (comarca),97.1
2022,Hombre,,Arabako Errioxa / Rioja Alavesa,,%,Arabako Errioxa / Rioja Alavesa,92.0
2021,Hombre,,Arabako Errioxa / Rioja Alavesa,,%,Arabako Errioxa / Rioja Alavesa,100.0
2023,Hombre,,Arabako Errioxa / Rioja Alavesa,,%,Arabako Errioxa / Rioja Alavesa,100.0
2021,Hombre,,Arabako Kantaurialdea / Cantábrica Alavesa,,%,Arabako Kantaurialdea / Cantábrica Alavesa,99.4
2022,Hombre,,Arabako Kantaurialdea / Cantábrica Alavesa,,%,Arabako Kantaurialdea / Cantábrica Alavesa,98.8
2023,Hombre,,Arabako Kantaurialdea / Cantábrica Alavesa,,%,Arabako Kantaurialdea / Cantábrica Alavesa,100.0
2023,Hombre,,Arabako Lautada / Llanada Alavesa,,%,Arabako Lautada / Llanada Alavesa,100.0
2021,Hombre,,Arabako Lautada / Llanada Alavesa,,%,Arabako Lautada / Llanada Alavesa,99.9
2022,Hombre,,Arabako Lautada / Llanada Alavesa,,%,Arabako Lautada / Llanada Alavesa,96.9
2021,Hombre,,Arabako Mendialdea / Montaña Alavesa,,%,Arabako Mendialdea / Montaña Alavesa,100.0
2023,Hombre,,Arabako Mendialdea / Montaña Alavesa,,%,Arabako Mendialdea / Montaña Alavesa,100.0
2022,Hombre,,Arabako Mendialdea / Montaña Alavesa,,%,Arabako Mendialdea / Montaña Alavesa,100.0
2022,Hombre,,Arratia Nerbioi / Arratia-Nervión,,%,Arratia Nerbioi / Arratia-Nervión,95.9
2021,Hombre,,Arratia Nerbioi / Arratia-Nervión,,%,Arratia Nerbioi / Arratia-Nervión,100.0
2023,Hombre,,Arratia Nerbioi / Arratia-Nervión,,%,Arratia Nerbioi / Arratia-Nervión,100.0
2022,Hombre,,Bidasoa Beherea / Bajo Bidasoa,,%,Bidasoa Beherea / Bajo Bidasoa,91.8
2021,Hombre,,Bidasoa Beherea / Bajo Bidasoa,,%,Bidasoa Beherea / Bajo Bidasoa,99.4
2023,Hombre,,Bidasoa Beherea / Bajo Bidasoa,,%,Bidasoa Beherea / Bajo Bidasoa,100.0
2021,Hombre,,Bilbo Handia / Gran Bilbao,,%,Bilbo Handia / Gran Bilbao,99.7
2023,Hombre,,Bilbo Handia / Gran Bilbao,,%,Bilbo Handia / Gran Bilbao,100.0
2022,Hombre,,Bilbo Handia / Gran Bilbao,,%,Bilbo Handia / Gran Bilbao,96.9
2022,Hombre,,Debabarrena / Bajo Deba,,%,Debabarrena / Bajo Deba,97.8
2023,Hombre,,Debabarrena / Bajo Deba,,%,Debabarrena / Bajo Deba,100.0
2021,Hombre,,Debabarrena / Bajo Deba,,%,Debabarrena / Bajo Deba,99.6
2023,Hombre,,Debagoiena / Alto Deba,,%,Debagoiena / Alto Deba,100.0
2021,Hombre,,Debagoiena / Alto Deba,,%,Debagoiena / Alto Deba,99.7
2022,Hombre,,Debagoiena / Alto Deba,,%,Debagoiena / Alto Deba,97.8
2023,Hombre,,Donostialdea,,%,Donostialdea,100.0
2022,Hombre,,Donostialdea,,%,Donostialdea,97.4
2021,Hombre,,Donostialdea,,%,Donostialdea,99.6
2023,Hombre,,Durangaldea / Duranguesado,,%,Durangaldea / Duranguesado,100.0
2022,Hombre,,Durangaldea / Duranguesado,,%,Durangaldea / Duranguesado,97.1
2021,Hombre,,Durangaldea / Duranguesado,,%,Durangaldea / Duranguesado,100.0
2022,Hombre,,Enkartazioak / Encartaciones,,%,Enkartazioak / Encartaciones,94.9
2021,Hombre,,Enkartazioak / Encartaciones,,%,Enkartazioak / Encartaciones,100.0
2023,Hombre,,Enkartazioak / Encartaciones,,%,Enkartazioak / Encartaciones,100.0
2021,Hombre,,Gernika-Bermeo,,%,Gernika-Bermeo,98.7
2022,Hombre,,Gernika-Bermeo,,%,Gernika-Bermeo,96.3
2023,Hombre,,Gernika-Bermeo,,%,Gernika-Bermeo,100.0
2021,Hombre,,Goierri,,%,Goierri,99.4
2022,Hombre,,Goierri,,%,Goierri,98.2
2023,Hombre,,Goierri,,%,Goierri,100.0
2021,Hombre,,Gorbeialdea / Estribaciones del Gorbea,,%,Gorbeialdea / Estribaciones del Gorbea,100.0
2023,Hombre,,Gorbeialdea / Estribaciones del Gorbea,,%,Gorbeialdea / Estribaciones del Gorbea,100.0
2022,Hombre,,Gorbeialdea / Estribaciones del Gorbea,,%,Gorbeialdea / Estribaciones del Gorbea,94.9
2023,Hombre,,Markina-Ondarroa,,%,Markina-Ondarroa,100.0
2021,Hombre,,Markina-Ondarroa,,%,Markina-Ondarroa,100.0
2022,Hombre,,Markina-Ondarroa,,%,Markina-Ondarroa,99.0
2022,Hombre,,Plentzia-Mungia,,%,Plentzia-Mungia,96.2
2023,Hombre,,Plentzia-Mungia,,%,Plentzia-Mungia,100.0
2021,Hombre,,Plentzia-Mungia,,%,Plentzia-Mungia,100.0
2023,Hombre,,Tolosaldea,,%,Tolosaldea,100.0
2022,Hombre,,Tolosaldea,,%,Tolosaldea,97.6
2021,Hombre,,Tolosaldea,,%,Tolosaldea,100.0
2022,Hombre,,Urola Kosta,,%,Urola Kosta,98.0
2023,Hombre,,Urola Kosta,,%,Urola Kosta,100.0
2021,Hombre,,Urola Kosta,,%,Urola Kosta,100.0
2021,Hombre,Araba/Álava,,,%,Araba/Álava,99.8
2022,Hombre,Araba/Álava,,,%,Araba/Álava,96.7
2023,Hombre,Araba/Álava,,,%,Araba/Álava,100.0
2021,Hombre,Bizkaia,,,%,Bizkaia,99.7
2022,Hombre,Bizkaia,,,%,Bizkaia,96.8
2023,Hombre,Bizkaia,,,%,Bizkaia,100.0
2022,Hombre,Gipuzkoa,,,%,Gipuzkoa,97.2
2023,Hombre,Gipuzkoa,,,%,Gipuzkoa,100.0
2021,Hombre,Gipuzkoa,,,%,Gipuzkoa,99.6
