Year,Sexo,Habilidad_IT,Edad,Territorio,Units,Value
2019,_T,ICTCPT,Y16T74,,Porcentaje,55.36
2019,_T,ICTPST,Y16T74,,Porcentaje,42.23
2019,_T,ICTSSHT,Y16T74,,Porcentaje,41.92
2019,_T,ICTPRGM,Y16T74,,Porcentaje,5.56
2019,_T,ICTTRFF,Y16T74,,Porcentaje,51.89
2019,_T,ICTSFWR,Y16T74,,Porcentaje,53.92
2019,_T,ICTPRVCY,Y16T74,,Porcentaje,15.99
2019,_T,ICT_TOT,Y16T74,,Porcentaje,67.04
2019,_T,ICTCPT,Y16T74,Araba/Álava,Porcentaje,55.76
2019,_T,ICTPST,Y16T74,Araba/Álava,Porcentaje,41.77
2019,_T,ICTSSHT,Y16T74,Araba/Álava,Porcentaje,42.89
2019,_T,ICTPRGM,Y16T74,Araba/Álava,Porcentaje,5.27
2019,_T,ICTTRFF,Y16T74,Araba/Álava,Porcentaje,51.64
2019,_T,ICTSFWR,Y16T74,Araba/Álava,Porcentaje,54.49
2019,_T,ICTPRVCY,Y16T74,Araba/Álava,Porcentaje,16.17
2019,_T,ICT_TOT,Y16T74,Araba/Álava,Porcentaje,68.53
2019,_T,ICTCPT,Y16T74,Gipuzkoa,Porcentaje,54.5
2019,_T,ICTPST,Y16T74,Gipuzkoa,Porcentaje,42.21
2019,_T,ICTSSHT,Y16T74,Gipuzkoa,Porcentaje,42.77
2019,_T,ICTPRGM,Y16T74,Gipuzkoa,Porcentaje,5.24
2019,_T,ICTTRFF,Y16T74,Gipuzkoa,Porcentaje,50.59
2019,_T,ICTSFWR,Y16T74,Gipuzkoa,Porcentaje,51.65
2019,_T,ICTPRVCY,Y16T74,Gipuzkoa,Porcentaje,14.73
2019,_T,ICT_TOT,Y16T74,Gipuzkoa,Porcentaje,65.24
2019,_T,ICTCPT,Y16T74,Bizkaia,Porcentaje,55.79
2019,_T,ICTPST,Y16T74,Bizkaia,Porcentaje,42.38
2019,_T,ICTSSHT,Y16T74,Bizkaia,Porcentaje,41.11
2019,_T,ICTPRGM,Y16T74,Bizkaia,Porcentaje,5.83
2019,_T,ICTTRFF,Y16T74,Bizkaia,Porcentaje,52.78
2019,_T,ICTSFWR,Y16T74,Bizkaia,Porcentaje,55.18
2019,_T,ICTPRVCY,Y16T74,Bizkaia,Porcentaje,16.73
2019,_T,ICT_TOT,Y16T74,Bizkaia,Porcentaje,67.74
2019,_T,ICTCPT,Y16T24,,Porcentaje,89.41
2019,_T,ICTPST,Y16T24,,Porcentaje,85.32
2019,_T,ICTSSHT,Y16T24,,Porcentaje,70.08
2019,_T,ICTPRGM,Y16T24,,Porcentaje,12.34
2019,_T,ICTTRFF,Y16T24,,Porcentaje,84.87
2019,_T,ICTSFWR,Y16T24,,Porcentaje,83.37
2019,_T,ICTPRVCY,Y16T24,,Porcentaje,26.84
2019,_T,ICT_TOT,Y16T24,,Porcentaje,95.75
2019,_T,ICTCPT,Y16T24,Araba/Álava,Porcentaje,91.07
2019,_T,ICTPST,Y16T24,Araba/Álava,Porcentaje,89.2
2019,_T,ICTSSHT,Y16T24,Araba/Álava,Porcentaje,70.0
2019,_T,ICTPRGM,Y16T24,Araba/Álava,Porcentaje,10.56
2019,_T,ICTTRFF,Y16T24,Araba/Álava,Porcentaje,84.7
2019,_T,ICTSFWR,Y16T24,Araba/Álava,Porcentaje,82.82
2019,_T,ICTPRVCY,Y16T24,Araba/Álava,Porcentaje,24.81
2019,_T,ICT_TOT,Y16T24,Araba/Álava,Porcentaje,95.61
2019,_T,ICTCPT,Y16T24,Gipuzkoa,Porcentaje,87.91
2019,_T,ICTPST,Y16T24,Gipuzkoa,Porcentaje,79.9
2019,_T,ICTSSHT,Y16T24,Gipuzkoa,Porcentaje,71.5
2019,_T,ICTPRGM,Y16T24,Gipuzkoa,Porcentaje,10.54
2019,_T,ICTTRFF,Y16T24,Gipuzkoa,Porcentaje,80.35
2019,_T,ICTSFWR,Y16T24,Gipuzkoa,Porcentaje,81.54
2019,_T,ICTPRVCY,Y16T24,Gipuzkoa,Porcentaje,26.03
2019,_T,ICT_TOT,Y16T24,Gipuzkoa,Porcentaje,94.0
2019,_T,ICTCPT,Y16T24,Bizkaia,Porcentaje,90.0
2019,_T,ICTPST,Y16T24,Bizkaia,Porcentaje,88.1
2019,_T,ICTSSHT,Y16T24,Bizkaia,Porcentaje,69.07
2019,_T,ICTPRGM,Y16T24,Bizkaia,Porcentaje,14.19
2019,_T,ICTTRFF,Y16T24,Bizkaia,Porcentaje,88.2
2019,_T,ICTSFWR,Y16T24,Bizkaia,Porcentaje,84.86
2019,_T,ICTPRVCY,Y16T24,Bizkaia,Porcentaje,28.04
2019,_T,ICT_TOT,Y16T24,Bizkaia,Porcentaje,97.06
2019,_T,ICTCPT,Y25T74,,Porcentaje,51.53
2019,_T,ICTPST,Y25T74,,Porcentaje,37.38
2019,_T,ICTSSHT,Y25T74,,Porcentaje,38.75
2019,_T,ICTPRGM,Y25T74,,Porcentaje,4.79
2019,_T,ICTTRFF,Y25T74,,Porcentaje,48.18
2019,_T,ICTSFWR,Y25T74,,Porcentaje,50.6
2019,_T,ICTPRVCY,Y25T74,,Porcentaje,14.77
2019,_T,ICT_TOT,Y25T74,,Porcentaje,63.8
2019,_T,ICTCPT,Y25T74,Araba/Álava,Porcentaje,51.77
2019,_T,ICTPST,Y25T74,Araba/Álava,Porcentaje,36.41
2019,_T,ICTSSHT,Y25T74,Araba/Álava,Porcentaje,39.83
2019,_T,ICTPRGM,Y25T74,Araba/Álava,Porcentaje,4.67
2019,_T,ICTTRFF,Y25T74,Araba/Álava,Porcentaje,47.91
2019,_T,ICTSFWR,Y25T74,Araba/Álava,Porcentaje,51.29
2019,_T,ICTPRVCY,Y25T74,Araba/Álava,Porcentaje,15.19
2019,_T,ICT_TOT,Y25T74,Araba/Álava,Porcentaje,65.47
2019,_T,ICTCPT,Y25T74,Gipuzkoa,Porcentaje,50.33
2019,_T,ICTPST,Y25T74,Gipuzkoa,Porcentaje,37.51
2019,_T,ICTSSHT,Y25T74,Gipuzkoa,Porcentaje,39.19
2019,_T,ICTPRGM,Y25T74,Gipuzkoa,Porcentaje,4.58
2019,_T,ICTTRFF,Y25T74,Gipuzkoa,Porcentaje,46.88
2019,_T,ICTSFWR,Y25T74,Gipuzkoa,Porcentaje,47.92
2019,_T,ICTPRVCY,Y25T74,Gipuzkoa,Porcentaje,13.32
2019,_T,ICT_TOT,Y25T74,Gipuzkoa,Porcentaje,61.65
2019,_T,ICTCPT,Y25T74,Bizkaia,Porcentaje,52.19
2019,_T,ICTPST,Y25T74,Bizkaia,Porcentaje,37.57
2019,_T,ICTSSHT,Y25T74,Bizkaia,Porcentaje,38.17
2019,_T,ICTPRGM,Y25T74,Bizkaia,Porcentaje,4.96
2019,_T,ICTTRFF,Y25T74,Bizkaia,Porcentaje,49.05
2019,_T,ICTSFWR,Y25T74,Bizkaia,Porcentaje,52.06
2019,_T,ICTPRVCY,Y25T74,Bizkaia,Porcentaje,15.54
2019,_T,ICT_TOT,Y25T74,Bizkaia,Porcentaje,64.66
2019,1,ICTCPT,Y16T74,,Porcentaje,57.75
2019,1,ICTPST,Y16T74,,Porcentaje,42.74
2019,1,ICTSSHT,Y16T74,,Porcentaje,44.35
2019,1,ICTPRGM,Y16T74,,Porcentaje,8.14
2019,1,ICTTRFF,Y16T74,,Porcentaje,53.76
2019,1,ICTSFWR,Y16T74,,Porcentaje,57.35
2019,1,ICTPRVCY,Y16T74,,Porcentaje,20.51
2019,1,ICT_TOT,Y16T74,,Porcentaje,69.65
2019,1,ICTCPT,Y16T74,Araba/Álava,Porcentaje,60.01
2019,1,ICTPST,Y16T74,Araba/Álava,Porcentaje,40.61
2019,1,ICTSSHT,Y16T74,Araba/Álava,Porcentaje,45.71
2019,1,ICTPRGM,Y16T74,Araba/Álava,Porcentaje,7.6
2019,1,ICTTRFF,Y16T74,Araba/Álava,Porcentaje,54.78
2019,1,ICTSFWR,Y16T74,Araba/Álava,Porcentaje,59.34
2019,1,ICTPRVCY,Y16T74,Araba/Álava,Porcentaje,23.92
2019,1,ICT_TOT,Y16T74,Araba/Álava,Porcentaje,71.05
2019,1,ICTCPT,Y16T74,Gipuzkoa,Porcentaje,55.37
2019,1,ICTPST,Y16T74,Gipuzkoa,Porcentaje,41.41
2019,1,ICTSSHT,Y16T74,Gipuzkoa,Porcentaje,43.91
2019,1,ICTPRGM,Y16T74,Gipuzkoa,Porcentaje,7.79
2019,1,ICTTRFF,Y16T74,Gipuzkoa,Porcentaje,50.86
2019,1,ICTSFWR,Y16T74,Gipuzkoa,Porcentaje,53.9
2019,1,ICTPRVCY,Y16T74,Gipuzkoa,Porcentaje,19.69
2019,1,ICT_TOT,Y16T74,Gipuzkoa,Porcentaje,66.91
2019,1,ICTCPT,Y16T74,Bizkaia,Porcentaje,58.64
2019,1,ICTPST,Y16T74,Bizkaia,Porcentaje,44.18
2019,1,ICTSSHT,Y16T74,Bizkaia,Porcentaje,44.24
2019,1,ICTPRGM,Y16T74,Bizkaia,Porcentaje,8.5
2019,1,ICTTRFF,Y16T74,Bizkaia,Porcentaje,55.31
2019,1,ICTSFWR,Y16T74,Bizkaia,Porcentaje,58.97
2019,1,ICTPRVCY,Y16T74,Bizkaia,Porcentaje,20.07
2019,1,ICT_TOT,Y16T74,Bizkaia,Porcentaje,71.0
2019,1,ICTCPT,Y16T24,,Porcentaje,85.09
2019,1,ICTPST,Y16T24,,Porcentaje,81.93
2019,1,ICTSSHT,Y16T24,,Porcentaje,69.81
2019,1,ICTPRGM,Y16T24,,Porcentaje,15.83
2019,1,ICTTRFF,Y16T24,,Porcentaje,81.15
2019,1,ICTSFWR,Y16T24,,Porcentaje,81.0
2019,1,ICTPRVCY,Y16T24,,Porcentaje,32.81
2019,1,ICT_TOT,Y16T24,,Porcentaje,93.6
2019,1,ICTCPT,Y16T24,Araba/Álava,Porcentaje,90.23
2019,1,ICTPST,Y16T24,Araba/Álava,Porcentaje,88.54
2019,1,ICTSSHT,Y16T24,Araba/Álava,Porcentaje,69.71
2019,1,ICTPRGM,Y16T24,Araba/Álava,Porcentaje,13.71
2019,1,ICTTRFF,Y16T24,Araba/Álava,Porcentaje,81.76
2019,1,ICTSFWR,Y16T24,Araba/Álava,Porcentaje,82.04
2019,1,ICTPRVCY,Y16T24,Araba/Álava,Porcentaje,35.16
2019,1,ICT_TOT,Y16T24,Araba/Álava,Porcentaje,91.9
2019,1,ICTCPT,Y16T24,Gipuzkoa,Porcentaje,80.51
2019,1,ICTPST,Y16T24,Gipuzkoa,Porcentaje,74.65
2019,1,ICTSSHT,Y16T24,Gipuzkoa,Porcentaje,69.19
2019,1,ICTPRGM,Y16T24,Gipuzkoa,Porcentaje,14.1
2019,1,ICTTRFF,Y16T24,Gipuzkoa,Porcentaje,72.44
2019,1,ICTSFWR,Y16T24,Gipuzkoa,Porcentaje,78.05
2019,1,ICTPRVCY,Y16T24,Gipuzkoa,Porcentaje,32.18
2019,1,ICT_TOT,Y16T24,Gipuzkoa,Porcentaje,89.45
2019,1,ICTCPT,Y16T24,Bizkaia,Porcentaje,87.06
2019,1,ICTPST,Y16T24,Bizkaia,Porcentaje,85.49
2019,1,ICTSSHT,Y16T24,Bizkaia,Porcentaje,70.3
2019,1,ICTPRGM,Y16T24,Bizkaia,Porcentaje,17.71
2019,1,ICTTRFF,Y16T24,Bizkaia,Porcentaje,87.43
2019,1,ICTSFWR,Y16T24,Bizkaia,Porcentaje,82.9
2019,1,ICTPRVCY,Y16T24,Bizkaia,Porcentaje,32.63
2019,1,ICT_TOT,Y16T24,Bizkaia,Porcentaje,97.15
2019,1,ICTCPT,Y25T74,,Porcentaje,54.64
2019,1,ICTPST,Y25T74,,Porcentaje,38.27
2019,1,ICTSSHT,Y25T74,,Porcentaje,41.44
2019,1,ICTPRGM,Y25T74,,Porcentaje,7.26
2019,1,ICTTRFF,Y25T74,,Porcentaje,50.64
2019,1,ICTSFWR,Y25T74,,Porcentaje,54.65
2019,1,ICTPRVCY,Y25T74,,Porcentaje,19.11
2019,1,ICT_TOT,Y25T74,,Porcentaje,66.92
2019,1,ICTCPT,Y25T74,Araba/Álava,Porcentaje,56.81
2019,1,ICTPST,Y25T74,Araba/Álava,Porcentaje,35.55
2019,1,ICTSSHT,Y25T74,Araba/Álava,Porcentaje,43.17
2019,1,ICTPRGM,Y25T74,Araba/Álava,Porcentaje,6.95
2019,1,ICTTRFF,Y25T74,Araba/Álava,Porcentaje,51.93
2019,1,ICTSFWR,Y25T74,Araba/Álava,Porcentaje,56.94
2019,1,ICTPRVCY,Y25T74,Araba/Álava,Porcentaje,22.74
2019,1,ICT_TOT,Y25T74,Araba/Álava,Porcentaje,68.85
2019,1,ICTCPT,Y25T74,Gipuzkoa,Porcentaje,52.15
2019,1,ICTPST,Y25T74,Gipuzkoa,Porcentaje,37.15
2019,1,ICTSSHT,Y25T74,Gipuzkoa,Porcentaje,40.67
2019,1,ICTPRGM,Y25T74,Gipuzkoa,Porcentaje,6.98
2019,1,ICTTRFF,Y25T74,Gipuzkoa,Porcentaje,48.09
2019,1,ICTSFWR,Y25T74,Gipuzkoa,Porcentaje,50.81
2019,1,ICTPRVCY,Y25T74,Gipuzkoa,Porcentaje,18.09
2019,1,ICT_TOT,Y25T74,Gipuzkoa,Porcentaje,64.03
2019,1,ICTCPT,Y25T74,Bizkaia,Porcentaje,55.58
2019,1,ICTPST,Y25T74,Bizkaia,Porcentaje,39.73
2019,1,ICTSSHT,Y25T74,Bizkaia,Porcentaje,41.44
2019,1,ICTPRGM,Y25T74,Bizkaia,Porcentaje,7.51
2019,1,ICTTRFF,Y25T74,Bizkaia,Porcentaje,51.86
2019,1,ICTSFWR,Y25T74,Bizkaia,Porcentaje,56.39
2019,1,ICTPRVCY,Y25T74,Bizkaia,Porcentaje,18.72
2019,1,ICT_TOT,Y25T74,Bizkaia,Porcentaje,68.19
2019,_T,ICTCPT,Y16T74,,Porcentaje,53.04
2019,_T,ICTPST,Y16T74,,Porcentaje,41.74
2019,_T,ICTSSHT,Y16T74,,Porcentaje,39.57
2019,_T,ICTPRGM,Y16T74,,Porcentaje,3.05
2019,_T,ICTTRFF,Y16T74,,Porcentaje,50.08
2019,_T,ICTSFWR,Y16T74,,Porcentaje,50.6
2019,_T,ICTPRVCY,Y16T74,,Porcentaje,11.61
2019,_T,ICT_TOT,Y16T74,,Porcentaje,64.5
2019,_T,ICTCPT,Y16T74,Araba/Álava,Porcentaje,51.69
2019,_T,ICTPST,Y16T74,Araba/Álava,Porcentaje,42.88
2019,_T,ICTSSHT,Y16T74,Araba/Álava,Porcentaje,40.2
2019,_T,ICTPRGM,Y16T74,Araba/Álava,Porcentaje,3.04
2019,_T,ICTTRFF,Y16T74,Araba/Álava,Porcentaje,48.64
2019,_T,ICTSFWR,Y16T74,Araba/Álava,Porcentaje,49.85
2019,_T,ICTPRVCY,Y16T74,Araba/Álava,Porcentaje,8.75
2019,_T,ICT_TOT,Y16T74,Araba/Álava,Porcentaje,66.12
2019,_T,ICTCPT,Y16T74,Gipuzkoa,Porcentaje,53.63
2019,_T,ICTPST,Y16T74,Gipuzkoa,Porcentaje,43.01
2019,_T,ICTSSHT,Y16T74,Gipuzkoa,Porcentaje,41.65
2019,_T,ICTPRGM,Y16T74,Gipuzkoa,Porcentaje,2.71
2019,_T,ICTTRFF,Y16T74,Gipuzkoa,Porcentaje,50.32
2019,_T,ICTSFWR,Y16T74,Gipuzkoa,Porcentaje,49.41
2019,_T,ICTPRVCY,Y16T74,Gipuzkoa,Porcentaje,9.81
2019,_T,ICT_TOT,Y16T74,Gipuzkoa,Porcentaje,63.58
2019,_T,ICTCPT,Y16T74,Bizkaia,Porcentaje,53.06
2019,_T,ICTPST,Y16T74,Bizkaia,Porcentaje,40.65
2019,_T,ICTSSHT,Y16T74,Bizkaia,Porcentaje,38.1
2019,_T,ICTPRGM,Y16T74,Bizkaia,Porcentaje,3.27
2019,_T,ICTTRFF,Y16T74,Bizkaia,Porcentaje,50.34
2019,_T,ICTSFWR,Y16T74,Bizkaia,Porcentaje,51.54
2019,_T,ICTPRVCY,Y16T74,Bizkaia,Porcentaje,13.52
2019,_T,ICT_TOT,Y16T74,Bizkaia,Porcentaje,64.61
2019,_T,ICTCPT,Y16T24,,Porcentaje,93.7
2019,_T,ICTPST,Y16T24,,Porcentaje,88.68
2019,_T,ICTSSHT,Y16T24,,Porcentaje,70.34
2019,_T,ICTPRGM,Y16T24,,Porcentaje,8.88
2019,_T,ICTTRFF,Y16T24,,Porcentaje,88.56
2019,_T,ICTSFWR,Y16T24,,Porcentaje,85.71
2019,_T,ICTPRVCY,Y16T24,,Porcentaje,20.92
2019,_T,ICT_TOT,Y16T24,,Porcentaje,97.88
2019,_T,ICTCPT,Y16T24,Araba/Álava,Porcentaje,91.79
2019,_T,ICTPST,Y16T24,Araba/Álava,Porcentaje,89.77
2019,_T,ICTSSHT,Y16T24,Araba/Álava,Porcentaje,70.26
2019,_T,ICTPRGM,Y16T24,Araba/Álava,Porcentaje,7.88
2019,_T,ICTTRFF,Y16T24,Araba/Álava,Porcentaje,87.2
2019,_T,ICTSFWR,Y16T24,Araba/Álava,Porcentaje,83.47
2019,_T,ICTPRVCY,Y16T24,Araba/Álava,Porcentaje,15.98
2019,_T,ICT_TOT,Y16T24,Araba/Álava,Porcentaje,98.78
2019,_T,ICTCPT,Y16T24,Gipuzkoa,Porcentaje,95.61
2019,_T,ICTPST,Y16T24,Gipuzkoa,Porcentaje,85.35
2019,_T,ICTSSHT,Y16T24,Gipuzkoa,Porcentaje,73.9
2019,_T,ICTPRGM,Y16T24,Gipuzkoa,Porcentaje,6.83
2019,_T,ICTTRFF,Y16T24,Gipuzkoa,Porcentaje,88.57
2019,_T,ICTSFWR,Y16T24,Gipuzkoa,Porcentaje,85.17
2019,_T,ICTPRVCY,Y16T24,Gipuzkoa,Porcentaje,19.62
2019,_T,ICT_TOT,Y16T24,Gipuzkoa,Porcentaje,98.73
2019,_T,ICTCPT,Y16T24,Bizkaia,Porcentaje,92.96
2019,_T,ICTPST,Y16T24,Bizkaia,Porcentaje,90.71
2019,_T,ICTSSHT,Y16T24,Bizkaia,Porcentaje,67.84
2019,_T,ICTPRGM,Y16T24,Bizkaia,Porcentaje,10.67
2019,_T,ICTTRFF,Y16T24,Bizkaia,Porcentaje,88.98
2019,_T,ICTSFWR,Y16T24,Bizkaia,Porcentaje,86.82
2019,_T,ICTPRVCY,Y16T24,Bizkaia,Porcentaje,23.45
2019,_T,ICT_TOT,Y16T24,Bizkaia,Porcentaje,96.97
2019,_T,ICTCPT,Y25T74,,Porcentaje,48.51
2019,_T,ICTPST,Y25T74,,Porcentaje,36.51
2019,_T,ICTSSHT,Y25T74,,Porcentaje,36.14
2019,_T,ICTPRGM,Y25T74,,Porcentaje,2.4
2019,_T,ICTTRFF,Y25T74,,Porcentaje,45.79
2019,_T,ICTSFWR,Y25T74,,Porcentaje,46.69
2019,_T,ICTPRVCY,Y25T74,,Porcentaje,10.57
2019,_T,ICT_TOT,Y25T74,,Porcentaje,60.78
2019,_T,ICTCPT,Y25T74,Araba/Álava,Porcentaje,46.87
2019,_T,ICTPST,Y25T74,Araba/Álava,Porcentaje,37.25
2019,_T,ICTSSHT,Y25T74,Araba/Álava,Porcentaje,36.59
2019,_T,ICTPRGM,Y25T74,Araba/Álava,Porcentaje,2.46
2019,_T,ICTTRFF,Y25T74,Araba/Álava,Porcentaje,44.01
2019,_T,ICTSFWR,Y25T74,Araba/Álava,Porcentaje,45.81
2019,_T,ICTPRVCY,Y25T74,Araba/Álava,Porcentaje,7.88
2019,_T,ICT_TOT,Y25T74,Araba/Álava,Porcentaje,62.2
2019,_T,ICTCPT,Y25T74,Gipuzkoa,Porcentaje,48.54
2019,_T,ICTPST,Y25T74,Gipuzkoa,Porcentaje,37.87
2019,_T,ICTSSHT,Y25T74,Gipuzkoa,Porcentaje,37.74
2019,_T,ICTPRGM,Y25T74,Gipuzkoa,Porcentaje,2.21
2019,_T,ICTTRFF,Y25T74,Gipuzkoa,Porcentaje,45.68
2019,_T,ICTSFWR,Y25T74,Gipuzkoa,Porcentaje,45.07
2019,_T,ICTPRVCY,Y25T74,Gipuzkoa,Porcentaje,8.62
2019,_T,ICT_TOT,Y25T74,Gipuzkoa,Porcentaje,59.31
2019,_T,ICTCPT,Y25T74,Bizkaia,Porcentaje,48.95
2019,_T,ICTPST,Y25T74,Bizkaia,Porcentaje,35.49
2019,_T,ICTSSHT,Y25T74,Bizkaia,Porcentaje,35.04
2019,_T,ICTPRGM,Y25T74,Bizkaia,Porcentaje,2.51
2019,_T,ICTTRFF,Y25T74,Bizkaia,Porcentaje,46.36
2019,_T,ICTSFWR,Y25T74,Bizkaia,Porcentaje,47.91
2019,_T,ICTPRVCY,Y25T74,Bizkaia,Porcentaje,12.49
2019,_T,ICT_TOT,Y25T74,Bizkaia,Porcentaje,61.28
2020,_T,ICTCPT,Y16T74,,Porcentaje,55.36
2020,_T,ICTPST,Y16T74,,Porcentaje,45.0
2020,_T,ICTSSHT,Y16T74,,Porcentaje,41.11
2020,_T,ICTPRGM,Y16T74,,Porcentaje,5.69
2020,_T,ICTTRFF,Y16T74,,Porcentaje,55.16
2020,_T,ICTSFWR,Y16T74,,Porcentaje,58.78
2020,_T,ICTPRVCY,Y16T74,,Porcentaje,28.44
2020,_T,ICT_TOT,Y16T74,,Porcentaje,69.83
2020,_T,ICTCPT,Y16T74,Araba/Álava,Porcentaje,54.04
2020,_T,ICTPST,Y16T74,Araba/Álava,Porcentaje,43.03
2020,_T,ICTSSHT,Y16T74,Araba/Álava,Porcentaje,39.71
2020,_T,ICTPRGM,Y16T74,Araba/Álava,Porcentaje,5.73
2020,_T,ICTTRFF,Y16T74,Araba/Álava,Porcentaje,55.92
2020,_T,ICTSFWR,Y16T74,Araba/Álava,Porcentaje,57.26
2020,_T,ICTPRVCY,Y16T74,Araba/Álava,Porcentaje,26.81
2020,_T,ICT_TOT,Y16T74,Araba/Álava,Porcentaje,70.14
2020,_T,ICTCPT,Y16T74,Gipuzkoa,Porcentaje,57.68
2020,_T,ICTPST,Y16T74,Gipuzkoa,Porcentaje,45.75
2020,_T,ICTSSHT,Y16T74,Gipuzkoa,Porcentaje,41.61
2020,_T,ICTPRGM,Y16T74,Gipuzkoa,Porcentaje,5.58
2020,_T,ICTTRFF,Y16T74,Gipuzkoa,Porcentaje,56.4
2020,_T,ICTSFWR,Y16T74,Gipuzkoa,Porcentaje,60.23
2020,_T,ICTPRVCY,Y16T74,Gipuzkoa,Porcentaje,30.07
2020,_T,ICT_TOT,Y16T74,Gipuzkoa,Porcentaje,70.18
2020,_T,ICTCPT,Y16T74,Bizkaia,Porcentaje,54.32
2020,_T,ICTPST,Y16T74,Bizkaia,Porcentaje,45.11
2020,_T,ICTSSHT,Y16T74,Bizkaia,Porcentaje,41.21
2020,_T,ICTPRGM,Y16T74,Bizkaia,Porcentaje,5.74
2020,_T,ICTTRFF,Y16T74,Bizkaia,Porcentaje,54.17
2020,_T,ICTSFWR,Y16T74,Bizkaia,Porcentaje,58.33
2020,_T,ICTPRVCY,Y16T74,Bizkaia,Porcentaje,27.9
2020,_T,ICT_TOT,Y16T74,Bizkaia,Porcentaje,69.53
2020,_T,ICTCPT,Y16T24,,Porcentaje,86.56
2020,_T,ICTPST,Y16T24,,Porcentaje,86.45
2020,_T,ICTSSHT,Y16T24,,Porcentaje,70.73
2020,_T,ICTPRGM,Y16T24,,Porcentaje,13.21
2020,_T,ICTTRFF,Y16T24,,Porcentaje,84.6
2020,_T,ICTSFWR,Y16T24,,Porcentaje,87.51
2020,_T,ICTPRVCY,Y16T24,,Porcentaje,47.09
2020,_T,ICT_TOT,Y16T24,,Porcentaje,95.9
2020,_T,ICTCPT,Y16T24,Araba/Álava,Porcentaje,80.63
2020,_T,ICTPST,Y16T24,Araba/Álava,Porcentaje,78.9
2020,_T,ICTSSHT,Y16T24,Araba/Álava,Porcentaje,68.93
2020,_T,ICTPRGM,Y16T24,Araba/Álava,Porcentaje,7.03
2020,_T,ICTTRFF,Y16T24,Araba/Álava,Porcentaje,86.93
2020,_T,ICTSFWR,Y16T24,Araba/Álava,Porcentaje,92.37
2020,_T,ICTPRVCY,Y16T24,Araba/Álava,Porcentaje,50.88
2020,_T,ICT_TOT,Y16T24,Araba/Álava,Porcentaje,98.43
2020,_T,ICTCPT,Y16T24,Gipuzkoa,Porcentaje,94.1
2020,_T,ICTPST,Y16T24,Gipuzkoa,Porcentaje,89.58
2020,_T,ICTSSHT,Y16T24,Gipuzkoa,Porcentaje,74.4
2020,_T,ICTPRGM,Y16T24,Gipuzkoa,Porcentaje,11.7
2020,_T,ICTTRFF,Y16T24,Gipuzkoa,Porcentaje,84.57
2020,_T,ICTSFWR,Y16T24,Gipuzkoa,Porcentaje,85.98
2020,_T,ICTPRVCY,Y16T24,Gipuzkoa,Porcentaje,46.46
2020,_T,ICT_TOT,Y16T24,Gipuzkoa,Porcentaje,97.22
2020,_T,ICTCPT,Y16T24,Bizkaia,Porcentaje,83.31
2020,_T,ICTPST,Y16T24,Bizkaia,Porcentaje,86.64
2020,_T,ICTSSHT,Y16T24,Bizkaia,Porcentaje,68.82
2020,_T,ICTPRGM,Y16T24,Bizkaia,Porcentaje,16.12
2020,_T,ICTTRFF,Y16T24,Bizkaia,Porcentaje,83.91
2020,_T,ICTSFWR,Y16T24,Bizkaia,Porcentaje,87.06
2020,_T,ICTPRVCY,Y16T24,Bizkaia,Porcentaje,46.35
2020,_T,ICT_TOT,Y16T24,Bizkaia,Porcentaje,94.24
2020,_T,ICTCPT,Y25T74,,Porcentaje,51.5
2020,_T,ICTPST,Y25T74,,Porcentaje,39.86
2020,_T,ICTSSHT,Y25T74,,Porcentaje,37.44
2020,_T,ICTPRGM,Y25T74,,Porcentaje,4.76
2020,_T,ICTTRFF,Y25T74,,Porcentaje,51.51
2020,_T,ICTSFWR,Y25T74,,Porcentaje,55.22
2020,_T,ICTPRVCY,Y25T74,,Porcentaje,26.13
2020,_T,ICT_TOT,Y25T74,,Porcentaje,66.6
2020,_T,ICTCPT,Y25T74,Araba/Álava,Porcentaje,50.7
2020,_T,ICTPST,Y25T74,Araba/Álava,Porcentaje,38.53
2020,_T,ICTSSHT,Y25T74,Araba/Álava,Porcentaje,36.04
2020,_T,ICTPRGM,Y25T74,Araba/Álava,Porcentaje,5.57
2020,_T,ICTTRFF,Y25T74,Araba/Álava,Porcentaje,52.03
2020,_T,ICTSFWR,Y25T74,Araba/Álava,Porcentaje,52.86
2020,_T,ICTPRVCY,Y25T74,Araba/Álava,Porcentaje,23.79
2020,_T,ICT_TOT,Y25T74,Araba/Álava,Porcentaje,66.59
2020,_T,ICTCPT,Y25T74,Gipuzkoa,Porcentaje,52.91
2020,_T,ICTPST,Y25T74,Gipuzkoa,Porcentaje,40.01
2020,_T,ICTSSHT,Y25T74,Gipuzkoa,Porcentaje,37.32
2020,_T,ICTPRGM,Y25T74,Gipuzkoa,Porcentaje,4.78
2020,_T,ICTTRFF,Y25T74,Gipuzkoa,Porcentaje,52.71
2020,_T,ICTSFWR,Y25T74,Gipuzkoa,Porcentaje,56.86
2020,_T,ICTPRVCY,Y25T74,Gipuzkoa,Porcentaje,27.92
2020,_T,ICT_TOT,Y25T74,Gipuzkoa,Porcentaje,66.64
2020,_T,ICTCPT,Y25T74,Bizkaia,Porcentaje,50.87
2020,_T,ICTPST,Y25T74,Bizkaia,Porcentaje,40.16
2020,_T,ICTSSHT,Y25T74,Bizkaia,Porcentaje,37.91
2020,_T,ICTPRGM,Y25T74,Bizkaia,Porcentaje,4.51
2020,_T,ICTTRFF,Y25T74,Bizkaia,Porcentaje,50.63
2020,_T,ICTSFWR,Y25T74,Bizkaia,Porcentaje,54.9
2020,_T,ICTPRVCY,Y25T74,Bizkaia,Porcentaje,25.71
2020,_T,ICT_TOT,Y25T74,Bizkaia,Porcentaje,66.58
2020,1,ICTCPT,Y16T74,,Porcentaje,57.3
2020,1,ICTPST,Y16T74,,Porcentaje,45.46
2020,1,ICTSSHT,Y16T74,,Porcentaje,42.48
2020,1,ICTPRGM,Y16T74,,Porcentaje,7.37
2020,1,ICTTRFF,Y16T74,,Porcentaje,57.79
2020,1,ICTSFWR,Y16T74,,Porcentaje,60.91
2020,1,ICTPRVCY,Y16T74,,Porcentaje,31.46
2020,1,ICT_TOT,Y16T74,,Porcentaje,71.39
2020,1,ICTCPT,Y16T74,Araba/Álava,Porcentaje,54.32
2020,1,ICTPST,Y16T74,Araba/Álava,Porcentaje,43.65
2020,1,ICTSSHT,Y16T74,Araba/Álava,Porcentaje,39.7
2020,1,ICTPRGM,Y16T74,Araba/Álava,Porcentaje,6.83
2020,1,ICTTRFF,Y16T74,Araba/Álava,Porcentaje,57.59
2020,1,ICTSFWR,Y16T74,Araba/Álava,Porcentaje,58.72
2020,1,ICTPRVCY,Y16T74,Araba/Álava,Porcentaje,29.26
2020,1,ICT_TOT,Y16T74,Araba/Álava,Porcentaje,69.49
2020,1,ICTCPT,Y16T74,Gipuzkoa,Porcentaje,58.37
2020,1,ICTPST,Y16T74,Gipuzkoa,Porcentaje,44.97
2020,1,ICTSSHT,Y16T74,Gipuzkoa,Porcentaje,40.86
2020,1,ICTPRGM,Y16T74,Gipuzkoa,Porcentaje,6.65
2020,1,ICTTRFF,Y16T74,Gipuzkoa,Porcentaje,59.22
2020,1,ICTSFWR,Y16T74,Gipuzkoa,Porcentaje,63.68
2020,1,ICTPRVCY,Y16T74,Gipuzkoa,Porcentaje,33.15
2020,1,ICT_TOT,Y16T74,Gipuzkoa,Porcentaje,72.34
2020,1,ICTCPT,Y16T74,Bizkaia,Porcentaje,57.51
2020,1,ICTPST,Y16T74,Bizkaia,Porcentaje,46.29
2020,1,ICTSSHT,Y16T74,Bizkaia,Porcentaje,44.29
2020,1,ICTPRGM,Y16T74,Bizkaia,Porcentaje,7.98
2020,1,ICTTRFF,Y16T74,Bizkaia,Porcentaje,56.96
2020,1,ICTSFWR,Y16T74,Bizkaia,Porcentaje,59.84
2020,1,ICTPRVCY,Y16T74,Bizkaia,Porcentaje,31.07
2020,1,ICT_TOT,Y16T74,Bizkaia,Porcentaje,71.36
2020,1,ICTCPT,Y16T24,,Porcentaje,85.21
2020,1,ICTPST,Y16T24,,Porcentaje,86.4
2020,1,ICTSSHT,Y16T24,,Porcentaje,72.51
2020,1,ICTPRGM,Y16T24,,Porcentaje,16.53
2020,1,ICTTRFF,Y16T24,,Porcentaje,84.76
2020,1,ICTSFWR,Y16T24,,Porcentaje,88.17
2020,1,ICTPRVCY,Y16T24,,Porcentaje,47.85
2020,1,ICT_TOT,Y16T24,,Porcentaje,95.33
2020,1,ICTCPT,Y16T24,Araba/Álava,Porcentaje,80.49
2020,1,ICTPST,Y16T24,Araba/Álava,Porcentaje,82.49
2020,1,ICTSSHT,Y16T24,Araba/Álava,Porcentaje,72.68
2020,1,ICTPRGM,Y16T24,Araba/Álava,Porcentaje,9.56
2020,1,ICTTRFF,Y16T24,Araba/Álava,Porcentaje,90.97
2020,1,ICTSFWR,Y16T24,Araba/Álava,Porcentaje,92.8
2020,1,ICTPRVCY,Y16T24,Araba/Álava,Porcentaje,49.01
2020,1,ICT_TOT,Y16T24,Araba/Álava,Porcentaje,100.0
2020,1,ICTCPT,Y16T24,Gipuzkoa,Porcentaje,92.67
2020,1,ICTPST,Y16T24,Gipuzkoa,Porcentaje,89.18
2020,1,ICTSSHT,Y16T24,Gipuzkoa,Porcentaje,73.69
2020,1,ICTPRGM,Y16T24,Gipuzkoa,Porcentaje,13.92
2020,1,ICTTRFF,Y16T24,Gipuzkoa,Porcentaje,85.47
2020,1,ICTSFWR,Y16T24,Gipuzkoa,Porcentaje,89.68
2020,1,ICTPRVCY,Y16T24,Gipuzkoa,Porcentaje,47.94
2020,1,ICT_TOT,Y16T24,Gipuzkoa,Porcentaje,98.09
2020,1,ICTCPT,Y16T24,Bizkaia,Porcentaje,81.67
2020,1,ICTPST,Y16T24,Bizkaia,Porcentaje,85.77
2020,1,ICTSSHT,Y16T24,Bizkaia,Porcentaje,71.66
2020,1,ICTPRGM,Y16T24,Bizkaia,Porcentaje,20.49
2020,1,ICTTRFF,Y16T24,Bizkaia,Porcentaje,82.32
2020,1,ICTSFWR,Y16T24,Bizkaia,Porcentaje,85.69
2020,1,ICTPRVCY,Y16T24,Bizkaia,Porcentaje,47.43
2020,1,ICT_TOT,Y16T24,Bizkaia,Porcentaje,91.99
2020,1,ICTCPT,Y25T74,,Porcentaje,53.66
2020,1,ICTPST,Y25T74,,Porcentaje,40.12
2020,1,ICTSSHT,Y25T74,,Porcentaje,38.56
2020,1,ICTPRGM,Y25T74,,Porcentaje,6.18
2020,1,ICTTRFF,Y25T74,,Porcentaje,54.27
2020,1,ICTSFWR,Y25T74,,Porcentaje,57.35
2020,1,ICTPRVCY,Y25T74,,Porcentaje,29.32
2020,1,ICT_TOT,Y25T74,,Porcentaje,68.27
2020,1,ICTCPT,Y25T74,Araba/Álava,Porcentaje,50.74
2020,1,ICTPST,Y25T74,Araba/Álava,Porcentaje,38.34
2020,1,ICTSSHT,Y25T74,Araba/Álava,Porcentaje,35.19
2020,1,ICTPRGM,Y25T74,Araba/Álava,Porcentaje,6.46
2020,1,ICTTRFF,Y25T74,Araba/Álava,Porcentaje,53.03
2020,1,ICTSFWR,Y25T74,Araba/Álava,Porcentaje,54.06
2020,1,ICTPRVCY,Y25T74,Araba/Álava,Porcentaje,26.56
2020,1,ICT_TOT,Y25T74,Araba/Álava,Porcentaje,65.32
2020,1,ICTCPT,Y25T74,Gipuzkoa,Porcentaje,53.66
2020,1,ICTPST,Y25T74,Gipuzkoa,Porcentaje,38.9
2020,1,ICTSSHT,Y25T74,Gipuzkoa,Porcentaje,36.35
2020,1,ICTPRGM,Y25T74,Gipuzkoa,Porcentaje,5.65
2020,1,ICTTRFF,Y25T74,Gipuzkoa,Porcentaje,55.62
2020,1,ICTSFWR,Y25T74,Gipuzkoa,Porcentaje,60.11
2020,1,ICTPRVCY,Y25T74,Gipuzkoa,Porcentaje,31.11
2020,1,ICT_TOT,Y25T74,Gipuzkoa,Porcentaje,68.8
2020,1,ICTCPT,Y25T74,Bizkaia,Porcentaje,54.51
2020,1,ICTPST,Y25T74,Bizkaia,Porcentaje,41.38
2020,1,ICTSSHT,Y25T74,Bizkaia,Porcentaje,40.89
2020,1,ICTPRGM,Y25T74,Bizkaia,Porcentaje,6.42
2020,1,ICTTRFF,Y25T74,Bizkaia,Porcentaje,53.8
2020,1,ICTSFWR,Y25T74,Bizkaia,Porcentaje,56.62
2020,1,ICTPRVCY,Y25T74,Bizkaia,Porcentaje,29.03
2020,1,ICT_TOT,Y25T74,Bizkaia,Porcentaje,68.8
2020,_T,ICTCPT,Y16T74,,Porcentaje,53.47
2020,_T,ICTPST,Y16T74,,Porcentaje,44.55
2020,_T,ICTSSHT,Y16T74,,Porcentaje,39.77
2020,_T,ICTPRGM,Y16T74,,Porcentaje,4.04
2020,_T,ICTTRFF,Y16T74,,Porcentaje,52.59
2020,_T,ICTSFWR,Y16T74,,Porcentaje,56.7
2020,_T,ICTPRVCY,Y16T74,,Porcentaje,25.47
2020,_T,ICT_TOT,Y16T74,,Porcentaje,68.3
2020,_T,ICTCPT,Y16T74,Araba/Álava,Porcentaje,53.75
2020,_T,ICTPST,Y16T74,Araba/Álava,Porcentaje,42.42
2020,_T,ICTSSHT,Y16T74,Araba/Álava,Porcentaje,39.72
2020,_T,ICTPRGM,Y16T74,Araba/Álava,Porcentaje,4.65
2020,_T,ICTTRFF,Y16T74,Araba/Álava,Porcentaje,54.29
2020,_T,ICTSFWR,Y16T74,Araba/Álava,Porcentaje,55.84
2020,_T,ICTPRVCY,Y16T74,Araba/Álava,Porcentaje,24.4
2020,_T,ICT_TOT,Y16T74,Araba/Álava,Porcentaje,70.78
2020,_T,ICTCPT,Y16T74,Gipuzkoa,Porcentaje,57.0
2020,_T,ICTPST,Y16T74,Gipuzkoa,Porcentaje,46.51
2020,_T,ICTSSHT,Y16T74,Gipuzkoa,Porcentaje,42.34
2020,_T,ICTPRGM,Y16T74,Gipuzkoa,Porcentaje,4.53
2020,_T,ICTTRFF,Y16T74,Gipuzkoa,Porcentaje,53.65
2020,_T,ICTSFWR,Y16T74,Gipuzkoa,Porcentaje,56.86
2020,_T,ICTPRVCY,Y16T74,Gipuzkoa,Porcentaje,27.06
2020,_T,ICT_TOT,Y16T74,Gipuzkoa,Porcentaje,68.07
2020,_T,ICTCPT,Y16T74,Bizkaia,Porcentaje,51.2
2020,_T,ICTPST,Y16T74,Bizkaia,Porcentaje,43.95
2020,_T,ICTSSHT,Y16T74,Bizkaia,Porcentaje,38.18
2020,_T,ICTPRGM,Y16T74,Bizkaia,Porcentaje,3.56
2020,_T,ICTTRFF,Y16T74,Bizkaia,Porcentaje,51.44
2020,_T,ICTSFWR,Y16T74,Bizkaia,Porcentaje,56.85
2020,_T,ICTPRVCY,Y16T74,Bizkaia,Porcentaje,24.81
2020,_T,ICT_TOT,Y16T74,Bizkaia,Porcentaje,67.73
2020,_T,ICTCPT,Y16T24,,Porcentaje,88.02
2020,_T,ICTPST,Y16T24,,Porcentaje,86.5
2020,_T,ICTSSHT,Y16T24,,Porcentaje,68.82
2020,_T,ICTPRGM,Y16T24,,Porcentaje,9.66
2020,_T,ICTTRFF,Y16T24,,Porcentaje,84.43
2020,_T,ICTSFWR,Y16T24,,Porcentaje,86.8
2020,_T,ICTPRVCY,Y16T24,,Porcentaje,46.26
2020,_T,ICT_TOT,Y16T24,,Porcentaje,96.5
2020,_T,ICTCPT,Y16T24,Araba/Álava,Porcentaje,80.79
2020,_T,ICTPST,Y16T24,Araba/Álava,Porcentaje,74.79
2020,_T,ICTSSHT,Y16T24,Araba/Álava,Porcentaje,64.62
2020,_T,ICTPRGM,Y16T24,Araba/Álava,Porcentaje,4.12
2020,_T,ICTTRFF,Y16T24,Araba/Álava,Porcentaje,82.29
2020,_T,ICTSFWR,Y16T24,Araba/Álava,Porcentaje,91.87
2020,_T,ICTPRVCY,Y16T24,Araba/Álava,Porcentaje,53.03
2020,_T,ICT_TOT,Y16T24,Araba/Álava,Porcentaje,96.62
2020,_T,ICTCPT,Y16T24,Gipuzkoa,Porcentaje,95.62
2020,_T,ICTPST,Y16T24,Gipuzkoa,Porcentaje,90.02
2020,_T,ICTSSHT,Y16T24,Gipuzkoa,Porcentaje,75.14
2020,_T,ICTPRGM,Y16T24,Gipuzkoa,Porcentaje,9.35
2020,_T,ICTTRFF,Y16T24,Gipuzkoa,Porcentaje,83.61
2020,_T,ICTSFWR,Y16T24,Gipuzkoa,Porcentaje,82.04
2020,_T,ICTPRVCY,Y16T24,Gipuzkoa,Porcentaje,44.88
2020,_T,ICT_TOT,Y16T24,Gipuzkoa,Porcentaje,96.29
2020,_T,ICTCPT,Y16T24,Bizkaia,Porcentaje,85.05
2020,_T,ICTPST,Y16T24,Bizkaia,Porcentaje,87.56
2020,_T,ICTSSHT,Y16T24,Bizkaia,Porcentaje,65.82
2020,_T,ICTPRGM,Y16T24,Bizkaia,Porcentaje,11.49
2020,_T,ICTTRFF,Y16T24,Bizkaia,Porcentaje,85.6
2020,_T,ICTSFWR,Y16T24,Bizkaia,Porcentaje,88.51
2020,_T,ICTPRVCY,Y16T24,Bizkaia,Porcentaje,45.21
2020,_T,ICT_TOT,Y16T24,Bizkaia,Porcentaje,96.61
2020,_T,ICTCPT,Y25T74,,Porcentaje,49.4
2020,_T,ICTPST,Y25T74,,Porcentaje,39.61
2020,_T,ICTSSHT,Y25T74,,Porcentaje,36.35
2020,_T,ICTPRGM,Y25T74,,Porcentaje,3.38
2020,_T,ICTTRFF,Y25T74,,Porcentaje,48.84
2020,_T,ICTSFWR,Y25T74,,Porcentaje,53.16
2020,_T,ICTPRVCY,Y25T74,,Porcentaje,23.03
2020,_T,ICT_TOT,Y25T74,,Porcentaje,64.99
2020,_T,ICTCPT,Y25T74,Araba/Álava,Porcentaje,50.65
2020,_T,ICTPST,Y25T74,Araba/Álava,Porcentaje,38.71
2020,_T,ICTSSHT,Y25T74,Araba/Álava,Porcentaje,36.87
2020,_T,ICTPRGM,Y25T74,Araba/Álava,Porcentaje,4.71
2020,_T,ICTTRFF,Y25T74,Araba/Álava,Porcentaje,51.08
2020,_T,ICTSFWR,Y25T74,Araba/Álava,Porcentaje,51.71
2020,_T,ICTPRVCY,Y25T74,Araba/Álava,Porcentaje,21.12
2020,_T,ICT_TOT,Y25T74,Araba/Álava,Porcentaje,67.82
2020,_T,ICTCPT,Y25T74,Gipuzkoa,Porcentaje,52.18
2020,_T,ICTPST,Y25T74,Gipuzkoa,Porcentaje,41.08
2020,_T,ICTSSHT,Y25T74,Gipuzkoa,Porcentaje,38.26
2020,_T,ICTPRGM,Y25T74,Gipuzkoa,Porcentaje,3.93
2020,_T,ICTTRFF,Y25T74,Gipuzkoa,Porcentaje,49.91
2020,_T,ICTSFWR,Y25T74,Gipuzkoa,Porcentaje,53.72
2020,_T,ICTPRVCY,Y25T74,Gipuzkoa,Porcentaje,24.83
2020,_T,ICT_TOT,Y25T74,Gipuzkoa,Porcentaje,64.55
2020,_T,ICTCPT,Y25T74,Bizkaia,Porcentaje,47.33
2020,_T,ICTPST,Y25T74,Bizkaia,Porcentaje,38.97
2020,_T,ICTSSHT,Y25T74,Bizkaia,Porcentaje,35.03
2020,_T,ICTPRGM,Y25T74,Bizkaia,Porcentaje,2.65
2020,_T,ICTTRFF,Y25T74,Bizkaia,Porcentaje,47.54
2020,_T,ICTSFWR,Y25T74,Bizkaia,Porcentaje,53.23
2020,_T,ICTPRVCY,Y25T74,Bizkaia,Porcentaje,22.48
2020,_T,ICT_TOT,Y25T74,Bizkaia,Porcentaje,64.43
2021,_T,ICTCPT,Y16T74,,Porcentaje,61.48
2021,_T,ICTPST,Y16T74,,Porcentaje,45.95
2021,_T,ICTSSHT,Y16T74,,Porcentaje,44.44
2021,_T,ICTPRGM,Y16T74,,Porcentaje,5.27
2021,_T,ICTTRFF,Y16T74,,Porcentaje,60.29
2021,_T,ICTSFWR,Y16T74,,Porcentaje,64.64
2021,_T,ICTPRVCY,Y16T74,,Porcentaje,27.86
2021,_T,ICT_TOT,Y16T74,,Porcentaje,75.0
2021,_T,ICTCPT,Y16T74,Araba/Álava,Porcentaje,61.94
2021,_T,ICTPST,Y16T74,Araba/Álava,Porcentaje,46.61
2021,_T,ICTSSHT,Y16T74,Araba/Álava,Porcentaje,44.08
2021,_T,ICTPRGM,Y16T74,Araba/Álava,Porcentaje,5.7
2021,_T,ICTTRFF,Y16T74,Araba/Álava,Porcentaje,59.61
2021,_T,ICTSFWR,Y16T74,Araba/Álava,Porcentaje,65.84
2021,_T,ICTPRVCY,Y16T74,Araba/Álava,Porcentaje,26.99
2021,_T,ICT_TOT,Y16T74,Araba/Álava,Porcentaje,75.39
2021,_T,ICTCPT,Y16T74,Gipuzkoa,Porcentaje,61.02
2021,_T,ICTPST,Y16T74,Gipuzkoa,Porcentaje,45.38
2021,_T,ICTSSHT,Y16T74,Gipuzkoa,Porcentaje,44.39
2021,_T,ICTPRGM,Y16T74,Gipuzkoa,Porcentaje,5.21
2021,_T,ICTTRFF,Y16T74,Gipuzkoa,Porcentaje,60.59
2021,_T,ICTSFWR,Y16T74,Gipuzkoa,Porcentaje,64.61
2021,_T,ICTPRVCY,Y16T74,Gipuzkoa,Porcentaje,28.08
2021,_T,ICT_TOT,Y16T74,Gipuzkoa,Porcentaje,75.41
2021,_T,ICTCPT,Y16T74,Bizkaia,Porcentaje,61.63
2021,_T,ICTPST,Y16T74,Bizkaia,Porcentaje,46.11
2021,_T,ICTSSHT,Y16T74,Bizkaia,Porcentaje,44.57
2021,_T,ICTPRGM,Y16T74,Bizkaia,Porcentaje,5.17
2021,_T,ICTTRFF,Y16T74,Bizkaia,Porcentaje,60.31
2021,_T,ICTSFWR,Y16T74,Bizkaia,Porcentaje,64.32
2021,_T,ICTPRVCY,Y16T74,Bizkaia,Porcentaje,27.96
2021,_T,ICT_TOT,Y16T74,Bizkaia,Porcentaje,74.63
2021,_T,ICTCPT,Y16T24,,Porcentaje,86.58
2021,_T,ICTPST,Y16T24,,Porcentaje,82.84
2021,_T,ICTSSHT,Y16T24,,Porcentaje,67.34
2021,_T,ICTPRGM,Y16T24,,Porcentaje,14.65
2021,_T,ICTTRFF,Y16T24,,Porcentaje,85.19
2021,_T,ICTSFWR,Y16T24,,Porcentaje,88.68
2021,_T,ICTPRVCY,Y16T24,,Porcentaje,46.21
2021,_T,ICT_TOT,Y16T24,,Porcentaje,96.16
2021,_T,ICTCPT,Y16T24,Araba/Álava,Porcentaje,85.68
2021,_T,ICTPST,Y16T24,Araba/Álava,Porcentaje,77.02
2021,_T,ICTSSHT,Y16T24,Araba/Álava,Porcentaje,61.31
2021,_T,ICTPRGM,Y16T24,Araba/Álava,Porcentaje,14.49
2021,_T,ICTTRFF,Y16T24,Araba/Álava,Porcentaje,82.26
2021,_T,ICTSFWR,Y16T24,Araba/Álava,Porcentaje,89.74
2021,_T,ICTPRVCY,Y16T24,Araba/Álava,Porcentaje,40.31
2021,_T,ICT_TOT,Y16T24,Araba/Álava,Porcentaje,96.8
2021,_T,ICTCPT,Y16T24,Gipuzkoa,Porcentaje,86.08
2021,_T,ICTPST,Y16T24,Gipuzkoa,Porcentaje,84.72
2021,_T,ICTSSHT,Y16T24,Gipuzkoa,Porcentaje,74.53
2021,_T,ICTPRGM,Y16T24,Gipuzkoa,Porcentaje,14.93
2021,_T,ICTTRFF,Y16T24,Gipuzkoa,Porcentaje,86.17
2021,_T,ICTSFWR,Y16T24,Gipuzkoa,Porcentaje,90.48
2021,_T,ICTPRVCY,Y16T24,Gipuzkoa,Porcentaje,47.31
2021,_T,ICT_TOT,Y16T24,Gipuzkoa,Porcentaje,98.44
2021,_T,ICTCPT,Y16T24,Bizkaia,Porcentaje,87.2
2021,_T,ICTPST,Y16T24,Bizkaia,Porcentaje,83.32
2021,_T,ICTSSHT,Y16T24,Bizkaia,Porcentaje,64.2
2021,_T,ICTPRGM,Y16T24,Bizkaia,Porcentaje,14.51
2021,_T,ICTTRFF,Y16T24,Bizkaia,Porcentaje,85.4
2021,_T,ICTSFWR,Y16T24,Bizkaia,Porcentaje,87.12
2021,_T,ICTPRVCY,Y16T24,Bizkaia,Porcentaje,47.25
2021,_T,ICT_TOT,Y16T24,Bizkaia,Porcentaje,94.38
2021,_T,ICTCPT,Y25T74,,Porcentaje,58.11
2021,_T,ICTPST,Y25T74,,Porcentaje,41.0
2021,_T,ICTSSHT,Y25T74,,Porcentaje,41.37
2021,_T,ICTPRGM,Y25T74,,Porcentaje,4.0
2021,_T,ICTTRFF,Y25T74,,Porcentaje,56.95
2021,_T,ICTSFWR,Y25T74,,Porcentaje,61.41
2021,_T,ICTPRVCY,Y25T74,,Porcentaje,25.39
2021,_T,ICT_TOT,Y25T74,,Porcentaje,72.16
2021,_T,ICTCPT,Y25T74,Araba/Álava,Porcentaje,58.69
2021,_T,ICTPST,Y25T74,Araba/Álava,Porcentaje,42.45
2021,_T,ICTSSHT,Y25T74,Araba/Álava,Porcentaje,41.73
2021,_T,ICTPRGM,Y25T74,Araba/Álava,Porcentaje,4.5
2021,_T,ICTTRFF,Y25T74,Araba/Álava,Porcentaje,56.51
2021,_T,ICTSFWR,Y25T74,Araba/Álava,Porcentaje,62.57
2021,_T,ICTPRVCY,Y25T74,Araba/Álava,Porcentaje,25.17
2021,_T,ICT_TOT,Y25T74,Araba/Álava,Porcentaje,72.47
2021,_T,ICTCPT,Y25T74,Gipuzkoa,Porcentaje,57.39
2021,_T,ICTPST,Y25T74,Gipuzkoa,Porcentaje,39.69
2021,_T,ICTSSHT,Y25T74,Gipuzkoa,Porcentaje,40.03
2021,_T,ICTPRGM,Y25T74,Gipuzkoa,Porcentaje,3.81
2021,_T,ICTTRFF,Y25T74,Gipuzkoa,Porcentaje,56.89
2021,_T,ICTSFWR,Y25T74,Gipuzkoa,Porcentaje,60.86
2021,_T,ICTPRVCY,Y25T74,Gipuzkoa,Porcentaje,25.3
2021,_T,ICT_TOT,Y25T74,Gipuzkoa,Porcentaje,72.07
2021,_T,ICTCPT,Y25T74,Bizkaia,Porcentaje,58.38
2021,_T,ICTPST,Y25T74,Bizkaia,Porcentaje,41.38
2021,_T,ICTSSHT,Y25T74,Bizkaia,Porcentaje,42.07
2021,_T,ICTPRGM,Y25T74,Bizkaia,Porcentaje,3.98
2021,_T,ICTTRFF,Y25T74,Bizkaia,Porcentaje,57.11
2021,_T,ICTSFWR,Y25T74,Bizkaia,Porcentaje,61.42
2021,_T,ICTPRVCY,Y25T74,Bizkaia,Porcentaje,25.51
2021,_T,ICT_TOT,Y25T74,Bizkaia,Porcentaje,72.12
2021,1,ICTCPT,Y16T74,,Porcentaje,62.72
2021,1,ICTPST,Y16T74,,Porcentaje,46.84
2021,1,ICTSSHT,Y16T74,,Porcentaje,46.58
2021,1,ICTPRGM,Y16T74,,Porcentaje,7.4
2021,1,ICTTRFF,Y16T74,,Porcentaje,61.97
2021,1,ICTSFWR,Y16T74,,Porcentaje,68.05
2021,1,ICTPRVCY,Y16T74,,Porcentaje,32.22
2021,1,ICT_TOT,Y16T74,,Porcentaje,76.24
2021,1,ICTCPT,Y16T74,Araba/Álava,Porcentaje,64.32
2021,1,ICTPST,Y16T74,Araba/Álava,Porcentaje,48.29
2021,1,ICTSSHT,Y16T74,Araba/Álava,Porcentaje,44.95
2021,1,ICTPRGM,Y16T74,Araba/Álava,Porcentaje,7.7
2021,1,ICTTRFF,Y16T74,Araba/Álava,Porcentaje,62.89
2021,1,ICTSFWR,Y16T74,Araba/Álava,Porcentaje,69.67
2021,1,ICTPRVCY,Y16T74,Araba/Álava,Porcentaje,29.91
2021,1,ICT_TOT,Y16T74,Araba/Álava,Porcentaje,76.36
2021,1,ICTCPT,Y16T74,Gipuzkoa,Porcentaje,60.21
2021,1,ICTPST,Y16T74,Gipuzkoa,Porcentaje,43.74
2021,1,ICTSSHT,Y16T74,Gipuzkoa,Porcentaje,44.77
2021,1,ICTPRGM,Y16T74,Gipuzkoa,Porcentaje,7.81
2021,1,ICTTRFF,Y16T74,Gipuzkoa,Porcentaje,61.18
2021,1,ICTSFWR,Y16T74,Gipuzkoa,Porcentaje,67.13
2021,1,ICTPRVCY,Y16T74,Gipuzkoa,Porcentaje,31.0
2021,1,ICT_TOT,Y16T74,Gipuzkoa,Porcentaje,75.76
2021,1,ICTCPT,Y16T74,Bizkaia,Porcentaje,63.83
2021,1,ICTPST,Y16T74,Bizkaia,Porcentaje,48.37
2021,1,ICTSSHT,Y16T74,Bizkaia,Porcentaje,48.18
2021,1,ICTPRGM,Y16T74,Bizkaia,Porcentaje,7.05
2021,1,ICTTRFF,Y16T74,Bizkaia,Porcentaje,62.2
2021,1,ICTSFWR,Y16T74,Bizkaia,Porcentaje,68.17
2021,1,ICTPRVCY,Y16T74,Bizkaia,Porcentaje,33.67
2021,1,ICT_TOT,Y16T74,Bizkaia,Porcentaje,76.5
2021,1,ICTCPT,Y16T24,,Porcentaje,87.49
2021,1,ICTPST,Y16T24,,Porcentaje,82.55
2021,1,ICTSSHT,Y16T24,,Porcentaje,70.16
2021,1,ICTPRGM,Y16T24,,Porcentaje,17.82
2021,1,ICTTRFF,Y16T24,,Porcentaje,87.5
2021,1,ICTSFWR,Y16T24,,Porcentaje,90.82
2021,1,ICTPRVCY,Y16T24,,Porcentaje,53.26
2021,1,ICT_TOT,Y16T24,,Porcentaje,95.71
2021,1,ICTCPT,Y16T24,Araba/Álava,Porcentaje,84.98
2021,1,ICTPST,Y16T24,Araba/Álava,Porcentaje,71.4
2021,1,ICTSSHT,Y16T24,Araba/Álava,Porcentaje,60.36
2021,1,ICTPRGM,Y16T24,Araba/Álava,Porcentaje,18.8
2021,1,ICTTRFF,Y16T24,Araba/Álava,Porcentaje,80.13
2021,1,ICTSFWR,Y16T24,Araba/Álava,Porcentaje,94.25
2021,1,ICTPRVCY,Y16T24,Araba/Álava,Porcentaje,42.22
2021,1,ICT_TOT,Y16T24,Araba/Álava,Porcentaje,97.21
2021,1,ICTCPT,Y16T24,Gipuzkoa,Porcentaje,85.97
2021,1,ICTPST,Y16T24,Gipuzkoa,Porcentaje,82.42
2021,1,ICTSSHT,Y16T24,Gipuzkoa,Porcentaje,76.33
2021,1,ICTPRGM,Y16T24,Gipuzkoa,Porcentaje,20.33
2021,1,ICTTRFF,Y16T24,Gipuzkoa,Porcentaje,91.14
2021,1,ICTSFWR,Y16T24,Gipuzkoa,Porcentaje,93.67
2021,1,ICTPRVCY,Y16T24,Gipuzkoa,Porcentaje,55.51
2021,1,ICT_TOT,Y16T24,Gipuzkoa,Porcentaje,98.26
2021,1,ICTCPT,Y16T24,Bizkaia,Porcentaje,89.47
2021,1,ICTPST,Y16T24,Bizkaia,Porcentaje,86.33
2021,1,ICTSSHT,Y16T24,Bizkaia,Porcentaje,68.76
2021,1,ICTPRGM,Y16T24,Bizkaia,Porcentaje,15.6
2021,1,ICTTRFF,Y16T24,Bizkaia,Porcentaje,87.19
2021,1,ICTSFWR,Y16T24,Bizkaia,Porcentaje,87.52
2021,1,ICTPRVCY,Y16T24,Bizkaia,Porcentaje,55.21
2021,1,ICT_TOT,Y16T24,Bizkaia,Porcentaje,93.28
2021,1,ICTCPT,Y25T74,,Porcentaje,59.16
2021,1,ICTPST,Y25T74,,Porcentaje,41.72
2021,1,ICTSSHT,Y25T74,,Porcentaje,43.19
2021,1,ICTPRGM,Y25T74,,Porcentaje,5.9
2021,1,ICTTRFF,Y25T74,,Porcentaje,58.31
2021,1,ICTSFWR,Y25T74,,Porcentaje,64.79
2021,1,ICTPRVCY,Y25T74,,Porcentaje,29.21
2021,1,ICT_TOT,Y25T74,,Porcentaje,73.44
2021,1,ICTCPT,Y25T74,Araba/Álava,Porcentaje,61.18
2021,1,ICTPST,Y25T74,Araba/Álava,Porcentaje,44.79
2021,1,ICTSSHT,Y25T74,Araba/Álava,Porcentaje,42.61
2021,1,ICTPRGM,Y25T74,Araba/Álava,Porcentaje,6.01
2021,1,ICTTRFF,Y25T74,Araba/Álava,Porcentaje,60.27
2021,1,ICTSFWR,Y25T74,Araba/Álava,Porcentaje,65.94
2021,1,ICTPRVCY,Y25T74,Araba/Álava,Porcentaje,28.04
2021,1,ICT_TOT,Y25T74,Araba/Álava,Porcentaje,73.2
2021,1,ICTCPT,Y25T74,Gipuzkoa,Porcentaje,56.08
2021,1,ICTPST,Y25T74,Gipuzkoa,Porcentaje,37.52
2021,1,ICTSSHT,Y25T74,Gipuzkoa,Porcentaje,39.7
2021,1,ICTPRGM,Y25T74,Gipuzkoa,Porcentaje,5.8
2021,1,ICTTRFF,Y25T74,Gipuzkoa,Porcentaje,56.37
2021,1,ICTSFWR,Y25T74,Gipuzkoa,Porcentaje,62.86
2021,1,ICTPRVCY,Y25T74,Gipuzkoa,Porcentaje,27.05
2021,1,ICT_TOT,Y25T74,Gipuzkoa,Porcentaje,72.14
2021,1,ICTCPT,Y25T74,Bizkaia,Porcentaje,60.48
2021,1,ICTPST,Y25T74,Bizkaia,Porcentaje,43.41
2021,1,ICTSSHT,Y25T74,Bizkaia,Porcentaje,45.5
2021,1,ICTPRGM,Y25T74,Bizkaia,Porcentaje,5.93
2021,1,ICTTRFF,Y25T74,Bizkaia,Porcentaje,58.94
2021,1,ICTSFWR,Y25T74,Bizkaia,Porcentaje,65.64
2021,1,ICTPRVCY,Y25T74,Bizkaia,Porcentaje,30.86
2021,1,ICT_TOT,Y25T74,Bizkaia,Porcentaje,74.31
2021,_T,ICTCPT,Y16T74,,Porcentaje,60.25
2021,_T,ICTPST,Y16T74,,Porcentaje,45.07
2021,_T,ICTSSHT,Y16T74,,Porcentaje,42.32
2021,_T,ICTPRGM,Y16T74,,Porcentaje,3.14
2021,_T,ICTTRFF,Y16T74,,Porcentaje,58.63
2021,_T,ICTSFWR,Y16T74,,Porcentaje,61.24
2021,_T,ICTPRVCY,Y16T74,,Porcentaje,23.51
2021,_T,ICT_TOT,Y16T74,,Porcentaje,73.76
2021,_T,ICTCPT,Y16T74,Araba/Álava,Porcentaje,59.54
2021,_T,ICTPST,Y16T74,Araba/Álava,Porcentaje,44.91
2021,_T,ICTSSHT,Y16T74,Araba/Álava,Porcentaje,43.21
2021,_T,ICTPRGM,Y16T74,Araba/Álava,Porcentaje,3.69
2021,_T,ICTTRFF,Y16T74,Araba/Álava,Porcentaje,56.3
2021,_T,ICTSFWR,Y16T74,Araba/Álava,Porcentaje,61.97
2021,_T,ICTPRVCY,Y16T74,Araba/Álava,Porcentaje,24.05
2021,_T,ICT_TOT,Y16T74,Araba/Álava,Porcentaje,74.42
2021,_T,ICTCPT,Y16T74,Gipuzkoa,Porcentaje,61.84
2021,_T,ICTPST,Y16T74,Gipuzkoa,Porcentaje,47.05
2021,_T,ICTSSHT,Y16T74,Gipuzkoa,Porcentaje,44.01
2021,_T,ICTPRGM,Y16T74,Gipuzkoa,Porcentaje,2.57
2021,_T,ICTTRFF,Y16T74,Gipuzkoa,Porcentaje,59.99
2021,_T,ICTSFWR,Y16T74,Gipuzkoa,Porcentaje,62.05
2021,_T,ICTPRVCY,Y16T74,Gipuzkoa,Porcentaje,25.12
2021,_T,ICT_TOT,Y16T74,Gipuzkoa,Porcentaje,75.04
2021,_T,ICTCPT,Y16T74,Bizkaia,Porcentaje,59.48
2021,_T,ICTPST,Y16T74,Bizkaia,Porcentaje,43.91
2021,_T,ICTSSHT,Y16T74,Bizkaia,Porcentaje,41.04
2021,_T,ICTPRGM,Y16T74,Bizkaia,Porcentaje,3.34
2021,_T,ICTTRFF,Y16T74,Bizkaia,Porcentaje,58.45
2021,_T,ICTSFWR,Y16T74,Bizkaia,Porcentaje,60.56
2021,_T,ICTPRVCY,Y16T74,Bizkaia,Porcentaje,22.38
2021,_T,ICT_TOT,Y16T74,Bizkaia,Porcentaje,72.8
2021,_T,ICTCPT,Y16T24,,Porcentaje,85.56
2021,_T,ICTPST,Y16T24,,Porcentaje,83.18
2021,_T,ICTSSHT,Y16T24,,Porcentaje,64.17
2021,_T,ICTPRGM,Y16T24,,Porcentaje,11.1
2021,_T,ICTTRFF,Y16T24,,Porcentaje,82.59
2021,_T,ICTSFWR,Y16T24,,Porcentaje,86.29
2021,_T,ICTPRVCY,Y16T24,,Porcentaje,38.31
2021,_T,ICT_TOT,Y16T24,,Porcentaje,96.66
2021,_T,ICTCPT,Y16T24,Araba/Álava,Porcentaje,86.52
2021,_T,ICTPST,Y16T24,Araba/Álava,Porcentaje,83.9
2021,_T,ICTSSHT,Y16T24,Araba/Álava,Porcentaje,62.48
2021,_T,ICTPRGM,Y16T24,Araba/Álava,Porcentaje,9.22
2021,_T,ICTTRFF,Y16T24,Araba/Álava,Porcentaje,84.87
2021,_T,ICTSFWR,Y16T24,Araba/Álava,Porcentaje,84.23
2021,_T,ICTPRVCY,Y16T24,Araba/Álava,Porcentaje,37.98
2021,_T,ICT_TOT,Y16T24,Araba/Álava,Porcentaje,96.29
2021,_T,ICTCPT,Y16T24,Gipuzkoa,Porcentaje,86.21
2021,_T,ICTPST,Y16T24,Gipuzkoa,Porcentaje,87.54
2021,_T,ICTSSHT,Y16T24,Gipuzkoa,Porcentaje,72.32
2021,_T,ICTPRGM,Y16T24,Gipuzkoa,Porcentaje,8.26
2021,_T,ICTTRFF,Y16T24,Gipuzkoa,Porcentaje,80.03
2021,_T,ICTSFWR,Y16T24,Gipuzkoa,Porcentaje,86.55
2021,_T,ICTPRVCY,Y16T24,Gipuzkoa,Porcentaje,37.19
2021,_T,ICT_TOT,Y16T24,Gipuzkoa,Porcentaje,98.66
2021,_T,ICTCPT,Y16T24,Bizkaia,Porcentaje,84.89
2021,_T,ICTPST,Y16T24,Bizkaia,Porcentaje,80.24
2021,_T,ICTSSHT,Y16T24,Bizkaia,Porcentaje,59.54
2021,_T,ICTPRGM,Y16T24,Bizkaia,Porcentaje,13.4
2021,_T,ICTTRFF,Y16T24,Bizkaia,Porcentaje,83.57
2021,_T,ICTSFWR,Y16T24,Bizkaia,Porcentaje,86.71
2021,_T,ICTPRVCY,Y16T24,Bizkaia,Porcentaje,39.11
2021,_T,ICT_TOT,Y16T24,Bizkaia,Porcentaje,95.51
2021,_T,ICTCPT,Y25T74,,Porcentaje,57.08
2021,_T,ICTPST,Y25T74,,Porcentaje,40.29
2021,_T,ICTSSHT,Y25T74,,Porcentaje,39.58
2021,_T,ICTPRGM,Y25T74,,Porcentaje,2.15
2021,_T,ICTTRFF,Y25T74,,Porcentaje,55.62
2021,_T,ICTSFWR,Y25T74,,Porcentaje,58.11
2021,_T,ICTPRVCY,Y25T74,,Porcentaje,21.65
2021,_T,ICT_TOT,Y25T74,,Porcentaje,70.9
2021,_T,ICTCPT,Y25T74,Araba/Álava,Porcentaje,56.25
2021,_T,ICTPST,Y25T74,Araba/Álava,Porcentaje,40.16
2021,_T,ICTSSHT,Y25T74,Araba/Álava,Porcentaje,40.86
2021,_T,ICTPRGM,Y25T74,Araba/Álava,Porcentaje,3.01
2021,_T,ICTTRFF,Y25T74,Araba/Álava,Porcentaje,52.82
2021,_T,ICTSFWR,Y25T74,Araba/Álava,Porcentaje,59.26
2021,_T,ICTPRVCY,Y25T74,Araba/Álava,Porcentaje,22.35
2021,_T,ICT_TOT,Y25T74,Araba/Álava,Porcentaje,71.75
2021,_T,ICTCPT,Y25T74,Gipuzkoa,Porcentaje,58.7
2021,_T,ICTPST,Y25T74,Gipuzkoa,Porcentaje,41.83
2021,_T,ICTSSHT,Y25T74,Gipuzkoa,Porcentaje,40.36
2021,_T,ICTPRGM,Y25T74,Gipuzkoa,Porcentaje,1.84
2021,_T,ICTTRFF,Y25T74,Gipuzkoa,Porcentaje,57.41
2021,_T,ICTSFWR,Y25T74,Gipuzkoa,Porcentaje,58.89
2021,_T,ICTPRVCY,Y25T74,Gipuzkoa,Porcentaje,23.57
2021,_T,ICT_TOT,Y25T74,Gipuzkoa,Porcentaje,72.0
2021,_T,ICTCPT,Y25T74,Bizkaia,Porcentaje,56.33
2021,_T,ICTPST,Y25T74,Bizkaia,Porcentaje,39.4
2021,_T,ICTSSHT,Y25T74,Bizkaia,Porcentaje,38.74
2021,_T,ICTPRGM,Y25T74,Bizkaia,Porcentaje,2.09
2021,_T,ICTTRFF,Y25T74,Bizkaia,Porcentaje,55.33
2021,_T,ICTSFWR,Y25T74,Bizkaia,Porcentaje,57.31
2021,_T,ICTPRVCY,Y25T74,Bizkaia,Porcentaje,20.3
2021,_T,ICT_TOT,Y25T74,Bizkaia,Porcentaje,69.98
2022,_T,ICTCPT,Y16T74,,Porcentaje,57.2
2022,_T,ICTPST,Y16T74,,Porcentaje,42.31
2022,_T,ICTSSHT,Y16T74,,Porcentaje,42.23
2022,_T,ICTPRGM,Y16T74,,Porcentaje,5.26
2022,_T,ICTTRFF,Y16T74,,Porcentaje,52.11
2022,_T,ICTSFWR,Y16T74,,Porcentaje,54.02
2022,_T,ICTPRVCY,Y16T74,,Porcentaje,23.02
2022,_T,ICT_TOT,Y16T74,,Porcentaje,68.79
2022,_T,ICTCPT,Y16T74,Araba/Álava,Porcentaje,56.74
2022,_T,ICTPST,Y16T74,Araba/Álava,Porcentaje,43.54
2022,_T,ICTSSHT,Y16T74,Araba/Álava,Porcentaje,44.9
2022,_T,ICTPRGM,Y16T74,Araba/Álava,Porcentaje,4.73
2022,_T,ICTTRFF,Y16T74,Araba/Álava,Porcentaje,52.54
2022,_T,ICTSFWR,Y16T74,Araba/Álava,Porcentaje,53.04
2022,_T,ICTPRVCY,Y16T74,Araba/Álava,Porcentaje,23.59
2022,_T,ICT_TOT,Y16T74,Araba/Álava,Porcentaje,68.32
2022,_T,ICTCPT,Y16T74,Gipuzkoa,Porcentaje,58.29
2022,_T,ICTPST,Y16T74,Gipuzkoa,Porcentaje,42.32
2022,_T,ICTSSHT,Y16T74,Gipuzkoa,Porcentaje,43.22
2022,_T,ICTPRGM,Y16T74,Gipuzkoa,Porcentaje,5.69
2022,_T,ICTTRFF,Y16T74,Gipuzkoa,Porcentaje,51.64
2022,_T,ICTSFWR,Y16T74,Gipuzkoa,Porcentaje,53.61
2022,_T,ICTPRVCY,Y16T74,Gipuzkoa,Porcentaje,23.66
2022,_T,ICT_TOT,Y16T74,Gipuzkoa,Porcentaje,69.41
2022,_T,ICTCPT,Y16T74,Bizkaia,Porcentaje,56.66
2022,_T,ICTPST,Y16T74,Bizkaia,Porcentaje,41.94
2022,_T,ICTSSHT,Y16T74,Bizkaia,Porcentaje,40.86
2022,_T,ICTPRGM,Y16T74,Bizkaia,Porcentaje,5.14
2022,_T,ICTTRFF,Y16T74,Bizkaia,Porcentaje,52.27
2022,_T,ICTSFWR,Y16T74,Bizkaia,Porcentaje,54.54
2022,_T,ICTPRVCY,Y16T74,Bizkaia,Porcentaje,22.47
2022,_T,ICT_TOT,Y16T74,Bizkaia,Porcentaje,68.54
2022,_T,ICTCPT,Y16T24,,Porcentaje,87.44
2022,_T,ICTPST,Y16T24,,Porcentaje,81.29
2022,_T,ICTSSHT,Y16T24,,Porcentaje,68.34
2022,_T,ICTPRGM,Y16T24,,Porcentaje,11.04
2022,_T,ICTTRFF,Y16T24,,Porcentaje,78.1
2022,_T,ICTSFWR,Y16T24,,Porcentaje,81.06
2022,_T,ICTPRVCY,Y16T24,,Porcentaje,36.68
2022,_T,ICT_TOT,Y16T24,,Porcentaje,95.52
2022,_T,ICTCPT,Y16T24,Araba/Álava,Porcentaje,82.61
2022,_T,ICTPST,Y16T24,Araba/Álava,Porcentaje,83.68
2022,_T,ICTSSHT,Y16T24,Araba/Álava,Porcentaje,74.63
2022,_T,ICTPRGM,Y16T24,Araba/Álava,Porcentaje,11.05
2022,_T,ICTTRFF,Y16T24,Araba/Álava,Porcentaje,81.74
2022,_T,ICTSFWR,Y16T24,Araba/Álava,Porcentaje,79.48
2022,_T,ICTPRVCY,Y16T24,Araba/Álava,Porcentaje,40.3
2022,_T,ICT_TOT,Y16T24,Araba/Álava,Porcentaje,94.58
2022,_T,ICTCPT,Y16T24,Gipuzkoa,Porcentaje,88.44
2022,_T,ICTPST,Y16T24,Gipuzkoa,Porcentaje,78.19
2022,_T,ICTSSHT,Y16T24,Gipuzkoa,Porcentaje,64.64
2022,_T,ICTPRGM,Y16T24,Gipuzkoa,Porcentaje,10.53
2022,_T,ICTTRFF,Y16T24,Gipuzkoa,Porcentaje,78.88
2022,_T,ICTSFWR,Y16T24,Gipuzkoa,Porcentaje,80.0
2022,_T,ICTPRVCY,Y16T24,Gipuzkoa,Porcentaje,35.6
2022,_T,ICT_TOT,Y16T24,Gipuzkoa,Porcentaje,96.1
2022,_T,ICTCPT,Y16T24,Bizkaia,Porcentaje,88.08
2022,_T,ICTPST,Y16T24,Bizkaia,Porcentaje,82.68
2022,_T,ICTSSHT,Y16T24,Bizkaia,Porcentaje,69.09
2022,_T,ICTPRGM,Y16T24,Bizkaia,Porcentaje,11.36
2022,_T,ICTTRFF,Y16T24,Bizkaia,Porcentaje,76.61
2022,_T,ICTSFWR,Y16T24,Bizkaia,Porcentaje,82.17
2022,_T,ICTPRVCY,Y16T24,Bizkaia,Porcentaje,36.42
2022,_T,ICT_TOT,Y16T24,Bizkaia,Porcentaje,95.39
2022,_T,ICTCPT,Y25T74,,Porcentaje,53.21
2022,_T,ICTPST,Y25T74,,Porcentaje,37.16
2022,_T,ICTSSHT,Y25T74,,Porcentaje,38.78
2022,_T,ICTPRGM,Y25T74,,Porcentaje,4.49
2022,_T,ICTTRFF,Y25T74,,Porcentaje,48.68
2022,_T,ICTSFWR,Y25T74,,Porcentaje,50.45
2022,_T,ICTPRVCY,Y25T74,,Porcentaje,21.22
2022,_T,ICT_TOT,Y25T74,,Porcentaje,65.26
2022,_T,ICTCPT,Y25T74,Araba/Álava,Porcentaje,53.65
2022,_T,ICTPST,Y25T74,Araba/Álava,Porcentaje,38.74
2022,_T,ICTSSHT,Y25T74,Araba/Álava,Porcentaje,41.35
2022,_T,ICTPRGM,Y25T74,Araba/Álava,Porcentaje,3.98
2022,_T,ICTTRFF,Y25T74,Araba/Álava,Porcentaje,49.05
2022,_T,ICTSFWR,Y25T74,Araba/Álava,Porcentaje,49.88
2022,_T,ICTPRVCY,Y25T74,Araba/Álava,Porcentaje,21.59
2022,_T,ICT_TOT,Y25T74,Araba/Álava,Porcentaje,65.18
2022,_T,ICTCPT,Y25T74,Gipuzkoa,Porcentaje,54.06
2022,_T,ICTPST,Y25T74,Gipuzkoa,Porcentaje,37.28
2022,_T,ICTSSHT,Y25T74,Gipuzkoa,Porcentaje,40.21
2022,_T,ICTPRGM,Y25T74,Gipuzkoa,Porcentaje,5.01
2022,_T,ICTTRFF,Y25T74,Gipuzkoa,Porcentaje,47.82
2022,_T,ICTSFWR,Y25T74,Gipuzkoa,Porcentaje,49.91
2022,_T,ICTPRVCY,Y25T74,Gipuzkoa,Porcentaje,21.98
2022,_T,ICT_TOT,Y25T74,Gipuzkoa,Porcentaje,65.66
2022,_T,ICTCPT,Y25T74,Bizkaia,Porcentaje,52.56
2022,_T,ICTPST,Y25T74,Bizkaia,Porcentaje,36.63
2022,_T,ICTSSHT,Y25T74,Bizkaia,Porcentaje,37.17
2022,_T,ICTPRGM,Y25T74,Bizkaia,Porcentaje,4.33
2022,_T,ICTTRFF,Y25T74,Bizkaia,Porcentaje,49.1
2022,_T,ICTSFWR,Y25T74,Bizkaia,Porcentaje,50.94
2022,_T,ICTPRVCY,Y25T74,Bizkaia,Porcentaje,20.65
2022,_T,ICT_TOT,Y25T74,Bizkaia,Porcentaje,65.03
2022,1,ICTCPT,Y16T74,,Porcentaje,57.94
2022,1,ICTPST,Y16T74,,Porcentaje,41.65
2022,1,ICTSSHT,Y16T74,,Porcentaje,43.44
2022,1,ICTPRGM,Y16T74,,Porcentaje,7.25
2022,1,ICTTRFF,Y16T74,,Porcentaje,53.2
2022,1,ICTSFWR,Y16T74,,Porcentaje,56.24
2022,1,ICTPRVCY,Y16T74,,Porcentaje,26.75
2022,1,ICT_TOT,Y16T74,,Porcentaje,69.4
2022,1,ICTCPT,Y16T74,Araba/Álava,Porcentaje,55.89
2022,1,ICTPST,Y16T74,Araba/Álava,Porcentaje,42.74
2022,1,ICTSSHT,Y16T74,Araba/Álava,Porcentaje,45.95
2022,1,ICTPRGM,Y16T74,Araba/Álava,Porcentaje,6.49
2022,1,ICTTRFF,Y16T74,Araba/Álava,Porcentaje,52.16
2022,1,ICTSFWR,Y16T74,Araba/Álava,Porcentaje,55.98
2022,1,ICTPRVCY,Y16T74,Araba/Álava,Porcentaje,28.03
2022,1,ICT_TOT,Y16T74,Araba/Álava,Porcentaje,68.86
2022,1,ICTCPT,Y16T74,Gipuzkoa,Porcentaje,58.68
2022,1,ICTPST,Y16T74,Gipuzkoa,Porcentaje,40.93
2022,1,ICTSSHT,Y16T74,Gipuzkoa,Porcentaje,43.05
2022,1,ICTPRGM,Y16T74,Gipuzkoa,Porcentaje,8.57
2022,1,ICTTRFF,Y16T74,Gipuzkoa,Porcentaje,52.06
2022,1,ICTSFWR,Y16T74,Gipuzkoa,Porcentaje,55.07
2022,1,ICTPRVCY,Y16T74,Gipuzkoa,Porcentaje,26.07
2022,1,ICT_TOT,Y16T74,Gipuzkoa,Porcentaje,68.84
2022,1,ICTCPT,Y16T74,Bizkaia,Porcentaje,58.08
2022,1,ICTPST,Y16T74,Bizkaia,Porcentaje,41.79
2022,1,ICTSSHT,Y16T74,Bizkaia,Porcentaje,42.95
2022,1,ICTPRGM,Y16T74,Bizkaia,Porcentaje,6.64
2022,1,ICTTRFF,Y16T74,Bizkaia,Porcentaje,54.22
2022,1,ICTSFWR,Y16T74,Bizkaia,Porcentaje,57.05
2022,1,ICTPRVCY,Y16T74,Bizkaia,Porcentaje,26.8
2022,1,ICT_TOT,Y16T74,Bizkaia,Porcentaje,69.91
2022,1,ICTCPT,Y16T24,,Porcentaje,85.38
2022,1,ICTPST,Y16T24,,Porcentaje,77.02
2022,1,ICTSSHT,Y16T24,,Porcentaje,67.98
2022,1,ICTPRGM,Y16T24,,Porcentaje,12.88
2022,1,ICTTRFF,Y16T24,,Porcentaje,75.19
2022,1,ICTSFWR,Y16T24,,Porcentaje,83.51
2022,1,ICTPRVCY,Y16T24,,Porcentaje,39.99
2022,1,ICT_TOT,Y16T24,,Porcentaje,93.54
2022,1,ICTCPT,Y16T24,Araba/Álava,Porcentaje,73.96
2022,1,ICTPST,Y16T24,Araba/Álava,Porcentaje,73.54
2022,1,ICTSSHT,Y16T24,Araba/Álava,Porcentaje,76.98
2022,1,ICTPRGM,Y16T24,Araba/Álava,Porcentaje,17.3
2022,1,ICTTRFF,Y16T24,Araba/Álava,Porcentaje,77.94
2022,1,ICTSFWR,Y16T24,Araba/Álava,Porcentaje,76.66
2022,1,ICTPRVCY,Y16T24,Araba/Álava,Porcentaje,42.88
2022,1,ICT_TOT,Y16T24,Araba/Álava,Porcentaje,92.71
2022,1,ICTCPT,Y16T24,Gipuzkoa,Porcentaje,89.39
2022,1,ICTPST,Y16T24,Gipuzkoa,Porcentaje,72.35
2022,1,ICTSSHT,Y16T24,Gipuzkoa,Porcentaje,63.16
2022,1,ICTPRGM,Y16T24,Gipuzkoa,Porcentaje,16.01
2022,1,ICTTRFF,Y16T24,Gipuzkoa,Porcentaje,78.83
2022,1,ICTSFWR,Y16T24,Gipuzkoa,Porcentaje,85.47
2022,1,ICTPRVCY,Y16T24,Gipuzkoa,Porcentaje,33.21
2022,1,ICT_TOT,Y16T24,Gipuzkoa,Porcentaje,96.4
2022,1,ICTCPT,Y16T24,Bizkaia,Porcentaje,85.75
2022,1,ICTPST,Y16T24,Bizkaia,Porcentaje,81.08
2022,1,ICTSSHT,Y16T24,Bizkaia,Porcentaje,68.79
2022,1,ICTPRGM,Y16T24,Bizkaia,Porcentaje,9.61
2022,1,ICTTRFF,Y16T24,Bizkaia,Porcentaje,72.02
2022,1,ICTSFWR,Y16T24,Bizkaia,Porcentaje,84.03
2022,1,ICTPRVCY,Y16T24,Bizkaia,Porcentaje,43.76
2022,1,ICT_TOT,Y16T24,Bizkaia,Porcentaje,91.84
2022,1,ICTCPT,Y25T74,,Porcentaje,54.17
2022,1,ICTPST,Y25T74,,Porcentaje,36.79
2022,1,ICTSSHT,Y25T74,,Porcentaje,40.07
2022,1,ICTPRGM,Y25T74,,Porcentaje,6.47
2022,1,ICTTRFF,Y25T74,,Porcentaje,50.17
2022,1,ICTSFWR,Y25T74,,Porcentaje,52.49
2022,1,ICTPRVCY,Y25T74,,Porcentaje,24.92
2022,1,ICT_TOT,Y25T74,,Porcentaje,66.08
2022,1,ICTCPT,Y25T74,Araba/Álava,Porcentaje,53.67
2022,1,ICTPST,Y25T74,Araba/Álava,Porcentaje,38.95
2022,1,ICTSSHT,Y25T74,Araba/Álava,Porcentaje,42.14
2022,1,ICTPRGM,Y25T74,Araba/Álava,Porcentaje,5.16
2022,1,ICTTRFF,Y25T74,Araba/Álava,Porcentaje,48.99
2022,1,ICTSFWR,Y25T74,Araba/Álava,Porcentaje,53.44
2022,1,ICTPRVCY,Y25T74,Araba/Álava,Porcentaje,26.21
2022,1,ICT_TOT,Y25T74,Araba/Álava,Porcentaje,65.93
2022,1,ICTCPT,Y25T74,Gipuzkoa,Porcentaje,54.18
2022,1,ICTPST,Y25T74,Gipuzkoa,Porcentaje,36.33
2022,1,ICTSSHT,Y25T74,Gipuzkoa,Porcentaje,40.1
2022,1,ICTPRGM,Y25T74,Gipuzkoa,Porcentaje,7.48
2022,1,ICTTRFF,Y25T74,Gipuzkoa,Porcentaje,48.14
2022,1,ICTSFWR,Y25T74,Gipuzkoa,Porcentaje,50.62
2022,1,ICTPRVCY,Y25T74,Gipuzkoa,Porcentaje,25.02
2022,1,ICT_TOT,Y25T74,Gipuzkoa,Porcentaje,64.8
2022,1,ICTCPT,Y25T74,Bizkaia,Porcentaje,54.3
2022,1,ICTPST,Y25T74,Bizkaia,Porcentaje,36.43
2022,1,ICTSSHT,Y25T74,Bizkaia,Porcentaje,39.43
2022,1,ICTPRGM,Y25T74,Bizkaia,Porcentaje,6.23
2022,1,ICTTRFF,Y25T74,Bizkaia,Porcentaje,51.79
2022,1,ICTSFWR,Y25T74,Bizkaia,Porcentaje,53.37
2022,1,ICTPRVCY,Y25T74,Bizkaia,Porcentaje,24.49
2022,1,ICT_TOT,Y25T74,Bizkaia,Porcentaje,66.92
2022,_T,ICTCPT,Y16T74,,Porcentaje,56.49
2022,_T,ICTPST,Y16T74,,Porcentaje,42.93
2022,_T,ICTSSHT,Y16T74,,Porcentaje,41.07
2022,_T,ICTPRGM,Y16T74,,Porcentaje,3.35
2022,_T,ICTTRFF,Y16T74,,Porcentaje,51.07
2022,_T,ICTSFWR,Y16T74,,Porcentaje,51.89
2022,_T,ICTPRVCY,Y16T74,,Porcentaje,19.46
2022,_T,ICT_TOT,Y16T74,,Porcentaje,68.2
2022,_T,ICTCPT,Y16T74,Araba/Álava,Porcentaje,57.56
2022,_T,ICTPST,Y16T74,Araba/Álava,Porcentaje,44.31
2022,_T,ICTSSHT,Y16T74,Araba/Álava,Porcentaje,43.88
2022,_T,ICTPRGM,Y16T74,Araba/Álava,Porcentaje,3.03
2022,_T,ICTTRFF,Y16T74,Araba/Álava,Porcentaje,52.9
2022,_T,ICTSFWR,Y16T74,Araba/Álava,Porcentaje,50.18
2022,_T,ICTPRVCY,Y16T74,Araba/Álava,Porcentaje,19.28
2022,_T,ICT_TOT,Y16T74,Araba/Álava,Porcentaje,67.8
2022,_T,ICTCPT,Y16T74,Gipuzkoa,Porcentaje,57.91
2022,_T,ICTPST,Y16T74,Gipuzkoa,Porcentaje,43.69
2022,_T,ICTSSHT,Y16T74,Gipuzkoa,Porcentaje,43.39
2022,_T,ICTPRGM,Y16T74,Gipuzkoa,Porcentaje,2.84
2022,_T,ICTTRFF,Y16T74,Gipuzkoa,Porcentaje,51.23
2022,_T,ICTSFWR,Y16T74,Gipuzkoa,Porcentaje,52.17
2022,_T,ICTPRVCY,Y16T74,Gipuzkoa,Porcentaje,21.28
2022,_T,ICT_TOT,Y16T74,Gipuzkoa,Porcentaje,69.97
2022,_T,ICTCPT,Y16T74,Bizkaia,Porcentaje,55.34
2022,_T,ICTPST,Y16T74,Bizkaia,Porcentaje,42.08
2022,_T,ICTSSHT,Y16T74,Bizkaia,Porcentaje,38.9
2022,_T,ICTPRGM,Y16T74,Bizkaia,Porcentaje,3.74
2022,_T,ICTTRFF,Y16T74,Bizkaia,Porcentaje,50.45
2022,_T,ICTSFWR,Y16T74,Bizkaia,Porcentaje,52.2
2022,_T,ICTPRVCY,Y16T74,Bizkaia,Porcentaje,18.43
2022,_T,ICT_TOT,Y16T74,Bizkaia,Porcentaje,67.26
2022,_T,ICTCPT,Y16T24,,Porcentaje,89.57
2022,_T,ICTPST,Y16T24,,Porcentaje,85.68
2022,_T,ICTSSHT,Y16T24,,Porcentaje,68.72
2022,_T,ICTPRGM,Y16T24,,Porcentaje,9.13
2022,_T,ICTTRFF,Y16T24,,Porcentaje,81.09
2022,_T,ICTSFWR,Y16T24,,Porcentaje,78.54
2022,_T,ICTPRVCY,Y16T24,,Porcentaje,33.27
2022,_T,ICT_TOT,Y16T24,,Porcentaje,97.55
2022,_T,ICTCPT,Y16T24,Araba/Álava,Porcentaje,91.43
2022,_T,ICTPST,Y16T24,Araba/Álava,Porcentaje,94.03
2022,_T,ICTSSHT,Y16T24,Araba/Álava,Porcentaje,72.24
2022,_T,ICTPRGM,Y16T24,Araba/Álava,Porcentaje,4.68
2022,_T,ICTTRFF,Y16T24,Araba/Álava,Porcentaje,85.62
2022,_T,ICTSFWR,Y16T24,Araba/Álava,Porcentaje,82.37
2022,_T,ICTPRVCY,Y16T24,Araba/Álava,Porcentaje,37.67
2022,_T,ICT_TOT,Y16T24,Araba/Álava,Porcentaje,96.48
2022,_T,ICTCPT,Y16T24,Gipuzkoa,Porcentaje,87.43
2022,_T,ICTPST,Y16T24,Gipuzkoa,Porcentaje,84.41
2022,_T,ICTSSHT,Y16T24,Gipuzkoa,Porcentaje,66.21
2022,_T,ICTPRGM,Y16T24,Gipuzkoa,Porcentaje,4.69
2022,_T,ICTTRFF,Y16T24,Gipuzkoa,Porcentaje,78.94
2022,_T,ICTSFWR,Y16T24,Gipuzkoa,Porcentaje,74.19
2022,_T,ICTPRVCY,Y16T24,Gipuzkoa,Porcentaje,38.14
2022,_T,ICT_TOT,Y16T24,Gipuzkoa,Porcentaje,95.77
2022,_T,ICTCPT,Y16T24,Bizkaia,Porcentaje,90.43
2022,_T,ICTPST,Y16T24,Bizkaia,Porcentaje,84.29
2022,_T,ICTSSHT,Y16T24,Bizkaia,Porcentaje,69.38
2022,_T,ICTPRGM,Y16T24,Bizkaia,Porcentaje,13.13
2022,_T,ICTTRFF,Y16T24,Bizkaia,Porcentaje,81.25
2022,_T,ICTSFWR,Y16T24,Bizkaia,Porcentaje,80.29
2022,_T,ICTPRVCY,Y16T24,Bizkaia,Porcentaje,29.02
2022,_T,ICT_TOT,Y16T24,Bizkaia,Porcentaje,98.96
2022,_T,ICTCPT,Y25T74,,Porcentaje,52.3
2022,_T,ICTPST,Y25T74,,Porcentaje,37.51
2022,_T,ICTSSHT,Y25T74,,Porcentaje,37.57
2022,_T,ICTPRGM,Y25T74,,Porcentaje,2.62
2022,_T,ICTTRFF,Y25T74,,Porcentaje,47.26
2022,_T,ICTSFWR,Y25T74,,Porcentaje,48.51
2022,_T,ICTPRVCY,Y25T74,,Porcentaje,17.71
2022,_T,ICT_TOT,Y25T74,,Porcentaje,64.48
2022,_T,ICTCPT,Y25T74,Araba/Álava,Porcentaje,53.63
2022,_T,ICTPST,Y25T74,Araba/Álava,Porcentaje,38.54
2022,_T,ICTSSHT,Y25T74,Araba/Álava,Porcentaje,40.58
2022,_T,ICTPRGM,Y25T74,Araba/Álava,Porcentaje,2.84
2022,_T,ICTTRFF,Y25T74,Araba/Álava,Porcentaje,49.1
2022,_T,ICTSFWR,Y25T74,Araba/Álava,Porcentaje,46.44
2022,_T,ICTPRVCY,Y25T74,Araba/Álava,Porcentaje,17.14
2022,_T,ICT_TOT,Y25T74,Araba/Álava,Porcentaje,64.47
2022,_T,ICTCPT,Y25T74,Gipuzkoa,Porcentaje,53.94
2022,_T,ICTPST,Y25T74,Gipuzkoa,Porcentaje,38.22
2022,_T,ICTSSHT,Y25T74,Gipuzkoa,Porcentaje,40.32
2022,_T,ICTPRGM,Y25T74,Gipuzkoa,Porcentaje,2.59
2022,_T,ICTTRFF,Y25T74,Gipuzkoa,Porcentaje,47.5
2022,_T,ICTSFWR,Y25T74,Gipuzkoa,Porcentaje,49.21
2022,_T,ICTPRVCY,Y25T74,Gipuzkoa,Porcentaje,19.01
2022,_T,ICT_TOT,Y25T74,Gipuzkoa,Porcentaje,66.5
2022,_T,ICTCPT,Y25T74,Bizkaia,Porcentaje,50.95
2022,_T,ICTPST,Y25T74,Bizkaia,Porcentaje,36.8
2022,_T,ICTSSHT,Y25T74,Bizkaia,Porcentaje,35.08
2022,_T,ICTPRGM,Y25T74,Bizkaia,Porcentaje,2.57
2022,_T,ICTTRFF,Y25T74,Bizkaia,Porcentaje,46.6
2022,_T,ICTSFWR,Y25T74,Bizkaia,Porcentaje,48.69
2022,_T,ICTPRVCY,Y25T74,Bizkaia,Porcentaje,17.11
2022,_T,ICT_TOT,Y25T74,Bizkaia,Porcentaje,63.29
2023,_T,ICTCPT,Y16T74,,Porcentaje,56.25
2023,_T,ICTPST,Y16T74,,Porcentaje,41.06
2023,_T,ICTSSHT,Y16T74,,Porcentaje,41.85
2023,_T,ICTPRGM,Y16T74,,Porcentaje,6.23
2023,_T,ICTTRFF,Y16T74,,Porcentaje,49.97
2023,_T,ICTSFWR,Y16T74,,Porcentaje,51.59
2023,_T,ICTPRVCY,Y16T74,,Porcentaje,33.43
2023,_T,ICT_TOT,Y16T74,,Porcentaje,71.49
2023,_T,ICTCPT,Y16T74,Araba/Álava,Porcentaje,54.82
2023,_T,ICTPST,Y16T74,Araba/Álava,Porcentaje,38.38
2023,_T,ICTSSHT,Y16T74,Araba/Álava,Porcentaje,37.35
2023,_T,ICTPRGM,Y16T74,Araba/Álava,Porcentaje,4.26
2023,_T,ICTTRFF,Y16T74,Araba/Álava,Porcentaje,46.04
2023,_T,ICTSFWR,Y16T74,Araba/Álava,Porcentaje,52.49
2023,_T,ICTPRVCY,Y16T74,Araba/Álava,Porcentaje,31.66
2023,_T,ICT_TOT,Y16T74,Araba/Álava,Porcentaje,71.3
2023,_T,ICTCPT,Y16T74,Gipuzkoa,Porcentaje,57.26
2023,_T,ICTPST,Y16T74,Gipuzkoa,Porcentaje,42.92
2023,_T,ICTSSHT,Y16T74,Gipuzkoa,Porcentaje,44.42
2023,_T,ICTPRGM,Y16T74,Gipuzkoa,Porcentaje,6.12
2023,_T,ICTTRFF,Y16T74,Gipuzkoa,Porcentaje,50.82
2023,_T,ICTSFWR,Y16T74,Gipuzkoa,Porcentaje,50.67
2023,_T,ICTPRVCY,Y16T74,Gipuzkoa,Porcentaje,32.69
2023,_T,ICT_TOT,Y16T74,Gipuzkoa,Porcentaje,71.95
2023,_T,ICTCPT,Y16T74,Bizkaia,Porcentaje,56.04
2023,_T,ICTPST,Y16T74,Bizkaia,Porcentaje,40.68
2023,_T,ICTSSHT,Y16T74,Bizkaia,Porcentaje,41.54
2023,_T,ICTPRGM,Y16T74,Bizkaia,Porcentaje,6.86
2023,_T,ICTTRFF,Y16T74,Bizkaia,Porcentaje,50.57
2023,_T,ICTSFWR,Y16T74,Bizkaia,Porcentaje,51.9
2023,_T,ICTPRVCY,Y16T74,Bizkaia,Porcentaje,34.41
2023,_T,ICT_TOT,Y16T74,Bizkaia,Porcentaje,71.26
2023,_T,ICTCPT,Y16T24,,Porcentaje,89.14
2023,_T,ICTPST,Y16T24,,Porcentaje,83.54
2023,_T,ICTSSHT,Y16T24,,Porcentaje,63.58
2023,_T,ICTPRGM,Y16T24,,Porcentaje,16.58
2023,_T,ICTTRFF,Y16T24,,Porcentaje,77.6
2023,_T,ICTSFWR,Y16T24,,Porcentaje,76.57
2023,_T,ICTPRVCY,Y16T24,,Porcentaje,45.54
2023,_T,ICT_TOT,Y16T24,,Porcentaje,95.87
2023,_T,ICTCPT,Y16T24,Araba/Álava,Porcentaje,94.85
2023,_T,ICTPST,Y16T24,Araba/Álava,Porcentaje,83.61
2023,_T,ICTSSHT,Y16T24,Araba/Álava,Porcentaje,57.79
2023,_T,ICTPRGM,Y16T24,Araba/Álava,Porcentaje,14.41
2023,_T,ICTTRFF,Y16T24,Araba/Álava,Porcentaje,83.91
2023,_T,ICTSFWR,Y16T24,Araba/Álava,Porcentaje,72.3
2023,_T,ICTPRVCY,Y16T24,Araba/Álava,Porcentaje,39.35
2023,_T,ICT_TOT,Y16T24,Araba/Álava,Porcentaje,99.48
2023,_T,ICTCPT,Y16T24,Gipuzkoa,Porcentaje,89.53
2023,_T,ICTPST,Y16T24,Gipuzkoa,Porcentaje,85.71
2023,_T,ICTSSHT,Y16T24,Gipuzkoa,Porcentaje,70.09
2023,_T,ICTPRGM,Y16T24,Gipuzkoa,Porcentaje,12.47
2023,_T,ICTTRFF,Y16T24,Gipuzkoa,Porcentaje,76.4
2023,_T,ICTSFWR,Y16T24,Gipuzkoa,Porcentaje,79.31
2023,_T,ICTPRVCY,Y16T24,Gipuzkoa,Porcentaje,48.36
2023,_T,ICT_TOT,Y16T24,Gipuzkoa,Porcentaje,97.29
2023,_T,ICTCPT,Y16T24,Bizkaia,Porcentaje,87.1
2023,_T,ICTPST,Y16T24,Bizkaia,Porcentaje,82.03
2023,_T,ICTSSHT,Y16T24,Bizkaia,Porcentaje,60.93
2023,_T,ICTPRGM,Y16T24,Bizkaia,Porcentaje,20.07
2023,_T,ICTTRFF,Y16T24,Bizkaia,Porcentaje,76.45
2023,_T,ICTSFWR,Y16T24,Bizkaia,Porcentaje,76.02
2023,_T,ICTPRVCY,Y16T24,Bizkaia,Porcentaje,45.54
2023,_T,ICT_TOT,Y16T24,Bizkaia,Porcentaje,93.78
2023,_T,ICTCPT,Y25T74,,Porcentaje,51.9
2023,_T,ICTPST,Y25T74,,Porcentaje,35.44
2023,_T,ICTSSHT,Y25T74,,Porcentaje,38.98
2023,_T,ICTPRGM,Y25T74,,Porcentaje,4.86
2023,_T,ICTTRFF,Y25T74,,Porcentaje,46.31
2023,_T,ICTSFWR,Y25T74,,Porcentaje,48.28
2023,_T,ICTPRVCY,Y25T74,,Porcentaje,31.83
2023,_T,ICT_TOT,Y25T74,,Porcentaje,68.27
2023,_T,ICTCPT,Y25T74,Araba/Álava,Porcentaje,49.29
2023,_T,ICTPST,Y25T74,Araba/Álava,Porcentaje,32.14
2023,_T,ICTSSHT,Y25T74,Araba/Álava,Porcentaje,34.53
2023,_T,ICTPRGM,Y25T74,Araba/Álava,Porcentaje,2.86
2023,_T,ICTTRFF,Y25T74,Araba/Álava,Porcentaje,40.81
2023,_T,ICTSFWR,Y25T74,Araba/Álava,Porcentaje,49.75
2023,_T,ICTPRVCY,Y25T74,Araba/Álava,Porcentaje,30.59
2023,_T,ICT_TOT,Y25T74,Araba/Álava,Porcentaje,67.41
2023,_T,ICTCPT,Y25T74,Gipuzkoa,Porcentaje,52.75
2023,_T,ICTPST,Y25T74,Gipuzkoa,Porcentaje,36.94
2023,_T,ICTSSHT,Y25T74,Gipuzkoa,Porcentaje,40.84
2023,_T,ICTPRGM,Y25T74,Gipuzkoa,Porcentaje,5.23
2023,_T,ICTTRFF,Y25T74,Gipuzkoa,Porcentaje,47.25
2023,_T,ICTSFWR,Y25T74,Gipuzkoa,Porcentaje,46.67
2023,_T,ICTPRVCY,Y25T74,Gipuzkoa,Porcentaje,30.5
2023,_T,ICT_TOT,Y25T74,Gipuzkoa,Porcentaje,68.42
2023,_T,ICTCPT,Y25T74,Bizkaia,Porcentaje,52.12
2023,_T,ICTPST,Y25T74,Bizkaia,Porcentaje,35.46
2023,_T,ICTSSHT,Y25T74,Bizkaia,Porcentaje,39.1
2023,_T,ICTPRGM,Y25T74,Bizkaia,Porcentaje,5.19
2023,_T,ICTTRFF,Y25T74,Bizkaia,Porcentaje,47.3
2023,_T,ICTSFWR,Y25T74,Bizkaia,Porcentaje,48.86
2023,_T,ICTPRVCY,Y25T74,Bizkaia,Porcentaje,33.0
2023,_T,ICT_TOT,Y25T74,Bizkaia,Porcentaje,68.42
2023,1,ICTCPT,Y16T74,,Porcentaje,56.67
2023,1,ICTPST,Y16T74,,Porcentaje,40.29
2023,1,ICTSSHT,Y16T74,,Porcentaje,42.84
2023,1,ICTPRGM,Y16T74,,Porcentaje,8.1
2023,1,ICTTRFF,Y16T74,,Porcentaje,51.9
2023,1,ICTSFWR,Y16T74,,Porcentaje,54.26
2023,1,ICTPRVCY,Y16T74,,Porcentaje,37.7
2023,1,ICT_TOT,Y16T74,,Porcentaje,72.52
2023,1,ICTCPT,Y16T74,Araba/Álava,Porcentaje,54.1
2023,1,ICTPST,Y16T74,Araba/Álava,Porcentaje,37.2
2023,1,ICTSSHT,Y16T74,Araba/Álava,Porcentaje,35.4
2023,1,ICTPRGM,Y16T74,Araba/Álava,Porcentaje,4.98
2023,1,ICTTRFF,Y16T74,Araba/Álava,Porcentaje,46.11
2023,1,ICTSFWR,Y16T74,Araba/Álava,Porcentaje,52.49
2023,1,ICTPRVCY,Y16T74,Araba/Álava,Porcentaje,37.29
2023,1,ICT_TOT,Y16T74,Araba/Álava,Porcentaje,69.77
2023,1,ICTCPT,Y16T74,Gipuzkoa,Porcentaje,57.43
2023,1,ICTPST,Y16T74,Gipuzkoa,Porcentaje,43.52
2023,1,ICTSSHT,Y16T74,Gipuzkoa,Porcentaje,45.65
2023,1,ICTPRGM,Y16T74,Gipuzkoa,Porcentaje,8.95
2023,1,ICTTRFF,Y16T74,Gipuzkoa,Porcentaje,52.26
2023,1,ICTSFWR,Y16T74,Gipuzkoa,Porcentaje,54.55
2023,1,ICTPRVCY,Y16T74,Gipuzkoa,Porcentaje,36.17
2023,1,ICT_TOT,Y16T74,Gipuzkoa,Porcentaje,73.03
2023,1,ICTCPT,Y16T74,Bizkaia,Porcentaje,56.95
2023,1,ICTPST,Y16T74,Bizkaia,Porcentaje,39.15
2023,1,ICTSSHT,Y16T74,Bizkaia,Porcentaje,43.27
2023,1,ICTPRGM,Y16T74,Bizkaia,Porcentaje,8.48
2023,1,ICTTRFF,Y16T74,Bizkaia,Porcentaje,53.39
2023,1,ICTSFWR,Y16T74,Bizkaia,Porcentaje,54.6
2023,1,ICTPRVCY,Y16T74,Bizkaia,Porcentaje,38.78
2023,1,ICT_TOT,Y16T74,Bizkaia,Porcentaje,73.02
2023,1,ICTCPT,Y16T24,,Porcentaje,85.58
2023,1,ICTPST,Y16T24,,Porcentaje,77.2
2023,1,ICTSSHT,Y16T24,,Porcentaje,62.72
2023,1,ICTPRGM,Y16T24,,Porcentaje,20.82
2023,1,ICTTRFF,Y16T24,,Porcentaje,71.32
2023,1,ICTSFWR,Y16T24,,Porcentaje,73.67
2023,1,ICTPRVCY,Y16T24,,Porcentaje,47.3
2023,1,ICT_TOT,Y16T24,,Porcentaje,93.15
2023,1,ICTCPT,Y16T24,Araba/Álava,Porcentaje,93.34
2023,1,ICTPST,Y16T24,Araba/Álava,Porcentaje,76.92
2023,1,ICTSSHT,Y16T24,Araba/Álava,Porcentaje,54.19
2023,1,ICTPRGM,Y16T24,Araba/Álava,Porcentaje,18.62
2023,1,ICTTRFF,Y16T24,Araba/Álava,Porcentaje,79.3
2023,1,ICTSFWR,Y16T24,Araba/Álava,Porcentaje,67.59
2023,1,ICTPRVCY,Y16T24,Araba/Álava,Porcentaje,38.16
2023,1,ICT_TOT,Y16T24,Araba/Álava,Porcentaje,100.0
2023,1,ICTCPT,Y16T24,Gipuzkoa,Porcentaje,84.13
2023,1,ICTPST,Y16T24,Gipuzkoa,Porcentaje,79.85
2023,1,ICTSSHT,Y16T24,Gipuzkoa,Porcentaje,66.82
2023,1,ICTPRGM,Y16T24,Gipuzkoa,Porcentaje,16.54
2023,1,ICTTRFF,Y16T24,Gipuzkoa,Porcentaje,70.81
2023,1,ICTSFWR,Y16T24,Gipuzkoa,Porcentaje,78.58
2023,1,ICTPRVCY,Y16T24,Gipuzkoa,Porcentaje,46.3
2023,1,ICT_TOT,Y16T24,Gipuzkoa,Porcentaje,94.65
2023,1,ICTCPT,Y16T24,Bizkaia,Porcentaje,83.88
2023,1,ICTPST,Y16T24,Bizkaia,Porcentaje,75.48
2023,1,ICTSSHT,Y16T24,Bizkaia,Porcentaje,62.89
2023,1,ICTPRGM,Y16T24,Bizkaia,Porcentaje,24.51
2023,1,ICTTRFF,Y16T24,Bizkaia,Porcentaje,68.91
2023,1,ICTSFWR,Y16T24,Bizkaia,Porcentaje,72.42
2023,1,ICTPRVCY,Y16T24,Bizkaia,Porcentaje,51.15
2023,1,ICT_TOT,Y16T24,Bizkaia,Porcentaje,89.75
2023,1,ICTCPT,Y25T74,,Porcentaje,52.63
2023,1,ICTPST,Y25T74,,Porcentaje,35.13
2023,1,ICTSSHT,Y25T74,,Porcentaje,40.06
2023,1,ICTPRGM,Y25T74,,Porcentaje,6.32
2023,1,ICTTRFF,Y25T74,,Porcentaje,49.19
2023,1,ICTSFWR,Y25T74,,Porcentaje,51.54
2023,1,ICTPRVCY,Y25T74,,Porcentaje,36.35
2023,1,ICT_TOT,Y25T74,,Porcentaje,69.64
2023,1,ICTCPT,Y25T74,Araba/Álava,Porcentaje,47.9
2023,1,ICTPST,Y25T74,Araba/Álava,Porcentaje,30.92
2023,1,ICTSSHT,Y25T74,Araba/Álava,Porcentaje,32.43
2023,1,ICTPRGM,Y25T74,Araba/Álava,Porcentaje,2.83
2023,1,ICTTRFF,Y25T74,Araba/Álava,Porcentaje,40.86
2023,1,ICTSFWR,Y25T74,Araba/Álava,Porcentaje,50.1
2023,1,ICTPRVCY,Y25T74,Araba/Álava,Porcentaje,37.15
2023,1,ICT_TOT,Y25T74,Araba/Álava,Porcentaje,64.99
2023,1,ICTCPT,Y25T74,Gipuzkoa,Porcentaje,53.59
2023,1,ICTPST,Y25T74,Gipuzkoa,Porcentaje,38.29
2023,1,ICTSSHT,Y25T74,Gipuzkoa,Porcentaje,42.6
2023,1,ICTPRGM,Y25T74,Gipuzkoa,Porcentaje,7.85
2023,1,ICTTRFF,Y25T74,Gipuzkoa,Porcentaje,49.59
2023,1,ICTSFWR,Y25T74,Gipuzkoa,Porcentaje,51.09
2023,1,ICTPRVCY,Y25T74,Gipuzkoa,Porcentaje,34.72
2023,1,ICT_TOT,Y25T74,Gipuzkoa,Porcentaje,69.92
2023,1,ICTCPT,Y25T74,Bizkaia,Porcentaje,53.4
2023,1,ICTPST,Y25T74,Bizkaia,Porcentaje,34.36
2023,1,ICTSSHT,Y25T74,Bizkaia,Porcentaje,40.68
2023,1,ICTPRGM,Y25T74,Bizkaia,Porcentaje,6.37
2023,1,ICTTRFF,Y25T74,Bizkaia,Porcentaje,51.34
2023,1,ICTSFWR,Y25T74,Bizkaia,Porcentaje,52.24
2023,1,ICTPRVCY,Y25T74,Bizkaia,Porcentaje,37.15
2023,1,ICT_TOT,Y25T74,Bizkaia,Porcentaje,70.81
2023,_T,ICTCPT,Y16T74,,Porcentaje,55.85
2023,_T,ICTPST,Y16T74,,Porcentaje,41.81
2023,_T,ICTSSHT,Y16T74,,Porcentaje,40.89
2023,_T,ICTPRGM,Y16T74,,Porcentaje,4.42
2023,_T,ICTTRFF,Y16T74,,Porcentaje,48.1
2023,_T,ICTSFWR,Y16T74,,Porcentaje,49.01
2023,_T,ICTPRVCY,Y16T74,,Porcentaje,29.31
2023,_T,ICT_TOT,Y16T74,,Porcentaje,70.5
2023,_T,ICTCPT,Y16T74,Araba/Álava,Porcentaje,55.54
2023,_T,ICTPST,Y16T74,Araba/Álava,Porcentaje,39.57
2023,_T,ICTSSHT,Y16T74,Araba/Álava,Porcentaje,39.31
2023,_T,ICTPRGM,Y16T74,Araba/Álava,Porcentaje,3.54
2023,_T,ICTTRFF,Y16T74,Araba/Álava,Porcentaje,45.98
2023,_T,ICTSFWR,Y16T74,Araba/Álava,Porcentaje,52.49
2023,_T,ICTPRVCY,Y16T74,Araba/Álava,Porcentaje,26.0
2023,_T,ICT_TOT,Y16T74,Araba/Álava,Porcentaje,72.84
2023,_T,ICTCPT,Y16T74,Gipuzkoa,Porcentaje,57.09
2023,_T,ICTPST,Y16T74,Gipuzkoa,Porcentaje,42.33
2023,_T,ICTSSHT,Y16T74,Gipuzkoa,Porcentaje,43.22
2023,_T,ICTPRGM,Y16T74,Gipuzkoa,Porcentaje,3.36
2023,_T,ICTTRFF,Y16T74,Gipuzkoa,Porcentaje,49.41
2023,_T,ICTSFWR,Y16T74,Gipuzkoa,Porcentaje,46.88
2023,_T,ICTPRVCY,Y16T74,Gipuzkoa,Porcentaje,29.29
2023,_T,ICT_TOT,Y16T74,Gipuzkoa,Porcentaje,70.91
2023,_T,ICTCPT,Y16T74,Bizkaia,Porcentaje,55.17
2023,_T,ICTPST,Y16T74,Bizkaia,Porcentaje,42.12
2023,_T,ICTSSHT,Y16T74,Bizkaia,Porcentaje,39.9
2023,_T,ICTPRGM,Y16T74,Bizkaia,Porcentaje,5.32
2023,_T,ICTTRFF,Y16T74,Bizkaia,Porcentaje,47.89
2023,_T,ICTSFWR,Y16T74,Bizkaia,Porcentaje,49.35
2023,_T,ICTPRVCY,Y16T74,Bizkaia,Porcentaje,30.26
2023,_T,ICT_TOT,Y16T74,Bizkaia,Porcentaje,69.6
2023,_T,ICTCPT,Y16T24,,Porcentaje,92.94
2023,_T,ICTPST,Y16T24,,Porcentaje,90.28
2023,_T,ICTSSHT,Y16T24,,Porcentaje,64.48
2023,_T,ICTPRGM,Y16T24,,Porcentaje,12.07
2023,_T,ICTTRFF,Y16T24,,Porcentaje,84.28
2023,_T,ICTSFWR,Y16T24,,Porcentaje,79.65
2023,_T,ICTPRVCY,Y16T24,,Porcentaje,43.67
2023,_T,ICT_TOT,Y16T24,,Porcentaje,98.77
2023,_T,ICTCPT,Y16T24,Araba/Álava,Porcentaje,96.79
2023,_T,ICTPST,Y16T24,Araba/Álava,Porcentaje,92.24
2023,_T,ICTSSHT,Y16T24,Araba/Álava,Porcentaje,62.43
2023,_T,ICTPRGM,Y16T24,Araba/Álava,Porcentaje,8.98
2023,_T,ICTTRFF,Y16T24,Araba/Álava,Porcentaje,89.88
2023,_T,ICTSFWR,Y16T24,Araba/Álava,Porcentaje,78.39
2023,_T,ICTPRVCY,Y16T24,Araba/Álava,Porcentaje,40.89
2023,_T,ICT_TOT,Y16T24,Araba/Álava,Porcentaje,98.8
2023,_T,ICTCPT,Y16T24,Gipuzkoa,Porcentaje,95.08
2023,_T,ICTPST,Y16T24,Gipuzkoa,Porcentaje,91.74
2023,_T,ICTSSHT,Y16T24,Gipuzkoa,Porcentaje,73.46
2023,_T,ICTPRGM,Y16T24,Gipuzkoa,Porcentaje,8.28
2023,_T,ICTTRFF,Y16T24,Gipuzkoa,Porcentaje,82.15
2023,_T,ICTSFWR,Y16T24,Gipuzkoa,Porcentaje,80.06
2023,_T,ICTPRVCY,Y16T24,Gipuzkoa,Porcentaje,50.47
2023,_T,ICT_TOT,Y16T24,Gipuzkoa,Porcentaje,100.0
2023,_T,ICTCPT,Y16T24,Bizkaia,Porcentaje,90.41
2023,_T,ICTPST,Y16T24,Bizkaia,Porcentaje,88.74
2023,_T,ICTSSHT,Y16T24,Bizkaia,Porcentaje,58.92
2023,_T,ICTPRGM,Y16T24,Bizkaia,Porcentaje,15.5
2023,_T,ICTTRFF,Y16T24,Bizkaia,Porcentaje,84.18
2023,_T,ICTSFWR,Y16T24,Bizkaia,Porcentaje,79.72
2023,_T,ICTPRVCY,Y16T24,Bizkaia,Porcentaje,39.79
2023,_T,ICT_TOT,Y16T24,Bizkaia,Porcentaje,97.92
2023,_T,ICTCPT,Y25T74,,Porcentaje,51.2
2023,_T,ICTPST,Y25T74,,Porcentaje,35.74
2023,_T,ICTSSHT,Y25T74,,Porcentaje,37.94
2023,_T,ICTPRGM,Y25T74,,Porcentaje,3.46
2023,_T,ICTTRFF,Y25T74,,Porcentaje,43.57
2023,_T,ICTSFWR,Y25T74,,Porcentaje,45.18
2023,_T,ICTPRVCY,Y25T74,,Porcentaje,27.52
2023,_T,ICT_TOT,Y25T74,,Porcentaje,66.96
2023,_T,ICTCPT,Y25T74,Araba/Álava,Porcentaje,50.64
2023,_T,ICTPST,Y25T74,Araba/Álava,Porcentaje,33.32
2023,_T,ICTSSHT,Y25T74,Araba/Álava,Porcentaje,36.57
2023,_T,ICTPRGM,Y25T74,Araba/Álava,Porcentaje,2.9
2023,_T,ICTTRFF,Y25T74,Araba/Álava,Porcentaje,40.77
2023,_T,ICTSFWR,Y25T74,Araba/Álava,Porcentaje,49.41
2023,_T,ICTPRVCY,Y25T74,Araba/Álava,Porcentaje,24.23
2023,_T,ICT_TOT,Y25T74,Araba/Álava,Porcentaje,69.76
2023,_T,ICTCPT,Y25T74,Gipuzkoa,Porcentaje,51.94
2023,_T,ICTPST,Y25T74,Gipuzkoa,Porcentaje,35.63
2023,_T,ICTSSHT,Y25T74,Gipuzkoa,Porcentaje,39.13
2023,_T,ICTPRGM,Y25T74,Gipuzkoa,Porcentaje,2.69
2023,_T,ICTTRFF,Y25T74,Gipuzkoa,Porcentaje,44.98
2023,_T,ICTSFWR,Y25T74,Gipuzkoa,Porcentaje,42.39
2023,_T,ICTPRVCY,Y25T74,Gipuzkoa,Porcentaje,26.42
2023,_T,ICT_TOT,Y25T74,Gipuzkoa,Porcentaje,66.96
2023,_T,ICTCPT,Y25T74,Bizkaia,Porcentaje,50.91
2023,_T,ICTPST,Y25T74,Bizkaia,Porcentaje,36.49
2023,_T,ICTSSHT,Y25T74,Bizkaia,Porcentaje,37.61
2023,_T,ICTPRGM,Y25T74,Bizkaia,Porcentaje,4.09
2023,_T,ICTTRFF,Y25T74,Bizkaia,Porcentaje,43.5
2023,_T,ICTSFWR,Y25T74,Bizkaia,Porcentaje,45.68
2023,_T,ICTPRVCY,Y25T74,Bizkaia,Porcentaje,29.11
2023,_T,ICT_TOT,Y25T74,Bizkaia,Porcentaje,66.18
