Year,Institución,Territorio histórico,Units,Value
2023,Electas en parlamento autonómico,,%,49.3
2024,Electas en parlamento autonómico,,%,52.0
2019,Electas en parlamento autonómico,,%,53.3
2018,Electas en parlamento autonómico,,%,53.3
2016,Electas en parlamento autonómico,,%,53.3
2014,Electas en parlamento autonómico,,%,49.3
2015,Electas en parlamento autonómico,,%,49.3
2020,Electas en parlamento autonómico,,%,50.7
2017,Electas en parlamento autonómico,,%,53.3
2022,Electas en parlamento autonómico,,%,50.7
2012,Electas en parlamento autonómico,,%,49.3
2013,Electas en parlamento autonómico,,%,49.3
2011,Electas en parlamento autonómico,,%,45.3
2010,Electas en parlamento autonómico,,%,45.3
2021,Electas en parlamento autonómico,,%,50.7
2017,Departamentos en el gobierno autonómico,,%,41.7
2016,Departamentos en el gobierno autonómico,,%,50.0
2023,Departamentos en el gobierno autonómico,,%,45.5
2013,Departamentos en el gobierno autonómico,,%,50.0
2021,Departamentos en el gobierno autonómico,,%,45.5
2024,Departamentos en el gobierno autonómico,,%,46.7
2014,Departamentos en el gobierno autonómico,,%,50.0
2019,Departamentos en el gobierno autonómico,,%,63.6
2012,Departamentos en el gobierno autonómico,,%,50.0
2010,Departamentos en el gobierno autonómico,,%,45.5
2022,Departamentos en el gobierno autonómico,,%,45.5
2011,Departamentos en el gobierno autonómico,,%,50.0
2020,Departamentos en el gobierno autonómico,,%,45.5
2015,Departamentos en el gobierno autonómico,,%,50.0
2018,Departamentos en el gobierno autonómico,,%,41.7
2015,Departamentos en gobiernos forales,,%,50.0
2016,Departamentos en gobiernos forales,,%,50.0
2013,Departamentos en gobiernos forales,,%,42.3
2020,Departamentos en gobiernos forales,,%,55.2
2017,Departamentos en gobiernos forales,,%,50.0
2018,Departamentos en gobiernos forales,,%,50.0
2021,Departamentos en gobiernos forales,,%,55.2
2011,Departamentos en gobiernos forales,,%,42.3
2022,Departamentos en gobiernos forales,,%,51.7
2019,Departamentos en gobiernos forales,,%,55.2
2012,Departamentos en gobiernos forales,,%,42.3
2014,Departamentos en gobiernos forales,,%,42.3
2010,Departamentos en gobiernos forales,,%,36.4
2018,Departamentos en gobiernos forales,Araba/Álava,%,50.0
2022,Departamentos en gobiernos forales,Araba/Álava,%,55.6
2021,Departamentos en gobiernos forales,Araba/Álava,%,66.7
2019,Departamentos en gobiernos forales,Araba/Álava,%,66.7
2016,Departamentos en gobiernos forales,Araba/Álava,%,50.0
2017,Departamentos en gobiernos forales,Araba/Álava,%,50.0
2015,Departamentos en gobiernos forales,Araba/Álava,%,50.0
2013,Departamentos en gobiernos forales,Araba/Álava,%,50.0
2010,Departamentos en gobiernos forales,Araba/Álava,%,40.0
2014,Departamentos en gobiernos forales,Araba/Álava,%,50.0
2012,Departamentos en gobiernos forales,Araba/Álava,%,50.0
2020,Departamentos en gobiernos forales,Araba/Álava,%,66.7
2011,Departamentos en gobiernos forales,Araba/Álava,%,50.0
2017,Departamentos en gobiernos forales,Bizkaia,%,55.6
2014,Departamentos en gobiernos forales,Bizkaia,%,40.0
2018,Departamentos en gobiernos forales,Bizkaia,%,55.6
2012,Departamentos en gobiernos forales,Bizkaia,%,40.0
2020,Departamentos en gobiernos forales,Bizkaia,%,50.0
2021,Departamentos en gobiernos forales,Bizkaia,%,50.0
2019,Departamentos en gobiernos forales,Bizkaia,%,50.0
2016,Departamentos en gobiernos forales,Bizkaia,%,55.6
2015,Departamentos en gobiernos forales,Bizkaia,%,55.6
2013,Departamentos en gobiernos forales,Bizkaia,%,40.0
2010,Departamentos en gobiernos forales,Bizkaia,%,33.3
2022,Departamentos en gobiernos forales,Bizkaia,%,50.0
2011,Departamentos en gobiernos forales,Bizkaia,%,40.0
2021,Departamentos en gobiernos forales,Gipuzkoa,%,50.0
2019,Departamentos en gobiernos forales,Gipuzkoa,%,50.0
2017,Departamentos en gobiernos forales,Gipuzkoa,%,44.4
2011,Departamentos en gobiernos forales,Gipuzkoa,%,37.5
2010,Departamentos en gobiernos forales,Gipuzkoa,%,36.4
2014,Departamentos en gobiernos forales,Gipuzkoa,%,37.5
2015,Departamentos en gobiernos forales,Gipuzkoa,%,44.4
2018,Departamentos en gobiernos forales,Gipuzkoa,%,44.4
2012,Departamentos en gobiernos forales,Gipuzkoa,%,37.5
2016,Departamentos en gobiernos forales,Gipuzkoa,%,44.4
2013,Departamentos en gobiernos forales,Gipuzkoa,%,37.5
2020,Departamentos en gobiernos forales,Gipuzkoa,%,50.0
2022,Departamentos en gobiernos forales,Gipuzkoa,%,50.0
2010,Electas en Juntas Generales,,%,41.2
2021,Electas en Juntas Generales,,%,54.2
2015,Electas en Juntas Generales,,%,48.1
2020,Electas en Juntas Generales,,%,54.2
2017,Electas en Juntas Generales,,%,48.1
2018,Electas en Juntas Generales,,%,48.1
2012,Electas en Juntas Generales,,%,48.4
2022,Electas en Juntas Generales,,%,54.2
2019,Electas en Juntas Generales,,%,54.2
2016,Electas en Juntas Generales,,%,48.1
2011,Electas en Juntas Generales,,%,48.4
2013,Electas en Juntas Generales,,%,48.4
2014,Electas en Juntas Generales,,%,48.4
2010,Electas en Juntas Generales,Araba/Álava,%,41.2
2014,Electas en Juntas Generales,Araba/Álava,%,51.0
2012,Electas en Juntas Generales,Araba/Álava,%,51.0
2020,Electas en Juntas Generales,Araba/Álava,%,56.9
2022,Electas en Juntas Generales,Araba/Álava,%,56.9
2021,Electas en Juntas Generales,Araba/Álava,%,56.9
2019,Electas en Juntas Generales,Araba/Álava,%,56.9
2018,Electas en Juntas Generales,Araba/Álava,%,45.1
2017,Electas en Juntas Generales,Araba/Álava,%,45.1
2016,Electas en Juntas Generales,Araba/Álava,%,45.1
2015,Electas en Juntas Generales,Araba/Álava,%,45.1
2013,Electas en Juntas Generales,Araba/Álava,%,51.0
2011,Electas en Juntas Generales,Araba/Álava,%,51.0
2022,Electas en Juntas Generales,Bizkaia,%,51.0
2021,Electas en Juntas Generales,Bizkaia,%,51.0
2019,Electas en Juntas Generales,Bizkaia,%,51.0
2018,Electas en Juntas Generales,Bizkaia,%,49.0
2017,Electas en Juntas Generales,Bizkaia,%,49.0
2015,Electas en Juntas Generales,Bizkaia,%,49.0
2014,Electas en Juntas Generales,Bizkaia,%,45.1
2013,Electas en Juntas Generales,Bizkaia,%,45.1
2012,Electas en Juntas Generales,Bizkaia,%,45.1
2011,Electas en Juntas Generales,Bizkaia,%,45.1
2010,Electas en Juntas Generales,Bizkaia,%,39.2
2020,Electas en Juntas Generales,Bizkaia,%,51.0
2016,Electas en Juntas Generales,Bizkaia,%,49.0
2010,Electas en Juntas Generales,Gipuzkoa,%,43.1
2011,Electas en Juntas Generales,Gipuzkoa,%,49.0
2013,Electas en Juntas Generales,Gipuzkoa,%,49.0
2017,Electas en Juntas Generales,Gipuzkoa,%,50.0
2019,Electas en Juntas Generales,Gipuzkoa,%,54.9
2022,Electas en Juntas Generales,Gipuzkoa,%,54.9
2018,Electas en Juntas Generales,Gipuzkoa,%,50.0
2020,Electas en Juntas Generales,Gipuzkoa,%,54.9
2021,Electas en Juntas Generales,Gipuzkoa,%,54.9
2016,Electas en Juntas Generales,Gipuzkoa,%,50.0
2015,Electas en Juntas Generales,Gipuzkoa,%,50.0
2014,Electas en Juntas Generales,Gipuzkoa,%,49.0
2012,Electas en Juntas Generales,Gipuzkoa,%,49.0
2013,Alcaldías,,%,22.3
2022,Alcaldías,,%,30.3
2014,Alcaldías,,%,23.1
2017,Alcaldías,,%,25.2
2011,Alcaldías,,%,22.0
2023,Alcaldías,,%,33.1
2012,Alcaldías,,%,22.0
2024,Alcaldías,,%,34.3
2019,Alcaldías,,%,29.2
2015,Alcaldías,,%,25.2
2010,Alcaldías,,%,19.9
2021,Alcaldías,,%,30.3
2018,Alcaldías,,%,25.2
2016,Alcaldías,,%,25.2
2020,Alcaldías,,%,29.2
2020,Concejalías,,%,47.8
2024,Concejalías,,%,46.5
2022,Concejalías,,%,47.5
2016,Concejalías,,%,41.4
2017,Concejalías,,%,41.4
2010,Concejalías,,%,27.8
2015,Concejalías,,%,41.4
2011,Concejalías,,%,40.4
2012,Concejalías,,%,40.4
2021,Concejalías,,%,47.5
2018,Concejalías,,%,41.4
2013,Concejalías,,%,40.5
2023,Concejalías,,%,48.3
2019,Concejalías,,%,47.8
2014,Concejalías,,%,40.3
