Year,Ocupacion,Territorio histórico,Units,Value
2018,Cargo directivo,,Porcentaje,35.8
2011,Cargo directivo,,Porcentaje,31.7
2020,Cargo directivo,,Porcentaje,31.8
2014,Cargo directivo,,Porcentaje,28.7
2021,Cargo directivo,,Porcentaje,32.3
2012,Cargo directivo,,Porcentaje,29.0
2022,Cargo directivo,,Porcentaje,32.3
2017,Cargo directivo,,Porcentaje,35.6
2016,Cargo directivo,,Porcentaje,34.7
2013,Cargo directivo,,Porcentaje,31.3
2019,Cargo directivo,,Porcentaje,34.3
2015,Cargo directivo,,Porcentaje,36.7
2023,Cargo directivo,,Porcentaje,34.0
2010,Cargo directivo,,Porcentaje,28.8
2014,Cargo directivo,Araba/Álava,Porcentaje,26.5
2013,Cargo directivo,Araba/Álava,Porcentaje,29.3
2011,Cargo directivo,Araba/Álava,Porcentaje,25.8
2016,Cargo directivo,Araba/Álava,Porcentaje,27.6
2021,Cargo directivo,Araba/Álava,Porcentaje,28.8
2010,Cargo directivo,Araba/Álava,Porcentaje,28.4
2019,Cargo directivo,Araba/Álava,Porcentaje,28.4
2018,Cargo directivo,Araba/Álava,Porcentaje,39.4
2015,Cargo directivo,Araba/Álava,Porcentaje,35.2
2023,Cargo directivo,Araba/Álava,Porcentaje,36.5
2020,Cargo directivo,Araba/Álava,Porcentaje,27.0
2012,Cargo directivo,Araba/Álava,Porcentaje,24.8
2017,Cargo directivo,Araba/Álava,Porcentaje,36.2
2022,Cargo directivo,Araba/Álava,Porcentaje,31.3
2022,Cargo directivo,Bizkaia,Porcentaje,34.5
2023,Cargo directivo,Bizkaia,Porcentaje,35.8
2016,Cargo directivo,Bizkaia,Porcentaje,34.7
2021,Cargo directivo,Bizkaia,Porcentaje,30.2
2015,Cargo directivo,Bizkaia,Porcentaje,37.1
2012,Cargo directivo,Bizkaia,Porcentaje,29.4
2017,Cargo directivo,Bizkaia,Porcentaje,35.5
2014,Cargo directivo,Bizkaia,Porcentaje,26.8
2019,Cargo directivo,Bizkaia,Porcentaje,35.3
2018,Cargo directivo,Bizkaia,Porcentaje,35.5
2011,Cargo directivo,Bizkaia,Porcentaje,33.2
2013,Cargo directivo,Bizkaia,Porcentaje,30.6
2010,Cargo directivo,Bizkaia,Porcentaje,30.4
2020,Cargo directivo,Bizkaia,Porcentaje,31.5
2013,Cargo directivo,Gipuzkoa,Porcentaje,33.3
2016,Cargo directivo,Gipuzkoa,Porcentaje,38.6
2023,Cargo directivo,Gipuzkoa,Porcentaje,30.4
2015,Cargo directivo,Gipuzkoa,Porcentaje,36.6
2017,Cargo directivo,Gipuzkoa,Porcentaje,35.4
2019,Cargo directivo,Gipuzkoa,Porcentaje,34.7
2010,Cargo directivo,Gipuzkoa,Porcentaje,26.4
2021,Cargo directivo,Gipuzkoa,Porcentaje,37.0
2012,Cargo directivo,Gipuzkoa,Porcentaje,30.4
2020,Cargo directivo,Gipuzkoa,Porcentaje,34.3
2022,Cargo directivo,Gipuzkoa,Porcentaje,29.8
2014,Cargo directivo,Gipuzkoa,Porcentaje,32.5
2018,Cargo directivo,Gipuzkoa,Porcentaje,35.0
2011,Cargo directivo,Gipuzkoa,Porcentaje,31.0
2013,Alta dirección,,Porcentaje,30.6
2010,Alta dirección,,Porcentaje,32.5
2014,Alta dirección,,Porcentaje,27.2
2023,Alta dirección,,Porcentaje,29.6
2017,Alta dirección,,Porcentaje,32.3
2022,Alta dirección,,Porcentaje,27.7
2020,Alta dirección,,Porcentaje,29.8
2012,Alta dirección,,Porcentaje,25.7
2018,Alta dirección,,Porcentaje,31.9
2011,Alta dirección,,Porcentaje,28.1
2016,Alta dirección,,Porcentaje,30.2
2019,Alta dirección,,Porcentaje,31.4
2015,Alta dirección,,Porcentaje,29.5
2021,Alta dirección,,Porcentaje,28.6
2014,Alta dirección,Araba/Álava,Porcentaje,19.9
2022,Alta dirección,Araba/Álava,Porcentaje,24.6
2013,Alta dirección,Araba/Álava,Porcentaje,20.1
2020,Alta dirección,Araba/Álava,Porcentaje,25.1
2017,Alta dirección,Araba/Álava,Porcentaje,38.7
2019,Alta dirección,Araba/Álava,Porcentaje,23.3
2015,Alta dirección,Araba/Álava,Porcentaje,25.5
2018,Alta dirección,Araba/Álava,Porcentaje,42.3
2012,Alta dirección,Araba/Álava,Porcentaje,11.7
2010,Alta dirección,Araba/Álava,Porcentaje,34.6
2011,Alta dirección,Araba/Álava,Porcentaje,29.6
2016,Alta dirección,Araba/Álava,Porcentaje,26.0
2021,Alta dirección,Araba/Álava,Porcentaje,24.3
2023,Alta dirección,Araba/Álava,Porcentaje,30.2
2023,Alta dirección,Bizkaia,Porcentaje,31.8
2022,Alta dirección,Bizkaia,Porcentaje,31.1
2015,Alta dirección,Bizkaia,Porcentaje,32.3
2021,Alta dirección,Bizkaia,Porcentaje,29.5
2019,Alta dirección,Bizkaia,Porcentaje,34.5
2018,Alta dirección,Bizkaia,Porcentaje,27.8
2017,Alta dirección,Bizkaia,Porcentaje,29.3
2014,Alta dirección,Bizkaia,Porcentaje,25.2
2013,Alta dirección,Bizkaia,Porcentaje,30.9
2016,Alta dirección,Bizkaia,Porcentaje,29.9
2012,Alta dirección,Bizkaia,Porcentaje,27.8
2011,Alta dirección,Bizkaia,Porcentaje,29.3
2010,Alta dirección,Bizkaia,Porcentaje,34.9
2020,Alta dirección,Bizkaia,Porcentaje,32.8
2023,Alta dirección,Gipuzkoa,Porcentaje,26.3
2022,Alta dirección,Gipuzkoa,Porcentaje,24.9
2020,Alta dirección,Gipuzkoa,Porcentaje,26.9
2019,Alta dirección,Gipuzkoa,Porcentaje,29.6
2018,Alta dirección,Gipuzkoa,Porcentaje,33.8
2015,Alta dirección,Gipuzkoa,Porcentaje,26.1
2013,Alta dirección,Gipuzkoa,Porcentaje,33.8
2012,Alta dirección,Gipuzkoa,Porcentaje,27.0
2014,Alta dirección,Gipuzkoa,Porcentaje,32.4
2011,Alta dirección,Gipuzkoa,Porcentaje,25.4
2010,Alta dirección,Gipuzkoa,Porcentaje,28.4
2017,Alta dirección,Gipuzkoa,Porcentaje,33.7
2016,Alta dirección,Gipuzkoa,Porcentaje,33.2
2021,Alta dirección,Gipuzkoa,Porcentaje,29.1
2011,Empresaria,,Porcentaje,34.5
2010,Empresaria,,Porcentaje,32.6
2015,Empresaria,,Porcentaje,33.7
2018,Empresaria,,Porcentaje,35.4
2013,Empresaria,,Porcentaje,34.7
2020,Empresaria,,Porcentaje,34.4
2019,Empresaria,,Porcentaje,35.1
2021,Empresaria,,Porcentaje,33.5
2023,Empresaria,,Porcentaje,35.2
2022,Empresaria,,Porcentaje,33.1
2017,Empresaria,,Porcentaje,34.5
2016,Empresaria,,Porcentaje,34.7
2012,Empresaria,,Porcentaje,36.0
2014,Empresaria,,Porcentaje,35.2
2011,Empresaria,Araba/Álava,Porcentaje,31.8
2017,Empresaria,Araba/Álava,Porcentaje,32.8
2022,Empresaria,Araba/Álava,Porcentaje,30.7
2019,Empresaria,Araba/Álava,Porcentaje,34.6
2015,Empresaria,Araba/Álava,Porcentaje,36.7
2013,Empresaria,Araba/Álava,Porcentaje,31.8
2010,Empresaria,Araba/Álava,Porcentaje,35.2
2012,Empresaria,Araba/Álava,Porcentaje,33.6
2014,Empresaria,Araba/Álava,Porcentaje,33.3
2018,Empresaria,Araba/Álava,Porcentaje,36.0
2016,Empresaria,Araba/Álava,Porcentaje,34.9
2020,Empresaria,Araba/Álava,Porcentaje,30.9
2021,Empresaria,Araba/Álava,Porcentaje,31.3
2023,Empresaria,Araba/Álava,Porcentaje,27.8
2018,Empresaria,Bizkaia,Porcentaje,35.0
2023,Empresaria,Bizkaia,Porcentaje,37.0
2022,Empresaria,Bizkaia,Porcentaje,34.6
2021,Empresaria,Bizkaia,Porcentaje,33.5
2019,Empresaria,Bizkaia,Porcentaje,34.9
2017,Empresaria,Bizkaia,Porcentaje,33.8
2020,Empresaria,Bizkaia,Porcentaje,35.8
2016,Empresaria,Bizkaia,Porcentaje,34.0
2015,Empresaria,Bizkaia,Porcentaje,33.0
2014,Empresaria,Bizkaia,Porcentaje,34.9
2013,Empresaria,Bizkaia,Porcentaje,35.7
2012,Empresaria,Bizkaia,Porcentaje,36.9
2011,Empresaria,Bizkaia,Porcentaje,36.6
2010,Empresaria,Bizkaia,Porcentaje,33.5
2012,Empresaria,Gipuzkoa,Porcentaje,35.6
2016,Empresaria,Gipuzkoa,Porcentaje,35.6
2013,Empresaria,Gipuzkoa,Porcentaje,34.5
2019,Empresaria,Gipuzkoa,Porcentaje,35.6
2021,Empresaria,Gipuzkoa,Porcentaje,34.3
2020,Empresaria,Gipuzkoa,Porcentaje,33.4
2023,Empresaria,Gipuzkoa,Porcentaje,35.5
2022,Empresaria,Gipuzkoa,Porcentaje,32.0
2018,Empresaria,Gipuzkoa,Porcentaje,35.7
2017,Empresaria,Gipuzkoa,Porcentaje,36.2
2015,Empresaria,Gipuzkoa,Porcentaje,33.2
2014,Empresaria,Gipuzkoa,Porcentaje,36.4
2011,Empresaria,Gipuzkoa,Porcentaje,32.6
2010,Empresaria,Gipuzkoa,Porcentaje,30.5
