Year,Sexo,Territorio histórico,Units,Value
2008,,,Porcentaje,87.8
2014,,,Porcentaje,93.6
2020,,,Porcentaje,96.9
2009,,,Porcentaje,87.6
2022,,,Porcentaje,97.6
2010,,,Porcentaje,89.5
2021,,,Porcentaje,97.2
2015,,,Porcentaje,96.0
2011,,,Porcentaje,91.7
2012,,,Porcentaje,92.4
2016,,,Porcentaje,95.8
2019,,,Porcentaje,97.0
2013,,,Porcentaje,93.3
2017,,,Porcentaje,96.1
2018,,,Porcentaje,95.8
2023,,,Porcentaje,99.0
2016,,Araba/Álava,Porcentaje,96.5
2019,,Araba/Álava,Porcentaje,97.2
2009,,Araba/Álava,Porcentaje,83.9
2017,,Araba/Álava,Porcentaje,97.2
2014,,Araba/Álava,Porcentaje,94.1
2015,,Araba/Álava,Porcentaje,96.7
2023,,Araba/Álava,Porcentaje,98.1
2008,,Araba/Álava,Porcentaje,86.8
2013,,Araba/Álava,Porcentaje,93.0
2020,,Araba/Álava,Porcentaje,97.5
2010,,Araba/Álava,Porcentaje,88.4
2022,,Araba/Álava,Porcentaje,97.5
2018,,Araba/Álava,Porcentaje,96.8
2012,,Araba/Álava,Porcentaje,91.0
2011,,Araba/Álava,Porcentaje,90.7
2021,,Araba/Álava,Porcentaje,97.7
2011,,Bizkaia,Porcentaje,92.8
2010,,Bizkaia,Porcentaje,89.8
2019,,Bizkaia,Porcentaje,97.3
2021,,Bizkaia,Porcentaje,96.7
2017,,Bizkaia,Porcentaje,96.3
2015,,Bizkaia,Porcentaje,95.8
2018,,Bizkaia,Porcentaje,95.8
2013,,Bizkaia,Porcentaje,93.3
2012,,Bizkaia,Porcentaje,93.1
2009,,Bizkaia,Porcentaje,88.1
2008,,Bizkaia,Porcentaje,88.5
2014,,Bizkaia,Porcentaje,93.8
2022,,Bizkaia,Porcentaje,97.5
2023,,Bizkaia,Porcentaje,99.3
2020,,Bizkaia,Porcentaje,96.9
2016,,Bizkaia,Porcentaje,96.5
2014,,Gipuzkoa,Porcentaje,93.3
2010,,Gipuzkoa,Porcentaje,89.4
2012,,Gipuzkoa,Porcentaje,91.9
2015,,Gipuzkoa,Porcentaje,96.1
2011,,Gipuzkoa,Porcentaje,90.6
2023,,Gipuzkoa,Porcentaje,99.0
2009,,Gipuzkoa,Porcentaje,88.4
2018,,Gipuzkoa,Porcentaje,95.3
2022,,Gipuzkoa,Porcentaje,97.9
2019,,Gipuzkoa,Porcentaje,96.5
2017,,Gipuzkoa,Porcentaje,95.1
2008,,Gipuzkoa,Porcentaje,86.9
2013,,Gipuzkoa,Porcentaje,93.4
2020,,Gipuzkoa,Porcentaje,96.5
2021,,Gipuzkoa,Porcentaje,97.8
2016,,Gipuzkoa,Porcentaje,94.3
2009,Mujer,,Porcentaje,87.9
2010,Mujer,,Porcentaje,89.0
2013,Mujer,,Porcentaje,94.1
2016,Mujer,,Porcentaje,95.4
2017,Mujer,,Porcentaje,95.9
2015,Mujer,,Porcentaje,96.4
2021,Mujer,,Porcentaje,97.4
2008,Mujer,,Porcentaje,88.1
2023,Mujer,,Porcentaje,99.1
2011,Mujer,,Porcentaje,92.4
2018,Mujer,,Porcentaje,96.1
2012,Mujer,,Porcentaje,93.0
2022,Mujer,,Porcentaje,98.3
2014,Mujer,,Porcentaje,94.2
2020,Mujer,,Porcentaje,97.1
2019,Mujer,,Porcentaje,97.9
2021,Mujer,Araba/Álava,Porcentaje,98.4
2020,Mujer,Araba/Álava,Porcentaje,98.3
2023,Mujer,Araba/Álava,Porcentaje,98.6
2018,Mujer,Araba/Álava,Porcentaje,96.7
2009,Mujer,Araba/Álava,Porcentaje,83.1
2010,Mujer,Araba/Álava,Porcentaje,87.7
2013,Mujer,Araba/Álava,Porcentaje,94.5
2015,Mujer,Araba/Álava,Porcentaje,97.5
2017,Mujer,Araba/Álava,Porcentaje,95.4
2014,Mujer,Araba/Álava,Porcentaje,93.8
2011,Mujer,Araba/Álava,Porcentaje,90.2
2008,Mujer,Araba/Álava,Porcentaje,86.2
2016,Mujer,Araba/Álava,Porcentaje,94.7
2012,Mujer,Araba/Álava,Porcentaje,91.4
2022,Mujer,Araba/Álava,Porcentaje,97.6
2019,Mujer,Araba/Álava,Porcentaje,97.5
2020,Mujer,Bizkaia,Porcentaje,96.9
2023,Mujer,Bizkaia,Porcentaje,99.4
2021,Mujer,Bizkaia,Porcentaje,97.0
2019,Mujer,Bizkaia,Porcentaje,97.9
2015,Mujer,Bizkaia,Porcentaje,96.0
2010,Mujer,Bizkaia,Porcentaje,89.0
2013,Mujer,Bizkaia,Porcentaje,93.4
2012,Mujer,Bizkaia,Porcentaje,93.8
2011,Mujer,Bizkaia,Porcentaje,93.7
2009,Mujer,Bizkaia,Porcentaje,88.3
2008,Mujer,Bizkaia,Porcentaje,88.6
2017,Mujer,Bizkaia,Porcentaje,96.1
2016,Mujer,Bizkaia,Porcentaje,96.5
2014,Mujer,Bizkaia,Porcentaje,94.0
2018,Mujer,Bizkaia,Porcentaje,95.9
2022,Mujer,Bizkaia,Porcentaje,98.5
2023,Mujer,Gipuzkoa,Porcentaje,98.9
2020,Mujer,Gipuzkoa,Porcentaje,96.7
2019,Mujer,Gipuzkoa,Porcentaje,98.1
2017,Mujer,Gipuzkoa,Porcentaje,95.9
2016,Mujer,Gipuzkoa,Porcentaje,93.9
2015,Mujer,Gipuzkoa,Porcentaje,96.4
2014,Mujer,Gipuzkoa,Porcentaje,94.8
2013,Mujer,Gipuzkoa,Porcentaje,95.0
2012,Mujer,Gipuzkoa,Porcentaje,92.6
2011,Mujer,Gipuzkoa,Porcentaje,91.4
2010,Mujer,Gipuzkoa,Porcentaje,89.7
2009,Mujer,Gipuzkoa,Porcentaje,89.2
2008,Mujer,Gipuzkoa,Porcentaje,88.1
2022,Mujer,Gipuzkoa,Porcentaje,98.2
2018,Mujer,Gipuzkoa,Porcentaje,96.1
2021,Mujer,Gipuzkoa,Porcentaje,97.6
2019,Hombre,,Porcentaje,96.1
2012,Hombre,,Porcentaje,91.7
2023,Hombre,,Porcentaje,98.9
2020,Hombre,,Porcentaje,96.7
2018,Hombre,,Porcentaje,95.5
2010,Hombre,,Porcentaje,89.9
2017,Hombre,,Porcentaje,96.2
2008,Hombre,,Porcentaje,87.4
2016,Hombre,,Porcentaje,96.2
2009,Hombre,,Porcentaje,87.3
2014,Hombre,,Porcentaje,93.1
2015,Hombre,,Porcentaje,95.7
2011,Hombre,,Porcentaje,91.0
2022,Hombre,,Porcentaje,96.9
2013,Hombre,,Porcentaje,92.5
2021,Hombre,,Porcentaje,97.0
2022,Hombre,Araba/Álava,Porcentaje,97.3
2014,Hombre,Araba/Álava,Porcentaje,94.3
2021,Hombre,Araba/Álava,Porcentaje,97.0
2023,Hombre,Araba/Álava,Porcentaje,97.6
2010,Hombre,Araba/Álava,Porcentaje,89.0
2013,Hombre,Araba/Álava,Porcentaje,91.6
2009,Hombre,Araba/Álava,Porcentaje,84.7
2017,Hombre,Araba/Álava,Porcentaje,99.0
2012,Hombre,Araba/Álava,Porcentaje,90.7
2016,Hombre,Araba/Álava,Porcentaje,98.4
2008,Hombre,Araba/Álava,Porcentaje,87.5
2018,Hombre,Araba/Álava,Porcentaje,96.8
2011,Hombre,Araba/Álava,Porcentaje,91.1
2019,Hombre,Araba/Álava,Porcentaje,96.9
2015,Hombre,Araba/Álava,Porcentaje,95.8
2020,Hombre,Araba/Álava,Porcentaje,96.7
2023,Hombre,Bizkaia,Porcentaje,99.2
2022,Hombre,Bizkaia,Porcentaje,96.4
2021,Hombre,Bizkaia,Porcentaje,96.3
2020,Hombre,Bizkaia,Porcentaje,96.9
2019,Hombre,Bizkaia,Porcentaje,96.7
2018,Hombre,Bizkaia,Porcentaje,95.7
2014,Hombre,Bizkaia,Porcentaje,93.5
2017,Hombre,Bizkaia,Porcentaje,96.6
2016,Hombre,Bizkaia,Porcentaje,96.5
2015,Hombre,Bizkaia,Porcentaje,95.6
2013,Hombre,Bizkaia,Porcentaje,93.1
2012,Hombre,Bizkaia,Porcentaje,92.3
2011,Hombre,Bizkaia,Porcentaje,91.8
2010,Hombre,Bizkaia,Porcentaje,90.7
2009,Hombre,Bizkaia,Porcentaje,87.9
2008,Hombre,Bizkaia,Porcentaje,88.4
2014,Hombre,Gipuzkoa,Porcentaje,91.7
2009,Hombre,Gipuzkoa,Porcentaje,87.5
2013,Hombre,Gipuzkoa,Porcentaje,91.8
2012,Hombre,Gipuzkoa,Porcentaje,91.2
2011,Hombre,Gipuzkoa,Porcentaje,89.7
2010,Hombre,Gipuzkoa,Porcentaje,89.1
2023,Hombre,Gipuzkoa,Porcentaje,99.0
2022,Hombre,Gipuzkoa,Porcentaje,97.6
2021,Hombre,Gipuzkoa,Porcentaje,98.0
2020,Hombre,Gipuzkoa,Porcentaje,96.4
2019,Hombre,Gipuzkoa,Porcentaje,94.9
2018,Hombre,Gipuzkoa,Porcentaje,94.4
2008,Hombre,Gipuzkoa,Porcentaje,85.7
2017,Hombre,Gipuzkoa,Porcentaje,94.3
2016,Hombre,Gipuzkoa,Porcentaje,94.6
2015,Hombre,Gipuzkoa,Porcentaje,95.7
