Year,Series,Units,Value
2016,Población que utiliza servicios de suministro de agua potable gestionados sin riesgos,%,100
2017,Población que utiliza servicios de suministro de agua potable gestionados sin riesgos,%,100
2018,Población que utiliza servicios de suministro de agua potable gestionados sin riesgos,%,100
2019,Población que utiliza servicios de suministro de agua potable gestionados sin riesgos,%,100
2020,Población que utiliza servicios de suministro de agua potable gestionados sin riesgos,%,100
2021,Población que utiliza servicios de suministro de agua potable gestionados sin riesgos,%,100
2022,Población que utiliza servicios de suministro de agua potable gestionados sin riesgos,%,100
2023,Población que utiliza servicios de suministro de agua potable gestionados sin riesgos,%,100
2024,Población que utiliza servicios de suministro de agua potable gestionados sin riesgos,%,100
