Year,Tipo de uso,Territorio histórico,Units,Value
2018,,,M3,179965484.0
2022,,,M3,178506380.0
2023,,,M3,180064405.0
2020,,,M3,163675651.0
2013,,,M3,177555343.0
2021,,,M3,176421751.0
2017,,,M3,180334331.0
2016,,,M3,180637435.0
2019,,,M3,178194264.0
2022,,Araba/Álava,M3,34289283.3
2021,,Araba/Álava,M3,33005213.7
2023,,Araba/Álava,M3,30181664.0
2022,,Bizkaia,M3,80667418.7
2023,,Bizkaia,M3,86372241.0
2021,,Bizkaia,M3,80592250.2
2023,,Gipuzkoa,M3,63510500.0
2021,,Gipuzkoa,M3,62824287.1
2022,,Gipuzkoa,M3,63549678.2
2023,Uso doméstico,,M3,86895324.9
2018,Uso doméstico,,M3,88318278.6
2020,Uso doméstico,,M3,84373909.2
2022,Uso doméstico,,M3,92735193.3
2016,Uso doméstico,,M3,89191117.7
2021,Uso doméstico,,M3,92949522.0
2013,Uso doméstico,,M3,87929643.4
2017,Uso doméstico,,M3,88547260.4
2019,Uso doméstico,,M3,88407446.1
2022,Uso doméstico,Araba/Álava,M3,14077675.9
2023,Uso doméstico,Araba/Álava,M3,11989165.1
2021,Uso doméstico,Araba/Álava,M3,14177085.4
2021,Uso doméstico,Bizkaia,M3,45477855.0
2022,Uso doméstico,Bizkaia,M3,45514402.4
2023,Uso doméstico,Bizkaia,M3,43068870.3
2021,Uso doméstico,Gipuzkoa,M3,33294582.0
2023,Uso doméstico,Gipuzkoa,M3,31837289.5
2022,Uso doméstico,Gipuzkoa,M3,33143115.0
2017,Uso industrial,,M3,66412090.1
2018,Uso industrial,,M3,66232578.1
2021,Uso industrial,,M3,60880414.0
2019,Uso industrial,,M3,64695490.7
2023,Uso industrial,,M3,61328986.0
2020,Uso industrial,,M3,58454182.7
2016,Uso industrial,,M3,65939730.6
2013,Uso industrial,,M3,65635020.7
2022,Uso industrial,,M3,60067313.1
2022,Uso industrial,Araba/Álava,M3,14823181.0
2023,Uso industrial,Araba/Álava,M3,13125427.2
2021,Uso industrial,Araba/Álava,M3,15019725.6
2022,Uso industrial,Bizkaia,M3,24288140.7
2023,Uso industrial,Bizkaia,M3,25445892.7
2021,Uso industrial,Bizkaia,M3,24292745.1
2023,Uso industrial,Gipuzkoa,M3,22757666.1
2022,Uso industrial,Gipuzkoa,M3,20955991.4
2021,Uso industrial,Gipuzkoa,M3,21567942.9
2018,Uso comercial,,M3,12219522.3
2022,Uso comercial,,M3,11060459.6
2019,Uso comercial,,M3,11666682.7
2013,Uso comercial,,M3,11740415.2
2023,Uso comercial,,M3,9772381.2
2021,Uso comercial,,M3,10471436.0
2020,Uso comercial,,M3,11253856.2
2017,Uso comercial,,M3,11970086.0
2016,Uso comercial,,M3,12429023.2
2023,Uso comercial,Araba/Álava,M3,119019.2
2022,Uso comercial,Araba/Álava,M3,315629.0
2021,Uso comercial,Araba/Álava,M3,307205.5
2021,Uso comercial,Bizkaia,M3,4743841.0
2022,Uso comercial,Bizkaia,M3,4746266.6
2023,Uso comercial,Bizkaia,M3,6283333.0
2022,Uso comercial,Gipuzkoa,M3,5998564.0
2023,Uso comercial,Gipuzkoa,M3,3370029.0
2021,Uso comercial,Gipuzkoa,M3,5420389.0
2017,Uso público,,M3,10650290.2
2019,Uso público,,M3,10440779.4
2016,Uso público,,M3,10427598.1
2021,Uso público,,M3,9263988.0
2023,Uso público,,M3,18438765.3
2020,Uso público,,M3,5047360.5
2018,Uso público,,M3,10356549.1
2013,Uso público,,M3,10687889.9
2022,Uso público,,M3,11010562.7
2022,Uso público,Araba/Álava,M3,4000563.8
2023,Uso público,Araba/Álava,M3,3766872.3
2021,Uso público,Araba/Álava,M3,3068185.1
2023,Uso público,Bizkaia,M3,9791675.0
2022,Uso público,Bizkaia,M3,4162631.5
2021,Uso público,Bizkaia,M3,4165676.5
2023,Uso público,Gipuzkoa,M3,4880218.0
2022,Uso público,Gipuzkoa,M3,2847367.4
2021,Uso público,Gipuzkoa,M3,2030126.5
2023,Uso agropecuario,,M3,2051068.7
2021,Uso agropecuario,,M3,1065919.0
2016,Uso agropecuario,,M3,1127021.1
2018,Uso agropecuario,,M3,1131076.3
2017,Uso agropecuario,,M3,1122869.4
2013,Uso agropecuario,,M3,358850.4
2022,Uso agropecuario,,M3,1827137.7
2019,Uso agropecuario,,M3,1262937.4
2020,Uso agropecuario,,M3,2907569.7
2021,Uso agropecuario,Araba/Álava,M3,256133.2
2023,Uso agropecuario,Araba/Álava,M3,984376.7
2022,Uso agropecuario,Araba/Álava,M3,895748.9
2022,Uso agropecuario,Bizkaia,M3,704744.6
2023,Uso agropecuario,Bizkaia,M3,694183.4
2021,Uso agropecuario,Bizkaia,M3,660993.0
2022,Uso agropecuario,Gipuzkoa,M3,226644.3
2023,Uso agropecuario,Gipuzkoa,M3,372508.6
2021,Uso agropecuario,Gipuzkoa,M3,148793.0
2017,Otros usos,,M3,1631735.3
2022,Otros usos,,M3,1805713.9
2020,Otros usos,,M3,1638772.1
2016,Otros usos,,M3,1522943.9
2018,Otros usos,,M3,1707479.9
2013,Otros usos,,M3,1203523.7
2019,Otros usos,,M3,1720927.5
2023,Otros usos,,M3,1577879.3
2021,Otros usos,,M3,1790472.0
2023,Otros usos,Araba/Álava,M3,196804.0
2022,Otros usos,Araba/Álava,M3,176484.9
2021,Otros usos,Araba/Álava,M3,176878.9
2023,Otros usos,Bizkaia,M3,1088286.9
2022,Otros usos,Bizkaia,M3,1251232.9
2021,Otros usos,Bizkaia,M3,1251139.6
2023,Otros usos,Gipuzkoa,M3,292788.4
2022,Otros usos,Gipuzkoa,M3,377996.1
2021,Otros usos,Gipuzkoa,M3,362453.8
