Year,Series,Units,Value
2000,Proporción de la población con acceso a la electricidad,%,100.0
2022,Proporción de la población con acceso a la electricidad,%,100.0
2008,Proporción de la población con acceso a la electricidad,%,100.0
2004,Proporción de la población con acceso a la electricidad,%,99.8
2020,Proporción de la población con acceso a la electricidad,%,100.0
2016,Proporción de la población con acceso a la electricidad,%,100.0
2014,Proporción de la población con acceso a la electricidad,%,100.0
2018,Proporción de la población con acceso a la electricidad,%,100.0
2012,Proporción de la población con acceso a la electricidad,%,100.0
