Year,Sexo,Territorio histórico,Units,Value
2019,,,Por millón de habitantes,6162.8
2021,,,Por millón de habitantes,6560.5
2023,,,Por millón de habitantes,7408.0
2020,,,Por millón de habitantes,6204.9
2022,,,Por millón de habitantes,6953.0
2010,,,Por millón de habitantes,5098.1
2016,,,Por millón de habitantes,5481.3
2013,,,Por millón de habitantes,5496.2
2014,,,Por millón de habitantes,5536.2
2017,,,Por millón de habitantes,5788.4
2015,,,Por millón de habitantes,5564.5
2011,,,Por millón de habitantes,5180.9
2012,,,Por millón de habitantes,5399.2
2018,,,Por millón de habitantes,6027.3
2010,,Araba/Álava,Por millón de habitantes,3631.3
2017,,Araba/Álava,Por millón de habitantes,5233.3
2019,,Araba/Álava,Por millón de habitantes,4782.0
2013,,Araba/Álava,Por millón de habitantes,4682.2
2012,,Araba/Álava,Por millón de habitantes,4148.7
2016,,Araba/Álava,Por millón de habitantes,4651.0
2023,,Araba/Álava,Por millón de habitantes,5378.3
2011,,Araba/Álava,Por millón de habitantes,3879.2
2018,,Araba/Álava,Por millón de habitantes,5238.7
2022,,Araba/Álava,Por millón de habitantes,5099.6
2014,,Araba/Álava,Por millón de habitantes,4613.2
2015,,Araba/Álava,Por millón de habitantes,4818.1
2020,,Araba/Álava,Por millón de habitantes,4863.1
2021,,Araba/Álava,Por millón de habitantes,4891.0
2011,,Bizkaia,Por millón de habitantes,4782.9
2012,,Bizkaia,Por millón de habitantes,5045.7
2013,,Bizkaia,Por millón de habitantes,5116.9
2016,,Bizkaia,Por millón de habitantes,4889.7
2022,,Bizkaia,Por millón de habitantes,6289.1
2019,,Bizkaia,Por millón de habitantes,5507.4
2014,,Bizkaia,Por millón de habitantes,5167.9
2023,,Bizkaia,Por millón de habitantes,6728.5
2020,,Bizkaia,Por millón de habitantes,5535.1
2018,,Bizkaia,Por millón de habitantes,5230.3
2010,,Bizkaia,Por millón de habitantes,4751.5
2015,,Bizkaia,Por millón de habitantes,5109.1
2021,,Bizkaia,Por millón de habitantes,5837.9
2017,,Bizkaia,Por millón de habitantes,4989.5
2017,,Gipuzkoa,Por millón de habitantes,7317.1
2018,,Gipuzkoa,Por millón de habitantes,7658.9
2022,,Gipuzkoa,Por millón de habitantes,8865.0
2013,,Gipuzkoa,Por millón de habitantes,6478.7
2021,,Gipuzkoa,Por millón de habitantes,8478.4
2010,,Gipuzkoa,Por millón de habitantes,6331.9
2019,,Gipuzkoa,Por millón de habitantes,7839.7
2015,,Gipuzkoa,Por millón de habitantes,6633.7
2016,,Gipuzkoa,Por millón de habitantes,6805.1
2011,,Gipuzkoa,Por millón de habitantes,6424.6
2012,,Gipuzkoa,Por millón de habitantes,6543.7
2020,,Gipuzkoa,Por millón de habitantes,7887.6
2023,,Gipuzkoa,Por millón de habitantes,9429.7
2014,,Gipuzkoa,Por millón de habitantes,6547.1
2016,Mujer,,Por millón de habitantes,3765.8
2015,Mujer,,Por millón de habitantes,3839.5
2013,Mujer,,Por millón de habitantes,3752.6
2012,Mujer,,Por millón de habitantes,3709.1
2014,Mujer,,Por millón de habitantes,3768.1
2022,Mujer,,Por millón de habitantes,4895.7
2021,Mujer,,Por millón de habitantes,4618.4
2019,Mujer,,Por millón de habitantes,4346.2
2017,Mujer,,Por millón de habitantes,3992.2
2010,Mujer,,Por millón de habitantes,3384.7
2020,Mujer,,Por millón de habitantes,4380.2
2018,Mujer,,Por millón de habitantes,4147.5
2023,Mujer,,Por millón de habitantes,5187.1
2011,Mujer,,Por millón de habitantes,3584.4
2022,Mujer,Araba/Álava,Por millón de habitantes,3546.2
2018,Mujer,Araba/Álava,Por millón de habitantes,3669.6
2020,Mujer,Araba/Álava,Por millón de habitantes,3511.8
2010,Mujer,Araba/Álava,Por millón de habitantes,2464.5
2021,Mujer,Araba/Álava,Por millón de habitantes,3378.9
2019,Mujer,Araba/Álava,Por millón de habitantes,3383.0
2017,Mujer,Araba/Álava,Por millón de habitantes,3617.4
2015,Mujer,Araba/Álava,Por millón de habitantes,3322.1
2016,Mujer,Araba/Álava,Por millón de habitantes,3380.6
2013,Mujer,Araba/Álava,Por millón de habitantes,3223.8
2012,Mujer,Araba/Álava,Por millón de habitantes,3030.0
2011,Mujer,Araba/Álava,Por millón de habitantes,2737.7
2014,Mujer,Araba/Álava,Por millón de habitantes,3264.7
2023,Mujer,Araba/Álava,Por millón de habitantes,3683.1
2022,Mujer,Bizkaia,Por millón de habitantes,4597.1
2023,Mujer,Bizkaia,Por millón de habitantes,4827.9
2019,Mujer,Bizkaia,Por millón de habitantes,4155.5
2018,Mujer,Bizkaia,Por millón de habitantes,3755.2
2016,Mujer,Bizkaia,Por millón de habitantes,3523.9
2017,Mujer,Bizkaia,Por millón de habitantes,3675.2
2014,Mujer,Bizkaia,Por millón de habitantes,3632.7
2021,Mujer,Bizkaia,Por millón de habitantes,4234.3
2013,Mujer,Bizkaia,Por millón de habitantes,3619.7
2012,Mujer,Bizkaia,Por millón de habitantes,3584.5
2015,Mujer,Bizkaia,Por millón de habitantes,3690.4
2011,Mujer,Bizkaia,Por millón de habitantes,3512.7
2010,Mujer,Bizkaia,Por millón de habitantes,3416.8
2020,Mujer,Bizkaia,Por millón de habitantes,4092.8
2022,Mujer,Gipuzkoa,Por millón de habitantes,5997.6
2021,Mujer,Gipuzkoa,Por millón de habitantes,5805.7
2020,Mujer,Gipuzkoa,Por millón de habitantes,5241.3
2019,Mujer,Gipuzkoa,Por millón de habitantes,5093.2
2018,Mujer,Gipuzkoa,Por millón de habitantes,4999.5
2017,Mujer,Gipuzkoa,Por millón de habitantes,4675.2
2023,Mujer,Gipuzkoa,Por millón de habitantes,6459.3
2016,Mujer,Gipuzkoa,Por millón de habitantes,4332.1
2015,Mujer,Gipuzkoa,Por millón de habitantes,4315.0
2014,Mujer,Gipuzkoa,Por millón de habitantes,4215.1
2013,Mujer,Gipuzkoa,Por millón de habitantes,4207.3
2012,Mujer,Gipuzkoa,Por millón de habitantes,4219.8
2011,Mujer,Gipuzkoa,Por millón de habitantes,4082.6
2010,Mujer,Gipuzkoa,Por millón de habitantes,3741.4
2021,Hombre,,Por millón de habitantes,8621.8
2023,Hombre,,Por millón de habitantes,9765.4
2019,Hombre,,Por millón de habitantes,8090.4
2013,Hombre,,Por millón de habitantes,7333.0
2020,Hombre,,Por millón de habitantes,8141.1
2016,Hombre,,Por millón de habitantes,7297.3
2015,Hombre,,Por millón de habitantes,7387.6
2010,Hombre,,Por millón de habitantes,6893.1
2018,Hombre,,Por millón de habitantes,8021.9
2017,Hombre,,Por millón de habitantes,7693.1
2012,Hombre,,Por millón de habitantes,7175.1
2022,Hombre,,Por millón de habitantes,9138.4
2014,Hombre,,Por millón de habitantes,7402.4
2011,Hombre,,Por millón de habitantes,6855.6
2021,Hombre,Araba/Álava,Por millón de habitantes,6457.5
2022,Hombre,Araba/Álava,Por millón de habitantes,6710.7
2012,Hombre,Araba/Álava,Por millón de habitantes,5279.9
2015,Hombre,Araba/Álava,Por millón de habitantes,6350.1
2013,Hombre,Araba/Álava,Por millón de habitantes,6165.4
2020,Hombre,Araba/Álava,Por millón de habitantes,6262.0
2011,Hombre,Araba/Álava,Por millón de habitantes,5028.8
2018,Hombre,Araba/Álava,Por millón de habitantes,6858.8
2016,Hombre,Araba/Álava,Por millón de habitantes,5955.8
2014,Hombre,Araba/Álava,Por millón de habitantes,5990.1
2010,Hombre,Araba/Álava,Por millón de habitantes,4804.1
2023,Hombre,Araba/Álava,Por millón de habitantes,7137.2
2017,Hombre,Araba/Álava,Por millón de habitantes,6899.4
2019,Hombre,Araba/Álava,Por millón de habitantes,6228.3
2023,Hombre,Bizkaia,Por millón de habitantes,8775.0
2022,Hombre,Bizkaia,Por millón de habitantes,8114.2
2021,Hombre,Bizkaia,Por millón de habitantes,7567.0
2020,Hombre,Bizkaia,Por millón de habitantes,7090.2
2019,Hombre,Bizkaia,Por millón de habitantes,6965.8
2018,Hombre,Bizkaia,Por millón de habitantes,6821.3
2016,Hombre,Bizkaia,Por millón de habitantes,6360.0
2017,Hombre,Bizkaia,Por millón de habitantes,6406.4
2015,Hombre,Bizkaia,Por millón de habitantes,6635.1
2014,Hombre,Bizkaia,Por millón de habitantes,6817.3
2013,Hombre,Bizkaia,Por millón de habitantes,6721.9
2012,Hombre,Bizkaia,Por millón de habitantes,6607.9
2011,Hombre,Bizkaia,Por millón de habitantes,6138.2
2010,Hombre,Bizkaia,Por millón de habitantes,6173.4
2020,Hombre,Gipuzkoa,Por millón de habitantes,10657.0
2019,Hombre,Gipuzkoa,Por millón de habitantes,10713.1
2018,Hombre,Gipuzkoa,Por millón de habitantes,10442.2
2017,Hombre,Gipuzkoa,Por millón de habitantes,10081.3
2016,Hombre,Gipuzkoa,Por millón de habitantes,9388.3
2015,Hombre,Gipuzkoa,Por millón de habitantes,9051.2
2011,Hombre,Gipuzkoa,Por millón de habitantes,8859.0
2014,Hombre,Gipuzkoa,Por millón de habitantes,8975.4
2012,Hombre,Gipuzkoa,Por millón de habitantes,8960.0
2013,Hombre,Gipuzkoa,Por millón de habitantes,8841.7
2010,Hombre,Gipuzkoa,Por millón de habitantes,9021.4
2023,Hombre,Gipuzkoa,Por millón de habitantes,12544.4
2022,Hombre,Gipuzkoa,Por millón de habitantes,11871.3
2021,Hombre,Gipuzkoa,Por millón de habitantes,11275.8
