Year,Series,Units,Value
2016,Proporción de personas en zonas de abastecimiento que notifican al Sistema de Información Nacional de Agua de Consumo (SINAC),Porcentaje,82.6
2017,Proporción de personas en zonas de abastecimiento que notifican al Sistema de Información Nacional de Agua de Consumo (SINAC),Porcentaje,84.0
2018,Proporción de personas en zonas de abastecimiento que notifican al Sistema de Información Nacional de Agua de Consumo (SINAC),Porcentaje,81.9
2019,Proporción de personas en zonas de abastecimiento que notifican al Sistema de Información Nacional de Agua de Consumo (SINAC),Porcentaje,82.1
2020,Proporción de personas en zonas de abastecimiento que notifican al Sistema de Información Nacional de Agua de Consumo (SINAC),Porcentaje,81.3
2021,Proporción de personas en zonas de abastecimiento que notifican al Sistema de Información Nacional de Agua de Consumo (SINAC),Porcentaje,81.3
2022,Proporción de personas en zonas de abastecimiento que notifican al Sistema de Información Nacional de Agua de Consumo (SINAC),Porcentaje,76.1
2023,Proporción de personas en zonas de abastecimiento que notifican al Sistema de Información Nacional de Agua de Consumo (SINAC),Porcentaje,76.6
