Year,Series,Units,Value
2008,"Proporción de personas en riesgo de pobreza relativa con alquiler imputado, considerando el umbral nacional de pobreza",Porcentaje,4.52
2012,"Proporción de personas en riesgo de pobreza relativa con alquiler imputado, considerando el umbral nacional de pobreza",Porcentaje,7.14
2016,"Proporción de personas en riesgo de pobreza relativa con alquiler imputado, considerando el umbral nacional de pobreza",Porcentaje,7.65
2020,"Proporción de personas en riesgo de pobreza relativa con alquiler imputado, considerando el umbral nacional de pobreza",Porcentaje,8.61
