Year,Series,Units,Value
2008,"Proporción de personas en riesgo de pobreza relativa con alquiler imputado, considerando el umbral autonómico de pobreza",Porcentaje,10.33
2012,"Proporción de personas en riesgo de pobreza relativa con alquiler imputado, considerando el umbral autonómico de pobreza",Porcentaje,12.5
2016,"Proporción de personas en riesgo de pobreza relativa con alquiler imputado, considerando el umbral autonómico de pobreza",Porcentaje,14.29
2020,"Proporción de personas en riesgo de pobreza relativa con alquiler imputado, considerando el umbral autonómico de pobreza",Porcentaje,16.37
