Year,Series,Units,Value
2008,"Proporción de personas en riesgo de pobreza relativa, considerando el umbral nacional de pobreza",Porcentaje,8.77
2012,"Proporción de personas en riesgo de pobreza relativa, considerando el umbral nacional de pobreza",Porcentaje,8.8
2014,"Proporción de personas en riesgo de pobreza relativa, considerando el umbral nacional de pobreza",Porcentaje,10.34
2016,"Proporción de personas en riesgo de pobreza relativa, considerando el umbral nacional de pobreza",Porcentaje,8.96
2018,"Proporción de personas en riesgo de pobreza relativa, considerando el umbral nacional de pobreza",Porcentaje,10.16
2020,"Proporción de personas en riesgo de pobreza relativa, considerando el umbral nacional de pobreza",Porcentaje,9.84
2022,"Proporción de personas en riesgo de pobreza relativa, considerando el umbral nacional de pobreza",Porcentaje,10.61
