Year,Territorio,Comarca,Municipio,Units,GeoCode,Value
2010,01,,,PT,01,1.1
2011,01,,,PT,01,1
2012,01,,,PT,01,1.1
2013,01,,,PT,01,1
2014,01,,,PT,01,1.4
2015,01,,,PT,01,1.5
2016,01,,,PT,01,1.5
2017,01,,,PT,01,1.5
2018,01,,,PT,01,1.6
2019,01,,,PT,01,1.4
2020,01,,,PT,01,1.2
2021,01,,,PT,01,1.4
2022,01,,,PT,01,1.4
2014,,,01001,PT,01001,2.5
2015,,,01001,PT,01001,3.6
2016,,,01001,PT,01001,3.4
2017,,,01001,PT,01001,4.1
2018,,,01001,PT,01001,4
2019,,,01001,PT,01001,3.5
2020,,,01001,PT,01001,3.2
2014,,,01002,PT,01002,1.5
2015,,,01002,PT,01002,1.3
2016,,,01002,PT,01002,1.2
2017,,,01002,PT,01002,1.3
2018,,,01002,PT,01002,1.2
2019,,,01002,PT,01002,0.9
2020,,,01002,PT,01002,1
2014,,,01003,PT,01003,17.4
2015,,,01003,PT,01003,15.9
2016,,,01003,PT,01003,14.4
2017,,,01003,PT,01003,16.4
2018,,,01003,PT,01003,16.5
2019,,,01003,PT,01003,13.8
2020,,,01003,PT,01003,12.5
2014,,,01004,PT,01004,2.9
2015,,,01004,PT,01004,2.2
2016,,,01004,PT,01004,2.1
2017,,,01004,PT,01004,2.4
2018,,,01004,PT,01004,2.7
2019,,,01004,PT,01004,2
2020,,,01004,PT,01004,1.7
2014,,,01006,PT,01006,6.6
2015,,,01006,PT,01006,7.3
2016,,,01006,PT,01006,9.2
2017,,,01006,PT,01006,7.4
2018,,,01006,PT,01006,7.2
2019,,,01006,PT,01006,8.1
2020,,,01006,PT,01006,9.6
2014,,,01008,PT,01008,10.7
2015,,,01008,PT,01008,9.3
2016,,,01008,PT,01008,9
2017,,,01008,PT,01008,8.8
2018,,,01008,PT,01008,7.5
2019,,,01008,PT,01008,6.8
2020,,,01008,PT,01008,6.4
2014,,,01009,PT,01009,3.5
2015,,,01009,PT,01009,3.1
2016,,,01009,PT,01009,2.4
2017,,,01009,PT,01009,1.7
2018,,,01009,PT,01009,1.5
2019,,,01009,PT,01009,1.3
2020,,,01009,PT,01009,1.7
2014,,0101,,PT,0101,8.1
2015,,0101,,PT,0101,7.4
2016,,0101,,PT,0101,7.1
2017,,0101,,PT,0101,6.7
2018,,0101,,PT,0101,7
2019,,0101,,PT,0101,6.5
2020,,0101,,PT,0101,6.3
2014,,,01010,PT,01010,11.9
2015,,,01010,PT,01010,9.2
2016,,,01010,PT,01010,7.9
2017,,,01010,PT,01010,8.4
2018,,,01010,PT,01010,7.8
2019,,,01010,PT,01010,6.1
2020,,,01010,PT,01010,6
2014,,,01011,PT,01011,26.6
2015,,,01011,PT,01011,32.6
2016,,,01011,PT,01011,34.2
2017,,,01011,PT,01011,34.5
2018,,,01011,PT,01011,37.1
2019,,,01011,PT,01011,35.7
2020,,,01011,PT,01011,39.7
2014,,,01013,PT,01013,30.9
2015,,,01013,PT,01013,25.8
2016,,,01013,PT,01013,27.3
2017,,,01013,PT,01013,28.2
2018,,,01013,PT,01013,27.5
2019,,,01013,PT,01013,26.6
2020,,,01013,PT,01013,26.7
2014,,,01014,PT,01014,4.1
2015,,,01014,PT,01014,6
2016,,,01014,PT,01014,4.9
2017,,,01014,PT,01014,4
2018,,,01014,PT,01014,4.4
2019,,,01014,PT,01014,3.9
2020,,,01014,PT,01014,4.4
2014,,,01016,PT,01016,7.5
2015,,,01016,PT,01016,7.8
2016,,,01016,PT,01016,7.6
2017,,,01016,PT,01016,7.5
2018,,,01016,PT,01016,7.4
2019,,,01016,PT,01016,7
2020,,,01016,PT,01016,5.6
2014,,,01017,PT,01017,11.5
2015,,,01017,PT,01017,12.9
2016,,,01017,PT,01017,13.1
2017,,,01017,PT,01017,11.3
2018,,,01017,PT,01017,12.6
2019,,,01017,PT,01017,11.3
2020,,,01017,PT,01017,9.7
2014,,,01018,PT,01018,4.4
2015,,,01018,PT,01018,2.7
2016,,,01018,PT,01018,2.9
2017,,,01018,PT,01018,3.4
2018,,,01018,PT,01018,3.5
2019,,,01018,PT,01018,2.8
2020,,,01018,PT,01018,3.2
2014,,,01019,PT,01019,45.8
2015,,,01019,PT,01019,59
2016,,,01019,PT,01019,60.7
2017,,,01019,PT,01019,59.9
2018,,,01019,PT,01019,63.8
2019,,,01019,PT,01019,60.2
2020,,,01019,PT,01019,58.9
2014,,0102,,PT,0102,0.5
2015,,0102,,PT,0102,0.6
2016,,0102,,PT,0102,0.5
2017,,0102,,PT,0102,0.5
2018,,0102,,PT,0102,0.5
2019,,0102,,PT,0102,0.4
2020,,0102,,PT,0102,0.4
2014,,,01020,PT,01020,41.3
2015,,,01020,PT,01020,29.5
2016,,,01020,PT,01020,32.8
2017,,,01020,PT,01020,33
2018,,,01020,PT,01020,37.3
2019,,,01020,PT,01020,35.4
2020,,,01020,PT,01020,33.3
2014,,,01021,PT,01021,17
2015,,,01021,PT,01021,25.6
2016,,,01021,PT,01021,20.2
2017,,,01021,PT,01021,17.3
2018,,,01021,PT,01021,17.3
2019,,,01021,PT,01021,18.1
2020,,,01021,PT,01021,18.9
2014,,,01022,PT,01022,9.8
2015,,,01022,PT,01022,13.3
2016,,,01022,PT,01022,13.8
2017,,,01022,PT,01022,12.6
2018,,,01022,PT,01022,14.1
2019,,,01022,PT,01022,12.5
2020,,,01022,PT,01022,12.3
2014,,,01023,PT,01023,25.5
2015,,,01023,PT,01023,33.6
2016,,,01023,PT,01023,39.7
2017,,,01023,PT,01023,43.1
2018,,,01023,PT,01023,50.6
2019,,,01023,PT,01023,48.9
2020,,,01023,PT,01023,53.4
2014,,,01027,PT,01027,35.9
2015,,,01027,PT,01027,44.1
2016,,,01027,PT,01027,37.2
2017,,,01027,PT,01027,34.5
2018,,,01027,PT,01027,33.5
2019,,,01027,PT,01027,36.5
2020,,,01027,PT,01027,35.3
2014,,,01028,PT,01028,8.2
2015,,,01028,PT,01028,10.8
2016,,,01028,PT,01028,8.9
2017,,,01028,PT,01028,8.6
2018,,,01028,PT,01028,9.8
2019,,,01028,PT,01028,8.2
2020,,,01028,PT,01028,6.8
2014,,0103,,PT,0103,12
2015,,0103,,PT,0103,12.2
2016,,0103,,PT,0103,12.6
2017,,0103,,PT,0103,12
2018,,0103,,PT,0103,12.4
2019,,0103,,PT,0103,11.4
2020,,0103,,PT,0103,10
2014,,,01030,PT,01030,18.9
2015,,,01030,PT,01030,24
2016,,,01030,PT,01030,21.5
2017,,,01030,PT,01030,17.9
2018,,,01030,PT,01030,22
2019,,,01030,PT,01030,18.9
2020,,,01030,PT,01030,22.1
2014,,,01031,PT,01031,8.3
2015,,,01031,PT,01031,9.3
2016,,,01031,PT,01031,10.4
2017,,,01031,PT,01031,9.8
2018,,,01031,PT,01031,11.2
2019,,,01031,PT,01031,9
2020,,,01031,PT,01031,8.6
2014,,,01032,PT,01032,13
2015,,,01032,PT,01032,17.7
2016,,,01032,PT,01032,17.3
2017,,,01032,PT,01032,17.4
2018,,,01032,PT,01032,18.9
2019,,,01032,PT,01032,16.3
2020,,,01032,PT,01032,12.9
2014,,,01033,PT,01033,1.8
2015,,,01033,PT,01033,2.5
2016,,,01033,PT,01033,3
2017,,,01033,PT,01033,3.7
2018,,,01033,PT,01033,4.8
2019,,,01033,PT,01033,5.6
2020,,,01033,PT,01033,5.8
2014,,,01034,PT,01034,23.4
2015,,,01034,PT,01034,29.8
2016,,,01034,PT,01034,32.1
2017,,,01034,PT,01034,29.1
2018,,,01034,PT,01034,48.6
2019,,,01034,PT,01034,44.3
2020,,,01034,PT,01034,37.5
2014,,,01036,PT,01036,0.3
2015,,,01036,PT,01036,0.3
2016,,,01036,PT,01036,0.3
2017,,,01036,PT,01036,0.3
2018,,,01036,PT,01036,0.3
2019,,,01036,PT,01036,0.2
2020,,,01036,PT,01036,0.2
2014,,,01037,PT,01037,12.6
2015,,,01037,PT,01037,11
2016,,,01037,PT,01037,12.7
2017,,,01037,PT,01037,13.4
2018,,,01037,PT,01037,13.4
2019,,,01037,PT,01037,12.2
2020,,,01037,PT,01037,12
2014,,,01039,PT,01039,34
2015,,,01039,PT,01039,31.2
2016,,,01039,PT,01039,38.6
2017,,,01039,PT,01039,36.7
2018,,,01039,PT,01039,39.4
2019,,,01039,PT,01039,34.7
2020,,,01039,PT,01039,26
2014,,0104,,PT,0104,8.9
2015,,0104,,PT,0104,11.4
2016,,0104,,PT,0104,12.6
2017,,0104,,PT,0104,12.6
2018,,0104,,PT,0104,14.8
2019,,0104,,PT,0104,12.7
2020,,0104,,PT,0104,11.2
2014,,,01041,PT,01041,27.9
2015,,,01041,PT,01041,36.1
2016,,,01041,PT,01041,40.4
2017,,,01041,PT,01041,38.1
2018,,,01041,PT,01041,43.2
2019,,,01041,PT,01041,39.5
2020,,,01041,PT,01041,37.6
2014,,,01042,PT,01042,5.7
2015,,,01042,PT,01042,4.8
2016,,,01042,PT,01042,5.5
2017,,,01042,PT,01042,5.7
2018,,,01042,PT,01042,5.2
2019,,,01042,PT,01042,4.1
2020,,,01042,PT,01042,4.4
2014,,,01043,PT,01043,3.6
2015,,,01043,PT,01043,4.9
2016,,,01043,PT,01043,5.9
2017,,,01043,PT,01043,7
2018,,,01043,PT,01043,9
2019,,,01043,PT,01043,8.6
2020,,,01043,PT,01043,6.7
2014,,,01044,PT,01044,29.7
2015,,,01044,PT,01044,28.7
2016,,,01044,PT,01044,31.5
2017,,,01044,PT,01044,30.2
2018,,,01044,PT,01044,31.7
2019,,,01044,PT,01044,33.2
2020,,,01044,PT,01044,34.2
2014,,,01046,PT,01046,28.5
2015,,,01046,PT,01046,22.5
2016,,,01046,PT,01046,25.1
2017,,,01046,PT,01046,23
2018,,,01046,PT,01046,25.8
2019,,,01046,PT,01046,26.9
2020,,,01046,PT,01046,27.1
2014,,,01047,PT,01047,1.3
2015,,,01047,PT,01047,1.3
2016,,,01047,PT,01047,1.5
2017,,,01047,PT,01047,1.7
2018,,,01047,PT,01047,1.8
2019,,,01047,PT,01047,1.6
2020,,,01047,PT,01047,1.5
2014,,,01049,PT,01049,13.6
2015,,,01049,PT,01049,16.8
2016,,,01049,PT,01049,15.8
2017,,,01049,PT,01049,14.3
2018,,,01049,PT,01049,11.8
2019,,,01049,PT,01049,14.7
2020,,,01049,PT,01049,13.6
2014,,0105,,PT,0105,4.3
2015,,0105,,PT,0105,3.1
2016,,0105,,PT,0105,2.8
2017,,0105,,PT,0105,2.7
2018,,0105,,PT,0105,2.6
2019,,0105,,PT,0105,2
2020,,0105,,PT,0105,2.1
2014,,,01051,PT,01051,2.8
2015,,,01051,PT,01051,2.7
2016,,,01051,PT,01051,2.2
2017,,,01051,PT,01051,1.7
2018,,,01051,PT,01051,1.6
2019,,,01051,PT,01051,1.5
2020,,,01051,PT,01051,1.5
2014,,,01052,PT,01052,13.9
2015,,,01052,PT,01052,19.5
2016,,,01052,PT,01052,23
2017,,,01052,PT,01052,21.1
2018,,,01052,PT,01052,23.3
2019,,,01052,PT,01052,19.6
2020,,,01052,PT,01052,14.2
2014,,,01053,PT,01053,22.3
2015,,,01053,PT,01053,23
2016,,,01053,PT,01053,23.9
2017,,,01053,PT,01053,22.8
2018,,,01053,PT,01053,23.9
2019,,,01053,PT,01053,20.4
2020,,,01053,PT,01053,19.9
2014,,,01054,PT,01054,9.6
2015,,,01054,PT,01054,6.9
2016,,,01054,PT,01054,6
2017,,,01054,PT,01054,6.3
2018,,,01054,PT,01054,6.9
2019,,,01054,PT,01054,4.6
2020,,,01054,PT,01054,4.2
2014,,,01055,PT,01055,22.8
2015,,,01055,PT,01055,19.8
2016,,,01055,PT,01055,19.2
2017,,,01055,PT,01055,18.9
2018,,,01055,PT,01055,19.8
2019,,,01055,PT,01055,20.5
2020,,,01055,PT,01055,19.3
2014,,,01056,PT,01056,34.9
2015,,,01056,PT,01056,32.3
2016,,,01056,PT,01056,30.9
2017,,,01056,PT,01056,29.5
2018,,,01056,PT,01056,30.6
2019,,,01056,PT,01056,23.9
2020,,,01056,PT,01056,24.6
2014,,,01057,PT,01057,11.3
2015,,,01057,PT,01057,15.4
2016,,,01057,PT,01057,15.5
2017,,,01057,PT,01057,13.8
2018,,,01057,PT,01057,16.2
2019,,,01057,PT,01057,13.8
2020,,,01057,PT,01057,14.7
2014,,,01058,PT,01058,1.6
2015,,,01058,PT,01058,1.2
2016,,,01058,PT,01058,0.9
2017,,,01058,PT,01058,0.6
2018,,,01058,PT,01058,0.6
2019,,,01058,PT,01058,0.4
2020,,,01058,PT,01058,0.5
2014,,,01059,PT,01059,0.2
2015,,,01059,PT,01059,0.2
2016,,,01059,PT,01059,0.2
2017,,,01059,PT,01059,0.2
2018,,,01059,PT,01059,0.2
2019,,,01059,PT,01059,0.2
2020,,,01059,PT,01059,0.2
2014,,0106,,PT,0106,1.7
2015,,0106,,PT,0106,1.3
2016,,0106,,PT,0106,1.3
2017,,0106,,PT,0106,1.3
2018,,0106,,PT,0106,1.2
2019,,0106,,PT,0106,0.9
2020,,0106,,PT,0106,0.9
2014,,,01060,PT,01060,41
2015,,,01060,PT,01060,46.7
2016,,,01060,PT,01060,53
2017,,,01060,PT,01060,58.5
2018,,,01060,PT,01060,66.1
2019,,,01060,PT,01060,63.4
2020,,,01060,PT,01060,60.3
2014,,,01061,PT,01061,32.1
2015,,,01061,PT,01061,29.5
2016,,,01061,PT,01061,27.3
2017,,,01061,PT,01061,23.9
2018,,,01061,PT,01061,27.1
2019,,,01061,PT,01061,25.8
2020,,,01061,PT,01061,23.8
2014,,,01062,PT,01062,30.2
2015,,,01062,PT,01062,33.3
2016,,,01062,PT,01062,28.7
2017,,,01062,PT,01062,24.3
2018,,,01062,PT,01062,22.8
2019,,,01062,PT,01062,20.9
2020,,,01062,PT,01062,16.1
2014,,,01063,PT,01063,5.8
2015,,,01063,PT,01063,3.9
2016,,,01063,PT,01063,3.9
2017,,,01063,PT,01063,4.1
2018,,,01063,PT,01063,4.7
2019,,,01063,PT,01063,3.2
2020,,,01063,PT,01063,3.3
2014,,,01901,PT,01901,1.4
2015,,,01901,PT,01901,1.2
2016,,,01901,PT,01901,1
2017,,,01901,PT,01901,0.9
2018,,,01901,PT,01901,0.9
2019,,,01901,PT,01901,0.9
2020,,,01901,PT,01901,0.7
2014,,,01902,PT,01902,5.7
2015,,,01902,PT,01902,4.5
2016,,,01902,PT,01902,3.8
2017,,,01902,PT,01902,3.4
2018,,,01902,PT,01902,3
2019,,,01902,PT,01902,3.1
2020,,,01902,PT,01902,2.8
2010,20,,,PT,20,0.5
2011,20,,,PT,20,0.5
2012,20,,,PT,20,0.6
2013,20,,,PT,20,0.5
2014,20,,,PT,20,0.5
2015,20,,,PT,20,0.5
2016,20,,,PT,20,0.5
2017,20,,,PT,20,0.6
2018,20,,,PT,20,0.5
2019,20,,,PT,20,0.6
2020,20,,,PT,20,0.5
2021,20,,,PT,20,0.6
2022,20,,,PT,20,0.7
2014,,,20001,PT,20001,6.7
2015,,,20001,PT,20001,9.7
2016,,,20001,PT,20001,7.7
2017,,,20001,PT,20001,7
2018,,,20001,PT,20001,5.6
2019,,,20001,PT,20001,6.5
2020,,,20001,PT,20001,6.5
2014,,,20002,PT,20002,0.6
2015,,,20002,PT,20002,0.7
2016,,,20002,PT,20002,0.6
2017,,,20002,PT,20002,0.7
2018,,,20002,PT,20002,0.5
2019,,,20002,PT,20002,0.5
2020,,,20002,PT,20002,0.4
2014,,,20003,PT,20003,0.8
2015,,,20003,PT,20003,1.1
2016,,,20003,PT,20003,1
2017,,,20003,PT,20003,1
2018,,,20003,PT,20003,1
2019,,,20003,PT,20003,1
2020,,,20003,PT,20003,1.2
2014,,,20004,PT,20004,4.9
2015,,,20004,PT,20004,4
2016,,,20004,PT,20004,4.2
2017,,,20004,PT,20004,4.7
2018,,,20004,PT,20004,3.2
2019,,,20004,PT,20004,4.1
2020,,,20004,PT,20004,3.5
2014,,,20005,PT,20005,0.8
2015,,,20005,PT,20005,0.7
2016,,,20005,PT,20005,0.8
2017,,,20005,PT,20005,0.9
2018,,,20005,PT,20005,0.6
2019,,,20005,PT,20005,0.8
2020,,,20005,PT,20005,0.6
2014,,,20006,PT,20006,8.8
2015,,,20006,PT,20006,10.6
2016,,,20006,PT,20006,9.4
2017,,,20006,PT,20006,11.3
2018,,,20006,PT,20006,9.5
2019,,,20006,PT,20006,11.3
2020,,,20006,PT,20006,11.5
2014,,,20007,PT,20007,1.3
2015,,,20007,PT,20007,1.2
2016,,,20007,PT,20007,1.2
2017,,,20007,PT,20007,1.8
2018,,,20007,PT,20007,1.2
2019,,,20007,PT,20007,1.3
2020,,,20007,PT,20007,1
2014,,,20008,PT,20008,1.9
2015,,,20008,PT,20008,1.7
2016,,,20008,PT,20008,1.8
2017,,,20008,PT,20008,2.1
2018,,,20008,PT,20008,1.6
2019,,,20008,PT,20008,1.5
2020,,,20008,PT,20008,1.5
2014,,,20009,PT,20009,0.2
2015,,,20009,PT,20009,0.3
2016,,,20009,PT,20009,0.2
2017,,,20009,PT,20009,0.2
2018,,,20009,PT,20009,0.2
2019,,,20009,PT,20009,0.2
2020,,,20009,PT,20009,0.2
2014,,2001,,PT,2001,1
2015,,2001,,PT,2001,1.1
2016,,2001,,PT,2001,1
2017,,2001,,PT,2001,1.3
2018,,2001,,PT,2001,1.3
2019,,2001,,PT,2001,1.3
2020,,2001,,PT,2001,1
2014,,,20010,PT,20010,0.3
2015,,,20010,PT,20010,0.4
2016,,,20010,PT,20010,0.4
2017,,,20010,PT,20010,0.5
2018,,,20010,PT,20010,0.4
2019,,,20010,PT,20010,0.5
2020,,,20010,PT,20010,0.5
2014,,,20011,PT,20011,1.1
2015,,,20011,PT,20011,1.3
2016,,,20011,PT,20011,1.2
2017,,,20011,PT,20011,1.5
2018,,,20011,PT,20011,1.2
2019,,,20011,PT,20011,1.6
2020,,,20011,PT,20011,1.4
2014,,,20012,PT,20012,1.5
2015,,,20012,PT,20012,1.5
2016,,,20012,PT,20012,0.4
2017,,,20012,PT,20012,0.5
2018,,,20012,PT,20012,0.4
2019,,,20012,PT,20012,0.3
2020,,,20012,PT,20012,0.4
2014,,,20013,PT,20013,0.3
2015,,,20013,PT,20013,0.4
2016,,,20013,PT,20013,0.4
2017,,,20013,PT,20013,0.5
2018,,,20013,PT,20013,0.4
2019,,,20013,PT,20013,0.5
2020,,,20013,PT,20013,0.4
2014,,,20014,PT,20014,2.2
2015,,,20014,PT,20014,2.1
2016,,,20014,PT,20014,1.6
2017,,,20014,PT,20014,1.6
2018,,,20014,PT,20014,1.4
2019,,,20014,PT,20014,1.5
2020,,,20014,PT,20014,1.5
2014,,,20015,PT,20015,8.4
2015,,,20015,PT,20015,7.5
2016,,,20015,PT,20015,7.2
2017,,,20015,PT,20015,7.9
2018,,,20015,PT,20015,6.1
2019,,,20015,PT,20015,7.7
2020,,,20015,PT,20015,7.2
2014,,,20016,PT,20016,5.3
2015,,,20016,PT,20016,5.2
2016,,,20016,PT,20016,4.7
2017,,,20016,PT,20016,5.2
2018,,,20016,PT,20016,4.2
2019,,,20016,PT,20016,5
2020,,,20016,PT,20016,4.9
2014,,,20017,PT,20017,0.5
2015,,,20017,PT,20017,0.6
2016,,,20017,PT,20017,0.7
2017,,,20017,PT,20017,0.9
2018,,,20017,PT,20017,0.7
2019,,,20017,PT,20017,0.9
2020,,,20017,PT,20017,0.8
2014,,,20018,PT,20018,0.6
2015,,,20018,PT,20018,0.7
2016,,,20018,PT,20018,0.7
2017,,,20018,PT,20018,0.9
2018,,,20018,PT,20018,0.7
2019,,,20018,PT,20018,0.9
2020,,,20018,PT,20018,0.9
2014,,,20019,PT,20019,0.2
2015,,,20019,PT,20019,0.2
2016,,,20019,PT,20019,0.2
2017,,,20019,PT,20019,0.2
2018,,,20019,PT,20019,0.1
2019,,,20019,PT,20019,0.2
2020,,,20019,PT,20019,0.1
2014,,2002,,PT,2002,0.4
2015,,2002,,PT,2002,0.4
2016,,2002,,PT,2002,0.5
2017,,2002,,PT,2002,0.6
2018,,2002,,PT,2002,0.5
2019,,2002,,PT,2002,0.6
2020,,2002,,PT,2002,0.6
2014,,,20020,PT,20020,15.6
2015,,,20020,PT,20020,16.5
2016,,,20020,PT,20020,19.2
2017,,,20020,PT,20020,19.9
2018,,,20020,PT,20020,18.5
2019,,,20020,PT,20020,23.8
2020,,,20020,PT,20020,20.4
2014,,,20021,PT,20021,1.7
2015,,,20021,PT,20021,1.4
2016,,,20021,PT,20021,1.3
2017,,,20021,PT,20021,1.2
2018,,,20021,PT,20021,0.9
2019,,,20021,PT,20021,1.1
2020,,,20021,PT,20021,1
2014,,,20022,PT,20022,2.7
2015,,,20022,PT,20022,2.7
2016,,,20022,PT,20022,2.9
2017,,,20022,PT,20022,3.7
2018,,,20022,PT,20022,2.7
2019,,,20022,PT,20022,3.7
2020,,,20022,PT,20022,3.1
2014,,,20023,PT,20023,3.2
2015,,,20023,PT,20023,3.6
2016,,,20023,PT,20023,3.3
2017,,,20023,PT,20023,3.4
2018,,,20023,PT,20023,2.6
2019,,,20023,PT,20023,3.2
2020,,,20023,PT,20023,3.4
2014,,,20024,PT,20024,5.5
2015,,,20024,PT,20024,6.8
2016,,,20024,PT,20024,6.4
2017,,,20024,PT,20024,6.4
2018,,,20024,PT,20024,5.8
2019,,,20024,PT,20024,6.5
2020,,,20024,PT,20024,5.9
2014,,,20025,PT,20025,3.6
2015,,,20025,PT,20025,4.1
2016,,,20025,PT,20025,3.3
2017,,,20025,PT,20025,4
2018,,,20025,PT,20025,2.6
2019,,,20025,PT,20025,3.8
2020,,,20025,PT,20025,3.4
2014,,,20026,PT,20026,12
2015,,,20026,PT,20026,10.9
2016,,,20026,PT,20026,9.4
2017,,,20026,PT,20026,9.9
2018,,,20026,PT,20026,9
2019,,,20026,PT,20026,8.2
2020,,,20026,PT,20026,7.8
2014,,,20027,PT,20027,1.6
2015,,,20027,PT,20027,1.6
2016,,,20027,PT,20027,1.7
2017,,,20027,PT,20027,2
2018,,,20027,PT,20027,1.7
2019,,,20027,PT,20027,1.9
2020,,,20027,PT,20027,1.6
2014,,,20028,PT,20028,1.2
2015,,,20028,PT,20028,1.2
2016,,,20028,PT,20028,1.1
2017,,,20028,PT,20028,1.2
2018,,,20028,PT,20028,0.9
2019,,,20028,PT,20028,1.1
2020,,,20028,PT,20028,1
2014,,,20029,PT,20029,1.1
2015,,,20029,PT,20029,1.1
2016,,,20029,PT,20029,1.1
2017,,,20029,PT,20029,1.3
2018,,,20029,PT,20029,0.9
2019,,,20029,PT,20029,1.2
2020,,,20029,PT,20029,1.2
2014,,2003,,PT,2003,0.5
2015,,2003,,PT,2003,0.5
2016,,2003,,PT,2003,0.5
2017,,2003,,PT,2003,0.7
2018,,2003,,PT,2003,0.4
2019,,2003,,PT,2003,0.6
2020,,2003,,PT,2003,0.5
2014,,,20030,PT,20030,0.1
2015,,,20030,PT,20030,0.1
2016,,,20030,PT,20030,0.2
2017,,,20030,PT,20030,0.2
2018,,,20030,PT,20030,0.2
2019,,,20030,PT,20030,0.2
2020,,,20030,PT,20030,0.2
2014,,,20031,PT,20031,7.9
2015,,,20031,PT,20031,7
2016,,,20031,PT,20031,5.8
2017,,,20031,PT,20031,7.2
2018,,,20031,PT,20031,6.5
2019,,,20031,PT,20031,7.8
2020,,,20031,PT,20031,7.2
2014,,,20032,PT,20032,0.3
2015,,,20032,PT,20032,0.3
2016,,,20032,PT,20032,0.3
2017,,,20032,PT,20032,0.4
2018,,,20032,PT,20032,0.3
2019,,,20032,PT,20032,0.5
2020,,,20032,PT,20032,0.4
2014,,,20033,PT,20033,0.9
2015,,,20033,PT,20033,1
2016,,,20033,PT,20033,1.2
2017,,,20033,PT,20033,1.5
2018,,,20033,PT,20033,0.9
2019,,,20033,PT,20033,1.3
2020,,,20033,PT,20033,1.3
2014,,,20034,PT,20034,0.7
2015,,,20034,PT,20034,0.7
2016,,,20034,PT,20034,0.8
2017,,,20034,PT,20034,1
2018,,,20034,PT,20034,0.9
2019,,,20034,PT,20034,1
2020,,,20034,PT,20034,1
2014,,,20035,PT,20035,1.7
2015,,,20035,PT,20035,1.7
2016,,,20035,PT,20035,1.9
2017,,,20035,PT,20035,2.5
2018,,,20035,PT,20035,1.6
2019,,,20035,PT,20035,2.1
2020,,,20035,PT,20035,1.9
2014,,,20036,PT,20036,4.5
2015,,,20036,PT,20036,5.2
2016,,,20036,PT,20036,4.8
2017,,,20036,PT,20036,6.6
2018,,,20036,PT,20036,6
2019,,,20036,PT,20036,5.8
2020,,,20036,PT,20036,4.7
2014,,,20037,PT,20037,13.7
2015,,,20037,PT,20037,13.9
2016,,,20037,PT,20037,13.8
2017,,,20037,PT,20037,16.5
2018,,,20037,PT,20037,12.3
2019,,,20037,PT,20037,15.7
2020,,,20037,PT,20037,14.6
2014,,,20038,PT,20038,5.7
2015,,,20038,PT,20038,6.6
2016,,,20038,PT,20038,6.3
2017,,,20038,PT,20038,6.6
2018,,,20038,PT,20038,4.9
2019,,,20038,PT,20038,5.8
2020,,,20038,PT,20038,6.2
2014,,,20039,PT,20039,18.1
2015,,,20039,PT,20039,20.7
2016,,,20039,PT,20039,19.2
2017,,,20039,PT,20039,24.7
2018,,,20039,PT,20039,23
2019,,,20039,PT,20039,20.8
2020,,,20039,PT,20039,17.6
2014,,2004,,PT,2004,0.2
2015,,2004,,PT,2004,0.2
2016,,2004,,PT,2004,0.2
2017,,2004,,PT,2004,0.2
2018,,2004,,PT,2004,0.2
2019,,2004,,PT,2004,0.2
2020,,2004,,PT,2004,0.2
2014,,,20040,PT,20040,0.5
2015,,,20040,PT,20040,0.5
2016,,,20040,PT,20040,0.4
2017,,,20040,PT,20040,0.3
2018,,,20040,PT,20040,0.3
2019,,,20040,PT,20040,0.3
2020,,,20040,PT,20040,0.3
2014,,,20041,PT,20041,4.9
2015,,,20041,PT,20041,7.3
2016,,,20041,PT,20041,5.8
2017,,,20041,PT,20041,7
2018,,,20041,PT,20041,5.4
2019,,,20041,PT,20041,5.5
2020,,,20041,PT,20041,5.5
2014,,,20042,PT,20042,0.6
2015,,,20042,PT,20042,0.6
2016,,,20042,PT,20042,0.5
2017,,,20042,PT,20042,0.6
2018,,,20042,PT,20042,0.5
2019,,,20042,PT,20042,0.5
2020,,,20042,PT,20042,0.5
2014,,,20043,PT,20043,1.6
2015,,,20043,PT,20043,2.5
2016,,,20043,PT,20043,1.6
2017,,,20043,PT,20043,1.9
2018,,,20043,PT,20043,1.3
2019,,,20043,PT,20043,1.2
2020,,,20043,PT,20043,1
2014,,,20044,PT,20044,0.6
2015,,,20044,PT,20044,0.8
2016,,,20044,PT,20044,0.5
2017,,,20044,PT,20044,0.5
2018,,,20044,PT,20044,0.4
2019,,,20044,PT,20044,0.4
2020,,,20044,PT,20044,0.5
2014,,,20045,PT,20045,0.1
2015,,,20045,PT,20045,0.2
2016,,,20045,PT,20045,0.1
2017,,,20045,PT,20045,0.1
2018,,,20045,PT,20045,0.1
2019,,,20045,PT,20045,0.1
2020,,,20045,PT,20045,0.1
2014,,,20046,PT,20046,0.1
2015,,,20046,PT,20046,0.1
2016,,,20046,PT,20046,0.1
2017,,,20046,PT,20046,0.1
2018,,,20046,PT,20046,0.1
2019,,,20046,PT,20046,0.1
2020,,,20046,PT,20046,0.1
2014,,,20047,PT,20047,1
2015,,,20047,PT,20047,1.2
2016,,,20047,PT,20047,1.4
2017,,,20047,PT,20047,1.7
2018,,,20047,PT,20047,1.6
2019,,,20047,PT,20047,1.8
2020,,,20047,PT,20047,1.3
2014,,,20048,PT,20048,6.8
2015,,,20048,PT,20048,7.5
2016,,,20048,PT,20048,4.8
2017,,,20048,PT,20048,4.5
2018,,,20048,PT,20048,4.3
2019,,,20048,PT,20048,4.3
2020,,,20048,PT,20048,5.1
2014,,,20049,PT,20049,0.8
2015,,,20049,PT,20049,0.8
2016,,,20049,PT,20049,0.8
2017,,,20049,PT,20049,0.9
2018,,,20049,PT,20049,0.6
2019,,,20049,PT,20049,0.7
2020,,,20049,PT,20049,0.7
2014,,2005,,PT,2005,0.6
2015,,2005,,PT,2005,0.7
2016,,2005,,PT,2005,0.6
2017,,2005,,PT,2005,0.7
2018,,2005,,PT,2005,0.5
2019,,2005,,PT,2005,0.6
2020,,2005,,PT,2005,0.6
2014,,,20050,PT,20050,2
2015,,,20050,PT,20050,1.9
2016,,,20050,PT,20050,1.8
2017,,,20050,PT,20050,2.1
2018,,,20050,PT,20050,1.7
2019,,,20050,PT,20050,2.1
2020,,,20050,PT,20050,2
2014,,,20051,PT,20051,0.4
2015,,,20051,PT,20051,0.3
2016,,,20051,PT,20051,0.4
2017,,,20051,PT,20051,0.5
2018,,,20051,PT,20051,0.3
2019,,,20051,PT,20051,0.5
2020,,,20051,PT,20051,0.4
2014,,,20052,PT,20052,2.1
2015,,,20052,PT,20052,2.3
2016,,,20052,PT,20052,1.6
2017,,,20052,PT,20052,1.5
2018,,,20052,PT,20052,1.2
2019,,,20052,PT,20052,1.2
2020,,,20052,PT,20052,1
2014,,,20053,PT,20053,0.1
2015,,,20053,PT,20053,0.2
2016,,,20053,PT,20053,0.1
2017,,,20053,PT,20053,0.2
2018,,,20053,PT,20053,0.1
2019,,,20053,PT,20053,0.1
2020,,,20053,PT,20053,0.1
2014,,,20054,PT,20054,1.6
2015,,,20054,PT,20054,1.7
2016,,,20054,PT,20054,1.6
2017,,,20054,PT,20054,1.8
2018,,,20054,PT,20054,1.3
2019,,,20054,PT,20054,1.6
2020,,,20054,PT,20054,1.4
2014,,,20055,PT,20055,0.1
2015,,,20055,PT,20055,0.1
2016,,,20055,PT,20055,0.2
2017,,,20055,PT,20055,0.2
2018,,,20055,PT,20055,0.1
2019,,,20055,PT,20055,0.2
2020,,,20055,PT,20055,0.2
2014,,,20056,PT,20056,2.1
2015,,,20056,PT,20056,2.1
2016,,,20056,PT,20056,2.3
2017,,,20056,PT,20056,2.5
2018,,,20056,PT,20056,2.4
2019,,,20056,PT,20056,2.5
2020,,,20056,PT,20056,2.6
2014,,,20057,PT,20057,10.1
2015,,,20057,PT,20057,10.2
2016,,,20057,PT,20057,11.8
2017,,,20057,PT,20057,14
2018,,,20057,PT,20057,7
2019,,,20057,PT,20057,7.7
2020,,,20057,PT,20057,8
2014,,,20058,PT,20058,0.2
2015,,,20058,PT,20058,0.2
2016,,,20058,PT,20058,0.2
2017,,,20058,PT,20058,0.3
2018,,,20058,PT,20058,0.2
2019,,,20058,PT,20058,0.2
2020,,,20058,PT,20058,0.2
2014,,,20059,PT,20059,0.7
2015,,,20059,PT,20059,0.7
2016,,,20059,PT,20059,0.7
2017,,,20059,PT,20059,0.8
2018,,,20059,PT,20059,0.6
2019,,,20059,PT,20059,0.7
2020,,,20059,PT,20059,0.7
2014,,2006,,PT,2006,1.1
2015,,2006,,PT,2006,1.1
2016,,2006,,PT,2006,1
2017,,2006,,PT,2006,1.1
2018,,2006,,PT,2006,0.9
2019,,2006,,PT,2006,1
2020,,2006,,PT,2006,0.9
2014,,,20060,PT,20060,8.1
2015,,,20060,PT,20060,11.2
2016,,,20060,PT,20060,14
2017,,,20060,PT,20060,16.5
2018,,,20060,PT,20060,14.2
2019,,,20060,PT,20060,10.5
2020,,,20060,PT,20060,10.8
2014,,,20061,PT,20061,4.7
2015,,,20061,PT,20061,5.1
2016,,,20061,PT,20061,5.7
2017,,,20061,PT,20061,7.7
2018,,,20061,PT,20061,7.7
2019,,,20061,PT,20061,6.3
2020,,,20061,PT,20061,3.6
2014,,,20062,PT,20062,0.4
2015,,,20062,PT,20062,0.3
2016,,,20062,PT,20062,0.3
2017,,,20062,PT,20062,0.3
2018,,,20062,PT,20062,0.2
2019,,,20062,PT,20062,0.3
2020,,,20062,PT,20062,0.4
2014,,,20063,PT,20063,0.5
2015,,,20063,PT,20063,0.5
2016,,,20063,PT,20063,0.4
2017,,,20063,PT,20063,0.4
2018,,,20063,PT,20063,0.3
2019,,,20063,PT,20063,0.3
2020,,,20063,PT,20063,0.3
2014,,,20064,PT,20064,2.3
2015,,,20064,PT,20064,2.4
2016,,,20064,PT,20064,2.4
2017,,,20064,PT,20064,2.1
2018,,,20064,PT,20064,2.6
2019,,,20064,PT,20064,3.8
2020,,,20064,PT,20064,3.5
2014,,,20065,PT,20065,0.5
2015,,,20065,PT,20065,0.5
2016,,,20065,PT,20065,0.6
2017,,,20065,PT,20065,0.8
2018,,,20065,PT,20065,0.6
2019,,,20065,PT,20065,0.8
2020,,,20065,PT,20065,0.8
2014,,,20066,PT,20066,5.1
2015,,,20066,PT,20066,5.1
2016,,,20066,PT,20066,6.4
2017,,,20066,PT,20066,7.4
2018,,,20066,PT,20066,6
2019,,,20066,PT,20066,7.3
2020,,,20066,PT,20066,5.9
2014,,,20067,PT,20067,0.1
2015,,,20067,PT,20067,0.1
2016,,,20067,PT,20067,0.1
2017,,,20067,PT,20067,0.2
2018,,,20067,PT,20067,0.1
2019,,,20067,PT,20067,0.1
2020,,,20067,PT,20067,0.1
2014,,,20068,PT,20068,4.5
2015,,,20068,PT,20068,5.8
2016,,,20068,PT,20068,6.3
2017,,,20068,PT,20068,7.2
2018,,,20068,PT,20068,5
2019,,,20068,PT,20068,6.7
2020,,,20068,PT,20068,8.3
2014,,,20069,PT,20069,0.1
2015,,,20069,PT,20069,0.1
2016,,,20069,PT,20069,0
2017,,,20069,PT,20069,0
2018,,,20069,PT,20069,0
2019,,,20069,PT,20069,0
2020,,,20069,PT,20069,0
2014,,2007,,PT,2007,1.7
2015,,2007,,PT,2007,1.9
2016,,2007,,PT,2007,1.9
2017,,2007,,PT,2007,2.5
2018,,2007,,PT,2007,2.1
2019,,2007,,PT,2007,2.2
2020,,2007,,PT,2007,1.9
2014,,,20070,PT,20070,2.6
2015,,,20070,PT,20070,2.7
2016,,,20070,PT,20070,2.4
2017,,,20070,PT,20070,2.9
2018,,,20070,PT,20070,2.4
2019,,,20070,PT,20070,2.9
2020,,,20070,PT,20070,2.8
2014,,,20071,PT,20071,0.5
2015,,,20071,PT,20071,0.4
2016,,,20071,PT,20071,0.4
2017,,,20071,PT,20071,0.4
2018,,,20071,PT,20071,0.3
2019,,,20071,PT,20071,0.3
2020,,,20071,PT,20071,0.3
2014,,,20072,PT,20072,0.6
2015,,,20072,PT,20072,0.6
2016,,,20072,PT,20072,0.6
2017,,,20072,PT,20072,0.6
2018,,,20072,PT,20072,0.5
2019,,,20072,PT,20072,0.6
2020,,,20072,PT,20072,0.6
2014,,,20073,PT,20073,0.5
2015,,,20073,PT,20073,0.6
2016,,,20073,PT,20073,0.6
2017,,,20073,PT,20073,0.7
2018,,,20073,PT,20073,0.5
2019,,,20073,PT,20073,0.6
2020,,,20073,PT,20073,0.6
2014,,,20074,PT,20074,0.7
2015,,,20074,PT,20074,0.8
2016,,,20074,PT,20074,0.8
2017,,,20074,PT,20074,0.9
2018,,,20074,PT,20074,0.6
2019,,,20074,PT,20074,0.8
2020,,,20074,PT,20074,0.7
2014,,,20075,PT,20075,0.6
2015,,,20075,PT,20075,0.6
2016,,,20075,PT,20075,0.5
2017,,,20075,PT,20075,0.6
2018,,,20075,PT,20075,0.5
2019,,,20075,PT,20075,0.6
2020,,,20075,PT,20075,0.5
2014,,,20076,PT,20076,0.1
2015,,,20076,PT,20076,0.1
2016,,,20076,PT,20076,0.1
2017,,,20076,PT,20076,0.2
2018,,,20076,PT,20076,0.1
2019,,,20076,PT,20076,0.2
2020,,,20076,PT,20076,0.2
2014,,,20077,PT,20077,0.3
2015,,,20077,PT,20077,0.3
2016,,,20077,PT,20077,0.3
2017,,,20077,PT,20077,0.3
2018,,,20077,PT,20077,0.3
2019,,,20077,PT,20077,0.3
2020,,,20077,PT,20077,0.3
2014,,,20078,PT,20078,2.4
2015,,,20078,PT,20078,2.7
2016,,,20078,PT,20078,2.8
2017,,,20078,PT,20078,3.5
2018,,,20078,PT,20078,2.8
2019,,,20078,PT,20078,3.2
2020,,,20078,PT,20078,3.1
2014,,,20079,PT,20079,0.4
2015,,,20079,PT,20079,0.5
2016,,,20079,PT,20079,0.4
2017,,,20079,PT,20079,0.5
2018,,,20079,PT,20079,0.4
2019,,,20079,PT,20079,0.5
2020,,,20079,PT,20079,0.5
2014,,,20080,PT,20080,0.3
2015,,,20080,PT,20080,0.3
2016,,,20080,PT,20080,0.4
2017,,,20080,PT,20080,0.4
2018,,,20080,PT,20080,0.3
2019,,,20080,PT,20080,0.4
2020,,,20080,PT,20080,0.3
2014,,,20081,PT,20081,0.3
2015,,,20081,PT,20081,0.3
2016,,,20081,PT,20081,0.3
2017,,,20081,PT,20081,0.4
2018,,,20081,PT,20081,0.3
2019,,,20081,PT,20081,0.3
2020,,,20081,PT,20081,0.4
2014,,,20901,PT,20901,0.5
2015,,,20901,PT,20901,0.6
2016,,,20901,PT,20901,0.7
2017,,,20901,PT,20901,0.8
2018,,,20901,PT,20901,0.5
2019,,,20901,PT,20901,0.7
2020,,,20901,PT,20901,0.6
2014,,,20902,PT,20902,0.1
2015,,,20902,PT,20902,0.1
2016,,,20902,PT,20902,0.1
2017,,,20902,PT,20902,0.1
2018,,,20902,PT,20902,0.1
2019,,,20902,PT,20902,0.1
2020,,,20902,PT,20902,0.1
2014,,,20903,PT,20903,0.1
2015,,,20903,PT,20903,0.1
2016,,,20903,PT,20903,0.1
2017,,,20903,PT,20903,0.2
2018,,,20903,PT,20903,0.2
2019,,,20903,PT,20903,0.2
2020,,,20903,PT,20903,0.3
2014,,,20904,PT,20904,9.5
2015,,,20904,PT,20904,8.2
2016,,,20904,PT,20904,7.2
2017,,,20904,PT,20904,7.1
2018,,,20904,PT,20904,6.2
2019,,,20904,PT,20904,6.8
2020,,,20904,PT,20904,6.1
2014,,,20905,PT,20905,19.7
2015,,,20905,PT,20905,16.8
2016,,,20905,PT,20905,18.6
2017,,,20905,PT,20905,18
2018,,,20905,PT,20905,14.2
2019,,,20905,PT,20905,15.1
2020,,,20905,PT,20905,16.1
2014,,,20906,PT,20906,4.7
2015,,,20906,PT,20906,5.5
2016,,,20906,PT,20906,5.4
2017,,,20906,PT,20906,6
2018,,,20906,PT,20906,4.7
2019,,,20906,PT,20906,4.9
2020,,,20906,PT,20906,4.8
2014,,,20907,PT,20907,12.1
2015,,,20907,PT,20907,13.8
2016,,,20907,PT,20907,16.4
2017,,,20907,PT,20907,18
2018,,,20907,PT,20907,15.6
2019,,,20907,PT,20907,19.9
2020,,,20907,PT,20907,20
2010,48,,,PT,48,0.6
2011,48,,,PT,48,0.7
2012,48,,,PT,48,0.8
2013,48,,,PT,48,0.9
2014,48,,,PT,48,0.6
2015,48,,,PT,48,0.6
2016,48,,,PT,48,0.6
2017,48,,,PT,48,0.8
2018,48,,,PT,48,0.7
2019,48,,,PT,48,0.7
2020,48,,,PT,48,0.7
2021,48,,,PT,48,0.7
2022,48,,,PT,48,0.9
2014,,,48001,PT,48001,0.2
2015,,,48001,PT,48001,0.2
2016,,,48001,PT,48001,0.2
2017,,,48001,PT,48001,0.2
2018,,,48001,PT,48001,0.2
2019,,,48001,PT,48001,0.2
2020,,,48001,PT,48001,0.3
2014,,,48002,PT,48002,0.5
2015,,,48002,PT,48002,0.3
2016,,,48002,PT,48002,0.3
2017,,,48002,PT,48002,0.3
2018,,,48002,PT,48002,0.2
2019,,,48002,PT,48002,0.2
2020,,,48002,PT,48002,0.2
2014,,,48003,PT,48003,0.4
2015,,,48003,PT,48003,0.4
2016,,,48003,PT,48003,0.4
2017,,,48003,PT,48003,0.3
2018,,,48003,PT,48003,0.3
2019,,,48003,PT,48003,0.3
2020,,,48003,PT,48003,0.3
2014,,,48004,PT,48004,4.7
2015,,,48004,PT,48004,5.7
2016,,,48004,PT,48004,5.6
2017,,,48004,PT,48004,4.8
2018,,,48004,PT,48004,4
2019,,,48004,PT,48004,4
2020,,,48004,PT,48004,4
2014,,,48005,PT,48005,2.5
2015,,,48005,PT,48005,4.6
2016,,,48005,PT,48005,4.7
2017,,,48005,PT,48005,4.4
2018,,,48005,PT,48005,3.8
2019,,,48005,PT,48005,4
2020,,,48005,PT,48005,5.2
2014,,,48006,PT,48006,3.7
2015,,,48006,PT,48006,3.4
2016,,,48006,PT,48006,4.2
2017,,,48006,PT,48006,4.2
2018,,,48006,PT,48006,4.9
2019,,,48006,PT,48006,5.8
2020,,,48006,PT,48006,6.6
2014,,,48007,PT,48007,10.1
2015,,,48007,PT,48007,10.5
2016,,,48007,PT,48007,12.2
2017,,,48007,PT,48007,11.4
2018,,,48007,PT,48007,11.1
2019,,,48007,PT,48007,13.6
2020,,,48007,PT,48007,12.3
2014,,,48008,PT,48008,12.3
2015,,,48008,PT,48008,10.1
2016,,,48008,PT,48008,12.1
2017,,,48008,PT,48008,12.5
2018,,,48008,PT,48008,13.6
2019,,,48008,PT,48008,13.6
2020,,,48008,PT,48008,15
2014,,,48009,PT,48009,2.2
2015,,,48009,PT,48009,2
2016,,,48009,PT,48009,2.1
2017,,,48009,PT,48009,1.7
2018,,,48009,PT,48009,1.5
2019,,,48009,PT,48009,1.9
2020,,,48009,PT,48009,1.7
2014,,4801,,PT,4801,2.1
2015,,4801,,PT,4801,2.2
2016,,4801,,PT,4801,2.4
2017,,4801,,PT,4801,2.2
2018,,4801,,PT,4801,2
2019,,4801,,PT,4801,2.2
2020,,4801,,PT,4801,2.4
2014,,,48010,PT,48010,14.1
2015,,,48010,PT,48010,15.7
2016,,,48010,PT,48010,15.6
2017,,,48010,PT,48010,15.1
2018,,,48010,PT,48010,13.6
2019,,,48010,PT,48010,12.2
2020,,,48010,PT,48010,13.7
2014,,,48011,PT,48011,0.2
2015,,,48011,PT,48011,0.2
2016,,,48011,PT,48011,0.2
2017,,,48011,PT,48011,0.2
2018,,,48011,PT,48011,0.2
2019,,,48011,PT,48011,0.3
2020,,,48011,PT,48011,0.4
2014,,,48012,PT,48012,5
2015,,,48012,PT,48012,4.9
2016,,,48012,PT,48012,4
2017,,,48012,PT,48012,3.3
2018,,,48012,PT,48012,2.7
2019,,,48012,PT,48012,2.8
2020,,,48012,PT,48012,3.1
2014,,,48013,PT,48013,0
2015,,,48013,PT,48013,0
2016,,,48013,PT,48013,0
2017,,,48013,PT,48013,0
2018,,,48013,PT,48013,0
2019,,,48013,PT,48013,0
2020,,,48013,PT,48013,0
2014,,,48014,PT,48014,1.1
2015,,,48014,PT,48014,1.3
2016,,,48014,PT,48014,1.6
2017,,,48014,PT,48014,1.8
2018,,,48014,PT,48014,1.7
2019,,,48014,PT,48014,1.8
2020,,,48014,PT,48014,1.9
2014,,,48015,PT,48015,0.1
2015,,,48015,PT,48015,0.1
2016,,,48015,PT,48015,0.1
2017,,,48015,PT,48015,0.1
2018,,,48015,PT,48015,0
2019,,,48015,PT,48015,0
2020,,,48015,PT,48015,0.1
2014,,,48016,PT,48016,1.1
2015,,,48016,PT,48016,0.9
2016,,,48016,PT,48016,0.7
2017,,,48016,PT,48016,0.7
2018,,,48016,PT,48016,0.5
2019,,,48016,PT,48016,0.5
2020,,,48016,PT,48016,0.4
2014,,,48017,PT,48017,16.6
2015,,,48017,PT,48017,13
2016,,,48017,PT,48017,14.3
2017,,,48017,PT,48017,33.4
2018,,,48017,PT,48017,30.8
2019,,,48017,PT,48017,32.5
2020,,,48017,PT,48017,29.4
2014,,,48018,PT,48018,1.5
2015,,,48018,PT,48018,1.5
2016,,,48018,PT,48018,1.4
2017,,,48018,PT,48018,1.2
2018,,,48018,PT,48018,1.2
2019,,,48018,PT,48018,1.4
2020,,,48018,PT,48018,1.6
2014,,,48019,PT,48019,0.7
2015,,,48019,PT,48019,0.7
2016,,,48019,PT,48019,0.9
2017,,,48019,PT,48019,0.9
2018,,,48019,PT,48019,0.8
2019,,,48019,PT,48019,0.9
2020,,,48019,PT,48019,1.1
2014,,4802,,PT,4802,0.1
2015,,4802,,PT,4802,0.1
2016,,4802,,PT,4802,0.1
2017,,4802,,PT,4802,0.1
2018,,4802,,PT,4802,0.1
2019,,4802,,PT,4802,0.1
2020,,4802,,PT,4802,0.1
2014,,,48020,PT,48020,0
2015,,,48020,PT,48020,0
2016,,,48020,PT,48020,0
2017,,,48020,PT,48020,0.1
2018,,,48020,PT,48020,0.1
2019,,,48020,PT,48020,0.1
2020,,,48020,PT,48020,0
2014,,,48021,PT,48021,6.5
2015,,,48021,PT,48021,5.8
2016,,,48021,PT,48021,5
2017,,,48021,PT,48021,5
2018,,,48021,PT,48021,4.3
2019,,,48021,PT,48021,4.8
2020,,,48021,PT,48021,4.7
2014,,,48022,PT,48022,22.2
2015,,,48022,PT,48022,17
2016,,,48022,PT,48022,18.6
2017,,,48022,PT,48022,19.6
2018,,,48022,PT,48022,15.7
2019,,,48022,PT,48022,15
2020,,,48022,PT,48022,16.7
2014,,,48023,PT,48023,1.7
2015,,,48023,PT,48023,2.1
2016,,,48023,PT,48023,2.1
2017,,,48023,PT,48023,2
2018,,,48023,PT,48023,1.7
2019,,,48023,PT,48023,1.9
2020,,,48023,PT,48023,2.1
2014,,,48024,PT,48024,6.8
2015,,,48024,PT,48024,10
2016,,,48024,PT,48024,10
2017,,,48024,PT,48024,8.1
2018,,,48024,PT,48024,7.2
2019,,,48024,PT,48024,8.1
2020,,,48024,PT,48024,8.7
2014,,,48025,PT,48025,12.7
2015,,,48025,PT,48025,11.8
2016,,,48025,PT,48025,13.2
2017,,,48025,PT,48025,11.1
2018,,,48025,PT,48025,11
2019,,,48025,PT,48025,12.8
2020,,,48025,PT,48025,12.5
2014,,,48026,PT,48026,5.9
2015,,,48026,PT,48026,6.3
2016,,,48026,PT,48026,7.8
2017,,,48026,PT,48026,7.7
2018,,,48026,PT,48026,7.1
2019,,,48026,PT,48026,8.6
2020,,,48026,PT,48026,8.2
2014,,,48027,PT,48027,0.1
2015,,,48027,PT,48027,0.1
2016,,,48027,PT,48027,0.1
2017,,,48027,PT,48027,0.1
2018,,,48027,PT,48027,0.1
2019,,,48027,PT,48027,0.1
2020,,,48027,PT,48027,0.1
2014,,,48028,PT,48028,5.6
2015,,,48028,PT,48028,5.2
2016,,,48028,PT,48028,4.7
2017,,,48028,PT,48028,4.9
2018,,,48028,PT,48028,4.3
2019,,,48028,PT,48028,4.9
2020,,,48028,PT,48028,4.7
2014,,,48029,PT,48029,0
2015,,,48029,PT,48029,0
2016,,,48029,PT,48029,0
2017,,,48029,PT,48029,0
2018,,,48029,PT,48029,0
2019,,,48029,PT,48029,0
2020,,,48029,PT,48029,0
2014,,4803,,PT,4803,0.4
2015,,4803,,PT,4803,0.4
2016,,4803,,PT,4803,0.4
2017,,4803,,PT,4803,0.4
2018,,4803,,PT,4803,0.4
2019,,4803,,PT,4803,0.4
2020,,4803,,PT,4803,0.4
2014,,,48030,PT,48030,0.9
2015,,,48030,PT,48030,0.9
2016,,,48030,PT,48030,0.9
2017,,,48030,PT,48030,0.8
2018,,,48030,PT,48030,0.9
2019,,,48030,PT,48030,1.1
2020,,,48030,PT,48030,1.1
2014,,,48031,PT,48031,1.8
2015,,,48031,PT,48031,1.6
2016,,,48031,PT,48031,1.4
2017,,,48031,PT,48031,1.2
2018,,,48031,PT,48031,1
2019,,,48031,PT,48031,1.1
2020,,,48031,PT,48031,1
2014,,,48032,PT,48032,0.6
2015,,,48032,PT,48032,0.5
2016,,,48032,PT,48032,0.8
2017,,,48032,PT,48032,0.7
2018,,,48032,PT,48032,0.7
2019,,,48032,PT,48032,0.8
2020,,,48032,PT,48032,0.8
2014,,,48033,PT,48033,13.6
2015,,,48033,PT,48033,10.6
2016,,,48033,PT,48033,8.7
2017,,,48033,PT,48033,8.5
2018,,,48033,PT,48033,11.9
2019,,,48033,PT,48033,14.9
2020,,,48033,PT,48033,16.4
2014,,,48034,PT,48034,0.1
2015,,,48034,PT,48034,0.1
2016,,,48034,PT,48034,0.1
2017,,,48034,PT,48034,0.1
2018,,,48034,PT,48034,0
2019,,,48034,PT,48034,0.1
2020,,,48034,PT,48034,0.1
2014,,,48035,PT,48035,8.3
2015,,,48035,PT,48035,7.1
2016,,,48035,PT,48035,6.2
2017,,,48035,PT,48035,5.3
2018,,,48035,PT,48035,4.8
2019,,,48035,PT,48035,5.1
2020,,,48035,PT,48035,4.5
2014,,,48036,PT,48036,0.2
2015,,,48036,PT,48036,0.2
2016,,,48036,PT,48036,0.2
2017,,,48036,PT,48036,0.1
2018,,,48036,PT,48036,0.1
2019,,,48036,PT,48036,0.1
2020,,,48036,PT,48036,0.1
2014,,,48037,PT,48037,6.2
2015,,,48037,PT,48037,7
2016,,,48037,PT,48037,9
2017,,,48037,PT,48037,8.4
2018,,,48037,PT,48037,7.4
2019,,,48037,PT,48037,7.8
2020,,,48037,PT,48037,8
2014,,,48038,PT,48038,18.3
2015,,,48038,PT,48038,18.9
2016,,,48038,PT,48038,14.5
2017,,,48038,PT,48038,12.9
2018,,,48038,PT,48038,11.4
2019,,,48038,PT,48038,11.4
2020,,,48038,PT,48038,12.3
2014,,,48039,PT,48039,6.1
2015,,,48039,PT,48039,6
2016,,,48039,PT,48039,7
2017,,,48039,PT,48039,6.4
2018,,,48039,PT,48039,6.1
2019,,,48039,PT,48039,6.4
2020,,,48039,PT,48039,8.4
2014,,4804,,PT,4804,4.2
2015,,4804,,PT,4804,3.4
2016,,4804,,PT,4804,3.8
2017,,4804,,PT,4804,3.8
2018,,4804,,PT,4804,3.5
2019,,4804,,PT,4804,3.3
2020,,4804,,PT,4804,3.5
2014,,,48040,PT,48040,2.9
2015,,,48040,PT,48040,3.6
2016,,,48040,PT,48040,2.7
2017,,,48040,PT,48040,2.7
2018,,,48040,PT,48040,2.3
2019,,,48040,PT,48040,2.6
2020,,,48040,PT,48040,3
2014,,,48041,PT,48041,4.5
2015,,,48041,PT,48041,4
2016,,,48041,PT,48041,3.5
2017,,,48041,PT,48041,2.9
2018,,,48041,PT,48041,2.6
2019,,,48041,PT,48041,2.8
2020,,,48041,PT,48041,3.1
2014,,,48042,PT,48042,5.5
2015,,,48042,PT,48042,5.1
2016,,,48042,PT,48042,5.1
2017,,,48042,PT,48042,4.3
2018,,,48042,PT,48042,4
2019,,,48042,PT,48042,4.5
2020,,,48042,PT,48042,4.3
2014,,,48043,PT,48043,1.6
2015,,,48043,PT,48043,1.5
2016,,,48043,PT,48043,1.2
2017,,,48043,PT,48043,0.9
2018,,,48043,PT,48043,0.8
2019,,,48043,PT,48043,0.6
2020,,,48043,PT,48043,0.5
2014,,,48044,PT,48044,0.1
2015,,,48044,PT,48044,0.1
2016,,,48044,PT,48044,0.1
2017,,,48044,PT,48044,0.1
2018,,,48044,PT,48044,0.1
2019,,,48044,PT,48044,0
2020,,,48044,PT,48044,0
2014,,,48045,PT,48045,1.4
2015,,,48045,PT,48045,1.3
2016,,,48045,PT,48045,1.4
2017,,,48045,PT,48045,1.2
2018,,,48045,PT,48045,1.2
2019,,,48045,PT,48045,1
2020,,,48045,PT,48045,1.2
2014,,,48046,PT,48046,0.2
2015,,,48046,PT,48046,0.2
2016,,,48046,PT,48046,0.2
2017,,,48046,PT,48046,0.3
2018,,,48046,PT,48046,0.3
2019,,,48046,PT,48046,0.3
2020,,,48046,PT,48046,0.4
2014,,,48047,PT,48047,2.2
2015,,,48047,PT,48047,1.9
2016,,,48047,PT,48047,2.1
2017,,,48047,PT,48047,1.6
2018,,,48047,PT,48047,1.7
2019,,,48047,PT,48047,2.1
2020,,,48047,PT,48047,2.1
2014,,,48048,PT,48048,4.2
2015,,,48048,PT,48048,4.4
2016,,,48048,PT,48048,4.2
2017,,,48048,PT,48048,4.3
2018,,,48048,PT,48048,3.5
2019,,,48048,PT,48048,3.9
2020,,,48048,PT,48048,4.3
2014,,,48049,PT,48049,7.6
2015,,,48049,PT,48049,8.7
2016,,,48049,PT,48049,9.4
2017,,,48049,PT,48049,8.8
2018,,,48049,PT,48049,11.5
2019,,,48049,PT,48049,12.6
2020,,,48049,PT,48049,12.2
2014,,4805,,PT,4805,7.8
2015,,4805,,PT,4805,6.5
2016,,4805,,PT,4805,6.9
2017,,4805,,PT,4805,14.9
2018,,4805,,PT,4805,13.2
2019,,4805,,PT,4805,14.1
2020,,4805,,PT,4805,12.7
2014,,,48050,PT,48050,0.4
2015,,,48050,PT,48050,0.4
2016,,,48050,PT,48050,0.6
2017,,,48050,PT,48050,0.6
2018,,,48050,PT,48050,0.6
2019,,,48050,PT,48050,0.8
2020,,,48050,PT,48050,0.9
2014,,,48051,PT,48051,5.4
2015,,,48051,PT,48051,4.5
2016,,,48051,PT,48051,5.1
2017,,,48051,PT,48051,5.5
2018,,,48051,PT,48051,5.7
2019,,,48051,PT,48051,5.6
2020,,,48051,PT,48051,6.3
2014,,,48052,PT,48052,2.9
2015,,,48052,PT,48052,2.6
2016,,,48052,PT,48052,2
2017,,,48052,PT,48052,1.4
2018,,,48052,PT,48052,1.1
2019,,,48052,PT,48052,1.2
2020,,,48052,PT,48052,1.3
2014,,,48053,PT,48053,4.3
2015,,,48053,PT,48053,4.3
2016,,,48053,PT,48053,4.2
2017,,,48053,PT,48053,4
2018,,,48053,PT,48053,3.8
2019,,,48053,PT,48053,3.2
2020,,,48053,PT,48053,3.5
2014,,,48054,PT,48054,0
2015,,,48054,PT,48054,0
2016,,,48054,PT,48054,0
2017,,,48054,PT,48054,0
2018,,,48054,PT,48054,0
2019,,,48054,PT,48054,0
2020,,,48054,PT,48054,0
2014,,,48055,PT,48055,0.5
2015,,,48055,PT,48055,0.5
2016,,,48055,PT,48055,0.6
2017,,,48055,PT,48055,0.5
2018,,,48055,PT,48055,0.5
2019,,,48055,PT,48055,0.6
2020,,,48055,PT,48055,0.6
2014,,,48056,PT,48056,7.7
2015,,,48056,PT,48056,5.9
2016,,,48056,PT,48056,6.2
2017,,,48056,PT,48056,7.8
2018,,,48056,PT,48056,6.4
2019,,,48056,PT,48056,9.9
2020,,,48056,PT,48056,12.2
2014,,,48057,PT,48057,1.8
2015,,,48057,PT,48057,2
2016,,,48057,PT,48057,2.8
2017,,,48057,PT,48057,3.5
2018,,,48057,PT,48057,3.5
2019,,,48057,PT,48057,3.1
2020,,,48057,PT,48057,2.5
2014,,,48058,PT,48058,1
2015,,,48058,PT,48058,1
2016,,,48058,PT,48058,1.1
2017,,,48058,PT,48058,0.9
2018,,,48058,PT,48058,0.8
2019,,,48058,PT,48058,0.8
2020,,,48058,PT,48058,0.8
2014,,,48059,PT,48059,1.8
2015,,,48059,PT,48059,1.8
2016,,,48059,PT,48059,2.7
2017,,,48059,PT,48059,2.9
2018,,,48059,PT,48059,2.4
2019,,,48059,PT,48059,2.6
2020,,,48059,PT,48059,2.8
2014,,4806,,PT,4806,5.6
2015,,4806,,PT,4806,6.3
2016,,4806,,PT,4806,6.7
2017,,4806,,PT,4806,6.4
2018,,4806,,PT,4806,5.8
2019,,4806,,PT,4806,6.7
2020,,4806,,PT,4806,5.4
2014,,,48060,PT,48060,1.9
2015,,,48060,PT,48060,2.2
2016,,,48060,PT,48060,2.5
2017,,,48060,PT,48060,2.4
2018,,,48060,PT,48060,2.3
2019,,,48060,PT,48060,2.7
2020,,,48060,PT,48060,3
2014,,,48061,PT,48061,6.9
2015,,,48061,PT,48061,5.3
2016,,,48061,PT,48061,7.4
2017,,,48061,PT,48061,6.3
2018,,,48061,PT,48061,5.7
2019,,,48061,PT,48061,6.7
2020,,,48061,PT,48061,8
2014,,,48062,PT,48062,22.4
2015,,,48062,PT,48062,25
2016,,,48062,PT,48062,29.4
2017,,,48062,PT,48062,32
2018,,,48062,PT,48062,28.6
2019,,,48062,PT,48062,31.1
2020,,,48062,PT,48062,27.4
2014,,,48063,PT,48063,9.4
2015,,,48063,PT,48063,9.4
2016,,,48063,PT,48063,7.8
2017,,,48063,PT,48063,7.8
2018,,,48063,PT,48063,6.6
2019,,,48063,PT,48063,8.7
2020,,,48063,PT,48063,10.6
2014,,,48064,PT,48064,5.6
2015,,,48064,PT,48064,5.4
2016,,,48064,PT,48064,7.2
2017,,,48064,PT,48064,7.2
2018,,,48064,PT,48064,6.9
2019,,,48064,PT,48064,6.7
2020,,,48064,PT,48064,7.2
2014,,,48065,PT,48065,0.3
2015,,,48065,PT,48065,0.3
2016,,,48065,PT,48065,0.3
2017,,,48065,PT,48065,0.3
2018,,,48065,PT,48065,0.3
2019,,,48065,PT,48065,0.3
2020,,,48065,PT,48065,0.3
2014,,,48066,PT,48066,15.8
2015,,,48066,PT,48066,17.5
2016,,,48066,PT,48066,19.7
2017,,,48066,PT,48066,18.8
2018,,,48066,PT,48066,15.1
2019,,,48066,PT,48066,13.5
2020,,,48066,PT,48066,20.1
2014,,,48067,PT,48067,7.1
2015,,,48067,PT,48067,8.1
2016,,,48067,PT,48067,8.4
2017,,,48067,PT,48067,8.1
2018,,,48067,PT,48067,7.4
2019,,,48067,PT,48067,8.7
2020,,,48067,PT,48067,8.5
2014,,,48068,PT,48068,1.3
2015,,,48068,PT,48068,1.2
2016,,,48068,PT,48068,1.3
2017,,,48068,PT,48068,0.6
2018,,,48068,PT,48068,0.7
2019,,,48068,PT,48068,0.5
2020,,,48068,PT,48068,0.6
2014,,,48069,PT,48069,0.6
2015,,,48069,PT,48069,0.7
2016,,,48069,PT,48069,0.6
2017,,,48069,PT,48069,0.5
2018,,,48069,PT,48069,0.4
2019,,,48069,PT,48069,0.4
2020,,,48069,PT,48069,0.5
2014,,4807,,PT,4807,1.6
2015,,4807,,PT,4807,1.7
2016,,4807,,PT,4807,1.4
2017,,4807,,PT,4807,1.3
2018,,4807,,PT,4807,1.1
2019,,4807,,PT,4807,1.1
2020,,4807,,PT,4807,1.2
2014,,,48070,PT,48070,5.9
2015,,,48070,PT,48070,6.2
2016,,,48070,PT,48070,8.3
2017,,,48070,PT,48070,8.2
2018,,,48070,PT,48070,7.9
2019,,,48070,PT,48070,8.8
2020,,,48070,PT,48070,7.1
2014,,,48071,PT,48071,0.7
2015,,,48071,PT,48071,0.2
2016,,,48071,PT,48071,0.2
2017,,,48071,PT,48071,0.2
2018,,,48071,PT,48071,0.2
2019,,,48071,PT,48071,0.2
2020,,,48071,PT,48071,0.4
2014,,,48072,PT,48072,1
2015,,,48072,PT,48072,1
2016,,,48072,PT,48072,0.9
2017,,,48072,PT,48072,0.8
2018,,,48072,PT,48072,0.7
2019,,,48072,PT,48072,0.7
2020,,,48072,PT,48072,0.9
2014,,,48073,PT,48073,13.7
2015,,,48073,PT,48073,17.5
2016,,,48073,PT,48073,17.7
2017,,,48073,PT,48073,17.2
2018,,,48073,PT,48073,14.8
2019,,,48073,PT,48073,17.1
2020,,,48073,PT,48073,12.4
2014,,,48074,PT,48074,4
2015,,,48074,PT,48074,3.5
2016,,,48074,PT,48074,3.8
2017,,,48074,PT,48074,4.3
2018,,,48074,PT,48074,3.9
2019,,,48074,PT,48074,4.4
2020,,,48074,PT,48074,5
2014,,,48075,PT,48075,2.5
2015,,,48075,PT,48075,2.6
2016,,,48075,PT,48075,2.5
2017,,,48075,PT,48075,2.2
2018,,,48075,PT,48075,1.6
2019,,,48075,PT,48075,1.8
2020,,,48075,PT,48075,2.3
2014,,,48076,PT,48076,0.5
2015,,,48076,PT,48076,0.4
2016,,,48076,PT,48076,0.6
2017,,,48076,PT,48076,1
2018,,,48076,PT,48076,0.9
2019,,,48076,PT,48076,1.1
2020,,,48076,PT,48076,1.1
2014,,,48077,PT,48077,2.5
2015,,,48077,PT,48077,2.6
2016,,,48077,PT,48077,2.1
2017,,,48077,PT,48077,1.4
2018,,,48077,PT,48077,1.4
2019,,,48077,PT,48077,1.3
2020,,,48077,PT,48077,1.6
2014,,,48078,PT,48078,0
2015,,,48078,PT,48078,0
2016,,,48078,PT,48078,0
2017,,,48078,PT,48078,0
2018,,,48078,PT,48078,0
2019,,,48078,PT,48078,0
2020,,,48078,PT,48078,0
2014,,,48079,PT,48079,14.9
2015,,,48079,PT,48079,12.7
2016,,,48079,PT,48079,14.3
2017,,,48079,PT,48079,15.5
2018,,,48079,PT,48079,13.4
2019,,,48079,PT,48079,14.7
2020,,,48079,PT,48079,15.8
2014,,,48080,PT,48080,0.1
2015,,,48080,PT,48080,0
2016,,,48080,PT,48080,0.1
2017,,,48080,PT,48080,0.1
2018,,,48080,PT,48080,0.1
2019,,,48080,PT,48080,0
2020,,,48080,PT,48080,0.1
2014,,,48081,PT,48081,1
2015,,,48081,PT,48081,1.1
2016,,,48081,PT,48081,1.1
2017,,,48081,PT,48081,1.2
2018,,,48081,PT,48081,1.2
2019,,,48081,PT,48081,1.1
2020,,,48081,PT,48081,1
2014,,,48082,PT,48082,0.2
2015,,,48082,PT,48082,0.2
2016,,,48082,PT,48082,0.2
2017,,,48082,PT,48082,0.2
2018,,,48082,PT,48082,0.2
2019,,,48082,PT,48082,0.3
2020,,,48082,PT,48082,0.3
2014,,,48083,PT,48083,0.1
2015,,,48083,PT,48083,0.1
2016,,,48083,PT,48083,0.1
2017,,,48083,PT,48083,0.1
2018,,,48083,PT,48083,0.1
2019,,,48083,PT,48083,0.1
2020,,,48083,PT,48083,0.1
2014,,,48084,PT,48084,0
2015,,,48084,PT,48084,0
2016,,,48084,PT,48084,0
2017,,,48084,PT,48084,0
2018,,,48084,PT,48084,0
2019,,,48084,PT,48084,0
2020,,,48084,PT,48084,0
2014,,,48085,PT,48085,0.8
2015,,,48085,PT,48085,0.8
2016,,,48085,PT,48085,0.5
2017,,,48085,PT,48085,0.5
2018,,,48085,PT,48085,0.3
2019,,,48085,PT,48085,0.3
2020,,,48085,PT,48085,0.2
2014,,,48086,PT,48086,4.8
2015,,,48086,PT,48086,3.5
2016,,,48086,PT,48086,3.8
2017,,,48086,PT,48086,4.1
2018,,,48086,PT,48086,4
2019,,,48086,PT,48086,4.3
2020,,,48086,PT,48086,4
2014,,,48087,PT,48087,10.3
2015,,,48087,PT,48087,8.6
2016,,,48087,PT,48087,10.2
2017,,,48087,PT,48087,11.3
2018,,,48087,PT,48087,12.1
2019,,,48087,PT,48087,13.6
2020,,,48087,PT,48087,13.7
2014,,,48088,PT,48088,3.9
2015,,,48088,PT,48088,3.3
2016,,,48088,PT,48088,3.8
2017,,,48088,PT,48088,3.6
2018,,,48088,PT,48088,3.6
2019,,,48088,PT,48088,4.3
2020,,,48088,PT,48088,4.7
2014,,,48089,PT,48089,0.4
2015,,,48089,PT,48089,0.4
2016,,,48089,PT,48089,0.5
2017,,,48089,PT,48089,0.4
2018,,,48089,PT,48089,0.2
2019,,,48089,PT,48089,0.2
2020,,,48089,PT,48089,0.2
2014,,,48090,PT,48090,0.7
2015,,,48090,PT,48090,0.7
2016,,,48090,PT,48090,0.9
2017,,,48090,PT,48090,0.9
2018,,,48090,PT,48090,0.9
2019,,,48090,PT,48090,0.9
2020,,,48090,PT,48090,1
2014,,,48091,PT,48091,0.7
2015,,,48091,PT,48091,0.7
2016,,,48091,PT,48091,0.9
2017,,,48091,PT,48091,0.9
2018,,,48091,PT,48091,1
2019,,,48091,PT,48091,1.1
2020,,,48091,PT,48091,1
2014,,,48092,PT,48092,2.2
2015,,,48092,PT,48092,2.1
2016,,,48092,PT,48092,2.3
2017,,,48092,PT,48092,2.5
2018,,,48092,PT,48092,2.5
2019,,,48092,PT,48092,2.6
2020,,,48092,PT,48092,3
2014,,,48093,PT,48093,1.9
2015,,,48093,PT,48093,1.9
2016,,,48093,PT,48093,2.5
2017,,,48093,PT,48093,2.3
2018,,,48093,PT,48093,2.2
2019,,,48093,PT,48093,2.4
2020,,,48093,PT,48093,3
2014,,,48094,PT,48094,0.4
2015,,,48094,PT,48094,0.4
2016,,,48094,PT,48094,0.5
2017,,,48094,PT,48094,0.5
2018,,,48094,PT,48094,0.5
2019,,,48094,PT,48094,0.6
2020,,,48094,PT,48094,0.6
2014,,,48095,PT,48095,0.5
2015,,,48095,PT,48095,0.5
2016,,,48095,PT,48095,0.5
2017,,,48095,PT,48095,0.4
2018,,,48095,PT,48095,0.4
2019,,,48095,PT,48095,0.5
2020,,,48095,PT,48095,0.5
2014,,,48096,PT,48096,1.1
2015,,,48096,PT,48096,1.3
2016,,,48096,PT,48096,1.2
2017,,,48096,PT,48096,1.1
2018,,,48096,PT,48096,1
2019,,,48096,PT,48096,1
2020,,,48096,PT,48096,1
2014,,,48097,PT,48097,1.3
2015,,,48097,PT,48097,1.2
2016,,,48097,PT,48097,1.4
2017,,,48097,PT,48097,1.4
2018,,,48097,PT,48097,1.1
2019,,,48097,PT,48097,1.2
2020,,,48097,PT,48097,1.3
2014,,,48901,PT,48901,0.2
2015,,,48901,PT,48901,0.2
2016,,,48901,PT,48901,0.2
2017,,,48901,PT,48901,0.2
2018,,,48901,PT,48901,0.2
2019,,,48901,PT,48901,0.2
2020,,,48901,PT,48901,0.1
2014,,,48902,PT,48902,0.2
2015,,,48902,PT,48902,0.1
2016,,,48902,PT,48902,0.1
2017,,,48902,PT,48902,0.1
2018,,,48902,PT,48902,0.1
2019,,,48902,PT,48902,0.1
2020,,,48902,PT,48902,0.1
2014,,,48903,PT,48903,0.2
2015,,,48903,PT,48903,0.2
2016,,,48903,PT,48903,0.2
2017,,,48903,PT,48903,0.2
2018,,,48903,PT,48903,0.1
2019,,,48903,PT,48903,0.2
2020,,,48903,PT,48903,0.2
2014,,,48904,PT,48904,0.1
2015,,,48904,PT,48904,0.1
2016,,,48904,PT,48904,0.1
2017,,,48904,PT,48904,0.1
2018,,,48904,PT,48904,0.1
2019,,,48904,PT,48904,0.1
2020,,,48904,PT,48904,0.1
2014,,,48905,PT,48905,0.1
2015,,,48905,PT,48905,0.1
2016,,,48905,PT,48905,0.1
2017,,,48905,PT,48905,0.1
2018,,,48905,PT,48905,0.1
2019,,,48905,PT,48905,0.1
2020,,,48905,PT,48905,0.1
2014,,,48906,PT,48906,5.1
2015,,,48906,PT,48906,5.2
2016,,,48906,PT,48906,5.2
2017,,,48906,PT,48906,4.9
2018,,,48906,PT,48906,4.5
2019,,,48906,PT,48906,4.9
2020,,,48906,PT,48906,6
2014,,,48907,PT,48907,24.4
2015,,,48907,PT,48907,29.7
2016,,,48907,PT,48907,23.3
2017,,,48907,PT,48907,21.2
2018,,,48907,PT,48907,17.5
2019,,,48907,PT,48907,19.1
2020,,,48907,PT,48907,21.8
2014,,,48908,PT,48908,4
2015,,,48908,PT,48908,4.3
2016,,,48908,PT,48908,5.3
2017,,,48908,PT,48908,5.7
2018,,,48908,PT,48908,4.6
2019,,,48908,PT,48908,4.4
2020,,,48908,PT,48908,10.2
2014,,,48909,PT,48909,10.8
2015,,,48909,PT,48909,11.8
2016,,,48909,PT,48909,13.3
2017,,,48909,PT,48909,12.9
2018,,,48909,PT,48909,12.5
2019,,,48909,PT,48909,13.7
2020,,,48909,PT,48909,14.4
2014,,,48910,PT,48910,0.2
2015,,,48910,PT,48910,0.2
2016,,,48910,PT,48910,0.2
2017,,,48910,PT,48910,0.2
2018,,,48910,PT,48910,0.2
2019,,,48910,PT,48910,0.2
2020,,,48910,PT,48910,0.2
2014,,,48911,PT,48911,0.8
2015,,,48911,PT,48911,0.9
2016,,,48911,PT,48911,1
2017,,,48911,PT,48911,0.9
2018,,,48911,PT,48911,0.8
2019,,,48911,PT,48911,0.9
2020,,,48911,PT,48911,1
2014,,,48912,PT,48912,0.7
2015,,,48912,PT,48912,0.6
2016,,,48912,PT,48912,0.8
2017,,,48912,PT,48912,0.8
2018,,,48912,PT,48912,0.7
2019,,,48912,PT,48912,0.7
2020,,,48912,PT,48912,0.7
2014,,,48913,PT,48913,0.6
2015,,,48913,PT,48913,0.6
2016,,,48913,PT,48913,0.7
2017,,,48913,PT,48913,0.6
2018,,,48913,PT,48913,0.4
2019,,,48913,PT,48913,0.9
2020,,,48913,PT,48913,0.8
2014,,,48914,PT,48914,11.3
2015,,,48914,PT,48914,13.4
2016,,,48914,PT,48914,13.1
2017,,,48914,PT,48914,12.8
2018,,,48914,PT,48914,11.3
2019,,,48914,PT,48914,12.9
2020,,,48914,PT,48914,11.8
2014,,,48915,PT,48915,7.3
2015,,,48915,PT,48915,7
2016,,,48915,PT,48915,7.2
2017,,,48915,PT,48915,7.8
2018,,,48915,PT,48915,7.9
2019,,,48915,PT,48915,9.2
2020,,,48915,PT,48915,11.4
2010,,,,PT,,0.6
2011,,,,PT,,0.7
2012,,,,PT,,0.8
2013,,,,PT,,0.8
2014,,,,PT,,0.7
2015,,,,PT,,0.7
2016,,,,PT,,0.7
2017,,,,PT,,0.9
2018,,,,PT,,0.8
2019,,,,PT,,0.8
2020,,,,PT,,0.7
2021,,,,PT,,0.8
2022,,,,PT,,0.9
