Year,Series,Sexo,Territorio,Units,Value
2022,SI_COV_UEMP,,,PT,61.3
2024,SI_COV_UEMP,,,PT,70.0
2020,SI_COV_UEMP,,,PT,92.6
2018,SI_COV_UEMP,,,PT,46.7
2021,SI_COV_UEMP,,,PT,59.1
2019,SI_COV_UEMP,,,PT,53.5
2017,SI_COV_UEMP,,,PT,45.7
2023,SI_COV_UEMP,,,PT,66.4
2020,SI_COV_UEMP,,ES211,PT,92.4
2023,SI_COV_UEMP,,ES211,PT,69.0
2021,SI_COV_UEMP,,ES211,PT,56.7
2018,SI_COV_UEMP,,ES211,PT,44.4
2017,SI_COV_UEMP,,ES211,PT,46.0
2024,SI_COV_UEMP,,ES211,PT,71.3
2019,SI_COV_UEMP,,ES211,PT,50.5
2022,SI_COV_UEMP,,ES211,PT,57.0
2024,SI_COV_UEMP,,ES213,PT,65.7
2020,SI_COV_UEMP,,ES213,PT,84.7
2023,SI_COV_UEMP,,ES213,PT,64.7
2018,SI_COV_UEMP,,ES213,PT,43.3
2019,SI_COV_UEMP,,ES213,PT,49.7
2021,SI_COV_UEMP,,ES213,PT,56.4
2022,SI_COV_UEMP,,ES213,PT,61.2
2017,SI_COV_UEMP,,ES213,PT,42.8
2018,SI_COV_UEMP,,ES212,PT,56.4
2021,SI_COV_UEMP,,ES212,PT,66.8
2023,SI_COV_UEMP,,ES212,PT,68.7
2024,SI_COV_UEMP,,ES212,PT,79.2
2022,SI_COV_UEMP,,ES212,PT,64.6
2020,SI_COV_UEMP,,ES212,PT,100.0
2017,SI_COV_UEMP,,ES212,PT,52.1
2019,SI_COV_UEMP,,ES212,PT,65.0
2022,SI_COV_UEMP,F,,PT,65.1
2017,SI_COV_UEMP,F,,PT,48.6
2021,SI_COV_UEMP,F,,PT,65.8
2018,SI_COV_UEMP,F,,PT,49.9
2024,SI_COV_UEMP,F,,PT,79.0
2023,SI_COV_UEMP,F,,PT,74.9
2020,SI_COV_UEMP,F,,PT,100.0
2019,SI_COV_UEMP,F,,PT,56.4
2017,SI_COV_UEMP,F,ES211,PT,45.6
2021,SI_COV_UEMP,F,ES211,PT,57.8
2020,SI_COV_UEMP,F,ES211,PT,78.6
2022,SI_COV_UEMP,F,ES211,PT,68.1
2023,SI_COV_UEMP,F,ES211,PT,90.7
2019,SI_COV_UEMP,F,ES211,PT,53.4
2018,SI_COV_UEMP,F,ES211,PT,47.0
2024,SI_COV_UEMP,F,ES211,PT,90.9
2020,SI_COV_UEMP,F,ES213,PT,100.0
2019,SI_COV_UEMP,F,ES213,PT,50.3
2022,SI_COV_UEMP,F,ES213,PT,60.7
2017,SI_COV_UEMP,F,ES213,PT,45.5
2018,SI_COV_UEMP,F,ES213,PT,45.6
2021,SI_COV_UEMP,F,ES213,PT,64.0
2024,SI_COV_UEMP,F,ES213,PT,70.5
2023,SI_COV_UEMP,F,ES213,PT,69.2
2021,SI_COV_UEMP,F,ES212,PT,74.9
2024,SI_COV_UEMP,F,ES212,PT,92.1
2020,SI_COV_UEMP,F,ES212,PT,100.0
2019,SI_COV_UEMP,F,ES212,PT,74.5
2018,SI_COV_UEMP,F,ES212,PT,61.8
2023,SI_COV_UEMP,F,ES212,PT,78.7
2017,SI_COV_UEMP,F,ES212,PT,57.2
2022,SI_COV_UEMP,F,ES212,PT,72.5
2023,SI_COV_UEMP,M,,PT,58.4
2022,SI_COV_UEMP,M,,PT,57.5
2019,SI_COV_UEMP,M,,PT,50.3
2018,SI_COV_UEMP,M,,PT,43.4
2024,SI_COV_UEMP,M,,PT,61.4
2021,SI_COV_UEMP,M,,PT,53.1
2020,SI_COV_UEMP,M,,PT,84.7
2017,SI_COV_UEMP,M,,PT,42.8
2019,SI_COV_UEMP,M,ES211,PT,47.4
2021,SI_COV_UEMP,M,ES211,PT,54.7
2018,SI_COV_UEMP,M,ES211,PT,41.5
2017,SI_COV_UEMP,M,ES211,PT,46.6
2024,SI_COV_UEMP,M,ES211,PT,55.6
2023,SI_COV_UEMP,M,ES211,PT,51.6
2022,SI_COV_UEMP,M,ES211,PT,47.3
2020,SI_COV_UEMP,M,ES211,PT,100.0
2017,SI_COV_UEMP,M,ES213,PT,40.3
2019,SI_COV_UEMP,M,ES213,PT,48.9
2018,SI_COV_UEMP,M,ES213,PT,41.1
2022,SI_COV_UEMP,M,ES213,PT,61.4
2024,SI_COV_UEMP,M,ES213,PT,60.5
2020,SI_COV_UEMP,M,ES213,PT,71.9
2023,SI_COV_UEMP,M,ES213,PT,59.8
2021,SI_COV_UEMP,M,ES213,PT,50.0
2019,SI_COV_UEMP,M,ES212,PT,55.9
2017,SI_COV_UEMP,M,ES212,PT,46.8
2020,SI_COV_UEMP,M,ES212,PT,100.0
2018,SI_COV_UEMP,M,ES212,PT,50.6
2021,SI_COV_UEMP,M,ES212,PT,59.2
2022,SI_COV_UEMP,M,ES212,PT,56.9
2023,SI_COV_UEMP,M,ES212,PT,59.3
2024,SI_COV_UEMP,M,ES212,PT,67.0
2019,SI_COV_PENSN,,,PT,83.0
2024,SI_COV_PENSN,,,PT,82.5
2020,SI_COV_PENSN,,,PT,82.9
2015,SI_COV_PENSN,,,PT,82.7
2023,SI_COV_PENSN,,,PT,81.8
2013,SI_COV_PENSN,,,PT,82.8
2011,SI_COV_PENSN,,,PT,82.4
2010,SI_COV_PENSN,,,PT,82.4
2017,SI_COV_PENSN,,,PT,82.8
2014,SI_COV_PENSN,,,PT,82.9
2022,SI_COV_PENSN,,,PT,82.1
2018,SI_COV_PENSN,,,PT,82.9
2016,SI_COV_PENSN,,,PT,82.8
2021,SI_COV_PENSN,,,PT,82.5
2012,SI_COV_PENSN,,,PT,82.3
2013,SI_COV_PENSN,,ES211,PT,80.6
2024,SI_COV_PENSN,,ES211,PT,81.4
2017,SI_COV_PENSN,,ES211,PT,81.5
2022,SI_COV_PENSN,,ES211,PT,80.7
2015,SI_COV_PENSN,,ES211,PT,80.8
2014,SI_COV_PENSN,,ES211,PT,80.9
2016,SI_COV_PENSN,,ES211,PT,81.0
2010,SI_COV_PENSN,,ES211,PT,79.9
2018,SI_COV_PENSN,,ES211,PT,81.7
2019,SI_COV_PENSN,,ES211,PT,82.0
2012,SI_COV_PENSN,,ES211,PT,80.0
2023,SI_COV_PENSN,,ES211,PT,80.3
2020,SI_COV_PENSN,,ES211,PT,81.7
2011,SI_COV_PENSN,,ES211,PT,80.0
2021,SI_COV_PENSN,,ES211,PT,81.3
2015,SI_COV_PENSN,,ES213,PT,81.2
2017,SI_COV_PENSN,,ES213,PT,81.2
2010,SI_COV_PENSN,,ES213,PT,80.8
2019,SI_COV_PENSN,,ES213,PT,81.3
2014,SI_COV_PENSN,,ES213,PT,81.4
2020,SI_COV_PENSN,,ES213,PT,81.1
2013,SI_COV_PENSN,,ES213,PT,81.4
2024,SI_COV_PENSN,,ES213,PT,81.0
2021,SI_COV_PENSN,,ES213,PT,80.9
2018,SI_COV_PENSN,,ES213,PT,81.2
2023,SI_COV_PENSN,,ES213,PT,80.3
2012,SI_COV_PENSN,,ES213,PT,80.9
2022,SI_COV_PENSN,,ES213,PT,80.5
2011,SI_COV_PENSN,,ES213,PT,80.9
2016,SI_COV_PENSN,,ES213,PT,81.2
2015,SI_COV_PENSN,,ES212,PT,86.1
2017,SI_COV_PENSN,,ES212,PT,86.0
2013,SI_COV_PENSN,,ES212,PT,86.1
2022,SI_COV_PENSN,,ES212,PT,85.4
2019,SI_COV_PENSN,,ES212,PT,86.2
2012,SI_COV_PENSN,,ES212,PT,85.8
2016,SI_COV_PENSN,,ES212,PT,86.2
2018,SI_COV_PENSN,,ES212,PT,86.1
2010,SI_COV_PENSN,,ES212,PT,86.1
2023,SI_COV_PENSN,,ES212,PT,85.0
2021,SI_COV_PENSN,,ES212,PT,85.6
2014,SI_COV_PENSN,,ES212,PT,86.2
2024,SI_COV_PENSN,,ES212,PT,85.4
2011,SI_COV_PENSN,,ES212,PT,85.9
2020,SI_COV_PENSN,,ES212,PT,86.2
2018,SI_COV_PENSN,F,,PT,70.5
2019,SI_COV_PENSN,F,,PT,71.0
2013,SI_COV_PENSN,F,,PT,69.6
2016,SI_COV_PENSN,F,,PT,69.9
2022,SI_COV_PENSN,F,,PT,71.6
2010,SI_COV_PENSN,F,,PT,69.1
2021,SI_COV_PENSN,F,,PT,71.5
2014,SI_COV_PENSN,F,,PT,69.6
2020,SI_COV_PENSN,F,,PT,71.2
2024,SI_COV_PENSN,F,,PT,72.8
2017,SI_COV_PENSN,F,,PT,70.1
2023,SI_COV_PENSN,F,,PT,71.9
2011,SI_COV_PENSN,F,,PT,69.2
2015,SI_COV_PENSN,F,,PT,69.7
2012,SI_COV_PENSN,F,,PT,69.2
2014,SI_COV_PENSN,F,ES211,PT,66.2
2012,SI_COV_PENSN,F,ES211,PT,65.5
2022,SI_COV_PENSN,F,ES211,PT,69.5
2019,SI_COV_PENSN,F,ES211,PT,68.8
2015,SI_COV_PENSN,F,ES211,PT,66.3
2018,SI_COV_PENSN,F,ES211,PT,68.0
2020,SI_COV_PENSN,F,ES211,PT,69.0
2013,SI_COV_PENSN,F,ES211,PT,66.0
2016,SI_COV_PENSN,F,ES211,PT,66.8
2010,SI_COV_PENSN,F,ES211,PT,65.4
2011,SI_COV_PENSN,F,ES211,PT,65.5
2021,SI_COV_PENSN,F,ES211,PT,69.5
2023,SI_COV_PENSN,F,ES211,PT,69.9
2024,SI_COV_PENSN,F,ES211,PT,71.2
2017,SI_COV_PENSN,F,ES211,PT,67.4
2023,SI_COV_PENSN,F,ES213,PT,69.7
2021,SI_COV_PENSN,F,ES213,PT,69.3
2018,SI_COV_PENSN,F,ES213,PT,68.2
2011,SI_COV_PENSN,F,ES213,PT,67.0
2016,SI_COV_PENSN,F,ES213,PT,67.6
2017,SI_COV_PENSN,F,ES213,PT,67.9
2014,SI_COV_PENSN,F,ES213,PT,67.5
2013,SI_COV_PENSN,F,ES213,PT,67.5
2010,SI_COV_PENSN,F,ES213,PT,66.9
2020,SI_COV_PENSN,F,ES213,PT,68.9
2019,SI_COV_PENSN,F,ES213,PT,68.6
2012,SI_COV_PENSN,F,ES213,PT,67.1
2015,SI_COV_PENSN,F,ES213,PT,67.5
2024,SI_COV_PENSN,F,ES213,PT,70.6
2022,SI_COV_PENSN,F,ES213,PT,69.2
2018,SI_COV_PENSN,F,ES212,PT,75.4
2023,SI_COV_PENSN,F,ES212,PT,76.4
2022,SI_COV_PENSN,F,ES212,PT,76.3
2019,SI_COV_PENSN,F,ES212,PT,75.9
2020,SI_COV_PENSN,F,ES212,PT,76.1
2017,SI_COV_PENSN,F,ES212,PT,75.1
2015,SI_COV_PENSN,F,ES212,PT,74.8
2010,SI_COV_PENSN,F,ES212,PT,74.4
2024,SI_COV_PENSN,F,ES212,PT,77.1
2013,SI_COV_PENSN,F,ES212,PT,74.5
2014,SI_COV_PENSN,F,ES212,PT,74.6
2012,SI_COV_PENSN,F,ES212,PT,74.2
2011,SI_COV_PENSN,F,ES212,PT,74.3
2016,SI_COV_PENSN,F,ES212,PT,75.0
2021,SI_COV_PENSN,F,ES212,PT,76.2
2018,SI_COV_PENSN,M,,PT,99.7
2013,SI_COV_PENSN,M,,PT,100.0
2020,SI_COV_PENSN,M,,PT,98.6
2021,SI_COV_PENSN,M,,PT,97.2
2014,SI_COV_PENSN,M,,PT,100.0
2016,SI_COV_PENSN,M,,PT,100.0
2015,SI_COV_PENSN,M,,PT,100.0
2023,SI_COV_PENSN,M,,PT,95.0
2011,SI_COV_PENSN,M,,PT,100.0
2012,SI_COV_PENSN,M,,PT,100.0
2017,SI_COV_PENSN,M,,PT,100.0
2024,SI_COV_PENSN,M,,PT,95.4
2022,SI_COV_PENSN,M,,PT,96.2
2019,SI_COV_PENSN,M,,PT,99.3
2010,SI_COV_PENSN,M,,PT,100.0
2018,SI_COV_PENSN,M,ES211,PT,98.8
2011,SI_COV_PENSN,M,ES211,PT,98.2
2010,SI_COV_PENSN,M,ES211,PT,98.1
2015,SI_COV_PENSN,M,ES211,PT,98.7
2012,SI_COV_PENSN,M,ES211,PT,98.1
2016,SI_COV_PENSN,M,ES211,PT,98.7
2019,SI_COV_PENSN,M,ES211,PT,98.6
2014,SI_COV_PENSN,M,ES211,PT,99.2
2017,SI_COV_PENSN,M,ES211,PT,99.2
2013,SI_COV_PENSN,M,ES211,PT,98.8
2021,SI_COV_PENSN,M,ES211,PT,96.0
2024,SI_COV_PENSN,M,ES211,PT,94.2
2023,SI_COV_PENSN,M,ES211,PT,93.3
2020,SI_COV_PENSN,M,ES211,PT,97.6
2022,SI_COV_PENSN,M,ES211,PT,94.7
2012,SI_COV_PENSN,M,ES213,PT,100.0
2024,SI_COV_PENSN,M,ES213,PT,95.3
2022,SI_COV_PENSN,M,ES213,PT,96.0
2020,SI_COV_PENSN,M,ES213,PT,98.2
2018,SI_COV_PENSN,M,ES213,PT,99.5
2021,SI_COV_PENSN,M,ES213,PT,97.0
2016,SI_COV_PENSN,M,ES213,PT,100.0
2014,SI_COV_PENSN,M,ES213,PT,100.0
2017,SI_COV_PENSN,M,ES213,PT,100.0
2010,SI_COV_PENSN,M,ES213,PT,100.0
2013,SI_COV_PENSN,M,ES213,PT,100.0
2019,SI_COV_PENSN,M,ES213,PT,99.0
2023,SI_COV_PENSN,M,ES213,PT,94.8
2011,SI_COV_PENSN,M,ES213,PT,100.0
2015,SI_COV_PENSN,M,ES213,PT,100.0
2019,SI_COV_PENSN,M,ES212,PT,100.0
2020,SI_COV_PENSN,M,ES212,PT,99.6
2017,SI_COV_PENSN,M,ES212,PT,100.0
2015,SI_COV_PENSN,M,ES212,PT,100.0
2016,SI_COV_PENSN,M,ES212,PT,100.0
2013,SI_COV_PENSN,M,ES212,PT,100.0
2018,SI_COV_PENSN,M,ES212,PT,100.0
2011,SI_COV_PENSN,M,ES212,PT,100.0
2012,SI_COV_PENSN,M,ES212,PT,100.0
2022,SI_COV_PENSN,M,ES212,PT,97.2
2010,SI_COV_PENSN,M,ES212,PT,100.0
2021,SI_COV_PENSN,M,ES212,PT,98.0
2023,SI_COV_PENSN,M,ES212,PT,96.2
2014,SI_COV_PENSN,M,ES212,PT,100.0
2024,SI_COV_PENSN,M,ES212,PT,96.2
