Year,Series,Territorio,Comarca,Municipio,Units,GeoCode,Value
2010,AG_LND_FRST,,,,PT,,54.9
2022,AG_LND_FRST,,,,PT,,54.8
2020,AG_LND_FRST,,,,PT,,54.7
2018,AG_LND_FRST,,,,PT,,54.2
2019,AG_LND_FRST,,,,PT,,54.5
2021,AG_LND_FRST,,,,PT,,54.8
2016,AG_LND_FRST,,,,PT,,54.9
2021,AG_LND_FRST,,,ES48001,PT,ES48001,53.3
2022,AG_LND_FRST,,,ES48001,PT,ES48001,53.4
2020,AG_LND_FRST,,,ES48001,PT,ES48001,53.3
2018,AG_LND_FRST,,,ES48001,PT,ES48001,52.5
2019,AG_LND_FRST,,,ES48001,PT,ES48001,52.8
2016,AG_LND_FRST,,,ES48001,PT,ES48001,53.5
2010,AG_LND_FRST,,,ES48001,PT,ES48001,53.3
2019,AG_LND_FRST,,,ES20001,PT,ES20001,50.4
2018,AG_LND_FRST,,,ES20001,PT,ES20001,50.4
2016,AG_LND_FRST,,,ES20001,PT,ES20001,52.5
2010,AG_LND_FRST,,,ES20001,PT,ES20001,53.5
2022,AG_LND_FRST,,,ES20001,PT,ES20001,50.4
2020,AG_LND_FRST,,,ES20001,PT,ES20001,50.4
2021,AG_LND_FRST,,,ES20001,PT,ES20001,50.4
2022,AG_LND_FRST,,,ES48002,PT,ES48002,29.9
2018,AG_LND_FRST,,,ES48002,PT,ES48002,35.7
2021,AG_LND_FRST,,,ES48002,PT,ES48002,29.9
2020,AG_LND_FRST,,,ES48002,PT,ES48002,29.9
2010,AG_LND_FRST,,,ES48002,PT,ES48002,35.7
2019,AG_LND_FRST,,,ES48002,PT,ES48002,29.4
2016,AG_LND_FRST,,,ES48002,PT,ES48002,35.7
2018,AG_LND_FRST,,,ES20002,PT,ES20002,62.3
2020,AG_LND_FRST,,,ES20002,PT,ES20002,62.2
2016,AG_LND_FRST,,,ES20002,PT,ES20002,65.3
2010,AG_LND_FRST,,,ES20002,PT,ES20002,67.0
2019,AG_LND_FRST,,,ES20002,PT,ES20002,62.2
2022,AG_LND_FRST,,,ES20002,PT,ES20002,62.2
2021,AG_LND_FRST,,,ES20002,PT,ES20002,62.2
2018,AG_LND_FRST,,,ES01051,PT,ES01051,20.4
2016,AG_LND_FRST,,,ES01051,PT,ES01051,20.4
2019,AG_LND_FRST,,,ES01051,PT,ES01051,20.4
2020,AG_LND_FRST,,,ES01051,PT,ES01051,20.4
2010,AG_LND_FRST,,,ES01051,PT,ES01051,19.8
2021,AG_LND_FRST,,,ES01051,PT,ES01051,20.4
2022,AG_LND_FRST,,,ES01051,PT,ES01051,20.4
2018,AG_LND_FRST,,,ES20016,PT,ES20016,50.3
2021,AG_LND_FRST,,,ES20016,PT,ES20016,51.0
2019,AG_LND_FRST,,,ES20016,PT,ES20016,50.9
2020,AG_LND_FRST,,,ES20016,PT,ES20016,51.0
2016,AG_LND_FRST,,,ES20016,PT,ES20016,51.4
2010,AG_LND_FRST,,,ES20016,PT,ES20016,51.6
2022,AG_LND_FRST,,,ES20016,PT,ES20016,51.0
2016,AG_LND_FRST,,,ES20003,PT,ES20003,36.3
2021,AG_LND_FRST,,,ES20003,PT,ES20003,34.3
2020,AG_LND_FRST,,,ES20003,PT,ES20003,34.1
2010,AG_LND_FRST,,,ES20003,PT,ES20003,37.8
2018,AG_LND_FRST,,,ES20003,PT,ES20003,33.4
2022,AG_LND_FRST,,,ES20003,PT,ES20003,34.3
2019,AG_LND_FRST,,,ES20003,PT,ES20003,34.1
2010,AG_LND_FRST,,,ES48911,PT,ES48911,53.7
2020,AG_LND_FRST,,,ES48911,PT,ES48911,54.9
2016,AG_LND_FRST,,,ES48911,PT,ES48911,57.1
2022,AG_LND_FRST,,,ES48911,PT,ES48911,55.0
2019,AG_LND_FRST,,,ES48911,PT,ES48911,54.7
2021,AG_LND_FRST,,,ES48911,PT,ES48911,54.9
2018,AG_LND_FRST,,,ES48911,PT,ES48911,54.5
2016,AG_LND_FRST,,,ES20004,PT,ES20004,65.3
2020,AG_LND_FRST,,,ES20004,PT,ES20004,64.4
2018,AG_LND_FRST,,,ES20004,PT,ES20004,63.9
2010,AG_LND_FRST,,,ES20004,PT,ES20004,68.9
2022,AG_LND_FRST,,,ES20004,PT,ES20004,64.6
2019,AG_LND_FRST,,,ES20004,PT,ES20004,64.0
2021,AG_LND_FRST,,,ES20004,PT,ES20004,64.4
2019,AG_LND_FRST,,,ES20005,PT,ES20005,69.4
2021,AG_LND_FRST,,,ES20005,PT,ES20005,69.4
2010,AG_LND_FRST,,,ES20005,PT,ES20005,72.6
2016,AG_LND_FRST,,,ES20005,PT,ES20005,71.2
2020,AG_LND_FRST,,,ES20005,PT,ES20005,69.4
2018,AG_LND_FRST,,,ES20005,PT,ES20005,68.8
2022,AG_LND_FRST,,,ES20005,PT,ES20005,69.4
2018,AG_LND_FRST,,,ES01001,PT,ES01001,32.9
2019,AG_LND_FRST,,,ES01001,PT,ES01001,32.9
2021,AG_LND_FRST,,,ES01001,PT,ES01001,32.9
2022,AG_LND_FRST,,,ES01001,PT,ES01001,32.9
2020,AG_LND_FRST,,,ES01001,PT,ES01001,32.9
2016,AG_LND_FRST,,,ES01001,PT,ES01001,32.9
2010,AG_LND_FRST,,,ES01001,PT,ES01001,33.6
2018,AG_LND_FRST,,,ES20006,PT,ES20006,68.0
2021,AG_LND_FRST,,,ES20006,PT,ES20006,68.0
2016,AG_LND_FRST,,,ES20006,PT,ES20006,68.9
2010,AG_LND_FRST,,,ES20006,PT,ES20006,70.4
2020,AG_LND_FRST,,,ES20006,PT,ES20006,68.0
2022,AG_LND_FRST,,,ES20006,PT,ES20006,67.9
2019,AG_LND_FRST,,,ES20006,PT,ES20006,68.1
2018,AG_LND_FRST,,,ES48912,PT,ES48912,52.4
2019,AG_LND_FRST,,,ES48912,PT,ES48912,52.1
2022,AG_LND_FRST,,,ES48912,PT,ES48912,54.5
2021,AG_LND_FRST,,,ES48912,PT,ES48912,54.5
2016,AG_LND_FRST,,,ES48912,PT,ES48912,51.5
2010,AG_LND_FRST,,,ES48912,PT,ES48912,47.6
2020,AG_LND_FRST,,,ES48912,PT,ES48912,54.6
2019,AG_LND_FRST,,,ES20906,PT,ES20906,61.1
2018,AG_LND_FRST,,,ES20906,PT,ES20906,61.1
2020,AG_LND_FRST,,,ES20906,PT,ES20906,61.1
2021,AG_LND_FRST,,,ES20906,PT,ES20906,61.8
2010,AG_LND_FRST,,,ES20906,PT,ES20906,60.4
2016,AG_LND_FRST,,,ES20906,PT,ES20906,62.6
2022,AG_LND_FRST,,,ES20906,PT,ES20906,61.8
2020,AG_LND_FRST,,,ES20007,PT,ES20007,65.6
2018,AG_LND_FRST,,,ES20007,PT,ES20007,65.2
2021,AG_LND_FRST,,,ES20007,PT,ES20007,65.7
2016,AG_LND_FRST,,,ES20007,PT,ES20007,68.7
2010,AG_LND_FRST,,,ES20007,PT,ES20007,69.1
2022,AG_LND_FRST,,,ES20007,PT,ES20007,65.8
2019,AG_LND_FRST,,,ES20007,PT,ES20007,65.6
2022,AG_LND_FRST,,,ES20008,PT,ES20008,61.4
2016,AG_LND_FRST,,,ES20008,PT,ES20008,62.8
2018,AG_LND_FRST,,,ES20008,PT,ES20008,60.7
2010,AG_LND_FRST,,,ES20008,PT,ES20008,62.9
2021,AG_LND_FRST,,,ES20008,PT,ES20008,61.0
2019,AG_LND_FRST,,,ES20008,PT,ES20008,61.1
2020,AG_LND_FRST,,,ES20008,PT,ES20008,61.1
2010,AG_LND_FRST,,,ES48003,PT,ES48003,64.4
2021,AG_LND_FRST,,,ES48003,PT,ES48003,62.8
2018,AG_LND_FRST,,,ES48003,PT,ES48003,61.8
2016,AG_LND_FRST,,,ES48003,PT,ES48003,63.7
2020,AG_LND_FRST,,,ES48003,PT,ES48003,62.3
2019,AG_LND_FRST,,,ES48003,PT,ES48003,61.8
2022,AG_LND_FRST,,,ES48003,PT,ES48003,62.8
2010,AG_LND_FRST,,,ES48004,PT,ES48004,83.3
2020,AG_LND_FRST,,,ES48004,PT,ES48004,82.8
2018,AG_LND_FRST,,,ES48004,PT,ES48004,82.3
2022,AG_LND_FRST,,,ES48004,PT,ES48004,83.6
2016,AG_LND_FRST,,,ES48004,PT,ES48004,82.9
2019,AG_LND_FRST,,,ES48004,PT,ES48004,82.2
2021,AG_LND_FRST,,,ES48004,PT,ES48004,83.6
2021,AG_LND_FRST,,,ES01002,PT,ES01002,59.0
2016,AG_LND_FRST,,,ES01002,PT,ES01002,58.0
2018,AG_LND_FRST,,,ES01002,PT,ES01002,58.0
2020,AG_LND_FRST,,,ES01002,PT,ES01002,59.0
2019,AG_LND_FRST,,,ES01002,PT,ES01002,58.4
2022,AG_LND_FRST,,,ES01002,PT,ES01002,59.1
2010,AG_LND_FRST,,,ES01002,PT,ES01002,57.8
2018,AG_LND_FRST,,,ES20009,PT,ES20009,57.0
2019,AG_LND_FRST,,,ES20009,PT,ES20009,57.0
2022,AG_LND_FRST,,,ES20009,PT,ES20009,57.4
2016,AG_LND_FRST,,,ES20009,PT,ES20009,58.0
2010,AG_LND_FRST,,,ES20009,PT,ES20009,57.5
2020,AG_LND_FRST,,,ES20009,PT,ES20009,57.0
2021,AG_LND_FRST,,,ES20009,PT,ES20009,57.4
2021,AG_LND_FRST,,,ES20010,PT,ES20010,50.5
2016,AG_LND_FRST,,,ES20010,PT,ES20010,52.0
2019,AG_LND_FRST,,,ES20010,PT,ES20010,50.5
2020,AG_LND_FRST,,,ES20010,PT,ES20010,50.5
2022,AG_LND_FRST,,,ES20010,PT,ES20010,50.5
2010,AG_LND_FRST,,,ES20010,PT,ES20010,53.7
2018,AG_LND_FRST,,,ES20010,PT,ES20010,50.5
2021,AG_LND_FRST,,,ES20011,PT,ES20011,75.1
2018,AG_LND_FRST,,,ES20011,PT,ES20011,75.0
2019,AG_LND_FRST,,,ES20011,PT,ES20011,75.0
2022,AG_LND_FRST,,,ES20011,PT,ES20011,75.1
2010,AG_LND_FRST,,,ES20011,PT,ES20011,80.6
2020,AG_LND_FRST,,,ES20011,PT,ES20011,75.0
2016,AG_LND_FRST,,,ES20011,PT,ES20011,77.7
2010,AG_LND_FRST,,,ES01049,PT,ES01049,43.2
2019,AG_LND_FRST,,,ES01049,PT,ES01049,46.2
2022,AG_LND_FRST,,,ES01049,PT,ES01049,46.3
2018,AG_LND_FRST,,,ES01049,PT,ES01049,45.7
2021,AG_LND_FRST,,,ES01049,PT,ES01049,46.2
2016,AG_LND_FRST,,,ES01049,PT,ES01049,45.7
2020,AG_LND_FRST,,,ES01049,PT,ES01049,46.2
2020,AG_LND_FRST,,,ES48005,PT,ES48005,74.9
2019,AG_LND_FRST,,,ES48005,PT,ES48005,74.9
2022,AG_LND_FRST,,,ES48005,PT,ES48005,75.0
2016,AG_LND_FRST,,,ES48005,PT,ES48005,75.8
2021,AG_LND_FRST,,,ES48005,PT,ES48005,74.9
2018,AG_LND_FRST,,,ES48005,PT,ES48005,74.9
2010,AG_LND_FRST,,,ES48005,PT,ES48005,79.6
2021,AG_LND_FRST,,,ES20012,PT,ES20012,51.4
2020,AG_LND_FRST,,,ES20012,PT,ES20012,51.4
2018,AG_LND_FRST,,,ES20012,PT,ES20012,51.3
2019,AG_LND_FRST,,,ES20012,PT,ES20012,51.4
2010,AG_LND_FRST,,,ES20012,PT,ES20012,60.0
2022,AG_LND_FRST,,,ES20012,PT,ES20012,51.5
2016,AG_LND_FRST,,,ES20012,PT,ES20012,54.7
2022,AG_LND_FRST,,,ES01003,PT,ES01003,78.9
2018,AG_LND_FRST,,,ES01003,PT,ES01003,78.5
2019,AG_LND_FRST,,,ES01003,PT,ES01003,78.6
2010,AG_LND_FRST,,,ES01003,PT,ES01003,77.7
2016,AG_LND_FRST,,,ES01003,PT,ES01003,78.9
2020,AG_LND_FRST,,,ES01003,PT,ES01003,78.7
2021,AG_LND_FRST,,,ES01003,PT,ES01003,78.8
2018,AG_LND_FRST,,,ES48006,PT,ES48006,58.3
2021,AG_LND_FRST,,,ES48006,PT,ES48006,61.0
2020,AG_LND_FRST,,,ES48006,PT,ES48006,60.6
2010,AG_LND_FRST,,,ES48006,PT,ES48006,64.2
2016,AG_LND_FRST,,,ES48006,PT,ES48006,59.9
2022,AG_LND_FRST,,,ES48006,PT,ES48006,61.0
2019,AG_LND_FRST,,,ES48006,PT,ES48006,60.6
2016,AG_LND_FRST,,,ES48093,PT,ES48093,86.2
2019,AG_LND_FRST,,,ES48093,PT,ES48093,83.6
2021,AG_LND_FRST,,,ES48093,PT,ES48093,86.3
2010,AG_LND_FRST,,,ES48093,PT,ES48093,89.6
2020,AG_LND_FRST,,,ES48093,PT,ES48093,85.4
2022,AG_LND_FRST,,,ES48093,PT,ES48093,86.3
2018,AG_LND_FRST,,,ES48093,PT,ES48093,83.2
2021,AG_LND_FRST,,,ES20013,PT,ES20013,55.6
2010,AG_LND_FRST,,,ES20013,PT,ES20013,51.2
2016,AG_LND_FRST,,,ES20013,PT,ES20013,55.8
2022,AG_LND_FRST,,,ES20013,PT,ES20013,55.6
2018,AG_LND_FRST,,,ES20013,PT,ES20013,54.8
2020,AG_LND_FRST,,,ES20013,PT,ES20013,55.6
2019,AG_LND_FRST,,,ES20013,PT,ES20013,55.5
2021,AG_LND_FRST,,,ES01006,PT,ES01006,6.6
2020,AG_LND_FRST,,,ES01006,PT,ES01006,6.6
2010,AG_LND_FRST,,,ES01006,PT,ES01006,8.4
2022,AG_LND_FRST,,,ES01006,PT,ES01006,6.6
2016,AG_LND_FRST,,,ES01006,PT,ES01006,6.6
2019,AG_LND_FRST,,,ES01006,PT,ES01006,6.6
2018,AG_LND_FRST,,,ES01006,PT,ES01006,6.6
2021,AG_LND_FRST,,,ES01037,PT,ES01037,62.6
2020,AG_LND_FRST,,,ES01037,PT,ES01037,62.5
2019,AG_LND_FRST,,,ES01037,PT,ES01037,62.1
2016,AG_LND_FRST,,,ES01037,PT,ES01037,62.1
2022,AG_LND_FRST,,,ES01037,PT,ES01037,62.6
2010,AG_LND_FRST,,,ES01037,PT,ES01037,61.8
2018,AG_LND_FRST,,,ES01037,PT,ES01037,62.1
2016,AG_LND_FRST,,,ES48009,PT,ES48009,73.3
2019,AG_LND_FRST,,,ES48009,PT,ES48009,72.5
2018,AG_LND_FRST,,,ES48009,PT,ES48009,72.6
2010,AG_LND_FRST,,,ES48009,PT,ES48009,73.4
2022,AG_LND_FRST,,,ES48009,PT,ES48009,73.6
2021,AG_LND_FRST,,,ES48009,PT,ES48009,73.4
2020,AG_LND_FRST,,,ES48009,PT,ES48009,73.0
2016,AG_LND_FRST,,,ES20055,PT,ES20055,65.5
2022,AG_LND_FRST,,,ES20055,PT,ES20055,64.0
2018,AG_LND_FRST,,,ES20055,PT,ES20055,63.5
2020,AG_LND_FRST,,,ES20055,PT,ES20055,64.0
2021,AG_LND_FRST,,,ES20055,PT,ES20055,64.0
2010,AG_LND_FRST,,,ES20055,PT,ES20055,64.6
2019,AG_LND_FRST,,,ES20055,PT,ES20055,64.0
2016,AG_LND_FRST,,,ES48914,PT,ES48914,71.1
2010,AG_LND_FRST,,,ES48914,PT,ES48914,70.9
2022,AG_LND_FRST,,,ES48914,PT,ES48914,72.1
2020,AG_LND_FRST,,,ES48914,PT,ES48914,72.1
2021,AG_LND_FRST,,,ES48914,PT,ES48914,72.1
2018,AG_LND_FRST,,,ES48914,PT,ES48914,70.9
2019,AG_LND_FRST,,,ES48914,PT,ES48914,71.8
2020,AG_LND_FRST,,,ES01008,PT,ES01008,29.2
2019,AG_LND_FRST,,,ES01008,PT,ES01008,29.2
2010,AG_LND_FRST,,,ES01008,PT,ES01008,28.7
2021,AG_LND_FRST,,,ES01008,PT,ES01008,29.2
2016,AG_LND_FRST,,,ES01008,PT,ES01008,28.7
2018,AG_LND_FRST,,,ES01008,PT,ES01008,28.6
2022,AG_LND_FRST,,,ES01008,PT,ES01008,29.2
2022,AG_LND_FRST,,,ES48010,PT,ES48010,65.3
2020,AG_LND_FRST,,,ES48010,PT,ES48010,65.2
2010,AG_LND_FRST,,,ES48010,PT,ES48010,64.7
2016,AG_LND_FRST,,,ES48010,PT,ES48010,66.3
2021,AG_LND_FRST,,,ES48010,PT,ES48010,65.2
2019,AG_LND_FRST,,,ES48010,PT,ES48010,65.1
2018,AG_LND_FRST,,,ES48010,PT,ES48010,65.1
2019,AG_LND_FRST,,,ES48011,PT,ES48011,60.5
2010,AG_LND_FRST,,,ES48011,PT,ES48011,61.4
2022,AG_LND_FRST,,,ES48011,PT,ES48011,61.4
2018,AG_LND_FRST,,,ES48011,PT,ES48011,60.5
2020,AG_LND_FRST,,,ES48011,PT,ES48011,61.3
2021,AG_LND_FRST,,,ES48011,PT,ES48011,61.4
2016,AG_LND_FRST,,,ES48011,PT,ES48011,61.0
2022,AG_LND_FRST,,,ES48023,PT,ES48023,74.4
2018,AG_LND_FRST,,,ES48023,PT,ES48023,70.5
2016,AG_LND_FRST,,,ES48023,PT,ES48023,74.3
2019,AG_LND_FRST,,,ES48023,PT,ES48023,73.0
2021,AG_LND_FRST,,,ES48023,PT,ES48023,74.2
2010,AG_LND_FRST,,,ES48023,PT,ES48023,74.4
2020,AG_LND_FRST,,,ES48023,PT,ES48023,74.0
2020,AG_LND_FRST,,,ES48008,PT,ES48008,59.8
2018,AG_LND_FRST,,,ES48008,PT,ES48008,59.1
2021,AG_LND_FRST,,,ES48008,PT,ES48008,60.1
2019,AG_LND_FRST,,,ES48008,PT,ES48008,59.3
2010,AG_LND_FRST,,,ES48008,PT,ES48008,60.0
2022,AG_LND_FRST,,,ES48008,PT,ES48008,60.0
2016,AG_LND_FRST,,,ES48008,PT,ES48008,60.1
2022,AG_LND_FRST,,,ES01004,PT,ES01004,57.2
2021,AG_LND_FRST,,,ES01004,PT,ES01004,56.9
2019,AG_LND_FRST,,,ES01004,PT,ES01004,58.1
2016,AG_LND_FRST,,,ES01004,PT,ES01004,57.3
2018,AG_LND_FRST,,,ES01004,PT,ES01004,58.5
2020,AG_LND_FRST,,,ES01004,PT,ES01004,56.9
2010,AG_LND_FRST,,,ES01004,PT,ES01004,57.3
2021,AG_LND_FRST,,,ES01009,PT,ES01009,52.4
2022,AG_LND_FRST,,,ES01009,PT,ES01009,52.4
2016,AG_LND_FRST,,,ES01009,PT,ES01009,52.4
2010,AG_LND_FRST,,,ES01009,PT,ES01009,53.4
2018,AG_LND_FRST,,,ES01009,PT,ES01009,52.4
2020,AG_LND_FRST,,,ES01009,PT,ES01009,52.4
2019,AG_LND_FRST,,,ES01009,PT,ES01009,52.4
2019,AG_LND_FRST,,,ES20014,PT,ES20014,43.8
2021,AG_LND_FRST,,,ES20014,PT,ES20014,43.9
2016,AG_LND_FRST,,,ES20014,PT,ES20014,44.9
2020,AG_LND_FRST,,,ES20014,PT,ES20014,43.8
2018,AG_LND_FRST,,,ES20014,PT,ES20014,43.7
2010,AG_LND_FRST,,,ES20014,PT,ES20014,44.2
2022,AG_LND_FRST,,,ES20014,PT,ES20014,43.9
2021,AG_LND_FRST,,,ES20903,PT,ES20903,42.1
2018,AG_LND_FRST,,,ES20903,PT,ES20903,41.8
2020,AG_LND_FRST,,,ES20903,PT,ES20903,42.1
2019,AG_LND_FRST,,,ES20903,PT,ES20903,42.3
2016,AG_LND_FRST,,,ES20903,PT,ES20903,42.4
2010,AG_LND_FRST,,,ES20903,PT,ES20903,42.7
2022,AG_LND_FRST,,,ES20903,PT,ES20903,42.0
2019,AG_LND_FRST,,,ES20015,PT,ES20015,82.5
2018,AG_LND_FRST,,,ES20015,PT,ES20015,82.3
2010,AG_LND_FRST,,,ES20015,PT,ES20015,82.0
2021,AG_LND_FRST,,,ES20015,PT,ES20015,82.5
2020,AG_LND_FRST,,,ES20015,PT,ES20015,82.5
2016,AG_LND_FRST,,,ES20015,PT,ES20015,82.5
2022,AG_LND_FRST,,,ES20015,PT,ES20015,82.6
2019,AG_LND_FRST,,,ES48091,PT,ES48091,62.4
2020,AG_LND_FRST,,,ES48091,PT,ES48091,62.7
2018,AG_LND_FRST,,,ES48091,PT,ES48091,62.3
2016,AG_LND_FRST,,,ES48091,PT,ES48091,63.2
2021,AG_LND_FRST,,,ES48091,PT,ES48091,62.7
2010,AG_LND_FRST,,,ES48091,PT,ES48091,66.0
2022,AG_LND_FRST,,,ES48091,PT,ES48091,62.7
2020,AG_LND_FRST,,,ES48070,PT,ES48070,78.7
2021,AG_LND_FRST,,,ES48070,PT,ES48070,79.1
2018,AG_LND_FRST,,,ES48070,PT,ES48070,78.2
2019,AG_LND_FRST,,,ES48070,PT,ES48070,78.5
2022,AG_LND_FRST,,,ES48070,PT,ES48070,79.1
2016,AG_LND_FRST,,,ES48070,PT,ES48070,79.2
2010,AG_LND_FRST,,,ES48070,PT,ES48070,80.5
2018,AG_LND_FRST,,,ES01010,PT,ES01010,53.7
2020,AG_LND_FRST,,,ES01010,PT,ES01010,53.5
2019,AG_LND_FRST,,,ES01010,PT,ES01010,53.5
2010,AG_LND_FRST,,,ES01010,PT,ES01010,52.9
2021,AG_LND_FRST,,,ES01010,PT,ES01010,53.5
2022,AG_LND_FRST,,,ES01010,PT,ES01010,53.9
2016,AG_LND_FRST,,,ES01010,PT,ES01010,53.7
2010,AG_LND_FRST,,,ES20017,PT,ES20017,66.7
2019,AG_LND_FRST,,,ES20017,PT,ES20017,66.5
2016,AG_LND_FRST,,,ES20017,PT,ES20017,68.8
2018,AG_LND_FRST,,,ES20017,PT,ES20017,66.4
2020,AG_LND_FRST,,,ES20017,PT,ES20017,66.6
2021,AG_LND_FRST,,,ES20017,PT,ES20017,66.6
2022,AG_LND_FRST,,,ES20017,PT,ES20017,66.7
2020,AG_LND_FRST,,,ES20018,PT,ES20018,62.5
2021,AG_LND_FRST,,,ES20018,PT,ES20018,62.7
2010,AG_LND_FRST,,,ES20018,PT,ES20018,64.4
2016,AG_LND_FRST,,,ES20018,PT,ES20018,64.0
2018,AG_LND_FRST,,,ES20018,PT,ES20018,62.0
2022,AG_LND_FRST,,,ES20018,PT,ES20018,62.7
2019,AG_LND_FRST,,,ES20018,PT,ES20018,62.3
2016,AG_LND_FRST,,,ES48012,PT,ES48012,67.0
2021,AG_LND_FRST,,,ES48012,PT,ES48012,67.0
2022,AG_LND_FRST,,,ES48012,PT,ES48012,67.0
2018,AG_LND_FRST,,,ES48012,PT,ES48012,66.9
2020,AG_LND_FRST,,,ES48012,PT,ES48012,67.0
2019,AG_LND_FRST,,,ES48012,PT,ES48012,66.9
2010,AG_LND_FRST,,,ES48012,PT,ES48012,64.3
2022,AG_LND_FRST,,,ES20904,PT,ES20904,52.6
2016,AG_LND_FRST,,,ES20904,PT,ES20904,54.9
2021,AG_LND_FRST,,,ES20904,PT,ES20904,52.4
2010,AG_LND_FRST,,,ES20904,PT,ES20904,58.5
2020,AG_LND_FRST,,,ES20904,PT,ES20904,51.6
2019,AG_LND_FRST,,,ES20904,PT,ES20904,51.6
2018,AG_LND_FRST,,,ES20904,PT,ES20904,51.6
2016,AG_LND_FRST,,,ES48090,PT,ES48090,80.2
2010,AG_LND_FRST,,,ES48090,PT,ES48090,80.8
2018,AG_LND_FRST,,,ES48090,PT,ES48090,78.5
2019,AG_LND_FRST,,,ES48090,PT,ES48090,78.4
2021,AG_LND_FRST,,,ES48090,PT,ES48090,79.0
2022,AG_LND_FRST,,,ES48090,PT,ES48090,79.1
2020,AG_LND_FRST,,,ES48090,PT,ES48090,78.9
2016,AG_LND_FRST,,,ES01011,PT,ES01011,9.5
2021,AG_LND_FRST,,,ES01011,PT,ES01011,9.5
2018,AG_LND_FRST,,,ES01011,PT,ES01011,9.5
2020,AG_LND_FRST,,,ES01011,PT,ES01011,9.5
2022,AG_LND_FRST,,,ES01011,PT,ES01011,9.5
2019,AG_LND_FRST,,,ES01011,PT,ES01011,9.5
2010,AG_LND_FRST,,,ES01011,PT,ES01011,8.3
2022,AG_LND_FRST,,,ES48013,PT,ES48013,35.2
2016,AG_LND_FRST,,,ES48013,PT,ES48013,33.5
2018,AG_LND_FRST,,,ES48013,PT,ES48013,33.5
2019,AG_LND_FRST,,,ES48013,PT,ES48013,35.4
2010,AG_LND_FRST,,,ES48013,PT,ES48013,34.6
2020,AG_LND_FRST,,,ES48013,PT,ES48013,35.2
2021,AG_LND_FRST,,,ES48013,PT,ES48013,35.2
2016,AG_LND_FRST,,,ES48014,PT,ES48014,26.2
2018,AG_LND_FRST,,,ES48014,PT,ES48014,26.2
2022,AG_LND_FRST,,,ES48014,PT,ES48014,31.4
2020,AG_LND_FRST,,,ES48014,PT,ES48014,30.9
2021,AG_LND_FRST,,,ES48014,PT,ES48014,31.4
2019,AG_LND_FRST,,,ES48014,PT,ES48014,28.1
2010,AG_LND_FRST,,,ES48014,PT,ES48014,25.1
2016,AG_LND_FRST,,,ES01013,PT,ES01013,41.8
2022,AG_LND_FRST,,,ES01013,PT,ES01013,42.6
2010,AG_LND_FRST,,,ES01013,PT,ES01013,41.7
2019,AG_LND_FRST,,,ES01013,PT,ES01013,42.6
2020,AG_LND_FRST,,,ES01013,PT,ES01013,42.6
2018,AG_LND_FRST,,,ES01013,PT,ES01013,41.8
2021,AG_LND_FRST,,,ES01013,PT,ES01013,42.6
2021,AG_LND_FRST,,,ES48015,PT,ES48015,12.7
2016,AG_LND_FRST,,,ES48015,PT,ES48015,11.5
2019,AG_LND_FRST,,,ES48015,PT,ES48015,12.7
2010,AG_LND_FRST,,,ES48015,PT,ES48015,11.4
2018,AG_LND_FRST,,,ES48015,PT,ES48015,11.5
2020,AG_LND_FRST,,,ES48015,PT,ES48015,12.7
2022,AG_LND_FRST,,,ES48015,PT,ES48015,12.7
2019,AG_LND_FRST,,,ES20019,PT,ES20019,71.1
2020,AG_LND_FRST,,,ES20019,PT,ES20019,71.1
2018,AG_LND_FRST,,,ES20019,PT,ES20019,71.2
2022,AG_LND_FRST,,,ES20019,PT,ES20019,71.7
2010,AG_LND_FRST,,,ES20019,PT,ES20019,73.8
2021,AG_LND_FRST,,,ES20019,PT,ES20019,71.5
2016,AG_LND_FRST,,,ES20019,PT,ES20019,72.9
2010,AG_LND_FRST,,,ES48092,PT,ES48092,80.8
2022,AG_LND_FRST,,,ES48092,PT,ES48092,77.8
2020,AG_LND_FRST,,,ES48092,PT,ES48092,77.7
2016,AG_LND_FRST,,,ES48092,PT,ES48092,81.2
2019,AG_LND_FRST,,,ES48092,PT,ES48092,77.1
2021,AG_LND_FRST,,,ES48092,PT,ES48092,77.8
2018,AG_LND_FRST,,,ES48092,PT,ES48092,77.1
2018,AG_LND_FRST,,,ES20020,PT,ES20020,73.3
2022,AG_LND_FRST,,,ES20020,PT,ES20020,73.4
2016,AG_LND_FRST,,,ES20020,PT,ES20020,74.3
2010,AG_LND_FRST,,,ES20020,PT,ES20020,71.7
2020,AG_LND_FRST,,,ES20020,PT,ES20020,73.3
2021,AG_LND_FRST,,,ES20020,PT,ES20020,73.3
2019,AG_LND_FRST,,,ES20020,PT,ES20020,73.3
2010,AG_LND_FRST,,,ES20021,PT,ES20021,60.9
2020,AG_LND_FRST,,,ES20021,PT,ES20021,56.4
2019,AG_LND_FRST,,,ES20021,PT,ES20021,56.4
2021,AG_LND_FRST,,,ES20021,PT,ES20021,56.4
2016,AG_LND_FRST,,,ES20021,PT,ES20021,56.9
2022,AG_LND_FRST,,,ES20021,PT,ES20021,56.3
2018,AG_LND_FRST,,,ES20021,PT,ES20021,56.3
2018,AG_LND_FRST,,,ES48016,PT,ES48016,35.2
2022,AG_LND_FRST,,,ES48016,PT,ES48016,38.6
2016,AG_LND_FRST,,,ES48016,PT,ES48016,35.3
2020,AG_LND_FRST,,,ES48016,PT,ES48016,38.0
2019,AG_LND_FRST,,,ES48016,PT,ES48016,37.6
2010,AG_LND_FRST,,,ES48016,PT,ES48016,34.9
2021,AG_LND_FRST,,,ES48016,PT,ES48016,38.6
2021,AG_LND_FRST,,,ES01014,PT,ES01014,16.5
2019,AG_LND_FRST,,,ES01014,PT,ES01014,16.5
2016,AG_LND_FRST,,,ES01014,PT,ES01014,16.5
2022,AG_LND_FRST,,,ES01014,PT,ES01014,16.5
2020,AG_LND_FRST,,,ES01014,PT,ES01014,16.5
2018,AG_LND_FRST,,,ES01014,PT,ES01014,16.5
2010,AG_LND_FRST,,,ES01014,PT,ES01014,17.0
2019,AG_LND_FRST,,,ES20022,PT,ES20022,74.9
2021,AG_LND_FRST,,,ES20022,PT,ES20022,74.8
2018,AG_LND_FRST,,,ES20022,PT,ES20022,74.9
2016,AG_LND_FRST,,,ES20022,PT,ES20022,75.4
2022,AG_LND_FRST,,,ES20022,PT,ES20022,74.8
2020,AG_LND_FRST,,,ES20022,PT,ES20022,74.8
2010,AG_LND_FRST,,,ES20022,PT,ES20022,75.2
2016,AG_LND_FRST,,,ES20074,PT,ES20074,70.0
2021,AG_LND_FRST,,,ES20074,PT,ES20074,67.1
2022,AG_LND_FRST,,,ES20074,PT,ES20074,67.1
2019,AG_LND_FRST,,,ES20074,PT,ES20074,67.0
2020,AG_LND_FRST,,,ES20074,PT,ES20074,67.1
2018,AG_LND_FRST,,,ES20074,PT,ES20074,67.0
2010,AG_LND_FRST,,,ES20074,PT,ES20074,70.2
2016,AG_LND_FRST,,,ES48017,PT,ES48017,62.4
2021,AG_LND_FRST,,,ES48017,PT,ES48017,61.7
2020,AG_LND_FRST,,,ES48017,PT,ES48017,61.5
2019,AG_LND_FRST,,,ES48017,PT,ES48017,61.2
2018,AG_LND_FRST,,,ES48017,PT,ES48017,61.0
2022,AG_LND_FRST,,,ES48017,PT,ES48017,61.7
2010,AG_LND_FRST,,,ES48017,PT,ES48017,60.1
2021,AG_LND_FRST,,,ES01016,PT,ES01016,58.9
2020,AG_LND_FRST,,,ES01016,PT,ES01016,58.9
2018,AG_LND_FRST,,,ES01016,PT,ES01016,58.2
2010,AG_LND_FRST,,,ES01016,PT,ES01016,58.0
2019,AG_LND_FRST,,,ES01016,PT,ES01016,58.9
2022,AG_LND_FRST,,,ES01016,PT,ES01016,58.9
2016,AG_LND_FRST,,,ES01016,PT,ES01016,58.2
2019,AG_LND_FRST,,,ES48018,PT,ES48018,71.7
2018,AG_LND_FRST,,,ES48018,PT,ES48018,71.6
2016,AG_LND_FRST,,,ES48018,PT,ES48018,72.6
2021,AG_LND_FRST,,,ES48018,PT,ES48018,72.5
2022,AG_LND_FRST,,,ES48018,PT,ES48018,72.5
2020,AG_LND_FRST,,,ES48018,PT,ES48018,72.0
2010,AG_LND_FRST,,,ES48018,PT,ES48018,76.4
2021,AG_LND_FRST,,,ES48019,PT,ES48019,59.0
2020,AG_LND_FRST,,,ES48019,PT,ES48019,58.6
2018,AG_LND_FRST,,,ES48019,PT,ES48019,58.3
2010,AG_LND_FRST,,,ES48019,PT,ES48019,61.9
2019,AG_LND_FRST,,,ES48019,PT,ES48019,58.6
2022,AG_LND_FRST,,,ES48019,PT,ES48019,59.1
2016,AG_LND_FRST,,,ES48019,PT,ES48019,62.4
2021,AG_LND_FRST,,,ES20023,PT,ES20023,48.1
2022,AG_LND_FRST,,,ES20023,PT,ES20023,48.3
2010,AG_LND_FRST,,,ES20023,PT,ES20023,52.6
2019,AG_LND_FRST,,,ES20023,PT,ES20023,47.3
2020,AG_LND_FRST,,,ES20023,PT,ES20023,47.3
2016,AG_LND_FRST,,,ES20023,PT,ES20023,53.9
2018,AG_LND_FRST,,,ES20023,PT,ES20023,47.4
2016,AG_LND_FRST,,,ES20024,PT,ES20024,59.4
2020,AG_LND_FRST,,,ES20024,PT,ES20024,58.2
2022,AG_LND_FRST,,,ES20024,PT,ES20024,58.2
2018,AG_LND_FRST,,,ES20024,PT,ES20024,58.5
2010,AG_LND_FRST,,,ES20024,PT,ES20024,58.6
2021,AG_LND_FRST,,,ES20024,PT,ES20024,58.2
2019,AG_LND_FRST,,,ES20024,PT,ES20024,58.2
2022,AG_LND_FRST,,,ES48020,PT,ES48020,20.4
2016,AG_LND_FRST,,,ES48020,PT,ES48020,19.7
2021,AG_LND_FRST,,,ES48020,PT,ES48020,20.4
2018,AG_LND_FRST,,,ES48020,PT,ES48020,19.7
2010,AG_LND_FRST,,,ES48020,PT,ES48020,19.4
2020,AG_LND_FRST,,,ES48020,PT,ES48020,20.3
2019,AG_LND_FRST,,,ES48020,PT,ES48020,20.1
2018,AG_LND_FRST,,,ES48021,PT,ES48021,70.1
2019,AG_LND_FRST,,,ES48021,PT,ES48021,69.5
2010,AG_LND_FRST,,,ES48021,PT,ES48021,69.8
2022,AG_LND_FRST,,,ES48021,PT,ES48021,69.9
2020,AG_LND_FRST,,,ES48021,PT,ES48021,69.6
2016,AG_LND_FRST,,,ES48021,PT,ES48021,71.3
2021,AG_LND_FRST,,,ES48021,PT,ES48021,69.6
2022,AG_LND_FRST,,,ES01017,PT,ES01017,62.8
2010,AG_LND_FRST,,,ES01017,PT,ES01017,62.9
2016,AG_LND_FRST,,,ES01017,PT,ES01017,62.8
2018,AG_LND_FRST,,,ES01017,PT,ES01017,62.8
2019,AG_LND_FRST,,,ES01017,PT,ES01017,62.8
2021,AG_LND_FRST,,,ES01017,PT,ES01017,62.8
2020,AG_LND_FRST,,,ES01017,PT,ES01017,62.8
2019,AG_LND_FRST,,,ES20029,PT,ES20029,51.7
2018,AG_LND_FRST,,,ES20029,PT,ES20029,50.9
2016,AG_LND_FRST,,,ES20029,PT,ES20029,52.3
2021,AG_LND_FRST,,,ES20029,PT,ES20029,52.3
2010,AG_LND_FRST,,,ES20029,PT,ES20029,52.4
2022,AG_LND_FRST,,,ES20029,PT,ES20029,52.4
2020,AG_LND_FRST,,,ES20029,PT,ES20029,52.0
2016,AG_LND_FRST,,,ES48901,PT,ES48901,32.5
2021,AG_LND_FRST,,,ES48901,PT,ES48901,33.3
2019,AG_LND_FRST,,,ES48901,PT,ES48901,32.4
2018,AG_LND_FRST,,,ES48901,PT,ES48901,32.5
2020,AG_LND_FRST,,,ES48901,PT,ES48901,33.3
2022,AG_LND_FRST,,,ES48901,PT,ES48901,33.2
2010,AG_LND_FRST,,,ES48901,PT,ES48901,39.4
2016,AG_LND_FRST,,,ES48026,PT,ES48026,68.9
2020,AG_LND_FRST,,,ES48026,PT,ES48026,67.7
2019,AG_LND_FRST,,,ES48026,PT,ES48026,67.4
2010,AG_LND_FRST,,,ES48026,PT,ES48026,69.1
2018,AG_LND_FRST,,,ES48026,PT,ES48026,67.0
2022,AG_LND_FRST,,,ES48026,PT,ES48026,68.1
2021,AG_LND_FRST,,,ES48026,PT,ES48026,68.0
2016,AG_LND_FRST,,,ES20069,PT,ES20069,31.9
2021,AG_LND_FRST,,,ES20069,PT,ES20069,32.2
2019,AG_LND_FRST,,,ES20069,PT,ES20069,32.2
2022,AG_LND_FRST,,,ES20069,PT,ES20069,32.2
2018,AG_LND_FRST,,,ES20069,PT,ES20069,31.7
2020,AG_LND_FRST,,,ES20069,PT,ES20069,32.2
2010,AG_LND_FRST,,,ES20069,PT,ES20069,31.5
2021,AG_LND_FRST,,,ES48027,PT,ES48027,56.5
2022,AG_LND_FRST,,,ES48027,PT,ES48027,56.5
2018,AG_LND_FRST,,,ES48027,PT,ES48027,55.5
2020,AG_LND_FRST,,,ES48027,PT,ES48027,56.5
2016,AG_LND_FRST,,,ES48027,PT,ES48027,56.2
2010,AG_LND_FRST,,,ES48027,PT,ES48027,57.2
2019,AG_LND_FRST,,,ES48027,PT,ES48027,55.6
2010,AG_LND_FRST,,,ES48028,PT,ES48028,69.6
2018,AG_LND_FRST,,,ES48028,PT,ES48028,69.3
2022,AG_LND_FRST,,,ES48028,PT,ES48028,70.5
2019,AG_LND_FRST,,,ES48028,PT,ES48028,70.3
2016,AG_LND_FRST,,,ES48028,PT,ES48028,71.1
2021,AG_LND_FRST,,,ES48028,PT,ES48028,70.5
2020,AG_LND_FRST,,,ES48028,PT,ES48028,70.4
2010,AG_LND_FRST,,,ES20030,PT,ES20030,72.9
2020,AG_LND_FRST,,,ES20030,PT,ES20030,65.5
2022,AG_LND_FRST,,,ES20030,PT,ES20030,65.9
2018,AG_LND_FRST,,,ES20030,PT,ES20030,65.2
2021,AG_LND_FRST,,,ES20030,PT,ES20030,65.8
2019,AG_LND_FRST,,,ES20030,PT,ES20030,65.5
2016,AG_LND_FRST,,,ES20030,PT,ES20030,66.6
2022,AG_LND_FRST,,,ES48031,PT,ES48031,74.7
2018,AG_LND_FRST,,,ES48031,PT,ES48031,74.9
2021,AG_LND_FRST,,,ES48031,PT,ES48031,74.5
2020,AG_LND_FRST,,,ES48031,PT,ES48031,74.5
2010,AG_LND_FRST,,,ES48031,PT,ES48031,80.5
2019,AG_LND_FRST,,,ES48031,PT,ES48031,74.5
2016,AG_LND_FRST,,,ES48031,PT,ES48031,74.9
2021,AG_LND_FRST,,,ES01021,PT,ES01021,22.4
2016,AG_LND_FRST,,,ES01021,PT,ES01021,22.5
2019,AG_LND_FRST,,,ES01021,PT,ES01021,22.4
2020,AG_LND_FRST,,,ES01021,PT,ES01021,22.4
2022,AG_LND_FRST,,,ES01021,PT,ES01021,22.5
2018,AG_LND_FRST,,,ES01021,PT,ES01021,22.5
2010,AG_LND_FRST,,,ES01021,PT,ES01021,22.2
2019,AG_LND_FRST,,,ES01022,PT,ES01022,9.1
2010,AG_LND_FRST,,,ES01022,PT,ES01022,6.9
2018,AG_LND_FRST,,,ES01022,PT,ES01022,9.1
2021,AG_LND_FRST,,,ES01022,PT,ES01022,9.1
2020,AG_LND_FRST,,,ES01022,PT,ES01022,9.1
2016,AG_LND_FRST,,,ES01022,PT,ES01022,9.1
2022,AG_LND_FRST,,,ES01022,PT,ES01022,9.0
2022,AG_LND_FRST,,,ES20031,PT,ES20031,89.8
2019,AG_LND_FRST,,,ES20031,PT,ES20031,90.0
2020,AG_LND_FRST,,,ES20031,PT,ES20031,90.0
2016,AG_LND_FRST,,,ES20031,PT,ES20031,90.4
2021,AG_LND_FRST,,,ES20031,PT,ES20031,90.0
2018,AG_LND_FRST,,,ES20031,PT,ES20031,88.9
2010,AG_LND_FRST,,,ES20031,PT,ES20031,90.6
2020,AG_LND_FRST,,,ES20033,PT,ES20033,79.3
2016,AG_LND_FRST,,,ES20033,PT,ES20033,82.2
2022,AG_LND_FRST,,,ES20033,PT,ES20033,79.6
2021,AG_LND_FRST,,,ES20033,PT,ES20033,79.6
2019,AG_LND_FRST,,,ES20033,PT,ES20033,79.2
2018,AG_LND_FRST,,,ES20033,PT,ES20033,78.9
2010,AG_LND_FRST,,,ES20033,PT,ES20033,83.3
2016,AG_LND_FRST,,,ES20032,PT,ES20032,69.1
2021,AG_LND_FRST,,,ES20032,PT,ES20032,67.5
2010,AG_LND_FRST,,,ES20032,PT,ES20032,68.8
2020,AG_LND_FRST,,,ES20032,PT,ES20032,67.1
2018,AG_LND_FRST,,,ES20032,PT,ES20032,66.6
2022,AG_LND_FRST,,,ES20032,PT,ES20032,67.7
2019,AG_LND_FRST,,,ES20032,PT,ES20032,66.6
2010,AG_LND_FRST,,,ES48032,PT,ES48032,69.4
2020,AG_LND_FRST,,,ES48032,PT,ES48032,67.3
2019,AG_LND_FRST,,,ES48032,PT,ES48032,66.1
2018,AG_LND_FRST,,,ES48032,PT,ES48032,66.2
2022,AG_LND_FRST,,,ES48032,PT,ES48032,67.5
2021,AG_LND_FRST,,,ES48032,PT,ES48032,67.5
2016,AG_LND_FRST,,,ES48032,PT,ES48032,68.9
2022,AG_LND_FRST,,,ES01023,PT,ES01023,3.3
2019,AG_LND_FRST,,,ES01023,PT,ES01023,3.3
2010,AG_LND_FRST,,,ES01023,PT,ES01023,3.8
2018,AG_LND_FRST,,,ES01023,PT,ES01023,3.3
2016,AG_LND_FRST,,,ES01023,PT,ES01023,3.3
2021,AG_LND_FRST,,,ES01023,PT,ES01023,3.3
2020,AG_LND_FRST,,,ES01023,PT,ES01023,3.3
2018,AG_LND_FRST,,,ES48902,PT,ES48902,23.7
2010,AG_LND_FRST,,,ES48902,PT,ES48902,22.9
2016,AG_LND_FRST,,,ES48902,PT,ES48902,23.8
2021,AG_LND_FRST,,,ES48902,PT,ES48902,24.0
2022,AG_LND_FRST,,,ES48902,PT,ES48902,24.0
2020,AG_LND_FRST,,,ES48902,PT,ES48902,24.0
2019,AG_LND_FRST,,,ES48902,PT,ES48902,23.7
2010,AG_LND_FRST,,,ES48033,PT,ES48033,81.2
2016,AG_LND_FRST,,,ES48033,PT,ES48033,82.8
2021,AG_LND_FRST,,,ES48033,PT,ES48033,82.6
2020,AG_LND_FRST,,,ES48033,PT,ES48033,82.5
2019,AG_LND_FRST,,,ES48033,PT,ES48033,82.3
2018,AG_LND_FRST,,,ES48033,PT,ES48033,81.8
2022,AG_LND_FRST,,,ES48033,PT,ES48033,82.6
2010,AG_LND_FRST,,,ES48034,PT,ES48034,72.4
2022,AG_LND_FRST,,,ES48034,PT,ES48034,54.9
2016,AG_LND_FRST,,,ES48034,PT,ES48034,58.2
2018,AG_LND_FRST,,,ES48034,PT,ES48034,54.7
2021,AG_LND_FRST,,,ES48034,PT,ES48034,54.8
2020,AG_LND_FRST,,,ES48034,PT,ES48034,53.8
2019,AG_LND_FRST,,,ES48034,PT,ES48034,54.7
2021,AG_LND_FRST,,,ES20067,PT,ES20067,66.7
2016,AG_LND_FRST,,,ES20067,PT,ES20067,68.0
2020,AG_LND_FRST,,,ES20067,PT,ES20067,66.5
2010,AG_LND_FRST,,,ES20067,PT,ES20067,67.9
2022,AG_LND_FRST,,,ES20067,PT,ES20067,66.7
2019,AG_LND_FRST,,,ES20067,PT,ES20067,66.5
2018,AG_LND_FRST,,,ES20067,PT,ES20067,66.1
2022,AG_LND_FRST,,,ES20066,PT,ES20066,59.2
2019,AG_LND_FRST,,,ES20066,PT,ES20066,58.4
2021,AG_LND_FRST,,,ES20066,PT,ES20066,59.0
2010,AG_LND_FRST,,,ES20066,PT,ES20066,60.5
2016,AG_LND_FRST,,,ES20066,PT,ES20066,59.8
2020,AG_LND_FRST,,,ES20066,PT,ES20066,59.1
2018,AG_LND_FRST,,,ES20066,PT,ES20066,58.1
2016,AG_LND_FRST,,,ES01046,PT,ES01046,49.9
2022,AG_LND_FRST,,,ES01046,PT,ES01046,49.8
2020,AG_LND_FRST,,,ES01046,PT,ES01046,49.8
2018,AG_LND_FRST,,,ES01046,PT,ES01046,49.9
2019,AG_LND_FRST,,,ES01046,PT,ES01046,49.9
2010,AG_LND_FRST,,,ES01046,PT,ES01046,49.5
2021,AG_LND_FRST,,,ES01046,PT,ES01046,49.8
2022,AG_LND_FRST,,,ES48079,PT,ES48079,69.2
2020,AG_LND_FRST,,,ES48079,PT,ES48079,69.7
2016,AG_LND_FRST,,,ES48079,PT,ES48079,71.6
2019,AG_LND_FRST,,,ES48079,PT,ES48079,69.2
2018,AG_LND_FRST,,,ES48079,PT,ES48079,68.6
2021,AG_LND_FRST,,,ES48079,PT,ES48079,69.3
2010,AG_LND_FRST,,,ES48079,PT,ES48079,70.7
2018,AG_LND_FRST,,,ES20034,PT,ES20034,61.7
2020,AG_LND_FRST,,,ES20034,PT,ES20034,61.9
2016,AG_LND_FRST,,,ES20034,PT,ES20034,62.9
2019,AG_LND_FRST,,,ES20034,PT,ES20034,61.8
2022,AG_LND_FRST,,,ES20034,PT,ES20034,62.1
2021,AG_LND_FRST,,,ES20034,PT,ES20034,62.0
2010,AG_LND_FRST,,,ES20034,PT,ES20034,63.3
2020,AG_LND_FRST,,,ES48029,PT,ES48029,38.9
2018,AG_LND_FRST,,,ES48029,PT,ES48029,38.9
2022,AG_LND_FRST,,,ES48029,PT,ES48029,40.8
2010,AG_LND_FRST,,,ES48029,PT,ES48029,40.0
2019,AG_LND_FRST,,,ES48029,PT,ES48029,38.9
2016,AG_LND_FRST,,,ES48029,PT,ES48029,38.9
2021,AG_LND_FRST,,,ES48029,PT,ES48029,40.9
2021,AG_LND_FRST,,,ES48030,PT,ES48030,72.3
2016,AG_LND_FRST,,,ES48030,PT,ES48030,73.2
2020,AG_LND_FRST,,,ES48030,PT,ES48030,71.1
2019,AG_LND_FRST,,,ES48030,PT,ES48030,70.7
2022,AG_LND_FRST,,,ES48030,PT,ES48030,73.0
2010,AG_LND_FRST,,,ES48030,PT,ES48030,71.6
2018,AG_LND_FRST,,,ES48030,PT,ES48030,70.6
2019,AG_LND_FRST,,,ES20035,PT,ES20035,68.7
2020,AG_LND_FRST,,,ES20035,PT,ES20035,69.2
2018,AG_LND_FRST,,,ES20035,PT,ES20035,68.7
2022,AG_LND_FRST,,,ES20035,PT,ES20035,69.7
2016,AG_LND_FRST,,,ES20035,PT,ES20035,70.7
2021,AG_LND_FRST,,,ES20035,PT,ES20035,69.5
2010,AG_LND_FRST,,,ES20035,PT,ES20035,73.2
2019,AG_LND_FRST,,,ES48906,PT,ES48906,55.8
2010,AG_LND_FRST,,,ES48906,PT,ES48906,53.1
2022,AG_LND_FRST,,,ES48906,PT,ES48906,55.6
2016,AG_LND_FRST,,,ES48906,PT,ES48906,57.3
2020,AG_LND_FRST,,,ES48906,PT,ES48906,55.8
2021,AG_LND_FRST,,,ES48906,PT,ES48906,55.8
2018,AG_LND_FRST,,,ES48906,PT,ES48906,55.8
2021,AG_LND_FRST,,,ES48035,PT,ES48035,46.8
2018,AG_LND_FRST,,,ES48035,PT,ES48035,46.2
2016,AG_LND_FRST,,,ES48035,PT,ES48035,46.8
2019,AG_LND_FRST,,,ES48035,PT,ES48035,46.5
2022,AG_LND_FRST,,,ES48035,PT,ES48035,46.9
2010,AG_LND_FRST,,,ES48035,PT,ES48035,45.2
2020,AG_LND_FRST,,,ES48035,PT,ES48035,46.8
2016,AG_LND_FRST,,,ES20038,PT,ES20038,64.9
2022,AG_LND_FRST,,,ES20038,PT,ES20038,63.6
2018,AG_LND_FRST,,,ES20038,PT,ES20038,63.2
2010,AG_LND_FRST,,,ES20038,PT,ES20038,65.7
2020,AG_LND_FRST,,,ES20038,PT,ES20038,63.2
2019,AG_LND_FRST,,,ES20038,PT,ES20038,63.1
2021,AG_LND_FRST,,,ES20038,PT,ES20038,63.5
2010,AG_LND_FRST,,,ES20037,PT,ES20037,66.5
2018,AG_LND_FRST,,,ES20037,PT,ES20037,65.6
2020,AG_LND_FRST,,,ES20037,PT,ES20037,65.6
2022,AG_LND_FRST,,,ES20037,PT,ES20037,65.6
2019,AG_LND_FRST,,,ES20037,PT,ES20037,65.6
2021,AG_LND_FRST,,,ES20037,PT,ES20037,65.6
2016,AG_LND_FRST,,,ES20037,PT,ES20037,67.8
2020,AG_LND_FRST,,,ES48036,PT,ES48036,60.1
2016,AG_LND_FRST,,,ES48036,PT,ES48036,60.1
2019,AG_LND_FRST,,,ES48036,PT,ES48036,59.9
2022,AG_LND_FRST,,,ES48036,PT,ES48036,61.0
2010,AG_LND_FRST,,,ES48036,PT,ES48036,59.1
2018,AG_LND_FRST,,,ES48036,PT,ES48036,59.9
2021,AG_LND_FRST,,,ES48036,PT,ES48036,61.2
2010,AG_LND_FRST,,,ES48037,PT,ES48037,62.8
2018,AG_LND_FRST,,,ES48037,PT,ES48037,61.4
2020,AG_LND_FRST,,,ES48037,PT,ES48037,61.8
2019,AG_LND_FRST,,,ES48037,PT,ES48037,61.5
2021,AG_LND_FRST,,,ES48037,PT,ES48037,62.0
2016,AG_LND_FRST,,,ES48037,PT,ES48037,62.2
2022,AG_LND_FRST,,,ES48037,PT,ES48037,62.0
2010,AG_LND_FRST,,,ES48038,PT,ES48038,44.7
2016,AG_LND_FRST,,,ES48038,PT,ES48038,46.3
2022,AG_LND_FRST,,,ES48038,PT,ES48038,46.2
2021,AG_LND_FRST,,,ES48038,PT,ES48038,46.2
2018,AG_LND_FRST,,,ES48038,PT,ES48038,45.8
2020,AG_LND_FRST,,,ES48038,PT,ES48038,46.4
2019,AG_LND_FRST,,,ES48038,PT,ES48038,45.6
2016,AG_LND_FRST,,,ES48039,PT,ES48039,71.9
2019,AG_LND_FRST,,,ES48039,PT,ES48039,70.4
2022,AG_LND_FRST,,,ES48039,PT,ES48039,71.3
2021,AG_LND_FRST,,,ES48039,PT,ES48039,71.2
2018,AG_LND_FRST,,,ES48039,PT,ES48039,70.3
2010,AG_LND_FRST,,,ES48039,PT,ES48039,75.8
2020,AG_LND_FRST,,,ES48039,PT,ES48039,71.2
2022,AG_LND_FRST,,,ES48040,PT,ES48040,42.8
2021,AG_LND_FRST,,,ES48040,PT,ES48040,42.8
2019,AG_LND_FRST,,,ES48040,PT,ES48040,39.8
2016,AG_LND_FRST,,,ES48040,PT,ES48040,40.0
2010,AG_LND_FRST,,,ES48040,PT,ES48040,40.6
2020,AG_LND_FRST,,,ES48040,PT,ES48040,42.1
2018,AG_LND_FRST,,,ES48040,PT,ES48040,39.3
2010,AG_LND_FRST,,,ES48041,PT,ES48041,61.9
2018,AG_LND_FRST,,,ES48041,PT,ES48041,61.0
2022,AG_LND_FRST,,,ES48041,PT,ES48041,61.8
2020,AG_LND_FRST,,,ES48041,PT,ES48041,61.0
2021,AG_LND_FRST,,,ES48041,PT,ES48041,61.1
2019,AG_LND_FRST,,,ES48041,PT,ES48041,61.0
2016,AG_LND_FRST,,,ES48041,PT,ES48041,62.2
2018,AG_LND_FRST,,,ES20907,PT,ES20907,74.8
2016,AG_LND_FRST,,,ES20907,PT,ES20907,77.5
2022,AG_LND_FRST,,,ES20907,PT,ES20907,75.1
2021,AG_LND_FRST,,,ES20907,PT,ES20907,75.0
2010,AG_LND_FRST,,,ES20907,PT,ES20907,75.4
2020,AG_LND_FRST,,,ES20907,PT,ES20907,75.0
2019,AG_LND_FRST,,,ES20907,PT,ES20907,74.8
2016,AG_LND_FRST,,,ES48046,PT,ES48046,46.5
2022,AG_LND_FRST,,,ES48046,PT,ES48046,46.8
2019,AG_LND_FRST,,,ES48046,PT,ES48046,46.2
2018,AG_LND_FRST,,,ES48046,PT,ES48046,45.6
2010,AG_LND_FRST,,,ES48046,PT,ES48046,45.6
2020,AG_LND_FRST,,,ES48046,PT,ES48046,46.2
2021,AG_LND_FRST,,,ES48046,PT,ES48046,46.8
2022,AG_LND_FRST,,,ES20039,PT,ES20039,22.6
2020,AG_LND_FRST,,,ES20039,PT,ES20039,22.6
2018,AG_LND_FRST,,,ES20039,PT,ES20039,22.0
2016,AG_LND_FRST,,,ES20039,PT,ES20039,23.4
2021,AG_LND_FRST,,,ES20039,PT,ES20039,22.6
2019,AG_LND_FRST,,,ES20039,PT,ES20039,22.6
2010,AG_LND_FRST,,,ES20039,PT,ES20039,25.9
2016,AG_LND_FRST,,,ES48044,PT,ES48044,6.3
2020,AG_LND_FRST,,,ES48044,PT,ES48044,6.7
2010,AG_LND_FRST,,,ES48044,PT,ES48044,6.2
2021,AG_LND_FRST,,,ES48044,PT,ES48044,6.7
2019,AG_LND_FRST,,,ES48044,PT,ES48044,6.7
2018,AG_LND_FRST,,,ES48044,PT,ES48044,6.3
2022,AG_LND_FRST,,,ES48044,PT,ES48044,6.7
2010,AG_LND_FRST,,,ES48047,PT,ES48047,73.2
2018,AG_LND_FRST,,,ES48047,PT,ES48047,78.4
2020,AG_LND_FRST,,,ES48047,PT,ES48047,79.0
2019,AG_LND_FRST,,,ES48047,PT,ES48047,79.0
2016,AG_LND_FRST,,,ES48047,PT,ES48047,78.4
2022,AG_LND_FRST,,,ES48047,PT,ES48047,79.6
2021,AG_LND_FRST,,,ES48047,PT,ES48047,78.8
2021,AG_LND_FRST,,,ES48042,PT,ES48042,81.9
2018,AG_LND_FRST,,,ES48042,PT,ES48042,80.6
2010,AG_LND_FRST,,,ES48042,PT,ES48042,81.9
2019,AG_LND_FRST,,,ES48042,PT,ES48042,81.0
2022,AG_LND_FRST,,,ES48042,PT,ES48042,82.0
2016,AG_LND_FRST,,,ES48042,PT,ES48042,81.7
2020,AG_LND_FRST,,,ES48042,PT,ES48042,81.1
2016,AG_LND_FRST,,,ES48043,PT,ES48043,25.7
2020,AG_LND_FRST,,,ES48043,PT,ES48043,30.1
2019,AG_LND_FRST,,,ES48043,PT,ES48043,25.8
2018,AG_LND_FRST,,,ES48043,PT,ES48043,25.7
2022,AG_LND_FRST,,,ES48043,PT,ES48043,30.4
2021,AG_LND_FRST,,,ES48043,PT,ES48043,30.4
2010,AG_LND_FRST,,,ES48043,PT,ES48043,37.9
2022,AG_LND_FRST,,,ES48045,PT,ES48045,66.3
2018,AG_LND_FRST,,,ES48045,PT,ES48045,65.3
2021,AG_LND_FRST,,,ES48045,PT,ES48045,66.3
2016,AG_LND_FRST,,,ES48045,PT,ES48045,65.8
2010,AG_LND_FRST,,,ES48045,PT,ES48045,66.3
2019,AG_LND_FRST,,,ES48045,PT,ES48045,65.4
2020,AG_LND_FRST,,,ES48045,PT,ES48045,66.2
2022,AG_LND_FRST,,,ES01056,PT,ES01056,56.2
2010,AG_LND_FRST,,,ES01056,PT,ES01056,56.0
2016,AG_LND_FRST,,,ES01056,PT,ES01056,56.2
2019,AG_LND_FRST,,,ES01056,PT,ES01056,56.2
2021,AG_LND_FRST,,,ES01056,PT,ES01056,56.2
2018,AG_LND_FRST,,,ES01056,PT,ES01056,56.2
2020,AG_LND_FRST,,,ES01056,PT,ES01056,56.2
2021,AG_LND_FRST,,,ES20040,PT,ES20040,64.8
2016,AG_LND_FRST,,,ES20040,PT,ES20040,65.4
2019,AG_LND_FRST,,,ES20040,PT,ES20040,64.6
2010,AG_LND_FRST,,,ES20040,PT,ES20040,65.0
2020,AG_LND_FRST,,,ES20040,PT,ES20040,64.8
2022,AG_LND_FRST,,,ES20040,PT,ES20040,64.8
2018,AG_LND_FRST,,,ES20040,PT,ES20040,63.8
2019,AG_LND_FRST,,,ES20041,PT,ES20041,48.6
2018,AG_LND_FRST,,,ES20041,PT,ES20041,48.6
2016,AG_LND_FRST,,,ES20041,PT,ES20041,49.1
2021,AG_LND_FRST,,,ES20041,PT,ES20041,48.6
2010,AG_LND_FRST,,,ES20041,PT,ES20041,47.4
2022,AG_LND_FRST,,,ES20041,PT,ES20041,48.6
2020,AG_LND_FRST,,,ES20041,PT,ES20041,48.6
2016,AG_LND_FRST,,,ES20036,PT,ES20036,39.9
2022,AG_LND_FRST,,,ES20036,PT,ES20036,40.0
2019,AG_LND_FRST,,,ES20036,PT,ES20036,40.0
2018,AG_LND_FRST,,,ES20036,PT,ES20036,39.9
2010,AG_LND_FRST,,,ES20036,PT,ES20036,40.9
2021,AG_LND_FRST,,,ES20036,PT,ES20036,40.0
2020,AG_LND_FRST,,,ES20036,PT,ES20036,40.0
2018,AG_LND_FRST,,,ES20042,PT,ES20042,39.0
2020,AG_LND_FRST,,,ES20042,PT,ES20042,38.9
2022,AG_LND_FRST,,,ES20042,PT,ES20042,39.2
2010,AG_LND_FRST,,,ES20042,PT,ES20042,45.0
2021,AG_LND_FRST,,,ES20042,PT,ES20042,38.9
2016,AG_LND_FRST,,,ES20042,PT,ES20042,43.1
2019,AG_LND_FRST,,,ES20042,PT,ES20042,38.9
2021,AG_LND_FRST,,,ES48048,PT,ES48048,72.2
2016,AG_LND_FRST,,,ES48048,PT,ES48048,72.3
2010,AG_LND_FRST,,,ES48048,PT,ES48048,62.8
2020,AG_LND_FRST,,,ES48048,PT,ES48048,72.2
2019,AG_LND_FRST,,,ES48048,PT,ES48048,72.2
2018,AG_LND_FRST,,,ES48048,PT,ES48048,72.0
2022,AG_LND_FRST,,,ES48048,PT,ES48048,72.2
2016,AG_LND_FRST,,,ES20043,PT,ES20043,65.4
2022,AG_LND_FRST,,,ES20043,PT,ES20043,64.9
2020,AG_LND_FRST,,,ES20043,PT,ES20043,64.9
2019,AG_LND_FRST,,,ES20043,PT,ES20043,64.7
2010,AG_LND_FRST,,,ES20043,PT,ES20043,65.1
2018,AG_LND_FRST,,,ES20043,PT,ES20043,63.8
2021,AG_LND_FRST,,,ES20043,PT,ES20043,64.9
2020,AG_LND_FRST,,,ES48094,PT,ES48094,65.3
2021,AG_LND_FRST,,,ES48094,PT,ES48094,65.4
2010,AG_LND_FRST,,,ES48094,PT,ES48094,67.1
2016,AG_LND_FRST,,,ES48094,PT,ES48094,67.6
2018,AG_LND_FRST,,,ES48094,PT,ES48094,65.4
2019,AG_LND_FRST,,,ES48094,PT,ES48094,65.7
2022,AG_LND_FRST,,,ES48094,PT,ES48094,65.5
2018,AG_LND_FRST,,,ES20044,PT,ES20044,44.7
2021,AG_LND_FRST,,,ES20044,PT,ES20044,44.7
2010,AG_LND_FRST,,,ES20044,PT,ES20044,46.5
2022,AG_LND_FRST,,,ES20044,PT,ES20044,44.9
2016,AG_LND_FRST,,,ES20044,PT,ES20044,45.4
2020,AG_LND_FRST,,,ES20044,PT,ES20044,44.7
2019,AG_LND_FRST,,,ES20044,PT,ES20044,44.7
2019,AG_LND_FRST,,,ES20045,PT,ES20045,51.7
2016,AG_LND_FRST,,,ES20045,PT,ES20045,50.5
2021,AG_LND_FRST,,,ES20045,PT,ES20045,51.4
2010,AG_LND_FRST,,,ES20045,PT,ES20045,48.9
2018,AG_LND_FRST,,,ES20045,PT,ES20045,50.4
2022,AG_LND_FRST,,,ES20045,PT,ES20045,51.4
2020,AG_LND_FRST,,,ES20045,PT,ES20045,51.5
2019,AG_LND_FRST,,,ES01901,PT,ES01901,52.2
2016,AG_LND_FRST,,,ES01901,PT,ES01901,51.7
2010,AG_LND_FRST,,,ES01901,PT,ES01901,52.0
2021,AG_LND_FRST,,,ES01901,PT,ES01901,52.2
2018,AG_LND_FRST,,,ES01901,PT,ES01901,51.7
2020,AG_LND_FRST,,,ES01901,PT,ES01901,52.2
2022,AG_LND_FRST,,,ES01901,PT,ES01901,52.2
2021,AG_LND_FRST,,,ES20046,PT,ES20046,63.9
2019,AG_LND_FRST,,,ES20046,PT,ES20046,63.6
2016,AG_LND_FRST,,,ES20046,PT,ES20046,66.1
2010,AG_LND_FRST,,,ES20046,PT,ES20046,63.7
2020,AG_LND_FRST,,,ES20046,PT,ES20046,63.9
2018,AG_LND_FRST,,,ES20046,PT,ES20046,63.6
2022,AG_LND_FRST,,,ES20046,PT,ES20046,63.8
2016,AG_LND_FRST,,,ES01027,PT,ES01027,35.5
2010,AG_LND_FRST,,,ES01027,PT,ES01027,36.0
2019,AG_LND_FRST,,,ES01027,PT,ES01027,35.5
2022,AG_LND_FRST,,,ES01027,PT,ES01027,35.5
2018,AG_LND_FRST,,,ES01027,PT,ES01027,35.5
2020,AG_LND_FRST,,,ES01027,PT,ES01027,35.5
2021,AG_LND_FRST,,,ES01027,PT,ES01027,35.5
2016,AG_LND_FRST,,,ES48049,PT,ES48049,79.5
2022,AG_LND_FRST,,,ES48049,PT,ES48049,78.6
2018,AG_LND_FRST,,,ES48049,PT,ES48049,77.6
2021,AG_LND_FRST,,,ES48049,PT,ES48049,78.6
2010,AG_LND_FRST,,,ES48049,PT,ES48049,79.8
2020,AG_LND_FRST,,,ES48049,PT,ES48049,78.6
2019,AG_LND_FRST,,,ES48049,PT,ES48049,78.5
2020,AG_LND_FRST,,,ES20047,PT,ES20047,77.6
2018,AG_LND_FRST,,,ES20047,PT,ES20047,77.4
2016,AG_LND_FRST,,,ES20047,PT,ES20047,78.1
2022,AG_LND_FRST,,,ES20047,PT,ES20047,77.5
2010,AG_LND_FRST,,,ES20047,PT,ES20047,78.4
2019,AG_LND_FRST,,,ES20047,PT,ES20047,77.4
2021,AG_LND_FRST,,,ES20047,PT,ES20047,77.6
2010,AG_LND_FRST,,,ES48910,PT,ES48910,57.0
2018,AG_LND_FRST,,,ES48910,PT,ES48910,54.8
2016,AG_LND_FRST,,,ES48910,PT,ES48910,55.8
2022,AG_LND_FRST,,,ES48910,PT,ES48910,55.8
2019,AG_LND_FRST,,,ES48910,PT,ES48910,54.9
2020,AG_LND_FRST,,,ES48910,PT,ES48910,55.2
2021,AG_LND_FRST,,,ES48910,PT,ES48910,55.4
2022,AG_LND_FRST,,,ES48050,PT,ES48050,61.9
2019,AG_LND_FRST,,,ES48050,PT,ES48050,61.9
2010,AG_LND_FRST,,,ES48050,PT,ES48050,69.5
2020,AG_LND_FRST,,,ES48050,PT,ES48050,61.9
2018,AG_LND_FRST,,,ES48050,PT,ES48050,62.1
2016,AG_LND_FRST,,,ES48050,PT,ES48050,68.5
2021,AG_LND_FRST,,,ES48050,PT,ES48050,61.9
2019,AG_LND_FRST,,,ES48022,PT,ES48022,39.7
2016,AG_LND_FRST,,,ES48022,PT,ES48022,39.1
2021,AG_LND_FRST,,,ES48022,PT,ES48022,39.9
2020,AG_LND_FRST,,,ES48022,PT,ES48022,39.8
2010,AG_LND_FRST,,,ES48022,PT,ES48022,38.7
2018,AG_LND_FRST,,,ES48022,PT,ES48022,38.9
2022,AG_LND_FRST,,,ES48022,PT,ES48022,40.0
2016,AG_LND_FRST,,,ES48907,PT,ES48907,67.8
2019,AG_LND_FRST,,,ES48907,PT,ES48907,66.3
2018,AG_LND_FRST,,,ES48907,PT,ES48907,66.2
2010,AG_LND_FRST,,,ES48907,PT,ES48907,65.8
2022,AG_LND_FRST,,,ES48907,PT,ES48907,67.2
2021,AG_LND_FRST,,,ES48907,PT,ES48907,66.3
2020,AG_LND_FRST,,,ES48907,PT,ES48907,66.3
2022,AG_LND_FRST,,,ES01019,PT,ES01019,22.6
2019,AG_LND_FRST,,,ES01019,PT,ES01019,22.7
2020,AG_LND_FRST,,,ES01019,PT,ES01019,22.7
2016,AG_LND_FRST,,,ES01019,PT,ES01019,22.7
2021,AG_LND_FRST,,,ES01019,PT,ES01019,22.7
2018,AG_LND_FRST,,,ES01019,PT,ES01019,22.7
2010,AG_LND_FRST,,,ES01019,PT,ES01019,23.0
2022,AG_LND_FRST,,,ES01020,PT,ES01020,53.9
2016,AG_LND_FRST,,,ES01020,PT,ES01020,53.4
2019,AG_LND_FRST,,,ES01020,PT,ES01020,53.9
2018,AG_LND_FRST,,,ES01020,PT,ES01020,53.4
2020,AG_LND_FRST,,,ES01020,PT,ES01020,53.9
2010,AG_LND_FRST,,,ES01020,PT,ES01020,54.0
2021,AG_LND_FRST,,,ES01020,PT,ES01020,53.9
2019,AG_LND_FRST,,,ES01028,PT,ES01028,25.7
2020,AG_LND_FRST,,,ES01028,PT,ES01028,25.8
2010,AG_LND_FRST,,,ES01028,PT,ES01028,25.7
2018,AG_LND_FRST,,,ES01028,PT,ES01028,25.7
2016,AG_LND_FRST,,,ES01028,PT,ES01028,25.7
2021,AG_LND_FRST,,,ES01028,PT,ES01028,25.8
2022,AG_LND_FRST,,,ES01028,PT,ES01028,25.8
2018,AG_LND_FRST,,,ES01030,PT,ES01030,71.0
2016,AG_LND_FRST,,,ES01030,PT,ES01030,71.0
2021,AG_LND_FRST,,,ES01030,PT,ES01030,71.0
2019,AG_LND_FRST,,,ES01030,PT,ES01030,71.0
2022,AG_LND_FRST,,,ES01030,PT,ES01030,71.0
2020,AG_LND_FRST,,,ES01030,PT,ES01030,71.0
2010,AG_LND_FRST,,,ES01030,PT,ES01030,70.1
2016,AG_LND_FRST,,,ES01031,PT,ES01031,14.3
2018,AG_LND_FRST,,,ES01031,PT,ES01031,14.3
2021,AG_LND_FRST,,,ES01031,PT,ES01031,14.7
2019,AG_LND_FRST,,,ES01031,PT,ES01031,14.7
2010,AG_LND_FRST,,,ES01031,PT,ES01031,14.2
2022,AG_LND_FRST,,,ES01031,PT,ES01031,14.6
2020,AG_LND_FRST,,,ES01031,PT,ES01031,14.7
2020,AG_LND_FRST,,,ES01032,PT,ES01032,6.2
2018,AG_LND_FRST,,,ES01032,PT,ES01032,6.2
2016,AG_LND_FRST,,,ES01032,PT,ES01032,6.2
2021,AG_LND_FRST,,,ES01032,PT,ES01032,6.2
2022,AG_LND_FRST,,,ES01032,PT,ES01032,6.2
2019,AG_LND_FRST,,,ES01032,PT,ES01032,6.2
2010,AG_LND_FRST,,,ES01032,PT,ES01032,6.0
2021,AG_LND_FRST,,,ES48051,PT,ES48051,41.3
2020,AG_LND_FRST,,,ES48051,PT,ES48051,41.3
2016,AG_LND_FRST,,,ES48051,PT,ES48051,41.3
2010,AG_LND_FRST,,,ES48051,PT,ES48051,36.7
2019,AG_LND_FRST,,,ES48051,PT,ES48051,41.3
2018,AG_LND_FRST,,,ES48051,PT,ES48051,41.3
2022,AG_LND_FRST,,,ES48051,PT,ES48051,41.2
2019,AG_LND_FRST,,,ES01902,PT,ES01902,28.1
2020,AG_LND_FRST,,,ES01902,PT,ES01902,28.1
2010,AG_LND_FRST,,,ES01902,PT,ES01902,30.3
2021,AG_LND_FRST,,,ES01902,PT,ES01902,28.1
2018,AG_LND_FRST,,,ES01902,PT,ES01902,27.8
2022,AG_LND_FRST,,,ES01902,PT,ES01902,28.1
2016,AG_LND_FRST,,,ES01902,PT,ES01902,27.8
2018,AG_LND_FRST,,,ES01033,PT,ES01033,5.5
2010,AG_LND_FRST,,,ES01033,PT,ES01033,5.7
2021,AG_LND_FRST,,,ES01033,PT,ES01033,5.4
2019,AG_LND_FRST,,,ES01033,PT,ES01033,5.4
2020,AG_LND_FRST,,,ES01033,PT,ES01033,5.4
2022,AG_LND_FRST,,,ES01033,PT,ES01033,5.3
2016,AG_LND_FRST,,,ES01033,PT,ES01033,5.5
2010,AG_LND_FRST,,,ES48052,PT,ES48052,62.0
2021,AG_LND_FRST,,,ES48052,PT,ES48052,64.5
2022,AG_LND_FRST,,,ES48052,PT,ES48052,64.4
2018,AG_LND_FRST,,,ES48052,PT,ES48052,63.9
2016,AG_LND_FRST,,,ES48052,PT,ES48052,64.8
2020,AG_LND_FRST,,,ES48052,PT,ES48052,64.4
2019,AG_LND_FRST,,,ES48052,PT,ES48052,63.8
2019,AG_LND_FRST,,,ES20048,PT,ES20048,59.3
2016,AG_LND_FRST,,,ES20048,PT,ES20048,60.2
2021,AG_LND_FRST,,,ES20048,PT,ES20048,59.3
2010,AG_LND_FRST,,,ES20048,PT,ES20048,55.4
2018,AG_LND_FRST,,,ES20048,PT,ES20048,59.4
2020,AG_LND_FRST,,,ES20048,PT,ES20048,59.3
2022,AG_LND_FRST,,,ES20048,PT,ES20048,59.4
2010,AG_LND_FRST,,,ES20902,PT,ES20902,26.1
2019,AG_LND_FRST,,,ES20902,PT,ES20902,27.7
2022,AG_LND_FRST,,,ES20902,PT,ES20902,27.7
2018,AG_LND_FRST,,,ES20902,PT,ES20902,27.7
2016,AG_LND_FRST,,,ES20902,PT,ES20902,27.9
2020,AG_LND_FRST,,,ES20902,PT,ES20902,27.7
2021,AG_LND_FRST,,,ES20902,PT,ES20902,27.7
2010,AG_LND_FRST,,,ES01036,PT,ES01036,70.1
2022,AG_LND_FRST,,,ES01036,PT,ES01036,69.8
2021,AG_LND_FRST,,,ES01036,PT,ES01036,69.8
2019,AG_LND_FRST,,,ES01036,PT,ES01036,69.1
2018,AG_LND_FRST,,,ES01036,PT,ES01036,69.2
2020,AG_LND_FRST,,,ES01036,PT,ES01036,69.7
2016,AG_LND_FRST,,,ES01036,PT,ES01036,69.0
2022,AG_LND_FRST,,,ES48053,PT,ES48053,41.6
2019,AG_LND_FRST,,,ES48053,PT,ES48053,35.9
2018,AG_LND_FRST,,,ES48053,PT,ES48053,35.7
2016,AG_LND_FRST,,,ES48053,PT,ES48053,36.5
2010,AG_LND_FRST,,,ES48053,PT,ES48053,38.6
2021,AG_LND_FRST,,,ES48053,PT,ES48053,41.6
2020,AG_LND_FRST,,,ES48053,PT,ES48053,41.5
2018,AG_LND_FRST,,,ES20049,PT,ES20049,62.2
2020,AG_LND_FRST,,,ES20049,PT,ES20049,62.3
2021,AG_LND_FRST,,,ES20049,PT,ES20049,62.3
2010,AG_LND_FRST,,,ES20049,PT,ES20049,65.3
2019,AG_LND_FRST,,,ES20049,PT,ES20049,62.3
2016,AG_LND_FRST,,,ES20049,PT,ES20049,63.7
2022,AG_LND_FRST,,,ES20049,PT,ES20049,62.3
2018,AG_LND_FRST,,,ES20050,PT,ES20050,52.3
2010,AG_LND_FRST,,,ES20050,PT,ES20050,56.2
2022,AG_LND_FRST,,,ES20050,PT,ES20050,52.7
2021,AG_LND_FRST,,,ES20050,PT,ES20050,52.6
2016,AG_LND_FRST,,,ES20050,PT,ES20050,54.2
2019,AG_LND_FRST,,,ES20050,PT,ES20050,53.1
2020,AG_LND_FRST,,,ES20050,PT,ES20050,52.6
2022,AG_LND_FRST,,,ES20051,PT,ES20051,78.2
2018,AG_LND_FRST,,,ES20051,PT,ES20051,77.9
2010,AG_LND_FRST,,,ES20051,PT,ES20051,80.2
2016,AG_LND_FRST,,,ES20051,PT,ES20051,79.1
2019,AG_LND_FRST,,,ES20051,PT,ES20051,78.1
2021,AG_LND_FRST,,,ES20051,PT,ES20051,78.2
2020,AG_LND_FRST,,,ES20051,PT,ES20051,78.1
2020,AG_LND_FRST,,,ES20052,PT,ES20052,70.1
2018,AG_LND_FRST,,,ES20052,PT,ES20052,69.5
2010,AG_LND_FRST,,,ES20052,PT,ES20052,73.3
2022,AG_LND_FRST,,,ES20052,PT,ES20052,70.5
2016,AG_LND_FRST,,,ES20052,PT,ES20052,71.8
2019,AG_LND_FRST,,,ES20052,PT,ES20052,69.5
2021,AG_LND_FRST,,,ES20052,PT,ES20052,70.4
2010,AG_LND_FRST,,,ES01058,PT,ES01058,46.6
2020,AG_LND_FRST,,,ES01058,PT,ES01058,47.0
2018,AG_LND_FRST,,,ES01058,PT,ES01058,46.4
2016,AG_LND_FRST,,,ES01058,PT,ES01058,46.5
2019,AG_LND_FRST,,,ES01058,PT,ES01058,47.0
2022,AG_LND_FRST,,,ES01058,PT,ES01058,47.2
2021,AG_LND_FRST,,,ES01058,PT,ES01058,47.1
2018,AG_LND_FRST,,,ES20068,PT,ES20068,82.9
2020,AG_LND_FRST,,,ES20068,PT,ES20068,83.0
2022,AG_LND_FRST,,,ES20068,PT,ES20068,83.0
2019,AG_LND_FRST,,,ES20068,PT,ES20068,82.9
2010,AG_LND_FRST,,,ES20068,PT,ES20068,82.7
2021,AG_LND_FRST,,,ES20068,PT,ES20068,83.0
2016,AG_LND_FRST,,,ES20068,PT,ES20068,83.0
2010,AG_LND_FRST,,,ES48054,PT,ES48054,6.2
2016,AG_LND_FRST,,,ES48054,PT,ES48054,5.8
2020,AG_LND_FRST,,,ES48054,PT,ES48054,6.4
2019,AG_LND_FRST,,,ES48054,PT,ES48054,6.4
2018,AG_LND_FRST,,,ES48054,PT,ES48054,6.4
2022,AG_LND_FRST,,,ES48054,PT,ES48054,6.5
2021,AG_LND_FRST,,,ES48054,PT,ES48054,6.4
2021,AG_LND_FRST,,,ES48057,PT,ES48057,11.3
2018,AG_LND_FRST,,,ES48057,PT,ES48057,11.3
2019,AG_LND_FRST,,,ES48057,PT,ES48057,11.3
2022,AG_LND_FRST,,,ES48057,PT,ES48057,11.5
2016,AG_LND_FRST,,,ES48057,PT,ES48057,11.3
2010,AG_LND_FRST,,,ES48057,PT,ES48057,10.5
2020,AG_LND_FRST,,,ES48057,PT,ES48057,11.3
2010,AG_LND_FRST,,,ES48055,PT,ES48055,63.1
2020,AG_LND_FRST,,,ES48055,PT,ES48055,65.2
2021,AG_LND_FRST,,,ES48055,PT,ES48055,63.4
2016,AG_LND_FRST,,,ES48055,PT,ES48055,65.9
2019,AG_LND_FRST,,,ES48055,PT,ES48055,63.4
2018,AG_LND_FRST,,,ES48055,PT,ES48055,63.9
2022,AG_LND_FRST,,,ES48055,PT,ES48055,63.5
2016,AG_LND_FRST,,,ES48056,PT,ES48056,59.1
2018,AG_LND_FRST,,,ES48056,PT,ES48056,58.7
2022,AG_LND_FRST,,,ES48056,PT,ES48056,65.0
2021,AG_LND_FRST,,,ES48056,PT,ES48056,64.7
2010,AG_LND_FRST,,,ES48056,PT,ES48056,79.6
2020,AG_LND_FRST,,,ES48056,PT,ES48056,64.8
2019,AG_LND_FRST,,,ES48056,PT,ES48056,62.8
2010,AG_LND_FRST,,,ES01034,PT,ES01034,18.9
2020,AG_LND_FRST,,,ES01034,PT,ES01034,19.2
2018,AG_LND_FRST,,,ES01034,PT,ES01034,19.2
2016,AG_LND_FRST,,,ES01034,PT,ES01034,19.2
2019,AG_LND_FRST,,,ES01034,PT,ES01034,19.2
2022,AG_LND_FRST,,,ES01034,PT,ES01034,19.0
2021,AG_LND_FRST,,,ES01034,PT,ES01034,19.2
2016,AG_LND_FRST,,,ES48081,PT,ES48081,56.4
2020,AG_LND_FRST,,,ES48081,PT,ES48081,55.8
2010,AG_LND_FRST,,,ES48081,PT,ES48081,56.6
2019,AG_LND_FRST,,,ES48081,PT,ES48081,55.2
2022,AG_LND_FRST,,,ES48081,PT,ES48081,55.7
2021,AG_LND_FRST,,,ES48081,PT,ES48081,55.8
2018,AG_LND_FRST,,,ES48081,PT,ES48081,55.4
2019,AG_LND_FRST,,,ES20053,PT,ES20053,41.0
2021,AG_LND_FRST,,,ES20053,PT,ES20053,41.3
2016,AG_LND_FRST,,,ES20053,PT,ES20053,41.0
2010,AG_LND_FRST,,,ES20053,PT,ES20053,40.2
2018,AG_LND_FRST,,,ES20053,PT,ES20053,41.0
2020,AG_LND_FRST,,,ES20053,PT,ES20053,41.3
2022,AG_LND_FRST,,,ES20053,PT,ES20053,41.3
2016,AG_LND_FRST,,,ES20054,PT,ES20054,74.0
2019,AG_LND_FRST,,,ES20054,PT,ES20054,72.0
2021,AG_LND_FRST,,,ES20054,PT,ES20054,72.5
2020,AG_LND_FRST,,,ES20054,PT,ES20054,72.3
2018,AG_LND_FRST,,,ES20054,PT,ES20054,72.0
2010,AG_LND_FRST,,,ES20054,PT,ES20054,72.6
2022,AG_LND_FRST,,,ES20054,PT,ES20054,72.6
2016,AG_LND_FRST,,,ES48903,PT,ES48903,32.0
2021,AG_LND_FRST,,,ES48903,PT,ES48903,34.3
2018,AG_LND_FRST,,,ES48903,PT,ES48903,31.5
2019,AG_LND_FRST,,,ES48903,PT,ES48903,33.1
2010,AG_LND_FRST,,,ES48903,PT,ES48903,31.3
2022,AG_LND_FRST,,,ES48903,PT,ES48903,34.3
2020,AG_LND_FRST,,,ES48903,PT,ES48903,33.8
2010,AG_LND_FRST,,,ES48058,PT,ES48058,66.4
2016,AG_LND_FRST,,,ES48058,PT,ES48058,68.8
2020,AG_LND_FRST,,,ES48058,PT,ES48058,67.2
2019,AG_LND_FRST,,,ES48058,PT,ES48058,66.6
2018,AG_LND_FRST,,,ES48058,PT,ES48058,66.4
2022,AG_LND_FRST,,,ES48058,PT,ES48058,68.1
2021,AG_LND_FRST,,,ES48058,PT,ES48058,67.6
2016,AG_LND_FRST,,,ES48059,PT,ES48059,67.8
2010,AG_LND_FRST,,,ES48059,PT,ES48059,68.6
2020,AG_LND_FRST,,,ES48059,PT,ES48059,66.7
2021,AG_LND_FRST,,,ES48059,PT,ES48059,66.7
2019,AG_LND_FRST,,,ES48059,PT,ES48059,66.1
2018,AG_LND_FRST,,,ES48059,PT,ES48059,65.9
2022,AG_LND_FRST,,,ES48059,PT,ES48059,66.7
2022,AG_LND_FRST,,,ES48060,PT,ES48060,77.6
2018,AG_LND_FRST,,,ES48060,PT,ES48060,76.0
2019,AG_LND_FRST,,,ES48060,PT,ES48060,76.4
2021,AG_LND_FRST,,,ES48060,PT,ES48060,77.4
2016,AG_LND_FRST,,,ES48060,PT,ES48060,77.4
2010,AG_LND_FRST,,,ES48060,PT,ES48060,83.0
2020,AG_LND_FRST,,,ES48060,PT,ES48060,76.6
2020,AG_LND_FRST,,,ES48061,PT,ES48061,71.4
2019,AG_LND_FRST,,,ES48061,PT,ES48061,69.9
2016,AG_LND_FRST,,,ES48061,PT,ES48061,70.7
2022,AG_LND_FRST,,,ES48061,PT,ES48061,71.5
2021,AG_LND_FRST,,,ES48061,PT,ES48061,71.5
2010,AG_LND_FRST,,,ES48061,PT,ES48061,71.4
2018,AG_LND_FRST,,,ES48061,PT,ES48061,69.5
2021,AG_LND_FRST,,,ES20901,PT,ES20901,80.1
2018,AG_LND_FRST,,,ES20901,PT,ES20901,79.4
2022,AG_LND_FRST,,,ES20901,PT,ES20901,80.1
2016,AG_LND_FRST,,,ES20901,PT,ES20901,80.6
2010,AG_LND_FRST,,,ES20901,PT,ES20901,84.5
2020,AG_LND_FRST,,,ES20901,PT,ES20901,79.8
2019,AG_LND_FRST,,,ES20901,PT,ES20901,79.7
2016,AG_LND_FRST,,,ES48062,PT,ES48062,86.9
2010,AG_LND_FRST,,,ES48062,PT,ES48062,87.5
2020,AG_LND_FRST,,,ES48062,PT,ES48062,86.1
2018,AG_LND_FRST,,,ES48062,PT,ES48062,85.5
2022,AG_LND_FRST,,,ES48062,PT,ES48062,86.3
2021,AG_LND_FRST,,,ES48062,PT,ES48062,86.3
2019,AG_LND_FRST,,,ES48062,PT,ES48062,85.7
2018,AG_LND_FRST,,,ES48063,PT,ES48063,60.2
2010,AG_LND_FRST,,,ES48063,PT,ES48063,60.6
2020,AG_LND_FRST,,,ES48063,PT,ES48063,60.8
2019,AG_LND_FRST,,,ES48063,PT,ES48063,60.4
2021,AG_LND_FRST,,,ES48063,PT,ES48063,61.1
2016,AG_LND_FRST,,,ES48063,PT,ES48063,60.6
2022,AG_LND_FRST,,,ES48063,PT,ES48063,60.7
2022,AG_LND_FRST,,,ES48064,PT,ES48064,69.1
2019,AG_LND_FRST,,,ES48064,PT,ES48064,68.5
2018,AG_LND_FRST,,,ES48064,PT,ES48064,68.0
2016,AG_LND_FRST,,,ES48064,PT,ES48064,68.8
2010,AG_LND_FRST,,,ES48064,PT,ES48064,68.3
2021,AG_LND_FRST,,,ES48064,PT,ES48064,69.0
2020,AG_LND_FRST,,,ES48064,PT,ES48064,69.0
2022,AG_LND_FRST,,,ES01039,PT,ES01039,5.6
2018,AG_LND_FRST,,,ES01039,PT,ES01039,5.8
2010,AG_LND_FRST,,,ES01039,PT,ES01039,5.9
2016,AG_LND_FRST,,,ES01039,PT,ES01039,5.8
2019,AG_LND_FRST,,,ES01039,PT,ES01039,5.8
2020,AG_LND_FRST,,,ES01039,PT,ES01039,5.8
2021,AG_LND_FRST,,,ES01039,PT,ES01039,5.8
2022,AG_LND_FRST,,,ES48066,PT,ES48066,71.0
2021,AG_LND_FRST,,,ES48066,PT,ES48066,71.0
2020,AG_LND_FRST,,,ES48066,PT,ES48066,70.8
2010,AG_LND_FRST,,,ES48066,PT,ES48066,65.3
2019,AG_LND_FRST,,,ES48066,PT,ES48066,69.7
2018,AG_LND_FRST,,,ES48066,PT,ES48066,69.6
2016,AG_LND_FRST,,,ES48066,PT,ES48066,70.8
2018,AG_LND_FRST,,,ES48068,PT,ES48068,47.5
2019,AG_LND_FRST,,,ES48068,PT,ES48068,47.4
2022,AG_LND_FRST,,,ES48068,PT,ES48068,47.5
2016,AG_LND_FRST,,,ES48068,PT,ES48068,47.6
2010,AG_LND_FRST,,,ES48068,PT,ES48068,48.8
2021,AG_LND_FRST,,,ES48068,PT,ES48068,47.6
2020,AG_LND_FRST,,,ES48068,PT,ES48068,47.6
2010,AG_LND_FRST,,,ES48069,PT,ES48069,44.8
2020,AG_LND_FRST,,,ES48069,PT,ES48069,47.7
2019,AG_LND_FRST,,,ES48069,PT,ES48069,45.7
2018,AG_LND_FRST,,,ES48069,PT,ES48069,45.9
2016,AG_LND_FRST,,,ES48069,PT,ES48069,46.5
2022,AG_LND_FRST,,,ES48069,PT,ES48069,47.7
2021,AG_LND_FRST,,,ES48069,PT,ES48069,47.7
2010,AG_LND_FRST,,,ES48007,PT,ES48007,80.6
2020,AG_LND_FRST,,,ES48007,PT,ES48007,79.5
2018,AG_LND_FRST,,,ES48007,PT,ES48007,79.2
2016,AG_LND_FRST,,,ES48007,PT,ES48007,81.0
2022,AG_LND_FRST,,,ES48007,PT,ES48007,80.2
2021,AG_LND_FRST,,,ES48007,PT,ES48007,79.7
2019,AG_LND_FRST,,,ES48007,PT,ES48007,79.0
2010,AG_LND_FRST,,,ES48908,PT,ES48908,38.9
2021,AG_LND_FRST,,,ES48908,PT,ES48908,45.5
2020,AG_LND_FRST,,,ES48908,PT,ES48908,45.5
2016,AG_LND_FRST,,,ES48908,PT,ES48908,46.2
2022,AG_LND_FRST,,,ES48908,PT,ES48908,43.4
2019,AG_LND_FRST,,,ES48908,PT,ES48908,45.5
2018,AG_LND_FRST,,,ES48908,PT,ES48908,45.4
2018,AG_LND_FRST,,,ES48071,PT,ES48071,40.6
2016,AG_LND_FRST,,,ES48071,PT,ES48071,40.7
2010,AG_LND_FRST,,,ES48071,PT,ES48071,39.3
2021,AG_LND_FRST,,,ES48071,PT,ES48071,41.1
2020,AG_LND_FRST,,,ES48071,PT,ES48071,41.1
2022,AG_LND_FRST,,,ES48071,PT,ES48071,41.1
2019,AG_LND_FRST,,,ES48071,PT,ES48071,40.7
2010,AG_LND_FRST,,,ES20057,PT,ES20057,69.3
2018,AG_LND_FRST,,,ES20057,PT,ES20057,64.8
2020,AG_LND_FRST,,,ES20057,PT,ES20057,64.9
2022,AG_LND_FRST,,,ES20057,PT,ES20057,65.3
2021,AG_LND_FRST,,,ES20057,PT,ES20057,64.9
2016,AG_LND_FRST,,,ES20057,PT,ES20057,67.9
2019,AG_LND_FRST,,,ES20057,PT,ES20057,64.9
2010,AG_LND_FRST,,,ES20056,PT,ES20056,67.6
2022,AG_LND_FRST,,,ES20056,PT,ES20056,67.5
2020,AG_LND_FRST,,,ES20056,PT,ES20056,67.5
2018,AG_LND_FRST,,,ES20056,PT,ES20056,66.6
2016,AG_LND_FRST,,,ES20056,PT,ES20056,68.7
2019,AG_LND_FRST,,,ES20056,PT,ES20056,67.4
2021,AG_LND_FRST,,,ES20056,PT,ES20056,67.5
2021,AG_LND_FRST,,,ES48067,PT,ES48067,76.8
2018,AG_LND_FRST,,,ES48067,PT,ES48067,76.2
2022,AG_LND_FRST,,,ES48067,PT,ES48067,76.8
2016,AG_LND_FRST,,,ES48067,PT,ES48067,78.0
2010,AG_LND_FRST,,,ES48067,PT,ES48067,75.6
2020,AG_LND_FRST,,,ES48067,PT,ES48067,76.5
2019,AG_LND_FRST,,,ES48067,PT,ES48067,76.3
2020,AG_LND_FRST,,,ES48909,PT,ES48909,75.5
2022,AG_LND_FRST,,,ES48909,PT,ES48909,75.7
2016,AG_LND_FRST,,,ES48909,PT,ES48909,76.1
2010,AG_LND_FRST,,,ES48909,PT,ES48909,70.7
2019,AG_LND_FRST,,,ES48909,PT,ES48909,75.1
2021,AG_LND_FRST,,,ES48909,PT,ES48909,75.5
2018,AG_LND_FRST,,,ES48909,PT,ES48909,73.5
2019,AG_LND_FRST,,,ES01041,PT,ES01041,5.8
2010,AG_LND_FRST,,,ES01041,PT,ES01041,4.4
2016,AG_LND_FRST,,,ES01041,PT,ES01041,5.8
2021,AG_LND_FRST,,,ES01041,PT,ES01041,5.8
2018,AG_LND_FRST,,,ES01041,PT,ES01041,5.8
2020,AG_LND_FRST,,,ES01041,PT,ES01041,5.8
2022,AG_LND_FRST,,,ES01041,PT,ES01041,5.7
2022,AG_LND_FRST,,,ES20063,PT,ES20063,56.2
2010,AG_LND_FRST,,,ES20063,PT,ES20063,55.8
2020,AG_LND_FRST,,,ES20063,PT,ES20063,56.2
2018,AG_LND_FRST,,,ES20063,PT,ES20063,55.4
2019,AG_LND_FRST,,,ES20063,PT,ES20063,56.1
2021,AG_LND_FRST,,,ES20063,PT,ES20063,56.2
2016,AG_LND_FRST,,,ES20063,PT,ES20063,56.1
2016,AG_LND_FRST,,,ES01042,PT,ES01042,75.5
2010,AG_LND_FRST,,,ES01042,PT,ES01042,76.0
2020,AG_LND_FRST,,,ES01042,PT,ES01042,77.8
2018,AG_LND_FRST,,,ES01042,PT,ES01042,75.5
2022,AG_LND_FRST,,,ES01042,PT,ES01042,77.9
2019,AG_LND_FRST,,,ES01042,PT,ES01042,76.0
2021,AG_LND_FRST,,,ES01042,PT,ES01042,77.8
2019,AG_LND_FRST,,,ES20058,PT,ES20058,47.5
2010,AG_LND_FRST,,,ES20058,PT,ES20058,51.0
2018,AG_LND_FRST,,,ES20058,PT,ES20058,47.5
2022,AG_LND_FRST,,,ES20058,PT,ES20058,47.4
2020,AG_LND_FRST,,,ES20058,PT,ES20058,47.4
2021,AG_LND_FRST,,,ES20058,PT,ES20058,47.4
2016,AG_LND_FRST,,,ES20058,PT,ES20058,49.7
2019,AG_LND_FRST,,,ES48073,PT,ES48073,50.6
2016,AG_LND_FRST,,,ES48073,PT,ES48073,52.7
2020,AG_LND_FRST,,,ES48073,PT,ES48073,51.1
2021,AG_LND_FRST,,,ES48073,PT,ES48073,51.1
2010,AG_LND_FRST,,,ES48073,PT,ES48073,53.6
2018,AG_LND_FRST,,,ES48073,PT,ES48073,50.4
2022,AG_LND_FRST,,,ES48073,PT,ES48073,51.2
2019,AG_LND_FRST,,,ES20059,PT,ES20059,73.3
2016,AG_LND_FRST,,,ES20059,PT,ES20059,74.3
2021,AG_LND_FRST,,,ES20059,PT,ES20059,73.4
2010,AG_LND_FRST,,,ES20059,PT,ES20059,74.1
2018,AG_LND_FRST,,,ES20059,PT,ES20059,73.2
2020,AG_LND_FRST,,,ES20059,PT,ES20059,73.4
2022,AG_LND_FRST,,,ES20059,PT,ES20059,73.4
2010,AG_LND_FRST,,,ES20076,PT,ES20076,53.9
2020,AG_LND_FRST,,,ES20076,PT,ES20076,54.9
2022,AG_LND_FRST,,,ES20076,PT,ES20076,54.9
2018,AG_LND_FRST,,,ES20076,PT,ES20076,54.9
2016,AG_LND_FRST,,,ES20076,PT,ES20076,55.3
2019,AG_LND_FRST,,,ES20076,PT,ES20076,54.9
2021,AG_LND_FRST,,,ES20076,PT,ES20076,54.9
2010,AG_LND_FRST,,,ES20905,PT,ES20905,62.1
2020,AG_LND_FRST,,,ES20905,PT,ES20905,59.6
2019,AG_LND_FRST,,,ES20905,PT,ES20905,59.5
2018,AG_LND_FRST,,,ES20905,PT,ES20905,59.6
2022,AG_LND_FRST,,,ES20905,PT,ES20905,59.4
2016,AG_LND_FRST,,,ES20905,PT,ES20905,59.4
2021,AG_LND_FRST,,,ES20905,PT,ES20905,59.6
2021,AG_LND_FRST,,,ES20060,PT,ES20060,74.2
2019,AG_LND_FRST,,,ES20060,PT,ES20060,73.6
2016,AG_LND_FRST,,,ES20060,PT,ES20060,75.3
2010,AG_LND_FRST,,,ES20060,PT,ES20060,78.8
2018,AG_LND_FRST,,,ES20060,PT,ES20060,72.9
2020,AG_LND_FRST,,,ES20060,PT,ES20060,73.6
2022,AG_LND_FRST,,,ES20060,PT,ES20060,74.2
2020,AG_LND_FRST,,,ES20061,PT,ES20061,36.1
2022,AG_LND_FRST,,,ES20061,PT,ES20061,36.2
2018,AG_LND_FRST,,,ES20061,PT,ES20061,31.3
2010,AG_LND_FRST,,,ES20061,PT,ES20061,31.1
2016,AG_LND_FRST,,,ES20061,PT,ES20061,31.7
2019,AG_LND_FRST,,,ES20061,PT,ES20061,36.1
2021,AG_LND_FRST,,,ES20061,PT,ES20061,36.1
2021,AG_LND_FRST,,,ES20062,PT,ES20062,67.9
2019,AG_LND_FRST,,,ES20062,PT,ES20062,67.0
2016,AG_LND_FRST,,,ES20062,PT,ES20062,68.9
2010,AG_LND_FRST,,,ES20062,PT,ES20062,70.3
2018,AG_LND_FRST,,,ES20062,PT,ES20062,67.2
2022,AG_LND_FRST,,,ES20062,PT,ES20062,67.9
2020,AG_LND_FRST,,,ES20062,PT,ES20062,67.9
2016,AG_LND_FRST,,,ES48075,PT,ES48075,71.1
2022,AG_LND_FRST,,,ES48075,PT,ES48075,70.5
2019,AG_LND_FRST,,,ES48075,PT,ES48075,70.0
2018,AG_LND_FRST,,,ES48075,PT,ES48075,69.9
2010,AG_LND_FRST,,,ES48075,PT,ES48075,71.2
2021,AG_LND_FRST,,,ES48075,PT,ES48075,70.4
2020,AG_LND_FRST,,,ES48075,PT,ES48075,70.4
2022,AG_LND_FRST,,,ES48083,PT,ES48083,14.4
2021,AG_LND_FRST,,,ES48083,PT,ES48083,14.4
2016,AG_LND_FRST,,,ES48083,PT,ES48083,11.4
2019,AG_LND_FRST,,,ES48083,PT,ES48083,11.4
2018,AG_LND_FRST,,,ES48083,PT,ES48083,11.4
2010,AG_LND_FRST,,,ES48083,PT,ES48083,11.8
2020,AG_LND_FRST,,,ES48083,PT,ES48083,14.4
2019,AG_LND_FRST,,,ES48072,PT,ES48072,63.0
2010,AG_LND_FRST,,,ES48072,PT,ES48072,34.0
2020,AG_LND_FRST,,,ES48072,PT,ES48072,62.8
2018,AG_LND_FRST,,,ES48072,PT,ES48072,62.9
2016,AG_LND_FRST,,,ES48072,PT,ES48072,63.1
2022,AG_LND_FRST,,,ES48072,PT,ES48072,63.3
2021,AG_LND_FRST,,,ES48072,PT,ES48072,63.3
2021,AG_LND_FRST,,,ES01043,PT,ES01043,7.7
2019,AG_LND_FRST,,,ES01043,PT,ES01043,7.7
2016,AG_LND_FRST,,,ES01043,PT,ES01043,7.7
2010,AG_LND_FRST,,,ES01043,PT,ES01043,7.6
2018,AG_LND_FRST,,,ES01043,PT,ES01043,7.7
2020,AG_LND_FRST,,,ES01043,PT,ES01043,7.7
2022,AG_LND_FRST,,,ES01043,PT,ES01043,7.7
2018,AG_LND_FRST,,,ES20064,PT,ES20064,23.2
2016,AG_LND_FRST,,,ES20064,PT,ES20064,23.2
2021,AG_LND_FRST,,,ES20064,PT,ES20064,26.5
2019,AG_LND_FRST,,,ES20064,PT,ES20064,26.5
2022,AG_LND_FRST,,,ES20064,PT,ES20064,26.5
2010,AG_LND_FRST,,,ES20064,PT,ES20064,20.9
2020,AG_LND_FRST,,,ES20064,PT,ES20064,26.5
2019,AG_LND_FRST,,,ES01044,PT,ES01044,61.6
2021,AG_LND_FRST,,,ES01044,PT,ES01044,61.6
2022,AG_LND_FRST,,,ES01044,PT,ES01044,61.6
2020,AG_LND_FRST,,,ES01044,PT,ES01044,61.6
2010,AG_LND_FRST,,,ES01044,PT,ES01044,58.9
2018,AG_LND_FRST,,,ES01044,PT,ES01044,61.6
2016,AG_LND_FRST,,,ES01044,PT,ES01044,61.6
2016,AG_LND_FRST,,,ES48077,PT,ES48077,44.7
2021,AG_LND_FRST,,,ES48077,PT,ES48077,47.6
2020,AG_LND_FRST,,,ES48077,PT,ES48077,47.6
2019,AG_LND_FRST,,,ES48077,PT,ES48077,46.9
2022,AG_LND_FRST,,,ES48077,PT,ES48077,47.5
2018,AG_LND_FRST,,,ES48077,PT,ES48077,44.5
2010,AG_LND_FRST,,,ES48077,PT,ES48077,41.4
2022,AG_LND_FRST,,,ES48078,PT,ES48078,0.0
2018,AG_LND_FRST,,,ES48078,PT,ES48078,0.0
2021,AG_LND_FRST,,,ES48078,PT,ES48078,0.0
2010,AG_LND_FRST,,,ES48078,PT,ES48078,5.0
2020,AG_LND_FRST,,,ES48078,PT,ES48078,0.0
2019,AG_LND_FRST,,,ES48078,PT,ES48078,0.0
2016,AG_LND_FRST,,,ES48078,PT,ES48078,0.0
2018,AG_LND_FRST,,,ES01047,PT,ES01047,14.5
2010,AG_LND_FRST,,,ES01047,PT,ES01047,13.1
2020,AG_LND_FRST,,,ES01047,PT,ES01047,14.5
2016,AG_LND_FRST,,,ES01047,PT,ES01047,14.6
2021,AG_LND_FRST,,,ES01047,PT,ES01047,14.5
2019,AG_LND_FRST,,,ES01047,PT,ES01047,14.5
2022,AG_LND_FRST,,,ES01047,PT,ES01047,14.5
2010,AG_LND_FRST,,,ES01052,PT,ES01052,17.0
2018,AG_LND_FRST,,,ES01052,PT,ES01052,17.0
2020,AG_LND_FRST,,,ES01052,PT,ES01052,17.0
2016,AG_LND_FRST,,,ES01052,PT,ES01052,17.0
2019,AG_LND_FRST,,,ES01052,PT,ES01052,17.0
2021,AG_LND_FRST,,,ES01052,PT,ES01052,17.0
2022,AG_LND_FRST,,,ES01052,PT,ES01052,16.9
2010,AG_LND_FRST,,,ES01053,PT,ES01053,40.1
2018,AG_LND_FRST,,,ES01053,PT,ES01053,40.2
2021,AG_LND_FRST,,,ES01053,PT,ES01053,40.5
2019,AG_LND_FRST,,,ES01053,PT,ES01053,40.5
2022,AG_LND_FRST,,,ES01053,PT,ES01053,40.5
2016,AG_LND_FRST,,,ES01053,PT,ES01053,40.2
2020,AG_LND_FRST,,,ES01053,PT,ES01053,40.5
2018,AG_LND_FRST,,,ES48082,PT,ES48082,6.1
2022,AG_LND_FRST,,,ES48082,PT,ES48082,6.1
2016,AG_LND_FRST,,,ES48082,PT,ES48082,6.1
2010,AG_LND_FRST,,,ES48082,PT,ES48082,9.7
2020,AG_LND_FRST,,,ES48082,PT,ES48082,6.1
2019,AG_LND_FRST,,,ES48082,PT,ES48082,6.1
2021,AG_LND_FRST,,,ES48082,PT,ES48082,6.1
2022,AG_LND_FRST,,,ES20070,PT,ES20070,64.0
2016,AG_LND_FRST,,,ES20070,PT,ES20070,64.8
2019,AG_LND_FRST,,,ES20070,PT,ES20070,63.8
2021,AG_LND_FRST,,,ES20070,PT,ES20070,63.9
2018,AG_LND_FRST,,,ES20070,PT,ES20070,63.6
2010,AG_LND_FRST,,,ES20070,PT,ES20070,66.3
2020,AG_LND_FRST,,,ES20070,PT,ES20070,63.8
2010,AG_LND_FRST,,,ES48084,PT,ES48084,0.0
2018,AG_LND_FRST,,,ES48084,PT,ES48084,0.0
2016,AG_LND_FRST,,,ES48084,PT,ES48084,0.0
2022,AG_LND_FRST,,,ES48084,PT,ES48084,0.0
2021,AG_LND_FRST,,,ES48084,PT,ES48084,0.0
2019,AG_LND_FRST,,,ES48084,PT,ES48084,0.0
2020,AG_LND_FRST,,,ES48084,PT,ES48084,0.0
2019,AG_LND_FRST,,,ES48904,PT,ES48904,25.7
2021,AG_LND_FRST,,,ES48904,PT,ES48904,25.0
2016,AG_LND_FRST,,,ES48904,PT,ES48904,26.3
2020,AG_LND_FRST,,,ES48904,PT,ES48904,25.7
2018,AG_LND_FRST,,,ES48904,PT,ES48904,25.5
2022,AG_LND_FRST,,,ES48904,PT,ES48904,25.0
2010,AG_LND_FRST,,,ES48904,PT,ES48904,25.7
2010,AG_LND_FRST,,,ES48085,PT,ES48085,20.0
2021,AG_LND_FRST,,,ES48085,PT,ES48085,21.4
2016,AG_LND_FRST,,,ES48085,PT,ES48085,20.5
2020,AG_LND_FRST,,,ES48085,PT,ES48085,21.4
2019,AG_LND_FRST,,,ES48085,PT,ES48085,21.4
2018,AG_LND_FRST,,,ES48085,PT,ES48085,20.5
2022,AG_LND_FRST,,,ES48085,PT,ES48085,21.3
2022,AG_LND_FRST,,,ES48086,PT,ES48086,67.7
2016,AG_LND_FRST,,,ES48086,PT,ES48086,67.7
2021,AG_LND_FRST,,,ES48086,PT,ES48086,67.7
2010,AG_LND_FRST,,,ES48086,PT,ES48086,67.2
2019,AG_LND_FRST,,,ES48086,PT,ES48086,66.9
2020,AG_LND_FRST,,,ES48086,PT,ES48086,67.7
2018,AG_LND_FRST,,,ES48086,PT,ES48086,66.2
2019,AG_LND_FRST,,,ES20065,PT,ES20065,64.6
2021,AG_LND_FRST,,,ES20065,PT,ES20065,64.8
2018,AG_LND_FRST,,,ES20065,PT,ES20065,63.6
2010,AG_LND_FRST,,,ES20065,PT,ES20065,66.0
2022,AG_LND_FRST,,,ES20065,PT,ES20065,65.1
2020,AG_LND_FRST,,,ES20065,PT,ES20065,64.7
2016,AG_LND_FRST,,,ES20065,PT,ES20065,68.0
2020,AG_LND_FRST,,,ES48076,PT,ES48076,65.8
2010,AG_LND_FRST,,,ES48076,PT,ES48076,41.3
2019,AG_LND_FRST,,,ES48076,PT,ES48076,65.8
2018,AG_LND_FRST,,,ES48076,PT,ES48076,67.2
2016,AG_LND_FRST,,,ES48076,PT,ES48076,60.9
2022,AG_LND_FRST,,,ES48076,PT,ES48076,66.0
2021,AG_LND_FRST,,,ES48076,PT,ES48076,65.8
2018,AG_LND_FRST,,,ES20071,PT,ES20071,61.4
2019,AG_LND_FRST,,,ES20071,PT,ES20071,61.4
2010,AG_LND_FRST,,,ES20071,PT,ES20071,63.0
2020,AG_LND_FRST,,,ES20071,PT,ES20071,61.4
2022,AG_LND_FRST,,,ES20071,PT,ES20071,61.4
2016,AG_LND_FRST,,,ES20071,PT,ES20071,62.9
2021,AG_LND_FRST,,,ES20071,PT,ES20071,61.4
2010,AG_LND_FRST,,,ES48087,PT,ES48087,57.2
2018,AG_LND_FRST,,,ES48087,PT,ES48087,58.3
2019,AG_LND_FRST,,,ES48087,PT,ES48087,58.6
2022,AG_LND_FRST,,,ES48087,PT,ES48087,58.9
2016,AG_LND_FRST,,,ES48087,PT,ES48087,58.4
2020,AG_LND_FRST,,,ES48087,PT,ES48087,58.8
2021,AG_LND_FRST,,,ES48087,PT,ES48087,58.9
2010,AG_LND_FRST,,,ES48088,PT,ES48088,53.1
2020,AG_LND_FRST,,,ES48088,PT,ES48088,59.5
2018,AG_LND_FRST,,,ES48088,PT,ES48088,52.0
2016,AG_LND_FRST,,,ES48088,PT,ES48088,53.3
2022,AG_LND_FRST,,,ES48088,PT,ES48088,59.6
2021,AG_LND_FRST,,,ES48088,PT,ES48088,59.5
2019,AG_LND_FRST,,,ES48088,PT,ES48088,52.1
2019,AG_LND_FRST,,,ES48065,PT,ES48065,59.6
2010,AG_LND_FRST,,,ES48065,PT,ES48065,60.2
2020,AG_LND_FRST,,,ES48065,PT,ES48065,60.3
2016,AG_LND_FRST,,,ES48065,PT,ES48065,60.0
2018,AG_LND_FRST,,,ES48065,PT,ES48065,59.5
2021,AG_LND_FRST,,,ES48065,PT,ES48065,61.1
2022,AG_LND_FRST,,,ES48065,PT,ES48065,61.1
2020,AG_LND_FRST,,,ES48089,PT,ES48089,35.1
2016,AG_LND_FRST,,,ES48089,PT,ES48089,33.3
2010,AG_LND_FRST,,,ES48089,PT,ES48089,32.8
2021,AG_LND_FRST,,,ES48089,PT,ES48089,35.1
2019,AG_LND_FRST,,,ES48089,PT,ES48089,34.0
2018,AG_LND_FRST,,,ES48089,PT,ES48089,32.7
2022,AG_LND_FRST,,,ES48089,PT,ES48089,35.0
2018,AG_LND_FRST,,,ES48074,PT,ES48074,40.6
2022,AG_LND_FRST,,,ES48074,PT,ES48074,40.9
2021,AG_LND_FRST,,,ES48074,PT,ES48074,40.9
2016,AG_LND_FRST,,,ES48074,PT,ES48074,40.6
2010,AG_LND_FRST,,,ES48074,PT,ES48074,41.1
2019,AG_LND_FRST,,,ES48074,PT,ES48074,40.8
2020,AG_LND_FRST,,,ES48074,PT,ES48074,40.9
2010,AG_LND_FRST,,,ES01054,PT,ES01054,52.2
2018,AG_LND_FRST,,,ES01054,PT,ES01054,53.1
2016,AG_LND_FRST,,,ES01054,PT,ES01054,53.1
2022,AG_LND_FRST,,,ES01054,PT,ES01054,53.0
2019,AG_LND_FRST,,,ES01054,PT,ES01054,53.1
2021,AG_LND_FRST,,,ES01054,PT,ES01054,53.0
2020,AG_LND_FRST,,,ES01054,PT,ES01054,53.0
2022,AG_LND_FRST,,,ES20072,PT,ES20072,56.0
2016,AG_LND_FRST,,,ES20072,PT,ES20072,56.2
2019,AG_LND_FRST,,,ES20072,PT,ES20072,55.8
2021,AG_LND_FRST,,,ES20072,PT,ES20072,56.0
2010,AG_LND_FRST,,,ES20072,PT,ES20072,56.5
2020,AG_LND_FRST,,,ES20072,PT,ES20072,55.8
2018,AG_LND_FRST,,,ES20072,PT,ES20072,55.4
2021,AG_LND_FRST,,,ES20077,PT,ES20077,58.1
2016,AG_LND_FRST,,,ES20077,PT,ES20077,59.1
2019,AG_LND_FRST,,,ES20077,PT,ES20077,57.7
2010,AG_LND_FRST,,,ES20077,PT,ES20077,61.5
2018,AG_LND_FRST,,,ES20077,PT,ES20077,57.7
2020,AG_LND_FRST,,,ES20077,PT,ES20077,58.1
2022,AG_LND_FRST,,,ES20077,PT,ES20077,58.2
2021,AG_LND_FRST,,,ES20073,PT,ES20073,52.4
2010,AG_LND_FRST,,,ES20073,PT,ES20073,57.4
2018,AG_LND_FRST,,,ES20073,PT,ES20073,54.9
2020,AG_LND_FRST,,,ES20073,PT,ES20073,52.4
2016,AG_LND_FRST,,,ES20073,PT,ES20073,55.2
2019,AG_LND_FRST,,,ES20073,PT,ES20073,55.2
2022,AG_LND_FRST,,,ES20073,PT,ES20073,52.3
2018,AG_LND_FRST,,,ES01055,PT,ES01055,60.9
2021,AG_LND_FRST,,,ES01055,PT,ES01055,61.1
2016,AG_LND_FRST,,,ES01055,PT,ES01055,61.0
2019,AG_LND_FRST,,,ES01055,PT,ES01055,61.1
2022,AG_LND_FRST,,,ES01055,PT,ES01055,61.1
2020,AG_LND_FRST,,,ES01055,PT,ES01055,61.1
2010,AG_LND_FRST,,,ES01055,PT,ES01055,61.0
2019,AG_LND_FRST,,,ES48080,PT,ES48080,21.1
2010,AG_LND_FRST,,,ES48080,PT,ES48080,16.9
2020,AG_LND_FRST,,,ES48080,PT,ES48080,21.4
2018,AG_LND_FRST,,,ES48080,PT,ES48080,19.3
2016,AG_LND_FRST,,,ES48080,PT,ES48080,19.3
2022,AG_LND_FRST,,,ES48080,PT,ES48080,21.4
2021,AG_LND_FRST,,,ES48080,PT,ES48080,21.4
2019,AG_LND_FRST,,,ES20075,PT,ES20075,62.8
2021,AG_LND_FRST,,,ES20075,PT,ES20075,62.7
2016,AG_LND_FRST,,,ES20075,PT,ES20075,62.1
2010,AG_LND_FRST,,,ES20075,PT,ES20075,61.0
2018,AG_LND_FRST,,,ES20075,PT,ES20075,61.9
2020,AG_LND_FRST,,,ES20075,PT,ES20075,62.8
2022,AG_LND_FRST,,,ES20075,PT,ES20075,62.7
2019,AG_LND_FRST,,,ES01057,PT,ES01057,6.6
2022,AG_LND_FRST,,,ES01057,PT,ES01057,6.6
2021,AG_LND_FRST,,,ES01057,PT,ES01057,6.6
2016,AG_LND_FRST,,,ES01057,PT,ES01057,6.6
2010,AG_LND_FRST,,,ES01057,PT,ES01057,4.0
2018,AG_LND_FRST,,,ES01057,PT,ES01057,6.6
2020,AG_LND_FRST,,,ES01057,PT,ES01057,6.6
2016,AG_LND_FRST,,,ES01059,PT,ES01059,31.1
2021,AG_LND_FRST,,,ES01059,PT,ES01059,31.2
2010,AG_LND_FRST,,,ES01059,PT,ES01059,31.0
2018,AG_LND_FRST,,,ES01059,PT,ES01059,31.1
2020,AG_LND_FRST,,,ES01059,PT,ES01059,31.2
2022,AG_LND_FRST,,,ES01059,PT,ES01059,31.2
2019,AG_LND_FRST,,,ES01059,PT,ES01059,31.2
2018,AG_LND_FRST,,,ES01060,PT,ES01060,7.4
2019,AG_LND_FRST,,,ES01060,PT,ES01060,7.4
2016,AG_LND_FRST,,,ES01060,PT,ES01060,7.4
2010,AG_LND_FRST,,,ES01060,PT,ES01060,8.2
2021,AG_LND_FRST,,,ES01060,PT,ES01060,7.4
2020,AG_LND_FRST,,,ES01060,PT,ES01060,7.4
2022,AG_LND_FRST,,,ES01060,PT,ES01060,7.1
2019,AG_LND_FRST,,,ES48095,PT,ES48095,67.5
2018,AG_LND_FRST,,,ES48095,PT,ES48095,67.6
2022,AG_LND_FRST,,,ES48095,PT,ES48095,67.9
2010,AG_LND_FRST,,,ES48095,PT,ES48095,68.1
2021,AG_LND_FRST,,,ES48095,PT,ES48095,67.8
2020,AG_LND_FRST,,,ES48095,PT,ES48095,67.5
2016,AG_LND_FRST,,,ES48095,PT,ES48095,68.8
2022,AG_LND_FRST,,,ES20078,PT,ES20078,54.0
2010,AG_LND_FRST,,,ES20078,PT,ES20078,57.8
2018,AG_LND_FRST,,,ES20078,PT,ES20078,54.0
2020,AG_LND_FRST,,,ES20078,PT,ES20078,54.0
2016,AG_LND_FRST,,,ES20078,PT,ES20078,55.8
2019,AG_LND_FRST,,,ES20078,PT,ES20078,54.0
2021,AG_LND_FRST,,,ES20078,PT,ES20078,54.0
2022,AG_LND_FRST,,,ES01061,PT,ES01061,40.4
2020,AG_LND_FRST,,,ES01061,PT,ES01061,40.3
2010,AG_LND_FRST,,,ES01061,PT,ES01061,40.9
2018,AG_LND_FRST,,,ES01061,PT,ES01061,40.2
2016,AG_LND_FRST,,,ES01061,PT,ES01061,40.2
2019,AG_LND_FRST,,,ES01061,PT,ES01061,40.3
2021,AG_LND_FRST,,,ES01061,PT,ES01061,40.3
2019,AG_LND_FRST,,,ES48096,PT,ES48096,62.8
2010,AG_LND_FRST,,,ES48096,PT,ES48096,65.7
2016,AG_LND_FRST,,,ES48096,PT,ES48096,64.8
2018,AG_LND_FRST,,,ES48096,PT,ES48096,61.9
2022,AG_LND_FRST,,,ES48096,PT,ES48096,64.1
2020,AG_LND_FRST,,,ES48096,PT,ES48096,64.1
2021,AG_LND_FRST,,,ES48096,PT,ES48096,64.1
2021,AG_LND_FRST,,,ES01062,PT,ES01062,43.2
2019,AG_LND_FRST,,,ES01062,PT,ES01062,43.2
2016,AG_LND_FRST,,,ES01062,PT,ES01062,43.2
2010,AG_LND_FRST,,,ES01062,PT,ES01062,41.8
2018,AG_LND_FRST,,,ES01062,PT,ES01062,43.2
2020,AG_LND_FRST,,,ES01062,PT,ES01062,43.2
2022,AG_LND_FRST,,,ES01062,PT,ES01062,43.2
2020,AG_LND_FRST,,,ES48905,PT,ES48905,50.6
2016,AG_LND_FRST,,,ES48905,PT,ES48905,48.1
2022,AG_LND_FRST,,,ES48905,PT,ES48905,50.6
2018,AG_LND_FRST,,,ES48905,PT,ES48905,48.0
2021,AG_LND_FRST,,,ES48905,PT,ES48905,50.7
2019,AG_LND_FRST,,,ES48905,PT,ES48905,48.7
2010,AG_LND_FRST,,,ES48905,PT,ES48905,43.2
2016,AG_LND_FRST,,,ES48097,PT,ES48097,67.1
2020,AG_LND_FRST,,,ES48097,PT,ES48097,67.8
2010,AG_LND_FRST,,,ES48097,PT,ES48097,68.4
2018,AG_LND_FRST,,,ES48097,PT,ES48097,64.7
2022,AG_LND_FRST,,,ES48097,PT,ES48097,67.8
2019,AG_LND_FRST,,,ES48097,PT,ES48097,67.6
2021,AG_LND_FRST,,,ES48097,PT,ES48097,67.8
2016,AG_LND_FRST,,,ES20079,PT,ES20079,28.3
2019,AG_LND_FRST,,,ES20079,PT,ES20079,28.2
2021,AG_LND_FRST,,,ES20079,PT,ES20079,28.2
2010,AG_LND_FRST,,,ES20079,PT,ES20079,28.5
2018,AG_LND_FRST,,,ES20079,PT,ES20079,27.4
2020,AG_LND_FRST,,,ES20079,PT,ES20079,28.2
2022,AG_LND_FRST,,,ES20079,PT,ES20079,28.3
2019,AG_LND_FRST,,,ES48024,PT,ES48024,68.3
2022,AG_LND_FRST,,,ES48024,PT,ES48024,70.3
2018,AG_LND_FRST,,,ES48024,PT,ES48024,67.9
2016,AG_LND_FRST,,,ES48024,PT,ES48024,70.1
2010,AG_LND_FRST,,,ES48024,PT,ES48024,70.7
2021,AG_LND_FRST,,,ES48024,PT,ES48024,70.2
2020,AG_LND_FRST,,,ES48024,PT,ES48024,69.2
2020,AG_LND_FRST,,,ES48025,PT,ES48025,86.0
2010,AG_LND_FRST,,,ES48025,PT,ES48025,86.7
2019,AG_LND_FRST,,,ES48025,PT,ES48025,85.6
2016,AG_LND_FRST,,,ES48025,PT,ES48025,86.0
2018,AG_LND_FRST,,,ES48025,PT,ES48025,85.0
2021,AG_LND_FRST,,,ES48025,PT,ES48025,86.0
2022,AG_LND_FRST,,,ES48025,PT,ES48025,86.0
2022,AG_LND_FRST,,,ES20025,PT,ES20025,79.2
2020,AG_LND_FRST,,,ES20025,PT,ES20025,79.2
2010,AG_LND_FRST,,,ES20025,PT,ES20025,80.0
2018,AG_LND_FRST,,,ES20025,PT,ES20025,78.8
2016,AG_LND_FRST,,,ES20025,PT,ES20025,79.8
2019,AG_LND_FRST,,,ES20025,PT,ES20025,79.2
2021,AG_LND_FRST,,,ES20025,PT,ES20025,79.2
2019,AG_LND_FRST,,,ES20026,PT,ES20026,66.9
2016,AG_LND_FRST,,,ES20026,PT,ES20026,71.0
2010,AG_LND_FRST,,,ES20026,PT,ES20026,68.0
2018,AG_LND_FRST,,,ES20026,PT,ES20026,66.9
2020,AG_LND_FRST,,,ES20026,PT,ES20026,66.8
2022,AG_LND_FRST,,,ES20026,PT,ES20026,66.9
2021,AG_LND_FRST,,,ES20026,PT,ES20026,66.9
2010,AG_LND_FRST,,,ES20027,PT,ES20027,56.7
2022,AG_LND_FRST,,,ES20027,PT,ES20027,55.5
2020,AG_LND_FRST,,,ES20027,PT,ES20027,54.8
2018,AG_LND_FRST,,,ES20027,PT,ES20027,54.0
2016,AG_LND_FRST,,,ES20027,PT,ES20027,56.1
2019,AG_LND_FRST,,,ES20027,PT,ES20027,54.6
2021,AG_LND_FRST,,,ES20027,PT,ES20027,55.4
2010,AG_LND_FRST,,,ES48913,PT,ES48913,8.9
2022,AG_LND_FRST,,,ES48913,PT,ES48913,8.2
2016,AG_LND_FRST,,,ES48913,PT,ES48913,7.9
2018,AG_LND_FRST,,,ES48913,PT,ES48913,7.7
2021,AG_LND_FRST,,,ES48913,PT,ES48913,8.2
2019,AG_LND_FRST,,,ES48913,PT,ES48913,7.7
2020,AG_LND_FRST,,,ES48913,PT,ES48913,8.2
2018,AG_LND_FRST,,,ES01018,PT,ES01018,52.2
2022,AG_LND_FRST,,,ES01018,PT,ES01018,52.2
2020,AG_LND_FRST,,,ES01018,PT,ES01018,52.2
2010,AG_LND_FRST,,,ES01018,PT,ES01018,52.0
2016,AG_LND_FRST,,,ES01018,PT,ES01018,52.2
2019,AG_LND_FRST,,,ES01018,PT,ES01018,52.2
2021,AG_LND_FRST,,,ES01018,PT,ES01018,52.2
2022,AG_LND_FRST,,,ES48915,PT,ES48915,76.5
2020,AG_LND_FRST,,,ES48915,PT,ES48915,75.8
2018,AG_LND_FRST,,,ES48915,PT,ES48915,74.3
2016,AG_LND_FRST,,,ES48915,PT,ES48915,76.0
2019,AG_LND_FRST,,,ES48915,PT,ES48915,74.7
2021,AG_LND_FRST,,,ES48915,PT,ES48915,76.3
2010,AG_LND_FRST,,,ES48915,PT,ES48915,63.1
2021,AG_LND_FRST,,,ES20028,PT,ES20028,54.3
2019,AG_LND_FRST,,,ES20028,PT,ES20028,54.3
2010,AG_LND_FRST,,,ES20028,PT,ES20028,57.6
2018,AG_LND_FRST,,,ES20028,PT,ES20028,54.3
2020,AG_LND_FRST,,,ES20028,PT,ES20028,54.3
2022,AG_LND_FRST,,,ES20028,PT,ES20028,54.3
2016,AG_LND_FRST,,,ES20028,PT,ES20028,56.4
2021,AG_LND_FRST,,,ES01063,PT,ES01063,68.5
2022,AG_LND_FRST,,,ES01063,PT,ES01063,68.5
2010,AG_LND_FRST,,,ES01063,PT,ES01063,68.2
2018,AG_LND_FRST,,,ES01063,PT,ES01063,68.5
2020,AG_LND_FRST,,,ES01063,PT,ES01063,68.5
2016,AG_LND_FRST,,,ES01063,PT,ES01063,68.6
2019,AG_LND_FRST,,,ES01063,PT,ES01063,68.5
2016,AG_LND_FRST,,,ES20081,PT,ES20081,25.5
2021,AG_LND_FRST,,,ES20081,PT,ES20081,24.9
2020,AG_LND_FRST,,,ES20081,PT,ES20081,24.9
2019,AG_LND_FRST,,,ES20081,PT,ES20081,24.9
2018,AG_LND_FRST,,,ES20081,PT,ES20081,24.7
2022,AG_LND_FRST,,,ES20081,PT,ES20081,24.9
2010,AG_LND_FRST,,,ES20081,PT,ES20081,23.5
2010,AG_LND_FRST,,,ES20080,PT,ES20080,63.5
2018,AG_LND_FRST,,,ES20080,PT,ES20080,60.6
2020,AG_LND_FRST,,,ES20080,PT,ES20080,60.7
2022,AG_LND_FRST,,,ES20080,PT,ES20080,61.4
2016,AG_LND_FRST,,,ES20080,PT,ES20080,63.4
2019,AG_LND_FRST,,,ES20080,PT,ES20080,60.7
2021,AG_LND_FRST,,,ES20080,PT,ES20080,61.4
2020,AG_LND_FRST,,ES0101,,PT,ES0101,47.6
2021,AG_LND_FRST,,ES0101,,PT,ES0101,47.6
2018,AG_LND_FRST,,ES0101,,PT,ES0101,47.4
2022,AG_LND_FRST,,ES0101,,PT,ES0101,47.6
2016,AG_LND_FRST,,ES0101,,PT,ES0101,47.4
2019,AG_LND_FRST,,ES0101,,PT,ES0101,47.6
2010,AG_LND_FRST,,ES0101,,PT,ES0101,47.8
2021,AG_LND_FRST,,ES0104,,PT,ES0104,12.5
2022,AG_LND_FRST,,ES0104,,PT,ES0104,12.5
2010,AG_LND_FRST,,ES0104,,PT,ES0104,12.2
2020,AG_LND_FRST,,ES0104,,PT,ES0104,12.5
2019,AG_LND_FRST,,ES0104,,PT,ES0104,12.5
2016,AG_LND_FRST,,ES0104,,PT,ES0104,12.4
2018,AG_LND_FRST,,ES0104,,PT,ES0104,12.4
2010,AG_LND_FRST,,ES0106,,PT,ES0106,58.7
2018,AG_LND_FRST,,ES0106,,PT,ES0106,59.1
2021,AG_LND_FRST,,ES0106,,PT,ES0106,59.4
2020,AG_LND_FRST,,ES0106,,PT,ES0106,59.4
2016,AG_LND_FRST,,ES0106,,PT,ES0106,59.0
2019,AG_LND_FRST,,ES0106,,PT,ES0106,59.1
2022,AG_LND_FRST,,ES0106,,PT,ES0106,59.6
2022,AG_LND_FRST,,ES0102,,PT,ES0102,36.2
2018,AG_LND_FRST,,ES0102,,PT,ES0102,36.0
2010,AG_LND_FRST,,ES0102,,PT,ES0102,36.1
2016,AG_LND_FRST,,ES0102,,PT,ES0102,36.0
2019,AG_LND_FRST,,ES0102,,PT,ES0102,36.2
2020,AG_LND_FRST,,ES0102,,PT,ES0102,36.2
2021,AG_LND_FRST,,ES0102,,PT,ES0102,36.2
2020,AG_LND_FRST,,ES0103,,PT,ES0103,61.8
2010,AG_LND_FRST,,ES0103,,PT,ES0103,60.9
2018,AG_LND_FRST,,ES0103,,PT,ES0103,61.4
2016,AG_LND_FRST,,ES0103,,PT,ES0103,61.4
2019,AG_LND_FRST,,ES0103,,PT,ES0103,61.6
2022,AG_LND_FRST,,ES0103,,PT,ES0103,61.8
2021,AG_LND_FRST,,ES0103,,PT,ES0103,61.8
2010,AG_LND_FRST,,ES4801,,PT,ES4801,69.1
2019,AG_LND_FRST,,ES4801,,PT,ES4801,68.6
2016,AG_LND_FRST,,ES4801,,PT,ES4801,69.7
2021,AG_LND_FRST,,ES4801,,PT,ES4801,69.5
2022,AG_LND_FRST,,ES4801,,PT,ES4801,69.5
2018,AG_LND_FRST,,ES4801,,PT,ES4801,68.3
2020,AG_LND_FRST,,ES4801,,PT,ES4801,69.1
2019,AG_LND_FRST,,ES2001,,PT,ES2001,46.8
2021,AG_LND_FRST,,ES2001,,PT,ES2001,46.7
2020,AG_LND_FRST,,ES2001,,PT,ES2001,46.7
2016,AG_LND_FRST,,ES2001,,PT,ES2001,46.1
2022,AG_LND_FRST,,ES2001,,PT,ES2001,46.7
2018,AG_LND_FRST,,ES2001,,PT,ES2001,46.0
2010,AG_LND_FRST,,ES2001,,PT,ES2001,45.7
2018,AG_LND_FRST,,ES4802,,PT,ES4802,35.5
2019,AG_LND_FRST,,ES4802,,PT,ES4802,35.7
2022,AG_LND_FRST,,ES4802,,PT,ES4802,36.4
2016,AG_LND_FRST,,ES4802,,PT,ES4802,35.7
2020,AG_LND_FRST,,ES4802,,PT,ES4802,36.3
2021,AG_LND_FRST,,ES4802,,PT,ES4802,36.4
2010,AG_LND_FRST,,ES4802,,PT,ES4802,35.6
2010,AG_LND_FRST,,ES2002,,PT,ES2002,66.3
2016,AG_LND_FRST,,ES2002,,PT,ES2002,65.6
2018,AG_LND_FRST,,ES2002,,PT,ES2002,63.6
2019,AG_LND_FRST,,ES2002,,PT,ES2002,64.1
2020,AG_LND_FRST,,ES2002,,PT,ES2002,64.3
2021,AG_LND_FRST,,ES2002,,PT,ES2002,64.6
2022,AG_LND_FRST,,ES2002,,PT,ES2002,64.7
2022,AG_LND_FRST,,ES2003,,PT,ES2003,69.3
2020,AG_LND_FRST,,ES2003,,PT,ES2003,69.2
2021,AG_LND_FRST,,ES2003,,PT,ES2003,69.3
2016,AG_LND_FRST,,ES2003,,PT,ES2003,70.8
2019,AG_LND_FRST,,ES2003,,PT,ES2003,69.1
2010,AG_LND_FRST,,ES2003,,PT,ES2003,70.5
2018,AG_LND_FRST,,ES2003,,PT,ES2003,69.0
2020,AG_LND_FRST,,ES2004,,PT,ES2004,50.8
2018,AG_LND_FRST,,ES2004,,PT,ES2004,50.4
2022,AG_LND_FRST,,ES2004,,PT,ES2004,50.8
2019,AG_LND_FRST,,ES2004,,PT,ES2004,51.0
2021,AG_LND_FRST,,ES2004,,PT,ES2004,50.8
2016,AG_LND_FRST,,ES2004,,PT,ES2004,51.2
2010,AG_LND_FRST,,ES2004,,PT,ES2004,51.0
2010,AG_LND_FRST,,ES4803,,PT,ES4803,64.7
2016,AG_LND_FRST,,ES4803,,PT,ES4803,64.2
2018,AG_LND_FRST,,ES4803,,PT,ES4803,62.0
2022,AG_LND_FRST,,ES4803,,PT,ES4803,62.9
2020,AG_LND_FRST,,ES4803,,PT,ES4803,62.7
2019,AG_LND_FRST,,ES4803,,PT,ES4803,62.1
2021,AG_LND_FRST,,ES4803,,PT,ES4803,62.8
2019,AG_LND_FRST,,ES4804,,PT,ES4804,57.8
2021,AG_LND_FRST,,ES4804,,PT,ES4804,58.4
2010,AG_LND_FRST,,ES4804,,PT,ES4804,58.1
2020,AG_LND_FRST,,ES4804,,PT,ES4804,58.2
2018,AG_LND_FRST,,ES4804,,PT,ES4804,57.3
2016,AG_LND_FRST,,ES4804,,PT,ES4804,58.1
2022,AG_LND_FRST,,ES4804,,PT,ES4804,58.4
2010,AG_LND_FRST,,ES4805,,PT,ES4805,67.7
2020,AG_LND_FRST,,ES4805,,PT,ES4805,69.5
2021,AG_LND_FRST,,ES4805,,PT,ES4805,69.6
2022,AG_LND_FRST,,ES4805,,PT,ES4805,69.6
2018,AG_LND_FRST,,ES4805,,PT,ES4805,69.0
2019,AG_LND_FRST,,ES4805,,PT,ES4805,69.2
2016,AG_LND_FRST,,ES4805,,PT,ES4805,70.4
2020,AG_LND_FRST,,ES2005,,PT,ES2005,70.4
2022,AG_LND_FRST,,ES2005,,PT,ES2005,70.6
2019,AG_LND_FRST,,ES2005,,PT,ES2005,70.3
2021,AG_LND_FRST,,ES2005,,PT,ES2005,70.5
2010,AG_LND_FRST,,ES2005,,PT,ES2005,72.1
2018,AG_LND_FRST,,ES2005,,PT,ES2005,70.2
2016,AG_LND_FRST,,ES2005,,PT,ES2005,71.6
2010,AG_LND_FRST,,ES0105,,PT,ES0105,61.0
2019,AG_LND_FRST,,ES0105,,PT,ES0105,61.4
2021,AG_LND_FRST,,ES0105,,PT,ES0105,61.4
2016,AG_LND_FRST,,ES0105,,PT,ES0105,61.4
2018,AG_LND_FRST,,ES0105,,PT,ES0105,61.3
2022,AG_LND_FRST,,ES0105,,PT,ES0105,61.5
2020,AG_LND_FRST,,ES0105,,PT,ES0105,61.4
2022,AG_LND_FRST,,ES4806,,PT,ES4806,76.0
2020,AG_LND_FRST,,ES4806,,PT,ES4806,75.3
2019,AG_LND_FRST,,ES4806,,PT,ES4806,74.9
2016,AG_LND_FRST,,ES4806,,PT,ES4806,76.1
2021,AG_LND_FRST,,ES4806,,PT,ES4806,75.8
2010,AG_LND_FRST,,ES4806,,PT,ES4806,76.3
2018,AG_LND_FRST,,ES4806,,PT,ES4806,74.6
2021,AG_LND_FRST,,ES4807,,PT,ES4807,51.4
2019,AG_LND_FRST,,ES4807,,PT,ES4807,49.7
2020,AG_LND_FRST,,ES4807,,PT,ES4807,51.2
2022,AG_LND_FRST,,ES4807,,PT,ES4807,51.4
2016,AG_LND_FRST,,ES4807,,PT,ES4807,49.6
2018,AG_LND_FRST,,ES4807,,PT,ES4807,49.0
2010,AG_LND_FRST,,ES4807,,PT,ES4807,50.3
2021,AG_LND_FRST,,ES2006,,PT,ES2006,64.5
2022,AG_LND_FRST,,ES2006,,PT,ES2006,64.6
2020,AG_LND_FRST,,ES2006,,PT,ES2006,64.5
2018,AG_LND_FRST,,ES2006,,PT,ES2006,64.3
2016,AG_LND_FRST,,ES2006,,PT,ES2006,65.8
2019,AG_LND_FRST,,ES2006,,PT,ES2006,64.5
2010,AG_LND_FRST,,ES2006,,PT,ES2006,66.1
2021,AG_LND_FRST,,ES2007,,PT,ES2007,55.1
2016,AG_LND_FRST,,ES2007,,PT,ES2007,56.0
2018,AG_LND_FRST,,ES2007,,PT,ES2007,54.3
2020,AG_LND_FRST,,ES2007,,PT,ES2007,55.0
2022,AG_LND_FRST,,ES2007,,PT,ES2007,55.1
2019,AG_LND_FRST,,ES2007,,PT,ES2007,54.8
2010,AG_LND_FRST,,ES2007,,PT,ES2007,55.8
2019,AG_LND_FRST,ES211,,,PT,ES211,46.7
2022,AG_LND_FRST,ES211,,,PT,ES211,46.8
2016,AG_LND_FRST,ES211,,,PT,ES211,46.5
2018,AG_LND_FRST,ES211,,,PT,ES211,46.5
2020,AG_LND_FRST,ES211,,,PT,ES211,46.7
2021,AG_LND_FRST,ES211,,,PT,ES211,46.8
2010,AG_LND_FRST,ES211,,,PT,ES211,46.4
2010,AG_LND_FRST,ES213,,,PT,ES213,59.4
2022,AG_LND_FRST,ES213,,,PT,ES213,59.7
2016,AG_LND_FRST,ES213,,,PT,ES213,59.7
2020,AG_LND_FRST,ES213,,,PT,ES213,59.5
2018,AG_LND_FRST,ES213,,,PT,ES213,58.6
2019,AG_LND_FRST,ES213,,,PT,ES213,58.9
2021,AG_LND_FRST,ES213,,,PT,ES213,59.6
2022,AG_LND_FRST,ES212,,,PT,ES212,61.6
2018,AG_LND_FRST,ES212,,,PT,ES212,61.1
2016,AG_LND_FRST,ES212,,,PT,ES212,62.6
2019,AG_LND_FRST,ES212,,,PT,ES212,61.5
2020,AG_LND_FRST,ES212,,,PT,ES212,61.5
2021,AG_LND_FRST,ES212,,,PT,ES212,61.6
2010,AG_LND_FRST,ES212,,,PT,ES212,62.8
