Year,Series,Institucion,Territorio,Units,Value
2022,SG_DMK_PARLMP_LC,,,RO,1.01
2015,SG_DMK_PARLMP_LC,,,RO,0.99
2019,SG_DMK_PARLMP_LC,,,RO,1.07
2012,SG_DMK_PARLMP_LC,,,RO,0.99
2016,SG_DMK_PARLMP_LC,,,RO,1.07
2010,SG_DMK_PARLMP_LC,,,RO,0.91
2023,SG_DMK_PARLMP_LC,,,RO,0.99
2011,SG_DMK_PARLMP_LC,,,RO,0.91
2020,SG_DMK_PARLMP_LC,,,RO,1.01
2014,SG_DMK_PARLMP_LC,,,RO,0.99
2021,SG_DMK_PARLMP_LC,,,RO,1.01
2017,SG_DMK_PARLMP_LC,,,RO,1.07
2018,SG_DMK_PARLMP_LC,,,RO,1.07
2013,SG_DMK_PARLMP_LC,,,RO,0.99
2015,SG_DMK_PSRVC,,,RO,1.16
2013,SG_DMK_PSRVC,,,RO,1.15
2020,SG_DMK_PSRVC,,,RO,1.22
2023,SG_DMK_PSRVC,,,RO,1.29
2014,SG_DMK_PSRVC,,,RO,1.16
2019,SG_DMK_PSRVC,,,RO,1.21
2022,SG_DMK_PSRVC,,,RO,1.23
2018,SG_DMK_PSRVC,,,RO,1.16
2021,SG_DMK_PSRVC,,,RO,1.23
2011,SG_DMK_PSRVC,,,RO,1.12
2017,SG_DMK_PSRVC,,,RO,1.19
2016,SG_DMK_PSRVC,,,RO,1.17
2012,SG_DMK_PSRVC,,,RO,1.14
2024,SG_DMK_PSRVC,,,RO,1.3
2010,SG_DMK_PSRVC,,,RO,1.13
2013,SG_DMK_PSRVC,,ES211,RO,1.19
2024,SG_DMK_PSRVC,,ES211,RO,1.28
2010,SG_DMK_PSRVC,,ES211,RO,1.16
2012,SG_DMK_PSRVC,,ES211,RO,1.18
2016,SG_DMK_PSRVC,,ES211,RO,1.21
2019,SG_DMK_PSRVC,,ES211,RO,1.24
2022,SG_DMK_PSRVC,,ES211,RO,1.27
2021,SG_DMK_PSRVC,,ES211,RO,1.25
2023,SG_DMK_PSRVC,,ES211,RO,1.28
2011,SG_DMK_PSRVC,,ES211,RO,1.16
2017,SG_DMK_PSRVC,,ES211,RO,1.22
2014,SG_DMK_PSRVC,,ES211,RO,1.2
2020,SG_DMK_PSRVC,,ES211,RO,1.24
2015,SG_DMK_PSRVC,,ES211,RO,1.2
2018,SG_DMK_PSRVC,,ES211,RO,1.22
2015,SG_DMK_PSRVC,,ES213,RO,1.14
2010,SG_DMK_PSRVC,,ES213,RO,1.11
2024,SG_DMK_PSRVC,,ES213,RO,1.29
2013,SG_DMK_PSRVC,,ES213,RO,1.12
2011,SG_DMK_PSRVC,,ES213,RO,1.1
2016,SG_DMK_PSRVC,,ES213,RO,1.14
2017,SG_DMK_PSRVC,,ES213,RO,1.17
2020,SG_DMK_PSRVC,,ES213,RO,1.2
2021,SG_DMK_PSRVC,,ES213,RO,1.21
2022,SG_DMK_PSRVC,,ES213,RO,1.21
2019,SG_DMK_PSRVC,,ES213,RO,1.19
2023,SG_DMK_PSRVC,,ES213,RO,1.29
2018,SG_DMK_PSRVC,,ES213,RO,1.12
2012,SG_DMK_PSRVC,,ES213,RO,1.11
2014,SG_DMK_PSRVC,,ES213,RO,1.13
2024,SG_DMK_PSRVC,,ES212,RO,1.32
2019,SG_DMK_PSRVC,,ES212,RO,1.23
2010,SG_DMK_PSRVC,,ES212,RO,1.15
2014,SG_DMK_PSRVC,,ES212,RO,1.17
2015,SG_DMK_PSRVC,,ES212,RO,1.18
2012,SG_DMK_PSRVC,,ES212,RO,1.17
2011,SG_DMK_PSRVC,,ES212,RO,1.14
2017,SG_DMK_PSRVC,,ES212,RO,1.21
2016,SG_DMK_PSRVC,,ES212,RO,1.19
2023,SG_DMK_PSRVC,,ES212,RO,1.31
2020,SG_DMK_PSRVC,,ES212,RO,1.24
2022,SG_DMK_PSRVC,,ES212,RO,1.23
2021,SG_DMK_PSRVC,,ES212,RO,1.25
2013,SG_DMK_PSRVC,,ES212,RO,1.18
2018,SG_DMK_PSRVC,,ES212,RO,1.17
2012,SG_DMK_PSRVC,EU_DMK_PSRVC_AUT,,RO,1.32
2023,SG_DMK_PSRVC,EU_DMK_PSRVC_AUT,,RO,1.4
2015,SG_DMK_PSRVC,EU_DMK_PSRVC_AUT,,RO,1.33
2020,SG_DMK_PSRVC,EU_DMK_PSRVC_AUT,,RO,1.34
2018,SG_DMK_PSRVC,EU_DMK_PSRVC_AUT,,RO,1.3
2014,SG_DMK_PSRVC,EU_DMK_PSRVC_AUT,,RO,1.33
2016,SG_DMK_PSRVC,EU_DMK_PSRVC_AUT,,RO,1.34
2013,SG_DMK_PSRVC,EU_DMK_PSRVC_AUT,,RO,1.33
2022,SG_DMK_PSRVC,EU_DMK_PSRVC_AUT,,RO,1.34
2011,SG_DMK_PSRVC,EU_DMK_PSRVC_AUT,,RO,1.31
2021,SG_DMK_PSRVC,EU_DMK_PSRVC_AUT,,RO,1.36
2024,SG_DMK_PSRVC,EU_DMK_PSRVC_AUT,,RO,1.43
2010,SG_DMK_PSRVC,EU_DMK_PSRVC_AUT,,RO,1.31
2017,SG_DMK_PSRVC,EU_DMK_PSRVC_AUT,,RO,1.35
2019,SG_DMK_PSRVC,EU_DMK_PSRVC_AUT,,RO,1.37
2016,SG_DMK_PSRVC,EU_DMK_PSRVC_AUT,ES211,RO,1.31
2014,SG_DMK_PSRVC,EU_DMK_PSRVC_AUT,ES211,RO,1.31
2020,SG_DMK_PSRVC,EU_DMK_PSRVC_AUT,ES211,RO,1.32
2021,SG_DMK_PSRVC,EU_DMK_PSRVC_AUT,ES211,RO,1.33
2015,SG_DMK_PSRVC,EU_DMK_PSRVC_AUT,ES211,RO,1.32
2023,SG_DMK_PSRVC,EU_DMK_PSRVC_AUT,ES211,RO,1.32
2012,SG_DMK_PSRVC,EU_DMK_PSRVC_AUT,ES211,RO,1.29
2018,SG_DMK_PSRVC,EU_DMK_PSRVC_AUT,ES211,RO,1.31
2011,SG_DMK_PSRVC,EU_DMK_PSRVC_AUT,ES211,RO,1.29
2010,SG_DMK_PSRVC,EU_DMK_PSRVC_AUT,ES211,RO,1.28
2019,SG_DMK_PSRVC,EU_DMK_PSRVC_AUT,ES211,RO,1.34
2024,SG_DMK_PSRVC,EU_DMK_PSRVC_AUT,ES211,RO,1.41
2022,SG_DMK_PSRVC,EU_DMK_PSRVC_AUT,ES211,RO,1.32
2017,SG_DMK_PSRVC,EU_DMK_PSRVC_AUT,ES211,RO,1.32
2013,SG_DMK_PSRVC,EU_DMK_PSRVC_AUT,ES211,RO,1.3
2017,SG_DMK_PSRVC,EU_DMK_PSRVC_AUT,ES213,RO,1.33
2023,SG_DMK_PSRVC,EU_DMK_PSRVC_AUT,ES213,RO,1.41
2010,SG_DMK_PSRVC,EU_DMK_PSRVC_AUT,ES213,RO,1.3
2024,SG_DMK_PSRVC,EU_DMK_PSRVC_AUT,ES213,RO,1.42
2015,SG_DMK_PSRVC,EU_DMK_PSRVC_AUT,ES213,RO,1.32
2018,SG_DMK_PSRVC,EU_DMK_PSRVC_AUT,ES213,RO,1.26
2014,SG_DMK_PSRVC,EU_DMK_PSRVC_AUT,ES213,RO,1.32
2013,SG_DMK_PSRVC,EU_DMK_PSRVC_AUT,ES213,RO,1.31
2016,SG_DMK_PSRVC,EU_DMK_PSRVC_AUT,ES213,RO,1.32
2011,SG_DMK_PSRVC,EU_DMK_PSRVC_AUT,ES213,RO,1.29
2022,SG_DMK_PSRVC,EU_DMK_PSRVC_AUT,ES213,RO,1.33
2021,SG_DMK_PSRVC,EU_DMK_PSRVC_AUT,ES213,RO,1.33
2019,SG_DMK_PSRVC,EU_DMK_PSRVC_AUT,ES213,RO,1.35
2020,SG_DMK_PSRVC,EU_DMK_PSRVC_AUT,ES213,RO,1.32
2012,SG_DMK_PSRVC,EU_DMK_PSRVC_AUT,ES213,RO,1.3
2019,SG_DMK_PSRVC,EU_DMK_PSRVC_AUT,ES212,RO,1.42
2012,SG_DMK_PSRVC,EU_DMK_PSRVC_AUT,ES212,RO,1.37
2011,SG_DMK_PSRVC,EU_DMK_PSRVC_AUT,ES212,RO,1.35
2020,SG_DMK_PSRVC,EU_DMK_PSRVC_AUT,ES212,RO,1.4
2010,SG_DMK_PSRVC,EU_DMK_PSRVC_AUT,ES212,RO,1.34
2023,SG_DMK_PSRVC,EU_DMK_PSRVC_AUT,ES212,RO,1.47
2014,SG_DMK_PSRVC,EU_DMK_PSRVC_AUT,ES212,RO,1.37
2017,SG_DMK_PSRVC,EU_DMK_PSRVC_AUT,ES212,RO,1.4
2022,SG_DMK_PSRVC,EU_DMK_PSRVC_AUT,ES212,RO,1.39
2021,SG_DMK_PSRVC,EU_DMK_PSRVC_AUT,ES212,RO,1.42
2024,SG_DMK_PSRVC,EU_DMK_PSRVC_AUT,ES212,RO,1.48
2018,SG_DMK_PSRVC,EU_DMK_PSRVC_AUT,ES212,RO,1.34
2015,SG_DMK_PSRVC,EU_DMK_PSRVC_AUT,ES212,RO,1.37
2013,SG_DMK_PSRVC,EU_DMK_PSRVC_AUT,ES212,RO,1.38
2016,SG_DMK_PSRVC,EU_DMK_PSRVC_AUT,ES212,RO,1.38
2011,SG_DMK_PSRVC,EU_DMK_PSRVC_LOC,,RO,1.0
2021,SG_DMK_PSRVC,EU_DMK_PSRVC_LOC,,RO,1.11
2020,SG_DMK_PSRVC,EU_DMK_PSRVC_LOC,,RO,1.11
2017,SG_DMK_PSRVC,EU_DMK_PSRVC_LOC,,RO,1.07
2015,SG_DMK_PSRVC,EU_DMK_PSRVC_LOC,,RO,1.01
2016,SG_DMK_PSRVC,EU_DMK_PSRVC_LOC,,RO,1.03
2018,SG_DMK_PSRVC,EU_DMK_PSRVC_LOC,,RO,1.08
2024,SG_DMK_PSRVC,EU_DMK_PSRVC_LOC,,RO,1.12
2012,SG_DMK_PSRVC,EU_DMK_PSRVC_LOC,,RO,1.0
2022,SG_DMK_PSRVC,EU_DMK_PSRVC_LOC,,RO,1.13
2010,SG_DMK_PSRVC,EU_DMK_PSRVC_LOC,,RO,1.0
2023,SG_DMK_PSRVC,EU_DMK_PSRVC_LOC,,RO,1.12
2013,SG_DMK_PSRVC,EU_DMK_PSRVC_LOC,,RO,1.01
2019,SG_DMK_PSRVC,EU_DMK_PSRVC_LOC,,RO,1.09
2014,SG_DMK_PSRVC,EU_DMK_PSRVC_LOC,,RO,1.0
2023,SG_DMK_PSRVC,EU_DMK_PSRVC_LOC,ES211,RO,1.27
2010,SG_DMK_PSRVC,EU_DMK_PSRVC_LOC,ES211,RO,1.2
2016,SG_DMK_PSRVC,EU_DMK_PSRVC_LOC,ES211,RO,1.24
2018,SG_DMK_PSRVC,EU_DMK_PSRVC_LOC,ES211,RO,1.26
2011,SG_DMK_PSRVC,EU_DMK_PSRVC_LOC,ES211,RO,1.17
2014,SG_DMK_PSRVC,EU_DMK_PSRVC_LOC,ES211,RO,1.23
2012,SG_DMK_PSRVC,EU_DMK_PSRVC_LOC,ES211,RO,1.22
2022,SG_DMK_PSRVC,EU_DMK_PSRVC_LOC,ES211,RO,1.28
2021,SG_DMK_PSRVC,EU_DMK_PSRVC_LOC,ES211,RO,1.26
2024,SG_DMK_PSRVC,EU_DMK_PSRVC_LOC,ES211,RO,1.26
2015,SG_DMK_PSRVC,EU_DMK_PSRVC_LOC,ES211,RO,1.22
2017,SG_DMK_PSRVC,EU_DMK_PSRVC_LOC,ES211,RO,1.26
2013,SG_DMK_PSRVC,EU_DMK_PSRVC_LOC,ES211,RO,1.22
2019,SG_DMK_PSRVC,EU_DMK_PSRVC_LOC,ES211,RO,1.24
2020,SG_DMK_PSRVC,EU_DMK_PSRVC_LOC,ES211,RO,1.27
2010,SG_DMK_PSRVC,EU_DMK_PSRVC_LOC,ES213,RO,0.9
2023,SG_DMK_PSRVC,EU_DMK_PSRVC_LOC,ES213,RO,1.08
2014,SG_DMK_PSRVC,EU_DMK_PSRVC_LOC,ES213,RO,0.89
2018,SG_DMK_PSRVC,EU_DMK_PSRVC_LOC,ES213,RO,1.02
2017,SG_DMK_PSRVC,EU_DMK_PSRVC_LOC,ES213,RO,1.01
2011,SG_DMK_PSRVC,EU_DMK_PSRVC_LOC,ES213,RO,0.91
2021,SG_DMK_PSRVC,EU_DMK_PSRVC_LOC,ES213,RO,1.06
2024,SG_DMK_PSRVC,EU_DMK_PSRVC_LOC,ES213,RO,1.07
2019,SG_DMK_PSRVC,EU_DMK_PSRVC_LOC,ES213,RO,1.03
2013,SG_DMK_PSRVC,EU_DMK_PSRVC_LOC,ES213,RO,0.89
2012,SG_DMK_PSRVC,EU_DMK_PSRVC_LOC,ES213,RO,0.89
2022,SG_DMK_PSRVC,EU_DMK_PSRVC_LOC,ES213,RO,1.08
2020,SG_DMK_PSRVC,EU_DMK_PSRVC_LOC,ES213,RO,1.05
2015,SG_DMK_PSRVC,EU_DMK_PSRVC_LOC,ES213,RO,0.9
2016,SG_DMK_PSRVC,EU_DMK_PSRVC_LOC,ES213,RO,0.92
2023,SG_DMK_PSRVC,EU_DMK_PSRVC_LOC,ES212,RO,1.09
2021,SG_DMK_PSRVC,EU_DMK_PSRVC_LOC,ES212,RO,1.07
2024,SG_DMK_PSRVC,EU_DMK_PSRVC_LOC,ES212,RO,1.1
2017,SG_DMK_PSRVC,EU_DMK_PSRVC_LOC,ES212,RO,1.04
2011,SG_DMK_PSRVC,EU_DMK_PSRVC_LOC,ES212,RO,1.01
2012,SG_DMK_PSRVC,EU_DMK_PSRVC_LOC,ES212,RO,1.01
2015,SG_DMK_PSRVC,EU_DMK_PSRVC_LOC,ES212,RO,1.02
2022,SG_DMK_PSRVC,EU_DMK_PSRVC_LOC,ES212,RO,1.09
2010,SG_DMK_PSRVC,EU_DMK_PSRVC_LOC,ES212,RO,1.01
2014,SG_DMK_PSRVC,EU_DMK_PSRVC_LOC,ES212,RO,1.01
2013,SG_DMK_PSRVC,EU_DMK_PSRVC_LOC,ES212,RO,1.03
2016,SG_DMK_PSRVC,EU_DMK_PSRVC_LOC,ES212,RO,1.02
2018,SG_DMK_PSRVC,EU_DMK_PSRVC_LOC,ES212,RO,1.05
2019,SG_DMK_PSRVC,EU_DMK_PSRVC_LOC,ES212,RO,1.06
2020,SG_DMK_PSRVC,EU_DMK_PSRVC_LOC,ES212,RO,1.07
2017,SG_DMK_PSRVC,EU_DMK_PSRVC_NAC,,RO,0.65
2012,SG_DMK_PSRVC,EU_DMK_PSRVC_NAC,,RO,0.63
2019,SG_DMK_PSRVC,EU_DMK_PSRVC_NAC,,RO,0.65
2020,SG_DMK_PSRVC,EU_DMK_PSRVC_NAC,,RO,0.64
2015,SG_DMK_PSRVC,EU_DMK_PSRVC_NAC,,RO,0.65
2022,SG_DMK_PSRVC,EU_DMK_PSRVC_NAC,,RO,0.65
2011,SG_DMK_PSRVC,EU_DMK_PSRVC_NAC,,RO,0.65
2010,SG_DMK_PSRVC,EU_DMK_PSRVC_NAC,,RO,0.69
2024,SG_DMK_PSRVC,EU_DMK_PSRVC_NAC,,RO,0.64
2018,SG_DMK_PSRVC,EU_DMK_PSRVC_NAC,,RO,0.65
2016,SG_DMK_PSRVC,EU_DMK_PSRVC_NAC,,RO,0.65
2014,SG_DMK_PSRVC,EU_DMK_PSRVC_NAC,,RO,0.63
2013,SG_DMK_PSRVC,EU_DMK_PSRVC_NAC,,RO,0.63
2021,SG_DMK_PSRVC,EU_DMK_PSRVC_NAC,,RO,0.64
2023,SG_DMK_PSRVC,EU_DMK_PSRVC_NAC,,RO,0.63
2014,SG_DMK_PSRVC,EU_DMK_PSRVC_NAC,ES211,RO,0.58
2013,SG_DMK_PSRVC,EU_DMK_PSRVC_NAC,ES211,RO,0.57
2012,SG_DMK_PSRVC,EU_DMK_PSRVC_NAC,ES211,RO,0.58
2016,SG_DMK_PSRVC,EU_DMK_PSRVC_NAC,ES211,RO,0.55
2019,SG_DMK_PSRVC,EU_DMK_PSRVC_NAC,ES211,RO,0.58
2021,SG_DMK_PSRVC,EU_DMK_PSRVC_NAC,ES211,RO,0.57
2020,SG_DMK_PSRVC,EU_DMK_PSRVC_NAC,ES211,RO,0.57
2015,SG_DMK_PSRVC,EU_DMK_PSRVC_NAC,ES211,RO,0.56
2024,SG_DMK_PSRVC,EU_DMK_PSRVC_NAC,ES211,RO,0.63
2018,SG_DMK_PSRVC,EU_DMK_PSRVC_NAC,ES211,RO,0.58
2010,SG_DMK_PSRVC,EU_DMK_PSRVC_NAC,ES211,RO,0.6
2011,SG_DMK_PSRVC,EU_DMK_PSRVC_NAC,ES211,RO,0.6
2017,SG_DMK_PSRVC,EU_DMK_PSRVC_NAC,ES211,RO,0.57
2022,SG_DMK_PSRVC,EU_DMK_PSRVC_NAC,ES211,RO,0.61
2023,SG_DMK_PSRVC,EU_DMK_PSRVC_NAC,ES211,RO,0.62
2022,SG_DMK_PSRVC,EU_DMK_PSRVC_NAC,ES213,RO,0.7
2024,SG_DMK_PSRVC,EU_DMK_PSRVC_NAC,ES213,RO,0.69
2013,SG_DMK_PSRVC,EU_DMK_PSRVC_NAC,ES213,RO,0.67
2017,SG_DMK_PSRVC,EU_DMK_PSRVC_NAC,ES213,RO,0.7
2010,SG_DMK_PSRVC,EU_DMK_PSRVC_NAC,ES213,RO,0.72
2019,SG_DMK_PSRVC,EU_DMK_PSRVC_NAC,ES213,RO,0.69
2016,SG_DMK_PSRVC,EU_DMK_PSRVC_NAC,ES213,RO,0.7
2014,SG_DMK_PSRVC,EU_DMK_PSRVC_NAC,ES213,RO,0.67
2021,SG_DMK_PSRVC,EU_DMK_PSRVC_NAC,ES213,RO,0.68
2015,SG_DMK_PSRVC,EU_DMK_PSRVC_NAC,ES213,RO,0.7
2018,SG_DMK_PSRVC,EU_DMK_PSRVC_NAC,ES213,RO,0.7
2020,SG_DMK_PSRVC,EU_DMK_PSRVC_NAC,ES213,RO,0.7
2012,SG_DMK_PSRVC,EU_DMK_PSRVC_NAC,ES213,RO,0.66
2023,SG_DMK_PSRVC,EU_DMK_PSRVC_NAC,ES213,RO,0.68
2011,SG_DMK_PSRVC,EU_DMK_PSRVC_NAC,ES213,RO,0.69
2013,SG_DMK_PSRVC,EU_DMK_PSRVC_NAC,ES212,RO,0.6
2011,SG_DMK_PSRVC,EU_DMK_PSRVC_NAC,ES212,RO,0.62
2010,SG_DMK_PSRVC,EU_DMK_PSRVC_NAC,ES212,RO,0.68
2020,SG_DMK_PSRVC,EU_DMK_PSRVC_NAC,ES212,RO,0.6
2015,SG_DMK_PSRVC,EU_DMK_PSRVC_NAC,ES212,RO,0.63
2017,SG_DMK_PSRVC,EU_DMK_PSRVC_NAC,ES212,RO,0.62
2014,SG_DMK_PSRVC,EU_DMK_PSRVC_NAC,ES212,RO,0.61
2018,SG_DMK_PSRVC,EU_DMK_PSRVC_NAC,ES212,RO,0.62
2023,SG_DMK_PSRVC,EU_DMK_PSRVC_NAC,ES212,RO,0.57
2012,SG_DMK_PSRVC,EU_DMK_PSRVC_NAC,ES212,RO,0.6
2016,SG_DMK_PSRVC,EU_DMK_PSRVC_NAC,ES212,RO,0.62
2022,SG_DMK_PSRVC,EU_DMK_PSRVC_NAC,ES212,RO,0.6
2019,SG_DMK_PSRVC,EU_DMK_PSRVC_NAC,ES212,RO,0.63
2024,SG_DMK_PSRVC,EU_DMK_PSRVC_NAC,ES212,RO,0.58
2021,SG_DMK_PSRVC,EU_DMK_PSRVC_NAC,ES212,RO,0.61
2018,SG_DMK_PSRVC,EU_DMK_SAN_AUT,,RO,1.47
2016,SG_DMK_PSRVC,EU_DMK_SAN_AUT,,RO,1.54
2011,SG_DMK_PSRVC,EU_DMK_SAN_AUT,,RO,1.49
2010,SG_DMK_PSRVC,EU_DMK_SAN_AUT,,RO,1.5
2015,SG_DMK_PSRVC,EU_DMK_SAN_AUT,,RO,1.53
2017,SG_DMK_PSRVC,EU_DMK_SAN_AUT,,RO,1.55
2022,SG_DMK_PSRVC,EU_DMK_SAN_AUT,,RO,1.57
2021,SG_DMK_PSRVC,EU_DMK_SAN_AUT,,RO,1.57
2019,SG_DMK_PSRVC,EU_DMK_SAN_AUT,,RO,1.56
2020,SG_DMK_PSRVC,EU_DMK_SAN_AUT,,RO,1.56
2024,SG_DMK_PSRVC,EU_DMK_SAN_AUT,,RO,1.6
2023,SG_DMK_PSRVC,EU_DMK_SAN_AUT,,RO,1.57
2014,SG_DMK_PSRVC,EU_DMK_SAN_AUT,,RO,1.53
2012,SG_DMK_PSRVC,EU_DMK_SAN_AUT,,RO,1.51
2013,SG_DMK_PSRVC,EU_DMK_SAN_AUT,,RO,1.53
2017,SG_DMK_PSRVC,EU_DMK_SAN_AUT,ES211,RO,1.55
2013,SG_DMK_PSRVC,EU_DMK_SAN_AUT,ES211,RO,1.55
2022,SG_DMK_PSRVC,EU_DMK_SAN_AUT,ES211,RO,1.57
2010,SG_DMK_PSRVC,EU_DMK_SAN_AUT,ES211,RO,1.53
2012,SG_DMK_PSRVC,EU_DMK_SAN_AUT,ES211,RO,1.54
2019,SG_DMK_PSRVC,EU_DMK_SAN_AUT,ES211,RO,1.55
2018,SG_DMK_PSRVC,EU_DMK_SAN_AUT,ES211,RO,1.56
2024,SG_DMK_PSRVC,EU_DMK_SAN_AUT,ES211,RO,1.59
2020,SG_DMK_PSRVC,EU_DMK_SAN_AUT,ES211,RO,1.55
2021,SG_DMK_PSRVC,EU_DMK_SAN_AUT,ES211,RO,1.55
2016,SG_DMK_PSRVC,EU_DMK_SAN_AUT,ES211,RO,1.55
2011,SG_DMK_PSRVC,EU_DMK_SAN_AUT,ES211,RO,1.53
2015,SG_DMK_PSRVC,EU_DMK_SAN_AUT,ES211,RO,1.54
2014,SG_DMK_PSRVC,EU_DMK_SAN_AUT,ES211,RO,1.54
2023,SG_DMK_PSRVC,EU_DMK_SAN_AUT,ES211,RO,1.57
2011,SG_DMK_PSRVC,EU_DMK_SAN_AUT,ES213,RO,1.46
2024,SG_DMK_PSRVC,EU_DMK_SAN_AUT,ES213,RO,1.57
2022,SG_DMK_PSRVC,EU_DMK_SAN_AUT,ES213,RO,1.56
2023,SG_DMK_PSRVC,EU_DMK_SAN_AUT,ES213,RO,1.54
2016,SG_DMK_PSRVC,EU_DMK_SAN_AUT,ES213,RO,1.51
2015,SG_DMK_PSRVC,EU_DMK_SAN_AUT,ES213,RO,1.5
2017,SG_DMK_PSRVC,EU_DMK_SAN_AUT,ES213,RO,1.52
2010,SG_DMK_PSRVC,EU_DMK_SAN_AUT,ES213,RO,1.46
2013,SG_DMK_PSRVC,EU_DMK_SAN_AUT,ES213,RO,1.49
2014,SG_DMK_PSRVC,EU_DMK_SAN_AUT,ES213,RO,1.5
2012,SG_DMK_PSRVC,EU_DMK_SAN_AUT,ES213,RO,1.48
2021,SG_DMK_PSRVC,EU_DMK_SAN_AUT,ES213,RO,1.55
2018,SG_DMK_PSRVC,EU_DMK_SAN_AUT,ES213,RO,1.42
2019,SG_DMK_PSRVC,EU_DMK_SAN_AUT,ES213,RO,1.53
2020,SG_DMK_PSRVC,EU_DMK_SAN_AUT,ES213,RO,1.54
2023,SG_DMK_PSRVC,EU_DMK_SAN_AUT,ES212,RO,1.61
2019,SG_DMK_PSRVC,EU_DMK_SAN_AUT,ES212,RO,1.61
2015,SG_DMK_PSRVC,EU_DMK_SAN_AUT,ES212,RO,1.58
2022,SG_DMK_PSRVC,EU_DMK_SAN_AUT,ES212,RO,1.61
2018,SG_DMK_PSRVC,EU_DMK_SAN_AUT,ES212,RO,1.48
2020,SG_DMK_PSRVC,EU_DMK_SAN_AUT,ES212,RO,1.62
2010,SG_DMK_PSRVC,EU_DMK_SAN_AUT,ES212,RO,1.54
2012,SG_DMK_PSRVC,EU_DMK_SAN_AUT,ES212,RO,1.56
2024,SG_DMK_PSRVC,EU_DMK_SAN_AUT,ES212,RO,1.66
2016,SG_DMK_PSRVC,EU_DMK_SAN_AUT,ES212,RO,1.59
2014,SG_DMK_PSRVC,EU_DMK_SAN_AUT,ES212,RO,1.59
2021,SG_DMK_PSRVC,EU_DMK_SAN_AUT,ES212,RO,1.62
2017,SG_DMK_PSRVC,EU_DMK_SAN_AUT,ES212,RO,1.6
2013,SG_DMK_PSRVC,EU_DMK_SAN_AUT,ES212,RO,1.58
2011,SG_DMK_PSRVC,EU_DMK_SAN_AUT,ES212,RO,1.53
2014,SG_DMK_PSRVC,EU_DMK_EDU_AUT,,RO,1.48
2015,SG_DMK_PSRVC,EU_DMK_EDU_AUT,,RO,1.49
2011,SG_DMK_PSRVC,EU_DMK_EDU_AUT,,RO,1.48
2023,SG_DMK_PSRVC,EU_DMK_EDU_AUT,,RO,1.48
2018,SG_DMK_PSRVC,EU_DMK_EDU_AUT,,RO,1.48
2019,SG_DMK_PSRVC,EU_DMK_EDU_AUT,,RO,1.5
2016,SG_DMK_PSRVC,EU_DMK_EDU_AUT,,RO,1.48
2013,SG_DMK_PSRVC,EU_DMK_EDU_AUT,,RO,1.48
2017,SG_DMK_PSRVC,EU_DMK_EDU_AUT,,RO,1.49
2020,SG_DMK_PSRVC,EU_DMK_EDU_AUT,,RO,1.48
2022,SG_DMK_PSRVC,EU_DMK_EDU_AUT,,RO,1.46
2024,SG_DMK_PSRVC,EU_DMK_EDU_AUT,,RO,1.46
2021,SG_DMK_PSRVC,EU_DMK_EDU_AUT,,RO,1.49
2010,SG_DMK_PSRVC,EU_DMK_EDU_AUT,,RO,1.47
2012,SG_DMK_PSRVC,EU_DMK_EDU_AUT,,RO,1.49
2021,SG_DMK_PSRVC,EU_DMK_EDU_AUT,ES211,RO,1.47
2018,SG_DMK_PSRVC,EU_DMK_EDU_AUT,ES211,RO,1.45
2012,SG_DMK_PSRVC,EU_DMK_EDU_AUT,ES211,RO,1.47
2010,SG_DMK_PSRVC,EU_DMK_EDU_AUT,ES211,RO,1.46
2016,SG_DMK_PSRVC,EU_DMK_EDU_AUT,ES211,RO,1.47
2015,SG_DMK_PSRVC,EU_DMK_EDU_AUT,ES211,RO,1.47
2024,SG_DMK_PSRVC,EU_DMK_EDU_AUT,ES211,RO,1.45
2019,SG_DMK_PSRVC,EU_DMK_EDU_AUT,ES211,RO,1.48
2022,SG_DMK_PSRVC,EU_DMK_EDU_AUT,ES211,RO,1.44
2017,SG_DMK_PSRVC,EU_DMK_EDU_AUT,ES211,RO,1.47
2023,SG_DMK_PSRVC,EU_DMK_EDU_AUT,ES211,RO,1.47
2013,SG_DMK_PSRVC,EU_DMK_EDU_AUT,ES211,RO,1.47
2020,SG_DMK_PSRVC,EU_DMK_EDU_AUT,ES211,RO,1.46
2014,SG_DMK_PSRVC,EU_DMK_EDU_AUT,ES211,RO,1.47
2011,SG_DMK_PSRVC,EU_DMK_EDU_AUT,ES211,RO,1.48
2017,SG_DMK_PSRVC,EU_DMK_EDU_AUT,ES213,RO,1.51
2015,SG_DMK_PSRVC,EU_DMK_EDU_AUT,ES213,RO,1.5
2018,SG_DMK_PSRVC,EU_DMK_EDU_AUT,ES213,RO,1.49
2023,SG_DMK_PSRVC,EU_DMK_EDU_AUT,ES213,RO,1.49
2022,SG_DMK_PSRVC,EU_DMK_EDU_AUT,ES213,RO,1.46
2016,SG_DMK_PSRVC,EU_DMK_EDU_AUT,ES213,RO,1.49
2020,SG_DMK_PSRVC,EU_DMK_EDU_AUT,ES213,RO,1.49
2024,SG_DMK_PSRVC,EU_DMK_EDU_AUT,ES213,RO,1.46
2019,SG_DMK_PSRVC,EU_DMK_EDU_AUT,ES213,RO,1.51
2021,SG_DMK_PSRVC,EU_DMK_EDU_AUT,ES213,RO,1.49
2011,SG_DMK_PSRVC,EU_DMK_EDU_AUT,ES213,RO,1.5
2014,SG_DMK_PSRVC,EU_DMK_EDU_AUT,ES213,RO,1.5
2012,SG_DMK_PSRVC,EU_DMK_EDU_AUT,ES213,RO,1.5
2013,SG_DMK_PSRVC,EU_DMK_EDU_AUT,ES213,RO,1.5
2010,SG_DMK_PSRVC,EU_DMK_EDU_AUT,ES213,RO,1.49
2016,SG_DMK_PSRVC,EU_DMK_EDU_AUT,ES212,RO,1.47
2014,SG_DMK_PSRVC,EU_DMK_EDU_AUT,ES212,RO,1.47
2013,SG_DMK_PSRVC,EU_DMK_EDU_AUT,ES212,RO,1.46
2018,SG_DMK_PSRVC,EU_DMK_EDU_AUT,ES212,RO,1.47
2019,SG_DMK_PSRVC,EU_DMK_EDU_AUT,ES212,RO,1.5
2022,SG_DMK_PSRVC,EU_DMK_EDU_AUT,ES212,RO,1.46
2010,SG_DMK_PSRVC,EU_DMK_EDU_AUT,ES212,RO,1.45
2011,SG_DMK_PSRVC,EU_DMK_EDU_AUT,ES212,RO,1.46
2020,SG_DMK_PSRVC,EU_DMK_EDU_AUT,ES212,RO,1.48
2015,SG_DMK_PSRVC,EU_DMK_EDU_AUT,ES212,RO,1.48
2024,SG_DMK_PSRVC,EU_DMK_EDU_AUT,ES212,RO,1.46
2017,SG_DMK_PSRVC,EU_DMK_EDU_AUT,ES212,RO,1.49
2023,SG_DMK_PSRVC,EU_DMK_EDU_AUT,ES212,RO,1.48
2021,SG_DMK_PSRVC,EU_DMK_EDU_AUT,ES212,RO,1.49
2012,SG_DMK_PSRVC,EU_DMK_EDU_AUT,ES212,RO,1.47
2023,SG_DMK_PSRVC,EU_DMK_DF,,RO,1.29
2022,SG_DMK_PSRVC,EU_DMK_DF,,RO,1.29
2024,SG_DMK_PSRVC,EU_DMK_DF,,RO,1.28
2020,SG_DMK_PSRVC,EU_DMK_DF,,RO,1.27
2021,SG_DMK_PSRVC,EU_DMK_DF,,RO,1.27
2024,SG_DMK_PSRVC,EU_DMK_DF,ES211,RO,1.35
2021,SG_DMK_PSRVC,EU_DMK_DF,ES211,RO,1.36
2023,SG_DMK_PSRVC,EU_DMK_DF,ES211,RO,1.37
2020,SG_DMK_PSRVC,EU_DMK_DF,ES211,RO,1.38
2022,SG_DMK_PSRVC,EU_DMK_DF,ES211,RO,1.38
2022,SG_DMK_PSRVC,EU_DMK_DF,ES213,RO,1.26
2023,SG_DMK_PSRVC,EU_DMK_DF,ES213,RO,1.26
2024,SG_DMK_PSRVC,EU_DMK_DF,ES213,RO,1.25
2020,SG_DMK_PSRVC,EU_DMK_DF,ES213,RO,1.25
2021,SG_DMK_PSRVC,EU_DMK_DF,ES213,RO,1.25
2024,SG_DMK_PSRVC,EU_DMK_DF,ES212,RO,1.27
2023,SG_DMK_PSRVC,EU_DMK_DF,ES212,RO,1.26
2020,SG_DMK_PSRVC,EU_DMK_DF,ES212,RO,1.2
2021,SG_DMK_PSRVC,EU_DMK_DF,ES212,RO,1.22
2022,SG_DMK_PSRVC,EU_DMK_DF,ES212,RO,1.26
2024,SG_DMK_PSRVC,EU_DMK_MUN,,RO,1.04
2022,SG_DMK_PSRVC,EU_DMK_MUN,,RO,1.05
2021,SG_DMK_PSRVC,EU_DMK_MUN,,RO,1.03
2023,SG_DMK_PSRVC,EU_DMK_MUN,,RO,1.05
2020,SG_DMK_PSRVC,EU_DMK_MUN,,RO,1.03
2024,SG_DMK_PSRVC,EU_DMK_MUN,ES211,RO,1.19
2022,SG_DMK_PSRVC,EU_DMK_MUN,ES211,RO,1.22
2023,SG_DMK_PSRVC,EU_DMK_MUN,ES211,RO,1.2
2020,SG_DMK_PSRVC,EU_DMK_MUN,ES211,RO,1.19
2021,SG_DMK_PSRVC,EU_DMK_MUN,ES211,RO,1.19
2024,SG_DMK_PSRVC,EU_DMK_MUN,ES213,RO,0.99
2022,SG_DMK_PSRVC,EU_DMK_MUN,ES213,RO,1.0
2020,SG_DMK_PSRVC,EU_DMK_MUN,ES213,RO,0.97
2023,SG_DMK_PSRVC,EU_DMK_MUN,ES213,RO,1.0
2021,SG_DMK_PSRVC,EU_DMK_MUN,ES213,RO,0.97
2023,SG_DMK_PSRVC,EU_DMK_MUN,ES212,RO,1.02
2021,SG_DMK_PSRVC,EU_DMK_MUN,ES212,RO,1.02
2022,SG_DMK_PSRVC,EU_DMK_MUN,ES212,RO,1.03
2024,SG_DMK_PSRVC,EU_DMK_MUN,ES212,RO,1.03
2020,SG_DMK_PSRVC,EU_DMK_MUN,ES212,RO,1.02
2020,SG_DMK_PSRVC,EU_DMK_UNI,,RO,1.05
2018,SG_DMK_PSRVC,EU_DMK_UNI,,RO,1.03
2023,SG_DMK_PSRVC,EU_DMK_UNI,,RO,1.06
2015,SG_DMK_PSRVC,EU_DMK_UNI,,RO,1.0
2022,SG_DMK_PSRVC,EU_DMK_UNI,,RO,1.07
2012,SG_DMK_PSRVC,EU_DMK_UNI,,RO,0.97
2014,SG_DMK_PSRVC,EU_DMK_UNI,,RO,0.99
2021,SG_DMK_PSRVC,EU_DMK_UNI,,RO,1.06
2010,SG_DMK_PSRVC,EU_DMK_UNI,,RO,0.77
2024,SG_DMK_PSRVC,EU_DMK_UNI,,RO,1.07
2013,SG_DMK_PSRVC,EU_DMK_UNI,,RO,0.98
2017,SG_DMK_PSRVC,EU_DMK_UNI,,RO,1.04
2016,SG_DMK_PSRVC,EU_DMK_UNI,,RO,1.01
2019,SG_DMK_PSRVC,EU_DMK_UNI,,RO,1.04
2011,SG_DMK_PSRVC,EU_DMK_UNI,,RO,0.78
2022,SG_DMK_PSRVC,EU_DMK_UNI,ES211,RO,1.05
2013,SG_DMK_PSRVC,EU_DMK_UNI,ES211,RO,0.99
2015,SG_DMK_PSRVC,EU_DMK_UNI,ES211,RO,0.99
2011,SG_DMK_PSRVC,EU_DMK_UNI,ES211,RO,0.89
2010,SG_DMK_PSRVC,EU_DMK_UNI,ES211,RO,0.89
2019,SG_DMK_PSRVC,EU_DMK_UNI,ES211,RO,1.02
2014,SG_DMK_PSRVC,EU_DMK_UNI,ES211,RO,0.98
2018,SG_DMK_PSRVC,EU_DMK_UNI,ES211,RO,1.03
2024,SG_DMK_PSRVC,EU_DMK_UNI,ES211,RO,1.08
2016,SG_DMK_PSRVC,EU_DMK_UNI,ES211,RO,1.03
2021,SG_DMK_PSRVC,EU_DMK_UNI,ES211,RO,1.04
2020,SG_DMK_PSRVC,EU_DMK_UNI,ES211,RO,1.02
2023,SG_DMK_PSRVC,EU_DMK_UNI,ES211,RO,1.06
2017,SG_DMK_PSRVC,EU_DMK_UNI,ES211,RO,1.03
2012,SG_DMK_PSRVC,EU_DMK_UNI,ES211,RO,0.99
2016,SG_DMK_PSRVC,EU_DMK_UNI,ES213,RO,0.99
2018,SG_DMK_PSRVC,EU_DMK_UNI,ES213,RO,1.02
2022,SG_DMK_PSRVC,EU_DMK_UNI,ES213,RO,1.06
2020,SG_DMK_PSRVC,EU_DMK_UNI,ES213,RO,1.04
2019,SG_DMK_PSRVC,EU_DMK_UNI,ES213,RO,1.03
2014,SG_DMK_PSRVC,EU_DMK_UNI,ES213,RO,0.97
2012,SG_DMK_PSRVC,EU_DMK_UNI,ES213,RO,0.95
2013,SG_DMK_PSRVC,EU_DMK_UNI,ES213,RO,0.96
2011,SG_DMK_PSRVC,EU_DMK_UNI,ES213,RO,0.75
2010,SG_DMK_PSRVC,EU_DMK_UNI,ES213,RO,0.74
2017,SG_DMK_PSRVC,EU_DMK_UNI,ES213,RO,1.04
2021,SG_DMK_PSRVC,EU_DMK_UNI,ES213,RO,1.05
2015,SG_DMK_PSRVC,EU_DMK_UNI,ES213,RO,0.99
2017,SG_DMK_PSRVC,EU_DMK_UNI,ES212,RO,1.04
2015,SG_DMK_PSRVC,EU_DMK_UNI,ES212,RO,1.02
2016,SG_DMK_PSRVC,EU_DMK_UNI,ES212,RO,1.04
2011,SG_DMK_PSRVC,EU_DMK_UNI,ES212,RO,0.77
2020,SG_DMK_PSRVC,EU_DMK_UNI,ES212,RO,1.1
2010,SG_DMK_PSRVC,EU_DMK_UNI,ES212,RO,0.76
2012,SG_DMK_PSRVC,EU_DMK_UNI,ES212,RO,1.01
2019,SG_DMK_PSRVC,EU_DMK_UNI,ES212,RO,1.09
2022,SG_DMK_PSRVC,EU_DMK_UNI,ES212,RO,1.11
2014,SG_DMK_PSRVC,EU_DMK_UNI,ES212,RO,1.01
2013,SG_DMK_PSRVC,EU_DMK_UNI,ES212,RO,1.02
2018,SG_DMK_PSRVC,EU_DMK_UNI,ES212,RO,1.07
2021,SG_DMK_PSRVC,EU_DMK_UNI,ES212,RO,1.11
2020,SG_DMK_PSRVC,EU_DMK_POL_AUT,,RO,0.26
2014,SG_DMK_PSRVC,EU_DMK_POL_AUT,,RO,0.22
2016,SG_DMK_PSRVC,EU_DMK_POL_AUT,,RO,0.22
2024,SG_DMK_PSRVC,EU_DMK_POL_AUT,,RO,0.33
2018,SG_DMK_PSRVC,EU_DMK_POL_AUT,,RO,0.24
2017,SG_DMK_PSRVC,EU_DMK_POL_AUT,,RO,0.22
2021,SG_DMK_PSRVC,EU_DMK_POL_AUT,,RO,0.26
2011,SG_DMK_PSRVC,EU_DMK_POL_AUT,,RO,0.22
2010,SG_DMK_PSRVC,EU_DMK_POL_AUT,,RO,0.2
2019,SG_DMK_PSRVC,EU_DMK_POL_AUT,,RO,0.24
2013,SG_DMK_PSRVC,EU_DMK_POL_AUT,,RO,0.22
2012,SG_DMK_PSRVC,EU_DMK_POL_AUT,,RO,0.22
2015,SG_DMK_PSRVC,EU_DMK_POL_AUT,,RO,0.23
2022,SG_DMK_PSRVC,EU_DMK_POL_AUT,,RO,0.3
2023,SG_DMK_PSRVC,EU_DMK_POL_AUT,,RO,0.3
2015,SG_DMK_PSRVC,EU_DMK_POL_AUT,ES211,RO,0.2
2010,SG_DMK_PSRVC,EU_DMK_POL_AUT,ES211,RO,0.19
2022,SG_DMK_PSRVC,EU_DMK_POL_AUT,ES211,RO,0.26
2020,SG_DMK_PSRVC,EU_DMK_POL_AUT,ES211,RO,0.22
2021,SG_DMK_PSRVC,EU_DMK_POL_AUT,ES211,RO,0.22
2018,SG_DMK_PSRVC,EU_DMK_POL_AUT,ES211,RO,0.21
2016,SG_DMK_PSRVC,EU_DMK_POL_AUT,ES211,RO,0.21
2017,SG_DMK_PSRVC,EU_DMK_POL_AUT,ES211,RO,0.21
2014,SG_DMK_PSRVC,EU_DMK_POL_AUT,ES211,RO,0.2
2012,SG_DMK_PSRVC,EU_DMK_POL_AUT,ES211,RO,0.19
2013,SG_DMK_PSRVC,EU_DMK_POL_AUT,ES211,RO,0.21
2023,SG_DMK_PSRVC,EU_DMK_POL_AUT,ES211,RO,0.26
2011,SG_DMK_PSRVC,EU_DMK_POL_AUT,ES211,RO,0.19
2019,SG_DMK_PSRVC,EU_DMK_POL_AUT,ES211,RO,0.21
2024,SG_DMK_PSRVC,EU_DMK_POL_AUT,ES211,RO,0.33
2024,SG_DMK_PSRVC,EU_DMK_POL_AUT,ES213,RO,0.31
2022,SG_DMK_PSRVC,EU_DMK_POL_AUT,ES213,RO,0.27
2012,SG_DMK_PSRVC,EU_DMK_POL_AUT,ES213,RO,0.2
2014,SG_DMK_PSRVC,EU_DMK_POL_AUT,ES213,RO,0.2
2016,SG_DMK_PSRVC,EU_DMK_POL_AUT,ES213,RO,0.2
2020,SG_DMK_PSRVC,EU_DMK_POL_AUT,ES213,RO,0.24
2023,SG_DMK_PSRVC,EU_DMK_POL_AUT,ES213,RO,0.27
2019,SG_DMK_PSRVC,EU_DMK_POL_AUT,ES213,RO,0.22
2021,SG_DMK_PSRVC,EU_DMK_POL_AUT,ES213,RO,0.25
2018,SG_DMK_PSRVC,EU_DMK_POL_AUT,ES213,RO,0.22
2015,SG_DMK_PSRVC,EU_DMK_POL_AUT,ES213,RO,0.21
2011,SG_DMK_PSRVC,EU_DMK_POL_AUT,ES213,RO,0.2
2017,SG_DMK_PSRVC,EU_DMK_POL_AUT,ES213,RO,0.21
2013,SG_DMK_PSRVC,EU_DMK_POL_AUT,ES213,RO,0.2
2010,SG_DMK_PSRVC,EU_DMK_POL_AUT,ES213,RO,0.19
2016,SG_DMK_PSRVC,EU_DMK_POL_AUT,ES212,RO,0.27
2020,SG_DMK_PSRVC,EU_DMK_POL_AUT,ES212,RO,0.31
2017,SG_DMK_PSRVC,EU_DMK_POL_AUT,ES212,RO,0.26
2022,SG_DMK_PSRVC,EU_DMK_POL_AUT,ES212,RO,0.36
2023,SG_DMK_PSRVC,EU_DMK_POL_AUT,ES212,RO,0.36
2021,SG_DMK_PSRVC,EU_DMK_POL_AUT,ES212,RO,0.33
2019,SG_DMK_PSRVC,EU_DMK_POL_AUT,ES212,RO,0.3
2018,SG_DMK_PSRVC,EU_DMK_POL_AUT,ES212,RO,0.28
2015,SG_DMK_PSRVC,EU_DMK_POL_AUT,ES212,RO,0.27
2013,SG_DMK_PSRVC,EU_DMK_POL_AUT,ES212,RO,0.26
2014,SG_DMK_PSRVC,EU_DMK_POL_AUT,ES212,RO,0.27
2011,SG_DMK_PSRVC,EU_DMK_POL_AUT,ES212,RO,0.27
2012,SG_DMK_PSRVC,EU_DMK_POL_AUT,ES212,RO,0.26
2010,SG_DMK_PSRVC,EU_DMK_POL_AUT,ES212,RO,0.24
2024,SG_DMK_PSRVC,EU_DMK_POL_AUT,ES212,RO,0.4
2017,SG_DMK_PSRVC,EU_DMK_JUST_AUT,,RO,1.53
2024,SG_DMK_PSRVC,EU_DMK_JUST_AUT,,RO,1.57
2018,SG_DMK_PSRVC,EU_DMK_JUST_AUT,,RO,1.54
2023,SG_DMK_PSRVC,EU_DMK_JUST_AUT,,RO,1.54
2016,SG_DMK_PSRVC,EU_DMK_JUST_AUT,,RO,1.53
2019,SG_DMK_PSRVC,EU_DMK_JUST_AUT,,RO,1.54
2020,SG_DMK_PSRVC,EU_DMK_JUST_AUT,,RO,1.55
2021,SG_DMK_PSRVC,EU_DMK_JUST_AUT,,RO,1.55
2015,SG_DMK_PSRVC,EU_DMK_JUST_AUT,,RO,1.52
2012,SG_DMK_PSRVC,EU_DMK_JUST_AUT,,RO,1.55
2011,SG_DMK_PSRVC,EU_DMK_JUST_AUT,,RO,1.55
2013,SG_DMK_PSRVC,EU_DMK_JUST_AUT,,RO,1.54
2022,SG_DMK_PSRVC,EU_DMK_JUST_AUT,,RO,1.54
2010,SG_DMK_PSRVC,EU_DMK_JUST_AUT,,RO,1.55
2014,SG_DMK_PSRVC,EU_DMK_JUST_AUT,,RO,1.53
2022,SG_DMK_PSRVC,EU_DMK_JUST_AUT,ES211,RO,1.54
2024,SG_DMK_PSRVC,EU_DMK_JUST_AUT,ES211,RO,1.56
2023,SG_DMK_PSRVC,EU_DMK_JUST_AUT,ES211,RO,1.55
2021,SG_DMK_PSRVC,EU_DMK_JUST_AUT,ES211,RO,1.58
2020,SG_DMK_PSRVC,EU_DMK_JUST_AUT,ES211,RO,1.57
2018,SG_DMK_PSRVC,EU_DMK_JUST_AUT,ES211,RO,1.56
2017,SG_DMK_PSRVC,EU_DMK_JUST_AUT,ES211,RO,1.53
2016,SG_DMK_PSRVC,EU_DMK_JUST_AUT,ES211,RO,1.5
2014,SG_DMK_PSRVC,EU_DMK_JUST_AUT,ES211,RO,1.57
2015,SG_DMK_PSRVC,EU_DMK_JUST_AUT,ES211,RO,1.54
2013,SG_DMK_PSRVC,EU_DMK_JUST_AUT,ES211,RO,1.58
2012,SG_DMK_PSRVC,EU_DMK_JUST_AUT,ES211,RO,1.59
2010,SG_DMK_PSRVC,EU_DMK_JUST_AUT,ES211,RO,1.59
2011,SG_DMK_PSRVC,EU_DMK_JUST_AUT,ES211,RO,1.61
2019,SG_DMK_PSRVC,EU_DMK_JUST_AUT,ES211,RO,1.58
2024,SG_DMK_PSRVC,EU_DMK_JUST_AUT,ES213,RO,1.55
2011,SG_DMK_PSRVC,EU_DMK_JUST_AUT,ES213,RO,1.5
2013,SG_DMK_PSRVC,EU_DMK_JUST_AUT,ES213,RO,1.5
2015,SG_DMK_PSRVC,EU_DMK_JUST_AUT,ES213,RO,1.51
2017,SG_DMK_PSRVC,EU_DMK_JUST_AUT,ES213,RO,1.5
2019,SG_DMK_PSRVC,EU_DMK_JUST_AUT,ES213,RO,1.5
2022,SG_DMK_PSRVC,EU_DMK_JUST_AUT,ES213,RO,1.5
2023,SG_DMK_PSRVC,EU_DMK_JUST_AUT,ES213,RO,1.51
2020,SG_DMK_PSRVC,EU_DMK_JUST_AUT,ES213,RO,1.52
2021,SG_DMK_PSRVC,EU_DMK_JUST_AUT,ES213,RO,1.51
2018,SG_DMK_PSRVC,EU_DMK_JUST_AUT,ES213,RO,1.49
2016,SG_DMK_PSRVC,EU_DMK_JUST_AUT,ES213,RO,1.51
2014,SG_DMK_PSRVC,EU_DMK_JUST_AUT,ES213,RO,1.49
2012,SG_DMK_PSRVC,EU_DMK_JUST_AUT,ES213,RO,1.51
2010,SG_DMK_PSRVC,EU_DMK_JUST_AUT,ES213,RO,1.51
2022,SG_DMK_PSRVC,EU_DMK_JUST_AUT,ES212,RO,1.62
2024,SG_DMK_PSRVC,EU_DMK_JUST_AUT,ES212,RO,1.61
2020,SG_DMK_PSRVC,EU_DMK_JUST_AUT,ES212,RO,1.6
2023,SG_DMK_PSRVC,EU_DMK_JUST_AUT,ES212,RO,1.6
2019,SG_DMK_PSRVC,EU_DMK_JUST_AUT,ES212,RO,1.6
2018,SG_DMK_PSRVC,EU_DMK_JUST_AUT,ES212,RO,1.6
2017,SG_DMK_PSRVC,EU_DMK_JUST_AUT,ES212,RO,1.6
2015,SG_DMK_PSRVC,EU_DMK_JUST_AUT,ES212,RO,1.55
2016,SG_DMK_PSRVC,EU_DMK_JUST_AUT,ES212,RO,1.57
2014,SG_DMK_PSRVC,EU_DMK_JUST_AUT,ES212,RO,1.59
2013,SG_DMK_PSRVC,EU_DMK_JUST_AUT,ES212,RO,1.58
2011,SG_DMK_PSRVC,EU_DMK_JUST_AUT,ES212,RO,1.61
2012,SG_DMK_PSRVC,EU_DMK_JUST_AUT,ES212,RO,1.6
2010,SG_DMK_PSRVC,EU_DMK_JUST_AUT,ES212,RO,1.6
2021,SG_DMK_PSRVC,EU_DMK_JUST_AUT,ES212,RO,1.6
2011,SG_DMK_PSRVC,EU_DMK_JUST_NAC,,RO,1.41
2012,SG_DMK_PSRVC,EU_DMK_JUST_NAC,,RO,1.41
2015,SG_DMK_PSRVC,EU_DMK_JUST_NAC,,RO,1.4
2013,SG_DMK_PSRVC,EU_DMK_JUST_NAC,,RO,1.4
2017,SG_DMK_PSRVC,EU_DMK_JUST_NAC,,RO,1.38
2010,SG_DMK_PSRVC,EU_DMK_JUST_NAC,,RO,1.46
2019,SG_DMK_PSRVC,EU_DMK_JUST_NAC,,RO,1.39
2022,SG_DMK_PSRVC,EU_DMK_JUST_NAC,,RO,1.41
2018,SG_DMK_PSRVC,EU_DMK_JUST_NAC,,RO,1.32
2014,SG_DMK_PSRVC,EU_DMK_JUST_NAC,,RO,1.4
2021,SG_DMK_PSRVC,EU_DMK_JUST_NAC,,RO,1.4
2016,SG_DMK_PSRVC,EU_DMK_JUST_NAC,,RO,1.39
2024,SG_DMK_PSRVC,EU_DMK_JUST_NAC,,RO,1.57
2020,SG_DMK_PSRVC,EU_DMK_JUST_NAC,,RO,1.39
2023,SG_DMK_PSRVC,EU_DMK_JUST_NAC,,RO,1.55
2023,SG_DMK_PSRVC,EU_DMK_JUST_NAC,ES211,RO,1.7
2013,SG_DMK_PSRVC,EU_DMK_JUST_NAC,ES211,RO,1.37
2017,SG_DMK_PSRVC,EU_DMK_JUST_NAC,ES211,RO,1.32
2022,SG_DMK_PSRVC,EU_DMK_JUST_NAC,ES211,RO,1.41
2021,SG_DMK_PSRVC,EU_DMK_JUST_NAC,ES211,RO,1.42
2020,SG_DMK_PSRVC,EU_DMK_JUST_NAC,ES211,RO,1.37
2018,SG_DMK_PSRVC,EU_DMK_JUST_NAC,ES211,RO,1.26
2019,SG_DMK_PSRVC,EU_DMK_JUST_NAC,ES211,RO,1.39
2016,SG_DMK_PSRVC,EU_DMK_JUST_NAC,ES211,RO,1.31
2014,SG_DMK_PSRVC,EU_DMK_JUST_NAC,ES211,RO,1.39
2012,SG_DMK_PSRVC,EU_DMK_JUST_NAC,ES211,RO,1.17
2010,SG_DMK_PSRVC,EU_DMK_JUST_NAC,ES211,RO,1.3
2011,SG_DMK_PSRVC,EU_DMK_JUST_NAC,ES211,RO,1.32
2024,SG_DMK_PSRVC,EU_DMK_JUST_NAC,ES211,RO,1.56
2015,SG_DMK_PSRVC,EU_DMK_JUST_NAC,ES211,RO,1.41
2010,SG_DMK_PSRVC,EU_DMK_JUST_NAC,ES213,RO,1.39
2015,SG_DMK_PSRVC,EU_DMK_JUST_NAC,ES213,RO,1.36
2016,SG_DMK_PSRVC,EU_DMK_JUST_NAC,ES213,RO,1.4
2021,SG_DMK_PSRVC,EU_DMK_JUST_NAC,ES213,RO,1.38
2024,SG_DMK_PSRVC,EU_DMK_JUST_NAC,ES213,RO,1.55
2022,SG_DMK_PSRVC,EU_DMK_JUST_NAC,ES213,RO,1.38
2023,SG_DMK_PSRVC,EU_DMK_JUST_NAC,ES213,RO,1.57
2020,SG_DMK_PSRVC,EU_DMK_JUST_NAC,ES213,RO,1.43
2018,SG_DMK_PSRVC,EU_DMK_JUST_NAC,ES213,RO,1.35
2019,SG_DMK_PSRVC,EU_DMK_JUST_NAC,ES213,RO,1.37
2014,SG_DMK_PSRVC,EU_DMK_JUST_NAC,ES213,RO,1.44
2012,SG_DMK_PSRVC,EU_DMK_JUST_NAC,ES213,RO,1.45
2017,SG_DMK_PSRVC,EU_DMK_JUST_NAC,ES213,RO,1.39
2013,SG_DMK_PSRVC,EU_DMK_JUST_NAC,ES213,RO,1.43
2011,SG_DMK_PSRVC,EU_DMK_JUST_NAC,ES213,RO,1.4
2016,SG_DMK_PSRVC,EU_DMK_JUST_NAC,ES212,RO,1.42
2021,SG_DMK_PSRVC,EU_DMK_JUST_NAC,ES212,RO,1.43
2019,SG_DMK_PSRVC,EU_DMK_JUST_NAC,ES212,RO,1.41
2017,SG_DMK_PSRVC,EU_DMK_JUST_NAC,ES212,RO,1.4
2020,SG_DMK_PSRVC,EU_DMK_JUST_NAC,ES212,RO,1.32
2018,SG_DMK_PSRVC,EU_DMK_JUST_NAC,ES212,RO,1.31
2015,SG_DMK_PSRVC,EU_DMK_JUST_NAC,ES212,RO,1.46
2013,SG_DMK_PSRVC,EU_DMK_JUST_NAC,ES212,RO,1.37
2014,SG_DMK_PSRVC,EU_DMK_JUST_NAC,ES212,RO,1.37
2011,SG_DMK_PSRVC,EU_DMK_JUST_NAC,ES212,RO,1.5
2024,SG_DMK_PSRVC,EU_DMK_JUST_NAC,ES212,RO,1.61
2012,SG_DMK_PSRVC,EU_DMK_JUST_NAC,ES212,RO,1.5
2010,SG_DMK_PSRVC,EU_DMK_JUST_NAC,ES212,RO,1.61
2022,SG_DMK_PSRVC,EU_DMK_JUST_NAC,ES212,RO,1.45
2023,SG_DMK_PSRVC,EU_DMK_JUST_NAC,ES212,RO,1.43
2021,SG_DMK_PSRVC,EU_DMK_FCSE,,RO,0.22
2018,SG_DMK_PSRVC,EU_DMK_FCSE,,RO,0.24
2020,SG_DMK_PSRVC,EU_DMK_FCSE,,RO,0.21
2014,SG_DMK_PSRVC,EU_DMK_FCSE,,RO,0.21
2011,SG_DMK_PSRVC,EU_DMK_FCSE,,RO,0.18
2024,SG_DMK_PSRVC,EU_DMK_FCSE,,RO,0.27
2022,SG_DMK_PSRVC,EU_DMK_FCSE,,RO,0.24
2023,SG_DMK_PSRVC,EU_DMK_FCSE,,RO,0.25
2017,SG_DMK_PSRVC,EU_DMK_FCSE,,RO,0.17
2013,SG_DMK_PSRVC,EU_DMK_FCSE,,RO,0.2
2019,SG_DMK_PSRVC,EU_DMK_FCSE,,RO,0.24
2012,SG_DMK_PSRVC,EU_DMK_FCSE,,RO,0.19
2010,SG_DMK_PSRVC,EU_DMK_FCSE,,RO,0.16
2015,SG_DMK_PSRVC,EU_DMK_FCSE,,RO,0.21
2016,SG_DMK_PSRVC,EU_DMK_FCSE,,RO,0.21
2024,SG_DMK_PSRVC,EU_DMK_FCSE,ES211,RO,0.25
2022,SG_DMK_PSRVC,EU_DMK_FCSE,ES211,RO,0.21
2023,SG_DMK_PSRVC,EU_DMK_FCSE,ES211,RO,0.23
2019,SG_DMK_PSRVC,EU_DMK_FCSE,ES211,RO,0.24
2016,SG_DMK_PSRVC,EU_DMK_FCSE,ES211,RO,0.19
2012,SG_DMK_PSRVC,EU_DMK_FCSE,ES211,RO,0.2
2011,SG_DMK_PSRVC,EU_DMK_FCSE,ES211,RO,0.18
2010,SG_DMK_PSRVC,EU_DMK_FCSE,ES211,RO,0.14
2013,SG_DMK_PSRVC,EU_DMK_FCSE,ES211,RO,0.2
2020,SG_DMK_PSRVC,EU_DMK_FCSE,ES211,RO,0.2
2017,SG_DMK_PSRVC,EU_DMK_FCSE,ES211,RO,0.19
2015,SG_DMK_PSRVC,EU_DMK_FCSE,ES211,RO,0.19
2014,SG_DMK_PSRVC,EU_DMK_FCSE,ES211,RO,0.2
2018,SG_DMK_PSRVC,EU_DMK_FCSE,ES211,RO,0.25
2021,SG_DMK_PSRVC,EU_DMK_FCSE,ES211,RO,0.2
2010,SG_DMK_PSRVC,EU_DMK_FCSE,ES213,RO,0.15
2017,SG_DMK_PSRVC,EU_DMK_FCSE,ES213,RO,0.18
2012,SG_DMK_PSRVC,EU_DMK_FCSE,ES213,RO,0.18
2024,SG_DMK_PSRVC,EU_DMK_FCSE,ES213,RO,0.25
2023,SG_DMK_PSRVC,EU_DMK_FCSE,ES213,RO,0.24
2022,SG_DMK_PSRVC,EU_DMK_FCSE,ES213,RO,0.23
2020,SG_DMK_PSRVC,EU_DMK_FCSE,ES213,RO,0.2
2021,SG_DMK_PSRVC,EU_DMK_FCSE,ES213,RO,0.21
2019,SG_DMK_PSRVC,EU_DMK_FCSE,ES213,RO,0.23
2018,SG_DMK_PSRVC,EU_DMK_FCSE,ES213,RO,0.22
2016,SG_DMK_PSRVC,EU_DMK_FCSE,ES213,RO,0.19
2015,SG_DMK_PSRVC,EU_DMK_FCSE,ES213,RO,0.19
2014,SG_DMK_PSRVC,EU_DMK_FCSE,ES213,RO,0.18
2013,SG_DMK_PSRVC,EU_DMK_FCSE,ES213,RO,0.18
2011,SG_DMK_PSRVC,EU_DMK_FCSE,ES213,RO,0.16
2023,SG_DMK_PSRVC,EU_DMK_FCSE,ES212,RO,0.28
2019,SG_DMK_PSRVC,EU_DMK_FCSE,ES212,RO,0.27
2020,SG_DMK_PSRVC,EU_DMK_FCSE,ES212,RO,0.24
2017,SG_DMK_PSRVC,EU_DMK_FCSE,ES212,RO,0.24
2015,SG_DMK_PSRVC,EU_DMK_FCSE,ES212,RO,0.24
2013,SG_DMK_PSRVC,EU_DMK_FCSE,ES212,RO,0.22
2011,SG_DMK_PSRVC,EU_DMK_FCSE,ES212,RO,0.2
2012,SG_DMK_PSRVC,EU_DMK_FCSE,ES212,RO,0.21
2014,SG_DMK_PSRVC,EU_DMK_FCSE,ES212,RO,0.23
2016,SG_DMK_PSRVC,EU_DMK_FCSE,ES212,RO,0.24
2018,SG_DMK_PSRVC,EU_DMK_FCSE,ES212,RO,0.26
2021,SG_DMK_PSRVC,EU_DMK_FCSE,ES212,RO,0.25
2024,SG_DMK_PSRVC,EU_DMK_FCSE,ES212,RO,0.3
2010,SG_DMK_PSRVC,EU_DMK_FCSE,ES212,RO,0.17
2022,SG_DMK_PSRVC,EU_DMK_FCSE,ES212,RO,0.27
2013,SG_DMK_PSRVC,EU_DMK_FA,,RO,0.21
2018,SG_DMK_PSRVC,EU_DMK_FA,,RO,0.2
2015,SG_DMK_PSRVC,EU_DMK_FA,,RO,0.19
2019,SG_DMK_PSRVC,EU_DMK_FA,,RO,0.19
2022,SG_DMK_PSRVC,EU_DMK_FA,,RO,0.19
2010,SG_DMK_PSRVC,EU_DMK_FA,,RO,0.27
2011,SG_DMK_PSRVC,EU_DMK_FA,,RO,0.23
2014,SG_DMK_PSRVC,EU_DMK_FA,,RO,0.21
2012,SG_DMK_PSRVC,EU_DMK_FA,,RO,0.22
2023,SG_DMK_PSRVC,EU_DMK_FA,,RO,0.2
2016,SG_DMK_PSRVC,EU_DMK_FA,,RO,0.19
2021,SG_DMK_PSRVC,EU_DMK_FA,,RO,0.2
2020,SG_DMK_PSRVC,EU_DMK_FA,,RO,0.19
2017,SG_DMK_PSRVC,EU_DMK_FA,,RO,0.21
2024,SG_DMK_PSRVC,EU_DMK_FA,,RO,0.2
2010,SG_DMK_PSRVC,EU_DMK_FA,ES211,RO,0.32
2015,SG_DMK_PSRVC,EU_DMK_FA,ES211,RO,0.21
2017,SG_DMK_PSRVC,EU_DMK_FA,ES211,RO,0.28
2018,SG_DMK_PSRVC,EU_DMK_FA,ES211,RO,0.27
2011,SG_DMK_PSRVC,EU_DMK_FA,ES211,RO,0.29
2023,SG_DMK_PSRVC,EU_DMK_FA,ES211,RO,0.33
2013,SG_DMK_PSRVC,EU_DMK_FA,ES211,RO,0.26
2022,SG_DMK_PSRVC,EU_DMK_FA,ES211,RO,0.3
2012,SG_DMK_PSRVC,EU_DMK_FA,ES211,RO,0.27
2021,SG_DMK_PSRVC,EU_DMK_FA,ES211,RO,0.31
2024,SG_DMK_PSRVC,EU_DMK_FA,ES211,RO,0.34
2020,SG_DMK_PSRVC,EU_DMK_FA,ES211,RO,0.28
2019,SG_DMK_PSRVC,EU_DMK_FA,ES211,RO,0.27
2016,SG_DMK_PSRVC,EU_DMK_FA,ES211,RO,0.23
2014,SG_DMK_PSRVC,EU_DMK_FA,ES211,RO,0.26
2016,SG_DMK_PSRVC,EU_DMK_FA,ES213,RO,0.18
2022,SG_DMK_PSRVC,EU_DMK_FA,ES213,RO,0.16
2024,SG_DMK_PSRVC,EU_DMK_FA,ES213,RO,0.16
2023,SG_DMK_PSRVC,EU_DMK_FA,ES213,RO,0.16
2020,SG_DMK_PSRVC,EU_DMK_FA,ES213,RO,0.17
2019,SG_DMK_PSRVC,EU_DMK_FA,ES213,RO,0.16
2018,SG_DMK_PSRVC,EU_DMK_FA,ES213,RO,0.16
2017,SG_DMK_PSRVC,EU_DMK_FA,ES213,RO,0.18
2015,SG_DMK_PSRVC,EU_DMK_FA,ES213,RO,0.19
2014,SG_DMK_PSRVC,EU_DMK_FA,ES213,RO,0.2
2012,SG_DMK_PSRVC,EU_DMK_FA,ES213,RO,0.22
2011,SG_DMK_PSRVC,EU_DMK_FA,ES213,RO,0.21
2010,SG_DMK_PSRVC,EU_DMK_FA,ES213,RO,0.24
2013,SG_DMK_PSRVC,EU_DMK_FA,ES213,RO,0.22
2021,SG_DMK_PSRVC,EU_DMK_FA,ES213,RO,0.16
2016,SG_DMK_PSRVC,EU_DMK_FA,ES212,RO,0.17
2014,SG_DMK_PSRVC,EU_DMK_FA,ES212,RO,0.15
2011,SG_DMK_PSRVC,EU_DMK_FA,ES212,RO,0.18
2010,SG_DMK_PSRVC,EU_DMK_FA,ES212,RO,0.23
2024,SG_DMK_PSRVC,EU_DMK_FA,ES212,RO,0.15
2018,SG_DMK_PSRVC,EU_DMK_FA,ES212,RO,0.19
2013,SG_DMK_PSRVC,EU_DMK_FA,ES212,RO,0.15
2012,SG_DMK_PSRVC,EU_DMK_FA,ES212,RO,0.16
2023,SG_DMK_PSRVC,EU_DMK_FA,ES212,RO,0.15
2021,SG_DMK_PSRVC,EU_DMK_FA,ES212,RO,0.15
2019,SG_DMK_PSRVC,EU_DMK_FA,ES212,RO,0.17
2020,SG_DMK_PSRVC,EU_DMK_FA,ES212,RO,0.15
2017,SG_DMK_PSRVC,EU_DMK_FA,ES212,RO,0.18
2015,SG_DMK_PSRVC,EU_DMK_FA,ES212,RO,0.16
2022,SG_DMK_PSRVC,EU_DMK_FA,ES212,RO,0.15
2024,SG_DMK_JDC,,,RO,1.25
2017,SG_DMK_JDC,,,RO,1.22
2020,SG_DMK_JDC,,,RO,1.24
2011,SG_DMK_JDC,,,RO,1.22
2018,SG_DMK_JDC,,,RO,1.21
2021,SG_DMK_JDC,,,RO,1.23
2015,SG_DMK_JDC,,,RO,1.24
2019,SG_DMK_JDC,,,RO,1.23
2016,SG_DMK_JDC,,,RO,1.2
2013,SG_DMK_JDC,,,RO,1.23
2022,SG_DMK_JDC,,,RO,1.2
2023,SG_DMK_JDC,,,RO,1.22
2012,SG_DMK_JDC,,,RO,1.17
2025,SG_DMK_JDC,,,RO,1.24
2014,SG_DMK_JDC,,,RO,1.23
2010,SG_DMK_JDC,,,RO,1.15
