Year,Velocidad,Territorio,Units,Value
2021,,,PER_100_POP,38.8
2011,,,PER_100_POP,26.0
2014,,,PER_100_POP,30.6
2013,,,PER_100_POP,29.0
2010,,,PER_100_POP,24.6
2012,,,PER_100_POP,26.9
2019,,,PER_100_POP,36.5
2022,,,PER_100_POP,39.3
2018,,,PER_100_POP,35.4
2020,,,PER_100_POP,37.3
2016,,,PER_100_POP,33.4
2015,,,PER_100_POP,32.0
2017,,,PER_100_POP,33.9
2023,,,PER_100_POP,41.4
2016,,ES211,PER_100_POP,34.3
2010,,ES211,PER_100_POP,24.9
2014,,ES211,PER_100_POP,30.6
2012,,ES211,PER_100_POP,26.6
2015,,ES211,PER_100_POP,31.9
2011,,ES211,PER_100_POP,26.1
2013,,ES211,PER_100_POP,29.0
2022,,ES211,PER_100_POP,39.1
2020,,ES211,PER_100_POP,36.2
2017,,ES211,PER_100_POP,34.7
2023,,ES211,PER_100_POP,40.7
2018,,ES211,PER_100_POP,35.9
2019,,ES211,PER_100_POP,35.9
2021,,ES211,PER_100_POP,39.1
2013,,ES213,PER_100_POP,28.7
2018,,ES213,PER_100_POP,35.0
2010,,ES213,PER_100_POP,24.2
2020,,ES213,PER_100_POP,37.4
2022,,ES213,PER_100_POP,39.0
2019,,ES213,PER_100_POP,36.5
2011,,ES213,PER_100_POP,25.7
2014,,ES213,PER_100_POP,30.1
2023,,ES213,PER_100_POP,41.3
2021,,ES213,PER_100_POP,38.5
2015,,ES213,PER_100_POP,31.6
2012,,ES213,PER_100_POP,26.5
2017,,ES213,PER_100_POP,32.8
2016,,ES213,PER_100_POP,32.8
2018,,ES212,PER_100_POP,35.6
2023,,ES212,PER_100_POP,41.7
2017,,ES212,PER_100_POP,35.2
2022,,ES212,PER_100_POP,39.9
2016,,ES212,PER_100_POP,33.9
2012,,ES212,PER_100_POP,27.6
2013,,ES212,PER_100_POP,29.5
2011,,ES212,PER_100_POP,26.4
2010,,ES212,PER_100_POP,25.2
2021,,ES212,PER_100_POP,39.2
2014,,ES212,PER_100_POP,31.4
2015,,ES212,PER_100_POP,32.7
2019,,ES212,PER_100_POP,36.7
2020,,ES212,PER_100_POP,37.5
2022,NET_DSL,,PER_100_POP,1.3
2020,NET_DSL,,PER_100_POP,2.5
2010,NET_DSL,,PER_100_POP,14.1
2016,NET_DSL,,PER_100_POP,11.3
2011,NET_DSL,,PER_100_POP,14.5
2012,NET_DSL,,PER_100_POP,15.3
2019,NET_DSL,,PER_100_POP,3.8
2013,NET_DSL,,PER_100_POP,16.6
2014,NET_DSL,,PER_100_POP,16.6
2021,NET_DSL,,PER_100_POP,1.9
2023,NET_DSL,,PER_100_POP,0.7
2015,NET_DSL,,PER_100_POP,15.4
2017,NET_DSL,,PER_100_POP,8.3
2018,NET_DSL,,PER_100_POP,5.8
2019,NET_DSL,ES211,PER_100_POP,4.6
2011,NET_DSL,ES211,PER_100_POP,17.2
2012,NET_DSL,ES211,PER_100_POP,17.5
2016,NET_DSL,ES211,PER_100_POP,13.2
2010,NET_DSL,ES211,PER_100_POP,17.4
2021,NET_DSL,ES211,PER_100_POP,1.5
2017,NET_DSL,ES211,PER_100_POP,9.6
2023,NET_DSL,ES211,PER_100_POP,0.5
2022,NET_DSL,ES211,PER_100_POP,1.0
2015,NET_DSL,ES211,PER_100_POP,17.2
2018,NET_DSL,ES211,PER_100_POP,7.5
2014,NET_DSL,ES211,PER_100_POP,18.8
2013,NET_DSL,ES211,PER_100_POP,18.9
2020,NET_DSL,ES211,PER_100_POP,2.3
2017,NET_DSL,ES213,PER_100_POP,7.2
2022,NET_DSL,ES213,PER_100_POP,1.2
2015,NET_DSL,ES213,PER_100_POP,14.3
2020,NET_DSL,ES213,PER_100_POP,2.2
2014,NET_DSL,ES213,PER_100_POP,15.4
2013,NET_DSL,ES213,PER_100_POP,15.6
2012,NET_DSL,ES213,PER_100_POP,14.1
2010,NET_DSL,ES213,PER_100_POP,12.7
2021,NET_DSL,ES213,PER_100_POP,1.7
2011,NET_DSL,ES213,PER_100_POP,13.3
2023,NET_DSL,ES213,PER_100_POP,0.6
2016,NET_DSL,ES213,PER_100_POP,10.1
2019,NET_DSL,ES213,PER_100_POP,3.2
2018,NET_DSL,ES213,PER_100_POP,4.8
2022,NET_DSL,ES212,PER_100_POP,1.6
2021,NET_DSL,ES212,PER_100_POP,2.3
2019,NET_DSL,ES212,PER_100_POP,4.4
2016,NET_DSL,ES212,PER_100_POP,12.2
2017,NET_DSL,ES212,PER_100_POP,9.4
2015,NET_DSL,ES212,PER_100_POP,16.5
2014,NET_DSL,ES212,PER_100_POP,17.4
2013,NET_DSL,ES212,PER_100_POP,17.3
2012,NET_DSL,ES212,PER_100_POP,16.3
2011,NET_DSL,ES212,PER_100_POP,15.3
2010,NET_DSL,ES212,PER_100_POP,14.9
2023,NET_DSL,ES212,PER_100_POP,0.9
2020,NET_DSL,ES212,PER_100_POP,3.2
2018,NET_DSL,ES212,PER_100_POP,6.5
2015,NET_FTTH,,PER_100_POP,4.1
2023,NET_FTTH,,PER_100_POP,35.0
2020,NET_FTTH,,PER_100_POP,22.5
2010,NET_FTTH,,PER_100_POP,0.1
2018,NET_FTTH,,PER_100_POP,16.8
2021,NET_FTTH,,PER_100_POP,26.5
2016,NET_FTTH,,PER_100_POP,9.4
2012,NET_FTTH,,PER_100_POP,0.2
2014,NET_FTTH,,PER_100_POP,1.9
2013,NET_FTTH,,PER_100_POP,0.5
2022,NET_FTTH,,PER_100_POP,30.2
2017,NET_FTTH,,PER_100_POP,12.7
2019,NET_FTTH,,PER_100_POP,19.9
2011,NET_FTTH,,PER_100_POP,0.2
2010,NET_FTTH,ES211,PER_100_POP,0.3
2023,NET_FTTH,ES211,PER_100_POP,36.7
2022,NET_FTTH,ES211,PER_100_POP,33.0
2021,NET_FTTH,ES211,PER_100_POP,29.9
2017,NET_FTTH,ES211,PER_100_POP,16.1
2019,NET_FTTH,ES211,PER_100_POP,22.4
2018,NET_FTTH,ES211,PER_100_POP,19.4
2020,NET_FTTH,ES211,PER_100_POP,26.4
2016,NET_FTTH,ES211,PER_100_POP,11.5
2015,NET_FTTH,ES211,PER_100_POP,5.3
2014,NET_FTTH,ES211,PER_100_POP,2.3
2013,NET_FTTH,ES211,PER_100_POP,0.9
2012,NET_FTTH,ES211,PER_100_POP,0.5
2011,NET_FTTH,ES211,PER_100_POP,0.4
2011,NET_FTTH,ES213,PER_100_POP,0.1
2010,NET_FTTH,ES213,PER_100_POP,0.0
2013,NET_FTTH,ES213,PER_100_POP,0.3
2015,NET_FTTH,ES213,PER_100_POP,3.7
2012,NET_FTTH,ES213,PER_100_POP,0.1
2016,NET_FTTH,ES213,PER_100_POP,8.8
2019,NET_FTTH,ES213,PER_100_POP,19.2
2018,NET_FTTH,ES213,PER_100_POP,16.1
2022,NET_FTTH,ES213,PER_100_POP,29.6
2023,NET_FTTH,ES213,PER_100_POP,34.6
2021,NET_FTTH,ES213,PER_100_POP,25.5
2020,NET_FTTH,ES213,PER_100_POP,21.4
2017,NET_FTTH,ES213,PER_100_POP,11.3
2014,NET_FTTH,ES213,PER_100_POP,1.7
2021,NET_FTTH,ES212,PER_100_POP,26.6
2022,NET_FTTH,ES212,PER_100_POP,29.8
2020,NET_FTTH,ES212,PER_100_POP,22.3
2019,NET_FTTH,ES212,PER_100_POP,20.0
2018,NET_FTTH,ES212,PER_100_POP,16.7
2017,NET_FTTH,ES212,PER_100_POP,13.4
2016,NET_FTTH,ES212,PER_100_POP,9.3
2015,NET_FTTH,ES212,PER_100_POP,4.0
2013,NET_FTTH,ES212,PER_100_POP,0.7
2012,NET_FTTH,ES212,PER_100_POP,0.2
2011,NET_FTTH,ES212,PER_100_POP,0.1
2010,NET_FTTH,ES212,PER_100_POP,0.0
2023,NET_FTTH,ES212,PER_100_POP,34.8
2014,NET_FTTH,ES212,PER_100_POP,2.2
2012,NET_HFC,,PER_100_POP,11.2
2016,NET_HFC,,PER_100_POP,12.5
2021,NET_HFC,,PER_100_POP,10.1
2020,NET_HFC,,PER_100_POP,11.9
2014,NET_HFC,,PER_100_POP,11.9
2011,NET_HFC,,PER_100_POP,11.1
2019,NET_HFC,,PER_100_POP,12.5
2013,NET_HFC,,PER_100_POP,11.7
2023,NET_HFC,,PER_100_POP,4.9
2022,NET_HFC,,PER_100_POP,7.5
2018,NET_HFC,,PER_100_POP,12.5
2010,NET_HFC,,PER_100_POP,10.2
2015,NET_HFC,,PER_100_POP,12.2
2017,NET_HFC,,PER_100_POP,12.6
2012,NET_HFC,ES211,PER_100_POP,8.2
2023,NET_HFC,ES211,PER_100_POP,2.7
2021,NET_HFC,ES211,PER_100_POP,7.3
2019,NET_HFC,ES211,PER_100_POP,8.5
2017,NET_HFC,ES211,PER_100_POP,8.7
2016,NET_HFC,ES211,PER_100_POP,9.2
2018,NET_HFC,ES211,PER_100_POP,8.6
2020,NET_HFC,ES211,PER_100_POP,7.2
2015,NET_HFC,ES211,PER_100_POP,9.1
2013,NET_HFC,ES211,PER_100_POP,8.9
2011,NET_HFC,ES211,PER_100_POP,8.0
2014,NET_HFC,ES211,PER_100_POP,9.2
2010,NET_HFC,ES211,PER_100_POP,6.7
2022,NET_HFC,ES211,PER_100_POP,4.8
2023,NET_HFC,ES213,PER_100_POP,5.4
2022,NET_HFC,ES213,PER_100_POP,7.9
2021,NET_HFC,ES213,PER_100_POP,11.0
2019,NET_HFC,ES213,PER_100_POP,13.8
2018,NET_HFC,ES213,PER_100_POP,13.9
2017,NET_HFC,ES213,PER_100_POP,14.0
2016,NET_HFC,ES213,PER_100_POP,13.7
2015,NET_HFC,ES213,PER_100_POP,13.3
2014,NET_HFC,ES213,PER_100_POP,12.9
2013,NET_HFC,ES213,PER_100_POP,12.7
2012,NET_HFC,ES213,PER_100_POP,12.1
2011,NET_HFC,ES213,PER_100_POP,12.1
2010,NET_HFC,ES213,PER_100_POP,11.3
2020,NET_HFC,ES213,PER_100_POP,13.4
2010,NET_HFC,ES212,PER_100_POP,10.0
2023,NET_HFC,ES212,PER_100_POP,5.2
2022,NET_HFC,ES212,PER_100_POP,8.1
2021,NET_HFC,ES212,PER_100_POP,10.0
2019,NET_HFC,ES212,PER_100_POP,12.1
2018,NET_HFC,ES212,PER_100_POP,12.1
2017,NET_HFC,ES212,PER_100_POP,12.2
2015,NET_HFC,ES212,PER_100_POP,11.9
2014,NET_HFC,ES212,PER_100_POP,11.6
2013,NET_HFC,ES212,PER_100_POP,11.3
2011,NET_HFC,ES212,PER_100_POP,10.7
2012,NET_HFC,ES212,PER_100_POP,10.9
2016,NET_HFC,ES212,PER_100_POP,12.1
2020,NET_HFC,ES212,PER_100_POP,11.7
2014,NET_OTHER,,PER_100_POP,0.2
2011,NET_OTHER,,PER_100_POP,0.2
2017,NET_OTHER,,PER_100_POP,0.3
2018,NET_OTHER,,PER_100_POP,0.3
2015,NET_OTHER,,PER_100_POP,0.2
2022,NET_OTHER,,PER_100_POP,0.3
2023,NET_OTHER,,PER_100_POP,0.8
2016,NET_OTHER,,PER_100_POP,0.3
2020,NET_OTHER,,PER_100_POP,0.3
2021,NET_OTHER,,PER_100_POP,0.3
2019,NET_OTHER,,PER_100_POP,0.3
2013,NET_OTHER,,PER_100_POP,0.2
2010,NET_OTHER,,PER_100_POP,0.2
2012,NET_OTHER,,PER_100_POP,0.2
2014,NET_OTHER,ES211,PER_100_POP,0.4
2010,NET_OTHER,ES211,PER_100_POP,0.5
2011,NET_OTHER,ES211,PER_100_POP,0.4
2015,NET_OTHER,ES211,PER_100_POP,0.4
2021,NET_OTHER,ES211,PER_100_POP,0.3
2023,NET_OTHER,ES211,PER_100_POP,0.8
2019,NET_OTHER,ES211,PER_100_POP,0.4
2017,NET_OTHER,ES211,PER_100_POP,0.4
2022,NET_OTHER,ES211,PER_100_POP,0.3
2020,NET_OTHER,ES211,PER_100_POP,0.3
2012,NET_OTHER,ES211,PER_100_POP,0.4
2013,NET_OTHER,ES211,PER_100_POP,0.4
2018,NET_OTHER,ES211,PER_100_POP,0.5
2016,NET_OTHER,ES211,PER_100_POP,0.4
2011,NET_OTHER,ES213,PER_100_POP,0.2
2015,NET_OTHER,ES213,PER_100_POP,0.2
2019,NET_OTHER,ES213,PER_100_POP,0.3
2023,NET_OTHER,ES213,PER_100_POP,0.7
2022,NET_OTHER,ES213,PER_100_POP,0.3
2021,NET_OTHER,ES213,PER_100_POP,0.3
2020,NET_OTHER,ES213,PER_100_POP,0.4
2018,NET_OTHER,ES213,PER_100_POP,0.3
2017,NET_OTHER,ES213,PER_100_POP,0.3
2016,NET_OTHER,ES213,PER_100_POP,0.2
2014,NET_OTHER,ES213,PER_100_POP,0.2
2013,NET_OTHER,ES213,PER_100_POP,0.1
2012,NET_OTHER,ES213,PER_100_POP,0.1
2010,NET_OTHER,ES213,PER_100_POP,0.2
2020,NET_OTHER,ES212,PER_100_POP,0.3
2019,NET_OTHER,ES212,PER_100_POP,0.3
2018,NET_OTHER,ES212,PER_100_POP,0.3
2017,NET_OTHER,ES212,PER_100_POP,0.3
2016,NET_OTHER,ES212,PER_100_POP,0.2
2015,NET_OTHER,ES212,PER_100_POP,0.2
2014,NET_OTHER,ES212,PER_100_POP,0.2
2012,NET_OTHER,ES212,PER_100_POP,0.2
2011,NET_OTHER,ES212,PER_100_POP,0.2
2010,NET_OTHER,ES212,PER_100_POP,0.3
2013,NET_OTHER,ES212,PER_100_POP,0.2
2021,NET_OTHER,ES212,PER_100_POP,0.3
2023,NET_OTHER,ES212,PER_100_POP,0.9
2022,NET_OTHER,ES212,PER_100_POP,0.4
