Year,Series,NCD,Sexo,Territorio,Comarca,Municipio,Units,GeoCode,Value
2023,EU_SH_DTH_NCOM,DIABTS,,,,,PER_100000_POP,,21.7
2015,EU_SH_DTH_NCOM,CNCR,,,,,PER_100000_POP,,284.0
2019,SH_DTH_NCOM,NCOM,,,,,PT,,9.6
2023,EU_SH_DTH_NCOM,NCOM,,,,,PER_100000_POP,,612.8
2020,EU_SH_DTH_NCOM,CARDIO,,,,,PER_100000_POP,,255.5
2019,EU_SH_DTH_NCOM,CARDIO,,,,,PER_100000_POP,,256.3
2016,EU_SH_DTH_NCOM,CRESPD,,,,,PER_100000_POP,,76.3
2018,EU_SH_DTH_NCOM,CNCR,,,,,PER_100000_POP,,281.7
2011,EU_SH_DTH_NCOM,DIABTS,,,,,PER_100000_POP,,22.0
2012,EU_SH_DTH_NCOM,DIABTS,,,,,PER_100000_POP,,21.8
2012,EU_SH_DTH_NCOM,CRESPD,,,,,PER_100000_POP,,71.1
2010,EU_SH_DTH_NCOM,NCOM,,,,,PER_100000_POP,,616.2
2015,EU_SH_DTH_NCOM,CRESPD,,,,,PER_100000_POP,,78.8
2013,EU_SH_DTH_NCOM,CRESPD,,,,,PER_100000_POP,,69.2
2019,EU_SH_DTH_NCOM,CRESPD,,,,,PER_100000_POP,,76.6
2016,EU_SH_DTH_NCOM,CARDIO,,,,,PER_100000_POP,,263.8
2020,EU_SH_DTH_NCOM,CRESPD,,,,,PER_100000_POP,,56.0
2020,EU_SH_DTH_NCOM,NCOM,,,,,PER_100000_POP,,607.8
2011,EU_SH_DTH_NCOM,CRESPD,,,,,PER_100000_POP,,65.4
2010,EU_SH_DTH_NCOM,DIABTS,,,,,PER_100000_POP,,23.9
2022,EU_SH_DTH_NCOM,NCOM,,,,,PER_100000_POP,,625.9
2019,EU_SH_DTH_NCOM,CNCR,,,,,PER_100000_POP,,277.6
2014,EU_SH_DTH_NCOM,NCOM,,,,,PER_100000_POP,,620.7
2017,EU_SH_DTH_NCOM,NCOM,,,,,PER_100000_POP,,647.2
2014,EU_SH_DTH_NCOM,CRESPD,,,,,PER_100000_POP,,68.7
2017,EU_SH_DTH_NCOM,CARDIO,,,,,PER_100000_POP,,264.6
2023,EU_SH_DTH_NCOM,CNCR,,,,,PER_100000_POP,,274.9
2022,EU_SH_DTH_NCOM,CNCR,,,,,PER_100000_POP,,282.3
2012,EU_SH_DTH_NCOM,NCOM,,,,,PER_100000_POP,,628.5
2018,EU_SH_DTH_NCOM,DIABTS,,,,,PER_100000_POP,,20.6
2017,EU_SH_DTH_NCOM,CNCR,,,,,PER_100000_POP,,282.4
2016,EU_SH_DTH_NCOM,DIABTS,,,,,PER_100000_POP,,19.5
2014,EU_SH_DTH_NCOM,CARDIO,,,,,PER_100000_POP,,248.1
2020,EU_SH_DTH_NCOM,DIABTS,,,,,PER_100000_POP,,22.8
2019,EU_SH_DTH_NCOM,DIABTS,,,,,PER_100000_POP,,20.7
2023,EU_SH_DTH_NCOM,CARDIO,,,,,PER_100000_POP,,257.1
2018,EU_SH_DTH_NCOM,NCOM,,,,,PER_100000_POP,,648.9
2020,EU_SH_DTH_NCOM,CNCR,,,,,PER_100000_POP,,273.5
2014,EU_SH_DTH_NCOM,CNCR,,,,,PER_100000_POP,,283.9
2010,EU_SH_DTH_NCOM,CARDIO,,,,,PER_100000_POP,,261.3
2012,EU_SH_DTH_NCOM,CARDIO,,,,,PER_100000_POP,,263.2
2021,EU_SH_DTH_NCOM,CNCR,,,,,PER_100000_POP,,276.7
2018,EU_SH_DTH_NCOM,CARDIO,,,,,PER_100000_POP,,265.0
2015,SH_DTH_NCOM,NCOM,,,,,PT,,10.3
2015,EU_SH_DTH_NCOM,DIABTS,,,,,PER_100000_POP,,22.2
2010,SH_DTH_NCOM,NCOM,,,,,PT,,11.0
2018,EU_SH_DTH_NCOM,CRESPD,,,,,PER_100000_POP,,81.7
2013,EU_SH_DTH_NCOM,NCOM,,,,,PER_100000_POP,,613.0
2013,EU_SH_DTH_NCOM,DIABTS,,,,,PER_100000_POP,,23.2
2013,EU_SH_DTH_NCOM,CARDIO,,,,,PER_100000_POP,,248.6
2019,EU_SH_DTH_NCOM,NCOM,,,,,PER_100000_POP,,631.2
2022,EU_SH_DTH_NCOM,DIABTS,,,,,PER_100000_POP,,22.1
2014,EU_SH_DTH_NCOM,DIABTS,,,,,PER_100000_POP,,20.1
2010,EU_SH_DTH_NCOM,CRESPD,,,,,PER_100000_POP,,63.5
2013,EU_SH_DTH_NCOM,CNCR,,,,,PER_100000_POP,,272.0
2011,EU_SH_DTH_NCOM,CARDIO,,,,,PER_100000_POP,,259.7
2011,EU_SH_DTH_NCOM,NCOM,,,,,PER_100000_POP,,626.2
2021,EU_SH_DTH_NCOM,DIABTS,,,,,PER_100000_POP,,21.0
2021,EU_SH_DTH_NCOM,CRESPD,,,,,PER_100000_POP,,54.6
2017,EU_SH_DTH_NCOM,DIABTS,,,,,PER_100000_POP,,17.4
2021,EU_SH_DTH_NCOM,NCOM,,,,,PER_100000_POP,,622.4
2016,EU_SH_DTH_NCOM,NCOM,,,,,PER_100000_POP,,641.2
2015,EU_SH_DTH_NCOM,NCOM,,,,,PER_100000_POP,,651.4
2012,EU_SH_DTH_NCOM,CNCR,,,,,PER_100000_POP,,272.4
2021,EU_SH_DTH_NCOM,CARDIO,,,,,PER_100000_POP,,270.2
2015,EU_SH_DTH_NCOM,CARDIO,,,,,PER_100000_POP,,266.4
2022,EU_SH_DTH_NCOM,CARDIO,,,,,PER_100000_POP,,263.1
2023,EU_SH_DTH_NCOM,CRESPD,,,,,PER_100000_POP,,59.1
2017,EU_SH_DTH_NCOM,CRESPD,,,,,PER_100000_POP,,82.8
2022,EU_SH_DTH_NCOM,CRESPD,,,,,PER_100000_POP,,58.3
2011,EU_SH_DTH_NCOM,CNCR,,,,,PER_100000_POP,,279.1
2016,EU_SH_DTH_NCOM,CNCR,,,,,PER_100000_POP,,281.6
2010,EU_SH_DTH_NCOM,CNCR,,,,,PER_100000_POP,,267.5
2012,EU_SH_DTH_NCOM,NCOM,,ES211,,,PER_100000_POP,ES211,524.5
2014,EU_SH_DTH_NCOM,CRESPD,,ES211,,,PER_100000_POP,ES211,57.6
2022,EU_SH_DTH_NCOM,CARDIO,,ES211,,,PER_100000_POP,ES211,218.9
2017,EU_SH_DTH_NCOM,DIABTS,,ES211,,,PER_100000_POP,ES211,16.9
2010,EU_SH_DTH_NCOM,CARDIO,,ES211,,,PER_100000_POP,ES211,216.1
2023,EU_SH_DTH_NCOM,CARDIO,,ES211,,,PER_100000_POP,ES211,232.4
2011,EU_SH_DTH_NCOM,NCOM,,ES211,,,PER_100000_POP,ES211,539.2
2020,EU_SH_DTH_NCOM,DIABTS,,ES211,,,PER_100000_POP,ES211,19.4
2019,EU_SH_DTH_NCOM,CNCR,,ES211,,,PER_100000_POP,ES211,250.4
2020,EU_SH_DTH_NCOM,CRESPD,,ES211,,,PER_100000_POP,ES211,57.8
2016,EU_SH_DTH_NCOM,CARDIO,,ES211,,,PER_100000_POP,ES211,218.3
2019,EU_SH_DTH_NCOM,CARDIO,,ES211,,,PER_100000_POP,ES211,204.2
2014,EU_SH_DTH_NCOM,NCOM,,ES211,,,PER_100000_POP,ES211,496.1
2012,EU_SH_DTH_NCOM,CRESPD,,ES211,,,PER_100000_POP,ES211,66.0
2013,EU_SH_DTH_NCOM,DIABTS,,ES211,,,PER_100000_POP,ES211,21.2
2016,EU_SH_DTH_NCOM,DIABTS,,ES211,,,PER_100000_POP,ES211,17.3
2016,EU_SH_DTH_NCOM,CNCR,,ES211,,,PER_100000_POP,ES211,250.5
2018,EU_SH_DTH_NCOM,NCOM,,ES211,,,PER_100000_POP,ES211,538.3
2010,EU_SH_DTH_NCOM,NCOM,,ES211,,,PER_100000_POP,ES211,521.0
2020,EU_SH_DTH_NCOM,CARDIO,,ES211,,,PER_100000_POP,ES211,190.5
2013,EU_SH_DTH_NCOM,CARDIO,,ES211,,,PER_100000_POP,ES211,206.2
2018,EU_SH_DTH_NCOM,DIABTS,,ES211,,,PER_100000_POP,ES211,17.1
2023,EU_SH_DTH_NCOM,CNCR,,ES211,,,PER_100000_POP,ES211,241.4
2010,EU_SH_DTH_NCOM,CNCR,,ES211,,,PER_100000_POP,ES211,224.0
2021,EU_SH_DTH_NCOM,CNCR,,ES211,,,PER_100000_POP,ES211,250.6
2014,EU_SH_DTH_NCOM,CNCR,,ES211,,,PER_100000_POP,ES211,234.3
2021,EU_SH_DTH_NCOM,CRESPD,,ES211,,,PER_100000_POP,ES211,45.1
2017,EU_SH_DTH_NCOM,NCOM,,ES211,,,PER_100000_POP,ES211,567.5
2015,EU_SH_DTH_NCOM,CARDIO,,ES211,,,PER_100000_POP,ES211,220.1
2022,EU_SH_DTH_NCOM,CRESPD,,ES211,,,PER_100000_POP,ES211,56.0
2023,EU_SH_DTH_NCOM,DIABTS,,ES211,,,PER_100000_POP,ES211,19.5
2011,EU_SH_DTH_NCOM,CARDIO,,ES211,,,PER_100000_POP,ES211,201.4
2017,EU_SH_DTH_NCOM,CRESPD,,ES211,,,PER_100000_POP,ES211,68.7
2018,EU_SH_DTH_NCOM,CRESPD,,ES211,,,PER_100000_POP,ES211,68.9
2019,EU_SH_DTH_NCOM,DIABTS,,ES211,,,PER_100000_POP,ES211,14.0
2017,EU_SH_DTH_NCOM,CARDIO,,ES211,,,PER_100000_POP,ES211,213.2
2018,EU_SH_DTH_NCOM,CNCR,,ES211,,,PER_100000_POP,ES211,243.0
2020,EU_SH_DTH_NCOM,CNCR,,ES211,,,PER_100000_POP,ES211,224.1
2021,EU_SH_DTH_NCOM,CARDIO,,ES211,,,PER_100000_POP,ES211,217.6
2019,EU_SH_DTH_NCOM,NCOM,,ES211,,,PER_100000_POP,ES211,546.4
2012,EU_SH_DTH_NCOM,CNCR,,ES211,,,PER_100000_POP,ES211,232.0
2011,EU_SH_DTH_NCOM,CNCR,,ES211,,,PER_100000_POP,ES211,257.9
2023,EU_SH_DTH_NCOM,CRESPD,,ES211,,,PER_100000_POP,ES211,51.5
2021,EU_SH_DTH_NCOM,NCOM,,ES211,,,PER_100000_POP,ES211,536.3
2022,EU_SH_DTH_NCOM,CNCR,,ES211,,,PER_100000_POP,ES211,243.6
2016,EU_SH_DTH_NCOM,NCOM,,ES211,,,PER_100000_POP,ES211,553.9
2022,EU_SH_DTH_NCOM,DIABTS,,ES211,,,PER_100000_POP,ES211,19.6
2019,EU_SH_DTH_NCOM,CRESPD,,ES211,,,PER_100000_POP,ES211,77.8
2015,EU_SH_DTH_NCOM,NCOM,,ES211,,,PER_100000_POP,ES211,574.1
2013,EU_SH_DTH_NCOM,CNCR,,ES211,,,PER_100000_POP,ES211,247.7
2010,EU_SH_DTH_NCOM,CRESPD,,ES211,,,PER_100000_POP,ES211,55.4
2016,EU_SH_DTH_NCOM,CRESPD,,ES211,,,PER_100000_POP,ES211,67.8
2012,EU_SH_DTH_NCOM,CARDIO,,ES211,,,PER_100000_POP,ES211,207.1
2017,EU_SH_DTH_NCOM,CNCR,,ES211,,,PER_100000_POP,ES211,268.7
2013,EU_SH_DTH_NCOM,CRESPD,,ES211,,,PER_100000_POP,ES211,71.5
2022,EU_SH_DTH_NCOM,NCOM,,ES211,,,PER_100000_POP,ES211,538.1
2013,EU_SH_DTH_NCOM,NCOM,,ES211,,,PER_100000_POP,ES211,546.6
2015,EU_SH_DTH_NCOM,DIABTS,,ES211,,,PER_100000_POP,ES211,21.1
2012,EU_SH_DTH_NCOM,DIABTS,,ES211,,,PER_100000_POP,ES211,19.3
2018,EU_SH_DTH_NCOM,CARDIO,,ES211,,,PER_100000_POP,ES211,209.3
2014,EU_SH_DTH_NCOM,CARDIO,,ES211,,,PER_100000_POP,ES211,191.6
2021,EU_SH_DTH_NCOM,DIABTS,,ES211,,,PER_100000_POP,ES211,23.0
2020,EU_SH_DTH_NCOM,NCOM,,ES211,,,PER_100000_POP,ES211,491.8
2014,EU_SH_DTH_NCOM,DIABTS,,ES211,,,PER_100000_POP,ES211,12.5
2023,EU_SH_DTH_NCOM,NCOM,,ES211,,,PER_100000_POP,ES211,544.7
2011,EU_SH_DTH_NCOM,DIABTS,,ES211,,,PER_100000_POP,ES211,22.5
2015,EU_SH_DTH_NCOM,CNCR,,ES211,,,PER_100000_POP,ES211,263.6
2011,EU_SH_DTH_NCOM,CRESPD,,ES211,,,PER_100000_POP,ES211,57.4
2010,EU_SH_DTH_NCOM,DIABTS,,ES211,,,PER_100000_POP,ES211,25.5
2015,EU_SH_DTH_NCOM,CRESPD,,ES211,,,PER_100000_POP,ES211,69.2
2017,EU_SH_DTH_NCOM,NCOM,,ES213,,,PER_100000_POP,ES213,684.1
2022,EU_SH_DTH_NCOM,CNCR,,ES213,,,PER_100000_POP,ES213,301.6
2016,EU_SH_DTH_NCOM,CARDIO,,ES213,,,PER_100000_POP,ES213,285.3
2012,EU_SH_DTH_NCOM,CRESPD,,ES213,,,PER_100000_POP,ES213,72.9
2018,EU_SH_DTH_NCOM,NCOM,,ES213,,,PER_100000_POP,ES213,691.0
2023,EU_SH_DTH_NCOM,CARDIO,,ES213,,,PER_100000_POP,ES213,259.4
2016,EU_SH_DTH_NCOM,CNCR,,ES213,,,PER_100000_POP,ES213,303.7
2012,EU_SH_DTH_NCOM,CARDIO,,ES213,,,PER_100000_POP,ES213,285.8
2016,EU_SH_DTH_NCOM,CRESPD,,ES213,,,PER_100000_POP,ES213,79.5
2020,EU_SH_DTH_NCOM,CNCR,,ES213,,,PER_100000_POP,ES213,292.3
2015,EU_SH_DTH_NCOM,DIABTS,,ES213,,,PER_100000_POP,ES213,23.8
2020,EU_SH_DTH_NCOM,DIABTS,,ES213,,,PER_100000_POP,ES213,24.4
2013,EU_SH_DTH_NCOM,CARDIO,,ES213,,,PER_100000_POP,ES213,263.0
2015,EU_SH_DTH_NCOM,NCOM,,ES213,,,PER_100000_POP,ES213,696.8
2015,EU_SH_DTH_NCOM,CRESPD,,ES213,,,PER_100000_POP,ES213,83.8
2013,EU_SH_DTH_NCOM,DIABTS,,ES213,,,PER_100000_POP,ES213,22.4
2020,EU_SH_DTH_NCOM,NCOM,,ES213,,,PER_100000_POP,ES213,651.0
2022,EU_SH_DTH_NCOM,CRESPD,,ES213,,,PER_100000_POP,ES213,61.3
2018,EU_SH_DTH_NCOM,CRESPD,,ES213,,,PER_100000_POP,ES213,89.1
2019,EU_SH_DTH_NCOM,CARDIO,,ES213,,,PER_100000_POP,ES213,276.2
2014,EU_SH_DTH_NCOM,CARDIO,,ES213,,,PER_100000_POP,ES213,274.4
2018,EU_SH_DTH_NCOM,CNCR,,ES213,,,PER_100000_POP,ES213,293.8
2012,EU_SH_DTH_NCOM,DIABTS,,ES213,,,PER_100000_POP,ES213,21.8
2022,EU_SH_DTH_NCOM,CARDIO,,ES213,,,PER_100000_POP,ES213,275.1
2020,EU_SH_DTH_NCOM,CARDIO,,ES213,,,PER_100000_POP,ES213,277.0
2017,EU_SH_DTH_NCOM,CARDIO,,ES213,,,PER_100000_POP,ES213,285.9
2014,EU_SH_DTH_NCOM,DIABTS,,ES213,,,PER_100000_POP,ES213,22.3
2019,EU_SH_DTH_NCOM,NCOM,,ES213,,,PER_100000_POP,ES213,676.6
2010,EU_SH_DTH_NCOM,CNCR,,ES213,,,PER_100000_POP,ES213,287.6
2012,EU_SH_DTH_NCOM,NCOM,,ES213,,,PER_100000_POP,ES213,669.6
2018,EU_SH_DTH_NCOM,CARDIO,,ES213,,,PER_100000_POP,ES213,287.8
2016,EU_SH_DTH_NCOM,NCOM,,ES213,,,PER_100000_POP,ES213,689.2
2013,EU_SH_DTH_NCOM,CNCR,,ES213,,,PER_100000_POP,ES213,285.8
2015,EU_SH_DTH_NCOM,CNCR,,ES213,,,PER_100000_POP,ES213,295.8
2019,EU_SH_DTH_NCOM,CRESPD,,ES213,,,PER_100000_POP,ES213,79.1
2023,EU_SH_DTH_NCOM,DIABTS,,ES213,,,PER_100000_POP,ES213,20.1
2014,EU_SH_DTH_NCOM,CNCR,,ES213,,,PER_100000_POP,ES213,303.4
2013,EU_SH_DTH_NCOM,CRESPD,,ES213,,,PER_100000_POP,ES213,71.0
2017,EU_SH_DTH_NCOM,CNCR,,ES213,,,PER_100000_POP,ES213,291.2
2012,EU_SH_DTH_NCOM,CNCR,,ES213,,,PER_100000_POP,ES213,289.1
2023,EU_SH_DTH_NCOM,NCOM,,ES213,,,PER_100000_POP,ES213,623.5
2021,EU_SH_DTH_NCOM,DIABTS,,ES213,,,PER_100000_POP,ES213,22.1
2014,EU_SH_DTH_NCOM,CRESPD,,ES213,,,PER_100000_POP,ES213,68.9
2017,EU_SH_DTH_NCOM,CRESPD,,ES213,,,PER_100000_POP,ES213,89.0
2021,EU_SH_DTH_NCOM,CARDIO,,ES213,,,PER_100000_POP,ES213,276.1
2016,EU_SH_DTH_NCOM,DIABTS,,ES213,,,PER_100000_POP,ES213,20.7
2023,EU_SH_DTH_NCOM,CRESPD,,ES213,,,PER_100000_POP,ES213,61.7
2015,EU_SH_DTH_NCOM,CARDIO,,ES213,,,PER_100000_POP,ES213,293.5
2010,EU_SH_DTH_NCOM,CARDIO,,ES213,,,PER_100000_POP,ES213,280.5
2017,EU_SH_DTH_NCOM,DIABTS,,ES213,,,PER_100000_POP,ES213,18.0
2011,EU_SH_DTH_NCOM,CNCR,,ES213,,,PER_100000_POP,ES213,291.5
2021,EU_SH_DTH_NCOM,CNCR,,ES213,,,PER_100000_POP,ES213,291.9
2010,EU_SH_DTH_NCOM,CRESPD,,ES213,,,PER_100000_POP,ES213,64.1
2023,EU_SH_DTH_NCOM,CNCR,,ES213,,,PER_100000_POP,ES213,282.4
2019,EU_SH_DTH_NCOM,DIABTS,,ES213,,,PER_100000_POP,ES213,23.4
2013,EU_SH_DTH_NCOM,NCOM,,ES213,,,PER_100000_POP,ES213,642.3
2011,EU_SH_DTH_NCOM,DIABTS,,ES213,,,PER_100000_POP,ES213,21.9
2019,EU_SH_DTH_NCOM,CNCR,,ES213,,,PER_100000_POP,ES213,297.8
2010,EU_SH_DTH_NCOM,NCOM,,ES213,,,PER_100000_POP,ES213,654.2
2018,EU_SH_DTH_NCOM,DIABTS,,ES213,,,PER_100000_POP,ES213,20.4
2014,EU_SH_DTH_NCOM,NCOM,,ES213,,,PER_100000_POP,ES213,669.0
2022,EU_SH_DTH_NCOM,NCOM,,ES213,,,PER_100000_POP,ES213,659.6
2011,EU_SH_DTH_NCOM,CARDIO,,ES213,,,PER_100000_POP,ES213,282.1
2021,EU_SH_DTH_NCOM,CRESPD,,ES213,,,PER_100000_POP,ES213,57.9
2021,EU_SH_DTH_NCOM,NCOM,,ES213,,,PER_100000_POP,ES213,648.0
2011,EU_SH_DTH_NCOM,NCOM,,ES213,,,PER_100000_POP,ES213,662.9
2022,EU_SH_DTH_NCOM,DIABTS,,ES213,,,PER_100000_POP,ES213,21.6
2020,EU_SH_DTH_NCOM,CRESPD,,ES213,,,PER_100000_POP,ES213,57.2
2010,EU_SH_DTH_NCOM,DIABTS,,ES213,,,PER_100000_POP,ES213,22.0
2011,EU_SH_DTH_NCOM,CRESPD,,ES213,,,PER_100000_POP,ES213,67.4
2010,EU_SH_DTH_NCOM,NCOM,,ES212,,,PER_100000_POP,ES212,596.9
2011,EU_SH_DTH_NCOM,CNCR,,ES212,,,PER_100000_POP,ES212,268.4
2018,EU_SH_DTH_NCOM,NCOM,,ES212,,,PER_100000_POP,ES212,631.8
2017,EU_SH_DTH_NCOM,NCOM,,ES212,,,PER_100000_POP,ES212,624.4
2018,EU_SH_DTH_NCOM,DIABTS,,ES212,,,PER_100000_POP,ES212,22.2
2020,EU_SH_DTH_NCOM,CRESPD,,ES212,,,PER_100000_POP,ES212,53.2
2019,EU_SH_DTH_NCOM,NCOM,,ES212,,,PER_100000_POP,ES212,597.6
2010,EU_SH_DTH_NCOM,CRESPD,,ES212,,,PER_100000_POP,ES212,66.3
2018,EU_SH_DTH_NCOM,CNCR,,ES212,,,PER_100000_POP,ES212,280.0
2012,EU_SH_DTH_NCOM,CRESPD,,ES212,,,PER_100000_POP,ES212,70.5
2014,EU_SH_DTH_NCOM,CNCR,,ES212,,,PER_100000_POP,ES212,274.9
2020,EU_SH_DTH_NCOM,CARDIO,,ES212,,,PER_100000_POP,ES212,251.1
2011,EU_SH_DTH_NCOM,CRESPD,,ES212,,,PER_100000_POP,ES212,65.7
2018,EU_SH_DTH_NCOM,CRESPD,,ES212,,,PER_100000_POP,ES212,75.7
2016,EU_SH_DTH_NCOM,CNCR,,ES212,,,PER_100000_POP,ES212,260.3
2015,EU_SH_DTH_NCOM,CARDIO,,ES212,,,PER_100000_POP,ES212,244.0
2016,EU_SH_DTH_NCOM,CRESPD,,ES212,,,PER_100000_POP,ES212,75.0
2017,EU_SH_DTH_NCOM,DIABTS,,ES212,,,PER_100000_POP,ES212,16.7
2016,EU_SH_DTH_NCOM,CARDIO,,ES212,,,PER_100000_POP,ES212,249.8
2014,EU_SH_DTH_NCOM,CRESPD,,ES212,,,PER_100000_POP,ES212,73.5
2013,EU_SH_DTH_NCOM,CRESPD,,ES212,,,PER_100000_POP,ES212,65.2
2012,EU_SH_DTH_NCOM,CNCR,,ES212,,,PER_100000_POP,ES212,263.6
2019,EU_SH_DTH_NCOM,CARDIO,,ES212,,,PER_100000_POP,ES212,248.3
2021,EU_SH_DTH_NCOM,CNCR,,ES212,,,PER_100000_POP,ES212,264.4
2019,EU_SH_DTH_NCOM,DIABTS,,ES212,,,PER_100000_POP,ES212,19.5
2013,EU_SH_DTH_NCOM,DIABTS,,ES212,,,PER_100000_POP,ES212,25.3
2015,EU_SH_DTH_NCOM,CNCR,,ES212,,,PER_100000_POP,ES212,274.1
2013,EU_SH_DTH_NCOM,CNCR,,ES212,,,PER_100000_POP,ES212,260.5
2022,EU_SH_DTH_NCOM,DIABTS,,ES212,,,PER_100000_POP,ES212,24.1
2022,EU_SH_DTH_NCOM,CNCR,,ES212,,,PER_100000_POP,ES212,269.7
2022,EU_SH_DTH_NCOM,CRESPD,,ES212,,,PER_100000_POP,ES212,54.6
2023,EU_SH_DTH_NCOM,CNCR,,ES212,,,PER_100000_POP,ES212,278.5
2014,EU_SH_DTH_NCOM,DIABTS,,ES212,,,PER_100000_POP,ES212,19.9
2023,EU_SH_DTH_NCOM,CRESPD,,ES212,,,PER_100000_POP,ES212,58.7
2016,EU_SH_DTH_NCOM,DIABTS,,ES212,,,PER_100000_POP,ES212,18.4
2017,EU_SH_DTH_NCOM,CRESPD,,ES212,,,PER_100000_POP,ES212,79.3
2022,EU_SH_DTH_NCOM,NCOM,,ES212,,,PER_100000_POP,ES212,613.0
2010,EU_SH_DTH_NCOM,CNCR,,ES212,,,PER_100000_POP,ES212,254.3
2012,EU_SH_DTH_NCOM,NCOM,,ES212,,,PER_100000_POP,ES212,608.3
2011,EU_SH_DTH_NCOM,CARDIO,,ES212,,,PER_100000_POP,ES212,249.5
2014,EU_SH_DTH_NCOM,CARDIO,,ES212,,,PER_100000_POP,ES212,230.9
2012,EU_SH_DTH_NCOM,DIABTS,,ES212,,,PER_100000_POP,ES212,22.8
2012,EU_SH_DTH_NCOM,CARDIO,,ES212,,,PER_100000_POP,ES212,251.4
2018,EU_SH_DTH_NCOM,CARDIO,,ES212,,,PER_100000_POP,ES212,253.9
2023,EU_SH_DTH_NCOM,CARDIO,,ES212,,,PER_100000_POP,ES212,264.8
2017,EU_SH_DTH_NCOM,CARDIO,,ES212,,,PER_100000_POP,ES212,253.9
2019,EU_SH_DTH_NCOM,CNCR,,ES212,,,PER_100000_POP,ES212,257.9
2021,EU_SH_DTH_NCOM,CARDIO,,ES212,,,PER_100000_POP,ES212,284.9
2015,EU_SH_DTH_NCOM,CRESPD,,ES212,,,PER_100000_POP,ES212,75.2
2021,EU_SH_DTH_NCOM,DIABTS,,ES212,,,PER_100000_POP,ES212,18.3
2021,EU_SH_DTH_NCOM,NCOM,,ES212,,,PER_100000_POP,ES212,621.2
2010,EU_SH_DTH_NCOM,DIABTS,,ES212,,,PER_100000_POP,ES212,26.1
2020,EU_SH_DTH_NCOM,CNCR,,ES212,,,PER_100000_POP,ES212,266.1
2013,EU_SH_DTH_NCOM,NCOM,,ES212,,,PER_100000_POP,ES212,595.4
2014,EU_SH_DTH_NCOM,NCOM,,ES212,,,PER_100000_POP,ES212,599.2
2023,EU_SH_DTH_NCOM,NCOM,,ES212,,,PER_100000_POP,ES212,627.4
2021,EU_SH_DTH_NCOM,CRESPD,,ES212,,,PER_100000_POP,ES212,53.6
2010,EU_SH_DTH_NCOM,CARDIO,,ES212,,,PER_100000_POP,ES212,250.3
2017,EU_SH_DTH_NCOM,CNCR,,ES212,,,PER_100000_POP,ES212,274.4
2019,EU_SH_DTH_NCOM,CRESPD,,ES212,,,PER_100000_POP,ES212,71.9
2022,EU_SH_DTH_NCOM,CARDIO,,ES212,,,PER_100000_POP,ES212,264.6
2015,EU_SH_DTH_NCOM,DIABTS,,ES212,,,PER_100000_POP,ES212,20.3
2013,EU_SH_DTH_NCOM,CARDIO,,ES212,,,PER_100000_POP,ES212,244.4
2020,EU_SH_DTH_NCOM,NCOM,,ES212,,,PER_100000_POP,ES212,592.1
2020,EU_SH_DTH_NCOM,DIABTS,,ES212,,,PER_100000_POP,ES212,21.7
2011,EU_SH_DTH_NCOM,NCOM,,ES212,,,PER_100000_POP,ES212,605.6
2023,EU_SH_DTH_NCOM,DIABTS,,ES212,,,PER_100000_POP,ES212,25.4
2015,EU_SH_DTH_NCOM,NCOM,,ES212,,,PER_100000_POP,ES212,613.5
2011,EU_SH_DTH_NCOM,DIABTS,,ES212,,,PER_100000_POP,ES212,22.0
2016,EU_SH_DTH_NCOM,NCOM,,ES212,,,PER_100000_POP,ES212,603.6
2016,EU_SH_DTH_NCOM,CARDIO,F,,,,PER_100000_POP,,269.1
2011,EU_SH_DTH_NCOM,NCOM,F,,,,PER_100000_POP,,553.0
2019,EU_SH_DTH_NCOM,DIABTS,F,,,,PER_100000_POP,,22.8
2017,EU_SH_DTH_NCOM,CARDIO,F,,,,PER_100000_POP,,271.6
2012,EU_SH_DTH_NCOM,CNCR,F,,,,PER_100000_POP,,193.8
2014,EU_SH_DTH_NCOM,CNCR,F,,,,PER_100000_POP,,216.6
2015,EU_SH_DTH_NCOM,CNCR,F,,,,PER_100000_POP,,218.4
2016,EU_SH_DTH_NCOM,DIABTS,F,,,,PER_100000_POP,,20.2
2018,EU_SH_DTH_NCOM,CNCR,F,,,,PER_100000_POP,,213.6
2021,EU_SH_DTH_NCOM,CNCR,F,,,,PER_100000_POP,,220.5
2017,EU_SH_DTH_NCOM,NCOM,F,,,,PER_100000_POP,,581.7
2022,EU_SH_DTH_NCOM,CNCR,F,,,,PER_100000_POP,,228.0
2010,EU_SH_DTH_NCOM,CARDIO,F,,,,PER_100000_POP,,262.6
2011,EU_SH_DTH_NCOM,DIABTS,F,,,,PER_100000_POP,,24.5
2019,SH_DTH_NCOM,NCOM,F,,,,PT,,6.5
2020,EU_SH_DTH_NCOM,NCOM,F,,,,PER_100000_POP,,550.5
2010,EU_SH_DTH_NCOM,CNCR,F,,,,PER_100000_POP,,195.2
2014,EU_SH_DTH_NCOM,NCOM,F,,,,PER_100000_POP,,556.0
2020,EU_SH_DTH_NCOM,DIABTS,F,,,,PER_100000_POP,,23.2
2020,EU_SH_DTH_NCOM,CARDIO,F,,,,PER_100000_POP,,267.0
2012,EU_SH_DTH_NCOM,CARDIO,F,,,,PER_100000_POP,,275.6
2013,EU_SH_DTH_NCOM,NCOM,F,,,,PER_100000_POP,,538.5
2021,EU_SH_DTH_NCOM,DIABTS,F,,,,PER_100000_POP,,23.1
2015,SH_DTH_NCOM,NCOM,F,,,,PT,,6.6
2013,EU_SH_DTH_NCOM,CARDIO,F,,,,PER_100000_POP,,252.4
2014,EU_SH_DTH_NCOM,DIABTS,F,,,,PER_100000_POP,,22.4
2019,EU_SH_DTH_NCOM,NCOM,F,,,,PER_100000_POP,,567.0
2022,EU_SH_DTH_NCOM,CARDIO,F,,,,PER_100000_POP,,272.8
2019,EU_SH_DTH_NCOM,CARDIO,F,,,,PER_100000_POP,,260.7
2014,EU_SH_DTH_NCOM,CRESPD,F,,,,PER_100000_POP,,60.0
2013,EU_SH_DTH_NCOM,CNCR,F,,,,PER_100000_POP,,199.0
2012,EU_SH_DTH_NCOM,DIABTS,F,,,,PER_100000_POP,,24.3
2016,EU_SH_DTH_NCOM,CNCR,F,,,,PER_100000_POP,,215.0
2022,EU_SH_DTH_NCOM,DIABTS,F,,,,PER_100000_POP,,22.8
2023,EU_SH_DTH_NCOM,CARDIO,F,,,,PER_100000_POP,,262.0
2020,EU_SH_DTH_NCOM,CRESPD,F,,,,PER_100000_POP,,49.8
2011,EU_SH_DTH_NCOM,CRESPD,F,,,,PER_100000_POP,,53.7
2017,EU_SH_DTH_NCOM,DIABTS,F,,,,PER_100000_POP,,18.5
2022,EU_SH_DTH_NCOM,NCOM,F,,,,PER_100000_POP,,573.5
2021,EU_SH_DTH_NCOM,NCOM,F,,,,PER_100000_POP,,566.5
2010,SH_DTH_NCOM,NCOM,F,,,,PT,,6.7
2012,EU_SH_DTH_NCOM,CRESPD,F,,,,PER_100000_POP,,60.5
2016,EU_SH_DTH_NCOM,NCOM,F,,,,PER_100000_POP,,572.1
2018,EU_SH_DTH_NCOM,NCOM,F,,,,PER_100000_POP,,580.4
2015,EU_SH_DTH_NCOM,CARDIO,F,,,,PER_100000_POP,,275.9
2017,EU_SH_DTH_NCOM,CRESPD,F,,,,PER_100000_POP,,76.2
2020,EU_SH_DTH_NCOM,CNCR,F,,,,PER_100000_POP,,210.6
2010,EU_SH_DTH_NCOM,DIABTS,F,,,,PER_100000_POP,,26.6
2023,EU_SH_DTH_NCOM,CNCR,F,,,,PER_100000_POP,,213.6
2014,EU_SH_DTH_NCOM,CARDIO,F,,,,PER_100000_POP,,257.0
2012,EU_SH_DTH_NCOM,NCOM,F,,,,PER_100000_POP,,554.2
2013,EU_SH_DTH_NCOM,CRESPD,F,,,,PER_100000_POP,,60.1
2017,EU_SH_DTH_NCOM,CNCR,F,,,,PER_100000_POP,,215.4
2015,EU_SH_DTH_NCOM,CRESPD,F,,,,PER_100000_POP,,68.2
2019,EU_SH_DTH_NCOM,CRESPD,F,,,,PER_100000_POP,,68.1
2023,EU_SH_DTH_NCOM,CRESPD,F,,,,PER_100000_POP,,51.7
2011,EU_SH_DTH_NCOM,CNCR,F,,,,PER_100000_POP,,209.7
2018,EU_SH_DTH_NCOM,CARDIO,F,,,,PER_100000_POP,,269.6
2010,EU_SH_DTH_NCOM,CRESPD,F,,,,PER_100000_POP,,52.5
2015,EU_SH_DTH_NCOM,NCOM,F,,,,PER_100000_POP,,586.7
2013,EU_SH_DTH_NCOM,DIABTS,F,,,,PER_100000_POP,,27.0
2023,EU_SH_DTH_NCOM,NCOM,F,,,,PER_100000_POP,,550.8
2021,EU_SH_DTH_NCOM,CRESPD,F,,,,PER_100000_POP,,43.8
2015,EU_SH_DTH_NCOM,DIABTS,F,,,,PER_100000_POP,,24.2
2018,EU_SH_DTH_NCOM,CRESPD,F,,,,PER_100000_POP,,75.0
2022,EU_SH_DTH_NCOM,CRESPD,F,,,,PER_100000_POP,,50.0
2023,EU_SH_DTH_NCOM,DIABTS,F,,,,PER_100000_POP,,23.5
2018,EU_SH_DTH_NCOM,DIABTS,F,,,,PER_100000_POP,,22.2
2021,EU_SH_DTH_NCOM,CARDIO,F,,,,PER_100000_POP,,279.1
2010,EU_SH_DTH_NCOM,NCOM,F,,,,PER_100000_POP,,536.9
2011,EU_SH_DTH_NCOM,CARDIO,F,,,,PER_100000_POP,,265.1
2016,EU_SH_DTH_NCOM,CRESPD,F,,,,PER_100000_POP,,67.9
2019,EU_SH_DTH_NCOM,CNCR,F,,,,PER_100000_POP,,215.3
2013,EU_SH_DTH_NCOM,CARDIO,F,ES211,,,PER_100000_POP,ES211,214.9
2018,EU_SH_DTH_NCOM,CRESPD,F,ES211,,,PER_100000_POP,ES211,62.1
2011,EU_SH_DTH_NCOM,CRESPD,F,ES211,,,PER_100000_POP,ES211,42.3
2016,EU_SH_DTH_NCOM,CRESPD,F,ES211,,,PER_100000_POP,ES211,58.7
2010,EU_SH_DTH_NCOM,NCOM,F,ES211,,,PER_100000_POP,ES211,453.1
2019,EU_SH_DTH_NCOM,CRESPD,F,ES211,,,PER_100000_POP,ES211,64.0
2014,EU_SH_DTH_NCOM,DIABTS,F,ES211,,,PER_100000_POP,ES211,14.8
2020,EU_SH_DTH_NCOM,CRESPD,F,ES211,,,PER_100000_POP,ES211,48.8
2012,EU_SH_DTH_NCOM,NCOM,F,ES211,,,PER_100000_POP,ES211,454.1
2016,EU_SH_DTH_NCOM,NCOM,F,ES211,,,PER_100000_POP,ES211,468.7
2021,EU_SH_DTH_NCOM,CRESPD,F,ES211,,,PER_100000_POP,ES211,37.5
2019,EU_SH_DTH_NCOM,DIABTS,F,ES211,,,PER_100000_POP,ES211,14.9
2013,EU_SH_DTH_NCOM,CRESPD,F,ES211,,,PER_100000_POP,ES211,57.6
2014,EU_SH_DTH_NCOM,CRESPD,F,ES211,,,PER_100000_POP,ES211,48.1
2017,EU_SH_DTH_NCOM,CRESPD,F,ES211,,,PER_100000_POP,ES211,61.3
2021,EU_SH_DTH_NCOM,CNCR,F,ES211,,,PER_100000_POP,ES211,202.8
2017,EU_SH_DTH_NCOM,NCOM,F,ES211,,,PER_100000_POP,ES211,500.8
2023,EU_SH_DTH_NCOM,CRESPD,F,ES211,,,PER_100000_POP,ES211,38.2
2022,EU_SH_DTH_NCOM,DIABTS,F,ES211,,,PER_100000_POP,ES211,17.7
2012,EU_SH_DTH_NCOM,DIABTS,F,ES211,,,PER_100000_POP,ES211,19.2
2016,EU_SH_DTH_NCOM,DIABTS,F,ES211,,,PER_100000_POP,ES211,18.9
2013,EU_SH_DTH_NCOM,DIABTS,F,ES211,,,PER_100000_POP,ES211,19.8
2010,EU_SH_DTH_NCOM,DIABTS,F,ES211,,,PER_100000_POP,ES211,28.2
2022,EU_SH_DTH_NCOM,CNCR,F,ES211,,,PER_100000_POP,ES211,208.2
2011,EU_SH_DTH_NCOM,NCOM,F,ES211,,,PER_100000_POP,ES211,453.0
2023,EU_SH_DTH_NCOM,CARDIO,F,ES211,,,PER_100000_POP,ES211,247.0
2022,EU_SH_DTH_NCOM,CARDIO,F,ES211,,,PER_100000_POP,ES211,224.8
2020,EU_SH_DTH_NCOM,CARDIO,F,ES211,,,PER_100000_POP,ES211,180.4
2021,EU_SH_DTH_NCOM,CARDIO,F,ES211,,,PER_100000_POP,ES211,201.6
2020,EU_SH_DTH_NCOM,DIABTS,F,ES211,,,PER_100000_POP,ES211,19.1
2018,EU_SH_DTH_NCOM,DIABTS,F,ES211,,,PER_100000_POP,ES211,20.5
2015,EU_SH_DTH_NCOM,NCOM,F,ES211,,,PER_100000_POP,ES211,526.7
2021,EU_SH_DTH_NCOM,NCOM,F,ES211,,,PER_100000_POP,ES211,464.5
2017,EU_SH_DTH_NCOM,DIABTS,F,ES211,,,PER_100000_POP,ES211,20.0
2018,EU_SH_DTH_NCOM,CARDIO,F,ES211,,,PER_100000_POP,ES211,197.6
2017,EU_SH_DTH_NCOM,CARDIO,F,ES211,,,PER_100000_POP,ES211,213.1
2018,EU_SH_DTH_NCOM,NCOM,F,ES211,,,PER_100000_POP,ES211,448.8
2015,EU_SH_DTH_NCOM,DIABTS,F,ES211,,,PER_100000_POP,ES211,22.1
2020,EU_SH_DTH_NCOM,NCOM,F,ES211,,,PER_100000_POP,ES211,426.3
2016,EU_SH_DTH_NCOM,CARDIO,F,ES211,,,PER_100000_POP,ES211,213.9
2013,EU_SH_DTH_NCOM,NCOM,F,ES211,,,PER_100000_POP,ES211,470.1
2015,EU_SH_DTH_NCOM,CARDIO,F,ES211,,,PER_100000_POP,ES211,224.7
2017,EU_SH_DTH_NCOM,CNCR,F,ES211,,,PER_100000_POP,ES211,206.4
2023,EU_SH_DTH_NCOM,CNCR,F,ES211,,,PER_100000_POP,ES211,191.7
2014,EU_SH_DTH_NCOM,CARDIO,F,ES211,,,PER_100000_POP,ES211,196.1
2018,EU_SH_DTH_NCOM,CNCR,F,ES211,,,PER_100000_POP,ES211,168.7
2012,EU_SH_DTH_NCOM,CNCR,F,ES211,,,PER_100000_POP,ES211,161.7
2015,EU_SH_DTH_NCOM,CNCR,F,ES211,,,PER_100000_POP,ES211,220.4
2011,EU_SH_DTH_NCOM,CARDIO,F,ES211,,,PER_100000_POP,ES211,207.2
2019,EU_SH_DTH_NCOM,CNCR,F,ES211,,,PER_100000_POP,ES211,187.7
2011,EU_SH_DTH_NCOM,CNCR,F,ES211,,,PER_100000_POP,ES211,174.2
2010,EU_SH_DTH_NCOM,CARDIO,F,ES211,,,PER_100000_POP,ES211,224.0
2014,EU_SH_DTH_NCOM,CNCR,F,ES211,,,PER_100000_POP,ES211,178.9
2023,EU_SH_DTH_NCOM,NCOM,F,ES211,,,PER_100000_POP,ES211,496.3
2011,EU_SH_DTH_NCOM,DIABTS,F,ES211,,,PER_100000_POP,ES211,29.2
2019,EU_SH_DTH_NCOM,NCOM,F,ES211,,,PER_100000_POP,ES211,471.7
2020,EU_SH_DTH_NCOM,CNCR,F,ES211,,,PER_100000_POP,ES211,178.0
2010,EU_SH_DTH_NCOM,CNCR,F,ES211,,,PER_100000_POP,ES211,160.0
2022,EU_SH_DTH_NCOM,NCOM,F,ES211,,,PER_100000_POP,ES211,498.7
2012,EU_SH_DTH_NCOM,CARDIO,F,ES211,,,PER_100000_POP,ES211,227.4
2013,EU_SH_DTH_NCOM,CNCR,F,ES211,,,PER_100000_POP,ES211,177.8
2015,EU_SH_DTH_NCOM,CRESPD,F,ES211,,,PER_100000_POP,ES211,59.5
2022,EU_SH_DTH_NCOM,CRESPD,F,ES211,,,PER_100000_POP,ES211,47.9
2016,EU_SH_DTH_NCOM,CNCR,F,ES211,,,PER_100000_POP,ES211,177.2
2019,EU_SH_DTH_NCOM,CARDIO,F,ES211,,,PER_100000_POP,ES211,205.0
2014,EU_SH_DTH_NCOM,NCOM,F,ES211,,,PER_100000_POP,ES211,437.9
2010,EU_SH_DTH_NCOM,CRESPD,F,ES211,,,PER_100000_POP,ES211,40.8
2021,EU_SH_DTH_NCOM,DIABTS,F,ES211,,,PER_100000_POP,ES211,22.6
2012,EU_SH_DTH_NCOM,CRESPD,F,ES211,,,PER_100000_POP,ES211,45.8
2023,EU_SH_DTH_NCOM,DIABTS,F,ES211,,,PER_100000_POP,ES211,19.4
2013,EU_SH_DTH_NCOM,DIABTS,F,ES213,,,PER_100000_POP,ES213,28.5
2012,EU_SH_DTH_NCOM,CRESPD,F,ES213,,,PER_100000_POP,ES213,60.0
2016,EU_SH_DTH_NCOM,CARDIO,F,ES213,,,PER_100000_POP,ES213,295.8
2019,EU_SH_DTH_NCOM,DIABTS,F,ES213,,,PER_100000_POP,ES213,26.1
2023,EU_SH_DTH_NCOM,CARDIO,F,ES213,,,PER_100000_POP,ES213,258.7
2021,EU_SH_DTH_NCOM,DIABTS,F,ES213,,,PER_100000_POP,ES213,25.7
2023,EU_SH_DTH_NCOM,CRESPD,F,ES213,,,PER_100000_POP,ES213,53.2
2018,EU_SH_DTH_NCOM,CRESPD,F,ES213,,,PER_100000_POP,ES213,80.8
2022,EU_SH_DTH_NCOM,CNCR,F,ES213,,,PER_100000_POP,ES213,245.7
2019,EU_SH_DTH_NCOM,CRESPD,F,ES213,,,PER_100000_POP,ES213,71.1
2021,EU_SH_DTH_NCOM,NCOM,F,ES213,,,PER_100000_POP,ES213,591.7
2020,EU_SH_DTH_NCOM,CNCR,F,ES213,,,PER_100000_POP,ES213,225.3
2011,EU_SH_DTH_NCOM,CRESPD,F,ES213,,,PER_100000_POP,ES213,53.3
2023,EU_SH_DTH_NCOM,CNCR,F,ES213,,,PER_100000_POP,ES213,222.4
2016,EU_SH_DTH_NCOM,CNCR,F,ES213,,,PER_100000_POP,ES213,234.5
2020,EU_SH_DTH_NCOM,CRESPD,F,ES213,,,PER_100000_POP,ES213,51.6
2014,EU_SH_DTH_NCOM,CNCR,F,ES213,,,PER_100000_POP,ES213,231.8
2012,EU_SH_DTH_NCOM,CNCR,F,ES213,,,PER_100000_POP,ES213,205.2
2015,EU_SH_DTH_NCOM,CNCR,F,ES213,,,PER_100000_POP,ES213,220.2
2017,EU_SH_DTH_NCOM,DIABTS,F,ES213,,,PER_100000_POP,ES213,19.1
2018,EU_SH_DTH_NCOM,CNCR,F,ES213,,,PER_100000_POP,ES213,224.1
2022,EU_SH_DTH_NCOM,DIABTS,F,ES213,,,PER_100000_POP,ES213,23.6
2011,EU_SH_DTH_NCOM,CNCR,F,ES213,,,PER_100000_POP,ES213,222.7
2023,EU_SH_DTH_NCOM,NCOM,F,ES213,,,PER_100000_POP,ES213,556.6
2015,EU_SH_DTH_NCOM,CRESPD,F,ES213,,,PER_100000_POP,ES213,72.3
2016,EU_SH_DTH_NCOM,CRESPD,F,ES213,,,PER_100000_POP,ES213,68.6
2014,EU_SH_DTH_NCOM,CRESPD,F,ES213,,,PER_100000_POP,ES213,57.8
2022,EU_SH_DTH_NCOM,CRESPD,F,ES213,,,PER_100000_POP,ES213,52.3
2022,EU_SH_DTH_NCOM,CARDIO,F,ES213,,,PER_100000_POP,ES213,285.4
2013,EU_SH_DTH_NCOM,CNCR,F,ES213,,,PER_100000_POP,ES213,206.0
2011,EU_SH_DTH_NCOM,NCOM,F,ES213,,,PER_100000_POP,ES213,583.9
2019,EU_SH_DTH_NCOM,CNCR,F,ES213,,,PER_100000_POP,ES213,226.5
2015,EU_SH_DTH_NCOM,NCOM,F,ES213,,,PER_100000_POP,ES213,619.1
2021,EU_SH_DTH_NCOM,CRESPD,F,ES213,,,PER_100000_POP,ES213,46.9
2019,EU_SH_DTH_NCOM,NCOM,F,ES213,,,PER_100000_POP,ES213,601.9
2014,EU_SH_DTH_NCOM,NCOM,F,ES213,,,PER_100000_POP,ES213,605.0
2013,EU_SH_DTH_NCOM,NCOM,F,ES213,,,PER_100000_POP,ES213,564.5
2010,EU_SH_DTH_NCOM,CNCR,F,ES213,,,PER_100000_POP,ES213,209.0
2010,EU_SH_DTH_NCOM,CRESPD,F,ES213,,,PER_100000_POP,ES213,51.0
2015,EU_SH_DTH_NCOM,CARDIO,F,ES213,,,PER_100000_POP,ES213,300.9
2021,EU_SH_DTH_NCOM,CNCR,F,ES213,,,PER_100000_POP,ES213,229.8
2017,EU_SH_DTH_NCOM,NCOM,F,ES213,,,PER_100000_POP,ES213,614.1
2012,EU_SH_DTH_NCOM,NCOM,F,ES213,,,PER_100000_POP,ES213,587.6
2017,EU_SH_DTH_NCOM,CARDIO,F,ES213,,,PER_100000_POP,ES213,294.9
2013,EU_SH_DTH_NCOM,CRESPD,F,ES213,,,PER_100000_POP,ES213,61.8
2011,EU_SH_DTH_NCOM,CARDIO,F,ES213,,,PER_100000_POP,ES213,286.1
2014,EU_SH_DTH_NCOM,CARDIO,F,ES213,,,PER_100000_POP,ES213,289.9
2010,EU_SH_DTH_NCOM,CARDIO,F,ES213,,,PER_100000_POP,ES213,278.7
2013,EU_SH_DTH_NCOM,CARDIO,F,ES213,,,PER_100000_POP,ES213,268.2
2016,EU_SH_DTH_NCOM,NCOM,F,ES213,,,PER_100000_POP,ES213,620.9
2019,EU_SH_DTH_NCOM,CARDIO,F,ES213,,,PER_100000_POP,ES213,278.1
2022,EU_SH_DTH_NCOM,NCOM,F,ES213,,,PER_100000_POP,ES213,607.0
2021,EU_SH_DTH_NCOM,CARDIO,F,ES213,,,PER_100000_POP,ES213,289.4
2018,EU_SH_DTH_NCOM,NCOM,F,ES213,,,PER_100000_POP,ES213,620.5
2012,EU_SH_DTH_NCOM,CARDIO,F,ES213,,,PER_100000_POP,ES213,298.2
2018,EU_SH_DTH_NCOM,DIABTS,F,ES213,,,PER_100000_POP,ES213,22.6
2016,EU_SH_DTH_NCOM,DIABTS,F,ES213,,,PER_100000_POP,ES213,22.0
2014,EU_SH_DTH_NCOM,DIABTS,F,ES213,,,PER_100000_POP,ES213,25.5
2018,EU_SH_DTH_NCOM,CARDIO,F,ES213,,,PER_100000_POP,ES213,292.8
2017,EU_SH_DTH_NCOM,CRESPD,F,ES213,,,PER_100000_POP,ES213,81.7
2010,EU_SH_DTH_NCOM,DIABTS,F,ES213,,,PER_100000_POP,ES213,24.9
2015,EU_SH_DTH_NCOM,DIABTS,F,ES213,,,PER_100000_POP,ES213,25.7
2012,EU_SH_DTH_NCOM,DIABTS,F,ES213,,,PER_100000_POP,ES213,24.2
2023,EU_SH_DTH_NCOM,DIABTS,F,ES213,,,PER_100000_POP,ES213,22.4
2017,EU_SH_DTH_NCOM,CNCR,F,ES213,,,PER_100000_POP,ES213,218.5
2010,EU_SH_DTH_NCOM,NCOM,F,ES213,,,PER_100000_POP,ES213,563.5
2020,EU_SH_DTH_NCOM,NCOM,F,ES213,,,PER_100000_POP,ES213,594.9
2020,EU_SH_DTH_NCOM,CARDIO,F,ES213,,,PER_100000_POP,ES213,292.8
2011,EU_SH_DTH_NCOM,DIABTS,F,ES213,,,PER_100000_POP,ES213,21.8
2020,EU_SH_DTH_NCOM,DIABTS,F,ES213,,,PER_100000_POP,ES213,25.2
2010,EU_SH_DTH_NCOM,CNCR,F,ES212,,,PER_100000_POP,ES212,188.0
2012,EU_SH_DTH_NCOM,CRESPD,F,ES212,,,PER_100000_POP,ES212,68.0
2017,EU_SH_DTH_NCOM,NCOM,F,ES212,,,PER_100000_POP,ES212,565.7
2020,EU_SH_DTH_NCOM,CRESPD,F,ES212,,,PER_100000_POP,ES212,47.3
2010,EU_SH_DTH_NCOM,NCOM,F,ES212,,,PER_100000_POP,ES212,530.0
2010,EU_SH_DTH_NCOM,DIABTS,F,ES212,,,PER_100000_POP,ES212,28.8
2011,EU_SH_DTH_NCOM,CNCR,F,ES212,,,PER_100000_POP,ES212,203.9
2017,EU_SH_DTH_NCOM,CARDIO,F,ES212,,,PER_100000_POP,ES212,260.4
2016,EU_SH_DTH_NCOM,NCOM,F,ES212,,,PER_100000_POP,ES212,539.6
2011,EU_SH_DTH_NCOM,NCOM,F,ES212,,,PER_100000_POP,ES212,546.6
2020,EU_SH_DTH_NCOM,NCOM,F,ES212,,,PER_100000_POP,ES212,535.3
2013,EU_SH_DTH_NCOM,NCOM,F,ES212,,,PER_100000_POP,ES212,526.4
2011,EU_SH_DTH_NCOM,CRESPD,F,ES212,,,PER_100000_POP,ES212,59.6
2012,EU_SH_DTH_NCOM,NCOM,F,ES212,,,PER_100000_POP,ES212,543.8
2019,EU_SH_DTH_NCOM,CNCR,F,ES212,,,PER_100000_POP,ES212,209.8
2018,EU_SH_DTH_NCOM,CRESPD,F,ES212,,,PER_100000_POP,ES212,71.3
2019,EU_SH_DTH_NCOM,NCOM,F,ES212,,,PER_100000_POP,ES212,554.0
2015,EU_SH_DTH_NCOM,CNCR,F,ES212,,,PER_100000_POP,ES212,214.6
2018,EU_SH_DTH_NCOM,NCOM,F,ES212,,,PER_100000_POP,ES212,575.1
2011,EU_SH_DTH_NCOM,DIABTS,F,ES212,,,PER_100000_POP,ES212,26.7
2023,EU_SH_DTH_NCOM,CARDIO,F,ES212,,,PER_100000_POP,ES212,274.3
2018,EU_SH_DTH_NCOM,CARDIO,F,ES212,,,PER_100000_POP,ES212,264.5
2016,EU_SH_DTH_NCOM,CARDIO,F,ES212,,,PER_100000_POP,ES212,250.5
2023,EU_SH_DTH_NCOM,NCOM,F,ES212,,,PER_100000_POP,ES212,566.4
2022,EU_SH_DTH_NCOM,CARDIO,F,ES212,,,PER_100000_POP,ES212,274.6
2019,EU_SH_DTH_NCOM,CRESPD,F,ES212,,,PER_100000_POP,ES212,65.0
2014,EU_SH_DTH_NCOM,NCOM,F,ES212,,,PER_100000_POP,ES212,528.7
2021,EU_SH_DTH_NCOM,NCOM,F,ES212,,,PER_100000_POP,ES212,572.4
2012,EU_SH_DTH_NCOM,CARDIO,F,ES212,,,PER_100000_POP,ES212,259.8
2023,EU_SH_DTH_NCOM,CNCR,F,ES212,,,PER_100000_POP,ES212,209.5
2014,EU_SH_DTH_NCOM,CARDIO,F,ES212,,,PER_100000_POP,ES212,230.5
2015,EU_SH_DTH_NCOM,CARDIO,F,ES212,,,PER_100000_POP,ES212,258.1
2017,EU_SH_DTH_NCOM,DIABTS,F,ES212,,,PER_100000_POP,ES212,16.7
2010,EU_SH_DTH_NCOM,CARDIO,F,ES212,,,PER_100000_POP,ES212,253.0
2020,EU_SH_DTH_NCOM,CARDIO,F,ES212,,,PER_100000_POP,ES212,264.7
2012,EU_SH_DTH_NCOM,DIABTS,F,ES212,,,PER_100000_POP,ES212,26.6
2013,EU_SH_DTH_NCOM,CARDIO,F,ES212,,,PER_100000_POP,ES212,243.4
2022,EU_SH_DTH_NCOM,DIABTS,F,ES212,,,PER_100000_POP,ES212,23.7
2021,EU_SH_DTH_NCOM,DIABTS,F,ES212,,,PER_100000_POP,ES212,19.1
2017,EU_SH_DTH_NCOM,CRESPD,F,ES212,,,PER_100000_POP,ES212,74.0
2015,EU_SH_DTH_NCOM,CRESPD,F,ES212,,,PER_100000_POP,ES212,65.4
2018,EU_SH_DTH_NCOM,DIABTS,F,ES212,,,PER_100000_POP,ES212,22.4
2016,EU_SH_DTH_NCOM,DIABTS,F,ES212,,,PER_100000_POP,ES212,17.9
2013,EU_SH_DTH_NCOM,DIABTS,F,ES212,,,PER_100000_POP,ES212,27.7
2019,EU_SH_DTH_NCOM,CARDIO,F,ES212,,,PER_100000_POP,ES212,257.9
2023,EU_SH_DTH_NCOM,CRESPD,F,ES212,,,PER_100000_POP,ES212,55.6
2019,EU_SH_DTH_NCOM,DIABTS,F,ES212,,,PER_100000_POP,ES212,21.2
2015,EU_SH_DTH_NCOM,DIABTS,F,ES212,,,PER_100000_POP,ES212,22.6
2023,EU_SH_DTH_NCOM,DIABTS,F,ES212,,,PER_100000_POP,ES212,27.1
2011,EU_SH_DTH_NCOM,CARDIO,F,ES212,,,PER_100000_POP,ES212,256.3
2020,EU_SH_DTH_NCOM,DIABTS,F,ES212,,,PER_100000_POP,ES212,21.7
2022,EU_SH_DTH_NCOM,CNCR,F,ES212,,,PER_100000_POP,ES212,208.5
2014,EU_SH_DTH_NCOM,DIABTS,F,ES212,,,PER_100000_POP,ES212,20.7
2020,EU_SH_DTH_NCOM,CNCR,F,ES212,,,PER_100000_POP,ES212,201.6
2021,EU_SH_DTH_NCOM,CNCR,F,ES212,,,PER_100000_POP,ES212,213.6
2016,EU_SH_DTH_NCOM,CNCR,F,ES212,,,PER_100000_POP,ES212,200.2
2014,EU_SH_DTH_NCOM,CNCR,F,ES212,,,PER_100000_POP,ES212,208.7
2013,EU_SH_DTH_NCOM,CNCR,F,ES212,,,PER_100000_POP,ES212,196.9
2022,EU_SH_DTH_NCOM,NCOM,F,ES212,,,PER_100000_POP,ES212,553.8
2017,EU_SH_DTH_NCOM,CNCR,F,ES212,,,PER_100000_POP,ES212,214.6
2018,EU_SH_DTH_NCOM,CNCR,F,ES212,,,PER_100000_POP,ES212,216.9
2012,EU_SH_DTH_NCOM,CNCR,F,ES212,,,PER_100000_POP,ES212,189.3
2022,EU_SH_DTH_NCOM,CRESPD,F,ES212,,,PER_100000_POP,ES212,47.1
2021,EU_SH_DTH_NCOM,CRESPD,F,ES212,,,PER_100000_POP,ES212,41.7
2016,EU_SH_DTH_NCOM,CRESPD,F,ES212,,,PER_100000_POP,ES212,71.0
2014,EU_SH_DTH_NCOM,CRESPD,F,ES212,,,PER_100000_POP,ES212,68.8
2010,EU_SH_DTH_NCOM,CRESPD,F,ES212,,,PER_100000_POP,ES212,60.2
2013,EU_SH_DTH_NCOM,CRESPD,F,ES212,,,PER_100000_POP,ES212,58.4
2015,EU_SH_DTH_NCOM,NCOM,F,ES212,,,PER_100000_POP,ES212,560.7
2021,EU_SH_DTH_NCOM,CARDIO,F,ES212,,,PER_100000_POP,ES212,298.0
2015,EU_SH_DTH_NCOM,DIABTS,M,,,,PER_100000_POP,,20.2
2019,EU_SH_DTH_NCOM,NCOM,M,,,,PER_100000_POP,,699.3
2011,EU_SH_DTH_NCOM,CNCR,M,,,,PER_100000_POP,,351.9
2023,EU_SH_DTH_NCOM,DIABTS,M,,,,PER_100000_POP,,19.9
2018,EU_SH_DTH_NCOM,CARDIO,M,,,,PER_100000_POP,,260.1
2013,EU_SH_DTH_NCOM,DIABTS,M,,,,PER_100000_POP,,19.2
2020,EU_SH_DTH_NCOM,NCOM,M,,,,PER_100000_POP,,668.5
2015,EU_SH_DTH_NCOM,CARDIO,M,,,,PER_100000_POP,,256.4
2018,EU_SH_DTH_NCOM,CRESPD,M,,,,PER_100000_POP,,88.8
2014,EU_SH_DTH_NCOM,NCOM,M,,,,PER_100000_POP,,689.1
2020,EU_SH_DTH_NCOM,CNCR,M,,,,PER_100000_POP,,340.3
2020,EU_SH_DTH_NCOM,CRESPD,M,,,,PER_100000_POP,,62.6
2018,EU_SH_DTH_NCOM,CNCR,M,,,,PER_100000_POP,,353.9
2017,EU_SH_DTH_NCOM,CARDIO,M,,,,PER_100000_POP,,257.1
2019,EU_SH_DTH_NCOM,CRESPD,M,,,,PER_100000_POP,,85.6
2012,EU_SH_DTH_NCOM,CNCR,M,,,,PER_100000_POP,,355.1
2014,EU_SH_DTH_NCOM,CARDIO,M,,,,PER_100000_POP,,238.7
2021,EU_SH_DTH_NCOM,DIABTS,M,,,,PER_100000_POP,,18.7
2011,EU_SH_DTH_NCOM,CARDIO,M,,,,PER_100000_POP,,253.9
2011,EU_SH_DTH_NCOM,CRESPD,M,,,,PER_100000_POP,,77.6
2011,EU_SH_DTH_NCOM,DIABTS,M,,,,PER_100000_POP,,19.5
2017,EU_SH_DTH_NCOM,CRESPD,M,,,,PER_100000_POP,,89.9
2022,EU_SH_DTH_NCOM,DIABTS,M,,,,PER_100000_POP,,21.5
2019,EU_SH_DTH_NCOM,CARDIO,M,,,,PER_100000_POP,,251.5
2012,EU_SH_DTH_NCOM,CRESPD,M,,,,PER_100000_POP,,82.2
2023,EU_SH_DTH_NCOM,NCOM,M,,,,PER_100000_POP,,678.7
2012,EU_SH_DTH_NCOM,NCOM,M,,,,PER_100000_POP,,706.3
2017,EU_SH_DTH_NCOM,NCOM,M,,,,PER_100000_POP,,716.5
2010,EU_SH_DTH_NCOM,CARDIO,M,,,,PER_100000_POP,,260.1
2022,EU_SH_DTH_NCOM,NCOM,M,,,,PER_100000_POP,,681.6
2016,EU_SH_DTH_NCOM,CARDIO,M,,,,PER_100000_POP,,258.1
2018,EU_SH_DTH_NCOM,NCOM,M,,,,PER_100000_POP,,721.4
2015,EU_SH_DTH_NCOM,NCOM,M,,,,PER_100000_POP,,719.8
2021,EU_SH_DTH_NCOM,NCOM,M,,,,PER_100000_POP,,681.7
2010,EU_SH_DTH_NCOM,NCOM,M,,,,PER_100000_POP,,699.3
2014,EU_SH_DTH_NCOM,DIABTS,M,,,,PER_100000_POP,,17.6
2015,EU_SH_DTH_NCOM,CRESPD,M,,,,PER_100000_POP,,90.1
2011,EU_SH_DTH_NCOM,NCOM,M,,,,PER_100000_POP,,702.9
2016,EU_SH_DTH_NCOM,CRESPD,M,,,,PER_100000_POP,,85.2
2021,EU_SH_DTH_NCOM,CRESPD,M,,,,PER_100000_POP,,66.0
2023,EU_SH_DTH_NCOM,CARDIO,M,,,,PER_100000_POP,,251.8
2023,EU_SH_DTH_NCOM,CNCR,M,,,,PER_100000_POP,,340.0
2017,EU_SH_DTH_NCOM,CNCR,M,,,,PER_100000_POP,,353.3
2010,EU_SH_DTH_NCOM,CRESPD,M,,,,PER_100000_POP,,75.1
2010,EU_SH_DTH_NCOM,CNCR,M,,,,PER_100000_POP,,343.2
2013,EU_SH_DTH_NCOM,CNCR,M,,,,PER_100000_POP,,348.9
2012,EU_SH_DTH_NCOM,CARDIO,M,,,,PER_100000_POP,,249.9
2015,SH_DTH_NCOM,NCOM,M,,,,PT,,14.0
2016,EU_SH_DTH_NCOM,NCOM,M,,,,PER_100000_POP,,714.0
2020,EU_SH_DTH_NCOM,CARDIO,M,,,,PER_100000_POP,,243.3
2014,EU_SH_DTH_NCOM,CRESPD,M,,,,PER_100000_POP,,77.9
2021,EU_SH_DTH_NCOM,CARDIO,M,,,,PER_100000_POP,,260.7
2019,SH_DTH_NCOM,NCOM,M,,,,PT,,12.8
2015,EU_SH_DTH_NCOM,CNCR,M,,,,PER_100000_POP,,353.1
2019,EU_SH_DTH_NCOM,DIABTS,M,,,,PER_100000_POP,,18.4
2010,EU_SH_DTH_NCOM,DIABTS,M,,,,PER_100000_POP,,20.9
2020,EU_SH_DTH_NCOM,DIABTS,M,,,,PER_100000_POP,,22.3
2017,EU_SH_DTH_NCOM,DIABTS,M,,,,PER_100000_POP,,16.3
2014,EU_SH_DTH_NCOM,CNCR,M,,,,PER_100000_POP,,354.9
2023,EU_SH_DTH_NCOM,CRESPD,M,,,,PER_100000_POP,,67.0
2022,EU_SH_DTH_NCOM,CRESPD,M,,,,PER_100000_POP,,67.2
2022,EU_SH_DTH_NCOM,CNCR,M,,,,PER_100000_POP,,340.1
2013,EU_SH_DTH_NCOM,NCOM,M,,,,PER_100000_POP,,691.4
2010,SH_DTH_NCOM,NCOM,M,,,,PT,,15.4
2013,EU_SH_DTH_NCOM,CARDIO,M,,,,PER_100000_POP,,244.5
2013,EU_SH_DTH_NCOM,CRESPD,M,,,,PER_100000_POP,,78.8
2019,EU_SH_DTH_NCOM,CNCR,M,,,,PER_100000_POP,,343.8
2022,EU_SH_DTH_NCOM,CARDIO,M,,,,PER_100000_POP,,252.9
2021,EU_SH_DTH_NCOM,CNCR,M,,,,PER_100000_POP,,336.3
2016,EU_SH_DTH_NCOM,DIABTS,M,,,,PER_100000_POP,,18.7
2016,EU_SH_DTH_NCOM,CNCR,M,,,,PER_100000_POP,,352.1
2018,EU_SH_DTH_NCOM,DIABTS,M,,,,PER_100000_POP,,18.7
2012,EU_SH_DTH_NCOM,DIABTS,M,,,,PER_100000_POP,,19.1
2015,EU_SH_DTH_NCOM,CRESPD,M,ES211,,,PER_100000_POP,ES211,79.2
2010,EU_SH_DTH_NCOM,CRESPD,M,ES211,,,PER_100000_POP,ES211,70.0
2023,EU_SH_DTH_NCOM,NCOM,M,ES211,,,PER_100000_POP,ES211,595.0
2019,EU_SH_DTH_NCOM,CRESPD,M,ES211,,,PER_100000_POP,ES211,92.1
2013,EU_SH_DTH_NCOM,CRESPD,M,ES211,,,PER_100000_POP,ES211,85.7
2014,EU_SH_DTH_NCOM,CNCR,M,ES211,,,PER_100000_POP,ES211,291.0
2019,EU_SH_DTH_NCOM,CARDIO,M,ES211,,,PER_100000_POP,ES211,203.3
2021,EU_SH_DTH_NCOM,CRESPD,M,ES211,,,PER_100000_POP,ES211,53.0
2018,EU_SH_DTH_NCOM,CNCR,M,ES211,,,PER_100000_POP,ES211,319.7
2023,EU_SH_DTH_NCOM,CNCR,M,ES211,,,PER_100000_POP,ES211,292.9
2023,EU_SH_DTH_NCOM,CRESPD,M,ES211,,,PER_100000_POP,ES211,65.3
2013,EU_SH_DTH_NCOM,NCOM,M,ES211,,,PER_100000_POP,ES211,624.5
2016,EU_SH_DTH_NCOM,NCOM,M,ES211,,,PER_100000_POP,ES211,641.5
2020,EU_SH_DTH_NCOM,CNCR,M,ES211,,,PER_100000_POP,ES211,271.8
2012,EU_SH_DTH_NCOM,CRESPD,M,ES211,,,PER_100000_POP,ES211,86.4
2013,EU_SH_DTH_NCOM,CNCR,M,ES211,,,PER_100000_POP,ES211,318.9
2014,EU_SH_DTH_NCOM,CRESPD,M,ES211,,,PER_100000_POP,ES211,67.4
2021,EU_SH_DTH_NCOM,CNCR,M,ES211,,,PER_100000_POP,ES211,300.1
2018,EU_SH_DTH_NCOM,NCOM,M,ES211,,,PER_100000_POP,ES211,630.8
2015,EU_SH_DTH_NCOM,NCOM,M,ES211,,,PER_100000_POP,ES211,622.7
2020,EU_SH_DTH_NCOM,NCOM,M,ES211,,,PER_100000_POP,ES211,559.6
2022,EU_SH_DTH_NCOM,CARDIO,M,ES211,,,PER_100000_POP,ES211,212.8
2022,EU_SH_DTH_NCOM,NCOM,M,ES211,,,PER_100000_POP,ES211,579.0
2017,EU_SH_DTH_NCOM,CRESPD,M,ES211,,,PER_100000_POP,ES211,76.3
2016,EU_SH_DTH_NCOM,CRESPD,M,ES211,,,PER_100000_POP,ES211,77.2
2020,EU_SH_DTH_NCOM,CARDIO,M,ES211,,,PER_100000_POP,ES211,200.9
2017,EU_SH_DTH_NCOM,NCOM,M,ES211,,,PER_100000_POP,ES211,636.3
2023,EU_SH_DTH_NCOM,DIABTS,M,ES211,,,PER_100000_POP,ES211,19.5
2011,EU_SH_DTH_NCOM,CARDIO,M,ES211,,,PER_100000_POP,ES211,195.5
2016,EU_SH_DTH_NCOM,CNCR,M,ES211,,,PER_100000_POP,ES211,325.8
2014,EU_SH_DTH_NCOM,CARDIO,M,ES211,,,PER_100000_POP,ES211,187.1
2018,EU_SH_DTH_NCOM,DIABTS,M,ES211,,,PER_100000_POP,ES211,13.7
2019,EU_SH_DTH_NCOM,DIABTS,M,ES211,,,PER_100000_POP,ES211,13.0
2020,EU_SH_DTH_NCOM,DIABTS,M,ES211,,,PER_100000_POP,ES211,19.7
2022,EU_SH_DTH_NCOM,CRESPD,M,ES211,,,PER_100000_POP,ES211,64.4
2011,EU_SH_DTH_NCOM,DIABTS,M,ES211,,,PER_100000_POP,ES211,15.7
2015,EU_SH_DTH_NCOM,DIABTS,M,ES211,,,PER_100000_POP,ES211,20.1
2018,EU_SH_DTH_NCOM,CARDIO,M,ES211,,,PER_100000_POP,ES211,221.5
2014,EU_SH_DTH_NCOM,DIABTS,M,ES211,,,PER_100000_POP,ES211,10.1
2017,EU_SH_DTH_NCOM,CNCR,M,ES211,,,PER_100000_POP,ES211,332.9
2023,EU_SH_DTH_NCOM,CARDIO,M,ES211,,,PER_100000_POP,ES211,217.2
2021,EU_SH_DTH_NCOM,DIABTS,M,ES211,,,PER_100000_POP,ES211,23.4
2013,EU_SH_DTH_NCOM,CARDIO,M,ES211,,,PER_100000_POP,ES211,197.2
2021,EU_SH_DTH_NCOM,NCOM,M,ES211,,,PER_100000_POP,ES211,610.6
2013,EU_SH_DTH_NCOM,DIABTS,M,ES211,,,PER_100000_POP,ES211,22.7
2010,EU_SH_DTH_NCOM,CARDIO,M,ES211,,,PER_100000_POP,ES211,208.2
2010,EU_SH_DTH_NCOM,DIABTS,M,ES211,,,PER_100000_POP,ES211,22.7
2017,EU_SH_DTH_NCOM,DIABTS,M,ES211,,,PER_100000_POP,ES211,13.8
2017,EU_SH_DTH_NCOM,CARDIO,M,ES211,,,PER_100000_POP,ES211,213.4
2010,EU_SH_DTH_NCOM,NCOM,M,ES211,,,PER_100000_POP,ES211,589.2
2011,EU_SH_DTH_NCOM,NCOM,M,ES211,,,PER_100000_POP,ES211,626.0
2012,EU_SH_DTH_NCOM,NCOM,M,ES211,,,PER_100000_POP,ES211,595.7
2019,EU_SH_DTH_NCOM,NCOM,M,ES211,,,PER_100000_POP,ES211,623.6
2012,EU_SH_DTH_NCOM,DIABTS,M,ES211,,,PER_100000_POP,ES211,19.4
2021,EU_SH_DTH_NCOM,CARDIO,M,ES211,,,PER_100000_POP,ES211,234.1
2022,EU_SH_DTH_NCOM,DIABTS,M,ES211,,,PER_100000_POP,ES211,21.5
2014,EU_SH_DTH_NCOM,NCOM,M,ES211,,,PER_100000_POP,ES211,555.5
2012,EU_SH_DTH_NCOM,CNCR,M,ES211,,,PER_100000_POP,ES211,303.2
2010,EU_SH_DTH_NCOM,CNCR,M,ES211,,,PER_100000_POP,ES211,288.3
2011,EU_SH_DTH_NCOM,CNCR,M,ES211,,,PER_100000_POP,ES211,342.1
2015,EU_SH_DTH_NCOM,CARDIO,M,ES211,,,PER_100000_POP,ES211,215.5
2022,EU_SH_DTH_NCOM,CNCR,M,ES211,,,PER_100000_POP,ES211,280.3
2020,EU_SH_DTH_NCOM,CRESPD,M,ES211,,,PER_100000_POP,ES211,67.2
2019,EU_SH_DTH_NCOM,CNCR,M,ES211,,,PER_100000_POP,ES211,315.2
2016,EU_SH_DTH_NCOM,CARDIO,M,ES211,,,PER_100000_POP,ES211,222.8
2016,EU_SH_DTH_NCOM,DIABTS,M,ES211,,,PER_100000_POP,ES211,15.7
2015,EU_SH_DTH_NCOM,CNCR,M,ES211,,,PER_100000_POP,ES211,307.9
2018,EU_SH_DTH_NCOM,CRESPD,M,ES211,,,PER_100000_POP,ES211,75.9
2012,EU_SH_DTH_NCOM,CARDIO,M,ES211,,,PER_100000_POP,ES211,186.7
2011,EU_SH_DTH_NCOM,CRESPD,M,ES211,,,PER_100000_POP,ES211,72.7
2016,EU_SH_DTH_NCOM,CARDIO,M,ES213,,,PER_100000_POP,ES213,274.0
2015,EU_SH_DTH_NCOM,CNCR,M,ES213,,,PER_100000_POP,ES213,377.0
2014,EU_SH_DTH_NCOM,CRESPD,M,ES213,,,PER_100000_POP,ES213,80.8
2015,EU_SH_DTH_NCOM,DIABTS,M,ES213,,,PER_100000_POP,ES213,21.7
2023,EU_SH_DTH_NCOM,DIABTS,M,ES213,,,PER_100000_POP,ES213,17.6
2013,EU_SH_DTH_NCOM,NCOM,M,ES213,,,PER_100000_POP,ES213,725.7
2011,EU_SH_DTH_NCOM,CARDIO,M,ES213,,,PER_100000_POP,ES213,277.8
2010,EU_SH_DTH_NCOM,CARDIO,M,ES213,,,PER_100000_POP,ES213,282.5
2022,EU_SH_DTH_NCOM,CNCR,M,ES213,,,PER_100000_POP,ES213,361.8
2023,EU_SH_DTH_NCOM,CNCR,M,ES213,,,PER_100000_POP,ES213,347.0
2019,EU_SH_DTH_NCOM,CNCR,M,ES213,,,PER_100000_POP,ES213,374.8
2014,EU_SH_DTH_NCOM,CNCR,M,ES213,,,PER_100000_POP,ES213,380.3
2017,EU_SH_DTH_NCOM,CNCR,M,ES213,,,PER_100000_POP,ES213,369.6
2010,EU_SH_DTH_NCOM,CNCR,M,ES213,,,PER_100000_POP,ES213,371.3
2012,EU_SH_DTH_NCOM,CARDIO,M,ES213,,,PER_100000_POP,ES213,272.5
2021,EU_SH_DTH_NCOM,DIABTS,M,ES213,,,PER_100000_POP,ES213,18.2
2022,EU_SH_DTH_NCOM,CRESPD,M,ES213,,,PER_100000_POP,ES213,71.0
2018,EU_SH_DTH_NCOM,CNCR,M,ES213,,,PER_100000_POP,ES213,368.8
2013,EU_SH_DTH_NCOM,CARDIO,M,ES213,,,PER_100000_POP,ES213,257.5
2021,EU_SH_DTH_NCOM,CNCR,M,ES213,,,PER_100000_POP,ES213,359.0
2018,EU_SH_DTH_NCOM,CRESPD,M,ES213,,,PER_100000_POP,ES213,97.9
2012,EU_SH_DTH_NCOM,CRESPD,M,ES213,,,PER_100000_POP,ES213,86.7
2016,EU_SH_DTH_NCOM,CNCR,M,ES213,,,PER_100000_POP,ES213,378.1
2015,EU_SH_DTH_NCOM,CRESPD,M,ES213,,,PER_100000_POP,ES213,96.3
2010,EU_SH_DTH_NCOM,CRESPD,M,ES213,,,PER_100000_POP,ES213,78.0
2020,EU_SH_DTH_NCOM,CRESPD,M,ES213,,,PER_100000_POP,ES213,63.3
2011,EU_SH_DTH_NCOM,CNCR,M,ES213,,,PER_100000_POP,ES213,364.9
2013,EU_SH_DTH_NCOM,DIABTS,M,ES213,,,PER_100000_POP,ES213,15.9
2011,EU_SH_DTH_NCOM,CRESPD,M,ES213,,,PER_100000_POP,ES213,82.4
2020,EU_SH_DTH_NCOM,NCOM,M,ES213,,,PER_100000_POP,ES213,711.4
2023,EU_SH_DTH_NCOM,CRESPD,M,ES213,,,PER_100000_POP,ES213,70.8
2021,EU_SH_DTH_NCOM,CRESPD,M,ES213,,,PER_100000_POP,ES213,69.7
2019,EU_SH_DTH_NCOM,CRESPD,M,ES213,,,PER_100000_POP,ES213,87.8
2012,EU_SH_DTH_NCOM,NCOM,M,ES213,,,PER_100000_POP,ES213,757.3
2019,EU_SH_DTH_NCOM,NCOM,M,ES213,,,PER_100000_POP,ES213,757.1
2015,EU_SH_DTH_NCOM,NCOM,M,ES213,,,PER_100000_POP,ES213,780.4
2011,EU_SH_DTH_NCOM,NCOM,M,ES213,,,PER_100000_POP,ES213,747.2
2016,EU_SH_DTH_NCOM,NCOM,M,ES213,,,PER_100000_POP,ES213,762.8
2017,EU_SH_DTH_NCOM,NCOM,M,ES213,,,PER_100000_POP,ES213,759.5
2017,EU_SH_DTH_NCOM,DIABTS,M,ES213,,,PER_100000_POP,ES213,16.8
2020,EU_SH_DTH_NCOM,CNCR,M,ES213,,,PER_100000_POP,ES213,364.7
2010,EU_SH_DTH_NCOM,NCOM,M,ES213,,,PER_100000_POP,ES213,750.8
2023,EU_SH_DTH_NCOM,NCOM,M,ES213,,,PER_100000_POP,ES213,695.5
2013,EU_SH_DTH_NCOM,CNCR,M,ES213,,,PER_100000_POP,ES213,371.4
2016,EU_SH_DTH_NCOM,CRESPD,M,ES213,,,PER_100000_POP,ES213,91.3
2014,EU_SH_DTH_NCOM,NCOM,M,ES213,,,PER_100000_POP,ES213,738.0
2020,EU_SH_DTH_NCOM,CARDIO,M,ES213,,,PER_100000_POP,ES213,259.9
2019,EU_SH_DTH_NCOM,CARDIO,M,ES213,,,PER_100000_POP,ES213,274.1
2018,EU_SH_DTH_NCOM,CARDIO,M,ES213,,,PER_100000_POP,ES213,282.4
2021,EU_SH_DTH_NCOM,NCOM,M,ES213,,,PER_100000_POP,ES213,708.7
2017,EU_SH_DTH_NCOM,CARDIO,M,ES213,,,PER_100000_POP,ES213,276.1
2022,EU_SH_DTH_NCOM,DIABTS,M,ES213,,,PER_100000_POP,ES213,19.5
2012,EU_SH_DTH_NCOM,CNCR,M,ES213,,,PER_100000_POP,ES213,378.8
2020,EU_SH_DTH_NCOM,DIABTS,M,ES213,,,PER_100000_POP,ES213,23.6
2018,EU_SH_DTH_NCOM,DIABTS,M,ES213,,,PER_100000_POP,ES213,18.0
2023,EU_SH_DTH_NCOM,CARDIO,M,ES213,,,PER_100000_POP,ES213,260.1
2015,EU_SH_DTH_NCOM,CARDIO,M,ES213,,,PER_100000_POP,ES213,285.4
2012,EU_SH_DTH_NCOM,DIABTS,M,ES213,,,PER_100000_POP,ES213,19.2
2013,EU_SH_DTH_NCOM,CRESPD,M,ES213,,,PER_100000_POP,ES213,80.9
2014,EU_SH_DTH_NCOM,CARDIO,M,ES213,,,PER_100000_POP,ES213,258.1
2021,EU_SH_DTH_NCOM,CARDIO,M,ES213,,,PER_100000_POP,ES213,261.8
2016,EU_SH_DTH_NCOM,DIABTS,M,ES213,,,PER_100000_POP,ES213,19.3
2017,EU_SH_DTH_NCOM,CRESPD,M,ES213,,,PER_100000_POP,ES213,97.0
2011,EU_SH_DTH_NCOM,DIABTS,M,ES213,,,PER_100000_POP,ES213,22.0
2014,EU_SH_DTH_NCOM,DIABTS,M,ES213,,,PER_100000_POP,ES213,18.9
2022,EU_SH_DTH_NCOM,NCOM,M,ES213,,,PER_100000_POP,ES213,716.3
2018,EU_SH_DTH_NCOM,NCOM,M,ES213,,,PER_100000_POP,ES213,767.2
2022,EU_SH_DTH_NCOM,CARDIO,M,ES213,,,PER_100000_POP,ES213,264.0
2010,EU_SH_DTH_NCOM,DIABTS,M,ES213,,,PER_100000_POP,ES213,19.0
2019,EU_SH_DTH_NCOM,DIABTS,M,ES213,,,PER_100000_POP,ES213,20.5
2023,EU_SH_DTH_NCOM,CRESPD,M,ES212,,,PER_100000_POP,ES212,61.9
2012,EU_SH_DTH_NCOM,CRESPD,M,ES212,,,PER_100000_POP,ES212,73.0
2020,EU_SH_DTH_NCOM,CRESPD,M,ES212,,,PER_100000_POP,ES212,59.4
2013,EU_SH_DTH_NCOM,CRESPD,M,ES212,,,PER_100000_POP,ES212,72.3
2017,EU_SH_DTH_NCOM,CARDIO,M,ES212,,,PER_100000_POP,ES212,247.2
2020,EU_SH_DTH_NCOM,NCOM,M,ES212,,,PER_100000_POP,ES212,651.5
2016,EU_SH_DTH_NCOM,NCOM,M,ES212,,,PER_100000_POP,ES212,670.5
2017,EU_SH_DTH_NCOM,NCOM,M,ES212,,,PER_100000_POP,ES212,685.7
2017,EU_SH_DTH_NCOM,CRESPD,M,ES212,,,PER_100000_POP,ES212,84.9
2011,EU_SH_DTH_NCOM,CNCR,M,ES212,,,PER_100000_POP,ES212,335.3
2021,EU_SH_DTH_NCOM,NCOM,M,ES212,,,PER_100000_POP,ES212,672.4
2012,EU_SH_DTH_NCOM,NCOM,M,ES212,,,PER_100000_POP,ES212,675.4
2022,EU_SH_DTH_NCOM,NCOM,M,ES212,,,PER_100000_POP,ES212,675.0
2013,EU_SH_DTH_NCOM,NCOM,M,ES212,,,PER_100000_POP,ES212,667.2
2014,EU_SH_DTH_NCOM,CARDIO,M,ES212,,,PER_100000_POP,ES212,231.4
2014,EU_SH_DTH_NCOM,NCOM,M,ES212,,,PER_100000_POP,ES212,672.6
2017,EU_SH_DTH_NCOM,CNCR,M,ES212,,,PER_100000_POP,ES212,337.0
2016,EU_SH_DTH_NCOM,CARDIO,M,ES212,,,PER_100000_POP,ES212,249.1
2015,EU_SH_DTH_NCOM,NCOM,M,ES212,,,PER_100000_POP,ES212,668.6
2016,EU_SH_DTH_NCOM,CRESPD,M,ES212,,,PER_100000_POP,ES212,79.3
2023,EU_SH_DTH_NCOM,NCOM,M,ES212,,,PER_100000_POP,ES212,691.4
2015,EU_SH_DTH_NCOM,CRESPD,M,ES212,,,PER_100000_POP,ES212,85.4
2011,EU_SH_DTH_NCOM,NCOM,M,ES212,,,PER_100000_POP,ES212,666.9
2019,EU_SH_DTH_NCOM,NCOM,M,ES212,,,PER_100000_POP,ES212,643.3
2011,EU_SH_DTH_NCOM,CRESPD,M,ES212,,,PER_100000_POP,ES212,72.1
2022,EU_SH_DTH_NCOM,DIABTS,M,ES212,,,PER_100000_POP,ES212,24.5
2013,EU_SH_DTH_NCOM,CNCR,M,ES212,,,PER_100000_POP,ES212,326.7
2020,EU_SH_DTH_NCOM,DIABTS,M,ES212,,,PER_100000_POP,ES212,21.6
2021,EU_SH_DTH_NCOM,DIABTS,M,ES212,,,PER_100000_POP,ES212,17.4
2012,EU_SH_DTH_NCOM,CNCR,M,ES212,,,PER_100000_POP,ES212,340.9
2021,EU_SH_DTH_NCOM,CNCR,M,ES212,,,PER_100000_POP,ES212,317.7
2018,EU_SH_DTH_NCOM,NCOM,M,ES212,,,PER_100000_POP,ES212,691.1
2013,EU_SH_DTH_NCOM,CARDIO,M,ES212,,,PER_100000_POP,ES212,245.4
2013,EU_SH_DTH_NCOM,DIABTS,M,ES212,,,PER_100000_POP,ES212,22.8
2010,EU_SH_DTH_NCOM,NCOM,M,ES212,,,PER_100000_POP,ES212,666.4
2019,EU_SH_DTH_NCOM,CRESPD,M,ES212,,,PER_100000_POP,ES212,79.1
2010,EU_SH_DTH_NCOM,CRESPD,M,ES212,,,PER_100000_POP,ES212,72.6
2020,EU_SH_DTH_NCOM,CNCR,M,ES212,,,PER_100000_POP,ES212,333.5
2015,EU_SH_DTH_NCOM,CARDIO,M,ES212,,,PER_100000_POP,ES212,229.2
2018,EU_SH_DTH_NCOM,DIABTS,M,ES212,,,PER_100000_POP,ES212,22.0
2021,EU_SH_DTH_NCOM,CARDIO,M,ES212,,,PER_100000_POP,ES212,271.2
2016,EU_SH_DTH_NCOM,DIABTS,M,ES212,,,PER_100000_POP,ES212,19.0
2014,EU_SH_DTH_NCOM,DIABTS,M,ES212,,,PER_100000_POP,ES212,19.0
2012,EU_SH_DTH_NCOM,DIABTS,M,ES212,,,PER_100000_POP,ES212,18.8
2012,EU_SH_DTH_NCOM,CARDIO,M,ES212,,,PER_100000_POP,ES212,242.7
2010,EU_SH_DTH_NCOM,CARDIO,M,ES212,,,PER_100000_POP,ES212,247.5
2011,EU_SH_DTH_NCOM,DIABTS,M,ES212,,,PER_100000_POP,ES212,17.1
2019,EU_SH_DTH_NCOM,DIABTS,M,ES212,,,PER_100000_POP,ES212,17.6
2023,EU_SH_DTH_NCOM,DIABTS,M,ES212,,,PER_100000_POP,ES212,23.6
2017,EU_SH_DTH_NCOM,DIABTS,M,ES212,,,PER_100000_POP,ES212,16.6
2022,EU_SH_DTH_NCOM,CARDIO,M,ES212,,,PER_100000_POP,ES212,254.1
2011,EU_SH_DTH_NCOM,CARDIO,M,ES212,,,PER_100000_POP,ES212,242.4
2015,EU_SH_DTH_NCOM,DIABTS,M,ES212,,,PER_100000_POP,ES212,17.8
2022,EU_SH_DTH_NCOM,CNCR,M,ES212,,,PER_100000_POP,ES212,333.9
2018,EU_SH_DTH_NCOM,CNCR,M,ES212,,,PER_100000_POP,ES212,346.0
2014,EU_SH_DTH_NCOM,CNCR,M,ES212,,,PER_100000_POP,ES212,343.9
2018,EU_SH_DTH_NCOM,CARDIO,M,ES212,,,PER_100000_POP,ES212,242.8
2010,EU_SH_DTH_NCOM,DIABTS,M,ES212,,,PER_100000_POP,ES212,23.2
2023,EU_SH_DTH_NCOM,CARDIO,M,ES212,,,PER_100000_POP,ES212,254.9
2020,EU_SH_DTH_NCOM,CARDIO,M,ES212,,,PER_100000_POP,ES212,236.9
2010,EU_SH_DTH_NCOM,CNCR,M,ES212,,,PER_100000_POP,ES212,323.0
2023,EU_SH_DTH_NCOM,CNCR,M,ES212,,,PER_100000_POP,ES212,350.9
2018,EU_SH_DTH_NCOM,CRESPD,M,ES212,,,PER_100000_POP,ES212,80.4
2019,EU_SH_DTH_NCOM,CARDIO,M,ES212,,,PER_100000_POP,ES212,238.3
2015,EU_SH_DTH_NCOM,CNCR,M,ES212,,,PER_100000_POP,ES212,336.2
2016,EU_SH_DTH_NCOM,CNCR,M,ES212,,,PER_100000_POP,ES212,323.2
2019,EU_SH_DTH_NCOM,CNCR,M,ES212,,,PER_100000_POP,ES212,308.3
2014,EU_SH_DTH_NCOM,CRESPD,M,ES212,,,PER_100000_POP,ES212,78.3
2021,EU_SH_DTH_NCOM,CRESPD,M,ES212,,,PER_100000_POP,ES212,66.2
2022,EU_SH_DTH_NCOM,CRESPD,M,ES212,,,PER_100000_POP,ES212,62.5
