Year,Series,Sexo,Edad,Territorio,Units,Value
2022,SE_ADT_EDUCTRN,,Y15T24,,PT,79.3
2024,SE_ADT_EDUCTRN,,Y15T24,,PT,80.6
2015,SE_ADT_EDUCTRN,,Y15T24,,PT,83.0
2019,SE_ADT_EDUCTRN,,Y15T24,,PT,81.3
2012,SE_ADT_EDUCTRN,,Y15T24,,PT,75.7
2023,SE_ADT_EDUCTRN,,Y15T24,,PT,80.0
2014,SE_ADT_EDUCTRN,,Y15T24,,PT,79.3
2011,SE_ADT_EDUCTRN,,Y15T24,,PT,72.2
2010,SE_ADT_EDUCTRN,,Y15T24,,PT,71.9
2020,SE_ADT_EDUCTRN,,Y15T24,,PT,80.5
2016,SE_ADT_EDUCTRN,,Y15T24,,PT,81.3
2021,SE_ADT_EDUCTRN,,Y15T24,,PT,81.1
2013,SE_ADT_EDUCTRN,,Y15T24,,PT,75.3
2018,SE_ADT_EDUCTRN,,Y15T24,,PT,79.1
2017,SE_ADT_EDUCTRN,,Y15T24,,PT,79.2
2024,SE_ADT_EDUCTRN,,Y15T24,ES211,PT,80.2
2017,SE_ADT_EDUCTRN,,Y15T24,ES211,PT,76.6
2019,SE_ADT_EDUCTRN,,Y15T24,ES211,PT,81.7
2015,SE_ADT_EDUCTRN,,Y15T24,ES211,PT,81.3
2021,SE_ADT_EDUCTRN,,Y15T24,ES211,PT,79.4
2012,SE_ADT_EDUCTRN,,Y15T24,ES211,PT,71.7
2013,SE_ADT_EDUCTRN,,Y15T24,ES211,PT,76.5
2014,SE_ADT_EDUCTRN,,Y15T24,ES211,PT,80.9
2010,SE_ADT_EDUCTRN,,Y15T24,ES211,PT,69.2
2023,SE_ADT_EDUCTRN,,Y15T24,ES211,PT,76.9
2020,SE_ADT_EDUCTRN,,Y15T24,ES211,PT,78.1
2011,SE_ADT_EDUCTRN,,Y15T24,ES211,PT,68.0
2016,SE_ADT_EDUCTRN,,Y15T24,ES211,PT,80.8
2022,SE_ADT_EDUCTRN,,Y15T24,ES211,PT,79.3
2018,SE_ADT_EDUCTRN,,Y15T24,ES211,PT,76.2
2010,SE_ADT_EDUCTRN,,Y15T24,ES213,PT,71.3
2019,SE_ADT_EDUCTRN,,Y15T24,ES213,PT,81.7
2014,SE_ADT_EDUCTRN,,Y15T24,ES213,PT,79.7
2018,SE_ADT_EDUCTRN,,Y15T24,ES213,PT,79.5
2012,SE_ADT_EDUCTRN,,Y15T24,ES213,PT,77.7
2017,SE_ADT_EDUCTRN,,Y15T24,ES213,PT,81.5
2023,SE_ADT_EDUCTRN,,Y15T24,ES213,PT,81.4
2016,SE_ADT_EDUCTRN,,Y15T24,ES213,PT,82.2
2015,SE_ADT_EDUCTRN,,Y15T24,ES213,PT,84.6
2013,SE_ADT_EDUCTRN,,Y15T24,ES213,PT,76.7
2021,SE_ADT_EDUCTRN,,Y15T24,ES213,PT,82.2
2022,SE_ADT_EDUCTRN,,Y15T24,ES213,PT,80.0
2020,SE_ADT_EDUCTRN,,Y15T24,ES213,PT,80.3
2011,SE_ADT_EDUCTRN,,Y15T24,ES213,PT,72.8
2024,SE_ADT_EDUCTRN,,Y15T24,ES213,PT,81.0
2017,SE_ADT_EDUCTRN,,Y15T24,ES212,PT,76.8
2012,SE_ADT_EDUCTRN,,Y15T24,ES212,PT,74.5
2010,SE_ADT_EDUCTRN,,Y15T24,ES212,PT,74.2
2022,SE_ADT_EDUCTRN,,Y15T24,ES212,PT,78.3
2019,SE_ADT_EDUCTRN,,Y15T24,ES212,PT,80.5
2023,SE_ADT_EDUCTRN,,Y15T24,ES212,PT,79.3
2016,SE_ADT_EDUCTRN,,Y15T24,ES212,PT,80.1
2018,SE_ADT_EDUCTRN,,Y15T24,ES212,PT,79.8
2011,SE_ADT_EDUCTRN,,Y15T24,ES212,PT,73.1
2024,SE_ADT_EDUCTRN,,Y15T24,ES212,PT,80.2
2021,SE_ADT_EDUCTRN,,Y15T24,ES212,PT,80.3
2020,SE_ADT_EDUCTRN,,Y15T24,ES212,PT,81.7
2013,SE_ADT_EDUCTRN,,Y15T24,ES212,PT,72.6
2014,SE_ADT_EDUCTRN,,Y15T24,ES212,PT,77.9
2015,SE_ADT_EDUCTRN,,Y15T24,ES212,PT,81.2
2016,SE_ADT_EDUCTRN,,Y15T64,,PT,22.9
2019,SE_ADT_EDUCTRN,,Y15T64,,PT,20.4
2015,SE_ADT_EDUCTRN,,Y15T64,,PT,24.4
2011,SE_ADT_EDUCTRN,,Y15T64,,PT,11.8
2023,SE_ADT_EDUCTRN,,Y15T64,,PT,24.0
2021,SE_ADT_EDUCTRN,,Y15T64,,PT,23.0
2022,SE_ADT_EDUCTRN,,Y15T64,,PT,21.9
2014,SE_ADT_EDUCTRN,,Y15T64,,PT,20.7
2017,SE_ADT_EDUCTRN,,Y15T64,,PT,18.4
2020,SE_ADT_EDUCTRN,,Y15T64,,PT,20.8
2010,SE_ADT_EDUCTRN,,Y15T64,,PT,11.8
2012,SE_ADT_EDUCTRN,,Y15T64,,PT,12.3
2024,SE_ADT_EDUCTRN,,Y15T64,,PT,24.9
2013,SE_ADT_EDUCTRN,,Y15T64,,PT,17.9
2018,SE_ADT_EDUCTRN,,Y15T64,,PT,18.2
2011,SE_ADT_EDUCTRN,,Y15T64,ES211,PT,10.7
2015,SE_ADT_EDUCTRN,,Y15T64,ES211,PT,24.8
2013,SE_ADT_EDUCTRN,,Y15T64,ES211,PT,19.3
2023,SE_ADT_EDUCTRN,,Y15T64,ES211,PT,23.3
2018,SE_ADT_EDUCTRN,,Y15T64,ES211,PT,18.7
2021,SE_ADT_EDUCTRN,,Y15T64,ES211,PT,23.2
2014,SE_ADT_EDUCTRN,,Y15T64,ES211,PT,24.0
2012,SE_ADT_EDUCTRN,,Y15T64,ES211,PT,11.1
2024,SE_ADT_EDUCTRN,,Y15T64,ES211,PT,25.6
2022,SE_ADT_EDUCTRN,,Y15T64,ES211,PT,22.6
2019,SE_ADT_EDUCTRN,,Y15T64,ES211,PT,20.1
2010,SE_ADT_EDUCTRN,,Y15T64,ES211,PT,11.3
2016,SE_ADT_EDUCTRN,,Y15T64,ES211,PT,25.0
2020,SE_ADT_EDUCTRN,,Y15T64,ES211,PT,20.6
2017,SE_ADT_EDUCTRN,,Y15T64,ES211,PT,18.6
2013,SE_ADT_EDUCTRN,,Y15T64,ES213,PT,17.7
2014,SE_ADT_EDUCTRN,,Y15T64,ES213,PT,19.8
2012,SE_ADT_EDUCTRN,,Y15T64,ES213,PT,12.1
2017,SE_ADT_EDUCTRN,,Y15T64,ES213,PT,18.8
2015,SE_ADT_EDUCTRN,,Y15T64,ES213,PT,23.4
2011,SE_ADT_EDUCTRN,,Y15T64,ES213,PT,11.0
2024,SE_ADT_EDUCTRN,,Y15T64,ES213,PT,24.6
2021,SE_ADT_EDUCTRN,,Y15T64,ES213,PT,23.0
2016,SE_ADT_EDUCTRN,,Y15T64,ES213,PT,21.4
2020,SE_ADT_EDUCTRN,,Y15T64,ES213,PT,21.0
2019,SE_ADT_EDUCTRN,,Y15T64,ES213,PT,20.7
2022,SE_ADT_EDUCTRN,,Y15T64,ES213,PT,21.7
2010,SE_ADT_EDUCTRN,,Y15T64,ES213,PT,10.8
2023,SE_ADT_EDUCTRN,,Y15T64,ES213,PT,24.3
2018,SE_ADT_EDUCTRN,,Y15T64,ES213,PT,18.0
2016,SE_ADT_EDUCTRN,,Y15T64,ES212,PT,24.4
2023,SE_ADT_EDUCTRN,,Y15T64,ES212,PT,23.8
2018,SE_ADT_EDUCTRN,,Y15T64,ES212,PT,18.4
2014,SE_ADT_EDUCTRN,,Y15T64,ES212,PT,20.6
2017,SE_ADT_EDUCTRN,,Y15T64,ES212,PT,17.8
2024,SE_ADT_EDUCTRN,,Y15T64,ES212,PT,25.0
2013,SE_ADT_EDUCTRN,,Y15T64,ES212,PT,17.4
2019,SE_ADT_EDUCTRN,,Y15T64,ES212,PT,20.1
2020,SE_ADT_EDUCTRN,,Y15T64,ES212,PT,20.6
2011,SE_ADT_EDUCTRN,,Y15T64,ES212,PT,13.5
2021,SE_ADT_EDUCTRN,,Y15T64,ES212,PT,22.9
2010,SE_ADT_EDUCTRN,,Y15T64,ES212,PT,13.7
2015,SE_ADT_EDUCTRN,,Y15T64,ES212,PT,25.9
2012,SE_ADT_EDUCTRN,,Y15T64,ES212,PT,13.2
2022,SE_ADT_EDUCTRN,,Y15T64,ES212,PT,21.9
2011,AES_EDUCTRN,,Y18T64,,PT,46.2
2022,AES_EDUCTRN,,Y18T64,,PT,52.9
2016,AES_EDUCTRN,,Y18T64,,PT,48.1
2013,SE_ADT_EDUCTRN,,Y25T64,,PT,9.6
2022,SE_ADT_EDUCTRN,,Y25T64,,PT,11.7
2019,SE_ADT_EDUCTRN,,Y25T64,,PT,10.5
2023,SE_ADT_EDUCTRN,,Y25T64,,PT,13.5
2011,SE_ADT_EDUCTRN,,Y25T64,,PT,3.0
2016,SE_ADT_EDUCTRN,,Y25T64,,PT,14.0
2015,SE_ADT_EDUCTRN,,Y25T64,,PT,15.7
2018,SE_ADT_EDUCTRN,,Y25T64,,PT,8.5
2010,SE_ADT_EDUCTRN,,Y25T64,,PT,2.8
2020,SE_ADT_EDUCTRN,,Y25T64,,PT,10.6
2024,SE_ADT_EDUCTRN,,Y25T64,,PT,14.1
2012,SE_ADT_EDUCTRN,,Y25T64,,PT,3.0
2021,SE_ADT_EDUCTRN,,Y25T64,,PT,12.7
2017,SE_ADT_EDUCTRN,,Y25T64,,PT,9.1
2014,SE_ADT_EDUCTRN,,Y25T64,,PT,12.2
2022,SE_ADT_EDUCTRN,,Y25T64,ES211,PT,13.1
2016,SE_ADT_EDUCTRN,,Y25T64,ES211,PT,16.8
2012,SE_ADT_EDUCTRN,,Y25T64,ES211,PT,2.0
2021,SE_ADT_EDUCTRN,,Y25T64,ES211,PT,13.2
2017,SE_ADT_EDUCTRN,,Y25T64,ES211,PT,10.0
2019,SE_ADT_EDUCTRN,,Y25T64,ES211,PT,10.7
2010,SE_ADT_EDUCTRN,,Y25T64,ES211,PT,2.3
2020,SE_ADT_EDUCTRN,,Y25T64,ES211,PT,10.7
2011,SE_ADT_EDUCTRN,,Y25T64,ES211,PT,2.3
2024,SE_ADT_EDUCTRN,,Y25T64,ES211,PT,15.5
2018,SE_ADT_EDUCTRN,,Y25T64,ES211,PT,9.8
2015,SE_ADT_EDUCTRN,,Y25T64,ES211,PT,16.6
2023,SE_ADT_EDUCTRN,,Y25T64,ES211,PT,13.4
2014,SE_ADT_EDUCTRN,,Y25T64,ES211,PT,15.7
2013,SE_ADT_EDUCTRN,,Y25T64,ES211,PT,11.1
2015,SE_ADT_EDUCTRN,,Y25T64,ES213,PT,14.6
2013,SE_ADT_EDUCTRN,,Y25T64,ES213,PT,9.5
2024,SE_ADT_EDUCTRN,,Y25T64,ES213,PT,14.2
2012,SE_ADT_EDUCTRN,,Y25T64,ES213,PT,2.8
2014,SE_ADT_EDUCTRN,,Y25T64,ES213,PT,11.5
2020,SE_ADT_EDUCTRN,,Y25T64,ES213,PT,11.3
2019,SE_ADT_EDUCTRN,,Y25T64,ES213,PT,11.1
2023,SE_ADT_EDUCTRN,,Y25T64,ES213,PT,14.0
2010,SE_ADT_EDUCTRN,,Y25T64,ES213,PT,1.9
2021,SE_ADT_EDUCTRN,,Y25T64,ES213,PT,13.1
2016,SE_ADT_EDUCTRN,,Y25T64,ES213,PT,12.4
2022,SE_ADT_EDUCTRN,,Y25T64,ES213,PT,11.7
2018,SE_ADT_EDUCTRN,,Y25T64,ES213,PT,8.5
2017,SE_ADT_EDUCTRN,,Y25T64,ES213,PT,9.4
2011,SE_ADT_EDUCTRN,,Y25T64,ES213,PT,2.2
2014,SE_ADT_EDUCTRN,,Y25T64,ES212,PT,11.7
2011,SE_ADT_EDUCTRN,,Y25T64,ES212,PT,4.7
2017,SE_ADT_EDUCTRN,,Y25T64,ES212,PT,8.1
2020,SE_ADT_EDUCTRN,,Y25T64,ES212,PT,9.3
2013,SE_ADT_EDUCTRN,,Y25T64,ES212,PT,9.0
2010,SE_ADT_EDUCTRN,,Y25T64,ES212,PT,4.4
2012,SE_ADT_EDUCTRN,,Y25T64,ES212,PT,4.0
2019,SE_ADT_EDUCTRN,,Y25T64,ES212,PT,9.5
2023,SE_ADT_EDUCTRN,,Y25T64,ES212,PT,12.6
2022,SE_ADT_EDUCTRN,,Y25T64,ES212,PT,11.0
2016,SE_ADT_EDUCTRN,,Y25T64,ES212,PT,15.4
2015,SE_ADT_EDUCTRN,,Y25T64,ES212,PT,17.2
2018,SE_ADT_EDUCTRN,,Y25T64,ES212,PT,7.8
2021,SE_ADT_EDUCTRN,,Y25T64,ES212,PT,12.0
2024,SE_ADT_EDUCTRN,,Y25T64,ES212,PT,13.5
2024,SE_ADT_EDUCTRN,F,Y15T24,,PT,83.1
2017,SE_ADT_EDUCTRN,F,Y15T24,,PT,79.7
2019,SE_ADT_EDUCTRN,F,Y15T24,,PT,81.4
2015,SE_ADT_EDUCTRN,F,Y15T24,,PT,85.1
2016,SE_ADT_EDUCTRN,F,Y15T24,,PT,81.6
2010,SE_ADT_EDUCTRN,F,Y15T24,,PT,73.1
2012,SE_ADT_EDUCTRN,F,Y15T24,,PT,76.3
2014,SE_ADT_EDUCTRN,F,Y15T24,,PT,80.2
2018,SE_ADT_EDUCTRN,F,Y15T24,,PT,78.5
2011,SE_ADT_EDUCTRN,F,Y15T24,,PT,72.1
2020,SE_ADT_EDUCTRN,F,Y15T24,,PT,81.1
2022,SE_ADT_EDUCTRN,F,Y15T24,,PT,82.6
2023,SE_ADT_EDUCTRN,F,Y15T24,,PT,82.2
2021,SE_ADT_EDUCTRN,F,Y15T24,,PT,82.9
2013,SE_ADT_EDUCTRN,F,Y15T24,,PT,75.7
2024,SE_ADT_EDUCTRN,F,Y15T24,ES211,PT,82.7
2019,SE_ADT_EDUCTRN,F,Y15T24,ES211,PT,87.5
2017,SE_ADT_EDUCTRN,F,Y15T24,ES211,PT,78.8
2021,SE_ADT_EDUCTRN,F,Y15T24,ES211,PT,80.4
2010,SE_ADT_EDUCTRN,F,Y15T24,ES211,PT,69.7
2016,SE_ADT_EDUCTRN,F,Y15T24,ES211,PT,81.3
2020,SE_ADT_EDUCTRN,F,Y15T24,ES211,PT,81.0
2011,SE_ADT_EDUCTRN,F,Y15T24,ES211,PT,71.9
2014,SE_ADT_EDUCTRN,F,Y15T24,ES211,PT,79.5
2013,SE_ADT_EDUCTRN,F,Y15T24,ES211,PT,77.2
2015,SE_ADT_EDUCTRN,F,Y15T24,ES211,PT,85.3
2018,SE_ADT_EDUCTRN,F,Y15T24,ES211,PT,76.7
2012,SE_ADT_EDUCTRN,F,Y15T24,ES211,PT,77.3
2022,SE_ADT_EDUCTRN,F,Y15T24,ES211,PT,84.6
2023,SE_ADT_EDUCTRN,F,Y15T24,ES211,PT,78.8
2018,SE_ADT_EDUCTRN,F,Y15T24,ES213,PT,78.0
2011,SE_ADT_EDUCTRN,F,Y15T24,ES213,PT,72.3
2023,SE_ADT_EDUCTRN,F,Y15T24,ES213,PT,83.2
2013,SE_ADT_EDUCTRN,F,Y15T24,ES213,PT,76.3
2022,SE_ADT_EDUCTRN,F,Y15T24,ES213,PT,82.2
2017,SE_ADT_EDUCTRN,F,Y15T24,ES213,PT,81.1
2024,SE_ADT_EDUCTRN,F,Y15T24,ES213,PT,85.3
2010,SE_ADT_EDUCTRN,F,Y15T24,ES213,PT,73.0
2015,SE_ADT_EDUCTRN,F,Y15T24,ES213,PT,86.9
2014,SE_ADT_EDUCTRN,F,Y15T24,ES213,PT,81.5
2012,SE_ADT_EDUCTRN,F,Y15T24,ES213,PT,76.8
2019,SE_ADT_EDUCTRN,F,Y15T24,ES213,PT,79.6
2016,SE_ADT_EDUCTRN,F,Y15T24,ES213,PT,82.8
2021,SE_ADT_EDUCTRN,F,Y15T24,ES213,PT,84.6
2020,SE_ADT_EDUCTRN,F,Y15T24,ES213,PT,80.3
2016,SE_ADT_EDUCTRN,F,Y15T24,ES212,PT,79.9
2014,SE_ADT_EDUCTRN,F,Y15T24,ES212,PT,78.5
2011,SE_ADT_EDUCTRN,F,Y15T24,ES212,PT,71.7
2013,SE_ADT_EDUCTRN,F,Y15T24,ES212,PT,74.2
2010,SE_ADT_EDUCTRN,F,Y15T24,ES212,PT,75.0
2019,SE_ADT_EDUCTRN,F,Y15T24,ES212,PT,81.7
2012,SE_ADT_EDUCTRN,F,Y15T24,ES212,PT,75.2
2017,SE_ADT_EDUCTRN,F,Y15T24,ES212,PT,77.9
2023,SE_ADT_EDUCTRN,F,Y15T24,ES212,PT,82.1
2020,SE_ADT_EDUCTRN,F,Y15T24,ES212,PT,82.4
2021,SE_ADT_EDUCTRN,F,Y15T24,ES212,PT,81.3
2015,SE_ADT_EDUCTRN,F,Y15T24,ES212,PT,82.1
2022,SE_ADT_EDUCTRN,F,Y15T24,ES212,PT,82.3
2024,SE_ADT_EDUCTRN,F,Y15T24,ES212,PT,80.0
2018,SE_ADT_EDUCTRN,F,Y15T24,ES212,PT,80.0
2023,SE_ADT_EDUCTRN,F,Y15T64,,PT,25.4
2010,SE_ADT_EDUCTRN,F,Y15T64,,PT,11.9
2022,SE_ADT_EDUCTRN,F,Y15T64,,PT,23.4
2017,SE_ADT_EDUCTRN,F,Y15T64,,PT,18.8
2016,SE_ADT_EDUCTRN,F,Y15T64,,PT,24.1
2024,SE_ADT_EDUCTRN,F,Y15T64,,PT,26.4
2013,SE_ADT_EDUCTRN,F,Y15T64,,PT,18.6
2014,SE_ADT_EDUCTRN,F,Y15T64,,PT,21.6
2020,SE_ADT_EDUCTRN,F,Y15T64,,PT,21.4
2012,SE_ADT_EDUCTRN,F,Y15T64,,PT,12.1
2018,SE_ADT_EDUCTRN,F,Y15T64,,PT,18.3
2011,SE_ADT_EDUCTRN,F,Y15T64,,PT,11.4
2015,SE_ADT_EDUCTRN,F,Y15T64,,PT,26.1
2021,SE_ADT_EDUCTRN,F,Y15T64,,PT,24.2
2019,SE_ADT_EDUCTRN,F,Y15T64,,PT,21.1
2017,SE_ADT_EDUCTRN,F,Y15T64,ES211,PT,20.1
2022,SE_ADT_EDUCTRN,F,Y15T64,ES211,PT,23.6
2021,SE_ADT_EDUCTRN,F,Y15T64,ES211,PT,24.1
2019,SE_ADT_EDUCTRN,F,Y15T64,ES211,PT,21.3
2024,SE_ADT_EDUCTRN,F,Y15T64,ES211,PT,26.7
2015,SE_ADT_EDUCTRN,F,Y15T64,ES211,PT,27.2
2012,SE_ADT_EDUCTRN,F,Y15T64,ES211,PT,11.8
2011,SE_ADT_EDUCTRN,F,Y15T64,ES211,PT,11.0
2013,SE_ADT_EDUCTRN,F,Y15T64,ES211,PT,20.6
2020,SE_ADT_EDUCTRN,F,Y15T64,ES211,PT,21.2
2010,SE_ADT_EDUCTRN,F,Y15T64,ES211,PT,10.9
2014,SE_ADT_EDUCTRN,F,Y15T64,ES211,PT,24.9
2018,SE_ADT_EDUCTRN,F,Y15T64,ES211,PT,19.8
2023,SE_ADT_EDUCTRN,F,Y15T64,ES211,PT,24.4
2016,SE_ADT_EDUCTRN,F,Y15T64,ES211,PT,26.7
2024,SE_ADT_EDUCTRN,F,Y15T64,ES213,PT,26.4
2020,SE_ADT_EDUCTRN,F,Y15T64,ES213,PT,21.5
2016,SE_ADT_EDUCTRN,F,Y15T64,ES213,PT,21.9
2017,SE_ADT_EDUCTRN,F,Y15T64,ES213,PT,18.7
2015,SE_ADT_EDUCTRN,F,Y15T64,ES213,PT,24.9
2012,SE_ADT_EDUCTRN,F,Y15T64,ES213,PT,11.6
2018,SE_ADT_EDUCTRN,F,Y15T64,ES213,PT,17.8
2010,SE_ADT_EDUCTRN,F,Y15T64,ES213,PT,10.9
2011,SE_ADT_EDUCTRN,F,Y15T64,ES213,PT,10.4
2014,SE_ADT_EDUCTRN,F,Y15T64,ES213,PT,20.6
2022,SE_ADT_EDUCTRN,F,Y15T64,ES213,PT,23.0
2013,SE_ADT_EDUCTRN,F,Y15T64,ES213,PT,18.6
2019,SE_ADT_EDUCTRN,F,Y15T64,ES213,PT,21.4
2021,SE_ADT_EDUCTRN,F,Y15T64,ES213,PT,24.2
2023,SE_ADT_EDUCTRN,F,Y15T64,ES213,PT,25.6
2010,SE_ADT_EDUCTRN,F,Y15T64,ES212,PT,14.0
2015,SE_ADT_EDUCTRN,F,Y15T64,ES212,PT,27.6
2014,SE_ADT_EDUCTRN,F,Y15T64,ES212,PT,21.6
2023,SE_ADT_EDUCTRN,F,Y15T64,ES212,PT,25.5
2016,SE_ADT_EDUCTRN,F,Y15T64,ES212,PT,26.6
2019,SE_ADT_EDUCTRN,F,Y15T64,ES212,PT,20.6
2020,SE_ADT_EDUCTRN,F,Y15T64,ES212,PT,21.4
2022,SE_ADT_EDUCTRN,F,Y15T64,ES212,PT,24.0
2024,SE_ADT_EDUCTRN,F,Y15T64,ES212,PT,26.2
2021,SE_ADT_EDUCTRN,F,Y15T64,ES212,PT,24.2
2018,SE_ADT_EDUCTRN,F,Y15T64,ES212,PT,18.6
2012,SE_ADT_EDUCTRN,F,Y15T64,ES212,PT,13.1
2017,SE_ADT_EDUCTRN,F,Y15T64,ES212,PT,18.4
2013,SE_ADT_EDUCTRN,F,Y15T64,ES212,PT,17.8
2011,SE_ADT_EDUCTRN,F,Y15T64,ES212,PT,13.2
2016,AES_EDUCTRN,F,Y18T64,,PT,48.0
2011,AES_EDUCTRN,F,Y18T64,,PT,49.9
2022,AES_EDUCTRN,F,Y18T64,,PT,54.8
2011,SE_ADT_EDUCTRN,F,Y25T64,,PT,2.9
2023,SE_ADT_EDUCTRN,F,Y25T64,,PT,15.1
2014,SE_ADT_EDUCTRN,F,Y25T64,,PT,13.4
2018,SE_ADT_EDUCTRN,F,Y25T64,,PT,9.2
2017,SE_ADT_EDUCTRN,F,Y25T64,,PT,9.7
2024,SE_ADT_EDUCTRN,F,Y25T64,,PT,15.9
2021,SE_ADT_EDUCTRN,F,Y25T64,,PT,14.1
2022,SE_ADT_EDUCTRN,F,Y25T64,,PT,13.4
2012,SE_ADT_EDUCTRN,F,Y25T64,,PT,3.0
2015,SE_ADT_EDUCTRN,F,Y25T64,,PT,17.6
2013,SE_ADT_EDUCTRN,F,Y25T64,,PT,10.4
2010,SE_ADT_EDUCTRN,F,Y25T64,,PT,3.0
2020,SE_ADT_EDUCTRN,F,Y25T64,,PT,11.6
2016,SE_ADT_EDUCTRN,F,Y25T64,,PT,15.6
2019,SE_ADT_EDUCTRN,F,Y25T64,,PT,11.5
2020,SE_ADT_EDUCTRN,F,Y25T64,ES211,PT,11.4
2024,SE_ADT_EDUCTRN,F,Y25T64,ES211,PT,16.6
2021,SE_ADT_EDUCTRN,F,Y25T64,ES211,PT,14.3
2023,SE_ADT_EDUCTRN,F,Y25T64,ES211,PT,14.7
2017,SE_ADT_EDUCTRN,F,Y25T64,ES211,PT,11.5
2012,SE_ADT_EDUCTRN,F,Y25T64,ES211,PT,2.0
2014,SE_ADT_EDUCTRN,F,Y25T64,ES211,PT,16.9
2016,SE_ADT_EDUCTRN,F,Y25T64,ES211,PT,18.7
2010,SE_ADT_EDUCTRN,F,Y25T64,ES211,PT,2.2
2022,SE_ADT_EDUCTRN,F,Y25T64,ES211,PT,13.9
2013,SE_ADT_EDUCTRN,F,Y25T64,ES211,PT,12.5
2019,SE_ADT_EDUCTRN,F,Y25T64,ES211,PT,11.5
2011,SE_ADT_EDUCTRN,F,Y25T64,ES211,PT,2.2
2015,SE_ADT_EDUCTRN,F,Y25T64,ES211,PT,18.8
2018,SE_ADT_EDUCTRN,F,Y25T64,ES211,PT,11.4
2018,SE_ADT_EDUCTRN,F,Y25T64,ES213,PT,9.1
2015,SE_ADT_EDUCTRN,F,Y25T64,ES213,PT,16.2
2022,SE_ADT_EDUCTRN,F,Y25T64,ES213,PT,13.4
2024,SE_ADT_EDUCTRN,F,Y25T64,ES213,PT,16.0
2016,SE_ADT_EDUCTRN,F,Y25T64,ES213,PT,13.2
2014,SE_ADT_EDUCTRN,F,Y25T64,ES213,PT,12.6
2010,SE_ADT_EDUCTRN,F,Y25T64,ES213,PT,2.1
2012,SE_ADT_EDUCTRN,F,Y25T64,ES213,PT,2.9
2011,SE_ADT_EDUCTRN,F,Y25T64,ES213,PT,2.0
2013,SE_ADT_EDUCTRN,F,Y25T64,ES213,PT,10.5
2017,SE_ADT_EDUCTRN,F,Y25T64,ES213,PT,9.7
2023,SE_ADT_EDUCTRN,F,Y25T64,ES213,PT,15.6
2021,SE_ADT_EDUCTRN,F,Y25T64,ES213,PT,14.4
2019,SE_ADT_EDUCTRN,F,Y25T64,ES213,PT,12.2
2020,SE_ADT_EDUCTRN,F,Y25T64,ES213,PT,12.3
2022,SE_ADT_EDUCTRN,F,Y25T64,ES212,PT,13.1
2021,SE_ADT_EDUCTRN,F,Y25T64,ES212,PT,13.6
2023,SE_ADT_EDUCTRN,F,Y25T64,ES212,PT,14.5
2013,SE_ADT_EDUCTRN,F,Y25T64,ES212,PT,9.2
2015,SE_ADT_EDUCTRN,F,Y25T64,ES212,PT,19.5
2017,SE_ADT_EDUCTRN,F,Y25T64,ES212,PT,8.9
2011,SE_ADT_EDUCTRN,F,Y25T64,ES212,PT,4.7
2010,SE_ADT_EDUCTRN,F,Y25T64,ES212,PT,5.0
2012,SE_ADT_EDUCTRN,F,Y25T64,ES212,PT,3.7
2014,SE_ADT_EDUCTRN,F,Y25T64,ES212,PT,13.0
2019,SE_ADT_EDUCTRN,F,Y25T64,ES212,PT,10.3
2016,SE_ADT_EDUCTRN,F,Y25T64,ES212,PT,18.1
2018,SE_ADT_EDUCTRN,F,Y25T64,ES212,PT,8.3
2020,SE_ADT_EDUCTRN,F,Y25T64,ES212,PT,10.7
2024,SE_ADT_EDUCTRN,F,Y25T64,ES212,PT,15.5
2014,SE_ADT_EDUCTRN,M,Y15T24,,PT,78.5
2019,SE_ADT_EDUCTRN,M,Y15T24,,PT,81.2
2011,SE_ADT_EDUCTRN,M,Y15T24,,PT,72.3
2015,SE_ADT_EDUCTRN,M,Y15T24,,PT,81.0
2020,SE_ADT_EDUCTRN,M,Y15T24,,PT,79.8
2010,SE_ADT_EDUCTRN,M,Y15T24,,PT,70.8
2017,SE_ADT_EDUCTRN,M,Y15T24,,PT,78.7
2021,SE_ADT_EDUCTRN,M,Y15T24,,PT,79.4
2023,SE_ADT_EDUCTRN,M,Y15T24,,PT,78.0
2016,SE_ADT_EDUCTRN,M,Y15T24,,PT,81.0
2018,SE_ADT_EDUCTRN,M,Y15T24,,PT,79.7
2012,SE_ADT_EDUCTRN,M,Y15T24,,PT,75.2
2024,SE_ADT_EDUCTRN,M,Y15T24,,PT,78.3
2013,SE_ADT_EDUCTRN,M,Y15T24,,PT,74.9
2022,SE_ADT_EDUCTRN,M,Y15T24,,PT,76.3
2023,SE_ADT_EDUCTRN,M,Y15T24,ES211,PT,75.2
2011,SE_ADT_EDUCTRN,M,Y15T24,ES211,PT,64.3
2019,SE_ADT_EDUCTRN,M,Y15T24,ES211,PT,76.2
2017,SE_ADT_EDUCTRN,M,Y15T24,ES211,PT,74.5
2021,SE_ADT_EDUCTRN,M,Y15T24,ES211,PT,78.4
2022,SE_ADT_EDUCTRN,M,Y15T24,ES211,PT,74.4
2010,SE_ADT_EDUCTRN,M,Y15T24,ES211,PT,68.7
2018,SE_ADT_EDUCTRN,M,Y15T24,ES211,PT,75.8
2012,SE_ADT_EDUCTRN,M,Y15T24,ES211,PT,66.4
2015,SE_ADT_EDUCTRN,M,Y15T24,ES211,PT,77.4
2016,SE_ADT_EDUCTRN,M,Y15T24,ES211,PT,80.3
2013,SE_ADT_EDUCTRN,M,Y15T24,ES211,PT,75.8
2024,SE_ADT_EDUCTRN,M,Y15T24,ES211,PT,77.7
2014,SE_ADT_EDUCTRN,M,Y15T24,ES211,PT,82.3
2020,SE_ADT_EDUCTRN,M,Y15T24,ES211,PT,75.4
2017,SE_ADT_EDUCTRN,M,Y15T24,ES213,PT,81.9
2023,SE_ADT_EDUCTRN,M,Y15T24,ES213,PT,79.8
2015,SE_ADT_EDUCTRN,M,Y15T24,ES213,PT,82.3
2011,SE_ADT_EDUCTRN,M,Y15T24,ES213,PT,73.2
2021,SE_ADT_EDUCTRN,M,Y15T24,ES213,PT,79.9
2019,SE_ADT_EDUCTRN,M,Y15T24,ES213,PT,83.8
2020,SE_ADT_EDUCTRN,M,Y15T24,ES213,PT,80.3
2022,SE_ADT_EDUCTRN,M,Y15T24,ES213,PT,78.1
2018,SE_ADT_EDUCTRN,M,Y15T24,ES213,PT,80.9
2024,SE_ADT_EDUCTRN,M,Y15T24,ES213,PT,77.0
2016,SE_ADT_EDUCTRN,M,Y15T24,ES213,PT,81.7
2010,SE_ADT_EDUCTRN,M,Y15T24,ES213,PT,69.8
2012,SE_ADT_EDUCTRN,M,Y15T24,ES213,PT,78.6
2013,SE_ADT_EDUCTRN,M,Y15T24,ES213,PT,77.1
2014,SE_ADT_EDUCTRN,M,Y15T24,ES213,PT,78.1
2022,SE_ADT_EDUCTRN,M,Y15T24,ES212,PT,74.4
2021,SE_ADT_EDUCTRN,M,Y15T24,ES212,PT,79.2
2019,SE_ADT_EDUCTRN,M,Y15T24,ES212,PT,79.4
2012,SE_ADT_EDUCTRN,M,Y15T24,ES212,PT,73.9
2023,SE_ADT_EDUCTRN,M,Y15T24,ES212,PT,76.6
2024,SE_ADT_EDUCTRN,M,Y15T24,ES212,PT,80.3
2016,SE_ADT_EDUCTRN,M,Y15T24,ES212,PT,80.3
2011,SE_ADT_EDUCTRN,M,Y15T24,ES212,PT,74.4
2018,SE_ADT_EDUCTRN,M,Y15T24,ES212,PT,79.7
2017,SE_ADT_EDUCTRN,M,Y15T24,ES212,PT,75.7
2010,SE_ADT_EDUCTRN,M,Y15T24,ES212,PT,73.4
2015,SE_ADT_EDUCTRN,M,Y15T24,ES212,PT,80.4
2014,SE_ADT_EDUCTRN,M,Y15T24,ES212,PT,77.4
2013,SE_ADT_EDUCTRN,M,Y15T24,ES212,PT,71.1
2020,SE_ADT_EDUCTRN,M,Y15T24,ES212,PT,81.1
2011,SE_ADT_EDUCTRN,M,Y15T64,,PT,12.1
2018,SE_ADT_EDUCTRN,M,Y15T64,,PT,18.1
2010,SE_ADT_EDUCTRN,M,Y15T64,,PT,11.7
2019,SE_ADT_EDUCTRN,M,Y15T64,,PT,19.8
2022,SE_ADT_EDUCTRN,M,Y15T64,,PT,20.4
2023,SE_ADT_EDUCTRN,M,Y15T64,,PT,22.6
2020,SE_ADT_EDUCTRN,M,Y15T64,,PT,20.2
2017,SE_ADT_EDUCTRN,M,Y15T64,,PT,18.1
2014,SE_ADT_EDUCTRN,M,Y15T64,,PT,19.7
2021,SE_ADT_EDUCTRN,M,Y15T64,,PT,21.8
2024,SE_ADT_EDUCTRN,M,Y15T64,,PT,23.4
2016,SE_ADT_EDUCTRN,M,Y15T64,,PT,21.7
2012,SE_ADT_EDUCTRN,M,Y15T64,,PT,12.5
2015,SE_ADT_EDUCTRN,M,Y15T64,,PT,22.7
2013,SE_ADT_EDUCTRN,M,Y15T64,,PT,17.2
2023,SE_ADT_EDUCTRN,M,Y15T64,ES211,PT,22.2
2022,SE_ADT_EDUCTRN,M,Y15T64,ES211,PT,21.6
2021,SE_ADT_EDUCTRN,M,Y15T64,ES211,PT,22.2
2018,SE_ADT_EDUCTRN,M,Y15T64,ES211,PT,17.6
2013,SE_ADT_EDUCTRN,M,Y15T64,ES211,PT,18.0
2024,SE_ADT_EDUCTRN,M,Y15T64,ES211,PT,24.4
2014,SE_ADT_EDUCTRN,M,Y15T64,ES211,PT,23.1
2010,SE_ADT_EDUCTRN,M,Y15T64,ES211,PT,11.7
2011,SE_ADT_EDUCTRN,M,Y15T64,ES211,PT,10.4
2016,SE_ADT_EDUCTRN,M,Y15T64,ES211,PT,23.4
2015,SE_ADT_EDUCTRN,M,Y15T64,ES211,PT,22.5
2017,SE_ADT_EDUCTRN,M,Y15T64,ES211,PT,17.1
2019,SE_ADT_EDUCTRN,M,Y15T64,ES211,PT,19.0
2020,SE_ADT_EDUCTRN,M,Y15T64,ES211,PT,19.9
2012,SE_ADT_EDUCTRN,M,Y15T64,ES211,PT,10.5
2022,SE_ADT_EDUCTRN,M,Y15T64,ES213,PT,20.4
2014,SE_ADT_EDUCTRN,M,Y15T64,ES213,PT,18.9
2010,SE_ADT_EDUCTRN,M,Y15T64,ES213,PT,10.6
2012,SE_ADT_EDUCTRN,M,Y15T64,ES213,PT,12.5
2011,SE_ADT_EDUCTRN,M,Y15T64,ES213,PT,11.6
2013,SE_ADT_EDUCTRN,M,Y15T64,ES213,PT,16.9
2018,SE_ADT_EDUCTRN,M,Y15T64,ES213,PT,18.3
2016,SE_ADT_EDUCTRN,M,Y15T64,ES213,PT,20.9
2015,SE_ADT_EDUCTRN,M,Y15T64,ES213,PT,22.0
2017,SE_ADT_EDUCTRN,M,Y15T64,ES213,PT,18.9
2020,SE_ADT_EDUCTRN,M,Y15T64,ES213,PT,20.5
2019,SE_ADT_EDUCTRN,M,Y15T64,ES213,PT,20.1
2021,SE_ADT_EDUCTRN,M,Y15T64,ES213,PT,21.8
2023,SE_ADT_EDUCTRN,M,Y15T64,ES213,PT,23.0
2024,SE_ADT_EDUCTRN,M,Y15T64,ES213,PT,22.8
2016,SE_ADT_EDUCTRN,M,Y15T64,ES212,PT,22.2
2014,SE_ADT_EDUCTRN,M,Y15T64,ES212,PT,19.5
2018,SE_ADT_EDUCTRN,M,Y15T64,ES212,PT,18.1
2023,SE_ADT_EDUCTRN,M,Y15T64,ES212,PT,22.1
2013,SE_ADT_EDUCTRN,M,Y15T64,ES212,PT,17.1
2010,SE_ADT_EDUCTRN,M,Y15T64,ES212,PT,13.4
2011,SE_ADT_EDUCTRN,M,Y15T64,ES212,PT,13.7
2012,SE_ADT_EDUCTRN,M,Y15T64,ES212,PT,13.4
2017,SE_ADT_EDUCTRN,M,Y15T64,ES212,PT,17.2
2015,SE_ADT_EDUCTRN,M,Y15T64,ES212,PT,24.1
2020,SE_ADT_EDUCTRN,M,Y15T64,ES212,PT,19.7
2022,SE_ADT_EDUCTRN,M,Y15T64,ES212,PT,19.8
2024,SE_ADT_EDUCTRN,M,Y15T64,ES212,PT,23.8
2019,SE_ADT_EDUCTRN,M,Y15T64,ES212,PT,19.6
2021,SE_ADT_EDUCTRN,M,Y15T64,ES212,PT,21.6
2016,AES_EDUCTRN,M,Y18T64,,PT,48.1
2022,AES_EDUCTRN,M,Y18T64,,PT,51.0
2011,AES_EDUCTRN,M,Y18T64,,PT,42.5
2015,SE_ADT_EDUCTRN,M,Y25T64,,PT,13.9
2023,SE_ADT_EDUCTRN,M,Y25T64,,PT,11.8
2012,SE_ADT_EDUCTRN,M,Y25T64,,PT,3.1
2019,SE_ADT_EDUCTRN,M,Y25T64,,PT,9.6
2014,SE_ADT_EDUCTRN,M,Y25T64,,PT,11.0
2013,SE_ADT_EDUCTRN,M,Y25T64,,PT,8.8
2021,SE_ADT_EDUCTRN,M,Y25T64,,PT,11.3
2011,SE_ADT_EDUCTRN,M,Y25T64,,PT,3.1
2017,SE_ADT_EDUCTRN,M,Y25T64,,PT,8.4
2022,SE_ADT_EDUCTRN,M,Y25T64,,PT,10.0
2016,SE_ADT_EDUCTRN,M,Y25T64,,PT,12.5
2010,SE_ADT_EDUCTRN,M,Y25T64,,PT,2.5
2024,SE_ADT_EDUCTRN,M,Y25T64,,PT,12.3
2020,SE_ADT_EDUCTRN,M,Y25T64,,PT,9.5
2018,SE_ADT_EDUCTRN,M,Y25T64,,PT,7.8
2014,SE_ADT_EDUCTRN,M,Y25T64,ES211,PT,14.5
2020,SE_ADT_EDUCTRN,M,Y25T64,ES211,PT,10.0
2010,SE_ADT_EDUCTRN,M,Y25T64,ES211,PT,2.4
2024,SE_ADT_EDUCTRN,M,Y25T64,ES211,PT,14.3
2012,SE_ADT_EDUCTRN,M,Y25T64,ES211,PT,1.9
2016,SE_ADT_EDUCTRN,M,Y25T64,ES211,PT,14.9
2011,SE_ADT_EDUCTRN,M,Y25T64,ES211,PT,2.3
2013,SE_ADT_EDUCTRN,M,Y25T64,ES211,PT,9.8
2018,SE_ADT_EDUCTRN,M,Y25T64,ES211,PT,8.2
2015,SE_ADT_EDUCTRN,M,Y25T64,ES211,PT,14.6
2023,SE_ADT_EDUCTRN,M,Y25T64,ES211,PT,12.1
2017,SE_ADT_EDUCTRN,M,Y25T64,ES211,PT,8.4
2019,SE_ADT_EDUCTRN,M,Y25T64,ES211,PT,10.0
2022,SE_ADT_EDUCTRN,M,Y25T64,ES211,PT,12.3
2021,SE_ADT_EDUCTRN,M,Y25T64,ES211,PT,12.0
2018,SE_ADT_EDUCTRN,M,Y25T64,ES213,PT,8.0
2014,SE_ADT_EDUCTRN,M,Y25T64,ES213,PT,10.4
2012,SE_ADT_EDUCTRN,M,Y25T64,ES213,PT,2.7
2011,SE_ADT_EDUCTRN,M,Y25T64,ES213,PT,2.4
2013,SE_ADT_EDUCTRN,M,Y25T64,ES213,PT,8.4
2016,SE_ADT_EDUCTRN,M,Y25T64,ES213,PT,11.6
2015,SE_ADT_EDUCTRN,M,Y25T64,ES213,PT,13.0
2022,SE_ADT_EDUCTRN,M,Y25T64,ES213,PT,9.9
2017,SE_ADT_EDUCTRN,M,Y25T64,ES213,PT,9.0
2020,SE_ADT_EDUCTRN,M,Y25T64,ES213,PT,10.4
2019,SE_ADT_EDUCTRN,M,Y25T64,ES213,PT,10.0
2021,SE_ADT_EDUCTRN,M,Y25T64,ES213,PT,11.8
2024,SE_ADT_EDUCTRN,M,Y25T64,ES213,PT,12.2
2023,SE_ADT_EDUCTRN,M,Y25T64,ES213,PT,12.4
2010,SE_ADT_EDUCTRN,M,Y25T64,ES213,PT,1.7
2017,SE_ADT_EDUCTRN,M,Y25T64,ES212,PT,7.4
2013,SE_ADT_EDUCTRN,M,Y25T64,ES212,PT,8.9
2011,SE_ADT_EDUCTRN,M,Y25T64,ES212,PT,4.6
2010,SE_ADT_EDUCTRN,M,Y25T64,ES212,PT,3.7
2012,SE_ADT_EDUCTRN,M,Y25T64,ES212,PT,4.2
2015,SE_ADT_EDUCTRN,M,Y25T64,ES212,PT,15.0
2014,SE_ADT_EDUCTRN,M,Y25T64,ES212,PT,10.5
2021,SE_ADT_EDUCTRN,M,Y25T64,ES212,PT,10.3
2016,SE_ADT_EDUCTRN,M,Y25T64,ES212,PT,12.8
2019,SE_ADT_EDUCTRN,M,Y25T64,ES212,PT,8.7
2018,SE_ADT_EDUCTRN,M,Y25T64,ES212,PT,7.4
2020,SE_ADT_EDUCTRN,M,Y25T64,ES212,PT,7.9
2023,SE_ADT_EDUCTRN,M,Y25T64,ES212,PT,10.7
2022,SE_ADT_EDUCTRN,M,Y25T64,ES212,PT,9.0
2024,SE_ADT_EDUCTRN,M,Y25T64,ES212,PT,11.4
