Year,Sexo,Habilidad_IT,Edad,Territorio,Units,Value
2019,,ICTCPT,Y16T74,,PT,55.36
2019,,ICTPST,Y16T74,,PT,42.23
2019,,ICTSSHT,Y16T74,,PT,41.92
2019,,ICTPRGM,Y16T74,,PT,5.56
2019,,ICTTRFF,Y16T74,,PT,51.89
2019,,ICTSFWR,Y16T74,,PT,53.92
2019,,ICTPRVCY,Y16T74,,PT,15.99
2019,,,Y16T74,,PT,67.04
2019,,ICTCPT,Y16T74,ES211,PT,55.76
2019,,ICTPST,Y16T74,ES211,PT,41.77
2019,,ICTSSHT,Y16T74,ES211,PT,42.89
2019,,ICTPRGM,Y16T74,ES211,PT,5.27
2019,,ICTTRFF,Y16T74,ES211,PT,51.64
2019,,ICTSFWR,Y16T74,ES211,PT,54.49
2019,,ICTPRVCY,Y16T74,ES211,PT,16.17
2019,,,Y16T74,ES211,PT,68.53
2019,,ICTCPT,Y16T74,ES212,PT,54.5
2019,,ICTPST,Y16T74,ES212,PT,42.21
2019,,ICTSSHT,Y16T74,ES212,PT,42.77
2019,,ICTPRGM,Y16T74,ES212,PT,5.24
2019,,ICTTRFF,Y16T74,ES212,PT,50.59
2019,,ICTSFWR,Y16T74,ES212,PT,51.65
2019,,ICTPRVCY,Y16T74,ES212,PT,14.73
2019,,,Y16T74,ES212,PT,65.24
2019,,ICTCPT,Y16T74,ES213,PT,55.79
2019,,ICTPST,Y16T74,ES213,PT,42.38
2019,,ICTSSHT,Y16T74,ES213,PT,41.11
2019,,ICTPRGM,Y16T74,ES213,PT,5.83
2019,,ICTTRFF,Y16T74,ES213,PT,52.78
2019,,ICTSFWR,Y16T74,ES213,PT,55.18
2019,,ICTPRVCY,Y16T74,ES213,PT,16.73
2019,,,Y16T74,ES213,PT,67.74
2019,,ICTCPT,Y16T24,,PT,89.41
2019,,ICTPST,Y16T24,,PT,85.32
2019,,ICTSSHT,Y16T24,,PT,70.08
2019,,ICTPRGM,Y16T24,,PT,12.34
2019,,ICTTRFF,Y16T24,,PT,84.87
2019,,ICTSFWR,Y16T24,,PT,83.37
2019,,ICTPRVCY,Y16T24,,PT,26.84
2019,,,Y16T24,,PT,95.75
2019,,ICTCPT,Y16T24,ES211,PT,91.07
2019,,ICTPST,Y16T24,ES211,PT,89.2
2019,,ICTSSHT,Y16T24,ES211,PT,70.0
2019,,ICTPRGM,Y16T24,ES211,PT,10.56
2019,,ICTTRFF,Y16T24,ES211,PT,84.7
2019,,ICTSFWR,Y16T24,ES211,PT,82.82
2019,,ICTPRVCY,Y16T24,ES211,PT,24.81
2019,,,Y16T24,ES211,PT,95.61
2019,,ICTCPT,Y16T24,ES212,PT,87.91
2019,,ICTPST,Y16T24,ES212,PT,79.9
2019,,ICTSSHT,Y16T24,ES212,PT,71.5
2019,,ICTPRGM,Y16T24,ES212,PT,10.54
2019,,ICTTRFF,Y16T24,ES212,PT,80.35
2019,,ICTSFWR,Y16T24,ES212,PT,81.54
2019,,ICTPRVCY,Y16T24,ES212,PT,26.03
2019,,,Y16T24,ES212,PT,94.0
2019,,ICTCPT,Y16T24,ES213,PT,90.0
2019,,ICTPST,Y16T24,ES213,PT,88.1
2019,,ICTSSHT,Y16T24,ES213,PT,69.07
2019,,ICTPRGM,Y16T24,ES213,PT,14.19
2019,,ICTTRFF,Y16T24,ES213,PT,88.2
2019,,ICTSFWR,Y16T24,ES213,PT,84.86
2019,,ICTPRVCY,Y16T24,ES213,PT,28.04
2019,,,Y16T24,ES213,PT,97.06
2019,,ICTCPT,Y25T74,,PT,51.53
2019,,ICTPST,Y25T74,,PT,37.38
2019,,ICTSSHT,Y25T74,,PT,38.75
2019,,ICTPRGM,Y25T74,,PT,4.79
2019,,ICTTRFF,Y25T74,,PT,48.18
2019,,ICTSFWR,Y25T74,,PT,50.6
2019,,ICTPRVCY,Y25T74,,PT,14.77
2019,,,Y25T74,,PT,63.8
2019,,ICTCPT,Y25T74,ES211,PT,51.77
2019,,ICTPST,Y25T74,ES211,PT,36.41
2019,,ICTSSHT,Y25T74,ES211,PT,39.83
2019,,ICTPRGM,Y25T74,ES211,PT,4.67
2019,,ICTTRFF,Y25T74,ES211,PT,47.91
2019,,ICTSFWR,Y25T74,ES211,PT,51.29
2019,,ICTPRVCY,Y25T74,ES211,PT,15.19
2019,,,Y25T74,ES211,PT,65.47
2019,,ICTCPT,Y25T74,ES212,PT,50.33
2019,,ICTPST,Y25T74,ES212,PT,37.51
2019,,ICTSSHT,Y25T74,ES212,PT,39.19
2019,,ICTPRGM,Y25T74,ES212,PT,4.58
2019,,ICTTRFF,Y25T74,ES212,PT,46.88
2019,,ICTSFWR,Y25T74,ES212,PT,47.92
2019,,ICTPRVCY,Y25T74,ES212,PT,13.32
2019,,,Y25T74,ES212,PT,61.65
2019,,ICTCPT,Y25T74,ES213,PT,52.19
2019,,ICTPST,Y25T74,ES213,PT,37.57
2019,,ICTSSHT,Y25T74,ES213,PT,38.17
2019,,ICTPRGM,Y25T74,ES213,PT,4.96
2019,,ICTTRFF,Y25T74,ES213,PT,49.05
2019,,ICTSFWR,Y25T74,ES213,PT,52.06
2019,,ICTPRVCY,Y25T74,ES213,PT,15.54
2019,,,Y25T74,ES213,PT,64.66
2019,1.0,ICTCPT,Y16T74,,PT,57.75
2019,1.0,ICTPST,Y16T74,,PT,42.74
2019,1.0,ICTSSHT,Y16T74,,PT,44.35
2019,1.0,ICTPRGM,Y16T74,,PT,8.14
2019,1.0,ICTTRFF,Y16T74,,PT,53.76
2019,1.0,ICTSFWR,Y16T74,,PT,57.35
2019,1.0,ICTPRVCY,Y16T74,,PT,20.51
2019,1.0,,Y16T74,,PT,69.65
2019,1.0,ICTCPT,Y16T74,ES211,PT,60.01
2019,1.0,ICTPST,Y16T74,ES211,PT,40.61
2019,1.0,ICTSSHT,Y16T74,ES211,PT,45.71
2019,1.0,ICTPRGM,Y16T74,ES211,PT,7.6
2019,1.0,ICTTRFF,Y16T74,ES211,PT,54.78
2019,1.0,ICTSFWR,Y16T74,ES211,PT,59.34
2019,1.0,ICTPRVCY,Y16T74,ES211,PT,23.92
2019,1.0,,Y16T74,ES211,PT,71.05
2019,1.0,ICTCPT,Y16T74,ES212,PT,55.37
2019,1.0,ICTPST,Y16T74,ES212,PT,41.41
2019,1.0,ICTSSHT,Y16T74,ES212,PT,43.91
2019,1.0,ICTPRGM,Y16T74,ES212,PT,7.79
2019,1.0,ICTTRFF,Y16T74,ES212,PT,50.86
2019,1.0,ICTSFWR,Y16T74,ES212,PT,53.9
2019,1.0,ICTPRVCY,Y16T74,ES212,PT,19.69
2019,1.0,,Y16T74,ES212,PT,66.91
2019,1.0,ICTCPT,Y16T74,ES213,PT,58.64
2019,1.0,ICTPST,Y16T74,ES213,PT,44.18
2019,1.0,ICTSSHT,Y16T74,ES213,PT,44.24
2019,1.0,ICTPRGM,Y16T74,ES213,PT,8.5
2019,1.0,ICTTRFF,Y16T74,ES213,PT,55.31
2019,1.0,ICTSFWR,Y16T74,ES213,PT,58.97
2019,1.0,ICTPRVCY,Y16T74,ES213,PT,20.07
2019,1.0,,Y16T74,ES213,PT,71.0
2019,1.0,ICTCPT,Y16T24,,PT,85.09
2019,1.0,ICTPST,Y16T24,,PT,81.93
2019,1.0,ICTSSHT,Y16T24,,PT,69.81
2019,1.0,ICTPRGM,Y16T24,,PT,15.83
2019,1.0,ICTTRFF,Y16T24,,PT,81.15
2019,1.0,ICTSFWR,Y16T24,,PT,81.0
2019,1.0,ICTPRVCY,Y16T24,,PT,32.81
2019,1.0,,Y16T24,,PT,93.6
2019,1.0,ICTCPT,Y16T24,ES211,PT,90.23
2019,1.0,ICTPST,Y16T24,ES211,PT,88.54
2019,1.0,ICTSSHT,Y16T24,ES211,PT,69.71
2019,1.0,ICTPRGM,Y16T24,ES211,PT,13.71
2019,1.0,ICTTRFF,Y16T24,ES211,PT,81.76
2019,1.0,ICTSFWR,Y16T24,ES211,PT,82.04
2019,1.0,ICTPRVCY,Y16T24,ES211,PT,35.16
2019,1.0,,Y16T24,ES211,PT,91.9
2019,1.0,ICTCPT,Y16T24,ES212,PT,80.51
2019,1.0,ICTPST,Y16T24,ES212,PT,74.65
2019,1.0,ICTSSHT,Y16T24,ES212,PT,69.19
2019,1.0,ICTPRGM,Y16T24,ES212,PT,14.1
2019,1.0,ICTTRFF,Y16T24,ES212,PT,72.44
2019,1.0,ICTSFWR,Y16T24,ES212,PT,78.05
2019,1.0,ICTPRVCY,Y16T24,ES212,PT,32.18
2019,1.0,,Y16T24,ES212,PT,89.45
2019,1.0,ICTCPT,Y16T24,ES213,PT,87.06
2019,1.0,ICTPST,Y16T24,ES213,PT,85.49
2019,1.0,ICTSSHT,Y16T24,ES213,PT,70.3
2019,1.0,ICTPRGM,Y16T24,ES213,PT,17.71
2019,1.0,ICTTRFF,Y16T24,ES213,PT,87.43
2019,1.0,ICTSFWR,Y16T24,ES213,PT,82.9
2019,1.0,ICTPRVCY,Y16T24,ES213,PT,32.63
2019,1.0,,Y16T24,ES213,PT,97.15
2019,1.0,ICTCPT,Y25T74,,PT,54.64
2019,1.0,ICTPST,Y25T74,,PT,38.27
2019,1.0,ICTSSHT,Y25T74,,PT,41.44
2019,1.0,ICTPRGM,Y25T74,,PT,7.26
2019,1.0,ICTTRFF,Y25T74,,PT,50.64
2019,1.0,ICTSFWR,Y25T74,,PT,54.65
2019,1.0,ICTPRVCY,Y25T74,,PT,19.11
2019,1.0,,Y25T74,,PT,66.92
2019,1.0,ICTCPT,Y25T74,ES211,PT,56.81
2019,1.0,ICTPST,Y25T74,ES211,PT,35.55
2019,1.0,ICTSSHT,Y25T74,ES211,PT,43.17
2019,1.0,ICTPRGM,Y25T74,ES211,PT,6.95
2019,1.0,ICTTRFF,Y25T74,ES211,PT,51.93
2019,1.0,ICTSFWR,Y25T74,ES211,PT,56.94
2019,1.0,ICTPRVCY,Y25T74,ES211,PT,22.74
2019,1.0,,Y25T74,ES211,PT,68.85
2019,1.0,ICTCPT,Y25T74,ES212,PT,52.15
2019,1.0,ICTPST,Y25T74,ES212,PT,37.15
2019,1.0,ICTSSHT,Y25T74,ES212,PT,40.67
2019,1.0,ICTPRGM,Y25T74,ES212,PT,6.98
2019,1.0,ICTTRFF,Y25T74,ES212,PT,48.09
2019,1.0,ICTSFWR,Y25T74,ES212,PT,50.81
2019,1.0,ICTPRVCY,Y25T74,ES212,PT,18.09
2019,1.0,,Y25T74,ES212,PT,64.03
2019,1.0,ICTCPT,Y25T74,ES213,PT,55.58
2019,1.0,ICTPST,Y25T74,ES213,PT,39.73
2019,1.0,ICTSSHT,Y25T74,ES213,PT,41.44
2019,1.0,ICTPRGM,Y25T74,ES213,PT,7.51
2019,1.0,ICTTRFF,Y25T74,ES213,PT,51.86
2019,1.0,ICTSFWR,Y25T74,ES213,PT,56.39
2019,1.0,ICTPRVCY,Y25T74,ES213,PT,18.72
2019,1.0,,Y25T74,ES213,PT,68.19
2019,2.0,ICTCPT,Y16T74,,PT,53.04
2019,2.0,ICTPST,Y16T74,,PT,41.74
2019,2.0,ICTSSHT,Y16T74,,PT,39.57
2019,2.0,ICTPRGM,Y16T74,,PT,3.05
2019,2.0,ICTTRFF,Y16T74,,PT,50.08
2019,2.0,ICTSFWR,Y16T74,,PT,50.6
2019,2.0,ICTPRVCY,Y16T74,,PT,11.61
2019,2.0,,Y16T74,,PT,64.5
2019,2.0,ICTCPT,Y16T74,ES211,PT,51.69
2019,2.0,ICTPST,Y16T74,ES211,PT,42.88
2019,2.0,ICTSSHT,Y16T74,ES211,PT,40.2
2019,2.0,ICTPRGM,Y16T74,ES211,PT,3.04
2019,2.0,ICTTRFF,Y16T74,ES211,PT,48.64
2019,2.0,ICTSFWR,Y16T74,ES211,PT,49.85
2019,2.0,ICTPRVCY,Y16T74,ES211,PT,8.75
2019,2.0,,Y16T74,ES211,PT,66.12
2019,2.0,ICTCPT,Y16T74,ES212,PT,53.63
2019,2.0,ICTPST,Y16T74,ES212,PT,43.01
2019,2.0,ICTSSHT,Y16T74,ES212,PT,41.65
2019,2.0,ICTPRGM,Y16T74,ES212,PT,2.71
2019,2.0,ICTTRFF,Y16T74,ES212,PT,50.32
2019,2.0,ICTSFWR,Y16T74,ES212,PT,49.41
2019,2.0,ICTPRVCY,Y16T74,ES212,PT,9.81
2019,2.0,,Y16T74,ES212,PT,63.58
2019,2.0,ICTCPT,Y16T74,ES213,PT,53.06
2019,2.0,ICTPST,Y16T74,ES213,PT,40.65
2019,2.0,ICTSSHT,Y16T74,ES213,PT,38.1
2019,2.0,ICTPRGM,Y16T74,ES213,PT,3.27
2019,2.0,ICTTRFF,Y16T74,ES213,PT,50.34
2019,2.0,ICTSFWR,Y16T74,ES213,PT,51.54
2019,2.0,ICTPRVCY,Y16T74,ES213,PT,13.52
2019,2.0,,Y16T74,ES213,PT,64.61
2019,2.0,ICTCPT,Y16T24,,PT,93.7
2019,2.0,ICTPST,Y16T24,,PT,88.68
2019,2.0,ICTSSHT,Y16T24,,PT,70.34
2019,2.0,ICTPRGM,Y16T24,,PT,8.88
2019,2.0,ICTTRFF,Y16T24,,PT,88.56
2019,2.0,ICTSFWR,Y16T24,,PT,85.71
2019,2.0,ICTPRVCY,Y16T24,,PT,20.92
2019,2.0,,Y16T24,,PT,97.88
2019,2.0,ICTCPT,Y16T24,ES211,PT,91.79
2019,2.0,ICTPST,Y16T24,ES211,PT,89.77
2019,2.0,ICTSSHT,Y16T24,ES211,PT,70.26
2019,2.0,ICTPRGM,Y16T24,ES211,PT,7.88
2019,2.0,ICTTRFF,Y16T24,ES211,PT,87.2
2019,2.0,ICTSFWR,Y16T24,ES211,PT,83.47
2019,2.0,ICTPRVCY,Y16T24,ES211,PT,15.98
2019,2.0,,Y16T24,ES211,PT,98.78
2019,2.0,ICTCPT,Y16T24,ES212,PT,95.61
2019,2.0,ICTPST,Y16T24,ES212,PT,85.35
2019,2.0,ICTSSHT,Y16T24,ES212,PT,73.9
2019,2.0,ICTPRGM,Y16T24,ES212,PT,6.83
2019,2.0,ICTTRFF,Y16T24,ES212,PT,88.57
2019,2.0,ICTSFWR,Y16T24,ES212,PT,85.17
2019,2.0,ICTPRVCY,Y16T24,ES212,PT,19.62
2019,2.0,,Y16T24,ES212,PT,98.73
2019,2.0,ICTCPT,Y16T24,ES213,PT,92.96
2019,2.0,ICTPST,Y16T24,ES213,PT,90.71
2019,2.0,ICTSSHT,Y16T24,ES213,PT,67.84
2019,2.0,ICTPRGM,Y16T24,ES213,PT,10.67
2019,2.0,ICTTRFF,Y16T24,ES213,PT,88.98
2019,2.0,ICTSFWR,Y16T24,ES213,PT,86.82
2019,2.0,ICTPRVCY,Y16T24,ES213,PT,23.45
2019,2.0,,Y16T24,ES213,PT,96.97
2019,2.0,ICTCPT,Y25T74,,PT,48.51
2019,2.0,ICTPST,Y25T74,,PT,36.51
2019,2.0,ICTSSHT,Y25T74,,PT,36.14
2019,2.0,ICTPRGM,Y25T74,,PT,2.4
2019,2.0,ICTTRFF,Y25T74,,PT,45.79
2019,2.0,ICTSFWR,Y25T74,,PT,46.69
2019,2.0,ICTPRVCY,Y25T74,,PT,10.57
2019,2.0,,Y25T74,,PT,60.78
2019,2.0,ICTCPT,Y25T74,ES211,PT,46.87
2019,2.0,ICTPST,Y25T74,ES211,PT,37.25
2019,2.0,ICTSSHT,Y25T74,ES211,PT,36.59
2019,2.0,ICTPRGM,Y25T74,ES211,PT,2.46
2019,2.0,ICTTRFF,Y25T74,ES211,PT,44.01
2019,2.0,ICTSFWR,Y25T74,ES211,PT,45.81
2019,2.0,ICTPRVCY,Y25T74,ES211,PT,7.88
2019,2.0,,Y25T74,ES211,PT,62.2
2019,2.0,ICTCPT,Y25T74,ES212,PT,48.54
2019,2.0,ICTPST,Y25T74,ES212,PT,37.87
2019,2.0,ICTSSHT,Y25T74,ES212,PT,37.74
2019,2.0,ICTPRGM,Y25T74,ES212,PT,2.21
2019,2.0,ICTTRFF,Y25T74,ES212,PT,45.68
2019,2.0,ICTSFWR,Y25T74,ES212,PT,45.07
2019,2.0,ICTPRVCY,Y25T74,ES212,PT,8.62
2019,2.0,,Y25T74,ES212,PT,59.31
2019,2.0,ICTCPT,Y25T74,ES213,PT,48.95
2019,2.0,ICTPST,Y25T74,ES213,PT,35.49
2019,2.0,ICTSSHT,Y25T74,ES213,PT,35.04
2019,2.0,ICTPRGM,Y25T74,ES213,PT,2.51
2019,2.0,ICTTRFF,Y25T74,ES213,PT,46.36
2019,2.0,ICTSFWR,Y25T74,ES213,PT,47.91
2019,2.0,ICTPRVCY,Y25T74,ES213,PT,12.49
2019,2.0,,Y25T74,ES213,PT,61.28
2020,,ICTCPT,Y16T74,,PT,55.36
2020,,ICTPST,Y16T74,,PT,45.0
2020,,ICTSSHT,Y16T74,,PT,41.11
2020,,ICTPRGM,Y16T74,,PT,5.69
2020,,ICTTRFF,Y16T74,,PT,55.16
2020,,ICTSFWR,Y16T74,,PT,58.78
2020,,ICTPRVCY,Y16T74,,PT,28.44
2020,,,Y16T74,,PT,69.83
2020,,ICTCPT,Y16T74,ES211,PT,54.04
2020,,ICTPST,Y16T74,ES211,PT,43.03
2020,,ICTSSHT,Y16T74,ES211,PT,39.71
2020,,ICTPRGM,Y16T74,ES211,PT,5.73
2020,,ICTTRFF,Y16T74,ES211,PT,55.92
2020,,ICTSFWR,Y16T74,ES211,PT,57.26
2020,,ICTPRVCY,Y16T74,ES211,PT,26.81
2020,,,Y16T74,ES211,PT,70.14
2020,,ICTCPT,Y16T74,ES212,PT,57.68
2020,,ICTPST,Y16T74,ES212,PT,45.75
2020,,ICTSSHT,Y16T74,ES212,PT,41.61
2020,,ICTPRGM,Y16T74,ES212,PT,5.58
2020,,ICTTRFF,Y16T74,ES212,PT,56.4
2020,,ICTSFWR,Y16T74,ES212,PT,60.23
2020,,ICTPRVCY,Y16T74,ES212,PT,30.07
2020,,,Y16T74,ES212,PT,70.18
2020,,ICTCPT,Y16T74,ES213,PT,54.32
2020,,ICTPST,Y16T74,ES213,PT,45.11
2020,,ICTSSHT,Y16T74,ES213,PT,41.21
2020,,ICTPRGM,Y16T74,ES213,PT,5.74
2020,,ICTTRFF,Y16T74,ES213,PT,54.17
2020,,ICTSFWR,Y16T74,ES213,PT,58.33
2020,,ICTPRVCY,Y16T74,ES213,PT,27.9
2020,,,Y16T74,ES213,PT,69.53
2020,,ICTCPT,Y16T24,,PT,86.56
2020,,ICTPST,Y16T24,,PT,86.45
2020,,ICTSSHT,Y16T24,,PT,70.73
2020,,ICTPRGM,Y16T24,,PT,13.21
2020,,ICTTRFF,Y16T24,,PT,84.6
2020,,ICTSFWR,Y16T24,,PT,87.51
2020,,ICTPRVCY,Y16T24,,PT,47.09
2020,,,Y16T24,,PT,95.9
2020,,ICTCPT,Y16T24,ES211,PT,80.63
2020,,ICTPST,Y16T24,ES211,PT,78.9
2020,,ICTSSHT,Y16T24,ES211,PT,68.93
2020,,ICTPRGM,Y16T24,ES211,PT,7.03
2020,,ICTTRFF,Y16T24,ES211,PT,86.93
2020,,ICTSFWR,Y16T24,ES211,PT,92.37
2020,,ICTPRVCY,Y16T24,ES211,PT,50.88
2020,,,Y16T24,ES211,PT,98.43
2020,,ICTCPT,Y16T24,ES212,PT,94.1
2020,,ICTPST,Y16T24,ES212,PT,89.58
2020,,ICTSSHT,Y16T24,ES212,PT,74.4
2020,,ICTPRGM,Y16T24,ES212,PT,11.7
2020,,ICTTRFF,Y16T24,ES212,PT,84.57
2020,,ICTSFWR,Y16T24,ES212,PT,85.98
2020,,ICTPRVCY,Y16T24,ES212,PT,46.46
2020,,,Y16T24,ES212,PT,97.22
2020,,ICTCPT,Y16T24,ES213,PT,83.31
2020,,ICTPST,Y16T24,ES213,PT,86.64
2020,,ICTSSHT,Y16T24,ES213,PT,68.82
2020,,ICTPRGM,Y16T24,ES213,PT,16.12
2020,,ICTTRFF,Y16T24,ES213,PT,83.91
2020,,ICTSFWR,Y16T24,ES213,PT,87.06
2020,,ICTPRVCY,Y16T24,ES213,PT,46.35
2020,,,Y16T24,ES213,PT,94.24
2020,,ICTCPT,Y25T74,,PT,51.5
2020,,ICTPST,Y25T74,,PT,39.86
2020,,ICTSSHT,Y25T74,,PT,37.44
2020,,ICTPRGM,Y25T74,,PT,4.76
2020,,ICTTRFF,Y25T74,,PT,51.51
2020,,ICTSFWR,Y25T74,,PT,55.22
2020,,ICTPRVCY,Y25T74,,PT,26.13
2020,,,Y25T74,,PT,66.6
2020,,ICTCPT,Y25T74,ES211,PT,50.7
2020,,ICTPST,Y25T74,ES211,PT,38.53
2020,,ICTSSHT,Y25T74,ES211,PT,36.04
2020,,ICTPRGM,Y25T74,ES211,PT,5.57
2020,,ICTTRFF,Y25T74,ES211,PT,52.03
2020,,ICTSFWR,Y25T74,ES211,PT,52.86
2020,,ICTPRVCY,Y25T74,ES211,PT,23.79
2020,,,Y25T74,ES211,PT,66.59
2020,,ICTCPT,Y25T74,ES212,PT,52.91
2020,,ICTPST,Y25T74,ES212,PT,40.01
2020,,ICTSSHT,Y25T74,ES212,PT,37.32
2020,,ICTPRGM,Y25T74,ES212,PT,4.78
2020,,ICTTRFF,Y25T74,ES212,PT,52.71
2020,,ICTSFWR,Y25T74,ES212,PT,56.86
2020,,ICTPRVCY,Y25T74,ES212,PT,27.92
2020,,,Y25T74,ES212,PT,66.64
2020,,ICTCPT,Y25T74,ES213,PT,50.87
2020,,ICTPST,Y25T74,ES213,PT,40.16
2020,,ICTSSHT,Y25T74,ES213,PT,37.91
2020,,ICTPRGM,Y25T74,ES213,PT,4.51
2020,,ICTTRFF,Y25T74,ES213,PT,50.63
2020,,ICTSFWR,Y25T74,ES213,PT,54.9
2020,,ICTPRVCY,Y25T74,ES213,PT,25.71
2020,,,Y25T74,ES213,PT,66.58
2020,1.0,ICTCPT,Y16T74,,PT,57.3
2020,1.0,ICTPST,Y16T74,,PT,45.46
2020,1.0,ICTSSHT,Y16T74,,PT,42.48
2020,1.0,ICTPRGM,Y16T74,,PT,7.37
2020,1.0,ICTTRFF,Y16T74,,PT,57.79
2020,1.0,ICTSFWR,Y16T74,,PT,60.91
2020,1.0,ICTPRVCY,Y16T74,,PT,31.46
2020,1.0,,Y16T74,,PT,71.39
2020,1.0,ICTCPT,Y16T74,ES211,PT,54.32
2020,1.0,ICTPST,Y16T74,ES211,PT,43.65
2020,1.0,ICTSSHT,Y16T74,ES211,PT,39.7
2020,1.0,ICTPRGM,Y16T74,ES211,PT,6.83
2020,1.0,ICTTRFF,Y16T74,ES211,PT,57.59
2020,1.0,ICTSFWR,Y16T74,ES211,PT,58.72
2020,1.0,ICTPRVCY,Y16T74,ES211,PT,29.26
2020,1.0,,Y16T74,ES211,PT,69.49
2020,1.0,ICTCPT,Y16T74,ES212,PT,58.37
2020,1.0,ICTPST,Y16T74,ES212,PT,44.97
2020,1.0,ICTSSHT,Y16T74,ES212,PT,40.86
2020,1.0,ICTPRGM,Y16T74,ES212,PT,6.65
2020,1.0,ICTTRFF,Y16T74,ES212,PT,59.22
2020,1.0,ICTSFWR,Y16T74,ES212,PT,63.68
2020,1.0,ICTPRVCY,Y16T74,ES212,PT,33.15
2020,1.0,,Y16T74,ES212,PT,72.34
2020,1.0,ICTCPT,Y16T74,ES213,PT,57.51
2020,1.0,ICTPST,Y16T74,ES213,PT,46.29
2020,1.0,ICTSSHT,Y16T74,ES213,PT,44.29
2020,1.0,ICTPRGM,Y16T74,ES213,PT,7.98
2020,1.0,ICTTRFF,Y16T74,ES213,PT,56.96
2020,1.0,ICTSFWR,Y16T74,ES213,PT,59.84
2020,1.0,ICTPRVCY,Y16T74,ES213,PT,31.07
2020,1.0,,Y16T74,ES213,PT,71.36
2020,1.0,ICTCPT,Y16T24,,PT,85.21
2020,1.0,ICTPST,Y16T24,,PT,86.4
2020,1.0,ICTSSHT,Y16T24,,PT,72.51
2020,1.0,ICTPRGM,Y16T24,,PT,16.53
2020,1.0,ICTTRFF,Y16T24,,PT,84.76
2020,1.0,ICTSFWR,Y16T24,,PT,88.17
2020,1.0,ICTPRVCY,Y16T24,,PT,47.85
2020,1.0,,Y16T24,,PT,95.33
2020,1.0,ICTCPT,Y16T24,ES211,PT,80.49
2020,1.0,ICTPST,Y16T24,ES211,PT,82.49
2020,1.0,ICTSSHT,Y16T24,ES211,PT,72.68
2020,1.0,ICTPRGM,Y16T24,ES211,PT,9.56
2020,1.0,ICTTRFF,Y16T24,ES211,PT,90.97
2020,1.0,ICTSFWR,Y16T24,ES211,PT,92.8
2020,1.0,ICTPRVCY,Y16T24,ES211,PT,49.01
2020,1.0,,Y16T24,ES211,PT,100.0
2020,1.0,ICTCPT,Y16T24,ES212,PT,92.67
2020,1.0,ICTPST,Y16T24,ES212,PT,89.18
2020,1.0,ICTSSHT,Y16T24,ES212,PT,73.69
2020,1.0,ICTPRGM,Y16T24,ES212,PT,13.92
2020,1.0,ICTTRFF,Y16T24,ES212,PT,85.47
2020,1.0,ICTSFWR,Y16T24,ES212,PT,89.68
2020,1.0,ICTPRVCY,Y16T24,ES212,PT,47.94
2020,1.0,,Y16T24,ES212,PT,98.09
2020,1.0,ICTCPT,Y16T24,ES213,PT,81.67
2020,1.0,ICTPST,Y16T24,ES213,PT,85.77
2020,1.0,ICTSSHT,Y16T24,ES213,PT,71.66
2020,1.0,ICTPRGM,Y16T24,ES213,PT,20.49
2020,1.0,ICTTRFF,Y16T24,ES213,PT,82.32
2020,1.0,ICTSFWR,Y16T24,ES213,PT,85.69
2020,1.0,ICTPRVCY,Y16T24,ES213,PT,47.43
2020,1.0,,Y16T24,ES213,PT,91.99
2020,1.0,ICTCPT,Y25T74,,PT,53.66
2020,1.0,ICTPST,Y25T74,,PT,40.12
2020,1.0,ICTSSHT,Y25T74,,PT,38.56
2020,1.0,ICTPRGM,Y25T74,,PT,6.18
2020,1.0,ICTTRFF,Y25T74,,PT,54.27
2020,1.0,ICTSFWR,Y25T74,,PT,57.35
2020,1.0,ICTPRVCY,Y25T74,,PT,29.32
2020,1.0,,Y25T74,,PT,68.27
2020,1.0,ICTCPT,Y25T74,ES211,PT,50.74
2020,1.0,ICTPST,Y25T74,ES211,PT,38.34
2020,1.0,ICTSSHT,Y25T74,ES211,PT,35.19
2020,1.0,ICTPRGM,Y25T74,ES211,PT,6.46
2020,1.0,ICTTRFF,Y25T74,ES211,PT,53.03
2020,1.0,ICTSFWR,Y25T74,ES211,PT,54.06
2020,1.0,ICTPRVCY,Y25T74,ES211,PT,26.56
2020,1.0,,Y25T74,ES211,PT,65.32
2020,1.0,ICTCPT,Y25T74,ES212,PT,53.66
2020,1.0,ICTPST,Y25T74,ES212,PT,38.9
2020,1.0,ICTSSHT,Y25T74,ES212,PT,36.35
2020,1.0,ICTPRGM,Y25T74,ES212,PT,5.65
2020,1.0,ICTTRFF,Y25T74,ES212,PT,55.62
2020,1.0,ICTSFWR,Y25T74,ES212,PT,60.11
2020,1.0,ICTPRVCY,Y25T74,ES212,PT,31.11
2020,1.0,,Y25T74,ES212,PT,68.8
2020,1.0,ICTCPT,Y25T74,ES213,PT,54.51
2020,1.0,ICTPST,Y25T74,ES213,PT,41.38
2020,1.0,ICTSSHT,Y25T74,ES213,PT,40.89
2020,1.0,ICTPRGM,Y25T74,ES213,PT,6.42
2020,1.0,ICTTRFF,Y25T74,ES213,PT,53.8
2020,1.0,ICTSFWR,Y25T74,ES213,PT,56.62
2020,1.0,ICTPRVCY,Y25T74,ES213,PT,29.03
2020,1.0,,Y25T74,ES213,PT,68.8
2020,2.0,ICTCPT,Y16T74,,PT,53.47
2020,2.0,ICTPST,Y16T74,,PT,44.55
2020,2.0,ICTSSHT,Y16T74,,PT,39.77
2020,2.0,ICTPRGM,Y16T74,,PT,4.04
2020,2.0,ICTTRFF,Y16T74,,PT,52.59
2020,2.0,ICTSFWR,Y16T74,,PT,56.7
2020,2.0,ICTPRVCY,Y16T74,,PT,25.47
2020,2.0,,Y16T74,,PT,68.3
2020,2.0,ICTCPT,Y16T74,ES211,PT,53.75
2020,2.0,ICTPST,Y16T74,ES211,PT,42.42
2020,2.0,ICTSSHT,Y16T74,ES211,PT,39.72
2020,2.0,ICTPRGM,Y16T74,ES211,PT,4.65
2020,2.0,ICTTRFF,Y16T74,ES211,PT,54.29
2020,2.0,ICTSFWR,Y16T74,ES211,PT,55.84
2020,2.0,ICTPRVCY,Y16T74,ES211,PT,24.4
2020,2.0,,Y16T74,ES211,PT,70.78
2020,2.0,ICTCPT,Y16T74,ES212,PT,57.0
2020,2.0,ICTPST,Y16T74,ES212,PT,46.51
2020,2.0,ICTSSHT,Y16T74,ES212,PT,42.34
2020,2.0,ICTPRGM,Y16T74,ES212,PT,4.53
2020,2.0,ICTTRFF,Y16T74,ES212,PT,53.65
2020,2.0,ICTSFWR,Y16T74,ES212,PT,56.86
2020,2.0,ICTPRVCY,Y16T74,ES212,PT,27.06
2020,2.0,,Y16T74,ES212,PT,68.07
2020,2.0,ICTCPT,Y16T74,ES213,PT,51.2
2020,2.0,ICTPST,Y16T74,ES213,PT,43.95
2020,2.0,ICTSSHT,Y16T74,ES213,PT,38.18
2020,2.0,ICTPRGM,Y16T74,ES213,PT,3.56
2020,2.0,ICTTRFF,Y16T74,ES213,PT,51.44
2020,2.0,ICTSFWR,Y16T74,ES213,PT,56.85
2020,2.0,ICTPRVCY,Y16T74,ES213,PT,24.81
2020,2.0,,Y16T74,ES213,PT,67.73
2020,2.0,ICTCPT,Y16T24,,PT,88.02
2020,2.0,ICTPST,Y16T24,,PT,86.5
2020,2.0,ICTSSHT,Y16T24,,PT,68.82
2020,2.0,ICTPRGM,Y16T24,,PT,9.66
2020,2.0,ICTTRFF,Y16T24,,PT,84.43
2020,2.0,ICTSFWR,Y16T24,,PT,86.8
2020,2.0,ICTPRVCY,Y16T24,,PT,46.26
2020,2.0,,Y16T24,,PT,96.5
2020,2.0,ICTCPT,Y16T24,ES211,PT,80.79
2020,2.0,ICTPST,Y16T24,ES211,PT,74.79
2020,2.0,ICTSSHT,Y16T24,ES211,PT,64.62
2020,2.0,ICTPRGM,Y16T24,ES211,PT,4.12
2020,2.0,ICTTRFF,Y16T24,ES211,PT,82.29
2020,2.0,ICTSFWR,Y16T24,ES211,PT,91.87
2020,2.0,ICTPRVCY,Y16T24,ES211,PT,53.03
2020,2.0,,Y16T24,ES211,PT,96.62
2020,2.0,ICTCPT,Y16T24,ES212,PT,95.62
2020,2.0,ICTPST,Y16T24,ES212,PT,90.02
2020,2.0,ICTSSHT,Y16T24,ES212,PT,75.14
2020,2.0,ICTPRGM,Y16T24,ES212,PT,9.35
2020,2.0,ICTTRFF,Y16T24,ES212,PT,83.61
2020,2.0,ICTSFWR,Y16T24,ES212,PT,82.04
2020,2.0,ICTPRVCY,Y16T24,ES212,PT,44.88
2020,2.0,,Y16T24,ES212,PT,96.29
2020,2.0,ICTCPT,Y16T24,ES213,PT,85.05
2020,2.0,ICTPST,Y16T24,ES213,PT,87.56
2020,2.0,ICTSSHT,Y16T24,ES213,PT,65.82
2020,2.0,ICTPRGM,Y16T24,ES213,PT,11.49
2020,2.0,ICTTRFF,Y16T24,ES213,PT,85.6
2020,2.0,ICTSFWR,Y16T24,ES213,PT,88.51
2020,2.0,ICTPRVCY,Y16T24,ES213,PT,45.21
2020,2.0,,Y16T24,ES213,PT,96.61
2020,2.0,ICTCPT,Y25T74,,PT,49.4
2020,2.0,ICTPST,Y25T74,,PT,39.61
2020,2.0,ICTSSHT,Y25T74,,PT,36.35
2020,2.0,ICTPRGM,Y25T74,,PT,3.38
2020,2.0,ICTTRFF,Y25T74,,PT,48.84
2020,2.0,ICTSFWR,Y25T74,,PT,53.16
2020,2.0,ICTPRVCY,Y25T74,,PT,23.03
2020,2.0,,Y25T74,,PT,64.99
2020,2.0,ICTCPT,Y25T74,ES211,PT,50.65
2020,2.0,ICTPST,Y25T74,ES211,PT,38.71
2020,2.0,ICTSSHT,Y25T74,ES211,PT,36.87
2020,2.0,ICTPRGM,Y25T74,ES211,PT,4.71
2020,2.0,ICTTRFF,Y25T74,ES211,PT,51.08
2020,2.0,ICTSFWR,Y25T74,ES211,PT,51.71
2020,2.0,ICTPRVCY,Y25T74,ES211,PT,21.12
2020,2.0,,Y25T74,ES211,PT,67.82
2020,2.0,ICTCPT,Y25T74,ES212,PT,52.18
2020,2.0,ICTPST,Y25T74,ES212,PT,41.08
2020,2.0,ICTSSHT,Y25T74,ES212,PT,38.26
2020,2.0,ICTPRGM,Y25T74,ES212,PT,3.93
2020,2.0,ICTTRFF,Y25T74,ES212,PT,49.91
2020,2.0,ICTSFWR,Y25T74,ES212,PT,53.72
2020,2.0,ICTPRVCY,Y25T74,ES212,PT,24.83
2020,2.0,,Y25T74,ES212,PT,64.55
2020,2.0,ICTCPT,Y25T74,ES213,PT,47.33
2020,2.0,ICTPST,Y25T74,ES213,PT,38.97
2020,2.0,ICTSSHT,Y25T74,ES213,PT,35.03
2020,2.0,ICTPRGM,Y25T74,ES213,PT,2.65
2020,2.0,ICTTRFF,Y25T74,ES213,PT,47.54
2020,2.0,ICTSFWR,Y25T74,ES213,PT,53.23
2020,2.0,ICTPRVCY,Y25T74,ES213,PT,22.48
2020,2.0,,Y25T74,ES213,PT,64.43
2021,,ICTCPT,Y16T74,,PT,61.48
2021,,ICTPST,Y16T74,,PT,45.95
2021,,ICTSSHT,Y16T74,,PT,44.44
2021,,ICTPRGM,Y16T74,,PT,5.27
2021,,ICTTRFF,Y16T74,,PT,60.29
2021,,ICTSFWR,Y16T74,,PT,64.64
2021,,ICTPRVCY,Y16T74,,PT,27.86
2021,,,Y16T74,,PT,75.0
2021,,ICTCPT,Y16T74,ES211,PT,61.94
2021,,ICTPST,Y16T74,ES211,PT,46.61
2021,,ICTSSHT,Y16T74,ES211,PT,44.08
2021,,ICTPRGM,Y16T74,ES211,PT,5.7
2021,,ICTTRFF,Y16T74,ES211,PT,59.61
2021,,ICTSFWR,Y16T74,ES211,PT,65.84
2021,,ICTPRVCY,Y16T74,ES211,PT,26.99
2021,,,Y16T74,ES211,PT,75.39
2021,,ICTCPT,Y16T74,ES212,PT,61.02
2021,,ICTPST,Y16T74,ES212,PT,45.38
2021,,ICTSSHT,Y16T74,ES212,PT,44.39
2021,,ICTPRGM,Y16T74,ES212,PT,5.21
2021,,ICTTRFF,Y16T74,ES212,PT,60.59
2021,,ICTSFWR,Y16T74,ES212,PT,64.61
2021,,ICTPRVCY,Y16T74,ES212,PT,28.08
2021,,,Y16T74,ES212,PT,75.41
2021,,ICTCPT,Y16T74,ES213,PT,61.63
2021,,ICTPST,Y16T74,ES213,PT,46.11
2021,,ICTSSHT,Y16T74,ES213,PT,44.57
2021,,ICTPRGM,Y16T74,ES213,PT,5.17
2021,,ICTTRFF,Y16T74,ES213,PT,60.31
2021,,ICTSFWR,Y16T74,ES213,PT,64.32
2021,,ICTPRVCY,Y16T74,ES213,PT,27.96
2021,,,Y16T74,ES213,PT,74.63
2021,,ICTCPT,Y16T24,,PT,86.58
2021,,ICTPST,Y16T24,,PT,82.84
2021,,ICTSSHT,Y16T24,,PT,67.34
2021,,ICTPRGM,Y16T24,,PT,14.65
2021,,ICTTRFF,Y16T24,,PT,85.19
2021,,ICTSFWR,Y16T24,,PT,88.68
2021,,ICTPRVCY,Y16T24,,PT,46.21
2021,,,Y16T24,,PT,96.16
2021,,ICTCPT,Y16T24,ES211,PT,85.68
2021,,ICTPST,Y16T24,ES211,PT,77.02
2021,,ICTSSHT,Y16T24,ES211,PT,61.31
2021,,ICTPRGM,Y16T24,ES211,PT,14.49
2021,,ICTTRFF,Y16T24,ES211,PT,82.26
2021,,ICTSFWR,Y16T24,ES211,PT,89.74
2021,,ICTPRVCY,Y16T24,ES211,PT,40.31
2021,,,Y16T24,ES211,PT,96.8
2021,,ICTCPT,Y16T24,ES212,PT,86.08
2021,,ICTPST,Y16T24,ES212,PT,84.72
2021,,ICTSSHT,Y16T24,ES212,PT,74.53
2021,,ICTPRGM,Y16T24,ES212,PT,14.93
2021,,ICTTRFF,Y16T24,ES212,PT,86.17
2021,,ICTSFWR,Y16T24,ES212,PT,90.48
2021,,ICTPRVCY,Y16T24,ES212,PT,47.31
2021,,,Y16T24,ES212,PT,98.44
2021,,ICTCPT,Y16T24,ES213,PT,87.2
2021,,ICTPST,Y16T24,ES213,PT,83.32
2021,,ICTSSHT,Y16T24,ES213,PT,64.2
2021,,ICTPRGM,Y16T24,ES213,PT,14.51
2021,,ICTTRFF,Y16T24,ES213,PT,85.4
2021,,ICTSFWR,Y16T24,ES213,PT,87.12
2021,,ICTPRVCY,Y16T24,ES213,PT,47.25
2021,,,Y16T24,ES213,PT,94.38
2021,,ICTCPT,Y25T74,,PT,58.11
2021,,ICTPST,Y25T74,,PT,41.0
2021,,ICTSSHT,Y25T74,,PT,41.37
2021,,ICTPRGM,Y25T74,,PT,4.0
2021,,ICTTRFF,Y25T74,,PT,56.95
2021,,ICTSFWR,Y25T74,,PT,61.41
2021,,ICTPRVCY,Y25T74,,PT,25.39
2021,,,Y25T74,,PT,72.16
2021,,ICTCPT,Y25T74,ES211,PT,58.69
2021,,ICTPST,Y25T74,ES211,PT,42.45
2021,,ICTSSHT,Y25T74,ES211,PT,41.73
2021,,ICTPRGM,Y25T74,ES211,PT,4.5
2021,,ICTTRFF,Y25T74,ES211,PT,56.51
2021,,ICTSFWR,Y25T74,ES211,PT,62.57
2021,,ICTPRVCY,Y25T74,ES211,PT,25.17
2021,,,Y25T74,ES211,PT,72.47
2021,,ICTCPT,Y25T74,ES212,PT,57.39
2021,,ICTPST,Y25T74,ES212,PT,39.69
2021,,ICTSSHT,Y25T74,ES212,PT,40.03
2021,,ICTPRGM,Y25T74,ES212,PT,3.81
2021,,ICTTRFF,Y25T74,ES212,PT,56.89
2021,,ICTSFWR,Y25T74,ES212,PT,60.86
2021,,ICTPRVCY,Y25T74,ES212,PT,25.3
2021,,,Y25T74,ES212,PT,72.07
2021,,ICTCPT,Y25T74,ES213,PT,58.38
2021,,ICTPST,Y25T74,ES213,PT,41.38
2021,,ICTSSHT,Y25T74,ES213,PT,42.07
2021,,ICTPRGM,Y25T74,ES213,PT,3.98
2021,,ICTTRFF,Y25T74,ES213,PT,57.11
2021,,ICTSFWR,Y25T74,ES213,PT,61.42
2021,,ICTPRVCY,Y25T74,ES213,PT,25.51
2021,,,Y25T74,ES213,PT,72.12
2021,1.0,ICTCPT,Y16T74,,PT,62.72
2021,1.0,ICTPST,Y16T74,,PT,46.84
2021,1.0,ICTSSHT,Y16T74,,PT,46.58
2021,1.0,ICTPRGM,Y16T74,,PT,7.4
2021,1.0,ICTTRFF,Y16T74,,PT,61.97
2021,1.0,ICTSFWR,Y16T74,,PT,68.05
2021,1.0,ICTPRVCY,Y16T74,,PT,32.22
2021,1.0,,Y16T74,,PT,76.24
2021,1.0,ICTCPT,Y16T74,ES211,PT,64.32
2021,1.0,ICTPST,Y16T74,ES211,PT,48.29
2021,1.0,ICTSSHT,Y16T74,ES211,PT,44.95
2021,1.0,ICTPRGM,Y16T74,ES211,PT,7.7
2021,1.0,ICTTRFF,Y16T74,ES211,PT,62.89
2021,1.0,ICTSFWR,Y16T74,ES211,PT,69.67
2021,1.0,ICTPRVCY,Y16T74,ES211,PT,29.91
2021,1.0,,Y16T74,ES211,PT,76.36
2021,1.0,ICTCPT,Y16T74,ES212,PT,60.21
2021,1.0,ICTPST,Y16T74,ES212,PT,43.74
2021,1.0,ICTSSHT,Y16T74,ES212,PT,44.77
2021,1.0,ICTPRGM,Y16T74,ES212,PT,7.81
2021,1.0,ICTTRFF,Y16T74,ES212,PT,61.18
2021,1.0,ICTSFWR,Y16T74,ES212,PT,67.13
2021,1.0,ICTPRVCY,Y16T74,ES212,PT,31.0
2021,1.0,,Y16T74,ES212,PT,75.76
2021,1.0,ICTCPT,Y16T74,ES213,PT,63.83
2021,1.0,ICTPST,Y16T74,ES213,PT,48.37
2021,1.0,ICTSSHT,Y16T74,ES213,PT,48.18
2021,1.0,ICTPRGM,Y16T74,ES213,PT,7.05
2021,1.0,ICTTRFF,Y16T74,ES213,PT,62.2
2021,1.0,ICTSFWR,Y16T74,ES213,PT,68.17
2021,1.0,ICTPRVCY,Y16T74,ES213,PT,33.67
2021,1.0,,Y16T74,ES213,PT,76.5
2021,1.0,ICTCPT,Y16T24,,PT,87.49
2021,1.0,ICTPST,Y16T24,,PT,82.55
2021,1.0,ICTSSHT,Y16T24,,PT,70.16
2021,1.0,ICTPRGM,Y16T24,,PT,17.82
2021,1.0,ICTTRFF,Y16T24,,PT,87.5
2021,1.0,ICTSFWR,Y16T24,,PT,90.82
2021,1.0,ICTPRVCY,Y16T24,,PT,53.26
2021,1.0,,Y16T24,,PT,95.71
2021,1.0,ICTCPT,Y16T24,ES211,PT,84.98
2021,1.0,ICTPST,Y16T24,ES211,PT,71.4
2021,1.0,ICTSSHT,Y16T24,ES211,PT,60.36
2021,1.0,ICTPRGM,Y16T24,ES211,PT,18.8
2021,1.0,ICTTRFF,Y16T24,ES211,PT,80.13
2021,1.0,ICTSFWR,Y16T24,ES211,PT,94.25
2021,1.0,ICTPRVCY,Y16T24,ES211,PT,42.22
2021,1.0,,Y16T24,ES211,PT,97.21
2021,1.0,ICTCPT,Y16T24,ES212,PT,85.97
2021,1.0,ICTPST,Y16T24,ES212,PT,82.42
2021,1.0,ICTSSHT,Y16T24,ES212,PT,76.33
2021,1.0,ICTPRGM,Y16T24,ES212,PT,20.33
2021,1.0,ICTTRFF,Y16T24,ES212,PT,91.14
2021,1.0,ICTSFWR,Y16T24,ES212,PT,93.67
2021,1.0,ICTPRVCY,Y16T24,ES212,PT,55.51
2021,1.0,,Y16T24,ES212,PT,98.26
2021,1.0,ICTCPT,Y16T24,ES213,PT,89.47
2021,1.0,ICTPST,Y16T24,ES213,PT,86.33
2021,1.0,ICTSSHT,Y16T24,ES213,PT,68.76
2021,1.0,ICTPRGM,Y16T24,ES213,PT,15.6
2021,1.0,ICTTRFF,Y16T24,ES213,PT,87.19
2021,1.0,ICTSFWR,Y16T24,ES213,PT,87.52
2021,1.0,ICTPRVCY,Y16T24,ES213,PT,55.21
2021,1.0,,Y16T24,ES213,PT,93.28
2021,1.0,ICTCPT,Y25T74,,PT,59.16
2021,1.0,ICTPST,Y25T74,,PT,41.72
2021,1.0,ICTSSHT,Y25T74,,PT,43.19
2021,1.0,ICTPRGM,Y25T74,,PT,5.9
2021,1.0,ICTTRFF,Y25T74,,PT,58.31
2021,1.0,ICTSFWR,Y25T74,,PT,64.79
2021,1.0,ICTPRVCY,Y25T74,,PT,29.21
2021,1.0,,Y25T74,,PT,73.44
2021,1.0,ICTCPT,Y25T74,ES211,PT,61.18
2021,1.0,ICTPST,Y25T74,ES211,PT,44.79
2021,1.0,ICTSSHT,Y25T74,ES211,PT,42.61
2021,1.0,ICTPRGM,Y25T74,ES211,PT,6.01
2021,1.0,ICTTRFF,Y25T74,ES211,PT,60.27
2021,1.0,ICTSFWR,Y25T74,ES211,PT,65.94
2021,1.0,ICTPRVCY,Y25T74,ES211,PT,28.04
2021,1.0,,Y25T74,ES211,PT,73.2
2021,1.0,ICTCPT,Y25T74,ES212,PT,56.08
2021,1.0,ICTPST,Y25T74,ES212,PT,37.52
2021,1.0,ICTSSHT,Y25T74,ES212,PT,39.7
2021,1.0,ICTPRGM,Y25T74,ES212,PT,5.8
2021,1.0,ICTTRFF,Y25T74,ES212,PT,56.37
2021,1.0,ICTSFWR,Y25T74,ES212,PT,62.86
2021,1.0,ICTPRVCY,Y25T74,ES212,PT,27.05
2021,1.0,,Y25T74,ES212,PT,72.14
2021,1.0,ICTCPT,Y25T74,ES213,PT,60.48
2021,1.0,ICTPST,Y25T74,ES213,PT,43.41
2021,1.0,ICTSSHT,Y25T74,ES213,PT,45.5
2021,1.0,ICTPRGM,Y25T74,ES213,PT,5.93
2021,1.0,ICTTRFF,Y25T74,ES213,PT,58.94
2021,1.0,ICTSFWR,Y25T74,ES213,PT,65.64
2021,1.0,ICTPRVCY,Y25T74,ES213,PT,30.86
2021,1.0,,Y25T74,ES213,PT,74.31
2021,2.0,ICTCPT,Y16T74,,PT,60.25
2021,2.0,ICTPST,Y16T74,,PT,45.07
2021,2.0,ICTSSHT,Y16T74,,PT,42.32
2021,2.0,ICTPRGM,Y16T74,,PT,3.14
2021,2.0,ICTTRFF,Y16T74,,PT,58.63
2021,2.0,ICTSFWR,Y16T74,,PT,61.24
2021,2.0,ICTPRVCY,Y16T74,,PT,23.51
2021,2.0,,Y16T74,,PT,73.76
2021,2.0,ICTCPT,Y16T74,ES211,PT,59.54
2021,2.0,ICTPST,Y16T74,ES211,PT,44.91
2021,2.0,ICTSSHT,Y16T74,ES211,PT,43.21
2021,2.0,ICTPRGM,Y16T74,ES211,PT,3.69
2021,2.0,ICTTRFF,Y16T74,ES211,PT,56.3
2021,2.0,ICTSFWR,Y16T74,ES211,PT,61.97
2021,2.0,ICTPRVCY,Y16T74,ES211,PT,24.05
2021,2.0,,Y16T74,ES211,PT,74.42
2021,2.0,ICTCPT,Y16T74,ES212,PT,61.84
2021,2.0,ICTPST,Y16T74,ES212,PT,47.05
2021,2.0,ICTSSHT,Y16T74,ES212,PT,44.01
2021,2.0,ICTPRGM,Y16T74,ES212,PT,2.57
2021,2.0,ICTTRFF,Y16T74,ES212,PT,59.99
2021,2.0,ICTSFWR,Y16T74,ES212,PT,62.05
2021,2.0,ICTPRVCY,Y16T74,ES212,PT,25.12
2021,2.0,,Y16T74,ES212,PT,75.04
2021,2.0,ICTCPT,Y16T74,ES213,PT,59.48
2021,2.0,ICTPST,Y16T74,ES213,PT,43.91
2021,2.0,ICTSSHT,Y16T74,ES213,PT,41.04
2021,2.0,ICTPRGM,Y16T74,ES213,PT,3.34
2021,2.0,ICTTRFF,Y16T74,ES213,PT,58.45
2021,2.0,ICTSFWR,Y16T74,ES213,PT,60.56
2021,2.0,ICTPRVCY,Y16T74,ES213,PT,22.38
2021,2.0,,Y16T74,ES213,PT,72.8
2021,2.0,ICTCPT,Y16T24,,PT,85.56
2021,2.0,ICTPST,Y16T24,,PT,83.18
2021,2.0,ICTSSHT,Y16T24,,PT,64.17
2021,2.0,ICTPRGM,Y16T24,,PT,11.1
2021,2.0,ICTTRFF,Y16T24,,PT,82.59
2021,2.0,ICTSFWR,Y16T24,,PT,86.29
2021,2.0,ICTPRVCY,Y16T24,,PT,38.31
2021,2.0,,Y16T24,,PT,96.66
2021,2.0,ICTCPT,Y16T24,ES211,PT,86.52
2021,2.0,ICTPST,Y16T24,ES211,PT,83.9
2021,2.0,ICTSSHT,Y16T24,ES211,PT,62.48
2021,2.0,ICTPRGM,Y16T24,ES211,PT,9.22
2021,2.0,ICTTRFF,Y16T24,ES211,PT,84.87
2021,2.0,ICTSFWR,Y16T24,ES211,PT,84.23
2021,2.0,ICTPRVCY,Y16T24,ES211,PT,37.98
2021,2.0,,Y16T24,ES211,PT,96.29
2021,2.0,ICTCPT,Y16T24,ES212,PT,86.21
2021,2.0,ICTPST,Y16T24,ES212,PT,87.54
2021,2.0,ICTSSHT,Y16T24,ES212,PT,72.32
2021,2.0,ICTPRGM,Y16T24,ES212,PT,8.26
2021,2.0,ICTTRFF,Y16T24,ES212,PT,80.03
2021,2.0,ICTSFWR,Y16T24,ES212,PT,86.55
2021,2.0,ICTPRVCY,Y16T24,ES212,PT,37.19
2021,2.0,,Y16T24,ES212,PT,98.66
2021,2.0,ICTCPT,Y16T24,ES213,PT,84.89
2021,2.0,ICTPST,Y16T24,ES213,PT,80.24
2021,2.0,ICTSSHT,Y16T24,ES213,PT,59.54
2021,2.0,ICTPRGM,Y16T24,ES213,PT,13.4
2021,2.0,ICTTRFF,Y16T24,ES213,PT,83.57
2021,2.0,ICTSFWR,Y16T24,ES213,PT,86.71
2021,2.0,ICTPRVCY,Y16T24,ES213,PT,39.11
2021,2.0,,Y16T24,ES213,PT,95.51
2021,2.0,ICTCPT,Y25T74,,PT,57.08
2021,2.0,ICTPST,Y25T74,,PT,40.29
2021,2.0,ICTSSHT,Y25T74,,PT,39.58
2021,2.0,ICTPRGM,Y25T74,,PT,2.15
2021,2.0,ICTTRFF,Y25T74,,PT,55.62
2021,2.0,ICTSFWR,Y25T74,,PT,58.11
2021,2.0,ICTPRVCY,Y25T74,,PT,21.65
2021,2.0,,Y25T74,,PT,70.9
2021,2.0,ICTCPT,Y25T74,ES211,PT,56.25
2021,2.0,ICTPST,Y25T74,ES211,PT,40.16
2021,2.0,ICTSSHT,Y25T74,ES211,PT,40.86
2021,2.0,ICTPRGM,Y25T74,ES211,PT,3.01
2021,2.0,ICTTRFF,Y25T74,ES211,PT,52.82
2021,2.0,ICTSFWR,Y25T74,ES211,PT,59.26
2021,2.0,ICTPRVCY,Y25T74,ES211,PT,22.35
2021,2.0,,Y25T74,ES211,PT,71.75
2021,2.0,ICTCPT,Y25T74,ES212,PT,58.7
2021,2.0,ICTPST,Y25T74,ES212,PT,41.83
2021,2.0,ICTSSHT,Y25T74,ES212,PT,40.36
2021,2.0,ICTPRGM,Y25T74,ES212,PT,1.84
2021,2.0,ICTTRFF,Y25T74,ES212,PT,57.41
2021,2.0,ICTSFWR,Y25T74,ES212,PT,58.89
2021,2.0,ICTPRVCY,Y25T74,ES212,PT,23.57
2021,2.0,,Y25T74,ES212,PT,72.0
2021,2.0,ICTCPT,Y25T74,ES213,PT,56.33
2021,2.0,ICTPST,Y25T74,ES213,PT,39.4
2021,2.0,ICTSSHT,Y25T74,ES213,PT,38.74
2021,2.0,ICTPRGM,Y25T74,ES213,PT,2.09
2021,2.0,ICTTRFF,Y25T74,ES213,PT,55.33
2021,2.0,ICTSFWR,Y25T74,ES213,PT,57.31
2021,2.0,ICTPRVCY,Y25T74,ES213,PT,20.3
2021,2.0,,Y25T74,ES213,PT,69.98
2022,,ICTCPT,Y16T74,,PT,57.2
2022,,ICTPST,Y16T74,,PT,42.31
2022,,ICTSSHT,Y16T74,,PT,42.23
2022,,ICTPRGM,Y16T74,,PT,5.26
2022,,ICTTRFF,Y16T74,,PT,52.11
2022,,ICTSFWR,Y16T74,,PT,54.02
2022,,ICTPRVCY,Y16T74,,PT,23.02
2022,,,Y16T74,,PT,68.79
2022,,ICTCPT,Y16T74,ES211,PT,56.74
2022,,ICTPST,Y16T74,ES211,PT,43.54
2022,,ICTSSHT,Y16T74,ES211,PT,44.9
2022,,ICTPRGM,Y16T74,ES211,PT,4.73
2022,,ICTTRFF,Y16T74,ES211,PT,52.54
2022,,ICTSFWR,Y16T74,ES211,PT,53.04
2022,,ICTPRVCY,Y16T74,ES211,PT,23.59
2022,,,Y16T74,ES211,PT,68.32
2022,,ICTCPT,Y16T74,ES212,PT,58.29
2022,,ICTPST,Y16T74,ES212,PT,42.32
2022,,ICTSSHT,Y16T74,ES212,PT,43.22
2022,,ICTPRGM,Y16T74,ES212,PT,5.69
2022,,ICTTRFF,Y16T74,ES212,PT,51.64
2022,,ICTSFWR,Y16T74,ES212,PT,53.61
2022,,ICTPRVCY,Y16T74,ES212,PT,23.66
2022,,,Y16T74,ES212,PT,69.41
2022,,ICTCPT,Y16T74,ES213,PT,56.66
2022,,ICTPST,Y16T74,ES213,PT,41.94
2022,,ICTSSHT,Y16T74,ES213,PT,40.86
2022,,ICTPRGM,Y16T74,ES213,PT,5.14
2022,,ICTTRFF,Y16T74,ES213,PT,52.27
2022,,ICTSFWR,Y16T74,ES213,PT,54.54
2022,,ICTPRVCY,Y16T74,ES213,PT,22.47
2022,,,Y16T74,ES213,PT,68.54
2022,,ICTCPT,Y16T24,,PT,87.44
2022,,ICTPST,Y16T24,,PT,81.29
2022,,ICTSSHT,Y16T24,,PT,68.34
2022,,ICTPRGM,Y16T24,,PT,11.04
2022,,ICTTRFF,Y16T24,,PT,78.1
2022,,ICTSFWR,Y16T24,,PT,81.06
2022,,ICTPRVCY,Y16T24,,PT,36.68
2022,,,Y16T24,,PT,95.52
2022,,ICTCPT,Y16T24,ES211,PT,82.61
2022,,ICTPST,Y16T24,ES211,PT,83.68
2022,,ICTSSHT,Y16T24,ES211,PT,74.63
2022,,ICTPRGM,Y16T24,ES211,PT,11.05
2022,,ICTTRFF,Y16T24,ES211,PT,81.74
2022,,ICTSFWR,Y16T24,ES211,PT,79.48
2022,,ICTPRVCY,Y16T24,ES211,PT,40.3
2022,,,Y16T24,ES211,PT,94.58
2022,,ICTCPT,Y16T24,ES212,PT,88.44
2022,,ICTPST,Y16T24,ES212,PT,78.19
2022,,ICTSSHT,Y16T24,ES212,PT,64.64
2022,,ICTPRGM,Y16T24,ES212,PT,10.53
2022,,ICTTRFF,Y16T24,ES212,PT,78.88
2022,,ICTSFWR,Y16T24,ES212,PT,80.0
2022,,ICTPRVCY,Y16T24,ES212,PT,35.6
2022,,,Y16T24,ES212,PT,96.1
2022,,ICTCPT,Y16T24,ES213,PT,88.08
2022,,ICTPST,Y16T24,ES213,PT,82.68
2022,,ICTSSHT,Y16T24,ES213,PT,69.09
2022,,ICTPRGM,Y16T24,ES213,PT,11.36
2022,,ICTTRFF,Y16T24,ES213,PT,76.61
2022,,ICTSFWR,Y16T24,ES213,PT,82.17
2022,,ICTPRVCY,Y16T24,ES213,PT,36.42
2022,,,Y16T24,ES213,PT,95.39
2022,,ICTCPT,Y25T74,,PT,53.21
2022,,ICTPST,Y25T74,,PT,37.16
2022,,ICTSSHT,Y25T74,,PT,38.78
2022,,ICTPRGM,Y25T74,,PT,4.49
2022,,ICTTRFF,Y25T74,,PT,48.68
2022,,ICTSFWR,Y25T74,,PT,50.45
2022,,ICTPRVCY,Y25T74,,PT,21.22
2022,,,Y25T74,,PT,65.26
2022,,ICTCPT,Y25T74,ES211,PT,53.65
2022,,ICTPST,Y25T74,ES211,PT,38.74
2022,,ICTSSHT,Y25T74,ES211,PT,41.35
2022,,ICTPRGM,Y25T74,ES211,PT,3.98
2022,,ICTTRFF,Y25T74,ES211,PT,49.05
2022,,ICTSFWR,Y25T74,ES211,PT,49.88
2022,,ICTPRVCY,Y25T74,ES211,PT,21.59
2022,,,Y25T74,ES211,PT,65.18
2022,,ICTCPT,Y25T74,ES212,PT,54.06
2022,,ICTPST,Y25T74,ES212,PT,37.28
2022,,ICTSSHT,Y25T74,ES212,PT,40.21
2022,,ICTPRGM,Y25T74,ES212,PT,5.01
2022,,ICTTRFF,Y25T74,ES212,PT,47.82
2022,,ICTSFWR,Y25T74,ES212,PT,49.91
2022,,ICTPRVCY,Y25T74,ES212,PT,21.98
2022,,,Y25T74,ES212,PT,65.66
2022,,ICTCPT,Y25T74,ES213,PT,52.56
2022,,ICTPST,Y25T74,ES213,PT,36.63
2022,,ICTSSHT,Y25T74,ES213,PT,37.17
2022,,ICTPRGM,Y25T74,ES213,PT,4.33
2022,,ICTTRFF,Y25T74,ES213,PT,49.1
2022,,ICTSFWR,Y25T74,ES213,PT,50.94
2022,,ICTPRVCY,Y25T74,ES213,PT,20.65
2022,,,Y25T74,ES213,PT,65.03
2022,1.0,ICTCPT,Y16T74,,PT,57.94
2022,1.0,ICTPST,Y16T74,,PT,41.65
2022,1.0,ICTSSHT,Y16T74,,PT,43.44
2022,1.0,ICTPRGM,Y16T74,,PT,7.25
2022,1.0,ICTTRFF,Y16T74,,PT,53.2
2022,1.0,ICTSFWR,Y16T74,,PT,56.24
2022,1.0,ICTPRVCY,Y16T74,,PT,26.75
2022,1.0,,Y16T74,,PT,69.4
2022,1.0,ICTCPT,Y16T74,ES211,PT,55.89
2022,1.0,ICTPST,Y16T74,ES211,PT,42.74
2022,1.0,ICTSSHT,Y16T74,ES211,PT,45.95
2022,1.0,ICTPRGM,Y16T74,ES211,PT,6.49
2022,1.0,ICTTRFF,Y16T74,ES211,PT,52.16
2022,1.0,ICTSFWR,Y16T74,ES211,PT,55.98
2022,1.0,ICTPRVCY,Y16T74,ES211,PT,28.03
2022,1.0,,Y16T74,ES211,PT,68.86
2022,1.0,ICTCPT,Y16T74,ES212,PT,58.68
2022,1.0,ICTPST,Y16T74,ES212,PT,40.93
2022,1.0,ICTSSHT,Y16T74,ES212,PT,43.05
2022,1.0,ICTPRGM,Y16T74,ES212,PT,8.57
2022,1.0,ICTTRFF,Y16T74,ES212,PT,52.06
2022,1.0,ICTSFWR,Y16T74,ES212,PT,55.07
2022,1.0,ICTPRVCY,Y16T74,ES212,PT,26.07
2022,1.0,,Y16T74,ES212,PT,68.84
2022,1.0,ICTCPT,Y16T74,ES213,PT,58.08
2022,1.0,ICTPST,Y16T74,ES213,PT,41.79
2022,1.0,ICTSSHT,Y16T74,ES213,PT,42.95
2022,1.0,ICTPRGM,Y16T74,ES213,PT,6.64
2022,1.0,ICTTRFF,Y16T74,ES213,PT,54.22
2022,1.0,ICTSFWR,Y16T74,ES213,PT,57.05
2022,1.0,ICTPRVCY,Y16T74,ES213,PT,26.8
2022,1.0,,Y16T74,ES213,PT,69.91
2022,1.0,ICTCPT,Y16T24,,PT,85.38
2022,1.0,ICTPST,Y16T24,,PT,77.02
2022,1.0,ICTSSHT,Y16T24,,PT,67.98
2022,1.0,ICTPRGM,Y16T24,,PT,12.88
2022,1.0,ICTTRFF,Y16T24,,PT,75.19
2022,1.0,ICTSFWR,Y16T24,,PT,83.51
2022,1.0,ICTPRVCY,Y16T24,,PT,39.99
2022,1.0,,Y16T24,,PT,93.54
2022,1.0,ICTCPT,Y16T24,ES211,PT,73.96
2022,1.0,ICTPST,Y16T24,ES211,PT,73.54
2022,1.0,ICTSSHT,Y16T24,ES211,PT,76.98
2022,1.0,ICTPRGM,Y16T24,ES211,PT,17.3
2022,1.0,ICTTRFF,Y16T24,ES211,PT,77.94
2022,1.0,ICTSFWR,Y16T24,ES211,PT,76.66
2022,1.0,ICTPRVCY,Y16T24,ES211,PT,42.88
2022,1.0,,Y16T24,ES211,PT,92.71
2022,1.0,ICTCPT,Y16T24,ES212,PT,89.39
2022,1.0,ICTPST,Y16T24,ES212,PT,72.35
2022,1.0,ICTSSHT,Y16T24,ES212,PT,63.16
2022,1.0,ICTPRGM,Y16T24,ES212,PT,16.01
2022,1.0,ICTTRFF,Y16T24,ES212,PT,78.83
2022,1.0,ICTSFWR,Y16T24,ES212,PT,85.47
2022,1.0,ICTPRVCY,Y16T24,ES212,PT,33.21
2022,1.0,,Y16T24,ES212,PT,96.4
2022,1.0,ICTCPT,Y16T24,ES213,PT,85.75
2022,1.0,ICTPST,Y16T24,ES213,PT,81.08
2022,1.0,ICTSSHT,Y16T24,ES213,PT,68.79
2022,1.0,ICTPRGM,Y16T24,ES213,PT,9.61
2022,1.0,ICTTRFF,Y16T24,ES213,PT,72.02
2022,1.0,ICTSFWR,Y16T24,ES213,PT,84.03
2022,1.0,ICTPRVCY,Y16T24,ES213,PT,43.76
2022,1.0,,Y16T24,ES213,PT,91.84
2022,1.0,ICTCPT,Y25T74,,PT,54.17
2022,1.0,ICTPST,Y25T74,,PT,36.79
2022,1.0,ICTSSHT,Y25T74,,PT,40.07
2022,1.0,ICTPRGM,Y25T74,,PT,6.47
2022,1.0,ICTTRFF,Y25T74,,PT,50.17
2022,1.0,ICTSFWR,Y25T74,,PT,52.49
2022,1.0,ICTPRVCY,Y25T74,,PT,24.92
2022,1.0,,Y25T74,,PT,66.08
2022,1.0,ICTCPT,Y25T74,ES211,PT,53.67
2022,1.0,ICTPST,Y25T74,ES211,PT,38.95
2022,1.0,ICTSSHT,Y25T74,ES211,PT,42.14
2022,1.0,ICTPRGM,Y25T74,ES211,PT,5.16
2022,1.0,ICTTRFF,Y25T74,ES211,PT,48.99
2022,1.0,ICTSFWR,Y25T74,ES211,PT,53.44
2022,1.0,ICTPRVCY,Y25T74,ES211,PT,26.21
2022,1.0,,Y25T74,ES211,PT,65.93
2022,1.0,ICTCPT,Y25T74,ES212,PT,54.18
2022,1.0,ICTPST,Y25T74,ES212,PT,36.33
2022,1.0,ICTSSHT,Y25T74,ES212,PT,40.1
2022,1.0,ICTPRGM,Y25T74,ES212,PT,7.48
2022,1.0,ICTTRFF,Y25T74,ES212,PT,48.14
2022,1.0,ICTSFWR,Y25T74,ES212,PT,50.62
2022,1.0,ICTPRVCY,Y25T74,ES212,PT,25.02
2022,1.0,,Y25T74,ES212,PT,64.8
2022,1.0,ICTCPT,Y25T74,ES213,PT,54.3
2022,1.0,ICTPST,Y25T74,ES213,PT,36.43
2022,1.0,ICTSSHT,Y25T74,ES213,PT,39.43
2022,1.0,ICTPRGM,Y25T74,ES213,PT,6.23
2022,1.0,ICTTRFF,Y25T74,ES213,PT,51.79
2022,1.0,ICTSFWR,Y25T74,ES213,PT,53.37
2022,1.0,ICTPRVCY,Y25T74,ES213,PT,24.49
2022,1.0,,Y25T74,ES213,PT,66.92
2022,2.0,ICTCPT,Y16T74,,PT,56.49
2022,2.0,ICTPST,Y16T74,,PT,42.93
2022,2.0,ICTSSHT,Y16T74,,PT,41.07
2022,2.0,ICTPRGM,Y16T74,,PT,3.35
2022,2.0,ICTTRFF,Y16T74,,PT,51.07
2022,2.0,ICTSFWR,Y16T74,,PT,51.89
2022,2.0,ICTPRVCY,Y16T74,,PT,19.46
2022,2.0,,Y16T74,,PT,68.2
2022,2.0,ICTCPT,Y16T74,ES211,PT,57.56
2022,2.0,ICTPST,Y16T74,ES211,PT,44.31
2022,2.0,ICTSSHT,Y16T74,ES211,PT,43.88
2022,2.0,ICTPRGM,Y16T74,ES211,PT,3.03
2022,2.0,ICTTRFF,Y16T74,ES211,PT,52.9
2022,2.0,ICTSFWR,Y16T74,ES211,PT,50.18
2022,2.0,ICTPRVCY,Y16T74,ES211,PT,19.28
2022,2.0,,Y16T74,ES211,PT,67.8
2022,2.0,ICTCPT,Y16T74,ES212,PT,57.91
2022,2.0,ICTPST,Y16T74,ES212,PT,43.69
2022,2.0,ICTSSHT,Y16T74,ES212,PT,43.39
2022,2.0,ICTPRGM,Y16T74,ES212,PT,2.84
2022,2.0,ICTTRFF,Y16T74,ES212,PT,51.23
2022,2.0,ICTSFWR,Y16T74,ES212,PT,52.17
2022,2.0,ICTPRVCY,Y16T74,ES212,PT,21.28
2022,2.0,,Y16T74,ES212,PT,69.97
2022,2.0,ICTCPT,Y16T74,ES213,PT,55.34
2022,2.0,ICTPST,Y16T74,ES213,PT,42.08
2022,2.0,ICTSSHT,Y16T74,ES213,PT,38.9
2022,2.0,ICTPRGM,Y16T74,ES213,PT,3.74
2022,2.0,ICTTRFF,Y16T74,ES213,PT,50.45
2022,2.0,ICTSFWR,Y16T74,ES213,PT,52.2
2022,2.0,ICTPRVCY,Y16T74,ES213,PT,18.43
2022,2.0,,Y16T74,ES213,PT,67.26
2022,2.0,ICTCPT,Y16T24,,PT,89.57
2022,2.0,ICTPST,Y16T24,,PT,85.68
2022,2.0,ICTSSHT,Y16T24,,PT,68.72
2022,2.0,ICTPRGM,Y16T24,,PT,9.13
2022,2.0,ICTTRFF,Y16T24,,PT,81.09
2022,2.0,ICTSFWR,Y16T24,,PT,78.54
2022,2.0,ICTPRVCY,Y16T24,,PT,33.27
2022,2.0,,Y16T24,,PT,97.55
2022,2.0,ICTCPT,Y16T24,ES211,PT,91.43
2022,2.0,ICTPST,Y16T24,ES211,PT,94.03
2022,2.0,ICTSSHT,Y16T24,ES211,PT,72.24
2022,2.0,ICTPRGM,Y16T24,ES211,PT,4.68
2022,2.0,ICTTRFF,Y16T24,ES211,PT,85.62
2022,2.0,ICTSFWR,Y16T24,ES211,PT,82.37
2022,2.0,ICTPRVCY,Y16T24,ES211,PT,37.67
2022,2.0,,Y16T24,ES211,PT,96.48
2022,2.0,ICTCPT,Y16T24,ES212,PT,87.43
2022,2.0,ICTPST,Y16T24,ES212,PT,84.41
2022,2.0,ICTSSHT,Y16T24,ES212,PT,66.21
2022,2.0,ICTPRGM,Y16T24,ES212,PT,4.69
2022,2.0,ICTTRFF,Y16T24,ES212,PT,78.94
2022,2.0,ICTSFWR,Y16T24,ES212,PT,74.19
2022,2.0,ICTPRVCY,Y16T24,ES212,PT,38.14
2022,2.0,,Y16T24,ES212,PT,95.77
2022,2.0,ICTCPT,Y16T24,ES213,PT,90.43
2022,2.0,ICTPST,Y16T24,ES213,PT,84.29
2022,2.0,ICTSSHT,Y16T24,ES213,PT,69.38
2022,2.0,ICTPRGM,Y16T24,ES213,PT,13.13
2022,2.0,ICTTRFF,Y16T24,ES213,PT,81.25
2022,2.0,ICTSFWR,Y16T24,ES213,PT,80.29
2022,2.0,ICTPRVCY,Y16T24,ES213,PT,29.02
2022,2.0,,Y16T24,ES213,PT,98.96
2022,2.0,ICTCPT,Y25T74,,PT,52.3
2022,2.0,ICTPST,Y25T74,,PT,37.51
2022,2.0,ICTSSHT,Y25T74,,PT,37.57
2022,2.0,ICTPRGM,Y25T74,,PT,2.62
2022,2.0,ICTTRFF,Y25T74,,PT,47.26
2022,2.0,ICTSFWR,Y25T74,,PT,48.51
2022,2.0,ICTPRVCY,Y25T74,,PT,17.71
2022,2.0,,Y25T74,,PT,64.48
2022,2.0,ICTCPT,Y25T74,ES211,PT,53.63
2022,2.0,ICTPST,Y25T74,ES211,PT,38.54
2022,2.0,ICTSSHT,Y25T74,ES211,PT,40.58
2022,2.0,ICTPRGM,Y25T74,ES211,PT,2.84
2022,2.0,ICTTRFF,Y25T74,ES211,PT,49.1
2022,2.0,ICTSFWR,Y25T74,ES211,PT,46.44
2022,2.0,ICTPRVCY,Y25T74,ES211,PT,17.14
2022,2.0,,Y25T74,ES211,PT,64.47
2022,2.0,ICTCPT,Y25T74,ES212,PT,53.94
2022,2.0,ICTPST,Y25T74,ES212,PT,38.22
2022,2.0,ICTSSHT,Y25T74,ES212,PT,40.32
2022,2.0,ICTPRGM,Y25T74,ES212,PT,2.59
2022,2.0,ICTTRFF,Y25T74,ES212,PT,47.5
2022,2.0,ICTSFWR,Y25T74,ES212,PT,49.21
2022,2.0,ICTPRVCY,Y25T74,ES212,PT,19.01
2022,2.0,,Y25T74,ES212,PT,66.5
2022,2.0,ICTCPT,Y25T74,ES213,PT,50.95
2022,2.0,ICTPST,Y25T74,ES213,PT,36.8
2022,2.0,ICTSSHT,Y25T74,ES213,PT,35.08
2022,2.0,ICTPRGM,Y25T74,ES213,PT,2.57
2022,2.0,ICTTRFF,Y25T74,ES213,PT,46.6
2022,2.0,ICTSFWR,Y25T74,ES213,PT,48.69
2022,2.0,ICTPRVCY,Y25T74,ES213,PT,17.11
2022,2.0,,Y25T74,ES213,PT,63.29
2023,,ICTCPT,Y16T74,,PT,56.25
2023,,ICTPST,Y16T74,,PT,41.06
2023,,ICTSSHT,Y16T74,,PT,41.85
2023,,ICTPRGM,Y16T74,,PT,6.23
2023,,ICTTRFF,Y16T74,,PT,49.97
2023,,ICTSFWR,Y16T74,,PT,51.59
2023,,ICTPRVCY,Y16T74,,PT,33.43
2023,,,Y16T74,,PT,71.49
2023,,ICTCPT,Y16T74,ES211,PT,54.82
2023,,ICTPST,Y16T74,ES211,PT,38.38
2023,,ICTSSHT,Y16T74,ES211,PT,37.35
2023,,ICTPRGM,Y16T74,ES211,PT,4.26
2023,,ICTTRFF,Y16T74,ES211,PT,46.04
2023,,ICTSFWR,Y16T74,ES211,PT,52.49
2023,,ICTPRVCY,Y16T74,ES211,PT,31.66
2023,,,Y16T74,ES211,PT,71.3
2023,,ICTCPT,Y16T74,ES212,PT,57.26
2023,,ICTPST,Y16T74,ES212,PT,42.92
2023,,ICTSSHT,Y16T74,ES212,PT,44.42
2023,,ICTPRGM,Y16T74,ES212,PT,6.12
2023,,ICTTRFF,Y16T74,ES212,PT,50.82
2023,,ICTSFWR,Y16T74,ES212,PT,50.67
2023,,ICTPRVCY,Y16T74,ES212,PT,32.69
2023,,,Y16T74,ES212,PT,71.95
2023,,ICTCPT,Y16T74,ES213,PT,56.04
2023,,ICTPST,Y16T74,ES213,PT,40.68
2023,,ICTSSHT,Y16T74,ES213,PT,41.54
2023,,ICTPRGM,Y16T74,ES213,PT,6.86
2023,,ICTTRFF,Y16T74,ES213,PT,50.57
2023,,ICTSFWR,Y16T74,ES213,PT,51.9
2023,,ICTPRVCY,Y16T74,ES213,PT,34.41
2023,,,Y16T74,ES213,PT,71.26
2023,,ICTCPT,Y16T24,,PT,89.14
2023,,ICTPST,Y16T24,,PT,83.54
2023,,ICTSSHT,Y16T24,,PT,63.58
2023,,ICTPRGM,Y16T24,,PT,16.58
2023,,ICTTRFF,Y16T24,,PT,77.6
2023,,ICTSFWR,Y16T24,,PT,76.57
2023,,ICTPRVCY,Y16T24,,PT,45.54
2023,,,Y16T24,,PT,95.87
2023,,ICTCPT,Y16T24,ES211,PT,94.85
2023,,ICTPST,Y16T24,ES211,PT,83.61
2023,,ICTSSHT,Y16T24,ES211,PT,57.79
2023,,ICTPRGM,Y16T24,ES211,PT,14.41
2023,,ICTTRFF,Y16T24,ES211,PT,83.91
2023,,ICTSFWR,Y16T24,ES211,PT,72.3
2023,,ICTPRVCY,Y16T24,ES211,PT,39.35
2023,,,Y16T24,ES211,PT,99.48
2023,,ICTCPT,Y16T24,ES212,PT,89.53
2023,,ICTPST,Y16T24,ES212,PT,85.71
2023,,ICTSSHT,Y16T24,ES212,PT,70.09
2023,,ICTPRGM,Y16T24,ES212,PT,12.47
2023,,ICTTRFF,Y16T24,ES212,PT,76.4
2023,,ICTSFWR,Y16T24,ES212,PT,79.31
2023,,ICTPRVCY,Y16T24,ES212,PT,48.36
2023,,,Y16T24,ES212,PT,97.29
2023,,ICTCPT,Y16T24,ES213,PT,87.1
2023,,ICTPST,Y16T24,ES213,PT,82.03
2023,,ICTSSHT,Y16T24,ES213,PT,60.93
2023,,ICTPRGM,Y16T24,ES213,PT,20.07
2023,,ICTTRFF,Y16T24,ES213,PT,76.45
2023,,ICTSFWR,Y16T24,ES213,PT,76.02
2023,,ICTPRVCY,Y16T24,ES213,PT,45.54
2023,,,Y16T24,ES213,PT,93.78
2023,,ICTCPT,Y25T74,,PT,51.9
2023,,ICTPST,Y25T74,,PT,35.44
2023,,ICTSSHT,Y25T74,,PT,38.98
2023,,ICTPRGM,Y25T74,,PT,4.86
2023,,ICTTRFF,Y25T74,,PT,46.31
2023,,ICTSFWR,Y25T74,,PT,48.28
2023,,ICTPRVCY,Y25T74,,PT,31.83
2023,,,Y25T74,,PT,68.27
2023,,ICTCPT,Y25T74,ES211,PT,49.29
2023,,ICTPST,Y25T74,ES211,PT,32.14
2023,,ICTSSHT,Y25T74,ES211,PT,34.53
2023,,ICTPRGM,Y25T74,ES211,PT,2.86
2023,,ICTTRFF,Y25T74,ES211,PT,40.81
2023,,ICTSFWR,Y25T74,ES211,PT,49.75
2023,,ICTPRVCY,Y25T74,ES211,PT,30.59
2023,,,Y25T74,ES211,PT,67.41
2023,,ICTCPT,Y25T74,ES212,PT,52.75
2023,,ICTPST,Y25T74,ES212,PT,36.94
2023,,ICTSSHT,Y25T74,ES212,PT,40.84
2023,,ICTPRGM,Y25T74,ES212,PT,5.23
2023,,ICTTRFF,Y25T74,ES212,PT,47.25
2023,,ICTSFWR,Y25T74,ES212,PT,46.67
2023,,ICTPRVCY,Y25T74,ES212,PT,30.5
2023,,,Y25T74,ES212,PT,68.42
2023,,ICTCPT,Y25T74,ES213,PT,52.12
2023,,ICTPST,Y25T74,ES213,PT,35.46
2023,,ICTSSHT,Y25T74,ES213,PT,39.1
2023,,ICTPRGM,Y25T74,ES213,PT,5.19
2023,,ICTTRFF,Y25T74,ES213,PT,47.3
2023,,ICTSFWR,Y25T74,ES213,PT,48.86
2023,,ICTPRVCY,Y25T74,ES213,PT,33.0
2023,,,Y25T74,ES213,PT,68.42
2023,1.0,ICTCPT,Y16T74,,PT,56.67
2023,1.0,ICTPST,Y16T74,,PT,40.29
2023,1.0,ICTSSHT,Y16T74,,PT,42.84
2023,1.0,ICTPRGM,Y16T74,,PT,8.1
2023,1.0,ICTTRFF,Y16T74,,PT,51.9
2023,1.0,ICTSFWR,Y16T74,,PT,54.26
2023,1.0,ICTPRVCY,Y16T74,,PT,37.7
2023,1.0,,Y16T74,,PT,72.52
2023,1.0,ICTCPT,Y16T74,ES211,PT,54.1
2023,1.0,ICTPST,Y16T74,ES211,PT,37.2
2023,1.0,ICTSSHT,Y16T74,ES211,PT,35.4
2023,1.0,ICTPRGM,Y16T74,ES211,PT,4.98
2023,1.0,ICTTRFF,Y16T74,ES211,PT,46.11
2023,1.0,ICTSFWR,Y16T74,ES211,PT,52.49
2023,1.0,ICTPRVCY,Y16T74,ES211,PT,37.29
2023,1.0,,Y16T74,ES211,PT,69.77
2023,1.0,ICTCPT,Y16T74,ES212,PT,57.43
2023,1.0,ICTPST,Y16T74,ES212,PT,43.52
2023,1.0,ICTSSHT,Y16T74,ES212,PT,45.65
2023,1.0,ICTPRGM,Y16T74,ES212,PT,8.95
2023,1.0,ICTTRFF,Y16T74,ES212,PT,52.26
2023,1.0,ICTSFWR,Y16T74,ES212,PT,54.55
2023,1.0,ICTPRVCY,Y16T74,ES212,PT,36.17
2023,1.0,,Y16T74,ES212,PT,73.03
2023,1.0,ICTCPT,Y16T74,ES213,PT,56.95
2023,1.0,ICTPST,Y16T74,ES213,PT,39.15
2023,1.0,ICTSSHT,Y16T74,ES213,PT,43.27
2023,1.0,ICTPRGM,Y16T74,ES213,PT,8.48
2023,1.0,ICTTRFF,Y16T74,ES213,PT,53.39
2023,1.0,ICTSFWR,Y16T74,ES213,PT,54.6
2023,1.0,ICTPRVCY,Y16T74,ES213,PT,38.78
2023,1.0,,Y16T74,ES213,PT,73.02
2023,1.0,ICTCPT,Y16T24,,PT,85.58
2023,1.0,ICTPST,Y16T24,,PT,77.2
2023,1.0,ICTSSHT,Y16T24,,PT,62.72
2023,1.0,ICTPRGM,Y16T24,,PT,20.82
2023,1.0,ICTTRFF,Y16T24,,PT,71.32
2023,1.0,ICTSFWR,Y16T24,,PT,73.67
2023,1.0,ICTPRVCY,Y16T24,,PT,47.3
2023,1.0,,Y16T24,,PT,93.15
2023,1.0,ICTCPT,Y16T24,ES211,PT,93.34
2023,1.0,ICTPST,Y16T24,ES211,PT,76.92
2023,1.0,ICTSSHT,Y16T24,ES211,PT,54.19
2023,1.0,ICTPRGM,Y16T24,ES211,PT,18.62
2023,1.0,ICTTRFF,Y16T24,ES211,PT,79.3
2023,1.0,ICTSFWR,Y16T24,ES211,PT,67.59
2023,1.0,ICTPRVCY,Y16T24,ES211,PT,38.16
2023,1.0,,Y16T24,ES211,PT,100.0
2023,1.0,ICTCPT,Y16T24,ES212,PT,84.13
2023,1.0,ICTPST,Y16T24,ES212,PT,79.85
2023,1.0,ICTSSHT,Y16T24,ES212,PT,66.82
2023,1.0,ICTPRGM,Y16T24,ES212,PT,16.54
2023,1.0,ICTTRFF,Y16T24,ES212,PT,70.81
2023,1.0,ICTSFWR,Y16T24,ES212,PT,78.58
2023,1.0,ICTPRVCY,Y16T24,ES212,PT,46.3
2023,1.0,,Y16T24,ES212,PT,94.65
2023,1.0,ICTCPT,Y16T24,ES213,PT,83.88
2023,1.0,ICTPST,Y16T24,ES213,PT,75.48
2023,1.0,ICTSSHT,Y16T24,ES213,PT,62.89
2023,1.0,ICTPRGM,Y16T24,ES213,PT,24.51
2023,1.0,ICTTRFF,Y16T24,ES213,PT,68.91
2023,1.0,ICTSFWR,Y16T24,ES213,PT,72.42
2023,1.0,ICTPRVCY,Y16T24,ES213,PT,51.15
2023,1.0,,Y16T24,ES213,PT,89.75
2023,1.0,ICTCPT,Y25T74,,PT,52.63
2023,1.0,ICTPST,Y25T74,,PT,35.13
2023,1.0,ICTSSHT,Y25T74,,PT,40.06
2023,1.0,ICTPRGM,Y25T74,,PT,6.32
2023,1.0,ICTTRFF,Y25T74,,PT,49.19
2023,1.0,ICTSFWR,Y25T74,,PT,51.54
2023,1.0,ICTPRVCY,Y25T74,,PT,36.35
2023,1.0,,Y25T74,,PT,69.64
2023,1.0,ICTCPT,Y25T74,ES211,PT,47.9
2023,1.0,ICTPST,Y25T74,ES211,PT,30.92
2023,1.0,ICTSSHT,Y25T74,ES211,PT,32.43
2023,1.0,ICTPRGM,Y25T74,ES211,PT,2.83
2023,1.0,ICTTRFF,Y25T74,ES211,PT,40.86
2023,1.0,ICTSFWR,Y25T74,ES211,PT,50.1
2023,1.0,ICTPRVCY,Y25T74,ES211,PT,37.15
2023,1.0,,Y25T74,ES211,PT,64.99
2023,1.0,ICTCPT,Y25T74,ES212,PT,53.59
2023,1.0,ICTPST,Y25T74,ES212,PT,38.29
2023,1.0,ICTSSHT,Y25T74,ES212,PT,42.6
2023,1.0,ICTPRGM,Y25T74,ES212,PT,7.85
2023,1.0,ICTTRFF,Y25T74,ES212,PT,49.59
2023,1.0,ICTSFWR,Y25T74,ES212,PT,51.09
2023,1.0,ICTPRVCY,Y25T74,ES212,PT,34.72
2023,1.0,,Y25T74,ES212,PT,69.92
2023,1.0,ICTCPT,Y25T74,ES213,PT,53.4
2023,1.0,ICTPST,Y25T74,ES213,PT,34.36
2023,1.0,ICTSSHT,Y25T74,ES213,PT,40.68
2023,1.0,ICTPRGM,Y25T74,ES213,PT,6.37
2023,1.0,ICTTRFF,Y25T74,ES213,PT,51.34
2023,1.0,ICTSFWR,Y25T74,ES213,PT,52.24
2023,1.0,ICTPRVCY,Y25T74,ES213,PT,37.15
2023,1.0,,Y25T74,ES213,PT,70.81
2023,2.0,ICTCPT,Y16T74,,PT,55.85
2023,2.0,ICTPST,Y16T74,,PT,41.81
2023,2.0,ICTSSHT,Y16T74,,PT,40.89
2023,2.0,ICTPRGM,Y16T74,,PT,4.42
2023,2.0,ICTTRFF,Y16T74,,PT,48.1
2023,2.0,ICTSFWR,Y16T74,,PT,49.01
2023,2.0,ICTPRVCY,Y16T74,,PT,29.31
2023,2.0,,Y16T74,,PT,70.5
2023,2.0,ICTCPT,Y16T74,ES211,PT,55.54
2023,2.0,ICTPST,Y16T74,ES211,PT,39.57
2023,2.0,ICTSSHT,Y16T74,ES211,PT,39.31
2023,2.0,ICTPRGM,Y16T74,ES211,PT,3.54
2023,2.0,ICTTRFF,Y16T74,ES211,PT,45.98
2023,2.0,ICTSFWR,Y16T74,ES211,PT,52.49
2023,2.0,ICTPRVCY,Y16T74,ES211,PT,26.0
2023,2.0,,Y16T74,ES211,PT,72.84
2023,2.0,ICTCPT,Y16T74,ES212,PT,57.09
2023,2.0,ICTPST,Y16T74,ES212,PT,42.33
2023,2.0,ICTSSHT,Y16T74,ES212,PT,43.22
2023,2.0,ICTPRGM,Y16T74,ES212,PT,3.36
2023,2.0,ICTTRFF,Y16T74,ES212,PT,49.41
2023,2.0,ICTSFWR,Y16T74,ES212,PT,46.88
2023,2.0,ICTPRVCY,Y16T74,ES212,PT,29.29
2023,2.0,,Y16T74,ES212,PT,70.91
2023,2.0,ICTCPT,Y16T74,ES213,PT,55.17
2023,2.0,ICTPST,Y16T74,ES213,PT,42.12
2023,2.0,ICTSSHT,Y16T74,ES213,PT,39.9
2023,2.0,ICTPRGM,Y16T74,ES213,PT,5.32
2023,2.0,ICTTRFF,Y16T74,ES213,PT,47.89
2023,2.0,ICTSFWR,Y16T74,ES213,PT,49.35
2023,2.0,ICTPRVCY,Y16T74,ES213,PT,30.26
2023,2.0,,Y16T74,ES213,PT,69.6
2023,2.0,ICTCPT,Y16T24,,PT,92.94
2023,2.0,ICTPST,Y16T24,,PT,90.28
2023,2.0,ICTSSHT,Y16T24,,PT,64.48
2023,2.0,ICTPRGM,Y16T24,,PT,12.07
2023,2.0,ICTTRFF,Y16T24,,PT,84.28
2023,2.0,ICTSFWR,Y16T24,,PT,79.65
2023,2.0,ICTPRVCY,Y16T24,,PT,43.67
2023,2.0,,Y16T24,,PT,98.77
2023,2.0,ICTCPT,Y16T24,ES211,PT,96.79
2023,2.0,ICTPST,Y16T24,ES211,PT,92.24
2023,2.0,ICTSSHT,Y16T24,ES211,PT,62.43
2023,2.0,ICTPRGM,Y16T24,ES211,PT,8.98
2023,2.0,ICTTRFF,Y16T24,ES211,PT,89.88
2023,2.0,ICTSFWR,Y16T24,ES211,PT,78.39
2023,2.0,ICTPRVCY,Y16T24,ES211,PT,40.89
2023,2.0,,Y16T24,ES211,PT,98.8
2023,2.0,ICTCPT,Y16T24,ES212,PT,95.08
2023,2.0,ICTPST,Y16T24,ES212,PT,91.74
2023,2.0,ICTSSHT,Y16T24,ES212,PT,73.46
2023,2.0,ICTPRGM,Y16T24,ES212,PT,8.28
2023,2.0,ICTTRFF,Y16T24,ES212,PT,82.15
2023,2.0,ICTSFWR,Y16T24,ES212,PT,80.06
2023,2.0,ICTPRVCY,Y16T24,ES212,PT,50.47
2023,2.0,,Y16T24,ES212,PT,100.0
2023,2.0,ICTCPT,Y16T24,ES213,PT,90.41
2023,2.0,ICTPST,Y16T24,ES213,PT,88.74
2023,2.0,ICTSSHT,Y16T24,ES213,PT,58.92
2023,2.0,ICTPRGM,Y16T24,ES213,PT,15.5
2023,2.0,ICTTRFF,Y16T24,ES213,PT,84.18
2023,2.0,ICTSFWR,Y16T24,ES213,PT,79.72
2023,2.0,ICTPRVCY,Y16T24,ES213,PT,39.79
2023,2.0,,Y16T24,ES213,PT,97.92
2023,2.0,ICTCPT,Y25T74,,PT,51.2
2023,2.0,ICTPST,Y25T74,,PT,35.74
2023,2.0,ICTSSHT,Y25T74,,PT,37.94
2023,2.0,ICTPRGM,Y25T74,,PT,3.46
2023,2.0,ICTTRFF,Y25T74,,PT,43.57
2023,2.0,ICTSFWR,Y25T74,,PT,45.18
2023,2.0,ICTPRVCY,Y25T74,,PT,27.52
2023,2.0,,Y25T74,,PT,66.96
2023,2.0,ICTCPT,Y25T74,ES211,PT,50.64
2023,2.0,ICTPST,Y25T74,ES211,PT,33.32
2023,2.0,ICTSSHT,Y25T74,ES211,PT,36.57
2023,2.0,ICTPRGM,Y25T74,ES211,PT,2.9
2023,2.0,ICTTRFF,Y25T74,ES211,PT,40.77
2023,2.0,ICTSFWR,Y25T74,ES211,PT,49.41
2023,2.0,ICTPRVCY,Y25T74,ES211,PT,24.23
2023,2.0,,Y25T74,ES211,PT,69.76
2023,2.0,ICTCPT,Y25T74,ES212,PT,51.94
2023,2.0,ICTPST,Y25T74,ES212,PT,35.63
2023,2.0,ICTSSHT,Y25T74,ES212,PT,39.13
2023,2.0,ICTPRGM,Y25T74,ES212,PT,2.69
2023,2.0,ICTTRFF,Y25T74,ES212,PT,44.98
2023,2.0,ICTSFWR,Y25T74,ES212,PT,42.39
2023,2.0,ICTPRVCY,Y25T74,ES212,PT,26.42
2023,2.0,,Y25T74,ES212,PT,66.96
2023,2.0,ICTCPT,Y25T74,ES213,PT,50.91
2023,2.0,ICTPST,Y25T74,ES213,PT,36.49
2023,2.0,ICTSSHT,Y25T74,ES213,PT,37.61
2023,2.0,ICTPRGM,Y25T74,ES213,PT,4.09
2023,2.0,ICTTRFF,Y25T74,ES213,PT,43.5
2023,2.0,ICTSFWR,Y25T74,ES213,PT,45.68
2023,2.0,ICTPRVCY,Y25T74,ES213,PT,29.11
2023,2.0,,Y25T74,ES213,PT,66.18
