Year,Series,Sexo,Territorio,Units,Value
2024,SL_EMP_INJUR,,,PER_100000_EMP,7304.1
2017,SL_EMP_FTLINJUR,,,PER_100000_EMP,0.8
2015,SL_EMP_INJUR,,,PER_100000_EMP,6356.3
2019,SL_EMP_FTLINJUR,,,PER_100000_EMP,0.4
2014,SL_EMP_FTLINJUR,,,PER_100000_EMP,0.2
2018,SL_EMP_INJUR,,,PER_100000_EMP,6849.5
2023,SL_EMP_INJUR,,,PER_100000_EMP,6988.6
2024,SL_EMP_FTLINJUR,,,PER_100000_EMP,0.5
2023,SL_EMP_FTLINJUR,,,PER_100000_EMP,0.4
2021,SL_EMP_INJUR,,,PER_100000_EMP,7026.7
2016,SL_EMP_FTLINJUR,,,PER_100000_EMP,0.7
2018,SL_EMP_FTLINJUR,,,PER_100000_EMP,0.3
2015,SL_EMP_FTLINJUR,,,PER_100000_EMP,0.6
2014,SL_EMP_INJUR,,,PER_100000_EMP,6008.3
2020,SL_EMP_FTLINJUR,,,PER_100000_EMP,0.6
2019,SL_EMP_INJUR,,,PER_100000_EMP,7370.6
2020,SL_EMP_INJUR,,,PER_100000_EMP,6150.9
2013,SL_EMP_FTLINJUR,,,PER_100000_EMP,0.7
2022,SL_EMP_FTLINJUR,,,PER_100000_EMP,0.5
2022,SL_EMP_INJUR,,,PER_100000_EMP,7178.9
2017,SL_EMP_INJUR,,,PER_100000_EMP,6868.8
2021,SL_EMP_FTLINJUR,,,PER_100000_EMP,0.4
2013,SL_EMP_INJUR,,,PER_100000_EMP,5944.2
2016,SL_EMP_INJUR,,,PER_100000_EMP,6598.8
2017,SL_EMP_FTLINJUR,,ES211,PER_100000_EMP,1.4
2023,SL_EMP_FTLINJUR,,ES211,PER_100000_EMP,0.0
2024,SL_EMP_FTLINJUR,,ES211,PER_100000_EMP,0.7
2015,SL_EMP_FTLINJUR,,ES211,PER_100000_EMP,0.0
2020,SL_EMP_FTLINJUR,,ES211,PER_100000_EMP,0.7
2019,SL_EMP_FTLINJUR,,ES211,PER_100000_EMP,0.7
2016,SL_EMP_INJUR,,ES211,PER_100000_EMP,8196.2
2020,SL_EMP_INJUR,,ES211,PER_100000_EMP,7085.0
2021,SL_EMP_INJUR,,ES211,PER_100000_EMP,8565.9
2014,SL_EMP_FTLINJUR,,ES211,PER_100000_EMP,0.0
2023,SL_EMP_INJUR,,ES211,PER_100000_EMP,6950.6
2013,SL_EMP_FTLINJUR,,ES211,PER_100000_EMP,0.8
2018,SL_EMP_FTLINJUR,,ES211,PER_100000_EMP,0.7
2021,SL_EMP_FTLINJUR,,ES211,PER_100000_EMP,0.7
2018,SL_EMP_INJUR,,ES211,PER_100000_EMP,8200.6
2024,SL_EMP_INJUR,,ES211,PER_100000_EMP,9923.7
2014,SL_EMP_INJUR,,ES211,PER_100000_EMP,7569.5
2016,SL_EMP_FTLINJUR,,ES211,PER_100000_EMP,0.7
2015,SL_EMP_INJUR,,ES211,PER_100000_EMP,7914.8
2017,SL_EMP_INJUR,,ES211,PER_100000_EMP,8154.9
2022,SL_EMP_INJUR,,ES211,PER_100000_EMP,8421.5
2022,SL_EMP_FTLINJUR,,ES211,PER_100000_EMP,0.7
2019,SL_EMP_INJUR,,ES211,PER_100000_EMP,9053.3
2013,SL_EMP_INJUR,,ES211,PER_100000_EMP,7277.4
2018,SL_EMP_INJUR,,ES213,PER_100000_EMP,6854.7
2021,SL_EMP_INJUR,,ES213,PER_100000_EMP,6853.3
2014,SL_EMP_FTLINJUR,,ES213,PER_100000_EMP,0.2
2018,SL_EMP_FTLINJUR,,ES213,PER_100000_EMP,0.2
2022,SL_EMP_INJUR,,ES213,PER_100000_EMP,7180.5
2015,SL_EMP_INJUR,,ES213,PER_100000_EMP,6220.8
2019,SL_EMP_INJUR,,ES213,PER_100000_EMP,7319.3
2024,SL_EMP_INJUR,,ES213,PER_100000_EMP,6991.3
2016,SL_EMP_FTLINJUR,,ES213,PER_100000_EMP,0.9
2014,SL_EMP_INJUR,,ES213,PER_100000_EMP,5835.8
2024,SL_EMP_FTLINJUR,,ES213,PER_100000_EMP,0.4
2013,SL_EMP_FTLINJUR,,ES213,PER_100000_EMP,0.7
2022,SL_EMP_FTLINJUR,,ES213,PER_100000_EMP,0.6
2021,SL_EMP_FTLINJUR,,ES213,PER_100000_EMP,0.4
2020,SL_EMP_INJUR,,ES213,PER_100000_EMP,6072.1
2013,SL_EMP_INJUR,,ES213,PER_100000_EMP,5831.4
2015,SL_EMP_FTLINJUR,,ES213,PER_100000_EMP,0.2
2017,SL_EMP_FTLINJUR,,ES213,PER_100000_EMP,0.4
2020,SL_EMP_FTLINJUR,,ES213,PER_100000_EMP,0.4
2017,SL_EMP_INJUR,,ES213,PER_100000_EMP,6948.6
2016,SL_EMP_INJUR,,ES213,PER_100000_EMP,6558.8
2023,SL_EMP_INJUR,,ES213,PER_100000_EMP,7201.9
2023,SL_EMP_FTLINJUR,,ES213,PER_100000_EMP,0.4
2019,SL_EMP_FTLINJUR,,ES213,PER_100000_EMP,0.2
2018,SL_EMP_INJUR,,ES212,PER_100000_EMP,6223.8
2013,SL_EMP_FTLINJUR,,ES212,PER_100000_EMP,0.7
2014,SL_EMP_INJUR,,ES212,PER_100000_EMP,5562.8
2013,SL_EMP_INJUR,,ES212,PER_100000_EMP,5524.2
2022,SL_EMP_INJUR,,ES212,PER_100000_EMP,6618.1
2024,SL_EMP_INJUR,,ES212,PER_100000_EMP,6597.6
2018,SL_EMP_FTLINJUR,,ES212,PER_100000_EMP,0.3
2021,SL_EMP_INJUR,,ES212,PER_100000_EMP,6587.1
2021,SL_EMP_FTLINJUR,,ES212,PER_100000_EMP,0.3
2016,SL_EMP_INJUR,,ES212,PER_100000_EMP,5942.3
2023,SL_EMP_INJUR,,ES212,PER_100000_EMP,6675.8
2016,SL_EMP_FTLINJUR,,ES212,PER_100000_EMP,0.3
2019,SL_EMP_INJUR,,ES212,PER_100000_EMP,6686.1
2015,SL_EMP_FTLINJUR,,ES212,PER_100000_EMP,1.3
2022,SL_EMP_FTLINJUR,,ES212,PER_100000_EMP,0.3
2024,SL_EMP_FTLINJUR,,ES212,PER_100000_EMP,0.6
2017,SL_EMP_FTLINJUR,,ES212,PER_100000_EMP,1.0
2015,SL_EMP_INJUR,,ES212,PER_100000_EMP,5861.2
2020,SL_EMP_FTLINJUR,,ES212,PER_100000_EMP,1.0
2017,SL_EMP_INJUR,,ES212,PER_100000_EMP,6165.6
2020,SL_EMP_INJUR,,ES212,PER_100000_EMP,5844.2
2019,SL_EMP_FTLINJUR,,ES212,PER_100000_EMP,0.6
2023,SL_EMP_FTLINJUR,,ES212,PER_100000_EMP,0.6
2014,SL_EMP_FTLINJUR,,ES212,PER_100000_EMP,0.3
2024,SL_EMP_INJUR,F,,PER_100000_EMP,4212.9
2015,SL_EMP_INJUR,F,,PER_100000_EMP,3845.6
2018,SL_EMP_INJUR,F,,PER_100000_EMP,4007.9
2018,SL_EMP_FTLINJUR,F,,PER_100000_EMP,0.0
2013,SL_EMP_FTLINJUR,F,,PER_100000_EMP,0.0
2014,SL_EMP_INJUR,F,,PER_100000_EMP,3626.9
2021,SL_EMP_INJUR,F,,PER_100000_EMP,4361.3
2017,SL_EMP_INJUR,F,,PER_100000_EMP,4012.8
2023,SL_EMP_INJUR,F,,PER_100000_EMP,3978.4
2015,SL_EMP_FTLINJUR,F,,PER_100000_EMP,0.2
2014,SL_EMP_FTLINJUR,F,,PER_100000_EMP,0.0
2020,SL_EMP_FTLINJUR,F,,PER_100000_EMP,0.2
2020,SL_EMP_INJUR,F,,PER_100000_EMP,3465.3
2022,SL_EMP_FTLINJUR,F,,PER_100000_EMP,0.4
2023,SL_EMP_FTLINJUR,F,,PER_100000_EMP,0.0
2022,SL_EMP_INJUR,F,,PER_100000_EMP,4289.3
2024,SL_EMP_FTLINJUR,F,,PER_100000_EMP,0.2
2013,SL_EMP_INJUR,F,,PER_100000_EMP,3673.5
2017,SL_EMP_FTLINJUR,F,,PER_100000_EMP,0.2
2019,SL_EMP_FTLINJUR,F,,PER_100000_EMP,0.0
2016,SL_EMP_INJUR,F,,PER_100000_EMP,3918.2
2019,SL_EMP_INJUR,F,,PER_100000_EMP,4084.5
2016,SL_EMP_FTLINJUR,F,,PER_100000_EMP,0.2
2021,SL_EMP_FTLINJUR,F,,PER_100000_EMP,0.2
2024,SL_EMP_INJUR,F,ES211,PER_100000_EMP,5878.4
2021,SL_EMP_INJUR,F,ES211,PER_100000_EMP,5917.8
2020,SL_EMP_INJUR,F,ES211,PER_100000_EMP,4131.4
2023,SL_EMP_INJUR,F,ES211,PER_100000_EMP,4375.4
2018,SL_EMP_FTLINJUR,F,ES211,PER_100000_EMP,0.0
2016,SL_EMP_FTLINJUR,F,ES211,PER_100000_EMP,0.0
2023,SL_EMP_FTLINJUR,F,ES211,PER_100000_EMP,0.0
2024,SL_EMP_FTLINJUR,F,ES211,PER_100000_EMP,0.0
2022,SL_EMP_INJUR,F,ES211,PER_100000_EMP,5025.1
2017,SL_EMP_INJUR,F,ES211,PER_100000_EMP,4724.7
2015,SL_EMP_INJUR,F,ES211,PER_100000_EMP,5205.3
2021,SL_EMP_FTLINJUR,F,ES211,PER_100000_EMP,1.5
2022,SL_EMP_FTLINJUR,F,ES211,PER_100000_EMP,0.0
2020,SL_EMP_FTLINJUR,F,ES211,PER_100000_EMP,0.0
2017,SL_EMP_FTLINJUR,F,ES211,PER_100000_EMP,1.6
2014,SL_EMP_FTLINJUR,F,ES211,PER_100000_EMP,0.0
2019,SL_EMP_INJUR,F,ES211,PER_100000_EMP,5003.0
2014,SL_EMP_INJUR,F,ES211,PER_100000_EMP,4709.6
2019,SL_EMP_FTLINJUR,F,ES211,PER_100000_EMP,0.0
2015,SL_EMP_FTLINJUR,F,ES211,PER_100000_EMP,0.0
2018,SL_EMP_INJUR,F,ES211,PER_100000_EMP,4531.4
2013,SL_EMP_FTLINJUR,F,ES211,PER_100000_EMP,0.0
2016,SL_EMP_INJUR,F,ES211,PER_100000_EMP,5000.0
2013,SL_EMP_INJUR,F,ES211,PER_100000_EMP,4591.6
2017,SL_EMP_FTLINJUR,F,ES213,PER_100000_EMP,0.0
2015,SL_EMP_FTLINJUR,F,ES213,PER_100000_EMP,0.0
2020,SL_EMP_FTLINJUR,F,ES213,PER_100000_EMP,0.0
2018,SL_EMP_FTLINJUR,F,ES213,PER_100000_EMP,0.0
2013,SL_EMP_FTLINJUR,F,ES213,PER_100000_EMP,0.0
2024,SL_EMP_FTLINJUR,F,ES213,PER_100000_EMP,0.0
2019,SL_EMP_INJUR,F,ES213,PER_100000_EMP,4146.2
2015,SL_EMP_INJUR,F,ES213,PER_100000_EMP,3840.3
2016,SL_EMP_FTLINJUR,F,ES213,PER_100000_EMP,0.4
2014,SL_EMP_FTLINJUR,F,ES213,PER_100000_EMP,0.0
2023,SL_EMP_FTLINJUR,F,ES213,PER_100000_EMP,0.0
2024,SL_EMP_INJUR,F,ES213,PER_100000_EMP,4017.7
2022,SL_EMP_FTLINJUR,F,ES213,PER_100000_EMP,0.4
2021,SL_EMP_INJUR,F,ES213,PER_100000_EMP,4246.0
2017,SL_EMP_INJUR,F,ES213,PER_100000_EMP,4204.2
2016,SL_EMP_INJUR,F,ES213,PER_100000_EMP,3907.5
2014,SL_EMP_INJUR,F,ES213,PER_100000_EMP,3579.0
2020,SL_EMP_INJUR,F,ES213,PER_100000_EMP,3469.1
2022,SL_EMP_INJUR,F,ES213,PER_100000_EMP,4328.5
2023,SL_EMP_INJUR,F,ES213,PER_100000_EMP,3996.3
2018,SL_EMP_INJUR,F,ES213,PER_100000_EMP,4183.5
2021,SL_EMP_FTLINJUR,F,ES213,PER_100000_EMP,0.0
2013,SL_EMP_INJUR,F,ES213,PER_100000_EMP,3736.0
2019,SL_EMP_FTLINJUR,F,ES213,PER_100000_EMP,0.0
2013,SL_EMP_INJUR,F,ES212,PER_100000_EMP,3188.0
2014,SL_EMP_INJUR,F,ES212,PER_100000_EMP,3227.0
2017,SL_EMP_INJUR,F,ES212,PER_100000_EMP,3395.2
2018,SL_EMP_INJUR,F,ES212,PER_100000_EMP,3490.7
2019,SL_EMP_INJUR,F,ES212,PER_100000_EMP,3579.6
2021,SL_EMP_INJUR,F,ES212,PER_100000_EMP,3845.4
2022,SL_EMP_INJUR,F,ES212,PER_100000_EMP,3900.8
2024,SL_EMP_INJUR,F,ES212,PER_100000_EMP,3781.6
2020,SL_EMP_INJUR,F,ES212,PER_100000_EMP,3168.2
2023,SL_EMP_FTLINJUR,F,ES212,PER_100000_EMP,0.0
2016,SL_EMP_INJUR,F,ES212,PER_100000_EMP,3454.7
2016,SL_EMP_FTLINJUR,F,ES212,PER_100000_EMP,0.0
2021,SL_EMP_FTLINJUR,F,ES212,PER_100000_EMP,0.0
2019,SL_EMP_FTLINJUR,F,ES212,PER_100000_EMP,0.0
2020,SL_EMP_FTLINJUR,F,ES212,PER_100000_EMP,0.7
2018,SL_EMP_FTLINJUR,F,ES212,PER_100000_EMP,0.0
2017,SL_EMP_FTLINJUR,F,ES212,PER_100000_EMP,0.0
2015,SL_EMP_INJUR,F,ES212,PER_100000_EMP,3261.3
2022,SL_EMP_FTLINJUR,F,ES212,PER_100000_EMP,0.7
2015,SL_EMP_FTLINJUR,F,ES212,PER_100000_EMP,0.7
2014,SL_EMP_FTLINJUR,F,ES212,PER_100000_EMP,0.0
2024,SL_EMP_FTLINJUR,F,ES212,PER_100000_EMP,0.6
2023,SL_EMP_INJUR,F,ES212,PER_100000_EMP,3776.6
2013,SL_EMP_FTLINJUR,F,ES212,PER_100000_EMP,0.0
2015,SL_EMP_INJUR,M,,PER_100000_EMP,8601.7
2020,SL_EMP_FTLINJUR,M,,PER_100000_EMP,1.0
2014,SL_EMP_FTLINJUR,M,,PER_100000_EMP,0.4
2020,SL_EMP_INJUR,M,,PER_100000_EMP,8606.3
2014,SL_EMP_INJUR,M,,PER_100000_EMP,8125.1
2013,SL_EMP_FTLINJUR,M,,PER_100000_EMP,1.3
2019,SL_EMP_INJUR,M,,PER_100000_EMP,10333.0
2021,SL_EMP_INJUR,M,,PER_100000_EMP,9472.5
2017,SL_EMP_INJUR,M,,PER_100000_EMP,9442.0
2018,SL_EMP_INJUR,M,,PER_100000_EMP,9401.4
2022,SL_EMP_INJUR,M,,PER_100000_EMP,9806.7
2024,SL_EMP_INJUR,M,,PER_100000_EMP,10149.5
2021,SL_EMP_FTLINJUR,M,,PER_100000_EMP,0.6
2023,SL_EMP_FTLINJUR,M,,PER_100000_EMP,0.8
2016,SL_EMP_INJUR,M,,PER_100000_EMP,9007.6
2018,SL_EMP_FTLINJUR,M,,PER_100000_EMP,0.6
2019,SL_EMP_FTLINJUR,M,,PER_100000_EMP,0.8
2013,SL_EMP_INJUR,M,,PER_100000_EMP,7924.2
2016,SL_EMP_FTLINJUR,M,,PER_100000_EMP,1.0
2022,SL_EMP_FTLINJUR,M,,PER_100000_EMP,0.6
2023,SL_EMP_INJUR,M,,PER_100000_EMP,9758.5
2017,SL_EMP_FTLINJUR,M,,PER_100000_EMP,1.2
2024,SL_EMP_FTLINJUR,M,,PER_100000_EMP,0.8
2015,SL_EMP_FTLINJUR,M,,PER_100000_EMP,0.8
2015,SL_EMP_FTLINJUR,M,ES211,PER_100000_EMP,0.0
2015,SL_EMP_INJUR,M,ES211,PER_100000_EMP,10155.4
2021,SL_EMP_FTLINJUR,M,ES211,PER_100000_EMP,0.0
2018,SL_EMP_FTLINJUR,M,ES211,PER_100000_EMP,1.3
2024,SL_EMP_FTLINJUR,M,ES211,PER_100000_EMP,1.2
2023,SL_EMP_FTLINJUR,M,ES211,PER_100000_EMP,0.0
2014,SL_EMP_INJUR,M,ES211,PER_100000_EMP,9964.5
2019,SL_EMP_INJUR,M,ES211,PER_100000_EMP,12530.8
2014,SL_EMP_FTLINJUR,M,ES211,PER_100000_EMP,0.0
2020,SL_EMP_FTLINJUR,M,ES211,PER_100000_EMP,1.3
2022,SL_EMP_INJUR,M,ES211,PER_100000_EMP,11421.9
2022,SL_EMP_FTLINJUR,M,ES211,PER_100000_EMP,1.3
2017,SL_EMP_FTLINJUR,M,ES211,PER_100000_EMP,1.3
2020,SL_EMP_INJUR,M,ES211,PER_100000_EMP,9547.7
2019,SL_EMP_FTLINJUR,M,ES211,PER_100000_EMP,1.3
2013,SL_EMP_INJUR,M,ES211,PER_100000_EMP,9472.5
2024,SL_EMP_INJUR,M,ES211,PER_100000_EMP,13494.4
2016,SL_EMP_INJUR,M,ES211,PER_100000_EMP,10880.6
2023,SL_EMP_INJUR,M,ES211,PER_100000_EMP,9205.6
2018,SL_EMP_INJUR,M,ES211,PER_100000_EMP,11434.0
2016,SL_EMP_FTLINJUR,M,ES211,PER_100000_EMP,1.4
2013,SL_EMP_FTLINJUR,M,ES211,PER_100000_EMP,1.4
2017,SL_EMP_INJUR,M,ES211,PER_100000_EMP,11100.5
2021,SL_EMP_INJUR,M,ES211,PER_100000_EMP,10857.7
2023,SL_EMP_FTLINJUR,M,ES213,PER_100000_EMP,0.8
2013,SL_EMP_FTLINJUR,M,ES213,PER_100000_EMP,1.2
2013,SL_EMP_INJUR,M,ES213,PER_100000_EMP,7673.6
2022,SL_EMP_FTLINJUR,M,ES213,PER_100000_EMP,0.8
2014,SL_EMP_INJUR,M,ES213,PER_100000_EMP,7871.4
2015,SL_EMP_INJUR,M,ES213,PER_100000_EMP,8426.4
2016,SL_EMP_INJUR,M,ES213,PER_100000_EMP,9062.4
2017,SL_EMP_INJUR,M,ES213,PER_100000_EMP,9471.9
2018,SL_EMP_INJUR,M,ES213,PER_100000_EMP,9301.5
2019,SL_EMP_INJUR,M,ES213,PER_100000_EMP,10243.5
2020,SL_EMP_INJUR,M,ES213,PER_100000_EMP,8531.5
2021,SL_EMP_INJUR,M,ES213,PER_100000_EMP,9291.6
2021,SL_EMP_FTLINJUR,M,ES213,PER_100000_EMP,0.8
2022,SL_EMP_INJUR,M,ES213,PER_100000_EMP,9836.4
2023,SL_EMP_INJUR,M,ES213,PER_100000_EMP,10203.9
2024,SL_EMP_INJUR,M,ES213,PER_100000_EMP,9722.1
2015,SL_EMP_FTLINJUR,M,ES213,PER_100000_EMP,0.4
2014,SL_EMP_FTLINJUR,M,ES213,PER_100000_EMP,0.4
2016,SL_EMP_FTLINJUR,M,ES213,PER_100000_EMP,1.2
2020,SL_EMP_FTLINJUR,M,ES213,PER_100000_EMP,0.8
2019,SL_EMP_FTLINJUR,M,ES213,PER_100000_EMP,0.4
2018,SL_EMP_FTLINJUR,M,ES213,PER_100000_EMP,0.4
2017,SL_EMP_FTLINJUR,M,ES213,PER_100000_EMP,0.8
2024,SL_EMP_FTLINJUR,M,ES213,PER_100000_EMP,0.8
2024,SL_EMP_FTLINJUR,M,ES212,PER_100000_EMP,0.6
2020,SL_EMP_FTLINJUR,M,ES212,PER_100000_EMP,1.2
2016,SL_EMP_FTLINJUR,M,ES212,PER_100000_EMP,0.6
2022,SL_EMP_INJUR,M,ES212,PER_100000_EMP,9041.0
2017,SL_EMP_INJUR,M,ES212,PER_100000_EMP,8633.8
2023,SL_EMP_FTLINJUR,M,ES212,PER_100000_EMP,1.2
2013,SL_EMP_FTLINJUR,M,ES212,PER_100000_EMP,1.3
2021,SL_EMP_FTLINJUR,M,ES212,PER_100000_EMP,0.6
2022,SL_EMP_FTLINJUR,M,ES212,PER_100000_EMP,0.0
2017,SL_EMP_FTLINJUR,M,ES212,PER_100000_EMP,1.8
2018,SL_EMP_FTLINJUR,M,ES212,PER_100000_EMP,0.6
2019,SL_EMP_FTLINJUR,M,ES212,PER_100000_EMP,1.2
2014,SL_EMP_FTLINJUR,M,ES212,PER_100000_EMP,0.6
2013,SL_EMP_INJUR,M,ES212,PER_100000_EMP,7594.0
2015,SL_EMP_INJUR,M,ES212,PER_100000_EMP,8142.6
2016,SL_EMP_INJUR,M,ES212,PER_100000_EMP,8075.8
2019,SL_EMP_INJUR,M,ES212,PER_100000_EMP,9448.5
2020,SL_EMP_INJUR,M,ES212,PER_100000_EMP,8270.8
2023,SL_EMP_INJUR,M,ES212,PER_100000_EMP,9332.9
2024,SL_EMP_INJUR,M,ES212,PER_100000_EMP,9250.7
2014,SL_EMP_INJUR,M,ES212,PER_100000_EMP,7649.1
2015,SL_EMP_FTLINJUR,M,ES212,PER_100000_EMP,1.9
2018,SL_EMP_INJUR,M,ES212,PER_100000_EMP,8624.9
2021,SL_EMP_INJUR,M,ES212,PER_100000_EMP,9100.4
